cruscotto,data,percorso,valore_json,fonte,dati_fino_a_json,licenza,licenza_url,attribuzione,nota_licenza_fonti
stablecoin_catene,2026-10-04,/0/totalCirculatingUSD/peggedUSD,5876123.390252285,https://stablecoins.llama.fi/stablecoinchains,"""Snapshot al momento del prelievo; non ricostruisce lo stato di ieri.""",Licenza dei dati terzi non verificata come aperta: valgono i termini della fonte; accesso pubblico non equivale a diritto di ripubblicazione. Codice locale originale CC0; nessuna nuova licenza applicata ai dati.,,Fonti originali,Licenza dei dati terzi non verificata come aperta: valgono i termini della fonte; accesso pubblico non equivale a diritto di ripubblicazione. Codice locale originale CC0; nessuna nuova licenza applicata ai dati.
stablecoin_catene,2026-10-04,/0/name,"""Manta""",https://stablecoins.llama.fi/stablecoinchains,"""Snapshot al momento del prelievo; non ricostruisce lo stato di ieri.""",Licenza dei dati terzi non verificata come aperta: valgono i termini della fonte; accesso pubblico non equivale a diritto di ripubblicazione. Codice locale originale CC0; nessuna nuova licenza applicata ai dati.,,Fonti originali,Licenza dei dati terzi non verificata come aperta: valgono i termini della fonte; accesso pubblico non equivale a diritto di ripubblicazione. Codice locale originale CC0; nessuna nuova licenza applicata ai dati.
stablecoin_catene,2026-10-04,/1/totalCirculatingUSD/peggedUSD,0,https://stablecoins.llama.fi/stablecoinchains,"""Snapshot al momento del prelievo; non ricostruisce lo stato di ieri.""",Licenza dei dati terzi non verificata come aperta: valgono i termini della fonte; accesso pubblico non equivale a diritto di ripubblicazione. Codice locale originale CC0; nessuna nuova licenza applicata ai dati.,,Fonti originali,Licenza dei dati terzi non verificata come aperta: valgono i termini della fonte; accesso pubblico non equivale a diritto di ripubblicazione. Codice locale originale CC0; nessuna nuova licenza applicata ai dati.
stablecoin_catene,2026-10-04,/1/name,"""ThunderCore""",https://stablecoins.llama.fi/stablecoinchains,"""Snapshot al momento del prelievo; non ricostruisce lo stato di ieri.""",Licenza dei dati terzi non verificata come aperta: valgono i termini della fonte; accesso pubblico non equivale a diritto di ripubblicazione. Codice locale originale CC0; nessuna nuova licenza applicata ai dati.,,Fonti originali,Licenza dei dati terzi non verificata come aperta: valgono i termini della fonte; accesso pubblico non equivale a diritto di ripubblicazione. Codice locale originale CC0; nessuna nuova licenza applicata ai dati.
stablecoin_catene,2026-10-04,/2/totalCirculatingUSD/peggedUSD,37259351.406837165,https://stablecoins.llama.fi/stablecoinchains,"""Snapshot al momento del prelievo; non ricostruisce lo stato di ieri.""",Licenza dei dati terzi non verificata come aperta: valgono i termini della fonte; accesso pubblico non equivale a diritto di ripubblicazione. Codice locale originale CC0; nessuna nuova licenza applicata ai dati.,,Fonti originali,Licenza dei dati terzi non verificata come aperta: valgono i termini della fonte; accesso pubblico non equivale a diritto di ripubblicazione. Codice locale originale CC0; nessuna nuova licenza applicata ai dati.
stablecoin_catene,2026-10-04,/2/name,"""Movement""",https://stablecoins.llama.fi/stablecoinchains,"""Snapshot al momento del prelievo; non ricostruisce lo stato di ieri.""",Licenza dei dati terzi non verificata come aperta: valgono i termini della fonte; accesso pubblico non equivale a diritto di ripubblicazione. Codice locale originale CC0; nessuna nuova licenza applicata ai dati.,,Fonti originali,Licenza dei dati terzi non verificata come aperta: valgono i termini della fonte; accesso pubblico non equivale a diritto di ripubblicazione. Codice locale originale CC0; nessuna nuova licenza applicata ai dati.
stablecoin_catene,2026-10-04,/3/totalCirculatingUSD/peggedUSD,32778.31116189656,https://stablecoins.llama.fi/stablecoinchains,"""Snapshot al momento del prelievo; non ricostruisce lo stato di ieri.""",Licenza dei dati terzi non verificata come aperta: valgono i termini della fonte; accesso pubblico non equivale a diritto di ripubblicazione. Codice locale originale CC0; nessuna nuova licenza applicata ai dati.,,Fonti originali,Licenza dei dati terzi non verificata come aperta: valgono i termini della fonte; accesso pubblico non equivale a diritto di ripubblicazione. Codice locale originale CC0; nessuna nuova licenza applicata ai dati.
stablecoin_catene,2026-10-04,/3/name,"""Shiden""",https://stablecoins.llama.fi/stablecoinchains,"""Snapshot al momento del prelievo; non ricostruisce lo stato di ieri.""",Licenza dei dati terzi non verificata come aperta: valgono i termini della fonte; accesso pubblico non equivale a diritto di ripubblicazione. Codice locale originale CC0; nessuna nuova licenza applicata ai dati.,,Fonti originali,Licenza dei dati terzi non verificata come aperta: valgono i termini della fonte; accesso pubblico non equivale a diritto di ripubblicazione. Codice locale originale CC0; nessuna nuova licenza applicata ai dati.
stablecoin_catene,2026-10-04,/4/totalCirculatingUSD/peggedUSD,0,https://stablecoins.llama.fi/stablecoinchains,"""Snapshot al momento del prelievo; non ricostruisce lo stato di ieri.""",Licenza dei dati terzi non verificata come aperta: valgono i termini della fonte; accesso pubblico non equivale a diritto di ripubblicazione. Codice locale originale CC0; nessuna nuova licenza applicata ai dati.,,Fonti originali,Licenza dei dati terzi non verificata come aperta: valgono i termini della fonte; accesso pubblico non equivale a diritto di ripubblicazione. Codice locale originale CC0; nessuna nuova licenza applicata ai dati.
stablecoin_catene,2026-10-04,/4/name,"""Corn""",https://stablecoins.llama.fi/stablecoinchains,"""Snapshot al momento del prelievo; non ricostruisce lo stato di ieri.""",Licenza dei dati terzi non verificata come aperta: valgono i termini della fonte; accesso pubblico non equivale a diritto di ripubblicazione. Codice locale originale CC0; nessuna nuova licenza applicata ai dati.,,Fonti originali,Licenza dei dati terzi non verificata come aperta: valgono i termini della fonte; accesso pubblico non equivale a diritto di ripubblicazione. Codice locale originale CC0; nessuna nuova licenza applicata ai dati.
stablecoin_catene,2026-10-04,/5/totalCirculatingUSD/peggedUSD,151624602.1415501,https://stablecoins.llama.fi/stablecoinchains,"""Snapshot al momento del prelievo; non ricostruisce lo stato di ieri.""",Licenza dei dati terzi non verificata come aperta: valgono i termini della fonte; accesso pubblico non equivale a diritto di ripubblicazione. Codice locale originale CC0; nessuna nuova licenza applicata ai dati.,,Fonti originali,Licenza dei dati terzi non verificata come aperta: valgono i termini della fonte; accesso pubblico non equivale a diritto di ripubblicazione. Codice locale originale CC0; nessuna nuova licenza applicata ai dati.
stablecoin_catene,2026-10-04,/5/name,"""Starknet""",https://stablecoins.llama.fi/stablecoinchains,"""Snapshot al momento del prelievo; non ricostruisce lo stato di ieri.""",Licenza dei dati terzi non verificata come aperta: valgono i termini della fonte; accesso pubblico non equivale a diritto di ripubblicazione. Codice locale originale CC0; nessuna nuova licenza applicata ai dati.,,Fonti originali,Licenza dei dati terzi non verificata come aperta: valgono i termini della fonte; accesso pubblico non equivale a diritto di ripubblicazione. Codice locale originale CC0; nessuna nuova licenza applicata ai dati.
stablecoin_catene,2026-10-04,/6/totalCirculatingUSD/peggedUSD,94237884226.3824,https://stablecoins.llama.fi/stablecoinchains,"""Snapshot al momento del prelievo; non ricostruisce lo stato di ieri.""",Licenza dei dati terzi non verificata come aperta: valgono i termini della fonte; accesso pubblico non equivale a diritto di ripubblicazione. Codice locale originale CC0; nessuna nuova licenza applicata ai dati.,,Fonti originali,Licenza dei dati terzi non verificata come aperta: valgono i termini della fonte; accesso pubblico non equivale a diritto di ripubblicazione. Codice locale originale CC0; nessuna nuova licenza applicata ai dati.
stablecoin_catene,2026-10-04,/6/totalCirculatingUSD/peggedRUB,552444457.8539367,https://stablecoins.llama.fi/stablecoinchains,"""Snapshot al momento del prelievo; non ricostruisce lo stato di ieri.""",Licenza dei dati terzi non verificata come aperta: valgono i termini della fonte; accesso pubblico non equivale a diritto di ripubblicazione. Codice locale originale CC0; nessuna nuova licenza applicata ai dati.,,Fonti originali,Licenza dei dati terzi non verificata come aperta: valgono i termini della fonte; accesso pubblico non equivale a diritto di ripubblicazione. Codice locale originale CC0; nessuna nuova licenza applicata ai dati.
stablecoin_catene,2026-10-04,/6/totalCirculatingUSD/peggedCNY,2237175,https://stablecoins.llama.fi/stablecoinchains,"""Snapshot al momento del prelievo; non ricostruisce lo stato di ieri.""",Licenza dei dati terzi non verificata come aperta: valgono i termini della fonte; accesso pubblico non equivale a diritto di ripubblicazione. Codice locale originale CC0; nessuna nuova licenza applicata ai dati.,,Fonti originali,Licenza dei dati terzi non verificata come aperta: valgono i termini della fonte; accesso pubblico non equivale a diritto di ripubblicazione. Codice locale originale CC0; nessuna nuova licenza applicata ai dati.
stablecoin_catene,2026-10-04,/6/totalCirculatingUSD/peggedEUR,6753334.458889077,https://stablecoins.llama.fi/stablecoinchains,"""Snapshot al momento del prelievo; non ricostruisce lo stato di ieri.""",Licenza dei dati terzi non verificata come aperta: valgono i termini della fonte; accesso pubblico non equivale a diritto di ripubblicazione. Codice locale originale CC0; nessuna nuova licenza applicata ai dati.,,Fonti originali,Licenza dei dati terzi non verificata come aperta: valgono i termini della fonte; accesso pubblico non equivale a diritto di ripubblicazione. Codice locale originale CC0; nessuna nuova licenza applicata ai dati.
stablecoin_catene,2026-10-04,/6/name,"""Tron""",https://stablecoins.llama.fi/stablecoinchains,"""Snapshot al momento del prelievo; non ricostruisce lo stato di ieri.""",Licenza dei dati terzi non verificata come aperta: valgono i termini della fonte; accesso pubblico non equivale a diritto di ripubblicazione. Codice locale originale CC0; nessuna nuova licenza applicata ai dati.,,Fonti originali,Licenza dei dati terzi non verificata come aperta: valgono i termini della fonte; accesso pubblico non equivale a diritto di ripubblicazione. Codice locale originale CC0; nessuna nuova licenza applicata ai dati.
stablecoin_catene,2026-10-04,/7/totalCirculatingUSD/peggedUSD,2623888.9553549886,https://stablecoins.llama.fi/stablecoinchains,"""Snapshot al momento del prelievo; non ricostruisce lo stato di ieri.""",Licenza dei dati terzi non verificata come aperta: valgono i termini della fonte; accesso pubblico non equivale a diritto di ripubblicazione. Codice locale originale CC0; nessuna nuova licenza applicata ai dati.,,Fonti originali,Licenza dei dati terzi non verificata come aperta: valgono i termini della fonte; accesso pubblico non equivale a diritto di ripubblicazione. Codice locale originale CC0; nessuna nuova licenza applicata ai dati.
stablecoin_catene,2026-10-04,/7/name,"""CORE""",https://stablecoins.llama.fi/stablecoinchains,"""Snapshot al momento del prelievo; non ricostruisce lo stato di ieri.""",Licenza dei dati terzi non verificata come aperta: valgono i termini della fonte; accesso pubblico non equivale a diritto di ripubblicazione. Codice locale originale CC0; nessuna nuova licenza applicata ai dati.,,Fonti originali,Licenza dei dati terzi non verificata come aperta: valgono i termini della fonte; accesso pubblico non equivale a diritto di ripubblicazione. Codice locale originale CC0; nessuna nuova licenza applicata ai dati.
stablecoin_catene,2026-10-04,/8/totalCirculatingUSD/peggedUSD,413011.1043138349,https://stablecoins.llama.fi/stablecoinchains,"""Snapshot al momento del prelievo; non ricostruisce lo stato di ieri.""",Licenza dei dati terzi non verificata come aperta: valgono i termini della fonte; accesso pubblico non equivale a diritto di ripubblicazione. Codice locale originale CC0; nessuna nuova licenza applicata ai dati.,,Fonti originali,Licenza dei dati terzi non verificata come aperta: valgono i termini della fonte; accesso pubblico non equivale a diritto di ripubblicazione. Codice locale originale CC0; nessuna nuova licenza applicata ai dati.
stablecoin_catene,2026-10-04,/8/name,"""ApeChain""",https://stablecoins.llama.fi/stablecoinchains,"""Snapshot al momento del prelievo; non ricostruisce lo stato di ieri.""",Licenza dei dati terzi non verificata come aperta: valgono i termini della fonte; accesso pubblico non equivale a diritto di ripubblicazione. Codice locale originale CC0; nessuna nuova licenza applicata ai dati.,,Fonti originali,Licenza dei dati terzi non verificata come aperta: valgono i termini della fonte; accesso pubblico non equivale a diritto di ripubblicazione. Codice locale originale CC0; nessuna nuova licenza applicata ai dati.
stablecoin_catene,2026-10-04,/9/totalCirculatingUSD/peggedUSD,0,https://stablecoins.llama.fi/stablecoinchains,"""Snapshot al momento del prelievo; non ricostruisce lo stato di ieri.""",Licenza dei dati terzi non verificata come aperta: valgono i termini della fonte; accesso pubblico non equivale a diritto di ripubblicazione. Codice locale originale CC0; nessuna nuova licenza applicata ai dati.,,Fonti originali,Licenza dei dati terzi non verificata come aperta: valgono i termini della fonte; accesso pubblico non equivale a diritto di ripubblicazione. Codice locale originale CC0; nessuna nuova licenza applicata ai dati.
stablecoin_catene,2026-10-04,/9/totalCirculatingUSD/peggedSGD,978249.5204590043,https://stablecoins.llama.fi/stablecoinchains,"""Snapshot al momento del prelievo; non ricostruisce lo stato di ieri.""",Licenza dei dati terzi non verificata come aperta: valgono i termini della fonte; accesso pubblico non equivale a diritto di ripubblicazione. Codice locale originale CC0; nessuna nuova licenza applicata ai dati.,,Fonti originali,Licenza dei dati terzi non verificata come aperta: valgono i termini della fonte; accesso pubblico non equivale a diritto di ripubblicazione. Codice locale originale CC0; nessuna nuova licenza applicata ai dati.
stablecoin_catene,2026-10-04,/9/name,"""Zilliqa""",https://stablecoins.llama.fi/stablecoinchains,"""Snapshot al momento del prelievo; non ricostruisce lo stato di ieri.""",Licenza dei dati terzi non verificata come aperta: valgono i termini della fonte; accesso pubblico non equivale a diritto di ripubblicazione. Codice locale originale CC0; nessuna nuova licenza applicata ai dati.,,Fonti originali,Licenza dei dati terzi non verificata come aperta: valgono i termini della fonte; accesso pubblico non equivale a diritto di ripubblicazione. Codice locale originale CC0; nessuna nuova licenza applicata ai dati.
stablecoin_catene,2026-10-04,/10/totalCirculatingUSD/peggedUSD,0,https://stablecoins.llama.fi/stablecoinchains,"""Snapshot al momento del prelievo; non ricostruisce lo stato di ieri.""",Licenza dei dati terzi non verificata come aperta: valgono i termini della fonte; accesso pubblico non equivale a diritto di ripubblicazione. Codice locale originale CC0; nessuna nuova licenza applicata ai dati.,,Fonti originali,Licenza dei dati terzi non verificata come aperta: valgono i termini della fonte; accesso pubblico non equivale a diritto di ripubblicazione. Codice locale originale CC0; nessuna nuova licenza applicata ai dati.
stablecoin_catene,2026-10-04,/10/name,"""Evmos""",https://stablecoins.llama.fi/stablecoinchains,"""Snapshot al momento del prelievo; non ricostruisce lo stato di ieri.""",Licenza dei dati terzi non verificata come aperta: valgono i termini della fonte; accesso pubblico non equivale a diritto di ripubblicazione. Codice locale originale CC0; nessuna nuova licenza applicata ai dati.,,Fonti originali,Licenza dei dati terzi non verificata come aperta: valgono i termini della fonte; accesso pubblico non equivale a diritto di ripubblicazione. Codice locale originale CC0; nessuna nuova licenza applicata ai dati.
stablecoin_catene,2026-10-04,/11/totalCirculatingUSD/peggedUSD,991537.7652807671,https://stablecoins.llama.fi/stablecoinchains,"""Snapshot al momento del prelievo; non ricostruisce lo stato di ieri.""",Licenza dei dati terzi non verificata come aperta: valgono i termini della fonte; accesso pubblico non equivale a diritto di ripubblicazione. Codice locale originale CC0; nessuna nuova licenza applicata ai dati.,,Fonti originali,Licenza dei dati terzi non verificata come aperta: valgono i termini della fonte; accesso pubblico non equivale a diritto di ripubblicazione. Codice locale originale CC0; nessuna nuova licenza applicata ai dati.
stablecoin_catene,2026-10-04,/11/name,"""Peaq""",https://stablecoins.llama.fi/stablecoinchains,"""Snapshot al momento del prelievo; non ricostruisce lo stato di ieri.""",Licenza dei dati terzi non verificata come aperta: valgono i termini della fonte; accesso pubblico non equivale a diritto di ripubblicazione. Codice locale originale CC0; nessuna nuova licenza applicata ai dati.,,Fonti originali,Licenza dei dati terzi non verificata come aperta: valgono i termini della fonte; accesso pubblico non equivale a diritto di ripubblicazione. Codice locale originale CC0; nessuna nuova licenza applicata ai dati.
stablecoin_catene,2026-10-04,/12/totalCirculatingUSD/peggedUSD,0,https://stablecoins.llama.fi/stablecoinchains,"""Snapshot al momento del prelievo; non ricostruisce lo stato di ieri.""",Licenza dei dati terzi non verificata come aperta: valgono i termini della fonte; accesso pubblico non equivale a diritto di ripubblicazione. Codice locale originale CC0; nessuna nuova licenza applicata ai dati.,,Fonti originali,Licenza dei dati terzi non verificata come aperta: valgono i termini della fonte; accesso pubblico non equivale a diritto di ripubblicazione. Codice locale originale CC0; nessuna nuova licenza applicata ai dati.
stablecoin_catene,2026-10-04,/12/name,"""Milkomeda C1""",https://stablecoins.llama.fi/stablecoinchains,"""Snapshot al momento del prelievo; non ricostruisce lo stato di ieri.""",Licenza dei dati terzi non verificata come aperta: valgono i termini della fonte; accesso pubblico non equivale a diritto di ripubblicazione. Codice locale originale CC0; nessuna nuova licenza applicata ai dati.,,Fonti originali,Licenza dei dati terzi non verificata come aperta: valgono i termini della fonte; accesso pubblico non equivale a diritto di ripubblicazione. Codice locale originale CC0; nessuna nuova licenza applicata ai dati.
stablecoin_catene,2026-10-04,/13/totalCirculatingUSD/peggedUSD,727725256.9729755,https://stablecoins.llama.fi/stablecoinchains,"""Snapshot al momento del prelievo; non ricostruisce lo stato di ieri.""",Licenza dei dati terzi non verificata come aperta: valgono i termini della fonte; accesso pubblico non equivale a diritto di ripubblicazione. Codice locale originale CC0; nessuna nuova licenza applicata ai dati.,,Fonti originali,Licenza dei dati terzi non verificata come aperta: valgono i termini della fonte; accesso pubblico non equivale a diritto di ripubblicazione. Codice locale originale CC0; nessuna nuova licenza applicata ai dati.
stablecoin_catene,2026-10-04,/13/totalCirculatingUSD/peggedEUR,1179550.7378492467,https://stablecoins.llama.fi/stablecoinchains,"""Snapshot al momento del prelievo; non ricostruisce lo stato di ieri.""",Licenza dei dati terzi non verificata come aperta: valgono i termini della fonte; accesso pubblico non equivale a diritto di ripubblicazione. Codice locale originale CC0; nessuna nuova licenza applicata ai dati.,,Fonti originali,Licenza dei dati terzi non verificata come aperta: valgono i termini della fonte; accesso pubblico non equivale a diritto di ripubblicazione. Codice locale originale CC0; nessuna nuova licenza applicata ai dati.
stablecoin_catene,2026-10-04,/13/name,"""Monad""",https://stablecoins.llama.fi/stablecoinchains,"""Snapshot al momento del prelievo; non ricostruisce lo stato di ieri.""",Licenza dei dati terzi non verificata come aperta: valgono i termini della fonte; accesso pubblico non equivale a diritto di ripubblicazione. Codice locale originale CC0; nessuna nuova licenza applicata ai dati.,,Fonti originali,Licenza dei dati terzi non verificata come aperta: valgono i termini della fonte; accesso pubblico non equivale a diritto di ripubblicazione. Codice locale originale CC0; nessuna nuova licenza applicata ai dati.
stablecoin_catene,2026-10-04,/14/totalCirculatingUSD/peggedUSD,0,https://stablecoins.llama.fi/stablecoinchains,"""Snapshot al momento del prelievo; non ricostruisce lo stato di ieri.""",Licenza dei dati terzi non verificata come aperta: valgono i termini della fonte; accesso pubblico non equivale a diritto di ripubblicazione. Codice locale originale CC0; nessuna nuova licenza applicata ai dati.,,Fonti originali,Licenza dei dati terzi non verificata come aperta: valgono i termini della fonte; accesso pubblico non equivale a diritto di ripubblicazione. Codice locale originale CC0; nessuna nuova licenza applicata ai dati.
stablecoin_catene,2026-10-04,/14/name,"""SX Network""",https://stablecoins.llama.fi/stablecoinchains,"""Snapshot al momento del prelievo; non ricostruisce lo stato di ieri.""",Licenza dei dati terzi non verificata come aperta: valgono i termini della fonte; accesso pubblico non equivale a diritto di ripubblicazione. Codice locale originale CC0; nessuna nuova licenza applicata ai dati.,,Fonti originali,Licenza dei dati terzi non verificata come aperta: valgono i termini della fonte; accesso pubblico non equivale a diritto di ripubblicazione. Codice locale originale CC0; nessuna nuova licenza applicata ai dati.
stablecoin_catene,2026-10-04,/15/totalCirculatingUSD/peggedUSD,1053537948.6537637,https://stablecoins.llama.fi/stablecoinchains,"""Snapshot al momento del prelievo; non ricostruisce lo stato di ieri.""",Licenza dei dati terzi non verificata come aperta: valgono i termini della fonte; accesso pubblico non equivale a diritto di ripubblicazione. Codice locale originale CC0; nessuna nuova licenza applicata ai dati.,,Fonti originali,Licenza dei dati terzi non verificata come aperta: valgono i termini della fonte; accesso pubblico non equivale a diritto di ripubblicazione. Codice locale originale CC0; nessuna nuova licenza applicata ai dati.
stablecoin_catene,2026-10-04,/15/name,"""Aptos""",https://stablecoins.llama.fi/stablecoinchains,"""Snapshot al momento del prelievo; non ricostruisce lo stato di ieri.""",Licenza dei dati terzi non verificata come aperta: valgono i termini della fonte; accesso pubblico non equivale a diritto di ripubblicazione. Codice locale originale CC0; nessuna nuova licenza applicata ai dati.,,Fonti originali,Licenza dei dati terzi non verificata come aperta: valgono i termini della fonte; accesso pubblico non equivale a diritto di ripubblicazione. Codice locale originale CC0; nessuna nuova licenza applicata ai dati.
stablecoin_catene,2026-10-04,/16/totalCirculatingUSD/peggedUSD,29331786.655575782,https://stablecoins.llama.fi/stablecoinchains,"""Snapshot al momento del prelievo; non ricostruisce lo stato di ieri.""",Licenza dei dati terzi non verificata come aperta: valgono i termini della fonte; accesso pubblico non equivale a diritto di ripubblicazione. Codice locale originale CC0; nessuna nuova licenza applicata ai dati.,,Fonti originali,Licenza dei dati terzi non verificata come aperta: valgono i termini della fonte; accesso pubblico non equivale a diritto di ripubblicazione. Codice locale originale CC0; nessuna nuova licenza applicata ai dati.
stablecoin_catene,2026-10-04,/16/totalCirculatingUSD/peggedCHF,3.736579985873703,https://stablecoins.llama.fi/stablecoinchains,"""Snapshot al momento del prelievo; non ricostruisce lo stato di ieri.""",Licenza dei dati terzi non verificata come aperta: valgono i termini della fonte; accesso pubblico non equivale a diritto di ripubblicazione. Codice locale originale CC0; nessuna nuova licenza applicata ai dati.,,Fonti originali,Licenza dei dati terzi non verificata come aperta: valgono i termini della fonte; accesso pubblico non equivale a diritto di ripubblicazione. Codice locale originale CC0; nessuna nuova licenza applicata ai dati.
stablecoin_catene,2026-10-04,/16/totalCirculatingUSD/peggedEUR,1.5894985649164277,https://stablecoins.llama.fi/stablecoinchains,"""Snapshot al momento del prelievo; non ricostruisce lo stato di ieri.""",Licenza dei dati terzi non verificata come aperta: valgono i termini della fonte; accesso pubblico non equivale a diritto di ripubblicazione. Codice locale originale CC0; nessuna nuova licenza applicata ai dati.,,Fonti originali,Licenza dei dati terzi non verificata come aperta: valgono i termini della fonte; accesso pubblico non equivale a diritto di ripubblicazione. Codice locale originale CC0; nessuna nuova licenza applicata ai dati.
stablecoin_catene,2026-10-04,/16/name,"""Tezos""",https://stablecoins.llama.fi/stablecoinchains,"""Snapshot al momento del prelievo; non ricostruisce lo stato di ieri.""",Licenza dei dati terzi non verificata come aperta: valgono i termini della fonte; accesso pubblico non equivale a diritto di ripubblicazione. Codice locale originale CC0; nessuna nuova licenza applicata ai dati.,,Fonti originali,Licenza dei dati terzi non verificata come aperta: valgono i termini della fonte; accesso pubblico non equivale a diritto di ripubblicazione. Codice locale originale CC0; nessuna nuova licenza applicata ai dati.
stablecoin_catene,2026-10-04,/17/totalCirculatingUSD/peggedUSD,32791186.52292271,https://stablecoins.llama.fi/stablecoinchains,"""Snapshot al momento del prelievo; non ricostruisce lo stato di ieri.""",Licenza dei dati terzi non verificata come aperta: valgono i termini della fonte; accesso pubblico non equivale a diritto di ripubblicazione. Codice locale originale CC0; nessuna nuova licenza applicata ai dati.,,Fonti originali,Licenza dei dati terzi non verificata come aperta: valgono i termini della fonte; accesso pubblico non equivale a diritto di ripubblicazione. Codice locale originale CC0; nessuna nuova licenza applicata ai dati.
stablecoin_catene,2026-10-04,/17/name,"""PulseChain""",https://stablecoins.llama.fi/stablecoinchains,"""Snapshot al momento del prelievo; non ricostruisce lo stato di ieri.""",Licenza dei dati terzi non verificata come aperta: valgono i termini della fonte; accesso pubblico non equivale a diritto di ripubblicazione. Codice locale originale CC0; nessuna nuova licenza applicata ai dati.,,Fonti originali,Licenza dei dati terzi non verificata come aperta: valgono i termini della fonte; accesso pubblico non equivale a diritto di ripubblicazione. Codice locale originale CC0; nessuna nuova licenza applicata ai dati.
stablecoin_catene,2026-10-04,/18/totalCirculatingUSD/peggedUSD,239695.90193326244,https://stablecoins.llama.fi/stablecoinchains,"""Snapshot al momento del prelievo; non ricostruisce lo stato di ieri.""",Licenza dei dati terzi non verificata come aperta: valgono i termini della fonte; accesso pubblico non equivale a diritto di ripubblicazione. Codice locale originale CC0; nessuna nuova licenza applicata ai dati.,,Fonti originali,Licenza dei dati terzi non verificata come aperta: valgono i termini della fonte; accesso pubblico non equivale a diritto di ripubblicazione. Codice locale originale CC0; nessuna nuova licenza applicata ai dati.
stablecoin_catene,2026-10-04,/18/name,"""Kusama""",https://stablecoins.llama.fi/stablecoinchains,"""Snapshot al momento del prelievo; non ricostruisce lo stato di ieri.""",Licenza dei dati terzi non verificata come aperta: valgono i termini della fonte; accesso pubblico non equivale a diritto di ripubblicazione. Codice locale originale CC0; nessuna nuova licenza applicata ai dati.,,Fonti originali,Licenza dei dati terzi non verificata come aperta: valgono i termini della fonte; accesso pubblico non equivale a diritto di ripubblicazione. Codice locale originale CC0; nessuna nuova licenza applicata ai dati.
stablecoin_catene,2026-10-04,/19/totalCirculatingUSD/peggedUSD,11317706.443693487,https://stablecoins.llama.fi/stablecoinchains,"""Snapshot al momento del prelievo; non ricostruisce lo stato di ieri.""",Licenza dei dati terzi non verificata come aperta: valgono i termini della fonte; accesso pubblico non equivale a diritto di ripubblicazione. Codice locale originale CC0; nessuna nuova licenza applicata ai dati.,,Fonti originali,Licenza dei dati terzi non verificata come aperta: valgono i termini della fonte; accesso pubblico non equivale a diritto di ripubblicazione. Codice locale originale CC0; nessuna nuova licenza applicata ai dati.
stablecoin_catene,2026-10-04,/19/name,"""Immutable zkEVM""",https://stablecoins.llama.fi/stablecoinchains,"""Snapshot al momento del prelievo; non ricostruisce lo stato di ieri.""",Licenza dei dati terzi non verificata come aperta: valgono i termini della fonte; accesso pubblico non equivale a diritto di ripubblicazione. Codice locale originale CC0; nessuna nuova licenza applicata ai dati.,,Fonti originali,Licenza dei dati terzi non verificata come aperta: valgono i termini della fonte; accesso pubblico non equivale a diritto di ripubblicazione. Codice locale originale CC0; nessuna nuova licenza applicata ai dati.
stablecoin_catene,2026-10-04,/20/totalCirculatingUSD/peggedUSD,48000119.189860046,https://stablecoins.llama.fi/stablecoinchains,"""Snapshot al momento del prelievo; non ricostruisce lo stato di ieri.""",Licenza dei dati terzi non verificata come aperta: valgono i termini della fonte; accesso pubblico non equivale a diritto di ripubblicazione. Codice locale originale CC0; nessuna nuova licenza applicata ai dati.,,Fonti originali,Licenza dei dati terzi non verificata come aperta: valgono i termini della fonte; accesso pubblico non equivale a diritto di ripubblicazione. Codice locale originale CC0; nessuna nuova licenza applicata ai dati.
stablecoin_catene,2026-10-04,/20/totalCirculatingUSD/peggedAUD,833.0974602533092,https://stablecoins.llama.fi/stablecoinchains,"""Snapshot al momento del prelievo; non ricostruisce lo stato di ieri.""",Licenza dei dati terzi non verificata come aperta: valgono i termini della fonte; accesso pubblico non equivale a diritto di ripubblicazione. Codice locale originale CC0; nessuna nuova licenza applicata ai dati.,,Fonti originali,Licenza dei dati terzi non verificata come aperta: valgono i termini della fonte; accesso pubblico non equivale a diritto di ripubblicazione. Codice locale originale CC0; nessuna nuova licenza applicata ai dati.
stablecoin_catene,2026-10-04,/20/totalCirculatingUSD/peggedCHF,59013.924096587616,https://stablecoins.llama.fi/stablecoinchains,"""Snapshot al momento del prelievo; non ricostruisce lo stato di ieri.""",Licenza dei dati terzi non verificata come aperta: valgono i termini della fonte; accesso pubblico non equivale a diritto di ripubblicazione. Codice locale originale CC0; nessuna nuova licenza applicata ai dati.,,Fonti originali,Licenza dei dati terzi non verificata come aperta: valgono i termini della fonte; accesso pubblico non equivale a diritto di ripubblicazione. Codice locale originale CC0; nessuna nuova licenza applicata ai dati.
stablecoin_catene,2026-10-04,/20/totalCirculatingUSD/peggedSGD,39043.882965544166,https://stablecoins.llama.fi/stablecoinchains,"""Snapshot al momento del prelievo; non ricostruisce lo stato di ieri.""",Licenza dei dati terzi non verificata come aperta: valgono i termini della fonte; accesso pubblico non equivale a diritto di ripubblicazione. Codice locale originale CC0; nessuna nuova licenza applicata ai dati.,,Fonti originali,Licenza dei dati terzi non verificata come aperta: valgono i termini della fonte; accesso pubblico non equivale a diritto di ripubblicazione. Codice locale originale CC0; nessuna nuova licenza applicata ai dati.
stablecoin_catene,2026-10-04,/20/name,"""Hedera""",https://stablecoins.llama.fi/stablecoinchains,"""Snapshot al momento del prelievo; non ricostruisce lo stato di ieri.""",Licenza dei dati terzi non verificata come aperta: valgono i termini della fonte; accesso pubblico non equivale a diritto di ripubblicazione. Codice locale originale CC0; nessuna nuova licenza applicata ai dati.,,Fonti originali,Licenza dei dati terzi non verificata come aperta: valgono i termini della fonte; accesso pubblico non equivale a diritto di ripubblicazione. Codice locale originale CC0; nessuna nuova licenza applicata ai dati.
stablecoin_catene,2026-10-04,/21/totalCirculatingUSD/peggedUSD,53742050.684120744,https://stablecoins.llama.fi/stablecoinchains,"""Snapshot al momento del prelievo; non ricostruisce lo stato di ieri.""",Licenza dei dati terzi non verificata come aperta: valgono i termini della fonte; accesso pubblico non equivale a diritto di ripubblicazione. Codice locale originale CC0; nessuna nuova licenza applicata ai dati.,,Fonti originali,Licenza dei dati terzi non verificata come aperta: valgono i termini della fonte; accesso pubblico non equivale a diritto di ripubblicazione. Codice locale originale CC0; nessuna nuova licenza applicata ai dati.
stablecoin_catene,2026-10-04,/21/totalCirculatingUSD/peggedEUR,768152.391263731,https://stablecoins.llama.fi/stablecoinchains,"""Snapshot al momento del prelievo; non ricostruisce lo stato di ieri.""",Licenza dei dati terzi non verificata come aperta: valgono i termini della fonte; accesso pubblico non equivale a diritto di ripubblicazione. Codice locale originale CC0; nessuna nuova licenza applicata ai dati.,,Fonti originali,Licenza dei dati terzi non verificata come aperta: valgono i termini della fonte; accesso pubblico non equivale a diritto di ripubblicazione. Codice locale originale CC0; nessuna nuova licenza applicata ai dati.
stablecoin_catene,2026-10-04,/21/name,"""Algorand""",https://stablecoins.llama.fi/stablecoinchains,"""Snapshot al momento del prelievo; non ricostruisce lo stato di ieri.""",Licenza dei dati terzi non verificata come aperta: valgono i termini della fonte; accesso pubblico non equivale a diritto di ripubblicazione. Codice locale originale CC0; nessuna nuova licenza applicata ai dati.,,Fonti originali,Licenza dei dati terzi non verificata come aperta: valgono i termini della fonte; accesso pubblico non equivale a diritto di ripubblicazione. Codice locale originale CC0; nessuna nuova licenza applicata ai dati.
stablecoin_catene,2026-10-04,/22/totalCirculatingUSD/peggedUSD,990.7025443343408,https://stablecoins.llama.fi/stablecoinchains,"""Snapshot al momento del prelievo; non ricostruisce lo stato di ieri.""",Licenza dei dati terzi non verificata come aperta: valgono i termini della fonte; accesso pubblico non equivale a diritto di ripubblicazione. Codice locale originale CC0; nessuna nuova licenza applicata ai dati.,,Fonti originali,Licenza dei dati terzi non verificata come aperta: valgono i termini della fonte; accesso pubblico non equivale a diritto di ripubblicazione. Codice locale originale CC0; nessuna nuova licenza applicata ai dati.
stablecoin_catene,2026-10-04,/22/totalCirculatingUSD/peggedVAR,0,https://stablecoins.llama.fi/stablecoinchains,"""Snapshot al momento del prelievo; non ricostruisce lo stato di ieri.""",Licenza dei dati terzi non verificata come aperta: valgono i termini della fonte; accesso pubblico non equivale a diritto di ripubblicazione. Codice locale originale CC0; nessuna nuova licenza applicata ai dati.,,Fonti originali,Licenza dei dati terzi non verificata come aperta: valgono i termini della fonte; accesso pubblico non equivale a diritto di ripubblicazione. Codice locale originale CC0; nessuna nuova licenza applicata ai dati.
stablecoin_catene,2026-10-04,/22/name,"""Loopring""",https://stablecoins.llama.fi/stablecoinchains,"""Snapshot al momento del prelievo; non ricostruisce lo stato di ieri.""",Licenza dei dati terzi non verificata come aperta: valgono i termini della fonte; accesso pubblico non equivale a diritto di ripubblicazione. Codice locale originale CC0; nessuna nuova licenza applicata ai dati.,,Fonti originali,Licenza dei dati terzi non verificata come aperta: valgono i termini della fonte; accesso pubblico non equivale a diritto di ripubblicazione. Codice locale originale CC0; nessuna nuova licenza applicata ai dati.
stablecoin_catene,2026-10-04,/23/totalCirculatingUSD/peggedUSD,2940259563.0151725,https://stablecoins.llama.fi/stablecoinchains,"""Snapshot al momento del prelievo; non ricostruisce lo stato di ieri.""",Licenza dei dati terzi non verificata come aperta: valgono i termini della fonte; accesso pubblico non equivale a diritto di ripubblicazione. Codice locale originale CC0; nessuna nuova licenza applicata ai dati.,,Fonti originali,Licenza dei dati terzi non verificata come aperta: valgono i termini della fonte; accesso pubblico non equivale a diritto di ripubblicazione. Codice locale originale CC0; nessuna nuova licenza applicata ai dati.
stablecoin_catene,2026-10-04,/23/totalCirculatingUSD/peggedVAR,10653.443093768738,https://stablecoins.llama.fi/stablecoinchains,"""Snapshot al momento del prelievo; non ricostruisce lo stato di ieri.""",Licenza dei dati terzi non verificata come aperta: valgono i termini della fonte; accesso pubblico non equivale a diritto di ripubblicazione. Codice locale originale CC0; nessuna nuova licenza applicata ai dati.,,Fonti originali,Licenza dei dati terzi non verificata come aperta: valgono i termini della fonte; accesso pubblico non equivale a diritto di ripubblicazione. Codice locale originale CC0; nessuna nuova licenza applicata ai dati.
stablecoin_catene,2026-10-04,/23/totalCirculatingUSD/peggedEUR,7714692.994799953,https://stablecoins.llama.fi/stablecoinchains,"""Snapshot al momento del prelievo; non ricostruisce lo stato di ieri.""",Licenza dei dati terzi non verificata come aperta: valgono i termini della fonte; accesso pubblico non equivale a diritto di ripubblicazione. Codice locale originale CC0; nessuna nuova licenza applicata ai dati.,,Fonti originali,Licenza dei dati terzi non verificata come aperta: valgono i termini della fonte; accesso pubblico non equivale a diritto di ripubblicazione. Codice locale originale CC0; nessuna nuova licenza applicata ai dati.
stablecoin_catene,2026-10-04,/23/totalCirculatingUSD/peggedUAH,3119.5676024713775,https://stablecoins.llama.fi/stablecoinchains,"""Snapshot al momento del prelievo; non ricostruisce lo stato di ieri.""",Licenza dei dati terzi non verificata come aperta: valgono i termini della fonte; accesso pubblico non equivale a diritto di ripubblicazione. Codice locale originale CC0; nessuna nuova licenza applicata ai dati.,,Fonti originali,Licenza dei dati terzi non verificata come aperta: valgono i termini della fonte; accesso pubblico non equivale a diritto di ripubblicazione. Codice locale originale CC0; nessuna nuova licenza applicata ai dati.
stablecoin_catene,2026-10-04,/23/totalCirculatingUSD/peggedARS,26643.323023706143,https://stablecoins.llama.fi/stablecoinchains,"""Snapshot al momento del prelievo; non ricostruisce lo stato di ieri.""",Licenza dei dati terzi non verificata come aperta: valgono i termini della fonte; accesso pubblico non equivale a diritto di ripubblicazione. Codice locale originale CC0; nessuna nuova licenza applicata ai dati.,,Fonti originali,Licenza dei dati terzi non verificata come aperta: valgono i termini della fonte; accesso pubblico non equivale a diritto di ripubblicazione. Codice locale originale CC0; nessuna nuova licenza applicata ai dati.
stablecoin_catene,2026-10-04,/23/totalCirculatingUSD/peggedGBP,119063.06393945489,https://stablecoins.llama.fi/stablecoinchains,"""Snapshot al momento del prelievo; non ricostruisce lo stato di ieri.""",Licenza dei dati terzi non verificata come aperta: valgono i termini della fonte; accesso pubblico non equivale a diritto di ripubblicazione. Codice locale originale CC0; nessuna nuova licenza applicata ai dati.,,Fonti originali,Licenza dei dati terzi non verificata come aperta: valgono i termini della fonte; accesso pubblico non equivale a diritto di ripubblicazione. Codice locale originale CC0; nessuna nuova licenza applicata ai dati.
stablecoin_catene,2026-10-04,/23/totalCirculatingUSD/peggedCAD,47690.43213251808,https://stablecoins.llama.fi/stablecoinchains,"""Snapshot al momento del prelievo; non ricostruisce lo stato di ieri.""",Licenza dei dati terzi non verificata come aperta: valgono i termini della fonte; accesso pubblico non equivale a diritto di ripubblicazione. Codice locale originale CC0; nessuna nuova licenza applicata ai dati.,,Fonti originali,Licenza dei dati terzi non verificata come aperta: valgono i termini della fonte; accesso pubblico non equivale a diritto di ripubblicazione. Codice locale originale CC0; nessuna nuova licenza applicata ai dati.
stablecoin_catene,2026-10-04,/23/totalCirculatingUSD/peggedCHF,92019.86467566687,https://stablecoins.llama.fi/stablecoinchains,"""Snapshot al momento del prelievo; non ricostruisce lo stato di ieri.""",Licenza dei dati terzi non verificata come aperta: valgono i termini della fonte; accesso pubblico non equivale a diritto di ripubblicazione. Codice locale originale CC0; nessuna nuova licenza applicata ai dati.,,Fonti originali,Licenza dei dati terzi non verificata come aperta: valgono i termini della fonte; accesso pubblico non equivale a diritto di ripubblicazione. Codice locale originale CC0; nessuna nuova licenza applicata ai dati.
stablecoin_catene,2026-10-04,/23/totalCirculatingUSD/peggedSGD,1573186.8912187058,https://stablecoins.llama.fi/stablecoinchains,"""Snapshot al momento del prelievo; non ricostruisce lo stato di ieri.""",Licenza dei dati terzi non verificata come aperta: valgono i termini della fonte; accesso pubblico non equivale a diritto di ripubblicazione. Codice locale originale CC0; nessuna nuova licenza applicata ai dati.,,Fonti originali,Licenza dei dati terzi non verificata come aperta: valgono i termini della fonte; accesso pubblico non equivale a diritto di ripubblicazione. Codice locale originale CC0; nessuna nuova licenza applicata ai dati.
stablecoin_catene,2026-10-04,/23/totalCirculatingUSD/peggedTRY,343723.33507465327,https://stablecoins.llama.fi/stablecoinchains,"""Snapshot al momento del prelievo; non ricostruisce lo stato di ieri.""",Licenza dei dati terzi non verificata come aperta: valgono i termini della fonte; accesso pubblico non equivale a diritto di ripubblicazione. Codice locale originale CC0; nessuna nuova licenza applicata ai dati.,,Fonti originali,Licenza dei dati terzi non verificata come aperta: valgono i termini della fonte; accesso pubblico non equivale a diritto di ripubblicazione. Codice locale originale CC0; nessuna nuova licenza applicata ai dati.
stablecoin_catene,2026-10-04,/23/totalCirculatingUSD/peggedREAL,3964446.8668676075,https://stablecoins.llama.fi/stablecoinchains,"""Snapshot al momento del prelievo; non ricostruisce lo stato di ieri.""",Licenza dei dati terzi non verificata come aperta: valgono i termini della fonte; accesso pubblico non equivale a diritto di ripubblicazione. Codice locale originale CC0; nessuna nuova licenza applicata ai dati.,,Fonti originali,Licenza dei dati terzi non verificata come aperta: valgono i termini della fonte; accesso pubblico non equivale a diritto di ripubblicazione. Codice locale originale CC0; nessuna nuova licenza applicata ai dati.
stablecoin_catene,2026-10-04,/23/totalCirculatingUSD/peggedJPY,11935234.43129913,https://stablecoins.llama.fi/stablecoinchains,"""Snapshot al momento del prelievo; non ricostruisce lo stato di ieri.""",Licenza dei dati terzi non verificata come aperta: valgono i termini della fonte; accesso pubblico non equivale a diritto di ripubblicazione. Codice locale originale CC0; nessuna nuova licenza applicata ai dati.,,Fonti originali,Licenza dei dati terzi non verificata come aperta: valgono i termini della fonte; accesso pubblico non equivale a diritto di ripubblicazione. Codice locale originale CC0; nessuna nuova licenza applicata ai dati.
stablecoin_catene,2026-10-04,/23/totalCirculatingUSD/peggedCLP,4933.082696125771,https://stablecoins.llama.fi/stablecoinchains,"""Snapshot al momento del prelievo; non ricostruisce lo stato di ieri.""",Licenza dei dati terzi non verificata come aperta: valgono i termini della fonte; accesso pubblico non equivale a diritto di ripubblicazione. Codice locale originale CC0; nessuna nuova licenza applicata ai dati.,,Fonti originali,Licenza dei dati terzi non verificata come aperta: valgono i termini della fonte; accesso pubblico non equivale a diritto di ripubblicazione. Codice locale originale CC0; nessuna nuova licenza applicata ai dati.
stablecoin_catene,2026-10-04,/23/totalCirculatingUSD/peggedCOP,6962.7691783515065,https://stablecoins.llama.fi/stablecoinchains,"""Snapshot al momento del prelievo; non ricostruisce lo stato di ieri.""",Licenza dei dati terzi non verificata come aperta: valgono i termini della fonte; accesso pubblico non equivale a diritto di ripubblicazione. Codice locale originale CC0; nessuna nuova licenza applicata ai dati.,,Fonti originali,Licenza dei dati terzi non verificata come aperta: valgono i termini della fonte; accesso pubblico non equivale a diritto di ripubblicazione. Codice locale originale CC0; nessuna nuova licenza applicata ai dati.
stablecoin_catene,2026-10-04,/23/totalCirculatingUSD/peggedMXN,4761.35005594031,https://stablecoins.llama.fi/stablecoinchains,"""Snapshot al momento del prelievo; non ricostruisce lo stato di ieri.""",Licenza dei dati terzi non verificata come aperta: valgono i termini della fonte; accesso pubblico non equivale a diritto di ripubblicazione. Codice locale originale CC0; nessuna nuova licenza applicata ai dati.,,Fonti originali,Licenza dei dati terzi non verificata come aperta: valgono i termini della fonte; accesso pubblico non equivale a diritto di ripubblicazione. Codice locale originale CC0; nessuna nuova licenza applicata ai dati.
stablecoin_catene,2026-10-04,/23/totalCirculatingUSD/peggedPEN,1253.2151344791614,https://stablecoins.llama.fi/stablecoinchains,"""Snapshot al momento del prelievo; non ricostruisce lo stato di ieri.""",Licenza dei dati terzi non verificata come aperta: valgono i termini della fonte; accesso pubblico non equivale a diritto di ripubblicazione. Codice locale originale CC0; nessuna nuova licenza applicata ai dati.,,Fonti originali,Licenza dei dati terzi non verificata come aperta: valgono i termini della fonte; accesso pubblico non equivale a diritto di ripubblicazione. Codice locale originale CC0; nessuna nuova licenza applicata ai dati.
stablecoin_catene,2026-10-04,/23/totalCirculatingUSD/peggedAUD,506323.9500443412,https://stablecoins.llama.fi/stablecoinchains,"""Snapshot al momento del prelievo; non ricostruisce lo stato di ieri.""",Licenza dei dati terzi non verificata come aperta: valgono i termini della fonte; accesso pubblico non equivale a diritto di ripubblicazione. Codice locale originale CC0; nessuna nuova licenza applicata ai dati.,,Fonti originali,Licenza dei dati terzi non verificata come aperta: valgono i termini della fonte; accesso pubblico non equivale a diritto di ripubblicazione. Codice locale originale CC0; nessuna nuova licenza applicata ai dati.
stablecoin_catene,2026-10-04,/23/totalCirculatingUSD/peggedKRW,25533.535066331704,https://stablecoins.llama.fi/stablecoinchains,"""Snapshot al momento del prelievo; non ricostruisce lo stato di ieri.""",Licenza dei dati terzi non verificata come aperta: valgono i termini della fonte; accesso pubblico non equivale a diritto di ripubblicazione. Codice locale originale CC0; nessuna nuova licenza applicata ai dati.,,Fonti originali,Licenza dei dati terzi non verificata come aperta: valgono i termini della fonte; accesso pubblico non equivale a diritto di ripubblicazione. Codice locale originale CC0; nessuna nuova licenza applicata ai dati.
stablecoin_catene,2026-10-04,/23/name,"""Polygon""",https://stablecoins.llama.fi/stablecoinchains,"""Snapshot al momento del prelievo; non ricostruisce lo stato di ieri.""",Licenza dei dati terzi non verificata come aperta: valgono i termini della fonte; accesso pubblico non equivale a diritto di ripubblicazione. Codice locale originale CC0; nessuna nuova licenza applicata ai dati.,,Fonti originali,Licenza dei dati terzi non verificata come aperta: valgono i termini della fonte; accesso pubblico non equivale a diritto di ripubblicazione. Codice locale originale CC0; nessuna nuova licenza applicata ai dati.
stablecoin_catene,2026-10-04,/24/totalCirculatingUSD/peggedUSD,0,https://stablecoins.llama.fi/stablecoinchains,"""Snapshot al momento del prelievo; non ricostruisce lo stato di ieri.""",Licenza dei dati terzi non verificata come aperta: valgono i termini della fonte; accesso pubblico non equivale a diritto di ripubblicazione. Codice locale originale CC0; nessuna nuova licenza applicata ai dati.,,Fonti originali,Licenza dei dati terzi non verificata come aperta: valgono i termini della fonte; accesso pubblico non equivale a diritto di ripubblicazione. Codice locale originale CC0; nessuna nuova licenza applicata ai dati.
stablecoin_catene,2026-10-04,/24/name,"""DefiChain""",https://stablecoins.llama.fi/stablecoinchains,"""Snapshot al momento del prelievo; non ricostruisce lo stato di ieri.""",Licenza dei dati terzi non verificata come aperta: valgono i termini della fonte; accesso pubblico non equivale a diritto di ripubblicazione. Codice locale originale CC0; nessuna nuova licenza applicata ai dati.,,Fonti originali,Licenza dei dati terzi non verificata come aperta: valgono i termini della fonte; accesso pubblico non equivale a diritto di ripubblicazione. Codice locale originale CC0; nessuna nuova licenza applicata ai dati.
stablecoin_catene,2026-10-04,/25/totalCirculatingUSD/peggedUSD,654531.20461586,https://stablecoins.llama.fi/stablecoinchains,"""Snapshot al momento del prelievo; non ricostruisce lo stato di ieri.""",Licenza dei dati terzi non verificata come aperta: valgono i termini della fonte; accesso pubblico non equivale a diritto di ripubblicazione. Codice locale originale CC0; nessuna nuova licenza applicata ai dati.,,Fonti originali,Licenza dei dati terzi non verificata come aperta: valgono i termini della fonte; accesso pubblico non equivale a diritto di ripubblicazione. Codice locale originale CC0; nessuna nuova licenza applicata ai dati.
stablecoin_catene,2026-10-04,/25/name,"""MANTRA""",https://stablecoins.llama.fi/stablecoinchains,"""Snapshot al momento del prelievo; non ricostruisce lo stato di ieri.""",Licenza dei dati terzi non verificata come aperta: valgono i termini della fonte; accesso pubblico non equivale a diritto di ripubblicazione. Codice locale originale CC0; nessuna nuova licenza applicata ai dati.,,Fonti originali,Licenza dei dati terzi non verificata come aperta: valgono i termini della fonte; accesso pubblico non equivale a diritto di ripubblicazione. Codice locale originale CC0; nessuna nuova licenza applicata ai dati.
stablecoin_catene,2026-10-04,/26/totalCirculatingUSD/peggedUSD,31669936.361885164,https://stablecoins.llama.fi/stablecoinchains,"""Snapshot al momento del prelievo; non ricostruisce lo stato di ieri.""",Licenza dei dati terzi non verificata come aperta: valgono i termini della fonte; accesso pubblico non equivale a diritto di ripubblicazione. Codice locale originale CC0; nessuna nuova licenza applicata ai dati.,,Fonti originali,Licenza dei dati terzi non verificata come aperta: valgono i termini della fonte; accesso pubblico non equivale a diritto di ripubblicazione. Codice locale originale CC0; nessuna nuova licenza applicata ai dati.
stablecoin_catene,2026-10-04,/26/name,"""Unichain""",https://stablecoins.llama.fi/stablecoinchains,"""Snapshot al momento del prelievo; non ricostruisce lo stato di ieri.""",Licenza dei dati terzi non verificata come aperta: valgono i termini della fonte; accesso pubblico non equivale a diritto di ripubblicazione. Codice locale originale CC0; nessuna nuova licenza applicata ai dati.,,Fonti originali,Licenza dei dati terzi non verificata come aperta: valgono i termini della fonte; accesso pubblico non equivale a diritto di ripubblicazione. Codice locale originale CC0; nessuna nuova licenza applicata ai dati.
stablecoin_catene,2026-10-04,/27/totalCirculatingUSD/peggedUSD,6144118.970179463,https://stablecoins.llama.fi/stablecoinchains,"""Snapshot al momento del prelievo; non ricostruisce lo stato di ieri.""",Licenza dei dati terzi non verificata come aperta: valgono i termini della fonte; accesso pubblico non equivale a diritto di ripubblicazione. Codice locale originale CC0; nessuna nuova licenza applicata ai dati.,,Fonti originali,Licenza dei dati terzi non verificata come aperta: valgono i termini della fonte; accesso pubblico non equivale a diritto di ripubblicazione. Codice locale originale CC0; nessuna nuova licenza applicata ai dati.
stablecoin_catene,2026-10-04,/27/name,"""Metis""",https://stablecoins.llama.fi/stablecoinchains,"""Snapshot al momento del prelievo; non ricostruisce lo stato di ieri.""",Licenza dei dati terzi non verificata come aperta: valgono i termini della fonte; accesso pubblico non equivale a diritto di ripubblicazione. Codice locale originale CC0; nessuna nuova licenza applicata ai dati.,,Fonti originali,Licenza dei dati terzi non verificata come aperta: valgono i termini della fonte; accesso pubblico non equivale a diritto di ripubblicazione. Codice locale originale CC0; nessuna nuova licenza applicata ai dati.
stablecoin_catene,2026-10-04,/28/totalCirculatingUSD/peggedUSD,792746.013077401,https://stablecoins.llama.fi/stablecoinchains,"""Snapshot al momento del prelievo; non ricostruisce lo stato di ieri.""",Licenza dei dati terzi non verificata come aperta: valgono i termini della fonte; accesso pubblico non equivale a diritto di ripubblicazione. Codice locale originale CC0; nessuna nuova licenza applicata ai dati.,,Fonti originali,Licenza dei dati terzi non verificata come aperta: valgono i termini della fonte; accesso pubblico non equivale a diritto di ripubblicazione. Codice locale originale CC0; nessuna nuova licenza applicata ai dati.
stablecoin_catene,2026-10-04,/28/name,"""Wanchain""",https://stablecoins.llama.fi/stablecoinchains,"""Snapshot al momento del prelievo; non ricostruisce lo stato di ieri.""",Licenza dei dati terzi non verificata come aperta: valgono i termini della fonte; accesso pubblico non equivale a diritto di ripubblicazione. Codice locale originale CC0; nessuna nuova licenza applicata ai dati.,,Fonti originali,Licenza dei dati terzi non verificata come aperta: valgono i termini della fonte; accesso pubblico non equivale a diritto di ripubblicazione. Codice locale originale CC0; nessuna nuova licenza applicata ai dati.
stablecoin_catene,2026-10-04,/29/totalCirculatingUSD/peggedUSD,67403110.38669674,https://stablecoins.llama.fi/stablecoinchains,"""Snapshot al momento del prelievo; non ricostruisce lo stato di ieri.""",Licenza dei dati terzi non verificata come aperta: valgono i termini della fonte; accesso pubblico non equivale a diritto di ripubblicazione. Codice locale originale CC0; nessuna nuova licenza applicata ai dati.,,Fonti originali,Licenza dei dati terzi non verificata come aperta: valgono i termini della fonte; accesso pubblico non equivale a diritto di ripubblicazione. Codice locale originale CC0; nessuna nuova licenza applicata ai dati.
stablecoin_catene,2026-10-04,/29/name,"""Kava""",https://stablecoins.llama.fi/stablecoinchains,"""Snapshot al momento del prelievo; non ricostruisce lo stato di ieri.""",Licenza dei dati terzi non verificata come aperta: valgono i termini della fonte; accesso pubblico non equivale a diritto di ripubblicazione. Codice locale originale CC0; nessuna nuova licenza applicata ai dati.,,Fonti originali,Licenza dei dati terzi non verificata come aperta: valgono i termini della fonte; accesso pubblico non equivale a diritto di ripubblicazione. Codice locale originale CC0; nessuna nuova licenza applicata ai dati.
stablecoin_catene,2026-10-04,/30/totalCirculatingUSD/peggedUSD,0,https://stablecoins.llama.fi/stablecoinchains,"""Snapshot al momento del prelievo; non ricostruisce lo stato di ieri.""",Licenza dei dati terzi non verificata come aperta: valgono i termini della fonte; accesso pubblico non equivale a diritto di ripubblicazione. Codice locale originale CC0; nessuna nuova licenza applicata ai dati.,,Fonti originali,Licenza dei dati terzi non verificata come aperta: valgono i termini della fonte; accesso pubblico non equivale a diritto di ripubblicazione. Codice locale originale CC0; nessuna nuova licenza applicata ai dati.
stablecoin_catene,2026-10-04,/30/name,"""Ontology""",https://stablecoins.llama.fi/stablecoinchains,"""Snapshot al momento del prelievo; non ricostruisce lo stato di ieri.""",Licenza dei dati terzi non verificata come aperta: valgono i termini della fonte; accesso pubblico non equivale a diritto di ripubblicazione. Codice locale originale CC0; nessuna nuova licenza applicata ai dati.,,Fonti originali,Licenza dei dati terzi non verificata come aperta: valgono i termini della fonte; accesso pubblico non equivale a diritto di ripubblicazione. Codice locale originale CC0; nessuna nuova licenza applicata ai dati.
stablecoin_catene,2026-10-04,/31/totalCirculatingUSD/peggedUSD,170472671.2397521,https://stablecoins.llama.fi/stablecoinchains,"""Snapshot al momento del prelievo; non ricostruisce lo stato di ieri.""",Licenza dei dati terzi non verificata come aperta: valgono i termini della fonte; accesso pubblico non equivale a diritto di ripubblicazione. Codice locale originale CC0; nessuna nuova licenza applicata ai dati.,,Fonti originali,Licenza dei dati terzi non verificata come aperta: valgono i termini della fonte; accesso pubblico non equivale a diritto di ripubblicazione. Codice locale originale CC0; nessuna nuova licenza applicata ai dati.
stablecoin_catene,2026-10-04,/31/name,"""Ink""",https://stablecoins.llama.fi/stablecoinchains,"""Snapshot al momento del prelievo; non ricostruisce lo stato di ieri.""",Licenza dei dati terzi non verificata come aperta: valgono i termini della fonte; accesso pubblico non equivale a diritto di ripubblicazione. Codice locale originale CC0; nessuna nuova licenza applicata ai dati.,,Fonti originali,Licenza dei dati terzi non verificata come aperta: valgono i termini della fonte; accesso pubblico non equivale a diritto di ripubblicazione. Codice locale originale CC0; nessuna nuova licenza applicata ai dati.
stablecoin_catene,2026-10-04,/32/totalCirculatingUSD/peggedUSD,242179874.96346468,https://stablecoins.llama.fi/stablecoinchains,"""Snapshot al momento del prelievo; non ricostruisce lo stato di ieri.""",Licenza dei dati terzi non verificata come aperta: valgono i termini della fonte; accesso pubblico non equivale a diritto di ripubblicazione. Codice locale originale CC0; nessuna nuova licenza applicata ai dati.,,Fonti originali,Licenza dei dati terzi non verificata come aperta: valgono i termini della fonte; accesso pubblico non equivale a diritto di ripubblicazione. Codice locale originale CC0; nessuna nuova licenza applicata ai dati.
stablecoin_catene,2026-10-04,/32/totalCirculatingUSD/peggedJPY,4516302.186198856,https://stablecoins.llama.fi/stablecoinchains,"""Snapshot al momento del prelievo; non ricostruisce lo stato di ieri.""",Licenza dei dati terzi non verificata come aperta: valgono i termini della fonte; accesso pubblico non equivale a diritto di ripubblicazione. Codice locale originale CC0; nessuna nuova licenza applicata ai dati.,,Fonti originali,Licenza dei dati terzi non verificata come aperta: valgono i termini della fonte; accesso pubblico non equivale a diritto di ripubblicazione. Codice locale originale CC0; nessuna nuova licenza applicata ai dati.
stablecoin_catene,2026-10-04,/32/name,"""Kaia""",https://stablecoins.llama.fi/stablecoinchains,"""Snapshot al momento del prelievo; non ricostruisce lo stato di ieri.""",Licenza dei dati terzi non verificata come aperta: valgono i termini della fonte; accesso pubblico non equivale a diritto di ripubblicazione. Codice locale originale CC0; nessuna nuova licenza applicata ai dati.,,Fonti originali,Licenza dei dati terzi non verificata come aperta: valgono i termini della fonte; accesso pubblico non equivale a diritto di ripubblicazione. Codice locale originale CC0; nessuna nuova licenza applicata ai dati.
stablecoin_catene,2026-10-04,/33/totalCirculatingUSD/peggedUSD,2140.591043264183,https://stablecoins.llama.fi/stablecoinchains,"""Snapshot al momento del prelievo; non ricostruisce lo stato di ieri.""",Licenza dei dati terzi non verificata come aperta: valgono i termini della fonte; accesso pubblico non equivale a diritto di ripubblicazione. Codice locale originale CC0; nessuna nuova licenza applicata ai dati.,,Fonti originali,Licenza dei dati terzi non verificata come aperta: valgono i termini della fonte; accesso pubblico non equivale a diritto di ripubblicazione. Codice locale originale CC0; nessuna nuova licenza applicata ai dati.
stablecoin_catene,2026-10-04,/33/name,"""Reinetwork""",https://stablecoins.llama.fi/stablecoinchains,"""Snapshot al momento del prelievo; non ricostruisce lo stato di ieri.""",Licenza dei dati terzi non verificata come aperta: valgono i termini della fonte; accesso pubblico non equivale a diritto di ripubblicazione. Codice locale originale CC0; nessuna nuova licenza applicata ai dati.,,Fonti originali,Licenza dei dati terzi non verificata come aperta: valgono i termini della fonte; accesso pubblico non equivale a diritto di ripubblicazione. Codice locale originale CC0; nessuna nuova licenza applicata ai dati.
stablecoin_catene,2026-10-04,/34/totalCirculatingUSD/peggedUSD,30966852.2627098,https://stablecoins.llama.fi/stablecoinchains,"""Snapshot al momento del prelievo; non ricostruisce lo stato di ieri.""",Licenza dei dati terzi non verificata come aperta: valgono i termini della fonte; accesso pubblico non equivale a diritto di ripubblicazione. Codice locale originale CC0; nessuna nuova licenza applicata ai dati.,,Fonti originali,Licenza dei dati terzi non verificata come aperta: valgono i termini della fonte; accesso pubblico non equivale a diritto di ripubblicazione. Codice locale originale CC0; nessuna nuova licenza applicata ai dati.
stablecoin_catene,2026-10-04,/34/totalCirculatingUSD/peggedKRW,311.42341731153357,https://stablecoins.llama.fi/stablecoinchains,"""Snapshot al momento del prelievo; non ricostruisce lo stato di ieri.""",Licenza dei dati terzi non verificata come aperta: valgono i termini della fonte; accesso pubblico non equivale a diritto di ripubblicazione. Codice locale originale CC0; nessuna nuova licenza applicata ai dati.,,Fonti originali,Licenza dei dati terzi non verificata come aperta: valgono i termini della fonte; accesso pubblico non equivale a diritto di ripubblicazione. Codice locale originale CC0; nessuna nuova licenza applicata ai dati.
stablecoin_catene,2026-10-04,/34/name,"""Morph""",https://stablecoins.llama.fi/stablecoinchains,"""Snapshot al momento del prelievo; non ricostruisce lo stato di ieri.""",Licenza dei dati terzi non verificata come aperta: valgono i termini della fonte; accesso pubblico non equivale a diritto di ripubblicazione. Codice locale originale CC0; nessuna nuova licenza applicata ai dati.,,Fonti originali,Licenza dei dati terzi non verificata come aperta: valgono i termini della fonte; accesso pubblico non equivale a diritto di ripubblicazione. Codice locale originale CC0; nessuna nuova licenza applicata ai dati.
stablecoin_catene,2026-10-04,/35/totalCirculatingUSD/peggedUSD,3971089.402310687,https://stablecoins.llama.fi/stablecoinchains,"""Snapshot al momento del prelievo; non ricostruisce lo stato di ieri.""",Licenza dei dati terzi non verificata come aperta: valgono i termini della fonte; accesso pubblico non equivale a diritto di ripubblicazione. Codice locale originale CC0; nessuna nuova licenza applicata ai dati.,,Fonti originali,Licenza dei dati terzi non verificata come aperta: valgono i termini della fonte; accesso pubblico non equivale a diritto di ripubblicazione. Codice locale originale CC0; nessuna nuova licenza applicata ai dati.
stablecoin_catene,2026-10-04,/35/name,"""IoTeX""",https://stablecoins.llama.fi/stablecoinchains,"""Snapshot al momento del prelievo; non ricostruisce lo stato di ieri.""",Licenza dei dati terzi non verificata come aperta: valgono i termini della fonte; accesso pubblico non equivale a diritto di ripubblicazione. Codice locale originale CC0; nessuna nuova licenza applicata ai dati.,,Fonti originali,Licenza dei dati terzi non verificata come aperta: valgono i termini della fonte; accesso pubblico non equivale a diritto di ripubblicazione. Codice locale originale CC0; nessuna nuova licenza applicata ai dati.
stablecoin_catene,2026-10-04,/36/totalCirculatingUSD/peggedUSD,17453351.211089812,https://stablecoins.llama.fi/stablecoinchains,"""Snapshot al momento del prelievo; non ricostruisce lo stato di ieri.""",Licenza dei dati terzi non verificata come aperta: valgono i termini della fonte; accesso pubblico non equivale a diritto di ripubblicazione. Codice locale originale CC0; nessuna nuova licenza applicata ai dati.,,Fonti originali,Licenza dei dati terzi non verificata come aperta: valgono i termini della fonte; accesso pubblico non equivale a diritto di ripubblicazione. Codice locale originale CC0; nessuna nuova licenza applicata ai dati.
stablecoin_catene,2026-10-04,/36/totalCirculatingUSD/peggedVAR,0,https://stablecoins.llama.fi/stablecoinchains,"""Snapshot al momento del prelievo; non ricostruisce lo stato di ieri.""",Licenza dei dati terzi non verificata come aperta: valgono i termini della fonte; accesso pubblico non equivale a diritto di ripubblicazione. Codice locale originale CC0; nessuna nuova licenza applicata ai dati.,,Fonti originali,Licenza dei dati terzi non verificata come aperta: valgono i termini della fonte; accesso pubblico non equivale a diritto di ripubblicazione. Codice locale originale CC0; nessuna nuova licenza applicata ai dati.
stablecoin_catene,2026-10-04,/36/name,"""Osmosis""",https://stablecoins.llama.fi/stablecoinchains,"""Snapshot al momento del prelievo; non ricostruisce lo stato di ieri.""",Licenza dei dati terzi non verificata come aperta: valgono i termini della fonte; accesso pubblico non equivale a diritto di ripubblicazione. Codice locale originale CC0; nessuna nuova licenza applicata ai dati.,,Fonti originali,Licenza dei dati terzi non verificata come aperta: valgono i termini della fonte; accesso pubblico non equivale a diritto di ripubblicazione. Codice locale originale CC0; nessuna nuova licenza applicata ai dati.
stablecoin_catene,2026-10-04,/37/totalCirculatingUSD/peggedUSD,145906631552.98123,https://stablecoins.llama.fi/stablecoinchains,"""Snapshot al momento del prelievo; non ricostruisce lo stato di ieri.""",Licenza dei dati terzi non verificata come aperta: valgono i termini della fonte; accesso pubblico non equivale a diritto di ripubblicazione. Codice locale originale CC0; nessuna nuova licenza applicata ai dati.,,Fonti originali,Licenza dei dati terzi non verificata come aperta: valgono i termini della fonte; accesso pubblico non equivale a diritto di ripubblicazione. Codice locale originale CC0; nessuna nuova licenza applicata ai dati.
stablecoin_catene,2026-10-04,/37/totalCirculatingUSD/peggedVAR,9421110.744340118,https://stablecoins.llama.fi/stablecoinchains,"""Snapshot al momento del prelievo; non ricostruisce lo stato di ieri.""",Licenza dei dati terzi non verificata come aperta: valgono i termini della fonte; accesso pubblico non equivale a diritto di ripubblicazione. Codice locale originale CC0; nessuna nuova licenza applicata ai dati.,,Fonti originali,Licenza dei dati terzi non verificata come aperta: valgono i termini della fonte; accesso pubblico non equivale a diritto di ripubblicazione. Codice locale originale CC0; nessuna nuova licenza applicata ai dati.
stablecoin_catene,2026-10-04,/37/totalCirculatingUSD/peggedEUR,582487514.0490149,https://stablecoins.llama.fi/stablecoinchains,"""Snapshot al momento del prelievo; non ricostruisce lo stato di ieri.""",Licenza dei dati terzi non verificata come aperta: valgono i termini della fonte; accesso pubblico non equivale a diritto di ripubblicazione. Codice locale originale CC0; nessuna nuova licenza applicata ai dati.,,Fonti originali,Licenza dei dati terzi non verificata come aperta: valgono i termini della fonte; accesso pubblico non equivale a diritto di ripubblicazione. Codice locale originale CC0; nessuna nuova licenza applicata ai dati.
stablecoin_catene,2026-10-04,/37/totalCirculatingUSD/peggedJPY,139196054.324736,https://stablecoins.llama.fi/stablecoinchains,"""Snapshot al momento del prelievo; non ricostruisce lo stato di ieri.""",Licenza dei dati terzi non verificata come aperta: valgono i termini della fonte; accesso pubblico non equivale a diritto di ripubblicazione. Codice locale originale CC0; nessuna nuova licenza applicata ai dati.,,Fonti originali,Licenza dei dati terzi non verificata come aperta: valgono i termini della fonte; accesso pubblico non equivale a diritto di ripubblicazione. Codice locale originale CC0; nessuna nuova licenza applicata ai dati.
stablecoin_catene,2026-10-04,/37/totalCirculatingUSD/peggedCNY,824401.9627656158,https://stablecoins.llama.fi/stablecoinchains,"""Snapshot al momento del prelievo; non ricostruisce lo stato di ieri.""",Licenza dei dati terzi non verificata come aperta: valgono i termini della fonte; accesso pubblico non equivale a diritto di ripubblicazione. Codice locale originale CC0; nessuna nuova licenza applicata ai dati.,,Fonti originali,Licenza dei dati terzi non verificata come aperta: valgono i termini della fonte; accesso pubblico non equivale a diritto di ripubblicazione. Codice locale originale CC0; nessuna nuova licenza applicata ai dati.
stablecoin_catene,2026-10-04,/37/totalCirculatingUSD/peggedGBP,20353260.047783192,https://stablecoins.llama.fi/stablecoinchains,"""Snapshot al momento del prelievo; non ricostruisce lo stato di ieri.""",Licenza dei dati terzi non verificata come aperta: valgono i termini della fonte; accesso pubblico non equivale a diritto di ripubblicazione. Codice locale originale CC0; nessuna nuova licenza applicata ai dati.,,Fonti originali,Licenza dei dati terzi non verificata come aperta: valgono i termini della fonte; accesso pubblico non equivale a diritto di ripubblicazione. Codice locale originale CC0; nessuna nuova licenza applicata ai dati.
stablecoin_catene,2026-10-04,/37/totalCirculatingUSD/peggedCAD,2630923.2043873,https://stablecoins.llama.fi/stablecoinchains,"""Snapshot al momento del prelievo; non ricostruisce lo stato di ieri.""",Licenza dei dati terzi non verificata come aperta: valgono i termini della fonte; accesso pubblico non equivale a diritto di ripubblicazione. Codice locale originale CC0; nessuna nuova licenza applicata ai dati.,,Fonti originali,Licenza dei dati terzi non verificata come aperta: valgono i termini della fonte; accesso pubblico non equivale a diritto di ripubblicazione. Codice locale originale CC0; nessuna nuova licenza applicata ai dati.
stablecoin_catene,2026-10-04,/37/totalCirculatingUSD/peggedCHF,38787296.41308056,https://stablecoins.llama.fi/stablecoinchains,"""Snapshot al momento del prelievo; non ricostruisce lo stato di ieri.""",Licenza dei dati terzi non verificata come aperta: valgono i termini della fonte; accesso pubblico non equivale a diritto di ripubblicazione. Codice locale originale CC0; nessuna nuova licenza applicata ai dati.,,Fonti originali,Licenza dei dati terzi non verificata come aperta: valgono i termini della fonte; accesso pubblico non equivale a diritto di ripubblicazione. Codice locale originale CC0; nessuna nuova licenza applicata ai dati.
stablecoin_catene,2026-10-04,/37/totalCirculatingUSD/peggedAUD,8353526.266503655,https://stablecoins.llama.fi/stablecoinchains,"""Snapshot al momento del prelievo; non ricostruisce lo stato di ieri.""",Licenza dei dati terzi non verificata come aperta: valgono i termini della fonte; accesso pubblico non equivale a diritto di ripubblicazione. Codice locale originale CC0; nessuna nuova licenza applicata ai dati.,,Fonti originali,Licenza dei dati terzi non verificata come aperta: valgono i termini della fonte; accesso pubblico non equivale a diritto di ripubblicazione. Codice locale originale CC0; nessuna nuova licenza applicata ai dati.
stablecoin_catene,2026-10-04,/37/totalCirculatingUSD/peggedRUB,9032001.102569707,https://stablecoins.llama.fi/stablecoinchains,"""Snapshot al momento del prelievo; non ricostruisce lo stato di ieri.""",Licenza dei dati terzi non verificata come aperta: valgono i termini della fonte; accesso pubblico non equivale a diritto di ripubblicazione. Codice locale originale CC0; nessuna nuova licenza applicata ai dati.,,Fonti originali,Licenza dei dati terzi non verificata come aperta: valgono i termini della fonte; accesso pubblico non equivale a diritto di ripubblicazione. Codice locale originale CC0; nessuna nuova licenza applicata ai dati.
stablecoin_catene,2026-10-04,/37/totalCirculatingUSD/peggedMXN,1274624.3088405172,https://stablecoins.llama.fi/stablecoinchains,"""Snapshot al momento del prelievo; non ricostruisce lo stato di ieri.""",Licenza dei dati terzi non verificata come aperta: valgono i termini della fonte; accesso pubblico non equivale a diritto di ripubblicazione. Codice locale originale CC0; nessuna nuova licenza applicata ai dati.,,Fonti originali,Licenza dei dati terzi non verificata come aperta: valgono i termini della fonte; accesso pubblico non equivale a diritto di ripubblicazione. Codice locale originale CC0; nessuna nuova licenza applicata ai dati.
stablecoin_catene,2026-10-04,/37/totalCirculatingUSD/peggedSGD,9013585.674969094,https://stablecoins.llama.fi/stablecoinchains,"""Snapshot al momento del prelievo; non ricostruisce lo stato di ieri.""",Licenza dei dati terzi non verificata come aperta: valgono i termini della fonte; accesso pubblico non equivale a diritto di ripubblicazione. Codice locale originale CC0; nessuna nuova licenza applicata ai dati.,,Fonti originali,Licenza dei dati terzi non verificata come aperta: valgono i termini della fonte; accesso pubblico non equivale a diritto di ripubblicazione. Codice locale originale CC0; nessuna nuova licenza applicata ai dati.
stablecoin_catene,2026-10-04,/37/totalCirculatingUSD/peggedTRY,936599.6869188444,https://stablecoins.llama.fi/stablecoinchains,"""Snapshot al momento del prelievo; non ricostruisce lo stato di ieri.""",Licenza dei dati terzi non verificata come aperta: valgono i termini della fonte; accesso pubblico non equivale a diritto di ripubblicazione. Codice locale originale CC0; nessuna nuova licenza applicata ai dati.,,Fonti originali,Licenza dei dati terzi non verificata come aperta: valgono i termini della fonte; accesso pubblico non equivale a diritto di ripubblicazione. Codice locale originale CC0; nessuna nuova licenza applicata ai dati.
stablecoin_catene,2026-10-04,/37/totalCirculatingUSD/peggedARS,8305097.0789479315,https://stablecoins.llama.fi/stablecoinchains,"""Snapshot al momento del prelievo; non ricostruisce lo stato di ieri.""",Licenza dei dati terzi non verificata come aperta: valgono i termini della fonte; accesso pubblico non equivale a diritto di ripubblicazione. Codice locale originale CC0; nessuna nuova licenza applicata ai dati.,,Fonti originali,Licenza dei dati terzi non verificata come aperta: valgono i termini della fonte; accesso pubblico non equivale a diritto di ripubblicazione. Codice locale originale CC0; nessuna nuova licenza applicata ai dati.
stablecoin_catene,2026-10-04,/37/totalCirculatingUSD/peggedREAL,1058746.2656266298,https://stablecoins.llama.fi/stablecoinchains,"""Snapshot al momento del prelievo; non ricostruisce lo stato di ieri.""",Licenza dei dati terzi non verificata come aperta: valgono i termini della fonte; accesso pubblico non equivale a diritto di ripubblicazione. Codice locale originale CC0; nessuna nuova licenza applicata ai dati.,,Fonti originali,Licenza dei dati terzi non verificata come aperta: valgono i termini della fonte; accesso pubblico non equivale a diritto di ripubblicazione. Codice locale originale CC0; nessuna nuova licenza applicata ai dati.
stablecoin_catene,2026-10-04,/37/totalCirculatingUSD/peggedCLP,4572.673875717203,https://stablecoins.llama.fi/stablecoinchains,"""Snapshot al momento del prelievo; non ricostruisce lo stato di ieri.""",Licenza dei dati terzi non verificata come aperta: valgono i termini della fonte; accesso pubblico non equivale a diritto di ripubblicazione. Codice locale originale CC0; nessuna nuova licenza applicata ai dati.,,Fonti originali,Licenza dei dati terzi non verificata come aperta: valgono i termini della fonte; accesso pubblico non equivale a diritto di ripubblicazione. Codice locale originale CC0; nessuna nuova licenza applicata ai dati.
stablecoin_catene,2026-10-04,/37/totalCirculatingUSD/peggedCOP,149367.67432726623,https://stablecoins.llama.fi/stablecoinchains,"""Snapshot al momento del prelievo; non ricostruisce lo stato di ieri.""",Licenza dei dati terzi non verificata come aperta: valgono i termini della fonte; accesso pubblico non equivale a diritto di ripubblicazione. Codice locale originale CC0; nessuna nuova licenza applicata ai dati.,,Fonti originali,Licenza dei dati terzi non verificata come aperta: valgono i termini della fonte; accesso pubblico non equivale a diritto di ripubblicazione. Codice locale originale CC0; nessuna nuova licenza applicata ai dati.
stablecoin_catene,2026-10-04,/37/totalCirculatingUSD/peggedPEN,1475.0463528174353,https://stablecoins.llama.fi/stablecoinchains,"""Snapshot al momento del prelievo; non ricostruisce lo stato di ieri.""",Licenza dei dati terzi non verificata come aperta: valgono i termini della fonte; accesso pubblico non equivale a diritto di ripubblicazione. Codice locale originale CC0; nessuna nuova licenza applicata ai dati.,,Fonti originali,Licenza dei dati terzi non verificata come aperta: valgono i termini della fonte; accesso pubblico non equivale a diritto di ripubblicazione. Codice locale originale CC0; nessuna nuova licenza applicata ai dati.
stablecoin_catene,2026-10-04,/37/totalCirculatingUSD/peggedMYR,27327.332174083414,https://stablecoins.llama.fi/stablecoinchains,"""Snapshot al momento del prelievo; non ricostruisce lo stato di ieri.""",Licenza dei dati terzi non verificata come aperta: valgono i termini della fonte; accesso pubblico non equivale a diritto di ripubblicazione. Codice locale originale CC0; nessuna nuova licenza applicata ai dati.,,Fonti originali,Licenza dei dati terzi non verificata come aperta: valgono i termini della fonte; accesso pubblico non equivale a diritto di ripubblicazione. Codice locale originale CC0; nessuna nuova licenza applicata ai dati.
stablecoin_catene,2026-10-04,/37/totalCirculatingUSD/peggedKRW,203537.6176824173,https://stablecoins.llama.fi/stablecoinchains,"""Snapshot al momento del prelievo; non ricostruisce lo stato di ieri.""",Licenza dei dati terzi non verificata come aperta: valgono i termini della fonte; accesso pubblico non equivale a diritto di ripubblicazione. Codice locale originale CC0; nessuna nuova licenza applicata ai dati.,,Fonti originali,Licenza dei dati terzi non verificata come aperta: valgono i termini della fonte; accesso pubblico non equivale a diritto di ripubblicazione. Codice locale originale CC0; nessuna nuova licenza applicata ai dati.
stablecoin_catene,2026-10-04,/37/totalCirculatingUSD/peggedHKD,778228.9957326197,https://stablecoins.llama.fi/stablecoinchains,"""Snapshot al momento del prelievo; non ricostruisce lo stato di ieri.""",Licenza dei dati terzi non verificata come aperta: valgono i termini della fonte; accesso pubblico non equivale a diritto di ripubblicazione. Codice locale originale CC0; nessuna nuova licenza applicata ai dati.,,Fonti originali,Licenza dei dati terzi non verificata come aperta: valgono i termini della fonte; accesso pubblico non equivale a diritto di ripubblicazione. Codice locale originale CC0; nessuna nuova licenza applicata ai dati.
stablecoin_catene,2026-10-04,/37/name,"""Ethereum""",https://stablecoins.llama.fi/stablecoinchains,"""Snapshot al momento del prelievo; non ricostruisce lo stato di ieri.""",Licenza dei dati terzi non verificata come aperta: valgono i termini della fonte; accesso pubblico non equivale a diritto di ripubblicazione. Codice locale originale CC0; nessuna nuova licenza applicata ai dati.,,Fonti originali,Licenza dei dati terzi non verificata come aperta: valgono i termini della fonte; accesso pubblico non equivale a diritto di ripubblicazione. Codice locale originale CC0; nessuna nuova licenza applicata ai dati.
stablecoin_catene,2026-10-04,/38/totalCirculatingUSD/peggedUSD,36645179.37387722,https://stablecoins.llama.fi/stablecoinchains,"""Snapshot al momento del prelievo; non ricostruisce lo stato di ieri.""",Licenza dei dati terzi non verificata come aperta: valgono i termini della fonte; accesso pubblico non equivale a diritto di ripubblicazione. Codice locale originale CC0; nessuna nuova licenza applicata ai dati.,,Fonti originali,Licenza dei dati terzi non verificata come aperta: valgono i termini della fonte; accesso pubblico non equivale a diritto di ripubblicazione. Codice locale originale CC0; nessuna nuova licenza applicata ai dati.
stablecoin_catene,2026-10-04,/38/totalCirculatingUSD/peggedEUR,195091.1391293287,https://stablecoins.llama.fi/stablecoinchains,"""Snapshot al momento del prelievo; non ricostruisce lo stato di ieri.""",Licenza dei dati terzi non verificata come aperta: valgono i termini della fonte; accesso pubblico non equivale a diritto di ripubblicazione. Codice locale originale CC0; nessuna nuova licenza applicata ai dati.,,Fonti originali,Licenza dei dati terzi non verificata come aperta: valgono i termini della fonte; accesso pubblico non equivale a diritto di ripubblicazione. Codice locale originale CC0; nessuna nuova licenza applicata ai dati.
stablecoin_catene,2026-10-04,/38/name,"""Linea""",https://stablecoins.llama.fi/stablecoinchains,"""Snapshot al momento del prelievo; non ricostruisce lo stato di ieri.""",Licenza dei dati terzi non verificata come aperta: valgono i termini della fonte; accesso pubblico non equivale a diritto di ripubblicazione. Codice locale originale CC0; nessuna nuova licenza applicata ai dati.,,Fonti originali,Licenza dei dati terzi non verificata come aperta: valgono i termini della fonte; accesso pubblico non equivale a diritto di ripubblicazione. Codice locale originale CC0; nessuna nuova licenza applicata ai dati.
stablecoin_catene,2026-10-04,/39/totalCirculatingUSD/peggedUSD,59009498.8514219,https://stablecoins.llama.fi/stablecoinchains,"""Snapshot al momento del prelievo; non ricostruisce lo stato di ieri.""",Licenza dei dati terzi non verificata come aperta: valgono i termini della fonte; accesso pubblico non equivale a diritto di ripubblicazione. Codice locale originale CC0; nessuna nuova licenza applicata ai dati.,,Fonti originali,Licenza dei dati terzi non verificata come aperta: valgono i termini della fonte; accesso pubblico non equivale a diritto di ripubblicazione. Codice locale originale CC0; nessuna nuova licenza applicata ai dati.
stablecoin_catene,2026-10-04,/39/totalCirculatingUSD/peggedAUD,251347.8959581423,https://stablecoins.llama.fi/stablecoinchains,"""Snapshot al momento del prelievo; non ricostruisce lo stato di ieri.""",Licenza dei dati terzi non verificata come aperta: valgono i termini della fonte; accesso pubblico non equivale a diritto di ripubblicazione. Codice locale originale CC0; nessuna nuova licenza applicata ai dati.,,Fonti originali,Licenza dei dati terzi non verificata come aperta: valgono i termini della fonte; accesso pubblico non equivale a diritto di ripubblicazione. Codice locale originale CC0; nessuna nuova licenza applicata ai dati.
stablecoin_catene,2026-10-04,/39/name,"""XDC""",https://stablecoins.llama.fi/stablecoinchains,"""Snapshot al momento del prelievo; non ricostruisce lo stato di ieri.""",Licenza dei dati terzi non verificata come aperta: valgono i termini della fonte; accesso pubblico non equivale a diritto di ripubblicazione. Codice locale originale CC0; nessuna nuova licenza applicata ai dati.,,Fonti originali,Licenza dei dati terzi non verificata come aperta: valgono i termini della fonte; accesso pubblico non equivale a diritto di ripubblicazione. Codice locale originale CC0; nessuna nuova licenza applicata ai dati.
stablecoin_catene,2026-10-04,/40/totalCirculatingUSD/peggedUSD,67364274.18105754,https://stablecoins.llama.fi/stablecoinchains,"""Snapshot al momento del prelievo; non ricostruisce lo stato di ieri.""",Licenza dei dati terzi non verificata come aperta: valgono i termini della fonte; accesso pubblico non equivale a diritto di ripubblicazione. Codice locale originale CC0; nessuna nuova licenza applicata ai dati.,,Fonti originali,Licenza dei dati terzi non verificata come aperta: valgono i termini della fonte; accesso pubblico non equivale a diritto di ripubblicazione. Codice locale originale CC0; nessuna nuova licenza applicata ai dati.
stablecoin_catene,2026-10-04,/40/totalCirculatingUSD/peggedEUR,199.85941977339377,https://stablecoins.llama.fi/stablecoinchains,"""Snapshot al momento del prelievo; non ricostruisce lo stato di ieri.""",Licenza dei dati terzi non verificata come aperta: valgono i termini della fonte; accesso pubblico non equivale a diritto di ripubblicazione. Codice locale originale CC0; nessuna nuova licenza applicata ai dati.,,Fonti originali,Licenza dei dati terzi non verificata come aperta: valgono i termini della fonte; accesso pubblico non equivale a diritto di ripubblicazione. Codice locale originale CC0; nessuna nuova licenza applicata ai dati.
stablecoin_catene,2026-10-04,/40/name,"""Cardano""",https://stablecoins.llama.fi/stablecoinchains,"""Snapshot al momento del prelievo; non ricostruisce lo stato di ieri.""",Licenza dei dati terzi non verificata come aperta: valgono i termini della fonte; accesso pubblico non equivale a diritto di ripubblicazione. Codice locale originale CC0; nessuna nuova licenza applicata ai dati.,,Fonti originali,Licenza dei dati terzi non verificata come aperta: valgono i termini della fonte; accesso pubblico non equivale a diritto di ripubblicazione. Codice locale originale CC0; nessuna nuova licenza applicata ai dati.
stablecoin_catene,2026-10-04,/41/totalCirculatingUSD/peggedUSD,73858.71448137482,https://stablecoins.llama.fi/stablecoinchains,"""Snapshot al momento del prelievo; non ricostruisce lo stato di ieri.""",Licenza dei dati terzi non verificata come aperta: valgono i termini della fonte; accesso pubblico non equivale a diritto di ripubblicazione. Codice locale originale CC0; nessuna nuova licenza applicata ai dati.,,Fonti originali,Licenza dei dati terzi non verificata come aperta: valgono i termini della fonte; accesso pubblico non equivale a diritto di ripubblicazione. Codice locale originale CC0; nessuna nuova licenza applicata ai dati.
stablecoin_catene,2026-10-04,/41/name,"""EthereumClassic""",https://stablecoins.llama.fi/stablecoinchains,"""Snapshot al momento del prelievo; non ricostruisce lo stato di ieri.""",Licenza dei dati terzi non verificata come aperta: valgono i termini della fonte; accesso pubblico non equivale a diritto di ripubblicazione. Codice locale originale CC0; nessuna nuova licenza applicata ai dati.,,Fonti originali,Licenza dei dati terzi non verificata come aperta: valgono i termini della fonte; accesso pubblico non equivale a diritto di ripubblicazione. Codice locale originale CC0; nessuna nuova licenza applicata ai dati.
stablecoin_catene,2026-10-04,/42/totalCirculatingUSD/peggedUSD,402521563.58520144,https://stablecoins.llama.fi/stablecoinchains,"""Snapshot al momento del prelievo; non ricostruisce lo stato di ieri.""",Licenza dei dati terzi non verificata come aperta: valgono i termini della fonte; accesso pubblico non equivale a diritto di ripubblicazione. Codice locale originale CC0; nessuna nuova licenza applicata ai dati.,,Fonti originali,Licenza dei dati terzi non verificata come aperta: valgono i termini della fonte; accesso pubblico non equivale a diritto di ripubblicazione. Codice locale originale CC0; nessuna nuova licenza applicata ai dati.
stablecoin_catene,2026-10-04,/42/name,"""Waves""",https://stablecoins.llama.fi/stablecoinchains,"""Snapshot al momento del prelievo; non ricostruisce lo stato di ieri.""",Licenza dei dati terzi non verificata come aperta: valgono i termini della fonte; accesso pubblico non equivale a diritto di ripubblicazione. Codice locale originale CC0; nessuna nuova licenza applicata ai dati.,,Fonti originali,Licenza dei dati terzi non verificata come aperta: valgono i termini della fonte; accesso pubblico non equivale a diritto di ripubblicazione. Codice locale originale CC0; nessuna nuova licenza applicata ai dati.
stablecoin_catene,2026-10-04,/43/totalCirculatingUSD/peggedUSD,6828128.023914897,https://stablecoins.llama.fi/stablecoinchains,"""Snapshot al momento del prelievo; non ricostruisce lo stato di ieri.""",Licenza dei dati terzi non verificata come aperta: valgono i termini della fonte; accesso pubblico non equivale a diritto di ripubblicazione. Codice locale originale CC0; nessuna nuova licenza applicata ai dati.,,Fonti originali,Licenza dei dati terzi non verificata come aperta: valgono i termini della fonte; accesso pubblico non equivale a diritto di ripubblicazione. Codice locale originale CC0; nessuna nuova licenza applicata ai dati.
stablecoin_catene,2026-10-04,/43/name,"""Soneium""",https://stablecoins.llama.fi/stablecoinchains,"""Snapshot al momento del prelievo; non ricostruisce lo stato di ieri.""",Licenza dei dati terzi non verificata come aperta: valgono i termini della fonte; accesso pubblico non equivale a diritto di ripubblicazione. Codice locale originale CC0; nessuna nuova licenza applicata ai dati.,,Fonti originali,Licenza dei dati terzi non verificata come aperta: valgono i termini della fonte; accesso pubblico non equivale a diritto di ripubblicazione. Codice locale originale CC0; nessuna nuova licenza applicata ai dati.
stablecoin_catene,2026-10-04,/44/totalCirculatingUSD/peggedUSD,84524.49008247009,https://stablecoins.llama.fi/stablecoinchains,"""Snapshot al momento del prelievo; non ricostruisce lo stato di ieri.""",Licenza dei dati terzi non verificata come aperta: valgono i termini della fonte; accesso pubblico non equivale a diritto di ripubblicazione. Codice locale originale CC0; nessuna nuova licenza applicata ai dati.,,Fonti originali,Licenza dei dati terzi non verificata come aperta: valgono i termini della fonte; accesso pubblico non equivale a diritto di ripubblicazione. Codice locale originale CC0; nessuna nuova licenza applicata ai dati.
stablecoin_catene,2026-10-04,/44/name,"""Vana""",https://stablecoins.llama.fi/stablecoinchains,"""Snapshot al momento del prelievo; non ricostruisce lo stato di ieri.""",Licenza dei dati terzi non verificata come aperta: valgono i termini della fonte; accesso pubblico non equivale a diritto di ripubblicazione. Codice locale originale CC0; nessuna nuova licenza applicata ai dati.,,Fonti originali,Licenza dei dati terzi non verificata come aperta: valgono i termini della fonte; accesso pubblico non equivale a diritto di ripubblicazione. Codice locale originale CC0; nessuna nuova licenza applicata ai dati.
stablecoin_catene,2026-10-04,/45/totalCirculatingUSD/peggedUSD,3879037.608165743,https://stablecoins.llama.fi/stablecoinchains,"""Snapshot al momento del prelievo; non ricostruisce lo stato di ieri.""",Licenza dei dati terzi non verificata come aperta: valgono i termini della fonte; accesso pubblico non equivale a diritto di ripubblicazione. Codice locale originale CC0; nessuna nuova licenza applicata ai dati.,,Fonti originali,Licenza dei dati terzi non verificata come aperta: valgono i termini della fonte; accesso pubblico non equivale a diritto di ripubblicazione. Codice locale originale CC0; nessuna nuova licenza applicata ai dati.
stablecoin_catene,2026-10-04,/45/name,"""Somnia""",https://stablecoins.llama.fi/stablecoinchains,"""Snapshot al momento del prelievo; non ricostruisce lo stato di ieri.""",Licenza dei dati terzi non verificata come aperta: valgono i termini della fonte; accesso pubblico non equivale a diritto di ripubblicazione. Codice locale originale CC0; nessuna nuova licenza applicata ai dati.,,Fonti originali,Licenza dei dati terzi non verificata come aperta: valgono i termini della fonte; accesso pubblico non equivale a diritto di ripubblicazione. Codice locale originale CC0; nessuna nuova licenza applicata ai dati.
stablecoin_catene,2026-10-04,/46/totalCirculatingUSD/peggedUSD,0,https://stablecoins.llama.fi/stablecoinchains,"""Snapshot al momento del prelievo; non ricostruisce lo stato di ieri.""",Licenza dei dati terzi non verificata come aperta: valgono i termini della fonte; accesso pubblico non equivale a diritto di ripubblicazione. Codice locale originale CC0; nessuna nuova licenza applicata ai dati.,,Fonti originali,Licenza dei dati terzi non verificata come aperta: valgono i termini della fonte; accesso pubblico non equivale a diritto di ripubblicazione. Codice locale originale CC0; nessuna nuova licenza applicata ai dati.
stablecoin_catene,2026-10-04,/46/name,"""Rari""",https://stablecoins.llama.fi/stablecoinchains,"""Snapshot al momento del prelievo; non ricostruisce lo stato di ieri.""",Licenza dei dati terzi non verificata come aperta: valgono i termini della fonte; accesso pubblico non equivale a diritto di ripubblicazione. Codice locale originale CC0; nessuna nuova licenza applicata ai dati.,,Fonti originali,Licenza dei dati terzi non verificata come aperta: valgono i termini della fonte; accesso pubblico non equivale a diritto di ripubblicazione. Codice locale originale CC0; nessuna nuova licenza applicata ai dati.
stablecoin_catene,2026-10-04,/47/totalCirculatingUSD/peggedUSD,669421.5438275113,https://stablecoins.llama.fi/stablecoinchains,"""Snapshot al momento del prelievo; non ricostruisce lo stato di ieri.""",Licenza dei dati terzi non verificata come aperta: valgono i termini della fonte; accesso pubblico non equivale a diritto di ripubblicazione. Codice locale originale CC0; nessuna nuova licenza applicata ai dati.,,Fonti originali,Licenza dei dati terzi non verificata come aperta: valgono i termini della fonte; accesso pubblico non equivale a diritto di ripubblicazione. Codice locale originale CC0; nessuna nuova licenza applicata ai dati.
stablecoin_catene,2026-10-04,/47/name,"""Mode""",https://stablecoins.llama.fi/stablecoinchains,"""Snapshot al momento del prelievo; non ricostruisce lo stato di ieri.""",Licenza dei dati terzi non verificata come aperta: valgono i termini della fonte; accesso pubblico non equivale a diritto di ripubblicazione. Codice locale originale CC0; nessuna nuova licenza applicata ai dati.,,Fonti originali,Licenza dei dati terzi non verificata come aperta: valgono i termini della fonte; accesso pubblico non equivale a diritto di ripubblicazione. Codice locale originale CC0; nessuna nuova licenza applicata ai dati.
stablecoin_catene,2026-10-04,/48/totalCirculatingUSD/peggedUSD,10588972.736126112,https://stablecoins.llama.fi/stablecoinchains,"""Snapshot al momento del prelievo; non ricostruisce lo stato di ieri.""",Licenza dei dati terzi non verificata come aperta: valgono i termini della fonte; accesso pubblico non equivale a diritto di ripubblicazione. Codice locale originale CC0; nessuna nuova licenza applicata ai dati.,,Fonti originali,Licenza dei dati terzi non verificata come aperta: valgono i termini della fonte; accesso pubblico non equivale a diritto di ripubblicazione. Codice locale originale CC0; nessuna nuova licenza applicata ai dati.
stablecoin_catene,2026-10-04,/48/name,"""KCC""",https://stablecoins.llama.fi/stablecoinchains,"""Snapshot al momento del prelievo; non ricostruisce lo stato di ieri.""",Licenza dei dati terzi non verificata come aperta: valgono i termini della fonte; accesso pubblico non equivale a diritto di ripubblicazione. Codice locale originale CC0; nessuna nuova licenza applicata ai dati.,,Fonti originali,Licenza dei dati terzi non verificata come aperta: valgono i termini della fonte; accesso pubblico non equivale a diritto di ripubblicazione. Codice locale originale CC0; nessuna nuova licenza applicata ai dati.
stablecoin_catene,2026-10-04,/49/totalCirculatingUSD/peggedUSD,0,https://stablecoins.llama.fi/stablecoinchains,"""Snapshot al momento del prelievo; non ricostruisce lo stato di ieri.""",Licenza dei dati terzi non verificata come aperta: valgono i termini della fonte; accesso pubblico non equivale a diritto di ripubblicazione. Codice locale originale CC0; nessuna nuova licenza applicata ai dati.,,Fonti originali,Licenza dei dati terzi non verificata come aperta: valgono i termini della fonte; accesso pubblico non equivale a diritto di ripubblicazione. Codice locale originale CC0; nessuna nuova licenza applicata ai dati.
stablecoin_catene,2026-10-04,/49/name,"""Kardia""",https://stablecoins.llama.fi/stablecoinchains,"""Snapshot al momento del prelievo; non ricostruisce lo stato di ieri.""",Licenza dei dati terzi non verificata come aperta: valgono i termini della fonte; accesso pubblico non equivale a diritto di ripubblicazione. Codice locale originale CC0; nessuna nuova licenza applicata ai dati.,,Fonti originali,Licenza dei dati terzi non verificata come aperta: valgono i termini della fonte; accesso pubblico non equivale a diritto di ripubblicazione. Codice locale originale CC0; nessuna nuova licenza applicata ai dati.
stablecoin_catene,2026-10-04,/50/totalCirculatingUSD/peggedUSD,1715900.4003294911,https://stablecoins.llama.fi/stablecoinchains,"""Snapshot al momento del prelievo; non ricostruisce lo stato di ieri.""",Licenza dei dati terzi non verificata come aperta: valgono i termini della fonte; accesso pubblico non equivale a diritto di ripubblicazione. Codice locale originale CC0; nessuna nuova licenza applicata ai dati.,,Fonti originali,Licenza dei dati terzi non verificata come aperta: valgono i termini della fonte; accesso pubblico non equivale a diritto di ripubblicazione. Codice locale originale CC0; nessuna nuova licenza applicata ai dati.
stablecoin_catene,2026-10-04,/50/name,"""Vaulta""",https://stablecoins.llama.fi/stablecoinchains,"""Snapshot al momento del prelievo; non ricostruisce lo stato di ieri.""",Licenza dei dati terzi non verificata come aperta: valgono i termini della fonte; accesso pubblico non equivale a diritto di ripubblicazione. Codice locale originale CC0; nessuna nuova licenza applicata ai dati.,,Fonti originali,Licenza dei dati terzi non verificata come aperta: valgono i termini della fonte; accesso pubblico non equivale a diritto di ripubblicazione. Codice locale originale CC0; nessuna nuova licenza applicata ai dati.
stablecoin_catene,2026-10-04,/51/totalCirculatingUSD/peggedUSD,1093230.826837381,https://stablecoins.llama.fi/stablecoinchains,"""Snapshot al momento del prelievo; non ricostruisce lo stato di ieri.""",Licenza dei dati terzi non verificata come aperta: valgono i termini della fonte; accesso pubblico non equivale a diritto di ripubblicazione. Codice locale originale CC0; nessuna nuova licenza applicata ai dati.,,Fonti originali,Licenza dei dati terzi non verificata come aperta: valgono i termini della fonte; accesso pubblico non equivale a diritto di ripubblicazione. Codice locale originale CC0; nessuna nuova licenza applicata ai dati.
stablecoin_catene,2026-10-04,/51/name,"""EDU Chain""",https://stablecoins.llama.fi/stablecoinchains,"""Snapshot al momento del prelievo; non ricostruisce lo stato di ieri.""",Licenza dei dati terzi non verificata come aperta: valgono i termini della fonte; accesso pubblico non equivale a diritto di ripubblicazione. Codice locale originale CC0; nessuna nuova licenza applicata ai dati.,,Fonti originali,Licenza dei dati terzi non verificata come aperta: valgono i termini della fonte; accesso pubblico non equivale a diritto di ripubblicazione. Codice locale originale CC0; nessuna nuova licenza applicata ai dati.
stablecoin_catene,2026-10-04,/52/totalCirculatingUSD/peggedUSD,47413660.71894598,https://stablecoins.llama.fi/stablecoinchains,"""Snapshot al momento del prelievo; non ricostruisce lo stato di ieri.""",Licenza dei dati terzi non verificata come aperta: valgono i termini della fonte; accesso pubblico non equivale a diritto di ripubblicazione. Codice locale originale CC0; nessuna nuova licenza applicata ai dati.,,Fonti originali,Licenza dei dati terzi non verificata come aperta: valgono i termini della fonte; accesso pubblico non equivale a diritto di ripubblicazione. Codice locale originale CC0; nessuna nuova licenza applicata ai dati.
stablecoin_catene,2026-10-04,/52/name,"""Berachain""",https://stablecoins.llama.fi/stablecoinchains,"""Snapshot al momento del prelievo; non ricostruisce lo stato di ieri.""",Licenza dei dati terzi non verificata come aperta: valgono i termini della fonte; accesso pubblico non equivale a diritto di ripubblicazione. Codice locale originale CC0; nessuna nuova licenza applicata ai dati.,,Fonti originali,Licenza dei dati terzi non verificata come aperta: valgono i termini della fonte; accesso pubblico non equivale a diritto di ripubblicazione. Codice locale originale CC0; nessuna nuova licenza applicata ai dati.
stablecoin_catene,2026-10-04,/53/totalCirculatingUSD/peggedUSD,0,https://stablecoins.llama.fi/stablecoinchains,"""Snapshot al momento del prelievo; non ricostruisce lo stato di ieri.""",Licenza dei dati terzi non verificata come aperta: valgono i termini della fonte; accesso pubblico non equivale a diritto di ripubblicazione. Codice locale originale CC0; nessuna nuova licenza applicata ai dati.,,Fonti originali,Licenza dei dati terzi non verificata come aperta: valgono i termini della fonte; accesso pubblico non equivale a diritto di ripubblicazione. Codice locale originale CC0; nessuna nuova licenza applicata ai dati.
stablecoin_catene,2026-10-04,/53/name,"""Crab""",https://stablecoins.llama.fi/stablecoinchains,"""Snapshot al momento del prelievo; non ricostruisce lo stato di ieri.""",Licenza dei dati terzi non verificata come aperta: valgono i termini della fonte; accesso pubblico non equivale a diritto di ripubblicazione. Codice locale originale CC0; nessuna nuova licenza applicata ai dati.,,Fonti originali,Licenza dei dati terzi non verificata come aperta: valgono i termini della fonte; accesso pubblico non equivale a diritto di ripubblicazione. Codice locale originale CC0; nessuna nuova licenza applicata ai dati.
stablecoin_catene,2026-10-04,/54/totalCirculatingUSD/peggedUSD,332816.2891926773,https://stablecoins.llama.fi/stablecoinchains,"""Snapshot al momento del prelievo; non ricostruisce lo stato di ieri.""",Licenza dei dati terzi non verificata come aperta: valgono i termini della fonte; accesso pubblico non equivale a diritto di ripubblicazione. Codice locale originale CC0; nessuna nuova licenza applicata ai dati.,,Fonti originali,Licenza dei dati terzi non verificata come aperta: valgono i termini della fonte; accesso pubblico non equivale a diritto di ripubblicazione. Codice locale originale CC0; nessuna nuova licenza applicata ai dati.
stablecoin_catene,2026-10-04,/54/name,"""Bittorrent""",https://stablecoins.llama.fi/stablecoinchains,"""Snapshot al momento del prelievo; non ricostruisce lo stato di ieri.""",Licenza dei dati terzi non verificata come aperta: valgono i termini della fonte; accesso pubblico non equivale a diritto di ripubblicazione. Codice locale originale CC0; nessuna nuova licenza applicata ai dati.,,Fonti originali,Licenza dei dati terzi non verificata come aperta: valgono i termini della fonte; accesso pubblico non equivale a diritto di ripubblicazione. Codice locale originale CC0; nessuna nuova licenza applicata ai dati.
stablecoin_catene,2026-10-04,/55/totalCirculatingUSD/peggedUSD,37113.58624422165,https://stablecoins.llama.fi/stablecoinchains,"""Snapshot al momento del prelievo; non ricostruisce lo stato di ieri.""",Licenza dei dati terzi non verificata come aperta: valgono i termini della fonte; accesso pubblico non equivale a diritto di ripubblicazione. Codice locale originale CC0; nessuna nuova licenza applicata ai dati.,,Fonti originali,Licenza dei dati terzi non verificata come aperta: valgono i termini della fonte; accesso pubblico non equivale a diritto di ripubblicazione. Codice locale originale CC0; nessuna nuova licenza applicata ai dati.
stablecoin_catene,2026-10-04,/55/name,"""Theta""",https://stablecoins.llama.fi/stablecoinchains,"""Snapshot al momento del prelievo; non ricostruisce lo stato di ieri.""",Licenza dei dati terzi non verificata come aperta: valgono i termini della fonte; accesso pubblico non equivale a diritto di ripubblicazione. Codice locale originale CC0; nessuna nuova licenza applicata ai dati.,,Fonti originali,Licenza dei dati terzi non verificata come aperta: valgono i termini della fonte; accesso pubblico non equivale a diritto di ripubblicazione. Codice locale originale CC0; nessuna nuova licenza applicata ai dati.
stablecoin_catene,2026-10-04,/56/totalCirculatingUSD/peggedUSD,0,https://stablecoins.llama.fi/stablecoinchains,"""Snapshot al momento del prelievo; non ricostruisce lo stato di ieri.""",Licenza dei dati terzi non verificata come aperta: valgono i termini della fonte; accesso pubblico non equivale a diritto di ripubblicazione. Codice locale originale CC0; nessuna nuova licenza applicata ai dati.,,Fonti originali,Licenza dei dati terzi non verificata come aperta: valgono i termini della fonte; accesso pubblico non equivale a diritto di ripubblicazione. Codice locale originale CC0; nessuna nuova licenza applicata ai dati.
stablecoin_catene,2026-10-04,/56/name,"""MultiversX""",https://stablecoins.llama.fi/stablecoinchains,"""Snapshot al momento del prelievo; non ricostruisce lo stato di ieri.""",Licenza dei dati terzi non verificata come aperta: valgono i termini della fonte; accesso pubblico non equivale a diritto di ripubblicazione. Codice locale originale CC0; nessuna nuova licenza applicata ai dati.,,Fonti originali,Licenza dei dati terzi non verificata come aperta: valgono i termini della fonte; accesso pubblico non equivale a diritto di ripubblicazione. Codice locale originale CC0; nessuna nuova licenza applicata ai dati.
stablecoin_catene,2026-10-04,/57/totalCirculatingUSD/peggedUSD,11825489.950361721,https://stablecoins.llama.fi/stablecoinchains,"""Snapshot al momento del prelievo; non ricostruisce lo stato di ieri.""",Licenza dei dati terzi non verificata come aperta: valgono i termini della fonte; accesso pubblico non equivale a diritto di ripubblicazione. Codice locale originale CC0; nessuna nuova licenza applicata ai dati.,,Fonti originali,Licenza dei dati terzi non verificata come aperta: valgono i termini della fonte; accesso pubblico non equivale a diritto di ripubblicazione. Codice locale originale CC0; nessuna nuova licenza applicata ai dati.
stablecoin_catene,2026-10-04,/57/name,"""Katana""",https://stablecoins.llama.fi/stablecoinchains,"""Snapshot al momento del prelievo; non ricostruisce lo stato di ieri.""",Licenza dei dati terzi non verificata come aperta: valgono i termini della fonte; accesso pubblico non equivale a diritto di ripubblicazione. Codice locale originale CC0; nessuna nuova licenza applicata ai dati.,,Fonti originali,Licenza dei dati terzi non verificata come aperta: valgono i termini della fonte; accesso pubblico non equivale a diritto di ripubblicazione. Codice locale originale CC0; nessuna nuova licenza applicata ai dati.
stablecoin_catene,2026-10-04,/58/totalCirculatingUSD/peggedUSD,594573590.5930475,https://stablecoins.llama.fi/stablecoinchains,"""Snapshot al momento del prelievo; non ricostruisce lo stato di ieri.""",Licenza dei dati terzi non verificata come aperta: valgono i termini della fonte; accesso pubblico non equivale a diritto di ripubblicazione. Codice locale originale CC0; nessuna nuova licenza applicata ai dati.,,Fonti originali,Licenza dei dati terzi non verificata come aperta: valgono i termini della fonte; accesso pubblico non equivale a diritto di ripubblicazione. Codice locale originale CC0; nessuna nuova licenza applicata ai dati.
stablecoin_catene,2026-10-04,/58/totalCirculatingUSD/peggedVAR,45780.00744046184,https://stablecoins.llama.fi/stablecoinchains,"""Snapshot al momento del prelievo; non ricostruisce lo stato di ieri.""",Licenza dei dati terzi non verificata come aperta: valgono i termini della fonte; accesso pubblico non equivale a diritto di ripubblicazione. Codice locale originale CC0; nessuna nuova licenza applicata ai dati.,,Fonti originali,Licenza dei dati terzi non verificata come aperta: valgono i termini della fonte; accesso pubblico non equivale a diritto di ripubblicazione. Codice locale originale CC0; nessuna nuova licenza applicata ai dati.
stablecoin_catene,2026-10-04,/58/totalCirculatingUSD/peggedEUR,38526.17742111646,https://stablecoins.llama.fi/stablecoinchains,"""Snapshot al momento del prelievo; non ricostruisce lo stato di ieri.""",Licenza dei dati terzi non verificata come aperta: valgono i termini della fonte; accesso pubblico non equivale a diritto di ripubblicazione. Codice locale originale CC0; nessuna nuova licenza applicata ai dati.,,Fonti originali,Licenza dei dati terzi non verificata come aperta: valgono i termini della fonte; accesso pubblico non equivale a diritto di ripubblicazione. Codice locale originale CC0; nessuna nuova licenza applicata ai dati.
stablecoin_catene,2026-10-04,/58/totalCirculatingUSD/peggedJPY,0.6406570392139831,https://stablecoins.llama.fi/stablecoinchains,"""Snapshot al momento del prelievo; non ricostruisce lo stato di ieri.""",Licenza dei dati terzi non verificata come aperta: valgono i termini della fonte; accesso pubblico non equivale a diritto di ripubblicazione. Codice locale originale CC0; nessuna nuova licenza applicata ai dati.,,Fonti originali,Licenza dei dati terzi non verificata come aperta: valgono i termini della fonte; accesso pubblico non equivale a diritto di ripubblicazione. Codice locale originale CC0; nessuna nuova licenza applicata ai dati.
stablecoin_catene,2026-10-04,/58/totalCirculatingUSD/peggedCHF,1357988.9066241414,https://stablecoins.llama.fi/stablecoinchains,"""Snapshot al momento del prelievo; non ricostruisce lo stato di ieri.""",Licenza dei dati terzi non verificata come aperta: valgono i termini della fonte; accesso pubblico non equivale a diritto di ripubblicazione. Codice locale originale CC0; nessuna nuova licenza applicata ai dati.,,Fonti originali,Licenza dei dati terzi non verificata come aperta: valgono i termini della fonte; accesso pubblico non equivale a diritto di ripubblicazione. Codice locale originale CC0; nessuna nuova licenza applicata ai dati.
stablecoin_catene,2026-10-04,/58/name,"""OP Mainnet""",https://stablecoins.llama.fi/stablecoinchains,"""Snapshot al momento del prelievo; non ricostruisce lo stato di ieri.""",Licenza dei dati terzi non verificata come aperta: valgono i termini della fonte; accesso pubblico non equivale a diritto di ripubblicazione. Codice locale originale CC0; nessuna nuova licenza applicata ai dati.,,Fonti originali,Licenza dei dati terzi non verificata come aperta: valgono i termini della fonte; accesso pubblico non equivale a diritto di ripubblicazione. Codice locale originale CC0; nessuna nuova licenza applicata ai dati.
stablecoin_catene,2026-10-04,/59/totalCirculatingUSD/peggedUSD,498377.3881710818,https://stablecoins.llama.fi/stablecoinchains,"""Snapshot al momento del prelievo; non ricostruisce lo stato di ieri.""",Licenza dei dati terzi non verificata come aperta: valgono i termini della fonte; accesso pubblico non equivale a diritto di ripubblicazione. Codice locale originale CC0; nessuna nuova licenza applicata ai dati.,,Fonti originali,Licenza dei dati terzi non verificata come aperta: valgono i termini della fonte; accesso pubblico non equivale a diritto di ripubblicazione. Codice locale originale CC0; nessuna nuova licenza applicata ai dati.
stablecoin_catene,2026-10-04,/59/name,"""IOTA EVM""",https://stablecoins.llama.fi/stablecoinchains,"""Snapshot al momento del prelievo; non ricostruisce lo stato di ieri.""",Licenza dei dati terzi non verificata come aperta: valgono i termini della fonte; accesso pubblico non equivale a diritto di ripubblicazione. Codice locale originale CC0; nessuna nuova licenza applicata ai dati.,,Fonti originali,Licenza dei dati terzi non verificata come aperta: valgono i termini della fonte; accesso pubblico non equivale a diritto di ripubblicazione. Codice locale originale CC0; nessuna nuova licenza applicata ai dati.
stablecoin_catene,2026-10-04,/60/totalCirculatingUSD/peggedUSD,239695.90193326244,https://stablecoins.llama.fi/stablecoinchains,"""Snapshot al momento del prelievo; non ricostruisce lo stato di ieri.""",Licenza dei dati terzi non verificata come aperta: valgono i termini della fonte; accesso pubblico non equivale a diritto di ripubblicazione. Codice locale originale CC0; nessuna nuova licenza applicata ai dati.,,Fonti originali,Licenza dei dati terzi non verificata come aperta: valgono i termini della fonte; accesso pubblico non equivale a diritto di ripubblicazione. Codice locale originale CC0; nessuna nuova licenza applicata ai dati.
stablecoin_catene,2026-10-04,/60/name,"""Statemine""",https://stablecoins.llama.fi/stablecoinchains,"""Snapshot al momento del prelievo; non ricostruisce lo stato di ieri.""",Licenza dei dati terzi non verificata come aperta: valgono i termini della fonte; accesso pubblico non equivale a diritto di ripubblicazione. Codice locale originale CC0; nessuna nuova licenza applicata ai dati.,,Fonti originali,Licenza dei dati terzi non verificata come aperta: valgono i termini della fonte; accesso pubblico non equivale a diritto di ripubblicazione. Codice locale originale CC0; nessuna nuova licenza applicata ai dati.
stablecoin_catene,2026-10-04,/61/totalCirculatingUSD/peggedUSD,0,https://stablecoins.llama.fi/stablecoinchains,"""Snapshot al momento del prelievo; non ricostruisce lo stato di ieri.""",Licenza dei dati terzi non verificata come aperta: valgono i termini della fonte; accesso pubblico non equivale a diritto di ripubblicazione. Codice locale originale CC0; nessuna nuova licenza applicata ai dati.,,Fonti originali,Licenza dei dati terzi non verificata come aperta: valgono i termini della fonte; accesso pubblico non equivale a diritto di ripubblicazione. Codice locale originale CC0; nessuna nuova licenza applicata ai dati.
stablecoin_catene,2026-10-04,/61/name,"""Glue""",https://stablecoins.llama.fi/stablecoinchains,"""Snapshot al momento del prelievo; non ricostruisce lo stato di ieri.""",Licenza dei dati terzi non verificata come aperta: valgono i termini della fonte; accesso pubblico non equivale a diritto di ripubblicazione. Codice locale originale CC0; nessuna nuova licenza applicata ai dati.,,Fonti originali,Licenza dei dati terzi non verificata come aperta: valgono i termini della fonte; accesso pubblico non equivale a diritto di ripubblicazione. Codice locale originale CC0; nessuna nuova licenza applicata ai dati.
stablecoin_catene,2026-10-04,/62/totalCirculatingUSD/peggedUSD,0,https://stablecoins.llama.fi/stablecoinchains,"""Snapshot al momento del prelievo; non ricostruisce lo stato di ieri.""",Licenza dei dati terzi non verificata come aperta: valgono i termini della fonte; accesso pubblico non equivale a diritto di ripubblicazione. Codice locale originale CC0; nessuna nuova licenza applicata ai dati.,,Fonti originali,Licenza dei dati terzi non verificata come aperta: valgono i termini della fonte; accesso pubblico non equivale a diritto di ripubblicazione. Codice locale originale CC0; nessuna nuova licenza applicata ai dati.
stablecoin_catene,2026-10-04,/62/name,"""Harmony""",https://stablecoins.llama.fi/stablecoinchains,"""Snapshot al momento del prelievo; non ricostruisce lo stato di ieri.""",Licenza dei dati terzi non verificata come aperta: valgono i termini della fonte; accesso pubblico non equivale a diritto di ripubblicazione. Codice locale originale CC0; nessuna nuova licenza applicata ai dati.,,Fonti originali,Licenza dei dati terzi non verificata come aperta: valgono i termini della fonte; accesso pubblico non equivale a diritto di ripubblicazione. Codice locale originale CC0; nessuna nuova licenza applicata ai dati.
stablecoin_catene,2026-10-04,/63/totalCirculatingUSD/peggedUSD,13301943675.735527,https://stablecoins.llama.fi/stablecoinchains,"""Snapshot al momento del prelievo; non ricostruisce lo stato di ieri.""",Licenza dei dati terzi non verificata come aperta: valgono i termini della fonte; accesso pubblico non equivale a diritto di ripubblicazione. Codice locale originale CC0; nessuna nuova licenza applicata ai dati.,,Fonti originali,Licenza dei dati terzi non verificata come aperta: valgono i termini della fonte; accesso pubblico non equivale a diritto di ripubblicazione. Codice locale originale CC0; nessuna nuova licenza applicata ai dati.
stablecoin_catene,2026-10-04,/63/totalCirculatingUSD/peggedEUR,10100084.156578897,https://stablecoins.llama.fi/stablecoinchains,"""Snapshot al momento del prelievo; non ricostruisce lo stato di ieri.""",Licenza dei dati terzi non verificata come aperta: valgono i termini della fonte; accesso pubblico non equivale a diritto di ripubblicazione. Codice locale originale CC0; nessuna nuova licenza applicata ai dati.,,Fonti originali,Licenza dei dati terzi non verificata come aperta: valgono i termini della fonte; accesso pubblico non equivale a diritto di ripubblicazione. Codice locale originale CC0; nessuna nuova licenza applicata ai dati.
stablecoin_catene,2026-10-04,/63/totalCirculatingUSD/peggedGBP,21584.39360642528,https://stablecoins.llama.fi/stablecoinchains,"""Snapshot al momento del prelievo; non ricostruisce lo stato di ieri.""",Licenza dei dati terzi non verificata come aperta: valgono i termini della fonte; accesso pubblico non equivale a diritto di ripubblicazione. Codice locale originale CC0; nessuna nuova licenza applicata ai dati.,,Fonti originali,Licenza dei dati terzi non verificata come aperta: valgono i termini della fonte; accesso pubblico non equivale a diritto di ripubblicazione. Codice locale originale CC0; nessuna nuova licenza applicata ai dati.
stablecoin_catene,2026-10-04,/63/totalCirculatingUSD/peggedTRY,192415.0375549966,https://stablecoins.llama.fi/stablecoinchains,"""Snapshot al momento del prelievo; non ricostruisce lo stato di ieri.""",Licenza dei dati terzi non verificata come aperta: valgono i termini della fonte; accesso pubblico non equivale a diritto di ripubblicazione. Codice locale originale CC0; nessuna nuova licenza applicata ai dati.,,Fonti originali,Licenza dei dati terzi non verificata come aperta: valgono i termini della fonte; accesso pubblico non equivale a diritto di ripubblicazione. Codice locale originale CC0; nessuna nuova licenza applicata ai dati.
stablecoin_catene,2026-10-04,/63/totalCirculatingUSD/peggedARS,52780.21374567704,https://stablecoins.llama.fi/stablecoinchains,"""Snapshot al momento del prelievo; non ricostruisce lo stato di ieri.""",Licenza dei dati terzi non verificata come aperta: valgono i termini della fonte; accesso pubblico non equivale a diritto di ripubblicazione. Codice locale originale CC0; nessuna nuova licenza applicata ai dati.,,Fonti originali,Licenza dei dati terzi non verificata come aperta: valgono i termini della fonte; accesso pubblico non equivale a diritto di ripubblicazione. Codice locale originale CC0; nessuna nuova licenza applicata ai dati.
stablecoin_catene,2026-10-04,/63/totalCirculatingUSD/peggedREAL,45646.67999544427,https://stablecoins.llama.fi/stablecoinchains,"""Snapshot al momento del prelievo; non ricostruisce lo stato di ieri.""",Licenza dei dati terzi non verificata come aperta: valgono i termini della fonte; accesso pubblico non equivale a diritto di ripubblicazione. Codice locale originale CC0; nessuna nuova licenza applicata ai dati.,,Fonti originali,Licenza dei dati terzi non verificata come aperta: valgono i termini della fonte; accesso pubblico non equivale a diritto di ripubblicazione. Codice locale originale CC0; nessuna nuova licenza applicata ai dati.
stablecoin_catene,2026-10-04,/63/totalCirculatingUSD/peggedCLP,4799.601790417208,https://stablecoins.llama.fi/stablecoinchains,"""Snapshot al momento del prelievo; non ricostruisce lo stato di ieri.""",Licenza dei dati terzi non verificata come aperta: valgono i termini della fonte; accesso pubblico non equivale a diritto di ripubblicazione. Codice locale originale CC0; nessuna nuova licenza applicata ai dati.,,Fonti originali,Licenza dei dati terzi non verificata come aperta: valgono i termini della fonte; accesso pubblico non equivale a diritto di ripubblicazione. Codice locale originale CC0; nessuna nuova licenza applicata ai dati.
stablecoin_catene,2026-10-04,/63/totalCirculatingUSD/peggedCOP,7122.045715298017,https://stablecoins.llama.fi/stablecoinchains,"""Snapshot al momento del prelievo; non ricostruisce lo stato di ieri.""",Licenza dei dati terzi non verificata come aperta: valgono i termini della fonte; accesso pubblico non equivale a diritto di ripubblicazione. Codice locale originale CC0; nessuna nuova licenza applicata ai dati.,,Fonti originali,Licenza dei dati terzi non verificata come aperta: valgono i termini della fonte; accesso pubblico non equivale a diritto di ripubblicazione. Codice locale originale CC0; nessuna nuova licenza applicata ai dati.
stablecoin_catene,2026-10-04,/63/totalCirculatingUSD/peggedMXN,5061.105403034593,https://stablecoins.llama.fi/stablecoinchains,"""Snapshot al momento del prelievo; non ricostruisce lo stato di ieri.""",Licenza dei dati terzi non verificata come aperta: valgono i termini della fonte; accesso pubblico non equivale a diritto di ripubblicazione. Codice locale originale CC0; nessuna nuova licenza applicata ai dati.,,Fonti originali,Licenza dei dati terzi non verificata come aperta: valgono i termini della fonte; accesso pubblico non equivale a diritto di ripubblicazione. Codice locale originale CC0; nessuna nuova licenza applicata ai dati.
stablecoin_catene,2026-10-04,/63/totalCirculatingUSD/peggedPEN,1252.8166102647333,https://stablecoins.llama.fi/stablecoinchains,"""Snapshot al momento del prelievo; non ricostruisce lo stato di ieri.""",Licenza dei dati terzi non verificata come aperta: valgono i termini della fonte; accesso pubblico non equivale a diritto di ripubblicazione. Codice locale originale CC0; nessuna nuova licenza applicata ai dati.,,Fonti originali,Licenza dei dati terzi non verificata come aperta: valgono i termini della fonte; accesso pubblico non equivale a diritto di ripubblicazione. Codice locale originale CC0; nessuna nuova licenza applicata ai dati.
stablecoin_catene,2026-10-04,/63/name,"""BSC""",https://stablecoins.llama.fi/stablecoinchains,"""Snapshot al momento del prelievo; non ricostruisce lo stato di ieri.""",Licenza dei dati terzi non verificata come aperta: valgono i termini della fonte; accesso pubblico non equivale a diritto di ripubblicazione. Codice locale originale CC0; nessuna nuova licenza applicata ai dati.,,Fonti originali,Licenza dei dati terzi non verificata come aperta: valgono i termini della fonte; accesso pubblico non equivale a diritto di ripubblicazione. Codice locale originale CC0; nessuna nuova licenza applicata ai dati.
stablecoin_catene,2026-10-04,/64/totalCirculatingUSD/peggedUSD,0,https://stablecoins.llama.fi/stablecoinchains,"""Snapshot al momento del prelievo; non ricostruisce lo stato di ieri.""",Licenza dei dati terzi non verificata come aperta: valgono i termini della fonte; accesso pubblico non equivale a diritto di ripubblicazione. Codice locale originale CC0; nessuna nuova licenza applicata ai dati.,,Fonti originali,Licenza dei dati terzi non verificata come aperta: valgono i termini della fonte; accesso pubblico non equivale a diritto di ripubblicazione. Codice locale originale CC0; nessuna nuova licenza applicata ai dati.
stablecoin_catene,2026-10-04,/64/name,"""Dogechain""",https://stablecoins.llama.fi/stablecoinchains,"""Snapshot al momento del prelievo; non ricostruisce lo stato di ieri.""",Licenza dei dati terzi non verificata come aperta: valgono i termini della fonte; accesso pubblico non equivale a diritto di ripubblicazione. Codice locale originale CC0; nessuna nuova licenza applicata ai dati.,,Fonti originali,Licenza dei dati terzi non verificata come aperta: valgono i termini della fonte; accesso pubblico non equivale a diritto di ripubblicazione. Codice locale originale CC0; nessuna nuova licenza applicata ai dati.
stablecoin_catene,2026-10-04,/65/totalCirculatingUSD/peggedUSD,71476375.39754333,https://stablecoins.llama.fi/stablecoinchains,"""Snapshot al momento del prelievo; non ricostruisce lo stato di ieri.""",Licenza dei dati terzi non verificata come aperta: valgono i termini della fonte; accesso pubblico non equivale a diritto di ripubblicazione. Codice locale originale CC0; nessuna nuova licenza applicata ai dati.,,Fonti originali,Licenza dei dati terzi non verificata come aperta: valgono i termini della fonte; accesso pubblico non equivale a diritto di ripubblicazione. Codice locale originale CC0; nessuna nuova licenza applicata ai dati.
stablecoin_catene,2026-10-04,/65/name,"""Flow""",https://stablecoins.llama.fi/stablecoinchains,"""Snapshot al momento del prelievo; non ricostruisce lo stato di ieri.""",Licenza dei dati terzi non verificata come aperta: valgono i termini della fonte; accesso pubblico non equivale a diritto di ripubblicazione. Codice locale originale CC0; nessuna nuova licenza applicata ai dati.,,Fonti originali,Licenza dei dati terzi non verificata come aperta: valgono i termini della fonte; accesso pubblico non equivale a diritto di ripubblicazione. Codice locale originale CC0; nessuna nuova licenza applicata ai dati.
stablecoin_catene,2026-10-04,/66/totalCirculatingUSD/peggedUSD,1557963.1795070479,https://stablecoins.llama.fi/stablecoinchains,"""Snapshot al momento del prelievo; non ricostruisce lo stato di ieri.""",Licenza dei dati terzi non verificata come aperta: valgono i termini della fonte; accesso pubblico non equivale a diritto di ripubblicazione. Codice locale originale CC0; nessuna nuova licenza applicata ai dati.,,Fonti originali,Licenza dei dati terzi non verificata come aperta: valgono i termini della fonte; accesso pubblico non equivale a diritto di ripubblicazione. Codice locale originale CC0; nessuna nuova licenza applicata ai dati.
stablecoin_catene,2026-10-04,/66/name,"""Astar""",https://stablecoins.llama.fi/stablecoinchains,"""Snapshot al momento del prelievo; non ricostruisce lo stato di ieri.""",Licenza dei dati terzi non verificata come aperta: valgono i termini della fonte; accesso pubblico non equivale a diritto di ripubblicazione. Codice locale originale CC0; nessuna nuova licenza applicata ai dati.,,Fonti originali,Licenza dei dati terzi non verificata come aperta: valgono i termini della fonte; accesso pubblico non equivale a diritto di ripubblicazione. Codice locale originale CC0; nessuna nuova licenza applicata ai dati.
stablecoin_catene,2026-10-04,/67/totalCirculatingUSD/peggedUSD,0,https://stablecoins.llama.fi/stablecoinchains,"""Snapshot al momento del prelievo; non ricostruisce lo stato di ieri.""",Licenza dei dati terzi non verificata come aperta: valgono i termini della fonte; accesso pubblico non equivale a diritto di ripubblicazione. Codice locale originale CC0; nessuna nuova licenza applicata ai dati.,,Fonti originali,Licenza dei dati terzi non verificata come aperta: valgono i termini della fonte; accesso pubblico non equivale a diritto di ripubblicazione. Codice locale originale CC0; nessuna nuova licenza applicata ai dati.
stablecoin_catene,2026-10-04,/67/name,"""Heco""",https://stablecoins.llama.fi/stablecoinchains,"""Snapshot al momento del prelievo; non ricostruisce lo stato di ieri.""",Licenza dei dati terzi non verificata come aperta: valgono i termini della fonte; accesso pubblico non equivale a diritto di ripubblicazione. Codice locale originale CC0; nessuna nuova licenza applicata ai dati.,,Fonti originali,Licenza dei dati terzi non verificata come aperta: valgono i termini della fonte; accesso pubblico non equivale a diritto di ripubblicazione. Codice locale originale CC0; nessuna nuova licenza applicata ai dati.
stablecoin_catene,2026-10-04,/68/totalCirculatingUSD/peggedUSD,404951.4702259483,https://stablecoins.llama.fi/stablecoinchains,"""Snapshot al momento del prelievo; non ricostruisce lo stato di ieri.""",Licenza dei dati terzi non verificata come aperta: valgono i termini della fonte; accesso pubblico non equivale a diritto di ripubblicazione. Codice locale originale CC0; nessuna nuova licenza applicata ai dati.,,Fonti originali,Licenza dei dati terzi non verificata come aperta: valgono i termini della fonte; accesso pubblico non equivale a diritto di ripubblicazione. Codice locale originale CC0; nessuna nuova licenza applicata ai dati.
stablecoin_catene,2026-10-04,/68/name,"""Oasis Emerald""",https://stablecoins.llama.fi/stablecoinchains,"""Snapshot al momento del prelievo; non ricostruisce lo stato di ieri.""",Licenza dei dati terzi non verificata come aperta: valgono i termini della fonte; accesso pubblico non equivale a diritto di ripubblicazione. Codice locale originale CC0; nessuna nuova licenza applicata ai dati.,,Fonti originali,Licenza dei dati terzi non verificata come aperta: valgono i termini della fonte; accesso pubblico non equivale a diritto di ripubblicazione. Codice locale originale CC0; nessuna nuova licenza applicata ai dati.
stablecoin_catene,2026-10-04,/69/totalCirculatingUSD/peggedUSD,534246.8042901072,https://stablecoins.llama.fi/stablecoinchains,"""Snapshot al momento del prelievo; non ricostruisce lo stato di ieri.""",Licenza dei dati terzi non verificata come aperta: valgono i termini della fonte; accesso pubblico non equivale a diritto di ripubblicazione. Codice locale originale CC0; nessuna nuova licenza applicata ai dati.,,Fonti originali,Licenza dei dati terzi non verificata come aperta: valgono i termini della fonte; accesso pubblico non equivale a diritto di ripubblicazione. Codice locale originale CC0; nessuna nuova licenza applicata ai dati.
stablecoin_catene,2026-10-04,/69/name,"""Data Network""",https://stablecoins.llama.fi/stablecoinchains,"""Snapshot al momento del prelievo; non ricostruisce lo stato di ieri.""",Licenza dei dati terzi non verificata come aperta: valgono i termini della fonte; accesso pubblico non equivale a diritto di ripubblicazione. Codice locale originale CC0; nessuna nuova licenza applicata ai dati.,,Fonti originali,Licenza dei dati terzi non verificata come aperta: valgono i termini della fonte; accesso pubblico non equivale a diritto di ripubblicazione. Codice locale originale CC0; nessuna nuova licenza applicata ai dati.
stablecoin_catene,2026-10-04,/70/totalCirculatingUSD/peggedUSD,3734757.0699793706,https://stablecoins.llama.fi/stablecoinchains,"""Snapshot al momento del prelievo; non ricostruisce lo stato di ieri.""",Licenza dei dati terzi non verificata come aperta: valgono i termini della fonte; accesso pubblico non equivale a diritto di ripubblicazione. Codice locale originale CC0; nessuna nuova licenza applicata ai dati.,,Fonti originali,Licenza dei dati terzi non verificata come aperta: valgono i termini della fonte; accesso pubblico non equivale a diritto di ripubblicazione. Codice locale originale CC0; nessuna nuova licenza applicata ai dati.
stablecoin_catene,2026-10-04,/70/name,"""Citrea""",https://stablecoins.llama.fi/stablecoinchains,"""Snapshot al momento del prelievo; non ricostruisce lo stato di ieri.""",Licenza dei dati terzi non verificata come aperta: valgono i termini della fonte; accesso pubblico non equivale a diritto di ripubblicazione. Codice locale originale CC0; nessuna nuova licenza applicata ai dati.,,Fonti originali,Licenza dei dati terzi non verificata come aperta: valgono i termini della fonte; accesso pubblico non equivale a diritto di ripubblicazione. Codice locale originale CC0; nessuna nuova licenza applicata ai dati.
stablecoin_catene,2026-10-04,/71/totalCirculatingUSD/peggedUSD,1449901917.0191224,https://stablecoins.llama.fi/stablecoinchains,"""Snapshot al momento del prelievo; non ricostruisce lo stato di ieri.""",Licenza dei dati terzi non verificata come aperta: valgono i termini della fonte; accesso pubblico non equivale a diritto di ripubblicazione. Codice locale originale CC0; nessuna nuova licenza applicata ai dati.,,Fonti originali,Licenza dei dati terzi non verificata come aperta: valgono i termini della fonte; accesso pubblico non equivale a diritto di ripubblicazione. Codice locale originale CC0; nessuna nuova licenza applicata ai dati.
stablecoin_catene,2026-10-04,/71/totalCirculatingUSD/peggedVAR,170.4711461438363,https://stablecoins.llama.fi/stablecoinchains,"""Snapshot al momento del prelievo; non ricostruisce lo stato di ieri.""",Licenza dei dati terzi non verificata come aperta: valgono i termini della fonte; accesso pubblico non equivale a diritto di ripubblicazione. Codice locale originale CC0; nessuna nuova licenza applicata ai dati.,,Fonti originali,Licenza dei dati terzi non verificata come aperta: valgono i termini della fonte; accesso pubblico non equivale a diritto di ripubblicazione. Codice locale originale CC0; nessuna nuova licenza applicata ai dati.
stablecoin_catene,2026-10-04,/71/totalCirculatingUSD/peggedEUR,6586657.063083957,https://stablecoins.llama.fi/stablecoinchains,"""Snapshot al momento del prelievo; non ricostruisce lo stato di ieri.""",Licenza dei dati terzi non verificata come aperta: valgono i termini della fonte; accesso pubblico non equivale a diritto di ripubblicazione. Codice locale originale CC0; nessuna nuova licenza applicata ai dati.,,Fonti originali,Licenza dei dati terzi non verificata come aperta: valgono i termini della fonte; accesso pubblico non equivale a diritto di ripubblicazione. Codice locale originale CC0; nessuna nuova licenza applicata ai dati.
stablecoin_catene,2026-10-04,/71/totalCirculatingUSD/peggedCHF,670397.3074979773,https://stablecoins.llama.fi/stablecoinchains,"""Snapshot al momento del prelievo; non ricostruisce lo stato di ieri.""",Licenza dei dati terzi non verificata come aperta: valgono i termini della fonte; accesso pubblico non equivale a diritto di ripubblicazione. Codice locale originale CC0; nessuna nuova licenza applicata ai dati.,,Fonti originali,Licenza dei dati terzi non verificata come aperta: valgono i termini della fonte; accesso pubblico non equivale a diritto di ripubblicazione. Codice locale originale CC0; nessuna nuova licenza applicata ai dati.
stablecoin_catene,2026-10-04,/71/totalCirculatingUSD/peggedSGD,1328340.400676194,https://stablecoins.llama.fi/stablecoinchains,"""Snapshot al momento del prelievo; non ricostruisce lo stato di ieri.""",Licenza dei dati terzi non verificata come aperta: valgono i termini della fonte; accesso pubblico non equivale a diritto di ripubblicazione. Codice locale originale CC0; nessuna nuova licenza applicata ai dati.,,Fonti originali,Licenza dei dati terzi non verificata come aperta: valgono i termini della fonte; accesso pubblico non equivale a diritto di ripubblicazione. Codice locale originale CC0; nessuna nuova licenza applicata ai dati.
stablecoin_catene,2026-10-04,/71/totalCirculatingUSD/peggedTRY,221106.17448895282,https://stablecoins.llama.fi/stablecoinchains,"""Snapshot al momento del prelievo; non ricostruisce lo stato di ieri.""",Licenza dei dati terzi non verificata come aperta: valgono i termini della fonte; accesso pubblico non equivale a diritto di ripubblicazione. Codice locale originale CC0; nessuna nuova licenza applicata ai dati.,,Fonti originali,Licenza dei dati terzi non verificata come aperta: valgono i termini della fonte; accesso pubblico non equivale a diritto di ripubblicazione. Codice locale originale CC0; nessuna nuova licenza applicata ai dati.
stablecoin_catene,2026-10-04,/71/totalCirculatingUSD/peggedGBP,21.261766480610873,https://stablecoins.llama.fi/stablecoinchains,"""Snapshot al momento del prelievo; non ricostruisce lo stato di ieri.""",Licenza dei dati terzi non verificata come aperta: valgono i termini della fonte; accesso pubblico non equivale a diritto di ripubblicazione. Codice locale originale CC0; nessuna nuova licenza applicata ai dati.,,Fonti originali,Licenza dei dati terzi non verificata come aperta: valgono i termini della fonte; accesso pubblico non equivale a diritto di ripubblicazione. Codice locale originale CC0; nessuna nuova licenza applicata ai dati.
stablecoin_catene,2026-10-04,/71/totalCirculatingUSD/peggedJPY,622212.7165827827,https://stablecoins.llama.fi/stablecoinchains,"""Snapshot al momento del prelievo; non ricostruisce lo stato di ieri.""",Licenza dei dati terzi non verificata come aperta: valgono i termini della fonte; accesso pubblico non equivale a diritto di ripubblicazione. Codice locale originale CC0; nessuna nuova licenza applicata ai dati.,,Fonti originali,Licenza dei dati terzi non verificata come aperta: valgono i termini della fonte; accesso pubblico non equivale a diritto di ripubblicazione. Codice locale originale CC0; nessuna nuova licenza applicata ai dati.
stablecoin_catene,2026-10-04,/71/totalCirculatingUSD/peggedAUD,0,https://stablecoins.llama.fi/stablecoinchains,"""Snapshot al momento del prelievo; non ricostruisce lo stato di ieri.""",Licenza dei dati terzi non verificata come aperta: valgono i termini della fonte; accesso pubblico non equivale a diritto di ripubblicazione. Codice locale originale CC0; nessuna nuova licenza applicata ai dati.,,Fonti originali,Licenza dei dati terzi non verificata come aperta: valgono i termini della fonte; accesso pubblico non equivale a diritto di ripubblicazione. Codice locale originale CC0; nessuna nuova licenza applicata ai dati.
stablecoin_catene,2026-10-04,/71/name,"""Avalanche""",https://stablecoins.llama.fi/stablecoinchains,"""Snapshot al momento del prelievo; non ricostruisce lo stato di ieri.""",Licenza dei dati terzi non verificata come aperta: valgono i termini della fonte; accesso pubblico non equivale a diritto di ripubblicazione. Codice locale originale CC0; nessuna nuova licenza applicata ai dati.,,Fonti originali,Licenza dei dati terzi non verificata come aperta: valgono i termini della fonte; accesso pubblico non equivale a diritto di ripubblicazione. Codice locale originale CC0; nessuna nuova licenza applicata ai dati.
stablecoin_catene,2026-10-04,/72/totalCirculatingUSD/peggedUSD,712674.6083095279,https://stablecoins.llama.fi/stablecoinchains,"""Snapshot al momento del prelievo; non ricostruisce lo stato di ieri.""",Licenza dei dati terzi non verificata come aperta: valgono i termini della fonte; accesso pubblico non equivale a diritto di ripubblicazione. Codice locale originale CC0; nessuna nuova licenza applicata ai dati.,,Fonti originali,Licenza dei dati terzi non verificata come aperta: valgono i termini della fonte; accesso pubblico non equivale a diritto di ripubblicazione. Codice locale originale CC0; nessuna nuova licenza applicata ai dati.
stablecoin_catene,2026-10-04,/72/name,"""Telos""",https://stablecoins.llama.fi/stablecoinchains,"""Snapshot al momento del prelievo; non ricostruisce lo stato di ieri.""",Licenza dei dati terzi non verificata come aperta: valgono i termini della fonte; accesso pubblico non equivale a diritto di ripubblicazione. Codice locale originale CC0; nessuna nuova licenza applicata ai dati.,,Fonti originali,Licenza dei dati terzi non verificata come aperta: valgono i termini della fonte; accesso pubblico non equivale a diritto di ripubblicazione. Codice locale originale CC0; nessuna nuova licenza applicata ai dati.
stablecoin_catene,2026-10-04,/73/totalCirculatingUSD/peggedUSD,3804015648.382637,https://stablecoins.llama.fi/stablecoinchains,"""Snapshot al momento del prelievo; non ricostruisce lo stato di ieri.""",Licenza dei dati terzi non verificata come aperta: valgono i termini della fonte; accesso pubblico non equivale a diritto di ripubblicazione. Codice locale originale CC0; nessuna nuova licenza applicata ai dati.,,Fonti originali,Licenza dei dati terzi non verificata come aperta: valgono i termini della fonte; accesso pubblico non equivale a diritto di ripubblicazione. Codice locale originale CC0; nessuna nuova licenza applicata ai dati.
stablecoin_catene,2026-10-04,/73/totalCirculatingUSD/peggedVAR,84416.86581784356,https://stablecoins.llama.fi/stablecoinchains,"""Snapshot al momento del prelievo; non ricostruisce lo stato di ieri.""",Licenza dei dati terzi non verificata come aperta: valgono i termini della fonte; accesso pubblico non equivale a diritto di ripubblicazione. Codice locale originale CC0; nessuna nuova licenza applicata ai dati.,,Fonti originali,Licenza dei dati terzi non verificata come aperta: valgono i termini della fonte; accesso pubblico non equivale a diritto di ripubblicazione. Codice locale originale CC0; nessuna nuova licenza applicata ai dati.
stablecoin_catene,2026-10-04,/73/totalCirculatingUSD/peggedEUR,4750397.856732972,https://stablecoins.llama.fi/stablecoinchains,"""Snapshot al momento del prelievo; non ricostruisce lo stato di ieri.""",Licenza dei dati terzi non verificata come aperta: valgono i termini della fonte; accesso pubblico non equivale a diritto di ripubblicazione. Codice locale originale CC0; nessuna nuova licenza applicata ai dati.,,Fonti originali,Licenza dei dati terzi non verificata come aperta: valgono i termini della fonte; accesso pubblico non equivale a diritto di ripubblicazione. Codice locale originale CC0; nessuna nuova licenza applicata ai dati.
stablecoin_catene,2026-10-04,/73/totalCirculatingUSD/peggedJPY,9273.402665168624,https://stablecoins.llama.fi/stablecoinchains,"""Snapshot al momento del prelievo; non ricostruisce lo stato di ieri.""",Licenza dei dati terzi non verificata come aperta: valgono i termini della fonte; accesso pubblico non equivale a diritto di ripubblicazione. Codice locale originale CC0; nessuna nuova licenza applicata ai dati.,,Fonti originali,Licenza dei dati terzi non verificata come aperta: valgono i termini della fonte; accesso pubblico non equivale a diritto di ripubblicazione. Codice locale originale CC0; nessuna nuova licenza applicata ai dati.
stablecoin_catene,2026-10-04,/73/totalCirculatingUSD/peggedCAD,10502.06315278849,https://stablecoins.llama.fi/stablecoinchains,"""Snapshot al momento del prelievo; non ricostruisce lo stato di ieri.""",Licenza dei dati terzi non verificata come aperta: valgono i termini della fonte; accesso pubblico non equivale a diritto di ripubblicazione. Codice locale originale CC0; nessuna nuova licenza applicata ai dati.,,Fonti originali,Licenza dei dati terzi non verificata come aperta: valgono i termini della fonte; accesso pubblico non equivale a diritto di ripubblicazione. Codice locale originale CC0; nessuna nuova licenza applicata ai dati.
stablecoin_catene,2026-10-04,/73/totalCirculatingUSD/peggedCHF,19857.56758648225,https://stablecoins.llama.fi/stablecoinchains,"""Snapshot al momento del prelievo; non ricostruisce lo stato di ieri.""",Licenza dei dati terzi non verificata come aperta: valgono i termini della fonte; accesso pubblico non equivale a diritto di ripubblicazione. Codice locale originale CC0; nessuna nuova licenza applicata ai dati.,,Fonti originali,Licenza dei dati terzi non verificata come aperta: valgono i termini della fonte; accesso pubblico non equivale a diritto di ripubblicazione. Codice locale originale CC0; nessuna nuova licenza applicata ai dati.
stablecoin_catene,2026-10-04,/73/totalCirculatingUSD/peggedSGD,16924.117685776637,https://stablecoins.llama.fi/stablecoinchains,"""Snapshot al momento del prelievo; non ricostruisce lo stato di ieri.""",Licenza dei dati terzi non verificata come aperta: valgono i termini della fonte; accesso pubblico non equivale a diritto di ripubblicazione. Codice locale originale CC0; nessuna nuova licenza applicata ai dati.,,Fonti originali,Licenza dei dati terzi non verificata come aperta: valgono i termini della fonte; accesso pubblico non equivale a diritto di ripubblicazione. Codice locale originale CC0; nessuna nuova licenza applicata ai dati.
stablecoin_catene,2026-10-04,/73/totalCirculatingUSD/peggedGBP,60610.14990683976,https://stablecoins.llama.fi/stablecoinchains,"""Snapshot al momento del prelievo; non ricostruisce lo stato di ieri.""",Licenza dei dati terzi non verificata come aperta: valgono i termini della fonte; accesso pubblico non equivale a diritto di ripubblicazione. Codice locale originale CC0; nessuna nuova licenza applicata ai dati.,,Fonti originali,Licenza dei dati terzi non verificata come aperta: valgono i termini della fonte; accesso pubblico non equivale a diritto di ripubblicazione. Codice locale originale CC0; nessuna nuova licenza applicata ai dati.
stablecoin_catene,2026-10-04,/73/name,"""Arbitrum""",https://stablecoins.llama.fi/stablecoinchains,"""Snapshot al momento del prelievo; non ricostruisce lo stato di ieri.""",Licenza dei dati terzi non verificata come aperta: valgono i termini della fonte; accesso pubblico non equivale a diritto di ripubblicazione. Codice locale originale CC0; nessuna nuova licenza applicata ai dati.,,Fonti originali,Licenza dei dati terzi non verificata come aperta: valgono i termini della fonte; accesso pubblico non equivale a diritto di ripubblicazione. Codice locale originale CC0; nessuna nuova licenza applicata ai dati.
stablecoin_catene,2026-10-04,/74/totalCirculatingUSD/peggedUSD,792914.2156889014,https://stablecoins.llama.fi/stablecoinchains,"""Snapshot al momento del prelievo; non ricostruisce lo stato di ieri.""",Licenza dei dati terzi non verificata come aperta: valgono i termini della fonte; accesso pubblico non equivale a diritto di ripubblicazione. Codice locale originale CC0; nessuna nuova licenza applicata ai dati.,,Fonti originali,Licenza dei dati terzi non verificata come aperta: valgono i termini della fonte; accesso pubblico non equivale a diritto di ripubblicazione. Codice locale originale CC0; nessuna nuova licenza applicata ai dati.
stablecoin_catene,2026-10-04,/74/totalCirculatingUSD/peggedAUD,105466.26653639122,https://stablecoins.llama.fi/stablecoinchains,"""Snapshot al momento del prelievo; non ricostruisce lo stato di ieri.""",Licenza dei dati terzi non verificata come aperta: valgono i termini della fonte; accesso pubblico non equivale a diritto di ripubblicazione. Codice locale originale CC0; nessuna nuova licenza applicata ai dati.,,Fonti originali,Licenza dei dati terzi non verificata come aperta: valgono i termini della fonte; accesso pubblico non equivale a diritto di ripubblicazione. Codice locale originale CC0; nessuna nuova licenza applicata ai dati.
stablecoin_catene,2026-10-04,/74/name,"""Redbelly""",https://stablecoins.llama.fi/stablecoinchains,"""Snapshot al momento del prelievo; non ricostruisce lo stato di ieri.""",Licenza dei dati terzi non verificata come aperta: valgono i termini della fonte; accesso pubblico non equivale a diritto di ripubblicazione. Codice locale originale CC0; nessuna nuova licenza applicata ai dati.,,Fonti originali,Licenza dei dati terzi non verificata come aperta: valgono i termini della fonte; accesso pubblico non equivale a diritto di ripubblicazione. Codice locale originale CC0; nessuna nuova licenza applicata ai dati.
stablecoin_catene,2026-10-04,/75/totalCirculatingUSD/peggedUSD,11723448.774068326,https://stablecoins.llama.fi/stablecoinchains,"""Snapshot al momento del prelievo; non ricostruisce lo stato di ieri.""",Licenza dei dati terzi non verificata come aperta: valgono i termini della fonte; accesso pubblico non equivale a diritto di ripubblicazione. Codice locale originale CC0; nessuna nuova licenza applicata ai dati.,,Fonti originali,Licenza dei dati terzi non verificata come aperta: valgono i termini della fonte; accesso pubblico non equivale a diritto di ripubblicazione. Codice locale originale CC0; nessuna nuova licenza applicata ai dati.
stablecoin_catene,2026-10-04,/75/name,"""Stacks""",https://stablecoins.llama.fi/stablecoinchains,"""Snapshot al momento del prelievo; non ricostruisce lo stato di ieri.""",Licenza dei dati terzi non verificata come aperta: valgono i termini della fonte; accesso pubblico non equivale a diritto di ripubblicazione. Codice locale originale CC0; nessuna nuova licenza applicata ai dati.,,Fonti originali,Licenza dei dati terzi non verificata come aperta: valgono i termini della fonte; accesso pubblico non equivale a diritto di ripubblicazione. Codice locale originale CC0; nessuna nuova licenza applicata ai dati.
stablecoin_catene,2026-10-04,/76/totalCirculatingUSD/peggedUSD,20213.412704960432,https://stablecoins.llama.fi/stablecoinchains,"""Snapshot al momento del prelievo; non ricostruisce lo stato di ieri.""",Licenza dei dati terzi non verificata come aperta: valgono i termini della fonte; accesso pubblico non equivale a diritto di ripubblicazione. Codice locale originale CC0; nessuna nuova licenza applicata ai dati.,,Fonti originali,Licenza dei dati terzi non verificata come aperta: valgono i termini della fonte; accesso pubblico non equivale a diritto di ripubblicazione. Codice locale originale CC0; nessuna nuova licenza applicata ai dati.
stablecoin_catene,2026-10-04,/76/name,"""Viction""",https://stablecoins.llama.fi/stablecoinchains,"""Snapshot al momento del prelievo; non ricostruisce lo stato di ieri.""",Licenza dei dati terzi non verificata come aperta: valgono i termini della fonte; accesso pubblico non equivale a diritto di ripubblicazione. Codice locale originale CC0; nessuna nuova licenza applicata ai dati.,,Fonti originali,Licenza dei dati terzi non verificata come aperta: valgono i termini della fonte; accesso pubblico non equivale a diritto di ripubblicazione. Codice locale originale CC0; nessuna nuova licenza applicata ai dati.
stablecoin_catene,2026-10-04,/77/totalCirculatingUSD/peggedUSD,131103.45601538048,https://stablecoins.llama.fi/stablecoinchains,"""Snapshot al momento del prelievo; non ricostruisce lo stato di ieri.""",Licenza dei dati terzi non verificata come aperta: valgono i termini della fonte; accesso pubblico non equivale a diritto di ripubblicazione. Codice locale originale CC0; nessuna nuova licenza applicata ai dati.,,Fonti originali,Licenza dei dati terzi non verificata come aperta: valgono i termini della fonte; accesso pubblico non equivale a diritto di ripubblicazione. Codice locale originale CC0; nessuna nuova licenza applicata ai dati.
stablecoin_catene,2026-10-04,/77/name,"""GOAT""",https://stablecoins.llama.fi/stablecoinchains,"""Snapshot al momento del prelievo; non ricostruisce lo stato di ieri.""",Licenza dei dati terzi non verificata come aperta: valgono i termini della fonte; accesso pubblico non equivale a diritto di ripubblicazione. Codice locale originale CC0; nessuna nuova licenza applicata ai dati.,,Fonti originali,Licenza dei dati terzi non verificata come aperta: valgono i termini della fonte; accesso pubblico non equivale a diritto di ripubblicazione. Codice locale originale CC0; nessuna nuova licenza applicata ai dati.
stablecoin_catene,2026-10-04,/78/totalCirculatingUSD/peggedUSD,0,https://stablecoins.llama.fi/stablecoinchains,"""Snapshot al momento del prelievo; non ricostruisce lo stato di ieri.""",Licenza dei dati terzi non verificata come aperta: valgono i termini della fonte; accesso pubblico non equivale a diritto di ripubblicazione. Codice locale originale CC0; nessuna nuova licenza applicata ai dati.,,Fonti originali,Licenza dei dati terzi non verificata come aperta: valgono i termini della fonte; accesso pubblico non equivale a diritto di ripubblicazione. Codice locale originale CC0; nessuna nuova licenza applicata ai dati.
stablecoin_catene,2026-10-04,/78/totalCirculatingUSD/peggedEUR,0,https://stablecoins.llama.fi/stablecoinchains,"""Snapshot al momento del prelievo; non ricostruisce lo stato di ieri.""",Licenza dei dati terzi non verificata come aperta: valgono i termini della fonte; accesso pubblico non equivale a diritto di ripubblicazione. Codice locale originale CC0; nessuna nuova licenza applicata ai dati.,,Fonti originali,Licenza dei dati terzi non verificata come aperta: valgono i termini della fonte; accesso pubblico non equivale a diritto di ripubblicazione. Codice locale originale CC0; nessuna nuova licenza applicata ai dati.
stablecoin_catene,2026-10-04,/78/name,"""ZKsync Lite""",https://stablecoins.llama.fi/stablecoinchains,"""Snapshot al momento del prelievo; non ricostruisce lo stato di ieri.""",Licenza dei dati terzi non verificata come aperta: valgono i termini della fonte; accesso pubblico non equivale a diritto di ripubblicazione. Codice locale originale CC0; nessuna nuova licenza applicata ai dati.,,Fonti originali,Licenza dei dati terzi non verificata come aperta: valgono i termini della fonte; accesso pubblico non equivale a diritto di ripubblicazione. Codice locale originale CC0; nessuna nuova licenza applicata ai dati.
stablecoin_catene,2026-10-04,/79/totalCirculatingUSD/peggedUSD,463807.7322237006,https://stablecoins.llama.fi/stablecoinchains,"""Snapshot al momento del prelievo; non ricostruisce lo stato di ieri.""",Licenza dei dati terzi non verificata come aperta: valgono i termini della fonte; accesso pubblico non equivale a diritto di ripubblicazione. Codice locale originale CC0; nessuna nuova licenza applicata ai dati.,,Fonti originali,Licenza dei dati terzi non verificata come aperta: valgono i termini della fonte; accesso pubblico non equivale a diritto di ripubblicazione. Codice locale originale CC0; nessuna nuova licenza applicata ai dati.
stablecoin_catene,2026-10-04,/79/name,"""Zircuit""",https://stablecoins.llama.fi/stablecoinchains,"""Snapshot al momento del prelievo; non ricostruisce lo stato di ieri.""",Licenza dei dati terzi non verificata come aperta: valgono i termini della fonte; accesso pubblico non equivale a diritto di ripubblicazione. Codice locale originale CC0; nessuna nuova licenza applicata ai dati.,,Fonti originali,Licenza dei dati terzi non verificata come aperta: valgono i termini della fonte; accesso pubblico non equivale a diritto di ripubblicazione. Codice locale originale CC0; nessuna nuova licenza applicata ai dati.
stablecoin_catene,2026-10-04,/80/totalCirculatingUSD/peggedUSD,482067682.18041885,https://stablecoins.llama.fi/stablecoinchains,"""Snapshot al momento del prelievo; non ricostruisce lo stato di ieri.""",Licenza dei dati terzi non verificata come aperta: valgono i termini della fonte; accesso pubblico non equivale a diritto di ripubblicazione. Codice locale originale CC0; nessuna nuova licenza applicata ai dati.,,Fonti originali,Licenza dei dati terzi non verificata come aperta: valgono i termini della fonte; accesso pubblico non equivale a diritto di ripubblicazione. Codice locale originale CC0; nessuna nuova licenza applicata ai dati.
stablecoin_catene,2026-10-04,/80/name,"""Sui""",https://stablecoins.llama.fi/stablecoinchains,"""Snapshot al momento del prelievo; non ricostruisce lo stato di ieri.""",Licenza dei dati terzi non verificata come aperta: valgono i termini della fonte; accesso pubblico non equivale a diritto di ripubblicazione. Codice locale originale CC0; nessuna nuova licenza applicata ai dati.,,Fonti originali,Licenza dei dati terzi non verificata come aperta: valgono i termini della fonte; accesso pubblico non equivale a diritto di ripubblicazione. Codice locale originale CC0; nessuna nuova licenza applicata ai dati.
stablecoin_catene,2026-10-04,/81/totalCirculatingUSD/peggedUSD,345656.80847762,https://stablecoins.llama.fi/stablecoinchains,"""Snapshot al momento del prelievo; non ricostruisce lo stato di ieri.""",Licenza dei dati terzi non verificata come aperta: valgono i termini della fonte; accesso pubblico non equivale a diritto di ripubblicazione. Codice locale originale CC0; nessuna nuova licenza applicata ai dati.,,Fonti originali,Licenza dei dati terzi non verificata come aperta: valgono i termini della fonte; accesso pubblico non equivale a diritto di ripubblicazione. Codice locale originale CC0; nessuna nuova licenza applicata ai dati.
stablecoin_catene,2026-10-04,/81/name,"""Arbitrum Nova""",https://stablecoins.llama.fi/stablecoinchains,"""Snapshot al momento del prelievo; non ricostruisce lo stato di ieri.""",Licenza dei dati terzi non verificata come aperta: valgono i termini della fonte; accesso pubblico non equivale a diritto di ripubblicazione. Codice locale originale CC0; nessuna nuova licenza applicata ai dati.,,Fonti originali,Licenza dei dati terzi non verificata come aperta: valgono i termini della fonte; accesso pubblico non equivale a diritto di ripubblicazione. Codice locale originale CC0; nessuna nuova licenza applicata ai dati.
stablecoin_catene,2026-10-04,/82/totalCirculatingUSD/peggedUSD,1387056990.793478,https://stablecoins.llama.fi/stablecoinchains,"""Snapshot al momento del prelievo; non ricostruisce lo stato di ieri.""",Licenza dei dati terzi non verificata come aperta: valgono i termini della fonte; accesso pubblico non equivale a diritto di ripubblicazione. Codice locale originale CC0; nessuna nuova licenza applicata ai dati.,,Fonti originali,Licenza dei dati terzi non verificata come aperta: valgono i termini della fonte; accesso pubblico non equivale a diritto di ripubblicazione. Codice locale originale CC0; nessuna nuova licenza applicata ai dati.
stablecoin_catene,2026-10-04,/82/totalCirculatingUSD/peggedEUR,280000.68243643455,https://stablecoins.llama.fi/stablecoinchains,"""Snapshot al momento del prelievo; non ricostruisce lo stato di ieri.""",Licenza dei dati terzi non verificata come aperta: valgono i termini della fonte; accesso pubblico non equivale a diritto di ripubblicazione. Codice locale originale CC0; nessuna nuova licenza applicata ai dati.,,Fonti originali,Licenza dei dati terzi non verificata come aperta: valgono i termini della fonte; accesso pubblico non equivale a diritto di ripubblicazione. Codice locale originale CC0; nessuna nuova licenza applicata ai dati.
stablecoin_catene,2026-10-04,/82/totalCirculatingUSD/peggedTRY,3287121.0238140193,https://stablecoins.llama.fi/stablecoinchains,"""Snapshot al momento del prelievo; non ricostruisce lo stato di ieri.""",Licenza dei dati terzi non verificata come aperta: valgono i termini della fonte; accesso pubblico non equivale a diritto di ripubblicazione. Codice locale originale CC0; nessuna nuova licenza applicata ai dati.,,Fonti originali,Licenza dei dati terzi non verificata come aperta: valgono i termini della fonte; accesso pubblico non equivale a diritto di ripubblicazione. Codice locale originale CC0; nessuna nuova licenza applicata ai dati.
stablecoin_catene,2026-10-04,/82/name,"""Plasma""",https://stablecoins.llama.fi/stablecoinchains,"""Snapshot al momento del prelievo; non ricostruisce lo stato di ieri.""",Licenza dei dati terzi non verificata come aperta: valgono i termini della fonte; accesso pubblico non equivale a diritto di ripubblicazione. Codice locale originale CC0; nessuna nuova licenza applicata ai dati.,,Fonti originali,Licenza dei dati terzi non verificata come aperta: valgono i termini della fonte; accesso pubblico non equivale a diritto di ripubblicazione. Codice locale originale CC0; nessuna nuova licenza applicata ai dati.
stablecoin_catene,2026-10-04,/83/totalCirculatingUSD/peggedUSD,11670084.502517547,https://stablecoins.llama.fi/stablecoinchains,"""Snapshot al momento del prelievo; non ricostruisce lo stato di ieri.""",Licenza dei dati terzi non verificata come aperta: valgono i termini della fonte; accesso pubblico non equivale a diritto di ripubblicazione. Codice locale originale CC0; nessuna nuova licenza applicata ai dati.,,Fonti originali,Licenza dei dati terzi non verificata come aperta: valgono i termini della fonte; accesso pubblico non equivale a diritto di ripubblicazione. Codice locale originale CC0; nessuna nuova licenza applicata ai dati.
stablecoin_catene,2026-10-04,/83/name,"""Rootstock""",https://stablecoins.llama.fi/stablecoinchains,"""Snapshot al momento del prelievo; non ricostruisce lo stato di ieri.""",Licenza dei dati terzi non verificata come aperta: valgono i termini della fonte; accesso pubblico non equivale a diritto di ripubblicazione. Codice locale originale CC0; nessuna nuova licenza applicata ai dati.,,Fonti originali,Licenza dei dati terzi non verificata come aperta: valgono i termini della fonte; accesso pubblico non equivale a diritto di ripubblicazione. Codice locale originale CC0; nessuna nuova licenza applicata ai dati.
stablecoin_catene,2026-10-04,/84/totalCirculatingUSD/peggedUSD,6408797.163198875,https://stablecoins.llama.fi/stablecoinchains,"""Snapshot al momento del prelievo; non ricostruisce lo stato di ieri.""",Licenza dei dati terzi non verificata come aperta: valgono i termini della fonte; accesso pubblico non equivale a diritto di ripubblicazione. Codice locale originale CC0; nessuna nuova licenza applicata ai dati.,,Fonti originali,Licenza dei dati terzi non verificata come aperta: valgono i termini della fonte; accesso pubblico non equivale a diritto di ripubblicazione. Codice locale originale CC0; nessuna nuova licenza applicata ai dati.
stablecoin_catene,2026-10-04,/84/name,"""Abstract""",https://stablecoins.llama.fi/stablecoinchains,"""Snapshot al momento del prelievo; non ricostruisce lo stato di ieri.""",Licenza dei dati terzi non verificata come aperta: valgono i termini della fonte; accesso pubblico non equivale a diritto di ripubblicazione. Codice locale originale CC0; nessuna nuova licenza applicata ai dati.,,Fonti originali,Licenza dei dati terzi non verificata come aperta: valgono i termini della fonte; accesso pubblico non equivale a diritto di ripubblicazione. Codice locale originale CC0; nessuna nuova licenza applicata ai dati.
stablecoin_catene,2026-10-04,/85/totalCirculatingUSD/peggedUSD,0,https://stablecoins.llama.fi/stablecoinchains,"""Snapshot al momento del prelievo; non ricostruisce lo stato di ieri.""",Licenza dei dati terzi non verificata come aperta: valgono i termini della fonte; accesso pubblico non equivale a diritto di ripubblicazione. Codice locale originale CC0; nessuna nuova licenza applicata ai dati.,,Fonti originali,Licenza dei dati terzi non verificata come aperta: valgono i termini della fonte; accesso pubblico non equivale a diritto di ripubblicazione. Codice locale originale CC0; nessuna nuova licenza applicata ai dati.
stablecoin_catene,2026-10-04,/85/totalCirculatingUSD/peggedREAL,0,https://stablecoins.llama.fi/stablecoinchains,"""Snapshot al momento del prelievo; non ricostruisce lo stato di ieri.""",Licenza dei dati terzi non verificata come aperta: valgono i termini della fonte; accesso pubblico non equivale a diritto di ripubblicazione. Codice locale originale CC0; nessuna nuova licenza applicata ai dati.,,Fonti originali,Licenza dei dati terzi non verificata come aperta: valgono i termini della fonte; accesso pubblico non equivale a diritto di ripubblicazione. Codice locale originale CC0; nessuna nuova licenza applicata ai dati.
stablecoin_catene,2026-10-04,/85/name,"""Moonbeam""",https://stablecoins.llama.fi/stablecoinchains,"""Snapshot al momento del prelievo; non ricostruisce lo stato di ieri.""",Licenza dei dati terzi non verificata come aperta: valgono i termini della fonte; accesso pubblico non equivale a diritto di ripubblicazione. Codice locale originale CC0; nessuna nuova licenza applicata ai dati.,,Fonti originali,Licenza dei dati terzi non verificata come aperta: valgono i termini della fonte; accesso pubblico non equivale a diritto di ripubblicazione. Codice locale originale CC0; nessuna nuova licenza applicata ai dati.
stablecoin_catene,2026-10-04,/86/totalCirculatingUSD/peggedUSD,728544733.7615055,https://stablecoins.llama.fi/stablecoinchains,"""Snapshot al momento del prelievo; non ricostruisce lo stato di ieri.""",Licenza dei dati terzi non verificata come aperta: valgono i termini della fonte; accesso pubblico non equivale a diritto di ripubblicazione. Codice locale originale CC0; nessuna nuova licenza applicata ai dati.,,Fonti originali,Licenza dei dati terzi non verificata come aperta: valgono i termini della fonte; accesso pubblico non equivale a diritto di ripubblicazione. Codice locale originale CC0; nessuna nuova licenza applicata ai dati.
stablecoin_catene,2026-10-04,/86/name,"""TON""",https://stablecoins.llama.fi/stablecoinchains,"""Snapshot al momento del prelievo; non ricostruisce lo stato di ieri.""",Licenza dei dati terzi non verificata come aperta: valgono i termini della fonte; accesso pubblico non equivale a diritto di ripubblicazione. Codice locale originale CC0; nessuna nuova licenza applicata ai dati.,,Fonti originali,Licenza dei dati terzi non verificata come aperta: valgono i termini della fonte; accesso pubblico non equivale a diritto di ripubblicazione. Codice locale originale CC0; nessuna nuova licenza applicata ai dati.
stablecoin_catene,2026-10-04,/87/totalCirculatingUSD/peggedUSD,37587513.90133004,https://stablecoins.llama.fi/stablecoinchains,"""Snapshot al momento del prelievo; non ricostruisce lo stato di ieri.""",Licenza dei dati terzi non verificata come aperta: valgono i termini della fonte; accesso pubblico non equivale a diritto di ripubblicazione. Codice locale originale CC0; nessuna nuova licenza applicata ai dati.,,Fonti originali,Licenza dei dati terzi non verificata come aperta: valgono i termini della fonte; accesso pubblico non equivale a diritto di ripubblicazione. Codice locale originale CC0; nessuna nuova licenza applicata ai dati.
stablecoin_catene,2026-10-04,/87/totalCirculatingUSD/peggedVAR,285798.0092683259,https://stablecoins.llama.fi/stablecoinchains,"""Snapshot al momento del prelievo; non ricostruisce lo stato di ieri.""",Licenza dei dati terzi non verificata come aperta: valgono i termini della fonte; accesso pubblico non equivale a diritto di ripubblicazione. Codice locale originale CC0; nessuna nuova licenza applicata ai dati.,,Fonti originali,Licenza dei dati terzi non verificata come aperta: valgono i termini della fonte; accesso pubblico non equivale a diritto di ripubblicazione. Codice locale originale CC0; nessuna nuova licenza applicata ai dati.
stablecoin_catene,2026-10-04,/87/name,"""ZKsync Era""",https://stablecoins.llama.fi/stablecoinchains,"""Snapshot al momento del prelievo; non ricostruisce lo stato di ieri.""",Licenza dei dati terzi non verificata come aperta: valgono i termini della fonte; accesso pubblico non equivale a diritto di ripubblicazione. Codice locale originale CC0; nessuna nuova licenza applicata ai dati.,,Fonti originali,Licenza dei dati terzi non verificata come aperta: valgono i termini della fonte; accesso pubblico non equivale a diritto di ripubblicazione. Codice locale originale CC0; nessuna nuova licenza applicata ai dati.
stablecoin_catene,2026-10-04,/88/totalCirculatingUSD/peggedUSD,4578721.611534223,https://stablecoins.llama.fi/stablecoinchains,"""Snapshot al momento del prelievo; non ricostruisce lo stato di ieri.""",Licenza dei dati terzi non verificata come aperta: valgono i termini della fonte; accesso pubblico non equivale a diritto di ripubblicazione. Codice locale originale CC0; nessuna nuova licenza applicata ai dati.,,Fonti originali,Licenza dei dati terzi non verificata come aperta: valgono i termini della fonte; accesso pubblico non equivale a diritto di ripubblicazione. Codice locale originale CC0; nessuna nuova licenza applicata ai dati.
stablecoin_catene,2026-10-04,/88/totalCirculatingUSD/peggedEUR,3944.0958366743307,https://stablecoins.llama.fi/stablecoinchains,"""Snapshot al momento del prelievo; non ricostruisce lo stato di ieri.""",Licenza dei dati terzi non verificata come aperta: valgono i termini della fonte; accesso pubblico non equivale a diritto di ripubblicazione. Codice locale originale CC0; nessuna nuova licenza applicata ai dati.,,Fonti originali,Licenza dei dati terzi non verificata come aperta: valgono i termini della fonte; accesso pubblico non equivale a diritto di ripubblicazione. Codice locale originale CC0; nessuna nuova licenza applicata ai dati.
stablecoin_catene,2026-10-04,/88/name,"""Aurora""",https://stablecoins.llama.fi/stablecoinchains,"""Snapshot al momento del prelievo; non ricostruisce lo stato di ieri.""",Licenza dei dati terzi non verificata come aperta: valgono i termini della fonte; accesso pubblico non equivale a diritto di ripubblicazione. Codice locale originale CC0; nessuna nuova licenza applicata ai dati.,,Fonti originali,Licenza dei dati terzi non verificata come aperta: valgono i termini della fonte; accesso pubblico non equivale a diritto di ripubblicazione. Codice locale originale CC0; nessuna nuova licenza applicata ai dati.
stablecoin_catene,2026-10-04,/89/totalCirculatingUSD/peggedUSD,308863554.2381298,https://stablecoins.llama.fi/stablecoinchains,"""Snapshot al momento del prelievo; non ricostruisce lo stato di ieri.""",Licenza dei dati terzi non verificata come aperta: valgono i termini della fonte; accesso pubblico non equivale a diritto di ripubblicazione. Codice locale originale CC0; nessuna nuova licenza applicata ai dati.,,Fonti originali,Licenza dei dati terzi non verificata come aperta: valgono i termini della fonte; accesso pubblico non equivale a diritto di ripubblicazione. Codice locale originale CC0; nessuna nuova licenza applicata ai dati.
stablecoin_catene,2026-10-04,/89/name,"""Sei""",https://stablecoins.llama.fi/stablecoinchains,"""Snapshot al momento del prelievo; non ricostruisce lo stato di ieri.""",Licenza dei dati terzi non verificata come aperta: valgono i termini della fonte; accesso pubblico non equivale a diritto di ripubblicazione. Codice locale originale CC0; nessuna nuova licenza applicata ai dati.,,Fonti originali,Licenza dei dati terzi non verificata come aperta: valgono i termini della fonte; accesso pubblico non equivale a diritto di ripubblicazione. Codice locale originale CC0; nessuna nuova licenza applicata ai dati.
stablecoin_catene,2026-10-04,/90/totalCirculatingUSD/peggedUSD,35486.67605631295,https://stablecoins.llama.fi/stablecoinchains,"""Snapshot al momento del prelievo; non ricostruisce lo stato di ieri.""",Licenza dei dati terzi non verificata come aperta: valgono i termini della fonte; accesso pubblico non equivale a diritto di ripubblicazione. Codice locale originale CC0; nessuna nuova licenza applicata ai dati.,,Fonti originali,Licenza dei dati terzi non verificata come aperta: valgono i termini della fonte; accesso pubblico non equivale a diritto di ripubblicazione. Codice locale originale CC0; nessuna nuova licenza applicata ai dati.
stablecoin_catene,2026-10-04,/90/name,"""Gravity by Galxe""",https://stablecoins.llama.fi/stablecoinchains,"""Snapshot al momento del prelievo; non ricostruisce lo stato di ieri.""",Licenza dei dati terzi non verificata come aperta: valgono i termini della fonte; accesso pubblico non equivale a diritto di ripubblicazione. Codice locale originale CC0; nessuna nuova licenza applicata ai dati.,,Fonti originali,Licenza dei dati terzi non verificata come aperta: valgono i termini della fonte; accesso pubblico non equivale a diritto di ripubblicazione. Codice locale originale CC0; nessuna nuova licenza applicata ai dati.
stablecoin_catene,2026-10-04,/91/totalCirculatingUSD/peggedUSD,14255314.208754735,https://stablecoins.llama.fi/stablecoinchains,"""Snapshot al momento del prelievo; non ricostruisce lo stato di ieri.""",Licenza dei dati terzi non verificata come aperta: valgono i termini della fonte; accesso pubblico non equivale a diritto di ripubblicazione. Codice locale originale CC0; nessuna nuova licenza applicata ai dati.,,Fonti originali,Licenza dei dati terzi non verificata come aperta: valgono i termini della fonte; accesso pubblico non equivale a diritto di ripubblicazione. Codice locale originale CC0; nessuna nuova licenza applicata ai dati.
stablecoin_catene,2026-10-04,/91/name,"""Injective""",https://stablecoins.llama.fi/stablecoinchains,"""Snapshot al momento del prelievo; non ricostruisce lo stato di ieri.""",Licenza dei dati terzi non verificata come aperta: valgono i termini della fonte; accesso pubblico non equivale a diritto di ripubblicazione. Codice locale originale CC0; nessuna nuova licenza applicata ai dati.,,Fonti originali,Licenza dei dati terzi non verificata come aperta: valgono i termini della fonte; accesso pubblico non equivale a diritto di ripubblicazione. Codice locale originale CC0; nessuna nuova licenza applicata ai dati.
stablecoin_catene,2026-10-04,/92/totalCirculatingUSD/peggedUSD,35418.604357140226,https://stablecoins.llama.fi/stablecoinchains,"""Snapshot al momento del prelievo; non ricostruisce lo stato di ieri.""",Licenza dei dati terzi non verificata come aperta: valgono i termini della fonte; accesso pubblico non equivale a diritto di ripubblicazione. Codice locale originale CC0; nessuna nuova licenza applicata ai dati.,,Fonti originali,Licenza dei dati terzi non verificata come aperta: valgono i termini della fonte; accesso pubblico non equivale a diritto di ripubblicazione. Codice locale originale CC0; nessuna nuova licenza applicata ai dati.
stablecoin_catene,2026-10-04,/92/name,"""LightLink""",https://stablecoins.llama.fi/stablecoinchains,"""Snapshot al momento del prelievo; non ricostruisce lo stato di ieri.""",Licenza dei dati terzi non verificata come aperta: valgono i termini della fonte; accesso pubblico non equivale a diritto di ripubblicazione. Codice locale originale CC0; nessuna nuova licenza applicata ai dati.,,Fonti originali,Licenza dei dati terzi non verificata come aperta: valgono i termini della fonte; accesso pubblico non equivale a diritto di ripubblicazione. Codice locale originale CC0; nessuna nuova licenza applicata ai dati.
stablecoin_catene,2026-10-04,/93/totalCirculatingUSD/peggedUSD,1193184.4766965334,https://stablecoins.llama.fi/stablecoinchains,"""Snapshot al momento del prelievo; non ricostruisce lo stato di ieri.""",Licenza dei dati terzi non verificata come aperta: valgono i termini della fonte; accesso pubblico non equivale a diritto di ripubblicazione. Codice locale originale CC0; nessuna nuova licenza applicata ai dati.,,Fonti originali,Licenza dei dati terzi non verificata come aperta: valgono i termini della fonte; accesso pubblico non equivale a diritto di ripubblicazione. Codice locale originale CC0; nessuna nuova licenza applicata ai dati.
stablecoin_catene,2026-10-04,/93/name,"""Canto""",https://stablecoins.llama.fi/stablecoinchains,"""Snapshot al momento del prelievo; non ricostruisce lo stato di ieri.""",Licenza dei dati terzi non verificata come aperta: valgono i termini della fonte; accesso pubblico non equivale a diritto di ripubblicazione. Codice locale originale CC0; nessuna nuova licenza applicata ai dati.,,Fonti originali,Licenza dei dati terzi non verificata come aperta: valgono i termini della fonte; accesso pubblico non equivale a diritto di ripubblicazione. Codice locale originale CC0; nessuna nuova licenza applicata ai dati.
stablecoin_catene,2026-10-04,/94/totalCirculatingUSD/peggedUSD,9255315.652839724,https://stablecoins.llama.fi/stablecoinchains,"""Snapshot al momento del prelievo; non ricostruisce lo stato di ieri.""",Licenza dei dati terzi non verificata come aperta: valgono i termini della fonte; accesso pubblico non equivale a diritto di ripubblicazione. Codice locale originale CC0; nessuna nuova licenza applicata ai dati.,,Fonti originali,Licenza dei dati terzi non verificata come aperta: valgono i termini della fonte; accesso pubblico non equivale a diritto di ripubblicazione. Codice locale originale CC0; nessuna nuova licenza applicata ai dati.
stablecoin_catene,2026-10-04,/94/totalCirculatingUSD/peggedEUR,0,https://stablecoins.llama.fi/stablecoinchains,"""Snapshot al momento del prelievo; non ricostruisce lo stato di ieri.""",Licenza dei dati terzi non verificata come aperta: valgono i termini della fonte; accesso pubblico non equivale a diritto di ripubblicazione. Codice locale originale CC0; nessuna nuova licenza applicata ai dati.,,Fonti originali,Licenza dei dati terzi non verificata come aperta: valgono i termini della fonte; accesso pubblico non equivale a diritto di ripubblicazione. Codice locale originale CC0; nessuna nuova licenza applicata ai dati.
stablecoin_catene,2026-10-04,/94/name,"""Scroll""",https://stablecoins.llama.fi/stablecoinchains,"""Snapshot al momento del prelievo; non ricostruisce lo stato di ieri.""",Licenza dei dati terzi non verificata come aperta: valgono i termini della fonte; accesso pubblico non equivale a diritto di ripubblicazione. Codice locale originale CC0; nessuna nuova licenza applicata ai dati.,,Fonti originali,Licenza dei dati terzi non verificata come aperta: valgono i termini della fonte; accesso pubblico non equivale a diritto di ripubblicazione. Codice locale originale CC0; nessuna nuova licenza applicata ai dati.
stablecoin_catene,2026-10-04,/95/totalCirculatingUSD/peggedUSD,0,https://stablecoins.llama.fi/stablecoinchains,"""Snapshot al momento del prelievo; non ricostruisce lo stato di ieri.""",Licenza dei dati terzi non verificata come aperta: valgono i termini della fonte; accesso pubblico non equivale a diritto di ripubblicazione. Codice locale originale CC0; nessuna nuova licenza applicata ai dati.,,Fonti originali,Licenza dei dati terzi non verificata come aperta: valgono i termini della fonte; accesso pubblico non equivale a diritto di ripubblicazione. Codice locale originale CC0; nessuna nuova licenza applicata ai dati.
stablecoin_catene,2026-10-04,/95/name,"""Moonriver""",https://stablecoins.llama.fi/stablecoinchains,"""Snapshot al momento del prelievo; non ricostruisce lo stato di ieri.""",Licenza dei dati terzi non verificata come aperta: valgono i termini della fonte; accesso pubblico non equivale a diritto di ripubblicazione. Codice locale originale CC0; nessuna nuova licenza applicata ai dati.,,Fonti originali,Licenza dei dati terzi non verificata come aperta: valgono i termini della fonte; accesso pubblico non equivale a diritto di ripubblicazione. Codice locale originale CC0; nessuna nuova licenza applicata ai dati.
stablecoin_catene,2026-10-04,/96/totalCirculatingUSD/peggedUSD,34473911.81952622,https://stablecoins.llama.fi/stablecoinchains,"""Snapshot al momento del prelievo; non ricostruisce lo stato di ieri.""",Licenza dei dati terzi non verificata come aperta: valgono i termini della fonte; accesso pubblico non equivale a diritto di ripubblicazione. Codice locale originale CC0; nessuna nuova licenza applicata ai dati.,,Fonti originali,Licenza dei dati terzi non verificata come aperta: valgono i termini della fonte; accesso pubblico non equivale a diritto di ripubblicazione. Codice locale originale CC0; nessuna nuova licenza applicata ai dati.
stablecoin_catene,2026-10-04,/96/name,"""Mixin""",https://stablecoins.llama.fi/stablecoinchains,"""Snapshot al momento del prelievo; non ricostruisce lo stato di ieri.""",Licenza dei dati terzi non verificata come aperta: valgono i termini della fonte; accesso pubblico non equivale a diritto di ripubblicazione. Codice locale originale CC0; nessuna nuova licenza applicata ai dati.,,Fonti originali,Licenza dei dati terzi non verificata come aperta: valgono i termini della fonte; accesso pubblico non equivale a diritto di ripubblicazione. Codice locale originale CC0; nessuna nuova licenza applicata ai dati.
stablecoin_catene,2026-10-04,/97/totalCirculatingUSD/peggedUSD,0,https://stablecoins.llama.fi/stablecoinchains,"""Snapshot al momento del prelievo; non ricostruisce lo stato di ieri.""",Licenza dei dati terzi non verificata come aperta: valgono i termini della fonte; accesso pubblico non equivale a diritto di ripubblicazione. Codice locale originale CC0; nessuna nuova licenza applicata ai dati.,,Fonti originali,Licenza dei dati terzi non verificata come aperta: valgono i termini della fonte; accesso pubblico non equivale a diritto di ripubblicazione. Codice locale originale CC0; nessuna nuova licenza applicata ai dati.
stablecoin_catene,2026-10-04,/97/name,"""Meter""",https://stablecoins.llama.fi/stablecoinchains,"""Snapshot al momento del prelievo; non ricostruisce lo stato di ieri.""",Licenza dei dati terzi non verificata come aperta: valgono i termini della fonte; accesso pubblico non equivale a diritto di ripubblicazione. Codice locale originale CC0; nessuna nuova licenza applicata ai dati.,,Fonti originali,Licenza dei dati terzi non verificata come aperta: valgono i termini della fonte; accesso pubblico non equivale a diritto di ripubblicazione. Codice locale originale CC0; nessuna nuova licenza applicata ai dati.
stablecoin_catene,2026-10-04,/98/totalCirculatingUSD/peggedUSD,20866582.388482895,https://stablecoins.llama.fi/stablecoinchains,"""Snapshot al momento del prelievo; non ricostruisce lo stato di ieri.""",Licenza dei dati terzi non verificata come aperta: valgono i termini della fonte; accesso pubblico non equivale a diritto di ripubblicazione. Codice locale originale CC0; nessuna nuova licenza applicata ai dati.,,Fonti originali,Licenza dei dati terzi non verificata come aperta: valgono i termini della fonte; accesso pubblico non equivale a diritto di ripubblicazione. Codice locale originale CC0; nessuna nuova licenza applicata ai dati.
stablecoin_catene,2026-10-04,/98/name,"""Stable""",https://stablecoins.llama.fi/stablecoinchains,"""Snapshot al momento del prelievo; non ricostruisce lo stato di ieri.""",Licenza dei dati terzi non verificata come aperta: valgono i termini della fonte; accesso pubblico non equivale a diritto di ripubblicazione. Codice locale originale CC0; nessuna nuova licenza applicata ai dati.,,Fonti originali,Licenza dei dati terzi non verificata come aperta: valgono i termini della fonte; accesso pubblico non equivale a diritto di ripubblicazione. Codice locale originale CC0; nessuna nuova licenza applicata ai dati.
stablecoin_catene,2026-10-04,/99/totalCirculatingUSD/peggedUSD,1557306205.9085467,https://stablecoins.llama.fi/stablecoinchains,"""Snapshot al momento del prelievo; non ricostruisce lo stato di ieri.""",Licenza dei dati terzi non verificata come aperta: valgono i termini della fonte; accesso pubblico non equivale a diritto di ripubblicazione. Codice locale originale CC0; nessuna nuova licenza applicata ai dati.,,Fonti originali,Licenza dei dati terzi non verificata come aperta: valgono i termini della fonte; accesso pubblico non equivale a diritto di ripubblicazione. Codice locale originale CC0; nessuna nuova licenza applicata ai dati.
stablecoin_catene,2026-10-04,/99/name,"""X Layer""",https://stablecoins.llama.fi/stablecoinchains,"""Snapshot al momento del prelievo; non ricostruisce lo stato di ieri.""",Licenza dei dati terzi non verificata come aperta: valgono i termini della fonte; accesso pubblico non equivale a diritto di ripubblicazione. Codice locale originale CC0; nessuna nuova licenza applicata ai dati.,,Fonti originali,Licenza dei dati terzi non verificata come aperta: valgono i termini della fonte; accesso pubblico non equivale a diritto di ripubblicazione. Codice locale originale CC0; nessuna nuova licenza applicata ai dati.
stablecoin_catene,2026-10-04,/100/totalCirculatingUSD/peggedUSD,20233706.982302193,https://stablecoins.llama.fi/stablecoinchains,"""Snapshot al momento del prelievo; non ricostruisce lo stato di ieri.""",Licenza dei dati terzi non verificata come aperta: valgono i termini della fonte; accesso pubblico non equivale a diritto di ripubblicazione. Codice locale originale CC0; nessuna nuova licenza applicata ai dati.,,Fonti originali,Licenza dei dati terzi non verificata come aperta: valgono i termini della fonte; accesso pubblico non equivale a diritto di ripubblicazione. Codice locale originale CC0; nessuna nuova licenza applicata ai dati.
stablecoin_catene,2026-10-04,/100/name,"""Etherlink""",https://stablecoins.llama.fi/stablecoinchains,"""Snapshot al momento del prelievo; non ricostruisce lo stato di ieri.""",Licenza dei dati terzi non verificata come aperta: valgono i termini della fonte; accesso pubblico non equivale a diritto di ripubblicazione. Codice locale originale CC0; nessuna nuova licenza applicata ai dati.,,Fonti originali,Licenza dei dati terzi non verificata come aperta: valgono i termini della fonte; accesso pubblico non equivale a diritto di ripubblicazione. Codice locale originale CC0; nessuna nuova licenza applicata ai dati.
stablecoin_catene,2026-10-04,/101/totalCirculatingUSD/peggedUSD,14767866.245070975,https://stablecoins.llama.fi/stablecoinchains,"""Snapshot al momento del prelievo; non ricostruisce lo stato di ieri.""",Licenza dei dati terzi non verificata come aperta: valgono i termini della fonte; accesso pubblico non equivale a diritto di ripubblicazione. Codice locale originale CC0; nessuna nuova licenza applicata ai dati.,,Fonti originali,Licenza dei dati terzi non verificata come aperta: valgono i termini della fonte; accesso pubblico non equivale a diritto di ripubblicazione. Codice locale originale CC0; nessuna nuova licenza applicata ai dati.
stablecoin_catene,2026-10-04,/101/totalCirculatingUSD/peggedVAR,2448.1738531094566,https://stablecoins.llama.fi/stablecoinchains,"""Snapshot al momento del prelievo; non ricostruisce lo stato di ieri.""",Licenza dei dati terzi non verificata come aperta: valgono i termini della fonte; accesso pubblico non equivale a diritto di ripubblicazione. Codice locale originale CC0; nessuna nuova licenza applicata ai dati.,,Fonti originali,Licenza dei dati terzi non verificata come aperta: valgono i termini della fonte; accesso pubblico non equivale a diritto di ripubblicazione. Codice locale originale CC0; nessuna nuova licenza applicata ai dati.
stablecoin_catene,2026-10-04,/101/totalCirculatingUSD/peggedEUR,21203074.502143905,https://stablecoins.llama.fi/stablecoinchains,"""Snapshot al momento del prelievo; non ricostruisce lo stato di ieri.""",Licenza dei dati terzi non verificata come aperta: valgono i termini della fonte; accesso pubblico non equivale a diritto di ripubblicazione. Codice locale originale CC0; nessuna nuova licenza applicata ai dati.,,Fonti originali,Licenza dei dati terzi non verificata come aperta: valgono i termini della fonte; accesso pubblico non equivale a diritto di ripubblicazione. Codice locale originale CC0; nessuna nuova licenza applicata ai dati.
stablecoin_catene,2026-10-04,/101/totalCirculatingUSD/peggedCHF,1779187.3718031407,https://stablecoins.llama.fi/stablecoinchains,"""Snapshot al momento del prelievo; non ricostruisce lo stato di ieri.""",Licenza dei dati terzi non verificata come aperta: valgono i termini della fonte; accesso pubblico non equivale a diritto di ripubblicazione. Codice locale originale CC0; nessuna nuova licenza applicata ai dati.,,Fonti originali,Licenza dei dati terzi non verificata come aperta: valgono i termini della fonte; accesso pubblico non equivale a diritto di ripubblicazione. Codice locale originale CC0; nessuna nuova licenza applicata ai dati.
stablecoin_catene,2026-10-04,/101/totalCirculatingUSD/peggedGBP,1962.6244681081926,https://stablecoins.llama.fi/stablecoinchains,"""Snapshot al momento del prelievo; non ricostruisce lo stato di ieri.""",Licenza dei dati terzi non verificata come aperta: valgono i termini della fonte; accesso pubblico non equivale a diritto di ripubblicazione. Codice locale originale CC0; nessuna nuova licenza applicata ai dati.,,Fonti originali,Licenza dei dati terzi non verificata come aperta: valgono i termini della fonte; accesso pubblico non equivale a diritto di ripubblicazione. Codice locale originale CC0; nessuna nuova licenza applicata ai dati.
stablecoin_catene,2026-10-04,/101/totalCirculatingUSD/peggedREAL,499199.6585384914,https://stablecoins.llama.fi/stablecoinchains,"""Snapshot al momento del prelievo; non ricostruisce lo stato di ieri.""",Licenza dei dati terzi non verificata come aperta: valgono i termini della fonte; accesso pubblico non equivale a diritto di ripubblicazione. Codice locale originale CC0; nessuna nuova licenza applicata ai dati.,,Fonti originali,Licenza dei dati terzi non verificata come aperta: valgono i termini della fonte; accesso pubblico non equivale a diritto di ripubblicazione. Codice locale originale CC0; nessuna nuova licenza applicata ai dati.
stablecoin_catene,2026-10-04,/101/totalCirculatingUSD/peggedARS,5807.739631065955,https://stablecoins.llama.fi/stablecoinchains,"""Snapshot al momento del prelievo; non ricostruisce lo stato di ieri.""",Licenza dei dati terzi non verificata come aperta: valgono i termini della fonte; accesso pubblico non equivale a diritto di ripubblicazione. Codice locale originale CC0; nessuna nuova licenza applicata ai dati.,,Fonti originali,Licenza dei dati terzi non verificata come aperta: valgono i termini della fonte; accesso pubblico non equivale a diritto di ripubblicazione. Codice locale originale CC0; nessuna nuova licenza applicata ai dati.
stablecoin_catene,2026-10-04,/101/totalCirculatingUSD/peggedCLP,5015.49922128467,https://stablecoins.llama.fi/stablecoinchains,"""Snapshot al momento del prelievo; non ricostruisce lo stato di ieri.""",Licenza dei dati terzi non verificata come aperta: valgono i termini della fonte; accesso pubblico non equivale a diritto di ripubblicazione. Codice locale originale CC0; nessuna nuova licenza applicata ai dati.,,Fonti originali,Licenza dei dati terzi non verificata come aperta: valgono i termini della fonte; accesso pubblico non equivale a diritto di ripubblicazione. Codice locale originale CC0; nessuna nuova licenza applicata ai dati.
stablecoin_catene,2026-10-04,/101/totalCirculatingUSD/peggedCOP,5989.998165438801,https://stablecoins.llama.fi/stablecoinchains,"""Snapshot al momento del prelievo; non ricostruisce lo stato di ieri.""",Licenza dei dati terzi non verificata come aperta: valgono i termini della fonte; accesso pubblico non equivale a diritto di ripubblicazione. Codice locale originale CC0; nessuna nuova licenza applicata ai dati.,,Fonti originali,Licenza dei dati terzi non verificata come aperta: valgono i termini della fonte; accesso pubblico non equivale a diritto di ripubblicazione. Codice locale originale CC0; nessuna nuova licenza applicata ai dati.
stablecoin_catene,2026-10-04,/101/totalCirculatingUSD/peggedMXN,3781.174151891249,https://stablecoins.llama.fi/stablecoinchains,"""Snapshot al momento del prelievo; non ricostruisce lo stato di ieri.""",Licenza dei dati terzi non verificata come aperta: valgono i termini della fonte; accesso pubblico non equivale a diritto di ripubblicazione. Codice locale originale CC0; nessuna nuova licenza applicata ai dati.,,Fonti originali,Licenza dei dati terzi non verificata come aperta: valgono i termini della fonte; accesso pubblico non equivale a diritto di ripubblicazione. Codice locale originale CC0; nessuna nuova licenza applicata ai dati.
stablecoin_catene,2026-10-04,/101/totalCirculatingUSD/peggedPEN,1171.3853477232942,https://stablecoins.llama.fi/stablecoinchains,"""Snapshot al momento del prelievo; non ricostruisce lo stato di ieri.""",Licenza dei dati terzi non verificata come aperta: valgono i termini della fonte; accesso pubblico non equivale a diritto di ripubblicazione. Codice locale originale CC0; nessuna nuova licenza applicata ai dati.,,Fonti originali,Licenza dei dati terzi non verificata come aperta: valgono i termini della fonte; accesso pubblico non equivale a diritto di ripubblicazione. Codice locale originale CC0; nessuna nuova licenza applicata ai dati.
stablecoin_catene,2026-10-04,/101/name,"""Gnosis""",https://stablecoins.llama.fi/stablecoinchains,"""Snapshot al momento del prelievo; non ricostruisce lo stato di ieri.""",Licenza dei dati terzi non verificata come aperta: valgono i termini della fonte; accesso pubblico non equivale a diritto di ripubblicazione. Codice locale originale CC0; nessuna nuova licenza applicata ai dati.,,Fonti originali,Licenza dei dati terzi non verificata come aperta: valgono i termini della fonte; accesso pubblico non equivale a diritto di ripubblicazione. Codice locale originale CC0; nessuna nuova licenza applicata ai dati.
stablecoin_catene,2026-10-04,/102/totalCirculatingUSD/peggedUSD,90824.33524700894,https://stablecoins.llama.fi/stablecoinchains,"""Snapshot al momento del prelievo; non ricostruisce lo stato di ieri.""",Licenza dei dati terzi non verificata come aperta: valgono i termini della fonte; accesso pubblico non equivale a diritto di ripubblicazione. Codice locale originale CC0; nessuna nuova licenza applicata ai dati.,,Fonti originali,Licenza dei dati terzi non verificata come aperta: valgono i termini della fonte; accesso pubblico non equivale a diritto di ripubblicazione. Codice locale originale CC0; nessuna nuova licenza applicata ai dati.
stablecoin_catene,2026-10-04,/102/name,"""Nibiru""",https://stablecoins.llama.fi/stablecoinchains,"""Snapshot al momento del prelievo; non ricostruisce lo stato di ieri.""",Licenza dei dati terzi non verificata come aperta: valgono i termini della fonte; accesso pubblico non equivale a diritto di ripubblicazione. Codice locale originale CC0; nessuna nuova licenza applicata ai dati.,,Fonti originali,Licenza dei dati terzi non verificata come aperta: valgono i termini della fonte; accesso pubblico non equivale a diritto di ripubblicazione. Codice locale originale CC0; nessuna nuova licenza applicata ai dati.
stablecoin_catene,2026-10-04,/103/totalCirculatingUSD/peggedUSD,20154062.381501947,https://stablecoins.llama.fi/stablecoinchains,"""Snapshot al momento del prelievo; non ricostruisce lo stato di ieri.""",Licenza dei dati terzi non verificata come aperta: valgono i termini della fonte; accesso pubblico non equivale a diritto di ripubblicazione. Codice locale originale CC0; nessuna nuova licenza applicata ai dati.,,Fonti originali,Licenza dei dati terzi non verificata come aperta: valgono i termini della fonte; accesso pubblico non equivale a diritto di ripubblicazione. Codice locale originale CC0; nessuna nuova licenza applicata ai dati.
stablecoin_catene,2026-10-04,/103/name,"""Conflux""",https://stablecoins.llama.fi/stablecoinchains,"""Snapshot al momento del prelievo; non ricostruisce lo stato di ieri.""",Licenza dei dati terzi non verificata come aperta: valgono i termini della fonte; accesso pubblico non equivale a diritto di ripubblicazione. Codice locale originale CC0; nessuna nuova licenza applicata ai dati.,,Fonti originali,Licenza dei dati terzi non verificata come aperta: valgono i termini della fonte; accesso pubblico non equivale a diritto di ripubblicazione. Codice locale originale CC0; nessuna nuova licenza applicata ai dati.
stablecoin_catene,2026-10-04,/104/totalCirculatingUSD/peggedUSD,80024307.80482405,https://stablecoins.llama.fi/stablecoinchains,"""Snapshot al momento del prelievo; non ricostruisce lo stato di ieri.""",Licenza dei dati terzi non verificata come aperta: valgono i termini della fonte; accesso pubblico non equivale a diritto di ripubblicazione. Codice locale originale CC0; nessuna nuova licenza applicata ai dati.,,Fonti originali,Licenza dei dati terzi non verificata come aperta: valgono i termini della fonte; accesso pubblico non equivale a diritto di ripubblicazione. Codice locale originale CC0; nessuna nuova licenza applicata ai dati.
stablecoin_catene,2026-10-04,/104/name,"""Omni""",https://stablecoins.llama.fi/stablecoinchains,"""Snapshot al momento del prelievo; non ricostruisce lo stato di ieri.""",Licenza dei dati terzi non verificata come aperta: valgono i termini della fonte; accesso pubblico non equivale a diritto di ripubblicazione. Codice locale originale CC0; nessuna nuova licenza applicata ai dati.,,Fonti originali,Licenza dei dati terzi non verificata come aperta: valgono i termini della fonte; accesso pubblico non equivale a diritto di ripubblicazione. Codice locale originale CC0; nessuna nuova licenza applicata ai dati.
stablecoin_catene,2026-10-04,/105/totalCirculatingUSD/peggedUSD,26425.325419318942,https://stablecoins.llama.fi/stablecoinchains,"""Snapshot al momento del prelievo; non ricostruisce lo stato di ieri.""",Licenza dei dati terzi non verificata come aperta: valgono i termini della fonte; accesso pubblico non equivale a diritto di ripubblicazione. Codice locale originale CC0; nessuna nuova licenza applicata ai dati.,,Fonti originali,Licenza dei dati terzi non verificata come aperta: valgono i termini della fonte; accesso pubblico non equivale a diritto di ripubblicazione. Codice locale originale CC0; nessuna nuova licenza applicata ai dati.
stablecoin_catene,2026-10-04,/105/name,"""Rayls""",https://stablecoins.llama.fi/stablecoinchains,"""Snapshot al momento del prelievo; non ricostruisce lo stato di ieri.""",Licenza dei dati terzi non verificata come aperta: valgono i termini della fonte; accesso pubblico non equivale a diritto di ripubblicazione. Codice locale originale CC0; nessuna nuova licenza applicata ai dati.,,Fonti originali,Licenza dei dati terzi non verificata come aperta: valgono i termini della fonte; accesso pubblico non equivale a diritto di ripubblicazione. Codice locale originale CC0; nessuna nuova licenza applicata ai dati.
stablecoin_catene,2026-10-04,/106/totalCirculatingUSD/peggedUSD,113170778.80841972,https://stablecoins.llama.fi/stablecoinchains,"""Snapshot al momento del prelievo; non ricostruisce lo stato di ieri.""",Licenza dei dati terzi non verificata come aperta: valgono i termini della fonte; accesso pubblico non equivale a diritto di ripubblicazione. Codice locale originale CC0; nessuna nuova licenza applicata ai dati.,,Fonti originali,Licenza dei dati terzi non verificata come aperta: valgono i termini della fonte; accesso pubblico non equivale a diritto di ripubblicazione. Codice locale originale CC0; nessuna nuova licenza applicata ai dati.
stablecoin_catene,2026-10-04,/106/totalCirculatingUSD/peggedEUR,1392116.8427289466,https://stablecoins.llama.fi/stablecoinchains,"""Snapshot al momento del prelievo; non ricostruisce lo stato di ieri.""",Licenza dei dati terzi non verificata come aperta: valgono i termini della fonte; accesso pubblico non equivale a diritto di ripubblicazione. Codice locale originale CC0; nessuna nuova licenza applicata ai dati.,,Fonti originali,Licenza dei dati terzi non verificata come aperta: valgono i termini della fonte; accesso pubblico non equivale a diritto di ripubblicazione. Codice locale originale CC0; nessuna nuova licenza applicata ai dati.
stablecoin_catene,2026-10-04,/106/totalCirculatingUSD/peggedCHF,16681.805832788523,https://stablecoins.llama.fi/stablecoinchains,"""Snapshot al momento del prelievo; non ricostruisce lo stato di ieri.""",Licenza dei dati terzi non verificata come aperta: valgono i termini della fonte; accesso pubblico non equivale a diritto di ripubblicazione. Codice locale originale CC0; nessuna nuova licenza applicata ai dati.,,Fonti originali,Licenza dei dati terzi non verificata come aperta: valgono i termini della fonte; accesso pubblico non equivale a diritto di ripubblicazione. Codice locale originale CC0; nessuna nuova licenza applicata ai dati.
stablecoin_catene,2026-10-04,/106/totalCirculatingUSD/peggedREAL,26328462.414140183,https://stablecoins.llama.fi/stablecoinchains,"""Snapshot al momento del prelievo; non ricostruisce lo stato di ieri.""",Licenza dei dati terzi non verificata come aperta: valgono i termini della fonte; accesso pubblico non equivale a diritto di ripubblicazione. Codice locale originale CC0; nessuna nuova licenza applicata ai dati.,,Fonti originali,Licenza dei dati terzi non verificata come aperta: valgono i termini della fonte; accesso pubblico non equivale a diritto di ripubblicazione. Codice locale originale CC0; nessuna nuova licenza applicata ai dati.
stablecoin_catene,2026-10-04,/106/totalCirculatingUSD/peggedGBP,38217.2375922313,https://stablecoins.llama.fi/stablecoinchains,"""Snapshot al momento del prelievo; non ricostruisce lo stato di ieri.""",Licenza dei dati terzi non verificata come aperta: valgono i termini della fonte; accesso pubblico non equivale a diritto di ripubblicazione. Codice locale originale CC0; nessuna nuova licenza applicata ai dati.,,Fonti originali,Licenza dei dati terzi non verificata come aperta: valgono i termini della fonte; accesso pubblico non equivale a diritto di ripubblicazione. Codice locale originale CC0; nessuna nuova licenza applicata ai dati.
stablecoin_catene,2026-10-04,/106/name,"""Celo""",https://stablecoins.llama.fi/stablecoinchains,"""Snapshot al momento del prelievo; non ricostruisce lo stato di ieri.""",Licenza dei dati terzi non verificata come aperta: valgono i termini della fonte; accesso pubblico non equivale a diritto di ripubblicazione. Codice locale originale CC0; nessuna nuova licenza applicata ai dati.,,Fonti originali,Licenza dei dati terzi non verificata come aperta: valgono i termini della fonte; accesso pubblico non equivale a diritto di ripubblicazione. Codice locale originale CC0; nessuna nuova licenza applicata ai dati.
stablecoin_catene,2026-10-04,/107/totalCirculatingUSD/peggedUSD,799631.6267865254,https://stablecoins.llama.fi/stablecoinchains,"""Snapshot al momento del prelievo; non ricostruisce lo stato di ieri.""",Licenza dei dati terzi non verificata come aperta: valgono i termini della fonte; accesso pubblico non equivale a diritto di ripubblicazione. Codice locale originale CC0; nessuna nuova licenza applicata ai dati.,,Fonti originali,Licenza dei dati terzi non verificata come aperta: valgono i termini della fonte; accesso pubblico non equivale a diritto di ripubblicazione. Codice locale originale CC0; nessuna nuova licenza applicata ai dati.
stablecoin_catene,2026-10-04,/107/name,"""Taiko""",https://stablecoins.llama.fi/stablecoinchains,"""Snapshot al momento del prelievo; non ricostruisce lo stato di ieri.""",Licenza dei dati terzi non verificata come aperta: valgono i termini della fonte; accesso pubblico non equivale a diritto di ripubblicazione. Codice locale originale CC0; nessuna nuova licenza applicata ai dati.,,Fonti originali,Licenza dei dati terzi non verificata come aperta: valgono i termini della fonte; accesso pubblico non equivale a diritto di ripubblicazione. Codice locale originale CC0; nessuna nuova licenza applicata ai dati.
stablecoin_catene,2026-10-04,/108/totalCirculatingUSD/peggedUSD,219292.1367156527,https://stablecoins.llama.fi/stablecoinchains,"""Snapshot al momento del prelievo; non ricostruisce lo stato di ieri.""",Licenza dei dati terzi non verificata come aperta: valgono i termini della fonte; accesso pubblico non equivale a diritto di ripubblicazione. Codice locale originale CC0; nessuna nuova licenza applicata ai dati.,,Fonti originali,Licenza dei dati terzi non verificata come aperta: valgono i termini della fonte; accesso pubblico non equivale a diritto di ripubblicazione. Codice locale originale CC0; nessuna nuova licenza applicata ai dati.
stablecoin_catene,2026-10-04,/108/totalCirculatingUSD/peggedEUR,5299.31280433237,https://stablecoins.llama.fi/stablecoinchains,"""Snapshot al momento del prelievo; non ricostruisce lo stato di ieri.""",Licenza dei dati terzi non verificata come aperta: valgono i termini della fonte; accesso pubblico non equivale a diritto di ripubblicazione. Codice locale originale CC0; nessuna nuova licenza applicata ai dati.,,Fonti originali,Licenza dei dati terzi non verificata come aperta: valgono i termini della fonte; accesso pubblico non equivale a diritto di ripubblicazione. Codice locale originale CC0; nessuna nuova licenza applicata ai dati.
stablecoin_catene,2026-10-04,/108/name,"""Fuse""",https://stablecoins.llama.fi/stablecoinchains,"""Snapshot al momento del prelievo; non ricostruisce lo stato di ieri.""",Licenza dei dati terzi non verificata come aperta: valgono i termini della fonte; accesso pubblico non equivale a diritto di ripubblicazione. Codice locale originale CC0; nessuna nuova licenza applicata ai dati.,,Fonti originali,Licenza dei dati terzi non verificata come aperta: valgono i termini della fonte; accesso pubblico non equivale a diritto di ripubblicazione. Codice locale originale CC0; nessuna nuova licenza applicata ai dati.
stablecoin_catene,2026-10-04,/109/totalCirculatingUSD/peggedUSD,18529040.39189571,https://stablecoins.llama.fi/stablecoinchains,"""Snapshot al momento del prelievo; non ricostruisce lo stato di ieri.""",Licenza dei dati terzi non verificata come aperta: valgono i termini della fonte; accesso pubblico non equivale a diritto di ripubblicazione. Codice locale originale CC0; nessuna nuova licenza applicata ai dati.,,Fonti originali,Licenza dei dati terzi non verificata come aperta: valgono i termini della fonte; accesso pubblico non equivale a diritto di ripubblicazione. Codice locale originale CC0; nessuna nuova licenza applicata ai dati.
stablecoin_catene,2026-10-04,/109/name,"""MegaETH""",https://stablecoins.llama.fi/stablecoinchains,"""Snapshot al momento del prelievo; non ricostruisce lo stato di ieri.""",Licenza dei dati terzi non verificata come aperta: valgono i termini della fonte; accesso pubblico non equivale a diritto di ripubblicazione. Codice locale originale CC0; nessuna nuova licenza applicata ai dati.,,Fonti originali,Licenza dei dati terzi non verificata come aperta: valgono i termini della fonte; accesso pubblico non equivale a diritto di ripubblicazione. Codice locale originale CC0; nessuna nuova licenza applicata ai dati.
stablecoin_catene,2026-10-04,/110/totalCirculatingUSD/peggedUSD,337427507.88522404,https://stablecoins.llama.fi/stablecoinchains,"""Snapshot al momento del prelievo; non ricostruisce lo stato di ieri.""",Licenza dei dati terzi non verificata come aperta: valgono i termini della fonte; accesso pubblico non equivale a diritto di ripubblicazione. Codice locale originale CC0; nessuna nuova licenza applicata ai dati.,,Fonti originali,Licenza dei dati terzi non verificata come aperta: valgono i termini della fonte; accesso pubblico non equivale a diritto di ripubblicazione. Codice locale originale CC0; nessuna nuova licenza applicata ai dati.
stablecoin_catene,2026-10-04,/110/totalCirculatingUSD/peggedEUR,139589.7437795289,https://stablecoins.llama.fi/stablecoinchains,"""Snapshot al momento del prelievo; non ricostruisce lo stato di ieri.""",Licenza dei dati terzi non verificata come aperta: valgono i termini della fonte; accesso pubblico non equivale a diritto di ripubblicazione. Codice locale originale CC0; nessuna nuova licenza applicata ai dati.,,Fonti originali,Licenza dei dati terzi non verificata come aperta: valgono i termini della fonte; accesso pubblico non equivale a diritto di ripubblicazione. Codice locale originale CC0; nessuna nuova licenza applicata ai dati.
stablecoin_catene,2026-10-04,/110/name,"""Fantom""",https://stablecoins.llama.fi/stablecoinchains,"""Snapshot al momento del prelievo; non ricostruisce lo stato di ieri.""",Licenza dei dati terzi non verificata come aperta: valgono i termini della fonte; accesso pubblico non equivale a diritto di ripubblicazione. Codice locale originale CC0; nessuna nuova licenza applicata ai dati.,,Fonti originali,Licenza dei dati terzi non verificata come aperta: valgono i termini della fonte; accesso pubblico non equivale a diritto di ripubblicazione. Codice locale originale CC0; nessuna nuova licenza applicata ai dati.
stablecoin_catene,2026-10-04,/111/totalCirculatingUSD/peggedUSD,7428489905.092169,https://stablecoins.llama.fi/stablecoinchains,"""Snapshot al momento del prelievo; non ricostruisce lo stato di ieri.""",Licenza dei dati terzi non verificata come aperta: valgono i termini della fonte; accesso pubblico non equivale a diritto di ripubblicazione. Codice locale originale CC0; nessuna nuova licenza applicata ai dati.,,Fonti originali,Licenza dei dati terzi non verificata come aperta: valgono i termini della fonte; accesso pubblico non equivale a diritto di ripubblicazione. Codice locale originale CC0; nessuna nuova licenza applicata ai dati.
stablecoin_catene,2026-10-04,/111/totalCirculatingUSD/peggedRUB,0.0035995201695633162,https://stablecoins.llama.fi/stablecoinchains,"""Snapshot al momento del prelievo; non ricostruisce lo stato di ieri.""",Licenza dei dati terzi non verificata come aperta: valgono i termini della fonte; accesso pubblico non equivale a diritto di ripubblicazione. Codice locale originale CC0; nessuna nuova licenza applicata ai dati.,,Fonti originali,Licenza dei dati terzi non verificata come aperta: valgono i termini della fonte; accesso pubblico non equivale a diritto di ripubblicazione. Codice locale originale CC0; nessuna nuova licenza applicata ai dati.
stablecoin_catene,2026-10-04,/111/name,"""Hyperliquid L1""",https://stablecoins.llama.fi/stablecoinchains,"""Snapshot al momento del prelievo; non ricostruisce lo stato di ieri.""",Licenza dei dati terzi non verificata come aperta: valgono i termini della fonte; accesso pubblico non equivale a diritto di ripubblicazione. Codice locale originale CC0; nessuna nuova licenza applicata ai dati.,,Fonti originali,Licenza dei dati terzi non verificata come aperta: valgono i termini della fonte; accesso pubblico non equivale a diritto di ripubblicazione. Codice locale originale CC0; nessuna nuova licenza applicata ai dati.
stablecoin_catene,2026-10-04,/112/totalCirculatingUSD/peggedUSD,9.997785264308191e-07,https://stablecoins.llama.fi/stablecoinchains,"""Snapshot al momento del prelievo; non ricostruisce lo stato di ieri.""",Licenza dei dati terzi non verificata come aperta: valgono i termini della fonte; accesso pubblico non equivale a diritto di ripubblicazione. Codice locale originale CC0; nessuna nuova licenza applicata ai dati.,,Fonti originali,Licenza dei dati terzi non verificata come aperta: valgono i termini della fonte; accesso pubblico non equivale a diritto di ripubblicazione. Codice locale originale CC0; nessuna nuova licenza applicata ai dati.
stablecoin_catene,2026-10-04,/112/name,"""Zora""",https://stablecoins.llama.fi/stablecoinchains,"""Snapshot al momento del prelievo; non ricostruisce lo stato di ieri.""",Licenza dei dati terzi non verificata come aperta: valgono i termini della fonte; accesso pubblico non equivale a diritto di ripubblicazione. Codice locale originale CC0; nessuna nuova licenza applicata ai dati.,,Fonti originali,Licenza dei dati terzi non verificata come aperta: valgono i termini della fonte; accesso pubblico non equivale a diritto di ripubblicazione. Codice locale originale CC0; nessuna nuova licenza applicata ai dati.
stablecoin_catene,2026-10-04,/113/totalCirculatingUSD/peggedUSD,9265730.953361908,https://stablecoins.llama.fi/stablecoinchains,"""Snapshot al momento del prelievo; non ricostruisce lo stato di ieri.""",Licenza dei dati terzi non verificata come aperta: valgono i termini della fonte; accesso pubblico non equivale a diritto di ripubblicazione. Codice locale originale CC0; nessuna nuova licenza applicata ai dati.,,Fonti originali,Licenza dei dati terzi non verificata come aperta: valgono i termini della fonte; accesso pubblico non equivale a diritto di ripubblicazione. Codice locale originale CC0; nessuna nuova licenza applicata ai dati.
stablecoin_catene,2026-10-04,/113/name,"""OKTChain""",https://stablecoins.llama.fi/stablecoinchains,"""Snapshot al momento del prelievo; non ricostruisce lo stato di ieri.""",Licenza dei dati terzi non verificata come aperta: valgono i termini della fonte; accesso pubblico non equivale a diritto di ripubblicazione. Codice locale originale CC0; nessuna nuova licenza applicata ai dati.,,Fonti originali,Licenza dei dati terzi non verificata come aperta: valgono i termini della fonte; accesso pubblico non equivale a diritto di ripubblicazione. Codice locale originale CC0; nessuna nuova licenza applicata ai dati.
stablecoin_catene,2026-10-04,/114/totalCirculatingUSD/peggedUSD,6448250.58929123,https://stablecoins.llama.fi/stablecoinchains,"""Snapshot al momento del prelievo; non ricostruisce lo stato di ieri.""",Licenza dei dati terzi non verificata come aperta: valgono i termini della fonte; accesso pubblico non equivale a diritto di ripubblicazione. Codice locale originale CC0; nessuna nuova licenza applicata ai dati.,,Fonti originali,Licenza dei dati terzi non verificata come aperta: valgono i termini della fonte; accesso pubblico non equivale a diritto di ripubblicazione. Codice locale originale CC0; nessuna nuova licenza applicata ai dati.
stablecoin_catene,2026-10-04,/114/name,"""Hemi""",https://stablecoins.llama.fi/stablecoinchains,"""Snapshot al momento del prelievo; non ricostruisce lo stato di ieri.""",Licenza dei dati terzi non verificata come aperta: valgono i termini della fonte; accesso pubblico non equivale a diritto di ripubblicazione. Codice locale originale CC0; nessuna nuova licenza applicata ai dati.,,Fonti originali,Licenza dei dati terzi non verificata come aperta: valgono i termini della fonte; accesso pubblico non equivale a diritto di ripubblicazione. Codice locale originale CC0; nessuna nuova licenza applicata ai dati.
stablecoin_catene,2026-10-04,/115/totalCirculatingUSD/peggedUSD,558089850.959357,https://stablecoins.llama.fi/stablecoinchains,"""Snapshot al momento del prelievo; non ricostruisce lo stato di ieri.""",Licenza dei dati terzi non verificata come aperta: valgono i termini della fonte; accesso pubblico non equivale a diritto di ripubblicazione. Codice locale originale CC0; nessuna nuova licenza applicata ai dati.,,Fonti originali,Licenza dei dati terzi non verificata come aperta: valgono i termini della fonte; accesso pubblico non equivale a diritto di ripubblicazione. Codice locale originale CC0; nessuna nuova licenza applicata ai dati.
stablecoin_catene,2026-10-04,/115/name,"""Mantle""",https://stablecoins.llama.fi/stablecoinchains,"""Snapshot al momento del prelievo; non ricostruisce lo stato di ieri.""",Licenza dei dati terzi non verificata come aperta: valgono i termini della fonte; accesso pubblico non equivale a diritto di ripubblicazione. Codice locale originale CC0; nessuna nuova licenza applicata ai dati.,,Fonti originali,Licenza dei dati terzi non verificata come aperta: valgono i termini della fonte; accesso pubblico non equivale a diritto di ripubblicazione. Codice locale originale CC0; nessuna nuova licenza applicata ai dati.
stablecoin_catene,2026-10-04,/116/totalCirculatingUSD/peggedUSD,0,https://stablecoins.llama.fi/stablecoinchains,"""Snapshot al momento del prelievo; non ricostruisce lo stato di ieri.""",Licenza dei dati terzi non verificata come aperta: valgono i termini della fonte; accesso pubblico non equivale a diritto di ripubblicazione. Codice locale originale CC0; nessuna nuova licenza applicata ai dati.,,Fonti originali,Licenza dei dati terzi non verificata come aperta: valgono i termini della fonte; accesso pubblico non equivale a diritto di ripubblicazione. Codice locale originale CC0; nessuna nuova licenza applicata ai dati.
stablecoin_catene,2026-10-04,/116/name,"""Terra Classic""",https://stablecoins.llama.fi/stablecoinchains,"""Snapshot al momento del prelievo; non ricostruisce lo stato di ieri.""",Licenza dei dati terzi non verificata come aperta: valgono i termini della fonte; accesso pubblico non equivale a diritto di ripubblicazione. Codice locale originale CC0; nessuna nuova licenza applicata ai dati.,,Fonti originali,Licenza dei dati terzi non verificata come aperta: valgono i termini della fonte; accesso pubblico non equivale a diritto di ripubblicazione. Codice locale originale CC0; nessuna nuova licenza applicata ai dati.
stablecoin_catene,2026-10-04,/117/totalCirculatingUSD/peggedUSD,104179849.78653698,https://stablecoins.llama.fi/stablecoinchains,"""Snapshot al momento del prelievo; non ricostruisce lo stato di ieri.""",Licenza dei dati terzi non verificata come aperta: valgono i termini della fonte; accesso pubblico non equivale a diritto di ripubblicazione. Codice locale originale CC0; nessuna nuova licenza applicata ai dati.,,Fonti originali,Licenza dei dati terzi non verificata come aperta: valgono i termini della fonte; accesso pubblico non equivale a diritto di ripubblicazione. Codice locale originale CC0; nessuna nuova licenza applicata ai dati.
stablecoin_catene,2026-10-04,/117/name,"""Near""",https://stablecoins.llama.fi/stablecoinchains,"""Snapshot al momento del prelievo; non ricostruisce lo stato di ieri.""",Licenza dei dati terzi non verificata come aperta: valgono i termini della fonte; accesso pubblico non equivale a diritto di ripubblicazione. Codice locale originale CC0; nessuna nuova licenza applicata ai dati.,,Fonti originali,Licenza dei dati terzi non verificata come aperta: valgono i termini della fonte; accesso pubblico non equivale a diritto di ripubblicazione. Codice locale originale CC0; nessuna nuova licenza applicata ai dati.
stablecoin_catene,2026-10-04,/118/totalCirculatingUSD/peggedUSD,48635380.68530117,https://stablecoins.llama.fi/stablecoinchains,"""Snapshot al momento del prelievo; non ricostruisce lo stato di ieri.""",Licenza dei dati terzi non verificata come aperta: valgono i termini della fonte; accesso pubblico non equivale a diritto di ripubblicazione. Codice locale originale CC0; nessuna nuova licenza applicata ai dati.,,Fonti originali,Licenza dei dati terzi non verificata come aperta: valgono i termini della fonte; accesso pubblico non equivale a diritto di ripubblicazione. Codice locale originale CC0; nessuna nuova licenza applicata ai dati.
stablecoin_catene,2026-10-04,/118/name,"""Flare""",https://stablecoins.llama.fi/stablecoinchains,"""Snapshot al momento del prelievo; non ricostruisce lo stato di ieri.""",Licenza dei dati terzi non verificata come aperta: valgono i termini della fonte; accesso pubblico non equivale a diritto di ripubblicazione. Codice locale originale CC0; nessuna nuova licenza applicata ai dati.,,Fonti originali,Licenza dei dati terzi non verificata come aperta: valgono i termini della fonte; accesso pubblico non equivale a diritto di ripubblicazione. Codice locale originale CC0; nessuna nuova licenza applicata ai dati.
stablecoin_catene,2026-10-04,/119/totalCirculatingUSD/peggedUSD,4114731.444118958,https://stablecoins.llama.fi/stablecoinchains,"""Snapshot al momento del prelievo; non ricostruisce lo stato di ieri.""",Licenza dei dati terzi non verificata come aperta: valgono i termini della fonte; accesso pubblico non equivale a diritto di ripubblicazione. Codice locale originale CC0; nessuna nuova licenza applicata ai dati.,,Fonti originali,Licenza dei dati terzi non verificata come aperta: valgono i termini della fonte; accesso pubblico non equivale a diritto di ripubblicazione. Codice locale originale CC0; nessuna nuova licenza applicata ai dati.
stablecoin_catene,2026-10-04,/119/name,"""Plume Mainnet""",https://stablecoins.llama.fi/stablecoinchains,"""Snapshot al momento del prelievo; non ricostruisce lo stato di ieri.""",Licenza dei dati terzi non verificata come aperta: valgono i termini della fonte; accesso pubblico non equivale a diritto di ripubblicazione. Codice locale originale CC0; nessuna nuova licenza applicata ai dati.,,Fonti originali,Licenza dei dati terzi non verificata come aperta: valgono i termini della fonte; accesso pubblico non equivale a diritto di ripubblicazione. Codice locale originale CC0; nessuna nuova licenza applicata ai dati.
stablecoin_catene,2026-10-04,/120/totalCirculatingUSD/peggedUSD,1575618.4201444297,https://stablecoins.llama.fi/stablecoinchains,"""Snapshot al momento del prelievo; non ricostruisce lo stato di ieri.""",Licenza dei dati terzi non verificata come aperta: valgono i termini della fonte; accesso pubblico non equivale a diritto di ripubblicazione. Codice locale originale CC0; nessuna nuova licenza applicata ai dati.,,Fonti originali,Licenza dei dati terzi non verificata come aperta: valgono i termini della fonte; accesso pubblico non equivale a diritto di ripubblicazione. Codice locale originale CC0; nessuna nuova licenza applicata ai dati.
stablecoin_catene,2026-10-04,/120/name,"""Boba""",https://stablecoins.llama.fi/stablecoinchains,"""Snapshot al momento del prelievo; non ricostruisce lo stato di ieri.""",Licenza dei dati terzi non verificata come aperta: valgono i termini della fonte; accesso pubblico non equivale a diritto di ripubblicazione. Codice locale originale CC0; nessuna nuova licenza applicata ai dati.,,Fonti originali,Licenza dei dati terzi non verificata come aperta: valgono i termini della fonte; accesso pubblico non equivale a diritto di ripubblicazione. Codice locale originale CC0; nessuna nuova licenza applicata ai dati.
stablecoin_catene,2026-10-04,/121/totalCirculatingUSD/peggedUSD,0,https://stablecoins.llama.fi/stablecoinchains,"""Snapshot al momento del prelievo; non ricostruisce lo stato di ieri.""",Licenza dei dati terzi non verificata come aperta: valgono i termini della fonte; accesso pubblico non equivale a diritto di ripubblicazione. Codice locale originale CC0; nessuna nuova licenza applicata ai dati.,,Fonti originali,Licenza dei dati terzi non verificata come aperta: valgono i termini della fonte; accesso pubblico non equivale a diritto di ripubblicazione. Codice locale originale CC0; nessuna nuova licenza applicata ai dati.
stablecoin_catene,2026-10-04,/121/name,"""NEO""",https://stablecoins.llama.fi/stablecoinchains,"""Snapshot al momento del prelievo; non ricostruisce lo stato di ieri.""",Licenza dei dati terzi non verificata come aperta: valgono i termini della fonte; accesso pubblico non equivale a diritto di ripubblicazione. Codice locale originale CC0; nessuna nuova licenza applicata ai dati.,,Fonti originali,Licenza dei dati terzi non verificata come aperta: valgono i termini della fonte; accesso pubblico non equivale a diritto di ripubblicazione. Codice locale originale CC0; nessuna nuova licenza applicata ai dati.
stablecoin_catene,2026-10-04,/122/totalCirculatingUSD/peggedUSD,235470.03290593973,https://stablecoins.llama.fi/stablecoinchains,"""Snapshot al momento del prelievo; non ricostruisce lo stato di ieri.""",Licenza dei dati terzi non verificata come aperta: valgono i termini della fonte; accesso pubblico non equivale a diritto di ripubblicazione. Codice locale originale CC0; nessuna nuova licenza applicata ai dati.,,Fonti originali,Licenza dei dati terzi non verificata come aperta: valgono i termini della fonte; accesso pubblico non equivale a diritto di ripubblicazione. Codice locale originale CC0; nessuna nuova licenza applicata ai dati.
stablecoin_catene,2026-10-04,/122/name,"""Syscoin""",https://stablecoins.llama.fi/stablecoinchains,"""Snapshot al momento del prelievo; non ricostruisce lo stato di ieri.""",Licenza dei dati terzi non verificata come aperta: valgono i termini della fonte; accesso pubblico non equivale a diritto di ripubblicazione. Codice locale originale CC0; nessuna nuova licenza applicata ai dati.,,Fonti originali,Licenza dei dati terzi non verificata come aperta: valgono i termini della fonte; accesso pubblico non equivale a diritto di ripubblicazione. Codice locale originale CC0; nessuna nuova licenza applicata ai dati.
stablecoin_catene,2026-10-04,/123/totalCirculatingUSD/peggedUSD,4375798.6712821415,https://stablecoins.llama.fi/stablecoinchains,"""Snapshot al momento del prelievo; non ricostruisce lo stato di ieri.""",Licenza dei dati terzi non verificata come aperta: valgono i termini della fonte; accesso pubblico non equivale a diritto di ripubblicazione. Codice locale originale CC0; nessuna nuova licenza applicata ai dati.,,Fonti originali,Licenza dei dati terzi non verificata come aperta: valgono i termini della fonte; accesso pubblico non equivale a diritto di ripubblicazione. Codice locale originale CC0; nessuna nuova licenza applicata ai dati.
stablecoin_catene,2026-10-04,/123/totalCirculatingUSD/peggedEUR,65.12554625482699,https://stablecoins.llama.fi/stablecoinchains,"""Snapshot al momento del prelievo; non ricostruisce lo stato di ieri.""",Licenza dei dati terzi non verificata come aperta: valgono i termini della fonte; accesso pubblico non equivale a diritto di ripubblicazione. Codice locale originale CC0; nessuna nuova licenza applicata ai dati.,,Fonti originali,Licenza dei dati terzi non verificata come aperta: valgono i termini della fonte; accesso pubblico non equivale a diritto di ripubblicazione. Codice locale originale CC0; nessuna nuova licenza applicata ai dati.
stablecoin_catene,2026-10-04,/123/name,"""ICP""",https://stablecoins.llama.fi/stablecoinchains,"""Snapshot al momento del prelievo; non ricostruisce lo stato di ieri.""",Licenza dei dati terzi non verificata come aperta: valgono i termini della fonte; accesso pubblico non equivale a diritto di ripubblicazione. Codice locale originale CC0; nessuna nuova licenza applicata ai dati.,,Fonti originali,Licenza dei dati terzi non verificata come aperta: valgono i termini della fonte; accesso pubblico non equivale a diritto di ripubblicazione. Codice locale originale CC0; nessuna nuova licenza applicata ai dati.
stablecoin_catene,2026-10-04,/124/totalCirculatingUSD/peggedUSD,16464538271.793962,https://stablecoins.llama.fi/stablecoinchains,"""Snapshot al momento del prelievo; non ricostruisce lo stato di ieri.""",Licenza dei dati terzi non verificata come aperta: valgono i termini della fonte; accesso pubblico non equivale a diritto di ripubblicazione. Codice locale originale CC0; nessuna nuova licenza applicata ai dati.,,Fonti originali,Licenza dei dati terzi non verificata come aperta: valgono i termini della fonte; accesso pubblico non equivale a diritto di ripubblicazione. Codice locale originale CC0; nessuna nuova licenza applicata ai dati.
stablecoin_catene,2026-10-04,/124/totalCirculatingUSD/peggedEUR,58257963.45617875,https://stablecoins.llama.fi/stablecoinchains,"""Snapshot al momento del prelievo; non ricostruisce lo stato di ieri.""",Licenza dei dati terzi non verificata come aperta: valgono i termini della fonte; accesso pubblico non equivale a diritto di ripubblicazione. Codice locale originale CC0; nessuna nuova licenza applicata ai dati.,,Fonti originali,Licenza dei dati terzi non verificata come aperta: valgono i termini della fonte; accesso pubblico non equivale a diritto di ripubblicazione. Codice locale originale CC0; nessuna nuova licenza applicata ai dati.
stablecoin_catene,2026-10-04,/124/totalCirculatingUSD/peggedJPY,52.590965466565684,https://stablecoins.llama.fi/stablecoinchains,"""Snapshot al momento del prelievo; non ricostruisce lo stato di ieri.""",Licenza dei dati terzi non verificata come aperta: valgono i termini della fonte; accesso pubblico non equivale a diritto di ripubblicazione. Codice locale originale CC0; nessuna nuova licenza applicata ai dati.,,Fonti originali,Licenza dei dati terzi non verificata come aperta: valgono i termini della fonte; accesso pubblico non equivale a diritto di ripubblicazione. Codice locale originale CC0; nessuna nuova licenza applicata ai dati.
stablecoin_catene,2026-10-04,/124/totalCirculatingUSD/peggedCHF,1185638.629289683,https://stablecoins.llama.fi/stablecoinchains,"""Snapshot al momento del prelievo; non ricostruisce lo stato di ieri.""",Licenza dei dati terzi non verificata come aperta: valgono i termini della fonte; accesso pubblico non equivale a diritto di ripubblicazione. Codice locale originale CC0; nessuna nuova licenza applicata ai dati.,,Fonti originali,Licenza dei dati terzi non verificata come aperta: valgono i termini della fonte; accesso pubblico non equivale a diritto di ripubblicazione. Codice locale originale CC0; nessuna nuova licenza applicata ai dati.
stablecoin_catene,2026-10-04,/124/totalCirculatingUSD/peggedAUD,73081.68638788529,https://stablecoins.llama.fi/stablecoinchains,"""Snapshot al momento del prelievo; non ricostruisce lo stato di ieri.""",Licenza dei dati terzi non verificata come aperta: valgono i termini della fonte; accesso pubblico non equivale a diritto di ripubblicazione. Codice locale originale CC0; nessuna nuova licenza applicata ai dati.,,Fonti originali,Licenza dei dati terzi non verificata come aperta: valgono i termini della fonte; accesso pubblico non equivale a diritto di ripubblicazione. Codice locale originale CC0; nessuna nuova licenza applicata ai dati.
stablecoin_catene,2026-10-04,/124/totalCirculatingUSD/peggedVAR,2415720.0399473417,https://stablecoins.llama.fi/stablecoinchains,"""Snapshot al momento del prelievo; non ricostruisce lo stato di ieri.""",Licenza dei dati terzi non verificata come aperta: valgono i termini della fonte; accesso pubblico non equivale a diritto di ripubblicazione. Codice locale originale CC0; nessuna nuova licenza applicata ai dati.,,Fonti originali,Licenza dei dati terzi non verificata come aperta: valgono i termini della fonte; accesso pubblico non equivale a diritto di ripubblicazione. Codice locale originale CC0; nessuna nuova licenza applicata ai dati.
stablecoin_catene,2026-10-04,/124/totalCirculatingUSD/peggedGBP,383427.78339120373,https://stablecoins.llama.fi/stablecoinchains,"""Snapshot al momento del prelievo; non ricostruisce lo stato di ieri.""",Licenza dei dati terzi non verificata come aperta: valgono i termini della fonte; accesso pubblico non equivale a diritto di ripubblicazione. Codice locale originale CC0; nessuna nuova licenza applicata ai dati.,,Fonti originali,Licenza dei dati terzi non verificata come aperta: valgono i termini della fonte; accesso pubblico non equivale a diritto di ripubblicazione. Codice locale originale CC0; nessuna nuova licenza applicata ai dati.
stablecoin_catene,2026-10-04,/124/totalCirculatingUSD/peggedTRY,164049.62210930546,https://stablecoins.llama.fi/stablecoinchains,"""Snapshot al momento del prelievo; non ricostruisce lo stato di ieri.""",Licenza dei dati terzi non verificata come aperta: valgono i termini della fonte; accesso pubblico non equivale a diritto di ripubblicazione. Codice locale originale CC0; nessuna nuova licenza applicata ai dati.,,Fonti originali,Licenza dei dati terzi non verificata come aperta: valgono i termini della fonte; accesso pubblico non equivale a diritto di ripubblicazione. Codice locale originale CC0; nessuna nuova licenza applicata ai dati.
stablecoin_catene,2026-10-04,/124/totalCirculatingUSD/peggedCAD,1418.8106188098488,https://stablecoins.llama.fi/stablecoinchains,"""Snapshot al momento del prelievo; non ricostruisce lo stato di ieri.""",Licenza dei dati terzi non verificata come aperta: valgono i termini della fonte; accesso pubblico non equivale a diritto di ripubblicazione. Codice locale originale CC0; nessuna nuova licenza applicata ai dati.,,Fonti originali,Licenza dei dati terzi non verificata come aperta: valgono i termini della fonte; accesso pubblico non equivale a diritto di ripubblicazione. Codice locale originale CC0; nessuna nuova licenza applicata ai dati.
stablecoin_catene,2026-10-04,/124/totalCirculatingUSD/peggedKRW,0.693680737425256,https://stablecoins.llama.fi/stablecoinchains,"""Snapshot al momento del prelievo; non ricostruisce lo stato di ieri.""",Licenza dei dati terzi non verificata come aperta: valgono i termini della fonte; accesso pubblico non equivale a diritto di ripubblicazione. Codice locale originale CC0; nessuna nuova licenza applicata ai dati.,,Fonti originali,Licenza dei dati terzi non verificata come aperta: valgono i termini della fonte; accesso pubblico non equivale a diritto di ripubblicazione. Codice locale originale CC0; nessuna nuova licenza applicata ai dati.
stablecoin_catene,2026-10-04,/124/name,"""Solana""",https://stablecoins.llama.fi/stablecoinchains,"""Snapshot al momento del prelievo; non ricostruisce lo stato di ieri.""",Licenza dei dati terzi non verificata come aperta: valgono i termini della fonte; accesso pubblico non equivale a diritto di ripubblicazione. Codice locale originale CC0; nessuna nuova licenza applicata ai dati.,,Fonti originali,Licenza dei dati terzi non verificata come aperta: valgono i termini della fonte; accesso pubblico non equivale a diritto di ripubblicazione. Codice locale originale CC0; nessuna nuova licenza applicata ai dati.
stablecoin_catene,2026-10-04,/125/totalCirculatingUSD/peggedUSD,2180.815485078135,https://stablecoins.llama.fi/stablecoinchains,"""Snapshot al momento del prelievo; non ricostruisce lo stato di ieri.""",Licenza dei dati terzi non verificata come aperta: valgono i termini della fonte; accesso pubblico non equivale a diritto di ripubblicazione. Codice locale originale CC0; nessuna nuova licenza applicata ai dati.,,Fonti originali,Licenza dei dati terzi non verificata come aperta: valgono i termini della fonte; accesso pubblico non equivale a diritto di ripubblicazione. Codice locale originale CC0; nessuna nuova licenza applicata ai dati.
stablecoin_catene,2026-10-04,/125/name,"""Swellchain""",https://stablecoins.llama.fi/stablecoinchains,"""Snapshot al momento del prelievo; non ricostruisce lo stato di ieri.""",Licenza dei dati terzi non verificata come aperta: valgono i termini della fonte; accesso pubblico non equivale a diritto di ripubblicazione. Codice locale originale CC0; nessuna nuova licenza applicata ai dati.,,Fonti originali,Licenza dei dati terzi non verificata come aperta: valgono i termini della fonte; accesso pubblico non equivale a diritto di ripubblicazione. Codice locale originale CC0; nessuna nuova licenza applicata ai dati.
stablecoin_catene,2026-10-04,/126/totalCirculatingUSD/peggedUSD,174.3415270216712,https://stablecoins.llama.fi/stablecoinchains,"""Snapshot al momento del prelievo; non ricostruisce lo stato di ieri.""",Licenza dei dati terzi non verificata come aperta: valgono i termini della fonte; accesso pubblico non equivale a diritto di ripubblicazione. Codice locale originale CC0; nessuna nuova licenza applicata ai dati.,,Fonti originali,Licenza dei dati terzi non verificata come aperta: valgono i termini della fonte; accesso pubblico non equivale a diritto di ripubblicazione. Codice locale originale CC0; nessuna nuova licenza applicata ai dati.
stablecoin_catene,2026-10-04,/126/name,"""0G""",https://stablecoins.llama.fi/stablecoinchains,"""Snapshot al momento del prelievo; non ricostruisce lo stato di ieri.""",Licenza dei dati terzi non verificata come aperta: valgono i termini della fonte; accesso pubblico non equivale a diritto di ripubblicazione. Codice locale originale CC0; nessuna nuova licenza applicata ai dati.,,Fonti originali,Licenza dei dati terzi non verificata come aperta: valgono i termini della fonte; accesso pubblico non equivale a diritto di ripubblicazione. Codice locale originale CC0; nessuna nuova licenza applicata ai dati.
stablecoin_catene,2026-10-04,/127/totalCirculatingUSD/peggedUSD,732567845.1414797,https://stablecoins.llama.fi/stablecoinchains,"""Snapshot al momento del prelievo; non ricostruisce lo stato di ieri.""",Licenza dei dati terzi non verificata come aperta: valgono i termini della fonte; accesso pubblico non equivale a diritto di ripubblicazione. Codice locale originale CC0; nessuna nuova licenza applicata ai dati.,,Fonti originali,Licenza dei dati terzi non verificata come aperta: valgono i termini della fonte; accesso pubblico non equivale a diritto di ripubblicazione. Codice locale originale CC0; nessuna nuova licenza applicata ai dati.
stablecoin_catene,2026-10-04,/127/totalCirculatingUSD/peggedEUR,1592009.2454651615,https://stablecoins.llama.fi/stablecoinchains,"""Snapshot al momento del prelievo; non ricostruisce lo stato di ieri.""",Licenza dei dati terzi non verificata come aperta: valgono i termini della fonte; accesso pubblico non equivale a diritto di ripubblicazione. Codice locale originale CC0; nessuna nuova licenza applicata ai dati.,,Fonti originali,Licenza dei dati terzi non verificata come aperta: valgono i termini della fonte; accesso pubblico non equivale a diritto di ripubblicazione. Codice locale originale CC0; nessuna nuova licenza applicata ai dati.
stablecoin_catene,2026-10-04,/127/totalCirculatingUSD/peggedGBP,66097.89077313412,https://stablecoins.llama.fi/stablecoinchains,"""Snapshot al momento del prelievo; non ricostruisce lo stato di ieri.""",Licenza dei dati terzi non verificata come aperta: valgono i termini della fonte; accesso pubblico non equivale a diritto di ripubblicazione. Codice locale originale CC0; nessuna nuova licenza applicata ai dati.,,Fonti originali,Licenza dei dati terzi non verificata come aperta: valgono i termini della fonte; accesso pubblico non equivale a diritto di ripubblicazione. Codice locale originale CC0; nessuna nuova licenza applicata ai dati.
stablecoin_catene,2026-10-04,/127/name,"""Tempo""",https://stablecoins.llama.fi/stablecoinchains,"""Snapshot al momento del prelievo; non ricostruisce lo stato di ieri.""",Licenza dei dati terzi non verificata come aperta: valgono i termini della fonte; accesso pubblico non equivale a diritto di ripubblicazione. Codice locale originale CC0; nessuna nuova licenza applicata ai dati.,,Fonti originali,Licenza dei dati terzi non verificata come aperta: valgono i termini della fonte; accesso pubblico non equivale a diritto di ripubblicazione. Codice locale originale CC0; nessuna nuova licenza applicata ai dati.
stablecoin_catene,2026-10-04,/128/totalCirculatingUSD/peggedUSD,0,https://stablecoins.llama.fi/stablecoinchains,"""Snapshot al momento del prelievo; non ricostruisce lo stato di ieri.""",Licenza dei dati terzi non verificata come aperta: valgono i termini della fonte; accesso pubblico non equivale a diritto di ripubblicazione. Codice locale originale CC0; nessuna nuova licenza applicata ai dati.,,Fonti originali,Licenza dei dati terzi non verificata come aperta: valgono i termini della fonte; accesso pubblico non equivale a diritto di ripubblicazione. Codice locale originale CC0; nessuna nuova licenza applicata ai dati.
stablecoin_catene,2026-10-04,/128/totalCirculatingUSD/peggedEUR,1855.9076148277027,https://stablecoins.llama.fi/stablecoinchains,"""Snapshot al momento del prelievo; non ricostruisce lo stato di ieri.""",Licenza dei dati terzi non verificata come aperta: valgono i termini della fonte; accesso pubblico non equivale a diritto di ripubblicazione. Codice locale originale CC0; nessuna nuova licenza applicata ai dati.,,Fonti originali,Licenza dei dati terzi non verificata come aperta: valgono i termini della fonte; accesso pubblico non equivale a diritto di ripubblicazione. Codice locale originale CC0; nessuna nuova licenza applicata ai dati.
stablecoin_catene,2026-10-04,/128/name,"""Everscale""",https://stablecoins.llama.fi/stablecoinchains,"""Snapshot al momento del prelievo; non ricostruisce lo stato di ieri.""",Licenza dei dati terzi non verificata come aperta: valgono i termini della fonte; accesso pubblico non equivale a diritto di ripubblicazione. Codice locale originale CC0; nessuna nuova licenza applicata ai dati.,,Fonti originali,Licenza dei dati terzi non verificata come aperta: valgono i termini della fonte; accesso pubblico non equivale a diritto di ripubblicazione. Codice locale originale CC0; nessuna nuova licenza applicata ai dati.
stablecoin_catene,2026-10-04,/129/totalCirculatingUSD/peggedUSD,68078261.82058875,https://stablecoins.llama.fi/stablecoinchains,"""Snapshot al momento del prelievo; non ricostruisce lo stato di ieri.""",Licenza dei dati terzi non verificata come aperta: valgono i termini della fonte; accesso pubblico non equivale a diritto di ripubblicazione. Codice locale originale CC0; nessuna nuova licenza applicata ai dati.,,Fonti originali,Licenza dei dati terzi non verificata come aperta: valgono i termini della fonte; accesso pubblico non equivale a diritto di ripubblicazione. Codice locale originale CC0; nessuna nuova licenza applicata ai dati.
stablecoin_catene,2026-10-04,/129/name,"""Polkadot""",https://stablecoins.llama.fi/stablecoinchains,"""Snapshot al momento del prelievo; non ricostruisce lo stato di ieri.""",Licenza dei dati terzi non verificata come aperta: valgono i termini della fonte; accesso pubblico non equivale a diritto di ripubblicazione. Codice locale originale CC0; nessuna nuova licenza applicata ai dati.,,Fonti originali,Licenza dei dati terzi non verificata come aperta: valgono i termini della fonte; accesso pubblico non equivale a diritto di ripubblicazione. Codice locale originale CC0; nessuna nuova licenza applicata ai dati.
stablecoin_catene,2026-10-04,/130/totalCirculatingUSD/peggedUSD,29521844.443909958,https://stablecoins.llama.fi/stablecoinchains,"""Snapshot al momento del prelievo; non ricostruisce lo stato di ieri.""",Licenza dei dati terzi non verificata come aperta: valgono i termini della fonte; accesso pubblico non equivale a diritto di ripubblicazione. Codice locale originale CC0; nessuna nuova licenza applicata ai dati.,,Fonti originali,Licenza dei dati terzi non verificata come aperta: valgono i termini della fonte; accesso pubblico non equivale a diritto di ripubblicazione. Codice locale originale CC0; nessuna nuova licenza applicata ai dati.
stablecoin_catene,2026-10-04,/130/name,"""RISE""",https://stablecoins.llama.fi/stablecoinchains,"""Snapshot al momento del prelievo; non ricostruisce lo stato di ieri.""",Licenza dei dati terzi non verificata come aperta: valgono i termini della fonte; accesso pubblico non equivale a diritto di ripubblicazione. Codice locale originale CC0; nessuna nuova licenza applicata ai dati.,,Fonti originali,Licenza dei dati terzi non verificata come aperta: valgono i termini della fonte; accesso pubblico non equivale a diritto di ripubblicazione. Codice locale originale CC0; nessuna nuova licenza applicata ai dati.
stablecoin_catene,2026-10-04,/131/totalCirculatingUSD/peggedUSD,3255.3624104509117,https://stablecoins.llama.fi/stablecoinchains,"""Snapshot al momento del prelievo; non ricostruisce lo stato di ieri.""",Licenza dei dati terzi non verificata come aperta: valgono i termini della fonte; accesso pubblico non equivale a diritto di ripubblicazione. Codice locale originale CC0; nessuna nuova licenza applicata ai dati.,,Fonti originali,Licenza dei dati terzi non verificata come aperta: valgono i termini della fonte; accesso pubblico non equivale a diritto di ripubblicazione. Codice locale originale CC0; nessuna nuova licenza applicata ai dati.
stablecoin_catene,2026-10-04,/131/name,"""Horizen L3""",https://stablecoins.llama.fi/stablecoinchains,"""Snapshot al momento del prelievo; non ricostruisce lo stato di ieri.""",Licenza dei dati terzi non verificata come aperta: valgono i termini della fonte; accesso pubblico non equivale a diritto di ripubblicazione. Codice locale originale CC0; nessuna nuova licenza applicata ai dati.,,Fonti originali,Licenza dei dati terzi non verificata come aperta: valgono i termini della fonte; accesso pubblico non equivale a diritto di ripubblicazione. Codice locale originale CC0; nessuna nuova licenza applicata ai dati.
stablecoin_catene,2026-10-04,/132/totalCirculatingUSD/peggedUSD,5104126.870076863,https://stablecoins.llama.fi/stablecoinchains,"""Snapshot al momento del prelievo; non ricostruisce lo stato di ieri.""",Licenza dei dati terzi non verificata come aperta: valgono i termini della fonte; accesso pubblico non equivale a diritto di ripubblicazione. Codice locale originale CC0; nessuna nuova licenza applicata ai dati.,,Fonti originali,Licenza dei dati terzi non verificata come aperta: valgono i termini della fonte; accesso pubblico non equivale a diritto di ripubblicazione. Codice locale originale CC0; nessuna nuova licenza applicata ai dati.
stablecoin_catene,2026-10-04,/132/name,"""BSquared""",https://stablecoins.llama.fi/stablecoinchains,"""Snapshot al momento del prelievo; non ricostruisce lo stato di ieri.""",Licenza dei dati terzi non verificata come aperta: valgono i termini della fonte; accesso pubblico non equivale a diritto di ripubblicazione. Codice locale originale CC0; nessuna nuova licenza applicata ai dati.,,Fonti originali,Licenza dei dati terzi non verificata come aperta: valgono i termini della fonte; accesso pubblico non equivale a diritto di ripubblicazione. Codice locale originale CC0; nessuna nuova licenza applicata ai dati.
stablecoin_catene,2026-10-04,/133/totalCirculatingUSD/peggedUSD,0,https://stablecoins.llama.fi/stablecoinchains,"""Snapshot al momento del prelievo; non ricostruisce lo stato di ieri.""",Licenza dei dati terzi non verificata come aperta: valgono i termini della fonte; accesso pubblico non equivale a diritto di ripubblicazione. Codice locale originale CC0; nessuna nuova licenza applicata ai dati.,,Fonti originali,Licenza dei dati terzi non verificata come aperta: valgono i termini della fonte; accesso pubblico non equivale a diritto di ripubblicazione. Codice locale originale CC0; nessuna nuova licenza applicata ai dati.
stablecoin_catene,2026-10-04,/133/name,"""Superposition""",https://stablecoins.llama.fi/stablecoinchains,"""Snapshot al momento del prelievo; non ricostruisce lo stato di ieri.""",Licenza dei dati terzi non verificata come aperta: valgono i termini della fonte; accesso pubblico non equivale a diritto di ripubblicazione. Codice locale originale CC0; nessuna nuova licenza applicata ai dati.,,Fonti originali,Licenza dei dati terzi non verificata come aperta: valgono i termini della fonte; accesso pubblico non equivale a diritto di ripubblicazione. Codice locale originale CC0; nessuna nuova licenza applicata ai dati.
stablecoin_catene,2026-10-04,/134/totalCirculatingUSD/peggedUSD,20327504.858058948,https://stablecoins.llama.fi/stablecoinchains,"""Snapshot al momento del prelievo; non ricostruisce lo stato di ieri.""",Licenza dei dati terzi non verificata come aperta: valgono i termini della fonte; accesso pubblico non equivale a diritto di ripubblicazione. Codice locale originale CC0; nessuna nuova licenza applicata ai dati.,,Fonti originali,Licenza dei dati terzi non verificata come aperta: valgono i termini della fonte; accesso pubblico non equivale a diritto di ripubblicazione. Codice locale originale CC0; nessuna nuova licenza applicata ai dati.
stablecoin_catene,2026-10-04,/134/name,"""BOB""",https://stablecoins.llama.fi/stablecoinchains,"""Snapshot al momento del prelievo; non ricostruisce lo stato di ieri.""",Licenza dei dati terzi non verificata come aperta: valgono i termini della fonte; accesso pubblico non equivale a diritto di ripubblicazione. Codice locale originale CC0; nessuna nuova licenza applicata ai dati.,,Fonti originali,Licenza dei dati terzi non verificata come aperta: valgono i termini della fonte; accesso pubblico non equivale a diritto di ripubblicazione. Codice locale originale CC0; nessuna nuova licenza applicata ai dati.
stablecoin_catene,2026-10-04,/135/totalCirculatingUSD/peggedUSD,1235544731.905689,https://stablecoins.llama.fi/stablecoinchains,"""Snapshot al momento del prelievo; non ricostruisce lo stato di ieri.""",Licenza dei dati terzi non verificata come aperta: valgono i termini della fonte; accesso pubblico non equivale a diritto di ripubblicazione. Codice locale originale CC0; nessuna nuova licenza applicata ai dati.,,Fonti originali,Licenza dei dati terzi non verificata come aperta: valgono i termini della fonte; accesso pubblico non equivale a diritto di ripubblicazione. Codice locale originale CC0; nessuna nuova licenza applicata ai dati.
stablecoin_catene,2026-10-04,/135/totalCirculatingUSD/peggedAUD,219281.94992916944,https://stablecoins.llama.fi/stablecoinchains,"""Snapshot al momento del prelievo; non ricostruisce lo stato di ieri.""",Licenza dei dati terzi non verificata come aperta: valgono i termini della fonte; accesso pubblico non equivale a diritto di ripubblicazione. Codice locale originale CC0; nessuna nuova licenza applicata ai dati.,,Fonti originali,Licenza dei dati terzi non verificata come aperta: valgono i termini della fonte; accesso pubblico non equivale a diritto di ripubblicazione. Codice locale originale CC0; nessuna nuova licenza applicata ai dati.
stablecoin_catene,2026-10-04,/135/totalCirculatingUSD/peggedEUR,12729986.379757809,https://stablecoins.llama.fi/stablecoinchains,"""Snapshot al momento del prelievo; non ricostruisce lo stato di ieri.""",Licenza dei dati terzi non verificata come aperta: valgono i termini della fonte; accesso pubblico non equivale a diritto di ripubblicazione. Codice locale originale CC0; nessuna nuova licenza applicata ai dati.,,Fonti originali,Licenza dei dati terzi non verificata come aperta: valgono i termini della fonte; accesso pubblico non equivale a diritto di ripubblicazione. Codice locale originale CC0; nessuna nuova licenza applicata ai dati.
stablecoin_catene,2026-10-04,/135/totalCirculatingUSD/peggedSGD,7808.7765931088325,https://stablecoins.llama.fi/stablecoinchains,"""Snapshot al momento del prelievo; non ricostruisce lo stato di ieri.""",Licenza dei dati terzi non verificata come aperta: valgono i termini della fonte; accesso pubblico non equivale a diritto di ripubblicazione. Codice locale originale CC0; nessuna nuova licenza applicata ai dati.,,Fonti originali,Licenza dei dati terzi non verificata come aperta: valgono i termini della fonte; accesso pubblico non equivale a diritto di ripubblicazione. Codice locale originale CC0; nessuna nuova licenza applicata ai dati.
stablecoin_catene,2026-10-04,/135/name,"""XRPL""",https://stablecoins.llama.fi/stablecoinchains,"""Snapshot al momento del prelievo; non ricostruisce lo stato di ieri.""",Licenza dei dati terzi non verificata come aperta: valgono i termini della fonte; accesso pubblico non equivale a diritto di ripubblicazione. Codice locale originale CC0; nessuna nuova licenza applicata ai dati.,,Fonti originali,Licenza dei dati terzi non verificata come aperta: valgono i termini della fonte; accesso pubblico non equivale a diritto di ripubblicazione. Codice locale originale CC0; nessuna nuova licenza applicata ai dati.
stablecoin_catene,2026-10-04,/136/totalCirculatingUSD/peggedUSD,2.999632713000854,https://stablecoins.llama.fi/stablecoinchains,"""Snapshot al momento del prelievo; non ricostruisce lo stato di ieri.""",Licenza dei dati terzi non verificata come aperta: valgono i termini della fonte; accesso pubblico non equivale a diritto di ripubblicazione. Codice locale originale CC0; nessuna nuova licenza applicata ai dati.,,Fonti originali,Licenza dei dati terzi non verificata come aperta: valgono i termini della fonte; accesso pubblico non equivale a diritto di ripubblicazione. Codice locale originale CC0; nessuna nuova licenza applicata ai dati.
stablecoin_catene,2026-10-04,/136/name,"""WEMIX3.0""",https://stablecoins.llama.fi/stablecoinchains,"""Snapshot al momento del prelievo; non ricostruisce lo stato di ieri.""",Licenza dei dati terzi non verificata come aperta: valgono i termini della fonte; accesso pubblico non equivale a diritto di ripubblicazione. Codice locale originale CC0; nessuna nuova licenza applicata ai dati.,,Fonti originali,Licenza dei dati terzi non verificata come aperta: valgono i termini della fonte; accesso pubblico non equivale a diritto di ripubblicazione. Codice locale originale CC0; nessuna nuova licenza applicata ai dati.
stablecoin_catene,2026-10-04,/137/totalCirculatingUSD/peggedUSD,0,https://stablecoins.llama.fi/stablecoinchains,"""Snapshot al momento del prelievo; non ricostruisce lo stato di ieri.""",Licenza dei dati terzi non verificata come aperta: valgono i termini della fonte; accesso pubblico non equivale a diritto di ripubblicazione. Codice locale originale CC0; nessuna nuova licenza applicata ai dati.,,Fonti originali,Licenza dei dati terzi non verificata come aperta: valgono i termini della fonte; accesso pubblico non equivale a diritto di ripubblicazione. Codice locale originale CC0; nessuna nuova licenza applicata ai dati.
stablecoin_catene,2026-10-04,/137/name,"""Botanix""",https://stablecoins.llama.fi/stablecoinchains,"""Snapshot al momento del prelievo; non ricostruisce lo stato di ieri.""",Licenza dei dati terzi non verificata come aperta: valgono i termini della fonte; accesso pubblico non equivale a diritto di ripubblicazione. Codice locale originale CC0; nessuna nuova licenza applicata ai dati.,,Fonti originali,Licenza dei dati terzi non verificata come aperta: valgono i termini della fonte; accesso pubblico non equivale a diritto di ripubblicazione. Codice locale originale CC0; nessuna nuova licenza applicata ai dati.
stablecoin_catene,2026-10-04,/138/totalCirculatingUSD/peggedUSD,1025.835345574721,https://stablecoins.llama.fi/stablecoinchains,"""Snapshot al momento del prelievo; non ricostruisce lo stato di ieri.""",Licenza dei dati terzi non verificata come aperta: valgono i termini della fonte; accesso pubblico non equivale a diritto di ripubblicazione. Codice locale originale CC0; nessuna nuova licenza applicata ai dati.,,Fonti originali,Licenza dei dati terzi non verificata come aperta: valgono i termini della fonte; accesso pubblico non equivale a diritto di ripubblicazione. Codice locale originale CC0; nessuna nuova licenza applicata ai dati.
stablecoin_catene,2026-10-04,/138/name,"""Edu_chain""",https://stablecoins.llama.fi/stablecoinchains,"""Snapshot al momento del prelievo; non ricostruisce lo stato di ieri.""",Licenza dei dati terzi non verificata come aperta: valgono i termini della fonte; accesso pubblico non equivale a diritto di ripubblicazione. Codice locale originale CC0; nessuna nuova licenza applicata ai dati.,,Fonti originali,Licenza dei dati terzi non verificata come aperta: valgono i termini della fonte; accesso pubblico non equivale a diritto di ripubblicazione. Codice locale originale CC0; nessuna nuova licenza applicata ai dati.
stablecoin_catene,2026-10-04,/139/totalCirculatingUSD/peggedUSD,90.46071425822501,https://stablecoins.llama.fi/stablecoinchains,"""Snapshot al momento del prelievo; non ricostruisce lo stato di ieri.""",Licenza dei dati terzi non verificata come aperta: valgono i termini della fonte; accesso pubblico non equivale a diritto di ripubblicazione. Codice locale originale CC0; nessuna nuova licenza applicata ai dati.,,Fonti originali,Licenza dei dati terzi non verificata come aperta: valgono i termini della fonte; accesso pubblico non equivale a diritto di ripubblicazione. Codice locale originale CC0; nessuna nuova licenza applicata ai dati.
stablecoin_catene,2026-10-04,/139/name,"""Camp Network""",https://stablecoins.llama.fi/stablecoinchains,"""Snapshot al momento del prelievo; non ricostruisce lo stato di ieri.""",Licenza dei dati terzi non verificata come aperta: valgono i termini della fonte; accesso pubblico non equivale a diritto di ripubblicazione. Codice locale originale CC0; nessuna nuova licenza applicata ai dati.,,Fonti originali,Licenza dei dati terzi non verificata come aperta: valgono i termini della fonte; accesso pubblico non equivale a diritto di ripubblicazione. Codice locale originale CC0; nessuna nuova licenza applicata ai dati.
stablecoin_catene,2026-10-04,/140/totalCirculatingUSD/peggedUSD,85537.97254260232,https://stablecoins.llama.fi/stablecoinchains,"""Snapshot al momento del prelievo; non ricostruisce lo stato di ieri.""",Licenza dei dati terzi non verificata come aperta: valgono i termini della fonte; accesso pubblico non equivale a diritto di ripubblicazione. Codice locale originale CC0; nessuna nuova licenza applicata ai dati.,,Fonti originali,Licenza dei dati terzi non verificata come aperta: valgono i termini della fonte; accesso pubblico non equivale a diritto di ripubblicazione. Codice locale originale CC0; nessuna nuova licenza applicata ai dati.
stablecoin_catene,2026-10-04,/140/name,"""Zkfair""",https://stablecoins.llama.fi/stablecoinchains,"""Snapshot al momento del prelievo; non ricostruisce lo stato di ieri.""",Licenza dei dati terzi non verificata come aperta: valgono i termini della fonte; accesso pubblico non equivale a diritto di ripubblicazione. Codice locale originale CC0; nessuna nuova licenza applicata ai dati.,,Fonti originali,Licenza dei dati terzi non verificata come aperta: valgono i termini della fonte; accesso pubblico non equivale a diritto di ripubblicazione. Codice locale originale CC0; nessuna nuova licenza applicata ai dati.
stablecoin_catene,2026-10-04,/141/totalCirculatingUSD/peggedUSD,0.8998910137549413,https://stablecoins.llama.fi/stablecoinchains,"""Snapshot al momento del prelievo; non ricostruisce lo stato di ieri.""",Licenza dei dati terzi non verificata come aperta: valgono i termini della fonte; accesso pubblico non equivale a diritto di ripubblicazione. Codice locale originale CC0; nessuna nuova licenza applicata ai dati.,,Fonti originali,Licenza dei dati terzi non verificata come aperta: valgono i termini della fonte; accesso pubblico non equivale a diritto di ripubblicazione. Codice locale originale CC0; nessuna nuova licenza applicata ai dati.
stablecoin_catene,2026-10-04,/141/name,"""Moca""",https://stablecoins.llama.fi/stablecoinchains,"""Snapshot al momento del prelievo; non ricostruisce lo stato di ieri.""",Licenza dei dati terzi non verificata come aperta: valgono i termini della fonte; accesso pubblico non equivale a diritto di ripubblicazione. Codice locale originale CC0; nessuna nuova licenza applicata ai dati.,,Fonti originali,Licenza dei dati terzi non verificata come aperta: valgono i termini della fonte; accesso pubblico non equivale a diritto di ripubblicazione. Codice locale originale CC0; nessuna nuova licenza applicata ai dati.
stablecoin_catene,2026-10-04,/142/totalCirculatingUSD/peggedUSD,261626.02748849057,https://stablecoins.llama.fi/stablecoinchains,"""Snapshot al momento del prelievo; non ricostruisce lo stato di ieri.""",Licenza dei dati terzi non verificata come aperta: valgono i termini della fonte; accesso pubblico non equivale a diritto di ripubblicazione. Codice locale originale CC0; nessuna nuova licenza applicata ai dati.,,Fonti originali,Licenza dei dati terzi non verificata come aperta: valgono i termini della fonte; accesso pubblico non equivale a diritto di ripubblicazione. Codice locale originale CC0; nessuna nuova licenza applicata ai dati.
stablecoin_catene,2026-10-04,/142/name,"""Karura""",https://stablecoins.llama.fi/stablecoinchains,"""Snapshot al momento del prelievo; non ricostruisce lo stato di ieri.""",Licenza dei dati terzi non verificata come aperta: valgono i termini della fonte; accesso pubblico non equivale a diritto di ripubblicazione. Codice locale originale CC0; nessuna nuova licenza applicata ai dati.,,Fonti originali,Licenza dei dati terzi non verificata come aperta: valgono i termini della fonte; accesso pubblico non equivale a diritto di ripubblicazione. Codice locale originale CC0; nessuna nuova licenza applicata ai dati.
stablecoin_catene,2026-10-04,/143/totalCirculatingUSD/peggedUSD,33924.618878655005,https://stablecoins.llama.fi/stablecoinchains,"""Snapshot al momento del prelievo; non ricostruisce lo stato di ieri.""",Licenza dei dati terzi non verificata come aperta: valgono i termini della fonte; accesso pubblico non equivale a diritto di ripubblicazione. Codice locale originale CC0; nessuna nuova licenza applicata ai dati.,,Fonti originali,Licenza dei dati terzi non verificata come aperta: valgono i termini della fonte; accesso pubblico non equivale a diritto di ripubblicazione. Codice locale originale CC0; nessuna nuova licenza applicata ai dati.
stablecoin_catene,2026-10-04,/143/name,"""Lisk""",https://stablecoins.llama.fi/stablecoinchains,"""Snapshot al momento del prelievo; non ricostruisce lo stato di ieri.""",Licenza dei dati terzi non verificata come aperta: valgono i termini della fonte; accesso pubblico non equivale a diritto di ripubblicazione. Codice locale originale CC0; nessuna nuova licenza applicata ai dati.,,Fonti originali,Licenza dei dati terzi non verificata come aperta: valgono i termini della fonte; accesso pubblico non equivale a diritto di ripubblicazione. Codice locale originale CC0; nessuna nuova licenza applicata ai dati.
stablecoin_catene,2026-10-04,/144/totalCirculatingUSD/peggedUSD,138627494.5170212,https://stablecoins.llama.fi/stablecoinchains,"""Snapshot al momento del prelievo; non ricostruisce lo stato di ieri.""",Licenza dei dati terzi non verificata come aperta: valgono i termini della fonte; accesso pubblico non equivale a diritto di ripubblicazione. Codice locale originale CC0; nessuna nuova licenza applicata ai dati.,,Fonti originali,Licenza dei dati terzi non verificata come aperta: valgono i termini della fonte; accesso pubblico non equivale a diritto di ripubblicazione. Codice locale originale CC0; nessuna nuova licenza applicata ai dati.
stablecoin_catene,2026-10-04,/144/totalCirculatingUSD/peggedEUR,221599.8708531505,https://stablecoins.llama.fi/stablecoinchains,"""Snapshot al momento del prelievo; non ricostruisce lo stato di ieri.""",Licenza dei dati terzi non verificata come aperta: valgono i termini della fonte; accesso pubblico non equivale a diritto di ripubblicazione. Codice locale originale CC0; nessuna nuova licenza applicata ai dati.,,Fonti originali,Licenza dei dati terzi non verificata come aperta: valgono i termini della fonte; accesso pubblico non equivale a diritto di ripubblicazione. Codice locale originale CC0; nessuna nuova licenza applicata ai dati.
stablecoin_catene,2026-10-04,/144/name,"""Cronos""",https://stablecoins.llama.fi/stablecoinchains,"""Snapshot al momento del prelievo; non ricostruisce lo stato di ieri.""",Licenza dei dati terzi non verificata come aperta: valgono i termini della fonte; accesso pubblico non equivale a diritto di ripubblicazione. Codice locale originale CC0; nessuna nuova licenza applicata ai dati.,,Fonti originali,Licenza dei dati terzi non verificata come aperta: valgono i termini della fonte; accesso pubblico non equivale a diritto di ripubblicazione. Codice locale originale CC0; nessuna nuova licenza applicata ai dati.
stablecoin_catene,2026-10-04,/145/totalCirculatingUSD/peggedUSD,5157148374.693701,https://stablecoins.llama.fi/stablecoinchains,"""Snapshot al momento del prelievo; non ricostruisce lo stato di ieri.""",Licenza dei dati terzi non verificata come aperta: valgono i termini della fonte; accesso pubblico non equivale a diritto di ripubblicazione. Codice locale originale CC0; nessuna nuova licenza applicata ai dati.,,Fonti originali,Licenza dei dati terzi non verificata come aperta: valgono i termini della fonte; accesso pubblico non equivale a diritto di ripubblicazione. Codice locale originale CC0; nessuna nuova licenza applicata ai dati.
stablecoin_catene,2026-10-04,/145/totalCirculatingUSD/peggedEUR,62757078.46201438,https://stablecoins.llama.fi/stablecoinchains,"""Snapshot al momento del prelievo; non ricostruisce lo stato di ieri.""",Licenza dei dati terzi non verificata come aperta: valgono i termini della fonte; accesso pubblico non equivale a diritto di ripubblicazione. Codice locale originale CC0; nessuna nuova licenza applicata ai dati.,,Fonti originali,Licenza dei dati terzi non verificata come aperta: valgono i termini della fonte; accesso pubblico non equivale a diritto di ripubblicazione. Codice locale originale CC0; nessuna nuova licenza applicata ai dati.
stablecoin_catene,2026-10-04,/145/totalCirculatingUSD/peggedCAD,1370216.3459696465,https://stablecoins.llama.fi/stablecoinchains,"""Snapshot al momento del prelievo; non ricostruisce lo stato di ieri.""",Licenza dei dati terzi non verificata come aperta: valgono i termini della fonte; accesso pubblico non equivale a diritto di ripubblicazione. Codice locale originale CC0; nessuna nuova licenza applicata ai dati.,,Fonti originali,Licenza dei dati terzi non verificata come aperta: valgono i termini della fonte; accesso pubblico non equivale a diritto di ripubblicazione. Codice locale originale CC0; nessuna nuova licenza applicata ai dati.
stablecoin_catene,2026-10-04,/145/totalCirculatingUSD/peggedCHF,2285305.606583178,https://stablecoins.llama.fi/stablecoinchains,"""Snapshot al momento del prelievo; non ricostruisce lo stato di ieri.""",Licenza dei dati terzi non verificata come aperta: valgono i termini della fonte; accesso pubblico non equivale a diritto di ripubblicazione. Codice locale originale CC0; nessuna nuova licenza applicata ai dati.,,Fonti originali,Licenza dei dati terzi non verificata come aperta: valgono i termini della fonte; accesso pubblico non equivale a diritto di ripubblicazione. Codice locale originale CC0; nessuna nuova licenza applicata ai dati.
stablecoin_catene,2026-10-04,/145/totalCirculatingUSD/peggedAUD,2241130.8206338277,https://stablecoins.llama.fi/stablecoinchains,"""Snapshot al momento del prelievo; non ricostruisce lo stato di ieri.""",Licenza dei dati terzi non verificata come aperta: valgono i termini della fonte; accesso pubblico non equivale a diritto di ripubblicazione. Codice locale originale CC0; nessuna nuova licenza applicata ai dati.,,Fonti originali,Licenza dei dati terzi non verificata come aperta: valgono i termini della fonte; accesso pubblico non equivale a diritto di ripubblicazione. Codice locale originale CC0; nessuna nuova licenza applicata ai dati.
stablecoin_catene,2026-10-04,/145/totalCirculatingUSD/peggedGBP,7506631.908903735,https://stablecoins.llama.fi/stablecoinchains,"""Snapshot al momento del prelievo; non ricostruisce lo stato di ieri.""",Licenza dei dati terzi non verificata come aperta: valgono i termini della fonte; accesso pubblico non equivale a diritto di ripubblicazione. Codice locale originale CC0; nessuna nuova licenza applicata ai dati.,,Fonti originali,Licenza dei dati terzi non verificata come aperta: valgono i termini della fonte; accesso pubblico non equivale a diritto di ripubblicazione. Codice locale originale CC0; nessuna nuova licenza applicata ai dati.
stablecoin_catene,2026-10-04,/145/totalCirculatingUSD/peggedTRY,11263.493122421762,https://stablecoins.llama.fi/stablecoinchains,"""Snapshot al momento del prelievo; non ricostruisce lo stato di ieri.""",Licenza dei dati terzi non verificata come aperta: valgono i termini della fonte; accesso pubblico non equivale a diritto di ripubblicazione. Codice locale originale CC0; nessuna nuova licenza applicata ai dati.,,Fonti originali,Licenza dei dati terzi non verificata come aperta: valgono i termini della fonte; accesso pubblico non equivale a diritto di ripubblicazione. Codice locale originale CC0; nessuna nuova licenza applicata ai dati.
stablecoin_catene,2026-10-04,/145/totalCirculatingUSD/peggedARS,1016614.3937125612,https://stablecoins.llama.fi/stablecoinchains,"""Snapshot al momento del prelievo; non ricostruisce lo stato di ieri.""",Licenza dei dati terzi non verificata come aperta: valgono i termini della fonte; accesso pubblico non equivale a diritto di ripubblicazione. Codice locale originale CC0; nessuna nuova licenza applicata ai dati.,,Fonti originali,Licenza dei dati terzi non verificata come aperta: valgono i termini della fonte; accesso pubblico non equivale a diritto di ripubblicazione. Codice locale originale CC0; nessuna nuova licenza applicata ai dati.
stablecoin_catene,2026-10-04,/145/totalCirculatingUSD/peggedREAL,483141.4534911203,https://stablecoins.llama.fi/stablecoinchains,"""Snapshot al momento del prelievo; non ricostruisce lo stato di ieri.""",Licenza dei dati terzi non verificata come aperta: valgono i termini della fonte; accesso pubblico non equivale a diritto di ripubblicazione. Codice locale originale CC0; nessuna nuova licenza applicata ai dati.,,Fonti originali,Licenza dei dati terzi non verificata come aperta: valgono i termini della fonte; accesso pubblico non equivale a diritto di ripubblicazione. Codice locale originale CC0; nessuna nuova licenza applicata ai dati.
stablecoin_catene,2026-10-04,/145/totalCirculatingUSD/peggedCLP,4344.7178502666475,https://stablecoins.llama.fi/stablecoinchains,"""Snapshot al momento del prelievo; non ricostruisce lo stato di ieri.""",Licenza dei dati terzi non verificata come aperta: valgono i termini della fonte; accesso pubblico non equivale a diritto di ripubblicazione. Codice locale originale CC0; nessuna nuova licenza applicata ai dati.,,Fonti originali,Licenza dei dati terzi non verificata come aperta: valgono i termini della fonte; accesso pubblico non equivale a diritto di ripubblicazione. Codice locale originale CC0; nessuna nuova licenza applicata ai dati.
stablecoin_catene,2026-10-04,/145/totalCirculatingUSD/peggedCOP,187226.4528026199,https://stablecoins.llama.fi/stablecoinchains,"""Snapshot al momento del prelievo; non ricostruisce lo stato di ieri.""",Licenza dei dati terzi non verificata come aperta: valgono i termini della fonte; accesso pubblico non equivale a diritto di ripubblicazione. Codice locale originale CC0; nessuna nuova licenza applicata ai dati.,,Fonti originali,Licenza dei dati terzi non verificata come aperta: valgono i termini della fonte; accesso pubblico non equivale a diritto di ripubblicazione. Codice locale originale CC0; nessuna nuova licenza applicata ai dati.
stablecoin_catene,2026-10-04,/145/totalCirculatingUSD/peggedMXN,197427.02986010065,https://stablecoins.llama.fi/stablecoinchains,"""Snapshot al momento del prelievo; non ricostruisce lo stato di ieri.""",Licenza dei dati terzi non verificata come aperta: valgono i termini della fonte; accesso pubblico non equivale a diritto di ripubblicazione. Codice locale originale CC0; nessuna nuova licenza applicata ai dati.,,Fonti originali,Licenza dei dati terzi non verificata come aperta: valgono i termini della fonte; accesso pubblico non equivale a diritto di ripubblicazione. Codice locale originale CC0; nessuna nuova licenza applicata ai dati.
stablecoin_catene,2026-10-04,/145/totalCirculatingUSD/peggedPEN,1252.8166102647333,https://stablecoins.llama.fi/stablecoinchains,"""Snapshot al momento del prelievo; non ricostruisce lo stato di ieri.""",Licenza dei dati terzi non verificata come aperta: valgono i termini della fonte; accesso pubblico non equivale a diritto di ripubblicazione. Codice locale originale CC0; nessuna nuova licenza applicata ai dati.,,Fonti originali,Licenza dei dati terzi non verificata come aperta: valgono i termini della fonte; accesso pubblico non equivale a diritto di ripubblicazione. Codice locale originale CC0; nessuna nuova licenza applicata ai dati.
stablecoin_catene,2026-10-04,/145/totalCirculatingUSD/peggedKRW,306263.4018790129,https://stablecoins.llama.fi/stablecoinchains,"""Snapshot al momento del prelievo; non ricostruisce lo stato di ieri.""",Licenza dei dati terzi non verificata come aperta: valgono i termini della fonte; accesso pubblico non equivale a diritto di ripubblicazione. Codice locale originale CC0; nessuna nuova licenza applicata ai dati.,,Fonti originali,Licenza dei dati terzi non verificata come aperta: valgono i termini della fonte; accesso pubblico non equivale a diritto di ripubblicazione. Codice locale originale CC0; nessuna nuova licenza applicata ai dati.
stablecoin_catene,2026-10-04,/145/name,"""Base""",https://stablecoins.llama.fi/stablecoinchains,"""Snapshot al momento del prelievo; non ricostruisce lo stato di ieri.""",Licenza dei dati terzi non verificata come aperta: valgono i termini della fonte; accesso pubblico non equivale a diritto di ripubblicazione. Codice locale originale CC0; nessuna nuova licenza applicata ai dati.,,Fonti originali,Licenza dei dati terzi non verificata come aperta: valgono i termini della fonte; accesso pubblico non equivale a diritto di ripubblicazione. Codice locale originale CC0; nessuna nuova licenza applicata ai dati.
stablecoin_catene,2026-10-04,/146/totalCirculatingUSD/peggedUSD,88892275.26124091,https://stablecoins.llama.fi/stablecoinchains,"""Snapshot al momento del prelievo; non ricostruisce lo stato di ieri.""",Licenza dei dati terzi non verificata come aperta: valgono i termini della fonte; accesso pubblico non equivale a diritto di ripubblicazione. Codice locale originale CC0; nessuna nuova licenza applicata ai dati.,,Fonti originali,Licenza dei dati terzi non verificata come aperta: valgono i termini della fonte; accesso pubblico non equivale a diritto di ripubblicazione. Codice locale originale CC0; nessuna nuova licenza applicata ai dati.
stablecoin_catene,2026-10-04,/146/totalCirculatingUSD/peggedEUR,286806.2177087563,https://stablecoins.llama.fi/stablecoinchains,"""Snapshot al momento del prelievo; non ricostruisce lo stato di ieri.""",Licenza dei dati terzi non verificata come aperta: valgono i termini della fonte; accesso pubblico non equivale a diritto di ripubblicazione. Codice locale originale CC0; nessuna nuova licenza applicata ai dati.,,Fonti originali,Licenza dei dati terzi non verificata come aperta: valgono i termini della fonte; accesso pubblico non equivale a diritto di ripubblicazione. Codice locale originale CC0; nessuna nuova licenza applicata ai dati.
stablecoin_catene,2026-10-04,/146/name,"""Noble""",https://stablecoins.llama.fi/stablecoinchains,"""Snapshot al momento del prelievo; non ricostruisce lo stato di ieri.""",Licenza dei dati terzi non verificata come aperta: valgono i termini della fonte; accesso pubblico non equivale a diritto di ripubblicazione. Codice locale originale CC0; nessuna nuova licenza applicata ai dati.,,Fonti originali,Licenza dei dati terzi non verificata come aperta: valgono i termini della fonte; accesso pubblico non equivale a diritto di ripubblicazione. Codice locale originale CC0; nessuna nuova licenza applicata ai dati.
stablecoin_catene,2026-10-04,/147/totalCirculatingUSD/peggedUSD,269480.4155427992,https://stablecoins.llama.fi/stablecoinchains,"""Snapshot al momento del prelievo; non ricostruisce lo stato di ieri.""",Licenza dei dati terzi non verificata come aperta: valgono i termini della fonte; accesso pubblico non equivale a diritto di ripubblicazione. Codice locale originale CC0; nessuna nuova licenza applicata ai dati.,,Fonti originali,Licenza dei dati terzi non verificata come aperta: valgono i termini della fonte; accesso pubblico non equivale a diritto di ripubblicazione. Codice locale originale CC0; nessuna nuova licenza applicata ai dati.
stablecoin_catene,2026-10-04,/147/name,"""GateLayer""",https://stablecoins.llama.fi/stablecoinchains,"""Snapshot al momento del prelievo; non ricostruisce lo stato di ieri.""",Licenza dei dati terzi non verificata come aperta: valgono i termini della fonte; accesso pubblico non equivale a diritto di ripubblicazione. Codice locale originale CC0; nessuna nuova licenza applicata ai dati.,,Fonti originali,Licenza dei dati terzi non verificata come aperta: valgono i termini della fonte; accesso pubblico non equivale a diritto di ripubblicazione. Codice locale originale CC0; nessuna nuova licenza applicata ai dati.
stablecoin_catene,2026-10-04,/148/totalCirculatingUSD/peggedUSD,146098.17962731933,https://stablecoins.llama.fi/stablecoinchains,"""Snapshot al momento del prelievo; non ricostruisce lo stato di ieri.""",Licenza dei dati terzi non verificata come aperta: valgono i termini della fonte; accesso pubblico non equivale a diritto di ripubblicazione. Codice locale originale CC0; nessuna nuova licenza applicata ai dati.,,Fonti originali,Licenza dei dati terzi non verificata come aperta: valgono i termini della fonte; accesso pubblico non equivale a diritto di ripubblicazione. Codice locale originale CC0; nessuna nuova licenza applicata ai dati.
stablecoin_catene,2026-10-04,/148/name,"""Shape""",https://stablecoins.llama.fi/stablecoinchains,"""Snapshot al momento del prelievo; non ricostruisce lo stato di ieri.""",Licenza dei dati terzi non verificata come aperta: valgono i termini della fonte; accesso pubblico non equivale a diritto di ripubblicazione. Codice locale originale CC0; nessuna nuova licenza applicata ai dati.,,Fonti originali,Licenza dei dati terzi non verificata come aperta: valgono i termini della fonte; accesso pubblico non equivale a diritto di ripubblicazione. Codice locale originale CC0; nessuna nuova licenza applicata ai dati.
stablecoin_catene,2026-10-04,/149/totalCirculatingUSD/peggedUSD,1.0360955179601767,https://stablecoins.llama.fi/stablecoinchains,"""Snapshot al momento del prelievo; non ricostruisce lo stato di ieri.""",Licenza dei dati terzi non verificata come aperta: valgono i termini della fonte; accesso pubblico non equivale a diritto di ripubblicazione. Codice locale originale CC0; nessuna nuova licenza applicata ai dati.,,Fonti originali,Licenza dei dati terzi non verificata come aperta: valgono i termini della fonte; accesso pubblico non equivale a diritto di ripubblicazione. Codice locale originale CC0; nessuna nuova licenza applicata ai dati.
stablecoin_catene,2026-10-04,/149/name,"""Ronin""",https://stablecoins.llama.fi/stablecoinchains,"""Snapshot al momento del prelievo; non ricostruisce lo stato di ieri.""",Licenza dei dati terzi non verificata come aperta: valgono i termini della fonte; accesso pubblico non equivale a diritto di ripubblicazione. Codice locale originale CC0; nessuna nuova licenza applicata ai dati.,,Fonti originali,Licenza dei dati terzi non verificata come aperta: valgono i termini della fonte; accesso pubblico non equivale a diritto di ripubblicazione. Codice locale originale CC0; nessuna nuova licenza applicata ai dati.
stablecoin_catene,2026-10-04,/150/totalCirculatingUSD/peggedUSD,0,https://stablecoins.llama.fi/stablecoinchains,"""Snapshot al momento del prelievo; non ricostruisce lo stato di ieri.""",Licenza dei dati terzi non verificata come aperta: valgono i termini della fonte; accesso pubblico non equivale a diritto di ripubblicazione. Codice locale originale CC0; nessuna nuova licenza applicata ai dati.,,Fonti originali,Licenza dei dati terzi non verificata come aperta: valgono i termini della fonte; accesso pubblico non equivale a diritto di ripubblicazione. Codice locale originale CC0; nessuna nuova licenza applicata ai dati.
stablecoin_catene,2026-10-04,/150/name,"""DFK""",https://stablecoins.llama.fi/stablecoinchains,"""Snapshot al momento del prelievo; non ricostruisce lo stato di ieri.""",Licenza dei dati terzi non verificata come aperta: valgono i termini della fonte; accesso pubblico non equivale a diritto di ripubblicazione. Codice locale originale CC0; nessuna nuova licenza applicata ai dati.,,Fonti originali,Licenza dei dati terzi non verificata come aperta: valgono i termini della fonte; accesso pubblico non equivale a diritto di ripubblicazione. Codice locale originale CC0; nessuna nuova licenza applicata ai dati.
stablecoin_catene,2026-10-04,/151/totalCirculatingUSD/peggedUSD,2079519.148409031,https://stablecoins.llama.fi/stablecoinchains,"""Snapshot al momento del prelievo; non ricostruisce lo stato di ieri.""",Licenza dei dati terzi non verificata come aperta: valgono i termini della fonte; accesso pubblico non equivale a diritto di ripubblicazione. Codice locale originale CC0; nessuna nuova licenza applicata ai dati.,,Fonti originali,Licenza dei dati terzi non verificata come aperta: valgono i termini della fonte; accesso pubblico non equivale a diritto di ripubblicazione. Codice locale originale CC0; nessuna nuova licenza applicata ai dati.
stablecoin_catene,2026-10-04,/151/name,"""edgeX L1""",https://stablecoins.llama.fi/stablecoinchains,"""Snapshot al momento del prelievo; non ricostruisce lo stato di ieri.""",Licenza dei dati terzi non verificata come aperta: valgono i termini della fonte; accesso pubblico non equivale a diritto di ripubblicazione. Codice locale originale CC0; nessuna nuova licenza applicata ai dati.,,Fonti originali,Licenza dei dati terzi non verificata come aperta: valgono i termini della fonte; accesso pubblico non equivale a diritto di ripubblicazione. Codice locale originale CC0; nessuna nuova licenza applicata ai dati.
stablecoin_catene,2026-10-04,/152/totalCirculatingUSD/peggedUSD,0,https://stablecoins.llama.fi/stablecoinchains,"""Snapshot al momento del prelievo; non ricostruisce lo stato di ieri.""",Licenza dei dati terzi non verificata come aperta: valgono i termini della fonte; accesso pubblico non equivale a diritto di ripubblicazione. Codice locale originale CC0; nessuna nuova licenza applicata ai dati.,,Fonti originali,Licenza dei dati terzi non verificata come aperta: valgono i termini della fonte; accesso pubblico non equivale a diritto di ripubblicazione. Codice locale originale CC0; nessuna nuova licenza applicata ai dati.
stablecoin_catene,2026-10-04,/152/name,"""Kadena""",https://stablecoins.llama.fi/stablecoinchains,"""Snapshot al momento del prelievo; non ricostruisce lo stato di ieri.""",Licenza dei dati terzi non verificata come aperta: valgono i termini della fonte; accesso pubblico non equivale a diritto di ripubblicazione. Codice locale originale CC0; nessuna nuova licenza applicata ai dati.,,Fonti originali,Licenza dei dati terzi non verificata come aperta: valgono i termini della fonte; accesso pubblico non equivale a diritto di ripubblicazione. Codice locale originale CC0; nessuna nuova licenza applicata ai dati.
stablecoin_catene,2026-10-04,/153/totalCirculatingUSD/peggedUSD,17205183.3564126,https://stablecoins.llama.fi/stablecoinchains,"""Snapshot al momento del prelievo; non ricostruisce lo stato di ieri.""",Licenza dei dati terzi non verificata come aperta: valgono i termini della fonte; accesso pubblico non equivale a diritto di ripubblicazione. Codice locale originale CC0; nessuna nuova licenza applicata ai dati.,,Fonti originali,Licenza dei dati terzi non verificata come aperta: valgono i termini della fonte; accesso pubblico non equivale a diritto di ripubblicazione. Codice locale originale CC0; nessuna nuova licenza applicata ai dati.
stablecoin_catene,2026-10-04,/153/totalCirculatingUSD/peggedEUR,657619.5085093363,https://stablecoins.llama.fi/stablecoinchains,"""Snapshot al momento del prelievo; non ricostruisce lo stato di ieri.""",Licenza dei dati terzi non verificata come aperta: valgono i termini della fonte; accesso pubblico non equivale a diritto di ripubblicazione. Codice locale originale CC0; nessuna nuova licenza applicata ai dati.,,Fonti originali,Licenza dei dati terzi non verificata come aperta: valgono i termini della fonte; accesso pubblico non equivale a diritto di ripubblicazione. Codice locale originale CC0; nessuna nuova licenza applicata ai dati.
stablecoin_catene,2026-10-04,/153/totalCirculatingUSD/peggedARS,242220.85171435564,https://stablecoins.llama.fi/stablecoinchains,"""Snapshot al momento del prelievo; non ricostruisce lo stato di ieri.""",Licenza dei dati terzi non verificata come aperta: valgono i termini della fonte; accesso pubblico non equivale a diritto di ripubblicazione. Codice locale originale CC0; nessuna nuova licenza applicata ai dati.,,Fonti originali,Licenza dei dati terzi non verificata come aperta: valgono i termini della fonte; accesso pubblico non equivale a diritto di ripubblicazione. Codice locale originale CC0; nessuna nuova licenza applicata ai dati.
stablecoin_catene,2026-10-04,/153/totalCirculatingUSD/peggedREAL,96942.86810154852,https://stablecoins.llama.fi/stablecoinchains,"""Snapshot al momento del prelievo; non ricostruisce lo stato di ieri.""",Licenza dei dati terzi non verificata come aperta: valgono i termini della fonte; accesso pubblico non equivale a diritto di ripubblicazione. Codice locale originale CC0; nessuna nuova licenza applicata ai dati.,,Fonti originali,Licenza dei dati terzi non verificata come aperta: valgono i termini della fonte; accesso pubblico non equivale a diritto di ripubblicazione. Codice locale originale CC0; nessuna nuova licenza applicata ai dati.
stablecoin_catene,2026-10-04,/153/totalCirculatingUSD/peggedCLP,47113.6498644806,https://stablecoins.llama.fi/stablecoinchains,"""Snapshot al momento del prelievo; non ricostruisce lo stato di ieri.""",Licenza dei dati terzi non verificata come aperta: valgono i termini della fonte; accesso pubblico non equivale a diritto di ripubblicazione. Codice locale originale CC0; nessuna nuova licenza applicata ai dati.,,Fonti originali,Licenza dei dati terzi non verificata come aperta: valgono i termini della fonte; accesso pubblico non equivale a diritto di ripubblicazione. Codice locale originale CC0; nessuna nuova licenza applicata ai dati.
stablecoin_catene,2026-10-04,/153/totalCirculatingUSD/peggedCOP,60798.60255232015,https://stablecoins.llama.fi/stablecoinchains,"""Snapshot al momento del prelievo; non ricostruisce lo stato di ieri.""",Licenza dei dati terzi non verificata come aperta: valgono i termini della fonte; accesso pubblico non equivale a diritto di ripubblicazione. Codice locale originale CC0; nessuna nuova licenza applicata ai dati.,,Fonti originali,Licenza dei dati terzi non verificata come aperta: valgono i termini della fonte; accesso pubblico non equivale a diritto di ripubblicazione. Codice locale originale CC0; nessuna nuova licenza applicata ai dati.
stablecoin_catene,2026-10-04,/153/totalCirculatingUSD/peggedMXN,65624.15982412813,https://stablecoins.llama.fi/stablecoinchains,"""Snapshot al momento del prelievo; non ricostruisce lo stato di ieri.""",Licenza dei dati terzi non verificata come aperta: valgono i termini della fonte; accesso pubblico non equivale a diritto di ripubblicazione. Codice locale originale CC0; nessuna nuova licenza applicata ai dati.,,Fonti originali,Licenza dei dati terzi non verificata come aperta: valgono i termini della fonte; accesso pubblico non equivale a diritto di ripubblicazione. Codice locale originale CC0; nessuna nuova licenza applicata ai dati.
stablecoin_catene,2026-10-04,/153/totalCirculatingUSD/peggedPEN,33346.23834561098,https://stablecoins.llama.fi/stablecoinchains,"""Snapshot al momento del prelievo; non ricostruisce lo stato di ieri.""",Licenza dei dati terzi non verificata come aperta: valgono i termini della fonte; accesso pubblico non equivale a diritto di ripubblicazione. Codice locale originale CC0; nessuna nuova licenza applicata ai dati.,,Fonti originali,Licenza dei dati terzi non verificata come aperta: valgono i termini della fonte; accesso pubblico non equivale a diritto di ripubblicazione. Codice locale originale CC0; nessuna nuova licenza applicata ai dati.
stablecoin_catene,2026-10-04,/153/name,"""World Chain""",https://stablecoins.llama.fi/stablecoinchains,"""Snapshot al momento del prelievo; non ricostruisce lo stato di ieri.""",Licenza dei dati terzi non verificata come aperta: valgono i termini della fonte; accesso pubblico non equivale a diritto di ripubblicazione. Codice locale originale CC0; nessuna nuova licenza applicata ai dati.,,Fonti originali,Licenza dei dati terzi non verificata come aperta: valgono i termini della fonte; accesso pubblico non equivale a diritto di ripubblicazione. Codice locale originale CC0; nessuna nuova licenza applicata ai dati.
stablecoin_catene,2026-10-04,/154/totalCirculatingUSD/peggedUSD,4813905.7144195195,https://stablecoins.llama.fi/stablecoinchains,"""Snapshot al momento del prelievo; non ricostruisce lo stato di ieri.""",Licenza dei dati terzi non verificata come aperta: valgono i termini della fonte; accesso pubblico non equivale a diritto di ripubblicazione. Codice locale originale CC0; nessuna nuova licenza applicata ai dati.,,Fonti originali,Licenza dei dati terzi non verificata come aperta: valgono i termini della fonte; accesso pubblico non equivale a diritto di ripubblicazione. Codice locale originale CC0; nessuna nuova licenza applicata ai dati.
stablecoin_catene,2026-10-04,/154/totalCirculatingUSD/peggedKRW,0.0034684036871262805,https://stablecoins.llama.fi/stablecoinchains,"""Snapshot al momento del prelievo; non ricostruisce lo stato di ieri.""",Licenza dei dati terzi non verificata come aperta: valgono i termini della fonte; accesso pubblico non equivale a diritto di ripubblicazione. Codice locale originale CC0; nessuna nuova licenza applicata ai dati.,,Fonti originali,Licenza dei dati terzi non verificata come aperta: valgono i termini della fonte; accesso pubblico non equivale a diritto di ripubblicazione. Codice locale originale CC0; nessuna nuova licenza applicata ai dati.
stablecoin_catene,2026-10-04,/154/name,"""Codex""",https://stablecoins.llama.fi/stablecoinchains,"""Snapshot al momento del prelievo; non ricostruisce lo stato di ieri.""",Licenza dei dati terzi non verificata come aperta: valgono i termini della fonte; accesso pubblico non equivale a diritto di ripubblicazione. Codice locale originale CC0; nessuna nuova licenza applicata ai dati.,,Fonti originali,Licenza dei dati terzi non verificata come aperta: valgono i termini della fonte; accesso pubblico non equivale a diritto di ripubblicazione. Codice locale originale CC0; nessuna nuova licenza applicata ai dati.
stablecoin_catene,2026-10-04,/155/totalCirculatingUSD/peggedUSD,0,https://stablecoins.llama.fi/stablecoinchains,"""Snapshot al momento del prelievo; non ricostruisce lo stato di ieri.""",Licenza dei dati terzi non verificata come aperta: valgono i termini della fonte; accesso pubblico non equivale a diritto di ripubblicazione. Codice locale originale CC0; nessuna nuova licenza applicata ai dati.,,Fonti originali,Licenza dei dati terzi non verificata come aperta: valgono i termini della fonte; accesso pubblico non equivale a diritto di ripubblicazione. Codice locale originale CC0; nessuna nuova licenza applicata ai dati.
stablecoin_catene,2026-10-04,/155/name,"""Degen""",https://stablecoins.llama.fi/stablecoinchains,"""Snapshot al momento del prelievo; non ricostruisce lo stato di ieri.""",Licenza dei dati terzi non verificata come aperta: valgono i termini della fonte; accesso pubblico non equivale a diritto di ripubblicazione. Codice locale originale CC0; nessuna nuova licenza applicata ai dati.,,Fonti originali,Licenza dei dati terzi non verificata come aperta: valgono i termini della fonte; accesso pubblico non equivale a diritto di ripubblicazione. Codice locale originale CC0; nessuna nuova licenza applicata ai dati.
stablecoin_catene,2026-10-04,/156/totalCirculatingUSD/peggedUSD,0,https://stablecoins.llama.fi/stablecoinchains,"""Snapshot al momento del prelievo; non ricostruisce lo stato di ieri.""",Licenza dei dati terzi non verificata come aperta: valgono i termini della fonte; accesso pubblico non equivale a diritto di ripubblicazione. Codice locale originale CC0; nessuna nuova licenza applicata ai dati.,,Fonti originali,Licenza dei dati terzi non verificata come aperta: valgono i termini della fonte; accesso pubblico non equivale a diritto di ripubblicazione. Codice locale originale CC0; nessuna nuova licenza applicata ai dati.
stablecoin_catene,2026-10-04,/156/name,"""Xc""",https://stablecoins.llama.fi/stablecoinchains,"""Snapshot al momento del prelievo; non ricostruisce lo stato di ieri.""",Licenza dei dati terzi non verificata come aperta: valgono i termini della fonte; accesso pubblico non equivale a diritto di ripubblicazione. Codice locale originale CC0; nessuna nuova licenza applicata ai dati.,,Fonti originali,Licenza dei dati terzi non verificata come aperta: valgono i termini della fonte; accesso pubblico non equivale a diritto di ripubblicazione. Codice locale originale CC0; nessuna nuova licenza applicata ai dati.
stablecoin_catene,2026-10-04,/157/totalCirculatingUSD/peggedUSD,4207310.18439192,https://stablecoins.llama.fi/stablecoinchains,"""Snapshot al momento del prelievo; non ricostruisce lo stato di ieri.""",Licenza dei dati terzi non verificata come aperta: valgono i termini della fonte; accesso pubblico non equivale a diritto di ripubblicazione. Codice locale originale CC0; nessuna nuova licenza applicata ai dati.,,Fonti originali,Licenza dei dati terzi non verificata come aperta: valgono i termini della fonte; accesso pubblico non equivale a diritto di ripubblicazione. Codice locale originale CC0; nessuna nuova licenza applicata ai dati.
stablecoin_catene,2026-10-04,/157/name,"""ALEO""",https://stablecoins.llama.fi/stablecoinchains,"""Snapshot al momento del prelievo; non ricostruisce lo stato di ieri.""",Licenza dei dati terzi non verificata come aperta: valgono i termini della fonte; accesso pubblico non equivale a diritto di ripubblicazione. Codice locale originale CC0; nessuna nuova licenza applicata ai dati.,,Fonti originali,Licenza dei dati terzi non verificata come aperta: valgono i termini della fonte; accesso pubblico non equivale a diritto di ripubblicazione. Codice locale originale CC0; nessuna nuova licenza applicata ai dati.
stablecoin_catene,2026-10-04,/158/totalCirculatingUSD/peggedUSD,84.02718942559449,https://stablecoins.llama.fi/stablecoinchains,"""Snapshot al momento del prelievo; non ricostruisce lo stato di ieri.""",Licenza dei dati terzi non verificata come aperta: valgono i termini della fonte; accesso pubblico non equivale a diritto di ripubblicazione. Codice locale originale CC0; nessuna nuova licenza applicata ai dati.,,Fonti originali,Licenza dei dati terzi non verificata come aperta: valgono i termini della fonte; accesso pubblico non equivale a diritto di ripubblicazione. Codice locale originale CC0; nessuna nuova licenza applicata ai dati.
stablecoin_catene,2026-10-04,/158/name,"""Apex Fusion""",https://stablecoins.llama.fi/stablecoinchains,"""Snapshot al momento del prelievo; non ricostruisce lo stato di ieri.""",Licenza dei dati terzi non verificata come aperta: valgono i termini della fonte; accesso pubblico non equivale a diritto di ripubblicazione. Codice locale originale CC0; nessuna nuova licenza applicata ai dati.,,Fonti originali,Licenza dei dati terzi non verificata come aperta: valgono i termini della fonte; accesso pubblico non equivale a diritto di ripubblicazione. Codice locale originale CC0; nessuna nuova licenza applicata ai dati.
stablecoin_catene,2026-10-04,/159/totalCirculatingUSD/peggedUSD,508813679.9701212,https://stablecoins.llama.fi/stablecoinchains,"""Snapshot al momento del prelievo; non ricostruisce lo stato di ieri.""",Licenza dei dati terzi non verificata come aperta: valgono i termini della fonte; accesso pubblico non equivale a diritto di ripubblicazione. Codice locale originale CC0; nessuna nuova licenza applicata ai dati.,,Fonti originali,Licenza dei dati terzi non verificata come aperta: valgono i termini della fonte; accesso pubblico non equivale a diritto di ripubblicazione. Codice locale originale CC0; nessuna nuova licenza applicata ai dati.
stablecoin_catene,2026-10-04,/159/totalCirculatingUSD/peggedEUR,8277204.874142419,https://stablecoins.llama.fi/stablecoinchains,"""Snapshot al momento del prelievo; non ricostruisce lo stato di ieri.""",Licenza dei dati terzi non verificata come aperta: valgono i termini della fonte; accesso pubblico non equivale a diritto di ripubblicazione. Codice locale originale CC0; nessuna nuova licenza applicata ai dati.,,Fonti originali,Licenza dei dati terzi non verificata come aperta: valgono i termini della fonte; accesso pubblico non equivale a diritto di ripubblicazione. Codice locale originale CC0; nessuna nuova licenza applicata ai dati.
stablecoin_catene,2026-10-04,/159/totalCirculatingUSD/peggedGBP,760399.2166534082,https://stablecoins.llama.fi/stablecoinchains,"""Snapshot al momento del prelievo; non ricostruisce lo stato di ieri.""",Licenza dei dati terzi non verificata come aperta: valgono i termini della fonte; accesso pubblico non equivale a diritto di ripubblicazione. Codice locale originale CC0; nessuna nuova licenza applicata ai dati.,,Fonti originali,Licenza dei dati terzi non verificata come aperta: valgono i termini della fonte; accesso pubblico non equivale a diritto di ripubblicazione. Codice locale originale CC0; nessuna nuova licenza applicata ai dati.
stablecoin_catene,2026-10-04,/159/name,"""Arc""",https://stablecoins.llama.fi/stablecoinchains,"""Snapshot al momento del prelievo; non ricostruisce lo stato di ieri.""",Licenza dei dati terzi non verificata come aperta: valgono i termini della fonte; accesso pubblico non equivale a diritto di ripubblicazione. Codice locale originale CC0; nessuna nuova licenza applicata ai dati.,,Fonti originali,Licenza dei dati terzi non verificata come aperta: valgono i termini della fonte; accesso pubblico non equivale a diritto di ripubblicazione. Codice locale originale CC0; nessuna nuova licenza applicata ai dati.
stablecoin_catene,2026-10-04,/160/totalCirculatingUSD/peggedUSD,358716.83021555154,https://stablecoins.llama.fi/stablecoinchains,"""Snapshot al momento del prelievo; non ricostruisce lo stato di ieri.""",Licenza dei dati terzi non verificata come aperta: valgono i termini della fonte; accesso pubblico non equivale a diritto di ripubblicazione. Codice locale originale CC0; nessuna nuova licenza applicata ai dati.,,Fonti originali,Licenza dei dati terzi non verificata come aperta: valgono i termini della fonte; accesso pubblico non equivale a diritto di ripubblicazione. Codice locale originale CC0; nessuna nuova licenza applicata ai dati.
stablecoin_catene,2026-10-04,/160/name,"""Bittensor EVM""",https://stablecoins.llama.fi/stablecoinchains,"""Snapshot al momento del prelievo; non ricostruisce lo stato di ieri.""",Licenza dei dati terzi non verificata come aperta: valgono i termini della fonte; accesso pubblico non equivale a diritto di ripubblicazione. Codice locale originale CC0; nessuna nuova licenza applicata ai dati.,,Fonti originali,Licenza dei dati terzi non verificata come aperta: valgono i termini della fonte; accesso pubblico non equivale a diritto di ripubblicazione. Codice locale originale CC0; nessuna nuova licenza applicata ai dati.
stablecoin_catene,2026-10-04,/161/totalCirculatingUSD/peggedUSD,914483172.5556511,https://stablecoins.llama.fi/stablecoinchains,"""Snapshot al momento del prelievo; non ricostruisce lo stato di ieri.""",Licenza dei dati terzi non verificata come aperta: valgono i termini della fonte; accesso pubblico non equivale a diritto di ripubblicazione. Codice locale originale CC0; nessuna nuova licenza applicata ai dati.,,Fonti originali,Licenza dei dati terzi non verificata come aperta: valgono i termini della fonte; accesso pubblico non equivale a diritto di ripubblicazione. Codice locale originale CC0; nessuna nuova licenza applicata ai dati.
stablecoin_catene,2026-10-04,/161/totalCirculatingUSD/peggedEUR,22750711.323570844,https://stablecoins.llama.fi/stablecoinchains,"""Snapshot al momento del prelievo; non ricostruisce lo stato di ieri.""",Licenza dei dati terzi non verificata come aperta: valgono i termini della fonte; accesso pubblico non equivale a diritto di ripubblicazione. Codice locale originale CC0; nessuna nuova licenza applicata ai dati.,,Fonti originali,Licenza dei dati terzi non verificata come aperta: valgono i termini della fonte; accesso pubblico non equivale a diritto di ripubblicazione. Codice locale originale CC0; nessuna nuova licenza applicata ai dati.
stablecoin_catene,2026-10-04,/161/totalCirculatingUSD/peggedJPY,212666.57990250687,https://stablecoins.llama.fi/stablecoinchains,"""Snapshot al momento del prelievo; non ricostruisce lo stato di ieri.""",Licenza dei dati terzi non verificata come aperta: valgono i termini della fonte; accesso pubblico non equivale a diritto di ripubblicazione. Codice locale originale CC0; nessuna nuova licenza applicata ai dati.,,Fonti originali,Licenza dei dati terzi non verificata come aperta: valgono i termini della fonte; accesso pubblico non equivale a diritto di ripubblicazione. Codice locale originale CC0; nessuna nuova licenza applicata ai dati.
stablecoin_catene,2026-10-04,/161/totalCirculatingUSD/peggedCHF,3645.9705003317667,https://stablecoins.llama.fi/stablecoinchains,"""Snapshot al momento del prelievo; non ricostruisce lo stato di ieri.""",Licenza dei dati terzi non verificata come aperta: valgono i termini della fonte; accesso pubblico non equivale a diritto di ripubblicazione. Codice locale originale CC0; nessuna nuova licenza applicata ai dati.,,Fonti originali,Licenza dei dati terzi non verificata come aperta: valgono i termini della fonte; accesso pubblico non equivale a diritto di ripubblicazione. Codice locale originale CC0; nessuna nuova licenza applicata ai dati.
stablecoin_catene,2026-10-04,/161/totalCirculatingUSD/peggedAUD,2067565.388021901,https://stablecoins.llama.fi/stablecoinchains,"""Snapshot al momento del prelievo; non ricostruisce lo stato di ieri.""",Licenza dei dati terzi non verificata come aperta: valgono i termini della fonte; accesso pubblico non equivale a diritto di ripubblicazione. Codice locale originale CC0; nessuna nuova licenza applicata ai dati.,,Fonti originali,Licenza dei dati terzi non verificata come aperta: valgono i termini della fonte; accesso pubblico non equivale a diritto di ripubblicazione. Codice locale originale CC0; nessuna nuova licenza applicata ai dati.
stablecoin_catene,2026-10-04,/161/name,"""Stellar""",https://stablecoins.llama.fi/stablecoinchains,"""Snapshot al momento del prelievo; non ricostruisce lo stato di ieri.""",Licenza dei dati terzi non verificata come aperta: valgono i termini della fonte; accesso pubblico non equivale a diritto di ripubblicazione. Codice locale originale CC0; nessuna nuova licenza applicata ai dati.,,Fonti originali,Licenza dei dati terzi non verificata come aperta: valgono i termini della fonte; accesso pubblico non equivale a diritto di ripubblicazione. Codice locale originale CC0; nessuna nuova licenza applicata ai dati.
stablecoin_catene,2026-10-04,/162/totalCirculatingUSD/peggedUSD,377957.56598284387,https://stablecoins.llama.fi/stablecoinchains,"""Snapshot al momento del prelievo; non ricostruisce lo stato di ieri.""",Licenza dei dati terzi non verificata come aperta: valgono i termini della fonte; accesso pubblico non equivale a diritto di ripubblicazione. Codice locale originale CC0; nessuna nuova licenza applicata ai dati.,,Fonti originali,Licenza dei dati terzi non verificata come aperta: valgono i termini della fonte; accesso pubblico non equivale a diritto di ripubblicazione. Codice locale originale CC0; nessuna nuova licenza applicata ai dati.
stablecoin_catene,2026-10-04,/162/name,"""Bitlayer""",https://stablecoins.llama.fi/stablecoinchains,"""Snapshot al momento del prelievo; non ricostruisce lo stato di ieri.""",Licenza dei dati terzi non verificata come aperta: valgono i termini della fonte; accesso pubblico non equivale a diritto di ripubblicazione. Codice locale originale CC0; nessuna nuova licenza applicata ai dati.,,Fonti originali,Licenza dei dati terzi non verificata come aperta: valgono i termini della fonte; accesso pubblico non equivale a diritto di ripubblicazione. Codice locale originale CC0; nessuna nuova licenza applicata ai dati.
stablecoin_catene,2026-10-04,/163/totalCirculatingUSD/peggedUSD,778432.9171459998,https://stablecoins.llama.fi/stablecoinchains,"""Snapshot al momento del prelievo; non ricostruisce lo stato di ieri.""",Licenza dei dati terzi non verificata come aperta: valgono i termini della fonte; accesso pubblico non equivale a diritto di ripubblicazione. Codice locale originale CC0; nessuna nuova licenza applicata ai dati.,,Fonti originali,Licenza dei dati terzi non verificata come aperta: valgono i termini della fonte; accesso pubblico non equivale a diritto di ripubblicazione. Codice locale originale CC0; nessuna nuova licenza applicata ai dati.
stablecoin_catene,2026-10-04,/163/name,"""Fogo""",https://stablecoins.llama.fi/stablecoinchains,"""Snapshot al momento del prelievo; non ricostruisce lo stato di ieri.""",Licenza dei dati terzi non verificata come aperta: valgono i termini della fonte; accesso pubblico non equivale a diritto di ripubblicazione. Codice locale originale CC0; nessuna nuova licenza applicata ai dati.,,Fonti originali,Licenza dei dati terzi non verificata come aperta: valgono i termini della fonte; accesso pubblico non equivale a diritto di ripubblicazione. Codice locale originale CC0; nessuna nuova licenza applicata ai dati.
stablecoin_catene,2026-10-04,/164/totalCirculatingUSD/peggedUSD,50.79616205172983,https://stablecoins.llama.fi/stablecoinchains,"""Snapshot al momento del prelievo; non ricostruisce lo stato di ieri.""",Licenza dei dati terzi non verificata come aperta: valgono i termini della fonte; accesso pubblico non equivale a diritto di ripubblicazione. Codice locale originale CC0; nessuna nuova licenza applicata ai dati.,,Fonti originali,Licenza dei dati terzi non verificata come aperta: valgono i termini della fonte; accesso pubblico non equivale a diritto di ripubblicazione. Codice locale originale CC0; nessuna nuova licenza applicata ai dati.
stablecoin_catene,2026-10-04,/164/name,"""Orderly Network""",https://stablecoins.llama.fi/stablecoinchains,"""Snapshot al momento del prelievo; non ricostruisce lo stato di ieri.""",Licenza dei dati terzi non verificata come aperta: valgono i termini della fonte; accesso pubblico non equivale a diritto di ripubblicazione. Codice locale originale CC0; nessuna nuova licenza applicata ai dati.,,Fonti originali,Licenza dei dati terzi non verificata come aperta: valgono i termini della fonte; accesso pubblico non equivale a diritto di ripubblicazione. Codice locale originale CC0; nessuna nuova licenza applicata ai dati.
stablecoin_catene,2026-10-04,/165/totalCirculatingUSD/peggedUSD,760739.1255618362,https://stablecoins.llama.fi/stablecoinchains,"""Snapshot al momento del prelievo; non ricostruisce lo stato di ieri.""",Licenza dei dati terzi non verificata come aperta: valgono i termini della fonte; accesso pubblico non equivale a diritto di ripubblicazione. Codice locale originale CC0; nessuna nuova licenza applicata ai dati.,,Fonti originali,Licenza dei dati terzi non verificata come aperta: valgono i termini della fonte; accesso pubblico non equivale a diritto di ripubblicazione. Codice locale originale CC0; nessuna nuova licenza applicata ai dati.
stablecoin_catene,2026-10-04,/165/name,"""Gensyn""",https://stablecoins.llama.fi/stablecoinchains,"""Snapshot al momento del prelievo; non ricostruisce lo stato di ieri.""",Licenza dei dati terzi non verificata come aperta: valgono i termini della fonte; accesso pubblico non equivale a diritto di ripubblicazione. Codice locale originale CC0; nessuna nuova licenza applicata ai dati.,,Fonti originali,Licenza dei dati terzi non verificata come aperta: valgono i termini della fonte; accesso pubblico non equivale a diritto di ripubblicazione. Codice locale originale CC0; nessuna nuova licenza applicata ai dati.
stablecoin_catene,2026-10-04,/166/totalCirculatingUSD/peggedUSD,1292400.4591111857,https://stablecoins.llama.fi/stablecoinchains,"""Snapshot al momento del prelievo; non ricostruisce lo stato di ieri.""",Licenza dei dati terzi non verificata come aperta: valgono i termini della fonte; accesso pubblico non equivale a diritto di ripubblicazione. Codice locale originale CC0; nessuna nuova licenza applicata ai dati.,,Fonti originali,Licenza dei dati terzi non verificata come aperta: valgono i termini della fonte; accesso pubblico non equivale a diritto di ripubblicazione. Codice locale originale CC0; nessuna nuova licenza applicata ai dati.
stablecoin_catene,2026-10-04,/166/name,"""Doma""",https://stablecoins.llama.fi/stablecoinchains,"""Snapshot al momento del prelievo; non ricostruisce lo stato di ieri.""",Licenza dei dati terzi non verificata come aperta: valgono i termini della fonte; accesso pubblico non equivale a diritto di ripubblicazione. Codice locale originale CC0; nessuna nuova licenza applicata ai dati.,,Fonti originali,Licenza dei dati terzi non verificata come aperta: valgono i termini della fonte; accesso pubblico non equivale a diritto di ripubblicazione. Codice locale originale CC0; nessuna nuova licenza applicata ai dati.
stablecoin_catene,2026-10-04,/167/totalCirculatingUSD/peggedUSD,12034129.33036963,https://stablecoins.llama.fi/stablecoinchains,"""Snapshot al momento del prelievo; non ricostruisce lo stato di ieri.""",Licenza dei dati terzi non verificata come aperta: valgono i termini della fonte; accesso pubblico non equivale a diritto di ripubblicazione. Codice locale originale CC0; nessuna nuova licenza applicata ai dati.,,Fonti originali,Licenza dei dati terzi non verificata come aperta: valgono i termini della fonte; accesso pubblico non equivale a diritto di ripubblicazione. Codice locale originale CC0; nessuna nuova licenza applicata ai dati.
stablecoin_catene,2026-10-04,/167/name,"""Pharos""",https://stablecoins.llama.fi/stablecoinchains,"""Snapshot al momento del prelievo; non ricostruisce lo stato di ieri.""",Licenza dei dati terzi non verificata come aperta: valgono i termini della fonte; accesso pubblico non equivale a diritto di ripubblicazione. Codice locale originale CC0; nessuna nuova licenza applicata ai dati.,,Fonti originali,Licenza dei dati terzi non verificata come aperta: valgono i termini della fonte; accesso pubblico non equivale a diritto di ripubblicazione. Codice locale originale CC0; nessuna nuova licenza applicata ai dati.
stablecoin_catene,2026-10-04,/168/totalCirculatingUSD/peggedUSD,0,https://stablecoins.llama.fi/stablecoinchains,"""Snapshot al momento del prelievo; non ricostruisce lo stato di ieri.""",Licenza dei dati terzi non verificata come aperta: valgono i termini della fonte; accesso pubblico non equivale a diritto di ripubblicazione. Codice locale originale CC0; nessuna nuova licenza applicata ai dati.,,Fonti originali,Licenza dei dati terzi non verificata come aperta: valgono i termini della fonte; accesso pubblico non equivale a diritto di ripubblicazione. Codice locale originale CC0; nessuna nuova licenza applicata ai dati.
stablecoin_catene,2026-10-04,/168/name,"""Polygon zkEVM""",https://stablecoins.llama.fi/stablecoinchains,"""Snapshot al momento del prelievo; non ricostruisce lo stato di ieri.""",Licenza dei dati terzi non verificata come aperta: valgono i termini della fonte; accesso pubblico non equivale a diritto di ripubblicazione. Codice locale originale CC0; nessuna nuova licenza applicata ai dati.,,Fonti originali,Licenza dei dati terzi non verificata come aperta: valgono i termini della fonte; accesso pubblico non equivale a diritto di ripubblicazione. Codice locale originale CC0; nessuna nuova licenza applicata ai dati.
stablecoin_catene,2026-10-04,/169/totalCirculatingUSD/peggedUSD,115475.755693184,https://stablecoins.llama.fi/stablecoinchains,"""Snapshot al momento del prelievo; non ricostruisce lo stato di ieri.""",Licenza dei dati terzi non verificata come aperta: valgono i termini della fonte; accesso pubblico non equivale a diritto di ripubblicazione. Codice locale originale CC0; nessuna nuova licenza applicata ai dati.,,Fonti originali,Licenza dei dati terzi non verificata come aperta: valgono i termini della fonte; accesso pubblico non equivale a diritto di ripubblicazione. Codice locale originale CC0; nessuna nuova licenza applicata ai dati.
stablecoin_catene,2026-10-04,/169/name,"""Elastos""",https://stablecoins.llama.fi/stablecoinchains,"""Snapshot al momento del prelievo; non ricostruisce lo stato di ieri.""",Licenza dei dati terzi non verificata come aperta: valgono i termini della fonte; accesso pubblico non equivale a diritto di ripubblicazione. Codice locale originale CC0; nessuna nuova licenza applicata ai dati.,,Fonti originali,Licenza dei dati terzi non verificata come aperta: valgono i termini della fonte; accesso pubblico non equivale a diritto di ripubblicazione. Codice locale originale CC0; nessuna nuova licenza applicata ai dati.
stablecoin_catene,2026-10-04,/170/totalCirculatingUSD/peggedUSD,10.998667945893727,https://stablecoins.llama.fi/stablecoinchains,"""Snapshot al momento del prelievo; non ricostruisce lo stato di ieri.""",Licenza dei dati terzi non verificata come aperta: valgono i termini della fonte; accesso pubblico non equivale a diritto di ripubblicazione. Codice locale originale CC0; nessuna nuova licenza applicata ai dati.,,Fonti originali,Licenza dei dati terzi non verificata come aperta: valgono i termini della fonte; accesso pubblico non equivale a diritto di ripubblicazione. Codice locale originale CC0; nessuna nuova licenza applicata ai dati.
stablecoin_catene,2026-10-04,/170/name,"""Nero""",https://stablecoins.llama.fi/stablecoinchains,"""Snapshot al momento del prelievo; non ricostruisce lo stato di ieri.""",Licenza dei dati terzi non verificata come aperta: valgono i termini della fonte; accesso pubblico non equivale a diritto di ripubblicazione. Codice locale originale CC0; nessuna nuova licenza applicata ai dati.,,Fonti originali,Licenza dei dati terzi non verificata come aperta: valgono i termini della fonte; accesso pubblico non equivale a diritto di ripubblicazione. Codice locale originale CC0; nessuna nuova licenza applicata ai dati.
stablecoin_catene,2026-10-04,/171/totalCirculatingUSD/peggedUSD,147147505.77779454,https://stablecoins.llama.fi/stablecoinchains,"""Snapshot al momento del prelievo; non ricostruisce lo stato di ieri.""",Licenza dei dati terzi non verificata come aperta: valgono i termini della fonte; accesso pubblico non equivale a diritto di ripubblicazione. Codice locale originale CC0; nessuna nuova licenza applicata ai dati.,,Fonti originali,Licenza dei dati terzi non verificata come aperta: valgono i termini della fonte; accesso pubblico non equivale a diritto di ripubblicazione. Codice locale originale CC0; nessuna nuova licenza applicata ai dati.
stablecoin_catene,2026-10-04,/171/totalCirculatingUSD/peggedEUR,10559.635789698923,https://stablecoins.llama.fi/stablecoinchains,"""Snapshot al momento del prelievo; non ricostruisce lo stato di ieri.""",Licenza dei dati terzi non verificata come aperta: valgono i termini della fonte; accesso pubblico non equivale a diritto di ripubblicazione. Codice locale originale CC0; nessuna nuova licenza applicata ai dati.,,Fonti originali,Licenza dei dati terzi non verificata come aperta: valgono i termini della fonte; accesso pubblico non equivale a diritto di ripubblicazione. Codice locale originale CC0; nessuna nuova licenza applicata ai dati.
stablecoin_catene,2026-10-04,/171/totalCirculatingUSD/peggedCHF,2.4049956527572602,https://stablecoins.llama.fi/stablecoinchains,"""Snapshot al momento del prelievo; non ricostruisce lo stato di ieri.""",Licenza dei dati terzi non verificata come aperta: valgono i termini della fonte; accesso pubblico non equivale a diritto di ripubblicazione. Codice locale originale CC0; nessuna nuova licenza applicata ai dati.,,Fonti originali,Licenza dei dati terzi non verificata come aperta: valgono i termini della fonte; accesso pubblico non equivale a diritto di ripubblicazione. Codice locale originale CC0; nessuna nuova licenza applicata ai dati.
stablecoin_catene,2026-10-04,/171/name,"""Sonic""",https://stablecoins.llama.fi/stablecoinchains,"""Snapshot al momento del prelievo; non ricostruisce lo stato di ieri.""",Licenza dei dati terzi non verificata come aperta: valgono i termini della fonte; accesso pubblico non equivale a diritto di ripubblicazione. Codice locale originale CC0; nessuna nuova licenza applicata ai dati.,,Fonti originali,Licenza dei dati terzi non verificata come aperta: valgono i termini della fonte; accesso pubblico non equivale a diritto di ripubblicazione. Codice locale originale CC0; nessuna nuova licenza applicata ai dati.
stablecoin_catene,2026-10-04,/172/totalCirculatingUSD/peggedUSD,0,https://stablecoins.llama.fi/stablecoinchains,"""Snapshot al momento del prelievo; non ricostruisce lo stato di ieri.""",Licenza dei dati terzi non verificata come aperta: valgono i termini della fonte; accesso pubblico non equivale a diritto di ripubblicazione. Codice locale originale CC0; nessuna nuova licenza applicata ai dati.,,Fonti originali,Licenza dei dati terzi non verificata come aperta: valgono i termini della fonte; accesso pubblico non equivale a diritto di ripubblicazione. Codice locale originale CC0; nessuna nuova licenza applicata ai dati.
stablecoin_catene,2026-10-04,/172/name,"""Perennial""",https://stablecoins.llama.fi/stablecoinchains,"""Snapshot al momento del prelievo; non ricostruisce lo stato di ieri.""",Licenza dei dati terzi non verificata come aperta: valgono i termini della fonte; accesso pubblico non equivale a diritto di ripubblicazione. Codice locale originale CC0; nessuna nuova licenza applicata ai dati.,,Fonti originali,Licenza dei dati terzi non verificata come aperta: valgono i termini della fonte; accesso pubblico non equivale a diritto di ripubblicazione. Codice locale originale CC0; nessuna nuova licenza applicata ai dati.
stablecoin_catene,2026-10-04,/173/totalCirculatingUSD/peggedUSD,25.014208516854044,https://stablecoins.llama.fi/stablecoinchains,"""Snapshot al momento del prelievo; non ricostruisce lo stato di ieri.""",Licenza dei dati terzi non verificata come aperta: valgono i termini della fonte; accesso pubblico non equivale a diritto di ripubblicazione. Codice locale originale CC0; nessuna nuova licenza applicata ai dati.,,Fonti originali,Licenza dei dati terzi non verificata come aperta: valgono i termini della fonte; accesso pubblico non equivale a diritto di ripubblicazione. Codice locale originale CC0; nessuna nuova licenza applicata ai dati.
stablecoin_catene,2026-10-04,/173/name,"""Xai""",https://stablecoins.llama.fi/stablecoinchains,"""Snapshot al momento del prelievo; non ricostruisce lo stato di ieri.""",Licenza dei dati terzi non verificata come aperta: valgono i termini della fonte; accesso pubblico non equivale a diritto di ripubblicazione. Codice locale originale CC0; nessuna nuova licenza applicata ai dati.,,Fonti originali,Licenza dei dati terzi non verificata come aperta: valgono i termini della fonte; accesso pubblico non equivale a diritto di ripubblicazione. Codice locale originale CC0; nessuna nuova licenza applicata ai dati.
stablecoin_catene,2026-10-04,/174/totalCirculatingUSD/peggedUSD,0,https://stablecoins.llama.fi/stablecoinchains,"""Snapshot al momento del prelievo; non ricostruisce lo stato di ieri.""",Licenza dei dati terzi non verificata come aperta: valgono i termini della fonte; accesso pubblico non equivale a diritto di ripubblicazione. Codice locale originale CC0; nessuna nuova licenza applicata ai dati.,,Fonti originali,Licenza dei dati terzi non verificata come aperta: valgono i termini della fonte; accesso pubblico non equivale a diritto di ripubblicazione. Codice locale originale CC0; nessuna nuova licenza applicata ai dati.
stablecoin_catene,2026-10-04,/174/name,"""Aztec""",https://stablecoins.llama.fi/stablecoinchains,"""Snapshot al momento del prelievo; non ricostruisce lo stato di ieri.""",Licenza dei dati terzi non verificata come aperta: valgono i termini della fonte; accesso pubblico non equivale a diritto di ripubblicazione. Codice locale originale CC0; nessuna nuova licenza applicata ai dati.,,Fonti originali,Licenza dei dati terzi non verificata come aperta: valgono i termini della fonte; accesso pubblico non equivale a diritto di ripubblicazione. Codice locale originale CC0; nessuna nuova licenza applicata ai dati.
stablecoin_catene,2026-10-04,/175/totalCirculatingUSD/peggedUSD,7806.862681998353,https://stablecoins.llama.fi/stablecoinchains,"""Snapshot al momento del prelievo; non ricostruisce lo stato di ieri.""",Licenza dei dati terzi non verificata come aperta: valgono i termini della fonte; accesso pubblico non equivale a diritto di ripubblicazione. Codice locale originale CC0; nessuna nuova licenza applicata ai dati.,,Fonti originali,Licenza dei dati terzi non verificata come aperta: valgono i termini della fonte; accesso pubblico non equivale a diritto di ripubblicazione. Codice locale originale CC0; nessuna nuova licenza applicata ai dati.
stablecoin_catene,2026-10-04,/175/name,"""Velas""",https://stablecoins.llama.fi/stablecoinchains,"""Snapshot al momento del prelievo; non ricostruisce lo stato di ieri.""",Licenza dei dati terzi non verificata come aperta: valgono i termini della fonte; accesso pubblico non equivale a diritto di ripubblicazione. Codice locale originale CC0; nessuna nuova licenza applicata ai dati.,,Fonti originali,Licenza dei dati terzi non verificata come aperta: valgono i termini della fonte; accesso pubblico non equivale a diritto di ripubblicazione. Codice locale originale CC0; nessuna nuova licenza applicata ai dati.
stablecoin_catene,2026-10-04,/176/totalCirculatingUSD/peggedUSD,15570757.349534245,https://stablecoins.llama.fi/stablecoinchains,"""Snapshot al momento del prelievo; non ricostruisce lo stato di ieri.""",Licenza dei dati terzi non verificata come aperta: valgono i termini della fonte; accesso pubblico non equivale a diritto di ripubblicazione. Codice locale originale CC0; nessuna nuova licenza applicata ai dati.,,Fonti originali,Licenza dei dati terzi non verificata come aperta: valgono i termini della fonte; accesso pubblico non equivale a diritto di ripubblicazione. Codice locale originale CC0; nessuna nuova licenza applicata ai dati.
stablecoin_catene,2026-10-04,/176/totalCirculatingUSD/peggedCHF,455.1445915300727,https://stablecoins.llama.fi/stablecoinchains,"""Snapshot al momento del prelievo; non ricostruisce lo stato di ieri.""",Licenza dei dati terzi non verificata come aperta: valgono i termini della fonte; accesso pubblico non equivale a diritto di ripubblicazione. Codice locale originale CC0; nessuna nuova licenza applicata ai dati.,,Fonti originali,Licenza dei dati terzi non verificata come aperta: valgono i termini della fonte; accesso pubblico non equivale a diritto di ripubblicazione. Codice locale originale CC0; nessuna nuova licenza applicata ai dati.
stablecoin_catene,2026-10-04,/176/totalCirculatingUSD/peggedEUR,1340.8416117958245,https://stablecoins.llama.fi/stablecoinchains,"""Snapshot al momento del prelievo; non ricostruisce lo stato di ieri.""",Licenza dei dati terzi non verificata come aperta: valgono i termini della fonte; accesso pubblico non equivale a diritto di ripubblicazione. Codice locale originale CC0; nessuna nuova licenza applicata ai dati.,,Fonti originali,Licenza dei dati terzi non verificata come aperta: valgono i termini della fonte; accesso pubblico non equivale a diritto di ripubblicazione. Codice locale originale CC0; nessuna nuova licenza applicata ai dati.
stablecoin_catene,2026-10-04,/176/totalCirculatingUSD/peggedKRW,17051.034950949972,https://stablecoins.llama.fi/stablecoinchains,"""Snapshot al momento del prelievo; non ricostruisce lo stato di ieri.""",Licenza dei dati terzi non verificata come aperta: valgono i termini della fonte; accesso pubblico non equivale a diritto di ripubblicazione. Codice locale originale CC0; nessuna nuova licenza applicata ai dati.,,Fonti originali,Licenza dei dati terzi non verificata come aperta: valgono i termini della fonte; accesso pubblico non equivale a diritto di ripubblicazione. Codice locale originale CC0; nessuna nuova licenza applicata ai dati.
stablecoin_catene,2026-10-04,/176/name,"""Fraxtal""",https://stablecoins.llama.fi/stablecoinchains,"""Snapshot al momento del prelievo; non ricostruisce lo stato di ieri.""",Licenza dei dati terzi non verificata come aperta: valgono i termini della fonte; accesso pubblico non equivale a diritto di ripubblicazione. Codice locale originale CC0; nessuna nuova licenza applicata ai dati.,,Fonti originali,Licenza dei dati terzi non verificata come aperta: valgono i termini della fonte; accesso pubblico non equivale a diritto di ripubblicazione. Codice locale originale CC0; nessuna nuova licenza applicata ai dati.
stablecoin_catene,2026-10-04,/177/totalCirculatingUSD/peggedUSD,11717446.388486028,https://stablecoins.llama.fi/stablecoinchains,"""Snapshot al momento del prelievo; non ricostruisce lo stato di ieri.""",Licenza dei dati terzi non verificata come aperta: valgono i termini della fonte; accesso pubblico non equivale a diritto di ripubblicazione. Codice locale originale CC0; nessuna nuova licenza applicata ai dati.,,Fonti originali,Licenza dei dati terzi non verificata come aperta: valgono i termini della fonte; accesso pubblico non equivale a diritto di ripubblicazione. Codice locale originale CC0; nessuna nuova licenza applicata ai dati.
stablecoin_catene,2026-10-04,/177/name,"""Blast""",https://stablecoins.llama.fi/stablecoinchains,"""Snapshot al momento del prelievo; non ricostruisce lo stato di ieri.""",Licenza dei dati terzi non verificata come aperta: valgono i termini della fonte; accesso pubblico non equivale a diritto di ripubblicazione. Codice locale originale CC0; nessuna nuova licenza applicata ai dati.,,Fonti originali,Licenza dei dati terzi non verificata come aperta: valgono i termini della fonte; accesso pubblico non equivale a diritto di ripubblicazione. Codice locale originale CC0; nessuna nuova licenza applicata ai dati.
stablecoin_catene,2026-10-04,/178/totalCirculatingUSD/peggedUSD,73755375.34442315,https://stablecoins.llama.fi/stablecoinchains,"""Snapshot al momento del prelievo; non ricostruisce lo stato di ieri.""",Licenza dei dati terzi non verificata come aperta: valgono i termini della fonte; accesso pubblico non equivale a diritto di ripubblicazione. Codice locale originale CC0; nessuna nuova licenza applicata ai dati.,,Fonti originali,Licenza dei dati terzi non verificata come aperta: valgono i termini della fonte; accesso pubblico non equivale a diritto di ripubblicazione. Codice locale originale CC0; nessuna nuova licenza applicata ai dati.
stablecoin_catene,2026-10-04,/178/name,"""smartBCH""",https://stablecoins.llama.fi/stablecoinchains,"""Snapshot al momento del prelievo; non ricostruisce lo stato di ieri.""",Licenza dei dati terzi non verificata come aperta: valgono i termini della fonte; accesso pubblico non equivale a diritto di ripubblicazione. Codice locale originale CC0; nessuna nuova licenza applicata ai dati.,,Fonti originali,Licenza dei dati terzi non verificata come aperta: valgono i termini della fonte; accesso pubblico non equivale a diritto di ripubblicazione. Codice locale originale CC0; nessuna nuova licenza applicata ai dati.
stablecoin_catene,2026-10-04,/179/totalCirculatingUSD/peggedUSD,0,https://stablecoins.llama.fi/stablecoinchains,"""Snapshot al momento del prelievo; non ricostruisce lo stato di ieri.""",Licenza dei dati terzi non verificata come aperta: valgono i termini della fonte; accesso pubblico non equivale a diritto di ripubblicazione. Codice locale originale CC0; nessuna nuova licenza applicata ai dati.,,Fonti originali,Licenza dei dati terzi non verificata come aperta: valgono i termini della fonte; accesso pubblico non equivale a diritto di ripubblicazione. Codice locale originale CC0; nessuna nuova licenza applicata ai dati.
stablecoin_catene,2026-10-04,/179/name,"""Acala""",https://stablecoins.llama.fi/stablecoinchains,"""Snapshot al momento del prelievo; non ricostruisce lo stato di ieri.""",Licenza dei dati terzi non verificata come aperta: valgono i termini della fonte; accesso pubblico non equivale a diritto di ripubblicazione. Codice locale originale CC0; nessuna nuova licenza applicata ai dati.,,Fonti originali,Licenza dei dati terzi non verificata come aperta: valgono i termini della fonte; accesso pubblico non equivale a diritto di ripubblicazione. Codice locale originale CC0; nessuna nuova licenza applicata ai dati.
stablecoin_catene,2026-10-04,/180/totalCirculatingUSD/peggedUSD,302386.4199429888,https://stablecoins.llama.fi/stablecoinchains,"""Snapshot al momento del prelievo; non ricostruisce lo stato di ieri.""",Licenza dei dati terzi non verificata come aperta: valgono i termini della fonte; accesso pubblico non equivale a diritto di ripubblicazione. Codice locale originale CC0; nessuna nuova licenza applicata ai dati.,,Fonti originali,Licenza dei dati terzi non verificata come aperta: valgono i termini della fonte; accesso pubblico non equivale a diritto di ripubblicazione. Codice locale originale CC0; nessuna nuova licenza applicata ai dati.
stablecoin_catene,2026-10-04,/180/name,"""Ergo""",https://stablecoins.llama.fi/stablecoinchains,"""Snapshot al momento del prelievo; non ricostruisce lo stato di ieri.""",Licenza dei dati terzi non verificata come aperta: valgono i termini della fonte; accesso pubblico non equivale a diritto di ripubblicazione. Codice locale originale CC0; nessuna nuova licenza applicata ai dati.,,Fonti originali,Licenza dei dati terzi non verificata come aperta: valgono i termini della fonte; accesso pubblico non equivale a diritto di ripubblicazione. Codice locale originale CC0; nessuna nuova licenza applicata ai dati.
stablecoin_catene,2026-10-04,/181/totalCirculatingUSD/peggedUSD,0,https://stablecoins.llama.fi/stablecoinchains,"""Snapshot al momento del prelievo; non ricostruisce lo stato di ieri.""",Licenza dei dati terzi non verificata come aperta: valgono i termini della fonte; accesso pubblico non equivale a diritto di ripubblicazione. Codice locale originale CC0; nessuna nuova licenza applicata ai dati.,,Fonti originali,Licenza dei dati terzi non verificata come aperta: valgono i termini della fonte; accesso pubblico non equivale a diritto di ripubblicazione. Codice locale originale CC0; nessuna nuova licenza applicata ai dati.
stablecoin_catene,2026-10-04,/181/name,"""Kujira""",https://stablecoins.llama.fi/stablecoinchains,"""Snapshot al momento del prelievo; non ricostruisce lo stato di ieri.""",Licenza dei dati terzi non verificata come aperta: valgono i termini della fonte; accesso pubblico non equivale a diritto di ripubblicazione. Codice locale originale CC0; nessuna nuova licenza applicata ai dati.,,Fonti originali,Licenza dei dati terzi non verificata come aperta: valgono i termini della fonte; accesso pubblico non equivale a diritto di ripubblicazione. Codice locale originale CC0; nessuna nuova licenza applicata ai dati.
stablecoin_catene,2026-10-04,/182/totalCirculatingUSD/peggedUSD,1444759.5021935203,https://stablecoins.llama.fi/stablecoinchains,"""Snapshot al momento del prelievo; non ricostruisce lo stato di ieri.""",Licenza dei dati terzi non verificata come aperta: valgono i termini della fonte; accesso pubblico non equivale a diritto di ripubblicazione. Codice locale originale CC0; nessuna nuova licenza applicata ai dati.,,Fonti originali,Licenza dei dati terzi non verificata come aperta: valgono i termini della fonte; accesso pubblico non equivale a diritto di ripubblicazione. Codice locale originale CC0; nessuna nuova licenza applicata ai dati.
stablecoin_catene,2026-10-04,/182/name,"""EthereumPoW""",https://stablecoins.llama.fi/stablecoinchains,"""Snapshot al momento del prelievo; non ricostruisce lo stato di ieri.""",Licenza dei dati terzi non verificata come aperta: valgono i termini della fonte; accesso pubblico non equivale a diritto di ripubblicazione. Codice locale originale CC0; nessuna nuova licenza applicata ai dati.,,Fonti originali,Licenza dei dati terzi non verificata come aperta: valgono i termini della fonte; accesso pubblico non equivale a diritto di ripubblicazione. Codice locale originale CC0; nessuna nuova licenza applicata ai dati.
stablecoin_catene,2026-10-04,/183/totalCirculatingUSD/peggedUSD,0,https://stablecoins.llama.fi/stablecoinchains,"""Snapshot al momento del prelievo; non ricostruisce lo stato di ieri.""",Licenza dei dati terzi non verificata come aperta: valgono i termini della fonte; accesso pubblico non equivale a diritto di ripubblicazione. Codice locale originale CC0; nessuna nuova licenza applicata ai dati.,,Fonti originali,Licenza dei dati terzi non verificata come aperta: valgono i termini della fonte; accesso pubblico non equivale a diritto di ripubblicazione. Codice locale originale CC0; nessuna nuova licenza applicata ai dati.
stablecoin_catene,2026-10-04,/183/name,"""re.al""",https://stablecoins.llama.fi/stablecoinchains,"""Snapshot al momento del prelievo; non ricostruisce lo stato di ieri.""",Licenza dei dati terzi non verificata come aperta: valgono i termini della fonte; accesso pubblico non equivale a diritto di ripubblicazione. Codice locale originale CC0; nessuna nuova licenza applicata ai dati.,,Fonti originali,Licenza dei dati terzi non verificata come aperta: valgono i termini della fonte; accesso pubblico non equivale a diritto di ripubblicazione. Codice locale originale CC0; nessuna nuova licenza applicata ai dati.
stablecoin_catene,2026-10-04,/184/totalCirculatingUSD/peggedEUR,0,https://stablecoins.llama.fi/stablecoinchains,"""Snapshot al momento del prelievo; non ricostruisce lo stato di ieri.""",Licenza dei dati terzi non verificata come aperta: valgono i termini della fonte; accesso pubblico non equivale a diritto di ripubblicazione. Codice locale originale CC0; nessuna nuova licenza applicata ai dati.,,Fonti originali,Licenza dei dati terzi non verificata come aperta: valgono i termini della fonte; accesso pubblico non equivale a diritto di ripubblicazione. Codice locale originale CC0; nessuna nuova licenza applicata ai dati.
stablecoin_catene,2026-10-04,/184/name,"""Concordium""",https://stablecoins.llama.fi/stablecoinchains,"""Snapshot al momento del prelievo; non ricostruisce lo stato di ieri.""",Licenza dei dati terzi non verificata come aperta: valgono i termini della fonte; accesso pubblico non equivale a diritto di ripubblicazione. Codice locale originale CC0; nessuna nuova licenza applicata ai dati.,,Fonti originali,Licenza dei dati terzi non verificata come aperta: valgono i termini della fonte; accesso pubblico non equivale a diritto di ripubblicazione. Codice locale originale CC0; nessuna nuova licenza applicata ai dati.
stablecoin_catene,2026-10-04,/185/totalCirculatingUSD/peggedVAR,0,https://stablecoins.llama.fi/stablecoinchains,"""Snapshot al momento del prelievo; non ricostruisce lo stato di ieri.""",Licenza dei dati terzi non verificata come aperta: valgono i termini della fonte; accesso pubblico non equivale a diritto di ripubblicazione. Codice locale originale CC0; nessuna nuova licenza applicata ai dati.,,Fonti originali,Licenza dei dati terzi non verificata come aperta: valgono i termini della fonte; accesso pubblico non equivale a diritto di ripubblicazione. Codice locale originale CC0; nessuna nuova licenza applicata ai dati.
stablecoin_catene,2026-10-04,/185/name,"""Secret""",https://stablecoins.llama.fi/stablecoinchains,"""Snapshot al momento del prelievo; non ricostruisce lo stato di ieri.""",Licenza dei dati terzi non verificata come aperta: valgono i termini della fonte; accesso pubblico non equivale a diritto di ripubblicazione. Codice locale originale CC0; nessuna nuova licenza applicata ai dati.,,Fonti originali,Licenza dei dati terzi non verificata come aperta: valgono i termini della fonte; accesso pubblico non equivale a diritto di ripubblicazione. Codice locale originale CC0; nessuna nuova licenza applicata ai dati.
stablecoin_catene,2026-10-04,/186/totalCirculatingUSD/peggedUSD,1.902759166581807,https://stablecoins.llama.fi/stablecoinchains,"""Snapshot al momento del prelievo; non ricostruisce lo stato di ieri.""",Licenza dei dati terzi non verificata come aperta: valgono i termini della fonte; accesso pubblico non equivale a diritto di ripubblicazione. Codice locale originale CC0; nessuna nuova licenza applicata ai dati.,,Fonti originali,Licenza dei dati terzi non verificata come aperta: valgono i termini della fonte; accesso pubblico non equivale a diritto di ripubblicazione. Codice locale originale CC0; nessuna nuova licenza applicata ai dati.
stablecoin_catene,2026-10-04,/186/name,"""KiteAI""",https://stablecoins.llama.fi/stablecoinchains,"""Snapshot al momento del prelievo; non ricostruisce lo stato di ieri.""",Licenza dei dati terzi non verificata come aperta: valgono i termini della fonte; accesso pubblico non equivale a diritto di ripubblicazione. Codice locale originale CC0; nessuna nuova licenza applicata ai dati.,,Fonti originali,Licenza dei dati terzi non verificata come aperta: valgono i termini della fonte; accesso pubblico non equivale a diritto di ripubblicazione. Codice locale originale CC0; nessuna nuova licenza applicata ai dati.
stablecoin_catene,2026-10-04,/187/totalCirculatingUSD/peggedUSD,488.1958284978656,https://stablecoins.llama.fi/stablecoinchains,"""Snapshot al momento del prelievo; non ricostruisce lo stato di ieri.""",Licenza dei dati terzi non verificata come aperta: valgono i termini della fonte; accesso pubblico non equivale a diritto di ripubblicazione. Codice locale originale CC0; nessuna nuova licenza applicata ai dati.,,Fonti originali,Licenza dei dati terzi non verificata come aperta: valgono i termini della fonte; accesso pubblico non equivale a diritto di ripubblicazione. Codice locale originale CC0; nessuna nuova licenza applicata ai dati.
stablecoin_catene,2026-10-04,/187/name,"""Penumbra""",https://stablecoins.llama.fi/stablecoinchains,"""Snapshot al momento del prelievo; non ricostruisce lo stato di ieri.""",Licenza dei dati terzi non verificata come aperta: valgono i termini della fonte; accesso pubblico non equivale a diritto di ripubblicazione. Codice locale originale CC0; nessuna nuova licenza applicata ai dati.,,Fonti originali,Licenza dei dati terzi non verificata come aperta: valgono i termini della fonte; accesso pubblico non equivale a diritto di ripubblicazione. Codice locale originale CC0; nessuna nuova licenza applicata ai dati.
stablecoin_catene,2026-10-04,/188/totalCirculatingUSD/peggedUSD,150081.2739202541,https://stablecoins.llama.fi/stablecoinchains,"""Snapshot al momento del prelievo; non ricostruisce lo stato di ieri.""",Licenza dei dati terzi non verificata come aperta: valgono i termini della fonte; accesso pubblico non equivale a diritto di ripubblicazione. Codice locale originale CC0; nessuna nuova licenza applicata ai dati.,,Fonti originali,Licenza dei dati terzi non verificata come aperta: valgono i termini della fonte; accesso pubblico non equivale a diritto di ripubblicazione. Codice locale originale CC0; nessuna nuova licenza applicata ai dati.
stablecoin_catene,2026-10-04,/188/name,"""Agoric""",https://stablecoins.llama.fi/stablecoinchains,"""Snapshot al momento del prelievo; non ricostruisce lo stato di ieri.""",Licenza dei dati terzi non verificata come aperta: valgono i termini della fonte; accesso pubblico non equivale a diritto di ripubblicazione. Codice locale originale CC0; nessuna nuova licenza applicata ai dati.,,Fonti originali,Licenza dei dati terzi non verificata come aperta: valgono i termini della fonte; accesso pubblico non equivale a diritto di ripubblicazione. Codice locale originale CC0; nessuna nuova licenza applicata ai dati.
stablecoin_catene,2026-10-04,/189/totalCirculatingUSD/peggedUSD,1067101621.9441177,https://stablecoins.llama.fi/stablecoinchains,"""Snapshot al momento del prelievo; non ricostruisce lo stato di ieri.""",Licenza dei dati terzi non verificata come aperta: valgono i termini della fonte; accesso pubblico non equivale a diritto di ripubblicazione. Codice locale originale CC0; nessuna nuova licenza applicata ai dati.,,Fonti originali,Licenza dei dati terzi non verificata come aperta: valgono i termini della fonte; accesso pubblico non equivale a diritto di ripubblicazione. Codice locale originale CC0; nessuna nuova licenza applicata ai dati.
stablecoin_catene,2026-10-04,/189/name,"""Robinhood Chain""",https://stablecoins.llama.fi/stablecoinchains,"""Snapshot al momento del prelievo; non ricostruisce lo stato di ieri.""",Licenza dei dati terzi non verificata come aperta: valgono i termini della fonte; accesso pubblico non equivale a diritto di ripubblicazione. Codice locale originale CC0; nessuna nuova licenza applicata ai dati.,,Fonti originali,Licenza dei dati terzi non verificata come aperta: valgono i termini della fonte; accesso pubblico non equivale a diritto di ripubblicazione. Codice locale originale CC0; nessuna nuova licenza applicata ai dati.
stablecoin_catene,2026-10-04,/190/totalCirculatingUSD/peggedUSD,9836.866400512208,https://stablecoins.llama.fi/stablecoinchains,"""Snapshot al momento del prelievo; non ricostruisce lo stato di ieri.""",Licenza dei dati terzi non verificata come aperta: valgono i termini della fonte; accesso pubblico non equivale a diritto di ripubblicazione. Codice locale originale CC0; nessuna nuova licenza applicata ai dati.,,Fonti originali,Licenza dei dati terzi non verificata come aperta: valgono i termini della fonte; accesso pubblico non equivale a diritto di ripubblicazione. Codice locale originale CC0; nessuna nuova licenza applicata ai dati.
stablecoin_catene,2026-10-04,/190/name,"""VeChain""",https://stablecoins.llama.fi/stablecoinchains,"""Snapshot al momento del prelievo; non ricostruisce lo stato di ieri.""",Licenza dei dati terzi non verificata come aperta: valgono i termini della fonte; accesso pubblico non equivale a diritto di ripubblicazione. Codice locale originale CC0; nessuna nuova licenza applicata ai dati.,,Fonti originali,Licenza dei dati terzi non verificata come aperta: valgono i termini della fonte; accesso pubblico non equivale a diritto di ripubblicazione. Codice locale originale CC0; nessuna nuova licenza applicata ai dati.
stablecoin_catene,2026-10-04,/191/totalCirculatingUSD/peggedCHF,0,https://stablecoins.llama.fi/stablecoinchains,"""Snapshot al momento del prelievo; non ricostruisce lo stato di ieri.""",Licenza dei dati terzi non verificata come aperta: valgono i termini della fonte; accesso pubblico non equivale a diritto di ripubblicazione. Codice locale originale CC0; nessuna nuova licenza applicata ai dati.,,Fonti originali,Licenza dei dati terzi non verificata come aperta: valgono i termini della fonte; accesso pubblico non equivale a diritto di ripubblicazione. Codice locale originale CC0; nessuna nuova licenza applicata ai dati.
stablecoin_catene,2026-10-04,/191/totalCirculatingUSD/peggedEUR,1.1255557431481795e-05,https://stablecoins.llama.fi/stablecoinchains,"""Snapshot al momento del prelievo; non ricostruisce lo stato di ieri.""",Licenza dei dati terzi non verificata come aperta: valgono i termini della fonte; accesso pubblico non equivale a diritto di ripubblicazione. Codice locale originale CC0; nessuna nuova licenza applicata ai dati.,,Fonti originali,Licenza dei dati terzi non verificata come aperta: valgono i termini della fonte; accesso pubblico non equivale a diritto di ripubblicazione. Codice locale originale CC0; nessuna nuova licenza applicata ai dati.
stablecoin_catene,2026-10-04,/191/name,"""Q Protocol""",https://stablecoins.llama.fi/stablecoinchains,"""Snapshot al momento del prelievo; non ricostruisce lo stato di ieri.""",Licenza dei dati terzi non verificata come aperta: valgono i termini della fonte; accesso pubblico non equivale a diritto di ripubblicazione. Codice locale originale CC0; nessuna nuova licenza applicata ai dati.,,Fonti originali,Licenza dei dati terzi non verificata come aperta: valgono i termini della fonte; accesso pubblico non equivale a diritto di ripubblicazione. Codice locale originale CC0; nessuna nuova licenza applicata ai dati.
stablecoin_catene,2026-10-04,/192/totalCirculatingUSD/peggedUSD,1434509.8285351966,https://stablecoins.llama.fi/stablecoinchains,"""Snapshot al momento del prelievo; non ricostruisce lo stato di ieri.""",Licenza dei dati terzi non verificata come aperta: valgono i termini della fonte; accesso pubblico non equivale a diritto di ripubblicazione. Codice locale originale CC0; nessuna nuova licenza applicata ai dati.,,Fonti originali,Licenza dei dati terzi non verificata come aperta: valgono i termini della fonte; accesso pubblico non equivale a diritto di ripubblicazione. Codice locale originale CC0; nessuna nuova licenza applicata ai dati.
stablecoin_catene,2026-10-04,/192/name,"""Bifrost Network""",https://stablecoins.llama.fi/stablecoinchains,"""Snapshot al momento del prelievo; non ricostruisce lo stato di ieri.""",Licenza dei dati terzi non verificata come aperta: valgono i termini della fonte; accesso pubblico non equivale a diritto di ripubblicazione. Codice locale originale CC0; nessuna nuova licenza applicata ai dati.,,Fonti originali,Licenza dei dati terzi non verificata come aperta: valgono i termini della fonte; accesso pubblico non equivale a diritto di ripubblicazione. Codice locale originale CC0; nessuna nuova licenza applicata ai dati.
stablecoin_catene,2026-10-04,/193/totalCirculatingUSD/peggedUSD,16879.31091070647,https://stablecoins.llama.fi/stablecoinchains,"""Snapshot al momento del prelievo; non ricostruisce lo stato di ieri.""",Licenza dei dati terzi non verificata come aperta: valgono i termini della fonte; accesso pubblico non equivale a diritto di ripubblicazione. Codice locale originale CC0; nessuna nuova licenza applicata ai dati.,,Fonti originali,Licenza dei dati terzi non verificata come aperta: valgono i termini della fonte; accesso pubblico non equivale a diritto di ripubblicazione. Codice locale originale CC0; nessuna nuova licenza applicata ai dati.
stablecoin_catene,2026-10-04,/193/name,"""Archway""",https://stablecoins.llama.fi/stablecoinchains,"""Snapshot al momento del prelievo; non ricostruisce lo stato di ieri.""",Licenza dei dati terzi non verificata come aperta: valgono i termini della fonte; accesso pubblico non equivale a diritto di ripubblicazione. Codice locale originale CC0; nessuna nuova licenza applicata ai dati.,,Fonti originali,Licenza dei dati terzi non verificata come aperta: valgono i termini della fonte; accesso pubblico non equivale a diritto di ripubblicazione. Codice locale originale CC0; nessuna nuova licenza applicata ai dati.
stablecoin_catene,2026-10-04,/194/totalCirculatingUSD/peggedUSD,873561.7267348302,https://stablecoins.llama.fi/stablecoinchains,"""Snapshot al momento del prelievo; non ricostruisce lo stato di ieri.""",Licenza dei dati terzi non verificata come aperta: valgono i termini della fonte; accesso pubblico non equivale a diritto di ripubblicazione. Codice locale originale CC0; nessuna nuova licenza applicata ai dati.,,Fonti originali,Licenza dei dati terzi non verificata come aperta: valgono i termini della fonte; accesso pubblico non equivale a diritto di ripubblicazione. Codice locale originale CC0; nessuna nuova licenza applicata ai dati.
stablecoin_catene,2026-10-04,/194/name,"""Icon""",https://stablecoins.llama.fi/stablecoinchains,"""Snapshot al momento del prelievo; non ricostruisce lo stato di ieri.""",Licenza dei dati terzi non verificata come aperta: valgono i termini della fonte; accesso pubblico non equivale a diritto di ripubblicazione. Codice locale originale CC0; nessuna nuova licenza applicata ai dati.,,Fonti originali,Licenza dei dati terzi non verificata come aperta: valgono i termini della fonte; accesso pubblico non equivale a diritto di ripubblicazione. Codice locale originale CC0; nessuna nuova licenza applicata ai dati.
stablecoin_catene,2026-10-04,/195/totalCirculatingUSD/peggedUSD,4.2838556117118225,https://stablecoins.llama.fi/stablecoinchains,"""Snapshot al momento del prelievo; non ricostruisce lo stato di ieri.""",Licenza dei dati terzi non verificata come aperta: valgono i termini della fonte; accesso pubblico non equivale a diritto di ripubblicazione. Codice locale originale CC0; nessuna nuova licenza applicata ai dati.,,Fonti originali,Licenza dei dati terzi non verificata come aperta: valgono i termini della fonte; accesso pubblico non equivale a diritto di ripubblicazione. Codice locale originale CC0; nessuna nuova licenza applicata ai dati.
stablecoin_catene,2026-10-04,/195/name,"""Havah""",https://stablecoins.llama.fi/stablecoinchains,"""Snapshot al momento del prelievo; non ricostruisce lo stato di ieri.""",Licenza dei dati terzi non verificata come aperta: valgono i termini della fonte; accesso pubblico non equivale a diritto di ripubblicazione. Codice locale originale CC0; nessuna nuova licenza applicata ai dati.,,Fonti originali,Licenza dei dati terzi non verificata come aperta: valgono i termini della fonte; accesso pubblico non equivale a diritto di ripubblicazione. Codice locale originale CC0; nessuna nuova licenza applicata ai dati.
stablecoin_catene,2026-10-04,/196/totalCirculatingUSD/peggedUSD,0,https://stablecoins.llama.fi/stablecoinchains,"""Snapshot al momento del prelievo; non ricostruisce lo stato di ieri.""",Licenza dei dati terzi non verificata come aperta: valgono i termini della fonte; accesso pubblico non equivale a diritto di ripubblicazione. Codice locale originale CC0; nessuna nuova licenza applicata ai dati.,,Fonti originali,Licenza dei dati terzi non verificata come aperta: valgono i termini della fonte; accesso pubblico non equivale a diritto di ripubblicazione. Codice locale originale CC0; nessuna nuova licenza applicata ai dati.
stablecoin_catene,2026-10-04,/196/name,"""BEVM""",https://stablecoins.llama.fi/stablecoinchains,"""Snapshot al momento del prelievo; non ricostruisce lo stato di ieri.""",Licenza dei dati terzi non verificata come aperta: valgono i termini della fonte; accesso pubblico non equivale a diritto di ripubblicazione. Codice locale originale CC0; nessuna nuova licenza applicata ai dati.,,Fonti originali,Licenza dei dati terzi non verificata come aperta: valgono i termini della fonte; accesso pubblico non equivale a diritto di ripubblicazione. Codice locale originale CC0; nessuna nuova licenza applicata ai dati.
stablecoin_catene,2026-10-04,/197/totalCirculatingUSD/peggedUSD,193812.40580732585,https://stablecoins.llama.fi/stablecoinchains,"""Snapshot al momento del prelievo; non ricostruisce lo stato di ieri.""",Licenza dei dati terzi non verificata come aperta: valgono i termini della fonte; accesso pubblico non equivale a diritto di ripubblicazione. Codice locale originale CC0; nessuna nuova licenza applicata ai dati.,,Fonti originali,Licenza dei dati terzi non verificata come aperta: valgono i termini della fonte; accesso pubblico non equivale a diritto di ripubblicazione. Codice locale originale CC0; nessuna nuova licenza applicata ai dati.
stablecoin_catene,2026-10-04,/197/name,"""Filecoin""",https://stablecoins.llama.fi/stablecoinchains,"""Snapshot al momento del prelievo; non ricostruisce lo stato di ieri.""",Licenza dei dati terzi non verificata come aperta: valgono i termini della fonte; accesso pubblico non equivale a diritto di ripubblicazione. Codice locale originale CC0; nessuna nuova licenza applicata ai dati.,,Fonti originali,Licenza dei dati terzi non verificata come aperta: valgono i termini della fonte; accesso pubblico non equivale a diritto di ripubblicazione. Codice locale originale CC0; nessuna nuova licenza applicata ai dati.
stablecoin_catene,2026-10-04,/198/totalCirculatingUSD/peggedUSD,18569456.62566198,https://stablecoins.llama.fi/stablecoinchains,"""Snapshot al momento del prelievo; non ricostruisce lo stato di ieri.""",Licenza dei dati terzi non verificata come aperta: valgono i termini della fonte; accesso pubblico non equivale a diritto di ripubblicazione. Codice locale originale CC0; nessuna nuova licenza applicata ai dati.,,Fonti originali,Licenza dei dati terzi non verificata come aperta: valgono i termini della fonte; accesso pubblico non equivale a diritto di ripubblicazione. Codice locale originale CC0; nessuna nuova licenza applicata ai dati.
stablecoin_catene,2026-10-04,/198/name,"""Abcore""",https://stablecoins.llama.fi/stablecoinchains,"""Snapshot al momento del prelievo; non ricostruisce lo stato di ieri.""",Licenza dei dati terzi non verificata come aperta: valgono i termini della fonte; accesso pubblico non equivale a diritto di ripubblicazione. Codice locale originale CC0; nessuna nuova licenza applicata ai dati.,,Fonti originali,Licenza dei dati terzi non verificata come aperta: valgono i termini della fonte; accesso pubblico non equivale a diritto di ripubblicazione. Codice locale originale CC0; nessuna nuova licenza applicata ai dati.
stablecoin_catene,2026-10-04,/199/totalCirculatingUSD/peggedUSD,939648.2035797355,https://stablecoins.llama.fi/stablecoinchains,"""Snapshot al momento del prelievo; non ricostruisce lo stato di ieri.""",Licenza dei dati terzi non verificata come aperta: valgono i termini della fonte; accesso pubblico non equivale a diritto di ripubblicazione. Codice locale originale CC0; nessuna nuova licenza applicata ai dati.,,Fonti originali,Licenza dei dati terzi non verificata come aperta: valgono i termini della fonte; accesso pubblico non equivale a diritto di ripubblicazione. Codice locale originale CC0; nessuna nuova licenza applicata ai dati.
stablecoin_catene,2026-10-04,/199/name,"""Songbird""",https://stablecoins.llama.fi/stablecoinchains,"""Snapshot al momento del prelievo; non ricostruisce lo stato di ieri.""",Licenza dei dati terzi non verificata come aperta: valgono i termini della fonte; accesso pubblico non equivale a diritto di ripubblicazione. Codice locale originale CC0; nessuna nuova licenza applicata ai dati.,,Fonti originali,Licenza dei dati terzi non verificata come aperta: valgono i termini della fonte; accesso pubblico non equivale a diritto di ripubblicazione. Codice locale originale CC0; nessuna nuova licenza applicata ai dati.
stablecoin_catene,2026-10-04,/200/totalCirculatingUSD/peggedUSD,488180722.4693841,https://stablecoins.llama.fi/stablecoinchains,"""Snapshot al momento del prelievo; non ricostruisce lo stato di ieri.""",Licenza dei dati terzi non verificata come aperta: valgono i termini della fonte; accesso pubblico non equivale a diritto di ripubblicazione. Codice locale originale CC0; nessuna nuova licenza applicata ai dati.,,Fonti originali,Licenza dei dati terzi non verificata come aperta: valgono i termini della fonte; accesso pubblico non equivale a diritto di ripubblicazione. Codice locale originale CC0; nessuna nuova licenza applicata ai dati.
stablecoin_catene,2026-10-04,/200/name,"""Provenance""",https://stablecoins.llama.fi/stablecoinchains,"""Snapshot al momento del prelievo; non ricostruisce lo stato di ieri.""",Licenza dei dati terzi non verificata come aperta: valgono i termini della fonte; accesso pubblico non equivale a diritto di ripubblicazione. Codice locale originale CC0; nessuna nuova licenza applicata ai dati.,,Fonti originali,Licenza dei dati terzi non verificata come aperta: valgono i termini della fonte; accesso pubblico non equivale a diritto di ripubblicazione. Codice locale originale CC0; nessuna nuova licenza applicata ai dati.
stablecoin_catene,2026-10-04,/201/totalCirculatingUSD/peggedUSD,0.5799629738059141,https://stablecoins.llama.fi/stablecoinchains,"""Snapshot al momento del prelievo; non ricostruisce lo stato di ieri.""",Licenza dei dati terzi non verificata come aperta: valgono i termini della fonte; accesso pubblico non equivale a diritto di ripubblicazione. Codice locale originale CC0; nessuna nuova licenza applicata ai dati.,,Fonti originali,Licenza dei dati terzi non verificata come aperta: valgono i termini della fonte; accesso pubblico non equivale a diritto di ripubblicazione. Codice locale originale CC0; nessuna nuova licenza applicata ai dati.
stablecoin_catene,2026-10-04,/201/name,"""TAC""",https://stablecoins.llama.fi/stablecoinchains,"""Snapshot al momento del prelievo; non ricostruisce lo stato di ieri.""",Licenza dei dati terzi non verificata come aperta: valgono i termini della fonte; accesso pubblico non equivale a diritto di ripubblicazione. Codice locale originale CC0; nessuna nuova licenza applicata ai dati.,,Fonti originali,Licenza dei dati terzi non verificata come aperta: valgono i termini della fonte; accesso pubblico non equivale a diritto di ripubblicazione. Codice locale originale CC0; nessuna nuova licenza applicata ai dati.
stablecoin_catene,2026-10-04,/202/totalCirculatingUSD/peggedUSD,29061128.47395943,https://stablecoins.llama.fi/stablecoinchains,"""Snapshot al momento del prelievo; non ricostruisce lo stato di ieri.""",Licenza dei dati terzi non verificata come aperta: valgono i termini della fonte; accesso pubblico non equivale a diritto di ripubblicazione. Codice locale originale CC0; nessuna nuova licenza applicata ai dati.,,Fonti originali,Licenza dei dati terzi non verificata come aperta: valgono i termini della fonte; accesso pubblico non equivale a diritto di ripubblicazione. Codice locale originale CC0; nessuna nuova licenza applicata ai dati.
stablecoin_catene,2026-10-04,/202/name,"""Mezo""",https://stablecoins.llama.fi/stablecoinchains,"""Snapshot al momento del prelievo; non ricostruisce lo stato di ieri.""",Licenza dei dati terzi non verificata come aperta: valgono i termini della fonte; accesso pubblico non equivale a diritto di ripubblicazione. Codice locale originale CC0; nessuna nuova licenza applicata ai dati.,,Fonti originali,Licenza dei dati terzi non verificata come aperta: valgono i termini della fonte; accesso pubblico non equivale a diritto di ripubblicazione. Codice locale originale CC0; nessuna nuova licenza applicata ai dati.
stablecoin_catene,2026-10-04,/203/totalCirculatingUSD/peggedUSD,13750463.034167256,https://stablecoins.llama.fi/stablecoinchains,"""Snapshot al momento del prelievo; non ricostruisce lo stato di ieri.""",Licenza dei dati terzi non verificata come aperta: valgono i termini della fonte; accesso pubblico non equivale a diritto di ripubblicazione. Codice locale originale CC0; nessuna nuova licenza applicata ai dati.,,Fonti originali,Licenza dei dati terzi non verificata come aperta: valgono i termini della fonte; accesso pubblico non equivale a diritto di ripubblicazione. Codice locale originale CC0; nessuna nuova licenza applicata ai dati.
stablecoin_catene,2026-10-04,/203/name,"""Hydration""",https://stablecoins.llama.fi/stablecoinchains,"""Snapshot al momento del prelievo; non ricostruisce lo stato di ieri.""",Licenza dei dati terzi non verificata come aperta: valgono i termini della fonte; accesso pubblico non equivale a diritto di ripubblicazione. Codice locale originale CC0; nessuna nuova licenza applicata ai dati.,,Fonti originali,Licenza dei dati terzi non verificata come aperta: valgono i termini della fonte; accesso pubblico non equivale a diritto di ripubblicazione. Codice locale originale CC0; nessuna nuova licenza applicata ai dati.
stablecoin_catene,2026-10-04,/204/totalCirculatingUSD/peggedUSD,154377694.44759512,https://stablecoins.llama.fi/stablecoinchains,"""Snapshot al momento del prelievo; non ricostruisce lo stato di ieri.""",Licenza dei dati terzi non verificata come aperta: valgono i termini della fonte; accesso pubblico non equivale a diritto di ripubblicazione. Codice locale originale CC0; nessuna nuova licenza applicata ai dati.,,Fonti originali,Licenza dei dati terzi non verificata come aperta: valgono i termini della fonte; accesso pubblico non equivale a diritto di ripubblicazione. Codice locale originale CC0; nessuna nuova licenza applicata ai dati.
stablecoin_catene,2026-10-04,/204/name,"""Saga""",https://stablecoins.llama.fi/stablecoinchains,"""Snapshot al momento del prelievo; non ricostruisce lo stato di ieri.""",Licenza dei dati terzi non verificata come aperta: valgono i termini della fonte; accesso pubblico non equivale a diritto di ripubblicazione. Codice locale originale CC0; nessuna nuova licenza applicata ai dati.,,Fonti originali,Licenza dei dati terzi non verificata come aperta: valgono i termini della fonte; accesso pubblico non equivale a diritto di ripubblicazione. Codice locale originale CC0; nessuna nuova licenza applicata ai dati.
stablecoin_catene,2026-10-04,/205/totalCirculatingUSD/peggedUSD,43316.2905865947,https://stablecoins.llama.fi/stablecoinchains,"""Snapshot al momento del prelievo; non ricostruisce lo stato di ieri.""",Licenza dei dati terzi non verificata come aperta: valgono i termini della fonte; accesso pubblico non equivale a diritto di ripubblicazione. Codice locale originale CC0; nessuna nuova licenza applicata ai dati.,,Fonti originali,Licenza dei dati terzi non verificata come aperta: valgono i termini della fonte; accesso pubblico non equivale a diritto di ripubblicazione. Codice locale originale CC0; nessuna nuova licenza applicata ai dati.
stablecoin_catene,2026-10-04,/205/name,"""Chia""",https://stablecoins.llama.fi/stablecoinchains,"""Snapshot al momento del prelievo; non ricostruisce lo stato di ieri.""",Licenza dei dati terzi non verificata come aperta: valgono i termini della fonte; accesso pubblico non equivale a diritto di ripubblicazione. Codice locale originale CC0; nessuna nuova licenza applicata ai dati.,,Fonti originali,Licenza dei dati terzi non verificata come aperta: valgono i termini della fonte; accesso pubblico non equivale a diritto di ripubblicazione. Codice locale originale CC0; nessuna nuova licenza applicata ai dati.
stablecoin_catene,2026-10-04,/206/totalCirculatingUSD/peggedUSD,21016.79533058053,https://stablecoins.llama.fi/stablecoinchains,"""Snapshot al momento del prelievo; non ricostruisce lo stato di ieri.""",Licenza dei dati terzi non verificata come aperta: valgono i termini della fonte; accesso pubblico non equivale a diritto di ripubblicazione. Codice locale originale CC0; nessuna nuova licenza applicata ai dati.,,Fonti originali,Licenza dei dati terzi non verificata come aperta: valgono i termini della fonte; accesso pubblico non equivale a diritto di ripubblicazione. Codice locale originale CC0; nessuna nuova licenza applicata ai dati.
stablecoin_catene,2026-10-04,/206/name,"""Voi Network""",https://stablecoins.llama.fi/stablecoinchains,"""Snapshot al momento del prelievo; non ricostruisce lo stato di ieri.""",Licenza dei dati terzi non verificata come aperta: valgono i termini della fonte; accesso pubblico non equivale a diritto di ripubblicazione. Codice locale originale CC0; nessuna nuova licenza applicata ai dati.,,Fonti originali,Licenza dei dati terzi non verificata come aperta: valgono i termini della fonte; accesso pubblico non equivale a diritto di ripubblicazione. Codice locale originale CC0; nessuna nuova licenza applicata ai dati.
stablecoin_catene,2026-10-04,/207/totalCirculatingUSD/peggedUSD,1519052.8199474928,https://stablecoins.llama.fi/stablecoinchains,"""Snapshot al momento del prelievo; non ricostruisce lo stato di ieri.""",Licenza dei dati terzi non verificata come aperta: valgono i termini della fonte; accesso pubblico non equivale a diritto di ripubblicazione. Codice locale originale CC0; nessuna nuova licenza applicata ai dati.,,Fonti originali,Licenza dei dati terzi non verificata come aperta: valgono i termini della fonte; accesso pubblico non equivale a diritto di ripubblicazione. Codice locale originale CC0; nessuna nuova licenza applicata ai dati.
stablecoin_catene,2026-10-04,/207/name,"""Fluent""",https://stablecoins.llama.fi/stablecoinchains,"""Snapshot al momento del prelievo; non ricostruisce lo stato di ieri.""",Licenza dei dati terzi non verificata come aperta: valgono i termini della fonte; accesso pubblico non equivale a diritto di ripubblicazione. Codice locale originale CC0; nessuna nuova licenza applicata ai dati.,,Fonti originali,Licenza dei dati terzi non verificata come aperta: valgono i termini della fonte; accesso pubblico non equivale a diritto di ripubblicazione. Codice locale originale CC0; nessuna nuova licenza applicata ai dati.
stablecoin_catene,2026-10-04,/208/totalCirculatingUSD/peggedUSD,0.28390388745020495,https://stablecoins.llama.fi/stablecoinchains,"""Snapshot al momento del prelievo; non ricostruisce lo stato di ieri.""",Licenza dei dati terzi non verificata come aperta: valgono i termini della fonte; accesso pubblico non equivale a diritto di ripubblicazione. Codice locale originale CC0; nessuna nuova licenza applicata ai dati.,,Fonti originali,Licenza dei dati terzi non verificata come aperta: valgono i termini della fonte; accesso pubblico non equivale a diritto di ripubblicazione. Codice locale originale CC0; nessuna nuova licenza applicata ai dati.
stablecoin_catene,2026-10-04,/208/name,"""exSat""",https://stablecoins.llama.fi/stablecoinchains,"""Snapshot al momento del prelievo; non ricostruisce lo stato di ieri.""",Licenza dei dati terzi non verificata come aperta: valgono i termini della fonte; accesso pubblico non equivale a diritto di ripubblicazione. Codice locale originale CC0; nessuna nuova licenza applicata ai dati.,,Fonti originali,Licenza dei dati terzi non verificata come aperta: valgono i termini della fonte; accesso pubblico non equivale a diritto di ripubblicazione. Codice locale originale CC0; nessuna nuova licenza applicata ai dati.
stablecoin_catene,2026-10-04,/209/totalCirculatingUSD/peggedUSD,4979068.096531211,https://stablecoins.llama.fi/stablecoinchains,"""Snapshot al momento del prelievo; non ricostruisce lo stato di ieri.""",Licenza dei dati terzi non verificata come aperta: valgono i termini della fonte; accesso pubblico non equivale a diritto di ripubblicazione. Codice locale originale CC0; nessuna nuova licenza applicata ai dati.,,Fonti originali,Licenza dei dati terzi non verificata come aperta: valgono i termini della fonte; accesso pubblico non equivale a diritto di ripubblicazione. Codice locale originale CC0; nessuna nuova licenza applicata ai dati.
stablecoin_catene,2026-10-04,/209/name,"""Strato Chain""",https://stablecoins.llama.fi/stablecoinchains,"""Snapshot al momento del prelievo; non ricostruisce lo stato di ieri.""",Licenza dei dati terzi non verificata come aperta: valgono i termini della fonte; accesso pubblico non equivale a diritto di ripubblicazione. Codice locale originale CC0; nessuna nuova licenza applicata ai dati.,,Fonti originali,Licenza dei dati terzi non verificata come aperta: valgono i termini della fonte; accesso pubblico non equivale a diritto di ripubblicazione. Codice locale originale CC0; nessuna nuova licenza applicata ai dati.
