cruscotto,data,percorso,valore_json,fonte,dati_fino_a_json,licenza,licenza_url,attribuzione,nota_licenza_fonti
real_money_flows,2026-10-07,/nome,"""real_money_flows""","DefiLlama (token breakdown of value locked, per protocol)","""2026-10-07""",CC BY 4.0,https://creativecommons.org/licenses/by/4.0/,Luca Valente,"CC BY 4.0 applies to the original compilation and editorial work by Luca Valente. Underlying third-party data retain their source terms, including Coin Metrics CC BY-NC 4.0 where indicated; this export does not replace those terms."
real_money_flows,2026-10-07,/titolo,"""Real Money Flows""","DefiLlama (token breakdown of value locked, per protocol)","""2026-10-07""",CC BY 4.0,https://creativecommons.org/licenses/by/4.0/,Luca Valente,"CC BY 4.0 applies to the original compilation and editorial work by Luca Valente. Underlying third-party data retain their source terms, including Coin Metrics CC BY-NC 4.0 where indicated; this export does not replace those terms."
real_money_flows,2026-10-07,/data,"""2026-10-07""","DefiLlama (token breakdown of value locked, per protocol)","""2026-10-07""",CC BY 4.0,https://creativecommons.org/licenses/by/4.0/,Luca Valente,"CC BY 4.0 applies to the original compilation and editorial work by Luca Valente. Underlying third-party data retain their source terms, including Coin Metrics CC BY-NC 4.0 where indicated; this export does not replace those terms."
real_money_flows,2026-10-07,/dati_fino_a,"""2026-10-07""","DefiLlama (token breakdown of value locked, per protocol)","""2026-10-07""",CC BY 4.0,https://creativecommons.org/licenses/by/4.0/,Luca Valente,"CC BY 4.0 applies to the original compilation and editorial work by Luca Valente. Underlying third-party data retain their source terms, including Coin Metrics CC BY-NC 4.0 where indicated; this export does not replace those terms."
real_money_flows,2026-10-07,/parola,null,"DefiLlama (token breakdown of value locked, per protocol)","""2026-10-07""",CC BY 4.0,https://creativecommons.org/licenses/by/4.0/,Luca Valente,"CC BY 4.0 applies to the original compilation and editorial work by Luca Valente. Underlying third-party data retain their source terms, including Coin Metrics CC BY-NC 4.0 where indicated; this export does not replace those terms."
real_money_flows,2026-10-07,/da_quando,null,"DefiLlama (token breakdown of value locked, per protocol)","""2026-10-07""",CC BY 4.0,https://creativecommons.org/licenses/by/4.0/,Luca Valente,"CC BY 4.0 applies to the original compilation and editorial work by Luca Valente. Underlying third-party data retain their source terms, including Coin Metrics CC BY-NC 4.0 where indicated; this export does not replace those terms."
real_money_flows,2026-10-07,/blocchi/0/id,"""totale""","DefiLlama (token breakdown of value locked, per protocol)","""2026-10-07""",CC BY 4.0,https://creativecommons.org/licenses/by/4.0/,Luca Valente,"CC BY 4.0 applies to the original compilation and editorial work by Luca Valente. Underlying third-party data retain their source terms, including Coin Metrics CC BY-NC 4.0 where indicated; this export does not replace those terms."
real_money_flows,2026-10-07,/blocchi/0/titolo,"""All protocols""","DefiLlama (token breakdown of value locked, per protocol)","""2026-10-07""",CC BY 4.0,https://creativecommons.org/licenses/by/4.0/,Luca Valente,"CC BY 4.0 applies to the original compilation and editorial work by Luca Valente. Underlying third-party data retain their source terms, including Coin Metrics CC BY-NC 4.0 where indicated; this export does not replace those terms."
real_money_flows,2026-10-07,/blocchi/0/finestre/7/flussi_usd,1003085762,"DefiLlama (token breakdown of value locked, per protocol)","""2026-10-07""",CC BY 4.0,https://creativecommons.org/licenses/by/4.0/,Luca Valente,"CC BY 4.0 applies to the original compilation and editorial work by Luca Valente. Underlying third-party data retain their source terms, including Coin Metrics CC BY-NC 4.0 where indicated; this export does not replace those terms."
real_money_flows,2026-10-07,/blocchi/0/finestre/7/prezzo_usd,964719527,"DefiLlama (token breakdown of value locked, per protocol)","""2026-10-07""",CC BY 4.0,https://creativecommons.org/licenses/by/4.0/,Luca Valente,"CC BY 4.0 applies to the original compilation and editorial work by Luca Valente. Underlying third-party data retain their source terms, including Coin Metrics CC BY-NC 4.0 where indicated; this export does not replace those terms."
real_money_flows,2026-10-07,/blocchi/0/finestre/7/tvl_inizio_usd,141324511238,"DefiLlama (token breakdown of value locked, per protocol)","""2026-10-07""",CC BY 4.0,https://creativecommons.org/licenses/by/4.0/,Luca Valente,"CC BY 4.0 applies to the original compilation and editorial work by Luca Valente. Underlying third-party data retain their source terms, including Coin Metrics CC BY-NC 4.0 where indicated; this export does not replace those terms."
real_money_flows,2026-10-07,/blocchi/0/finestre/7/quota,0.0070977479642631595,"DefiLlama (token breakdown of value locked, per protocol)","""2026-10-07""",CC BY 4.0,https://creativecommons.org/licenses/by/4.0/,Luca Valente,"CC BY 4.0 applies to the original compilation and editorial work by Luca Valente. Underlying third-party data retain their source terms, including Coin Metrics CC BY-NC 4.0 where indicated; this export does not replace those terms."
real_money_flows,2026-10-07,/blocchi/0/finestre/7/quota_prezzo,0.006826271812434206,"DefiLlama (token breakdown of value locked, per protocol)","""2026-10-07""",CC BY 4.0,https://creativecommons.org/licenses/by/4.0/,Luca Valente,"CC BY 4.0 applies to the original compilation and editorial work by Luca Valente. Underlying third-party data retain their source terms, including Coin Metrics CC BY-NC 4.0 where indicated; this export does not replace those terms."
real_money_flows,2026-10-07,/blocchi/0/finestre/7/protocolli,206,"DefiLlama (token breakdown of value locked, per protocol)","""2026-10-07""",CC BY 4.0,https://creativecommons.org/licenses/by/4.0/,Luca Valente,"CC BY 4.0 applies to the original compilation and editorial work by Luca Valente. Underlying third-party data retain their source terms, including Coin Metrics CC BY-NC 4.0 where indicated; this export does not replace those terms."
real_money_flows,2026-10-07,/blocchi/0/finestre/7/non_scomponibili,17,"DefiLlama (token breakdown of value locked, per protocol)","""2026-10-07""",CC BY 4.0,https://creativecommons.org/licenses/by/4.0/,Luca Valente,"CC BY 4.0 applies to the original compilation and editorial work by Luca Valente. Underlying third-party data retain their source terms, including Coin Metrics CC BY-NC 4.0 where indicated; this export does not replace those terms."
real_money_flows,2026-10-07,/blocchi/0/finestre/7/peso_primo_contributo,0.1507,"DefiLlama (token breakdown of value locked, per protocol)","""2026-10-07""",CC BY 4.0,https://creativecommons.org/licenses/by/4.0/,Luca Valente,"CC BY 4.0 applies to the original compilation and editorial work by Luca Valente. Underlying third-party data retain their source terms, including Coin Metrics CC BY-NC 4.0 where indicated; this export does not replace those terms."
real_money_flows,2026-10-07,/blocchi/0/finestre/7/flussi_senza_il_primo_usd,556358853,"DefiLlama (token breakdown of value locked, per protocol)","""2026-10-07""",CC BY 4.0,https://creativecommons.org/licenses/by/4.0/,Luca Valente,"CC BY 4.0 applies to the original compilation and editorial work by Luca Valente. Underlying third-party data retain their source terms, including Coin Metrics CC BY-NC 4.0 where indicated; this export does not replace those terms."
real_money_flows,2026-10-07,/blocchi/0/finestre/30/flussi_usd,3838122455,"DefiLlama (token breakdown of value locked, per protocol)","""2026-10-07""",CC BY 4.0,https://creativecommons.org/licenses/by/4.0/,Luca Valente,"CC BY 4.0 applies to the original compilation and editorial work by Luca Valente. Underlying third-party data retain their source terms, including Coin Metrics CC BY-NC 4.0 where indicated; this export does not replace those terms."
real_money_flows,2026-10-07,/blocchi/0/finestre/30/prezzo_usd,8136299529,"DefiLlama (token breakdown of value locked, per protocol)","""2026-10-07""",CC BY 4.0,https://creativecommons.org/licenses/by/4.0/,Luca Valente,"CC BY 4.0 applies to the original compilation and editorial work by Luca Valente. Underlying third-party data retain their source terms, including Coin Metrics CC BY-NC 4.0 where indicated; this export does not replace those terms."
real_money_flows,2026-10-07,/blocchi/0/finestre/30/tvl_inizio_usd,127079382998,"DefiLlama (token breakdown of value locked, per protocol)","""2026-10-07""",CC BY 4.0,https://creativecommons.org/licenses/by/4.0/,Luca Valente,"CC BY 4.0 applies to the original compilation and editorial work by Luca Valente. Underlying third-party data retain their source terms, including Coin Metrics CC BY-NC 4.0 where indicated; this export does not replace those terms."
real_money_flows,2026-10-07,/blocchi/0/finestre/30/quota,0.030202558149423842,"DefiLlama (token breakdown of value locked, per protocol)","""2026-10-07""",CC BY 4.0,https://creativecommons.org/licenses/by/4.0/,Luca Valente,"CC BY 4.0 applies to the original compilation and editorial work by Luca Valente. Underlying third-party data retain their source terms, including Coin Metrics CC BY-NC 4.0 where indicated; this export does not replace those terms."
real_money_flows,2026-10-07,/blocchi/0/finestre/30/quota_prezzo,0.06402533075926288,"DefiLlama (token breakdown of value locked, per protocol)","""2026-10-07""",CC BY 4.0,https://creativecommons.org/licenses/by/4.0/,Luca Valente,"CC BY 4.0 applies to the original compilation and editorial work by Luca Valente. Underlying third-party data retain their source terms, including Coin Metrics CC BY-NC 4.0 where indicated; this export does not replace those terms."
real_money_flows,2026-10-07,/blocchi/0/finestre/30/protocolli,201,"DefiLlama (token breakdown of value locked, per protocol)","""2026-10-07""",CC BY 4.0,https://creativecommons.org/licenses/by/4.0/,Luca Valente,"CC BY 4.0 applies to the original compilation and editorial work by Luca Valente. Underlying third-party data retain their source terms, including Coin Metrics CC BY-NC 4.0 where indicated; this export does not replace those terms."
real_money_flows,2026-10-07,/blocchi/0/finestre/30/non_scomponibili,22,"DefiLlama (token breakdown of value locked, per protocol)","""2026-10-07""",CC BY 4.0,https://creativecommons.org/licenses/by/4.0/,Luca Valente,"CC BY 4.0 applies to the original compilation and editorial work by Luca Valente. Underlying third-party data retain their source terms, including Coin Metrics CC BY-NC 4.0 where indicated; this export does not replace those terms."
real_money_flows,2026-10-07,/blocchi/0/finestre/30/peso_primo_contributo,0.1297,"DefiLlama (token breakdown of value locked, per protocol)","""2026-10-07""",CC BY 4.0,https://creativecommons.org/licenses/by/4.0/,Luca Valente,"CC BY 4.0 applies to the original compilation and editorial work by Luca Valente. Underlying third-party data retain their source terms, including Coin Metrics CC BY-NC 4.0 where indicated; this export does not replace those terms."
real_money_flows,2026-10-07,/blocchi/0/finestre/30/flussi_senza_il_primo_usd,2687765624,"DefiLlama (token breakdown of value locked, per protocol)","""2026-10-07""",CC BY 4.0,https://creativecommons.org/licenses/by/4.0/,Luca Valente,"CC BY 4.0 applies to the original compilation and editorial work by Luca Valente. Underlying third-party data retain their source terms, including Coin Metrics CC BY-NC 4.0 where indicated; this export does not replace those terms."
real_money_flows,2026-10-07,/blocchi/0/finestre/90/flussi_usd,4519207165,"DefiLlama (token breakdown of value locked, per protocol)","""2026-10-07""",CC BY 4.0,https://creativecommons.org/licenses/by/4.0/,Luca Valente,"CC BY 4.0 applies to the original compilation and editorial work by Luca Valente. Underlying third-party data retain their source terms, including Coin Metrics CC BY-NC 4.0 where indicated; this export does not replace those terms."
real_money_flows,2026-10-07,/blocchi/0/finestre/90/prezzo_usd,22091020542,"DefiLlama (token breakdown of value locked, per protocol)","""2026-10-07""",CC BY 4.0,https://creativecommons.org/licenses/by/4.0/,Luca Valente,"CC BY 4.0 applies to the original compilation and editorial work by Luca Valente. Underlying third-party data retain their source terms, including Coin Metrics CC BY-NC 4.0 where indicated; this export does not replace those terms."
real_money_flows,2026-10-07,/blocchi/0/finestre/90/tvl_inizio_usd,76913664773,"DefiLlama (token breakdown of value locked, per protocol)","""2026-10-07""",CC BY 4.0,https://creativecommons.org/licenses/by/4.0/,Luca Valente,"CC BY 4.0 applies to the original compilation and editorial work by Luca Valente. Underlying third-party data retain their source terms, including Coin Metrics CC BY-NC 4.0 where indicated; this export does not replace those terms."
real_money_flows,2026-10-07,/blocchi/0/finestre/90/quota,0.058756882513501474,"DefiLlama (token breakdown of value locked, per protocol)","""2026-10-07""",CC BY 4.0,https://creativecommons.org/licenses/by/4.0/,Luca Valente,"CC BY 4.0 applies to the original compilation and editorial work by Luca Valente. Underlying third-party data retain their source terms, including Coin Metrics CC BY-NC 4.0 where indicated; this export does not replace those terms."
real_money_flows,2026-10-07,/blocchi/0/finestre/90/quota_prezzo,0.2872184105015484,"DefiLlama (token breakdown of value locked, per protocol)","""2026-10-07""",CC BY 4.0,https://creativecommons.org/licenses/by/4.0/,Luca Valente,"CC BY 4.0 applies to the original compilation and editorial work by Luca Valente. Underlying third-party data retain their source terms, including Coin Metrics CC BY-NC 4.0 where indicated; this export does not replace those terms."
real_money_flows,2026-10-07,/blocchi/0/finestre/90/protocolli,180,"DefiLlama (token breakdown of value locked, per protocol)","""2026-10-07""",CC BY 4.0,https://creativecommons.org/licenses/by/4.0/,Luca Valente,"CC BY 4.0 applies to the original compilation and editorial work by Luca Valente. Underlying third-party data retain their source terms, including Coin Metrics CC BY-NC 4.0 where indicated; this export does not replace those terms."
real_money_flows,2026-10-07,/blocchi/0/finestre/90/non_scomponibili,43,"DefiLlama (token breakdown of value locked, per protocol)","""2026-10-07""",CC BY 4.0,https://creativecommons.org/licenses/by/4.0/,Luca Valente,"CC BY 4.0 applies to the original compilation and editorial work by Luca Valente. Underlying third-party data retain their source terms, including Coin Metrics CC BY-NC 4.0 where indicated; this export does not replace those terms."
real_money_flows,2026-10-07,/blocchi/0/finestre/90/peso_primo_contributo,0.1311,"DefiLlama (token breakdown of value locked, per protocol)","""2026-10-07""",CC BY 4.0,https://creativecommons.org/licenses/by/4.0/,Luca Valente,"CC BY 4.0 applies to the original compilation and editorial work by Luca Valente. Underlying third-party data retain their source terms, including Coin Metrics CC BY-NC 4.0 where indicated; this export does not replace those terms."
real_money_flows,2026-10-07,/blocchi/0/finestre/90/flussi_senza_il_primo_usd,2797030648,"DefiLlama (token breakdown of value locked, per protocol)","""2026-10-07""",CC BY 4.0,https://creativecommons.org/licenses/by/4.0/,Luca Valente,"CC BY 4.0 applies to the original compilation and editorial work by Luca Valente. Underlying third-party data retain their source terms, including Coin Metrics CC BY-NC 4.0 where indicated; this export does not replace those terms."
real_money_flows,2026-10-07,/blocchi/0/protocolli_seguiti,223,"DefiLlama (token breakdown of value locked, per protocol)","""2026-10-07""",CC BY 4.0,https://creativecommons.org/licenses/by/4.0/,Luca Valente,"CC BY 4.0 applies to the original compilation and editorial work by Luca Valente. Underlying third-party data retain their source terms, including Coin Metrics CC BY-NC 4.0 where indicated; this export does not replace those terms."
real_money_flows,2026-10-07,/blocchi/0/esclusi/0/slug,"""aera-v3""","DefiLlama (token breakdown of value locked, per protocol)","""2026-10-07""",CC BY 4.0,https://creativecommons.org/licenses/by/4.0/,Luca Valente,"CC BY 4.0 applies to the original compilation and editorial work by Luca Valente. Underlying third-party data retain their source terms, including Coin Metrics CC BY-NC 4.0 where indicated; this export does not replace those terms."
real_money_flows,2026-10-07,/blocchi/0/esclusi/0/motivo,"""category Onchain Capital Allocator is not counted""","DefiLlama (token breakdown of value locked, per protocol)","""2026-10-07""",CC BY 4.0,https://creativecommons.org/licenses/by/4.0/,Luca Valente,"CC BY 4.0 applies to the original compilation and editorial work by Luca Valente. Underlying third-party data retain their source terms, including Coin Metrics CC BY-NC 4.0 where indicated; this export does not replace those terms."
real_money_flows,2026-10-07,/blocchi/0/esclusi/1/slug,"""aerodrome-slipstream""","DefiLlama (token breakdown of value locked, per protocol)","""2026-10-07""",CC BY 4.0,https://creativecommons.org/licenses/by/4.0/,Luca Valente,"CC BY 4.0 applies to the original compilation and editorial work by Luca Valente. Underlying third-party data retain their source terms, including Coin Metrics CC BY-NC 4.0 where indicated; this export does not replace those terms."
real_money_flows,2026-10-07,/blocchi/0/esclusi/1/motivo,"""covered by the parent entry aerodrome-finance""","DefiLlama (token breakdown of value locked, per protocol)","""2026-10-07""",CC BY 4.0,https://creativecommons.org/licenses/by/4.0/,Luca Valente,"CC BY 4.0 applies to the original compilation and editorial work by Luca Valente. Underlying third-party data retain their source terms, including Coin Metrics CC BY-NC 4.0 where indicated; this export does not replace those terms."
real_money_flows,2026-10-07,/blocchi/0/esclusi/2/slug,"""api3""","DefiLlama (token breakdown of value locked, per protocol)","""2026-10-07""",CC BY 4.0,https://creativecommons.org/licenses/by/4.0/,Luca Valente,"CC BY 4.0 applies to the original compilation and editorial work by Luca Valente. Underlying third-party data retain their source terms, including Coin Metrics CC BY-NC 4.0 where indicated; this export does not replace those terms."
real_money_flows,2026-10-07,/blocchi/0/esclusi/2/motivo,"""category Risk Curators is not counted""","DefiLlama (token breakdown of value locked, per protocol)","""2026-10-07""",CC BY 4.0,https://creativecommons.org/licenses/by/4.0/,Luca Valente,"CC BY 4.0 applies to the original compilation and editorial work by Luca Valente. Underlying third-party data retain their source terms, including Coin Metrics CC BY-NC 4.0 where indicated; this export does not replace those terms."
real_money_flows,2026-10-07,/blocchi/0/esclusi/3/slug,"""armitage-by-wintermute""","DefiLlama (token breakdown of value locked, per protocol)","""2026-10-07""",CC BY 4.0,https://creativecommons.org/licenses/by/4.0/,Luca Valente,"CC BY 4.0 applies to the original compilation and editorial work by Luca Valente. Underlying third-party data retain their source terms, including Coin Metrics CC BY-NC 4.0 where indicated; this export does not replace those terms."
real_money_flows,2026-10-07,/blocchi/0/esclusi/3/motivo,"""category Risk Curators is not counted""","DefiLlama (token breakdown of value locked, per protocol)","""2026-10-07""",CC BY 4.0,https://creativecommons.org/licenses/by/4.0/,Luca Valente,"CC BY 4.0 applies to the original compilation and editorial work by Luca Valente. Underlying third-party data retain their source terms, including Coin Metrics CC BY-NC 4.0 where indicated; this export does not replace those terms."
real_money_flows,2026-10-07,/blocchi/0/esclusi/4/slug,"""astar-dapps-staking""","DefiLlama (token breakdown of value locked, per protocol)","""2026-10-07""",CC BY 4.0,https://creativecommons.org/licenses/by/4.0/,Luca Valente,"CC BY 4.0 applies to the original compilation and editorial work by Luca Valente. Underlying third-party data retain their source terms, including Coin Metrics CC BY-NC 4.0 where indicated; this export does not replace those terms."
real_money_flows,2026-10-07,/blocchi/0/esclusi/4/motivo,"""category Chain is not counted""","DefiLlama (token breakdown of value locked, per protocol)","""2026-10-07""",CC BY 4.0,https://creativecommons.org/licenses/by/4.0/,Luca Valente,"CC BY 4.0 applies to the original compilation and editorial work by Luca Valente. Underlying third-party data retain their source terms, including Coin Metrics CC BY-NC 4.0 where indicated; this export does not replace those terms."
real_money_flows,2026-10-07,/blocchi/0/esclusi/5/slug,"""aster-bridge""","DefiLlama (token breakdown of value locked, per protocol)","""2026-10-07""",CC BY 4.0,https://creativecommons.org/licenses/by/4.0/,Luca Valente,"CC BY 4.0 applies to the original compilation and editorial work by Luca Valente. Underlying third-party data retain their source terms, including Coin Metrics CC BY-NC 4.0 where indicated; this export does not replace those terms."
real_money_flows,2026-10-07,/blocchi/0/esclusi/5/motivo,"""bridge not in the public list""","DefiLlama (token breakdown of value locked, per protocol)","""2026-10-07""",CC BY 4.0,https://creativecommons.org/licenses/by/4.0/,Luca Valente,"CC BY 4.0 applies to the original compilation and editorial work by Luca Valente. Underlying third-party data retain their source terms, including Coin Metrics CC BY-NC 4.0 where indicated; this export does not replace those terms."
real_money_flows,2026-10-07,/blocchi/0/esclusi/6/slug,"""avalanche-core-bridge""","DefiLlama (token breakdown of value locked, per protocol)","""2026-10-07""",CC BY 4.0,https://creativecommons.org/licenses/by/4.0/,Luca Valente,"CC BY 4.0 applies to the original compilation and editorial work by Luca Valente. Underlying third-party data retain their source terms, including Coin Metrics CC BY-NC 4.0 where indicated; this export does not replace those terms."
real_money_flows,2026-10-07,/blocchi/0/esclusi/6/motivo,"""category Canonical Bridge is not counted""","DefiLlama (token breakdown of value locked, per protocol)","""2026-10-07""",CC BY 4.0,https://creativecommons.org/licenses/by/4.0/,Luca Valente,"CC BY 4.0 applies to the original compilation and editorial work by Luca Valente. Underlying third-party data retain their source terms, including Coin Metrics CC BY-NC 4.0 where indicated; this export does not replace those terms."
real_money_flows,2026-10-07,/blocchi/0/esclusi/7/slug,"""avant-avusd""","DefiLlama (token breakdown of value locked, per protocol)","""2026-10-07""",CC BY 4.0,https://creativecommons.org/licenses/by/4.0/,Luca Valente,"CC BY 4.0 applies to the original compilation and editorial work by Luca Valente. Underlying third-party data retain their source terms, including Coin Metrics CC BY-NC 4.0 where indicated; this export does not replace those terms."
real_money_flows,2026-10-07,/blocchi/0/esclusi/7/motivo,"""category Onchain Capital Allocator is not counted""","DefiLlama (token breakdown of value locked, per protocol)","""2026-10-07""",CC BY 4.0,https://creativecommons.org/licenses/by/4.0/,Luca Valente,"CC BY 4.0 applies to the original compilation and editorial work by Luca Valente. Underlying third-party data retain their source terms, including Coin Metrics CC BY-NC 4.0 where indicated; this export does not replace those terms."
real_money_flows,2026-10-07,/blocchi/0/esclusi/8/slug,"""axelar""","DefiLlama (token breakdown of value locked, per protocol)","""2026-10-07""",CC BY 4.0,https://creativecommons.org/licenses/by/4.0/,Luca Valente,"CC BY 4.0 applies to the original compilation and editorial work by Luca Valente. Underlying third-party data retain their source terms, including Coin Metrics CC BY-NC 4.0 where indicated; this export does not replace those terms."
real_money_flows,2026-10-07,/blocchi/0/esclusi/8/motivo,"""bridge not in the public list""","DefiLlama (token breakdown of value locked, per protocol)","""2026-10-07""",CC BY 4.0,https://creativecommons.org/licenses/by/4.0/,Luca Valente,"CC BY 4.0 applies to the original compilation and editorial work by Luca Valente. Underlying third-party data retain their source terms, including Coin Metrics CC BY-NC 4.0 where indicated; this export does not replace those terms."
real_money_flows,2026-10-07,/blocchi/0/esclusi/9/slug,"""b14g""","DefiLlama (token breakdown of value locked, per protocol)","""2026-10-07""",CC BY 4.0,https://creativecommons.org/licenses/by/4.0/,Luca Valente,"CC BY 4.0 applies to the original compilation and editorial work by Luca Valente. Underlying third-party data retain their source terms, including Coin Metrics CC BY-NC 4.0 where indicated; this export does not replace those terms."
real_money_flows,2026-10-07,/blocchi/0/esclusi/9/motivo,"""category Restaking is not counted""","DefiLlama (token breakdown of value locked, per protocol)","""2026-10-07""",CC BY 4.0,https://creativecommons.org/licenses/by/4.0/,Luca Valente,"CC BY 4.0 applies to the original compilation and editorial work by Luca Valente. Underlying third-party data retain their source terms, including Coin Metrics CC BY-NC 4.0 where indicated; this export does not replace those terms."
real_money_flows,2026-10-07,/blocchi/0/esclusi/10/slug,"""b2-buzz""","DefiLlama (token breakdown of value locked, per protocol)","""2026-10-07""",CC BY 4.0,https://creativecommons.org/licenses/by/4.0/,Luca Valente,"CC BY 4.0 applies to the original compilation and editorial work by Luca Valente. Underlying third-party data retain their source terms, including Coin Metrics CC BY-NC 4.0 where indicated; this export does not replace those terms."
real_money_flows,2026-10-07,/blocchi/0/esclusi/10/motivo,"""category Canonical Bridge is not counted""","DefiLlama (token breakdown of value locked, per protocol)","""2026-10-07""",CC BY 4.0,https://creativecommons.org/licenses/by/4.0/,Luca Valente,"CC BY 4.0 applies to the original compilation and editorial work by Luca Valente. Underlying third-party data retain their source terms, including Coin Metrics CC BY-NC 4.0 where indicated; this export does not replace those terms."
real_money_flows,2026-10-07,/blocchi/0/esclusi/11/slug,"""babylon-protocol""","DefiLlama (token breakdown of value locked, per protocol)","""2026-10-07""",CC BY 4.0,https://creativecommons.org/licenses/by/4.0/,Luca Valente,"CC BY 4.0 applies to the original compilation and editorial work by Luca Valente. Underlying third-party data retain their source terms, including Coin Metrics CC BY-NC 4.0 where indicated; this export does not replace those terms."
real_money_flows,2026-10-07,/blocchi/0/esclusi/11/motivo,"""category Restaking is not counted""","DefiLlama (token breakdown of value locked, per protocol)","""2026-10-07""",CC BY 4.0,https://creativecommons.org/licenses/by/4.0/,Luca Valente,"CC BY 4.0 applies to the original compilation and editorial work by Luca Valente. Underlying third-party data retain their source terms, including Coin Metrics CC BY-NC 4.0 where indicated; this export does not replace those terms."
real_money_flows,2026-10-07,/blocchi/0/esclusi/12/slug,"""backpack""","DefiLlama (token breakdown of value locked, per protocol)","""2026-10-07""",CC BY 4.0,https://creativecommons.org/licenses/by/4.0/,Luca Valente,"CC BY 4.0 applies to the original compilation and editorial work by Luca Valente. Underlying third-party data retain their source terms, including Coin Metrics CC BY-NC 4.0 where indicated; this export does not replace those terms."
real_money_flows,2026-10-07,/blocchi/0/esclusi/12/motivo,"""category CEX is not counted""","DefiLlama (token breakdown of value locked, per protocol)","""2026-10-07""",CC BY 4.0,https://creativecommons.org/licenses/by/4.0/,Luca Valente,"CC BY 4.0 applies to the original compilation and editorial work by Luca Valente. Underlying third-party data retain their source terms, including Coin Metrics CC BY-NC 4.0 where indicated; this export does not replace those terms."
real_money_flows,2026-10-07,/blocchi/0/esclusi/13/slug,"""base-bridge""","DefiLlama (token breakdown of value locked, per protocol)","""2026-10-07""",CC BY 4.0,https://creativecommons.org/licenses/by/4.0/,Luca Valente,"CC BY 4.0 applies to the original compilation and editorial work by Luca Valente. Underlying third-party data retain their source terms, including Coin Metrics CC BY-NC 4.0 where indicated; this export does not replace those terms."
real_money_flows,2026-10-07,/blocchi/0/esclusi/13/motivo,"""category Canonical Bridge is not counted""","DefiLlama (token breakdown of value locked, per protocol)","""2026-10-07""",CC BY 4.0,https://creativecommons.org/licenses/by/4.0/,Luca Valente,"CC BY 4.0 applies to the original compilation and editorial work by Luca Valente. Underlying third-party data retain their source terms, including Coin Metrics CC BY-NC 4.0 where indicated; this export does not replace those terms."
real_money_flows,2026-10-07,/blocchi/0/esclusi/14/slug,"""binance-bitcoin""","DefiLlama (token breakdown of value locked, per protocol)","""2026-10-07""",CC BY 4.0,https://creativecommons.org/licenses/by/4.0/,Luca Valente,"CC BY 4.0 applies to the original compilation and editorial work by Luca Valente. Underlying third-party data retain their source terms, including Coin Metrics CC BY-NC 4.0 where indicated; this export does not replace those terms."
real_money_flows,2026-10-07,/blocchi/0/esclusi/14/motivo,"""bridge not in the public list""","DefiLlama (token breakdown of value locked, per protocol)","""2026-10-07""",CC BY 4.0,https://creativecommons.org/licenses/by/4.0/,Luca Valente,"CC BY 4.0 applies to the original compilation and editorial work by Luca Valente. Underlying third-party data retain their source terms, including Coin Metrics CC BY-NC 4.0 where indicated; this export does not replace those terms."
real_money_flows,2026-10-07,/blocchi/0/esclusi/15/slug,"""binance-staked-eth""","DefiLlama (token breakdown of value locked, per protocol)","""2026-10-07""",CC BY 4.0,https://creativecommons.org/licenses/by/4.0/,Luca Valente,"CC BY 4.0 applies to the original compilation and editorial work by Luca Valente. Underlying third-party data retain their source terms, including Coin Metrics CC BY-NC 4.0 where indicated; this export does not replace those terms."
real_money_flows,2026-10-07,/blocchi/0/esclusi/15/motivo,"""custodial product""","DefiLlama (token breakdown of value locked, per protocol)","""2026-10-07""",CC BY 4.0,https://creativecommons.org/licenses/by/4.0/,Luca Valente,"CC BY 4.0 applies to the original compilation and editorial work by Luca Valente. Underlying third-party data retain their source terms, including Coin Metrics CC BY-NC 4.0 where indicated; this export does not replace those terms."
real_money_flows,2026-10-07,/blocchi/0/esclusi/16/slug,"""binance-staked-sol""","DefiLlama (token breakdown of value locked, per protocol)","""2026-10-07""",CC BY 4.0,https://creativecommons.org/licenses/by/4.0/,Luca Valente,"CC BY 4.0 applies to the original compilation and editorial work by Luca Valente. Underlying third-party data retain their source terms, including Coin Metrics CC BY-NC 4.0 where indicated; this export does not replace those terms."
real_money_flows,2026-10-07,/blocchi/0/esclusi/16/motivo,"""custodial product""","DefiLlama (token breakdown of value locked, per protocol)","""2026-10-07""",CC BY 4.0,https://creativecommons.org/licenses/by/4.0/,Luca Valente,"CC BY 4.0 applies to the original compilation and editorial work by Luca Valente. Underlying third-party data retain their source terms, including Coin Metrics CC BY-NC 4.0 where indicated; this export does not replace those terms."
real_money_flows,2026-10-07,/blocchi/0/esclusi/17/slug,"""bitget-bgbtc""","DefiLlama (token breakdown of value locked, per protocol)","""2026-10-07""",CC BY 4.0,https://creativecommons.org/licenses/by/4.0/,Luca Valente,"CC BY 4.0 applies to the original compilation and editorial work by Luca Valente. Underlying third-party data retain their source terms, including Coin Metrics CC BY-NC 4.0 where indicated; this export does not replace those terms."
real_money_flows,2026-10-07,/blocchi/0/esclusi/17/motivo,"""bridge not in the public list""","DefiLlama (token breakdown of value locked, per protocol)","""2026-10-07""",CC BY 4.0,https://creativecommons.org/licenses/by/4.0/,Luca Valente,"CC BY 4.0 applies to the original compilation and editorial work by Luca Valente. Underlying third-party data retain their source terms, including Coin Metrics CC BY-NC 4.0 where indicated; this export does not replace those terms."
real_money_flows,2026-10-07,/blocchi/0/esclusi/18/slug,"""bybit-staked-sol""","DefiLlama (token breakdown of value locked, per protocol)","""2026-10-07""",CC BY 4.0,https://creativecommons.org/licenses/by/4.0/,Luca Valente,"CC BY 4.0 applies to the original compilation and editorial work by Luca Valente. Underlying third-party data retain their source terms, including Coin Metrics CC BY-NC 4.0 where indicated; this export does not replace those terms."
real_money_flows,2026-10-07,/blocchi/0/esclusi/18/motivo,"""custodial product""","DefiLlama (token breakdown of value locked, per protocol)","""2026-10-07""",CC BY 4.0,https://creativecommons.org/licenses/by/4.0/,Luca Valente,"CC BY 4.0 applies to the original compilation and editorial work by Luca Valente. Underlying third-party data retain their source terms, including Coin Metrics CC BY-NC 4.0 where indicated; this export does not replace those terms."
real_money_flows,2026-10-07,/blocchi/0/esclusi/19/slug,"""ccip""","DefiLlama (token breakdown of value locked, per protocol)","""2026-10-07""",CC BY 4.0,https://creativecommons.org/licenses/by/4.0/,Luca Valente,"CC BY 4.0 applies to the original compilation and editorial work by Luca Valente. Underlying third-party data retain their source terms, including Coin Metrics CC BY-NC 4.0 where indicated; this export does not replace those terms."
real_money_flows,2026-10-07,/blocchi/0/esclusi/19/motivo,"""bridge not in the public list""","DefiLlama (token breakdown of value locked, per protocol)","""2026-10-07""",CC BY 4.0,https://creativecommons.org/licenses/by/4.0/,Luca Valente,"CC BY 4.0 applies to the original compilation and editorial work by Luca Valente. Underlying third-party data retain their source terms, including Coin Metrics CC BY-NC 4.0 where indicated; this export does not replace those terms."
real_money_flows,2026-10-07,/blocchi/0/esclusi/20/slug,"""circle-bitcoin""","DefiLlama (token breakdown of value locked, per protocol)","""2026-10-07""",CC BY 4.0,https://creativecommons.org/licenses/by/4.0/,Luca Valente,"CC BY 4.0 applies to the original compilation and editorial work by Luca Valente. Underlying third-party data retain their source terms, including Coin Metrics CC BY-NC 4.0 where indicated; this export does not replace those terms."
real_money_flows,2026-10-07,/blocchi/0/esclusi/20/motivo,"""bridge not in the public list""","DefiLlama (token breakdown of value locked, per protocol)","""2026-10-07""",CC BY 4.0,https://creativecommons.org/licenses/by/4.0/,Luca Valente,"CC BY 4.0 applies to the original compilation and editorial work by Luca Valente. Underlying third-party data retain their source terms, including Coin Metrics CC BY-NC 4.0 where indicated; this export does not replace those terms."
real_money_flows,2026-10-07,/blocchi/0/esclusi/21/slug,"""clearstar""","DefiLlama (token breakdown of value locked, per protocol)","""2026-10-07""",CC BY 4.0,https://creativecommons.org/licenses/by/4.0/,Luca Valente,"CC BY 4.0 applies to the original compilation and editorial work by Luca Valente. Underlying third-party data retain their source terms, including Coin Metrics CC BY-NC 4.0 where indicated; this export does not replace those terms."
real_money_flows,2026-10-07,/blocchi/0/esclusi/21/motivo,"""category Risk Curators is not counted""","DefiLlama (token breakdown of value locked, per protocol)","""2026-10-07""",CC BY 4.0,https://creativecommons.org/licenses/by/4.0/,Luca Valente,"CC BY 4.0 applies to the original compilation and editorial work by Luca Valente. Underlying third-party data retain their source terms, including Coin Metrics CC BY-NC 4.0 where indicated; this export does not replace those terms."
real_money_flows,2026-10-07,/blocchi/0/esclusi/22/slug,"""coinbase-bridge""","DefiLlama (token breakdown of value locked, per protocol)","""2026-10-07""",CC BY 4.0,https://creativecommons.org/licenses/by/4.0/,Luca Valente,"CC BY 4.0 applies to the original compilation and editorial work by Luca Valente. Underlying third-party data retain their source terms, including Coin Metrics CC BY-NC 4.0 where indicated; this export does not replace those terms."
real_money_flows,2026-10-07,/blocchi/0/esclusi/22/motivo,"""custodial product""","DefiLlama (token breakdown of value locked, per protocol)","""2026-10-07""",CC BY 4.0,https://creativecommons.org/licenses/by/4.0/,Luca Valente,"CC BY 4.0 applies to the original compilation and editorial work by Luca Valente. Underlying third-party data retain their source terms, including Coin Metrics CC BY-NC 4.0 where indicated; this export does not replace those terms."
real_money_flows,2026-10-07,/blocchi/0/esclusi/23/slug,"""coinbase-wrapped-staked-eth""","DefiLlama (token breakdown of value locked, per protocol)","""2026-10-07""",CC BY 4.0,https://creativecommons.org/licenses/by/4.0/,Luca Valente,"CC BY 4.0 applies to the original compilation and editorial work by Luca Valente. Underlying third-party data retain their source terms, including Coin Metrics CC BY-NC 4.0 where indicated; this export does not replace those terms."
real_money_flows,2026-10-07,/blocchi/0/esclusi/23/motivo,"""custodial product""","DefiLlama (token breakdown of value locked, per protocol)","""2026-10-07""",CC BY 4.0,https://creativecommons.org/licenses/by/4.0/,Luca Valente,"CC BY 4.0 applies to the original compilation and editorial work by Luca Valente. Underlying third-party data retain their source terms, including Coin Metrics CC BY-NC 4.0 where indicated; this export does not replace those terms."
real_money_flows,2026-10-07,/blocchi/0/esclusi/24/slug,"""concrete""","DefiLlama (token breakdown of value locked, per protocol)","""2026-10-07""",CC BY 4.0,https://creativecommons.org/licenses/by/4.0/,Luca Valente,"CC BY 4.0 applies to the original compilation and editorial work by Luca Valente. Underlying third-party data retain their source terms, including Coin Metrics CC BY-NC 4.0 where indicated; this export does not replace those terms."
real_money_flows,2026-10-07,/blocchi/0/esclusi/24/motivo,"""category Onchain Capital Allocator is not counted""","DefiLlama (token breakdown of value locked, per protocol)","""2026-10-07""",CC BY 4.0,https://creativecommons.org/licenses/by/4.0/,Luca Valente,"CC BY 4.0 applies to the original compilation and editorial work by Luca Valente. Underlying third-party data retain their source terms, including Coin Metrics CC BY-NC 4.0 where indicated; this export does not replace those terms."
real_money_flows,2026-10-07,/blocchi/0/esclusi/25/slug,"""debridge""","DefiLlama (token breakdown of value locked, per protocol)","""2026-10-07""",CC BY 4.0,https://creativecommons.org/licenses/by/4.0/,Luca Valente,"CC BY 4.0 applies to the original compilation and editorial work by Luca Valente. Underlying third-party data retain their source terms, including Coin Metrics CC BY-NC 4.0 where indicated; this export does not replace those terms."
real_money_flows,2026-10-07,/blocchi/0/esclusi/25/motivo,"""bridge not in the public list""","DefiLlama (token breakdown of value locked, per protocol)","""2026-10-07""",CC BY 4.0,https://creativecommons.org/licenses/by/4.0/,Luca Valente,"CC BY 4.0 applies to the original compilation and editorial work by Luca Valente. Underlying third-party data retain their source terms, including Coin Metrics CC BY-NC 4.0 where indicated; this export does not replace those terms."
real_money_flows,2026-10-07,/blocchi/0/esclusi/26/slug,"""eigencloud""","DefiLlama (token breakdown of value locked, per protocol)","""2026-10-07""",CC BY 4.0,https://creativecommons.org/licenses/by/4.0/,Luca Valente,"CC BY 4.0 applies to the original compilation and editorial work by Luca Valente. Underlying third-party data retain their source terms, including Coin Metrics CC BY-NC 4.0 where indicated; this export does not replace those terms."
real_money_flows,2026-10-07,/blocchi/0/esclusi/26/motivo,"""category Restaking is not counted""","DefiLlama (token breakdown of value locked, per protocol)","""2026-10-07""",CC BY 4.0,https://creativecommons.org/licenses/by/4.0/,Luca Valente,"CC BY 4.0 applies to the original compilation and editorial work by Luca Valente. Underlying third-party data retain their source terms, including Coin Metrics CC BY-NC 4.0 where indicated; this export does not replace those terms."
real_money_flows,2026-10-07,/blocchi/0/esclusi/27/slug,"""ember-protocol""","DefiLlama (token breakdown of value locked, per protocol)","""2026-10-07""",CC BY 4.0,https://creativecommons.org/licenses/by/4.0/,Luca Valente,"CC BY 4.0 applies to the original compilation and editorial work by Luca Valente. Underlying third-party data retain their source terms, including Coin Metrics CC BY-NC 4.0 where indicated; this export does not replace those terms."
real_money_flows,2026-10-07,/blocchi/0/esclusi/27/motivo,"""category Onchain Capital Allocator is not counted""","DefiLlama (token breakdown of value locked, per protocol)","""2026-10-07""",CC BY 4.0,https://creativecommons.org/licenses/by/4.0/,Luca Valente,"CC BY 4.0 applies to the original compilation and editorial work by Luca Valente. Underlying third-party data retain their source terms, including Coin Metrics CC BY-NC 4.0 where indicated; this export does not replace those terms."
real_money_flows,2026-10-07,/blocchi/0/esclusi/28/slug,"""ether.fi-liquid""","DefiLlama (token breakdown of value locked, per protocol)","""2026-10-07""",CC BY 4.0,https://creativecommons.org/licenses/by/4.0/,Luca Valente,"CC BY 4.0 applies to the original compilation and editorial work by Luca Valente. Underlying third-party data retain their source terms, including Coin Metrics CC BY-NC 4.0 where indicated; this export does not replace those terms."
real_money_flows,2026-10-07,/blocchi/0/esclusi/28/motivo,"""category Onchain Capital Allocator is not counted""","DefiLlama (token breakdown of value locked, per protocol)","""2026-10-07""",CC BY 4.0,https://creativecommons.org/licenses/by/4.0/,Luca Valente,"CC BY 4.0 applies to the original compilation and editorial work by Luca Valente. Underlying third-party data retain their source terms, including Coin Metrics CC BY-NC 4.0 where indicated; this export does not replace those terms."
real_money_flows,2026-10-07,/blocchi/0/esclusi/29/slug,"""exsat-staking-btc""","DefiLlama (token breakdown of value locked, per protocol)","""2026-10-07""",CC BY 4.0,https://creativecommons.org/licenses/by/4.0/,Luca Valente,"CC BY 4.0 applies to the original compilation and editorial work by Luca Valente. Underlying third-party data retain their source terms, including Coin Metrics CC BY-NC 4.0 where indicated; this export does not replace those terms."
real_money_flows,2026-10-07,/blocchi/0/esclusi/29/motivo,"""bridge not in the public list""","DefiLlama (token breakdown of value locked, per protocol)","""2026-10-07""",CC BY 4.0,https://creativecommons.org/licenses/by/4.0/,Luca Valente,"CC BY 4.0 applies to the original compilation and editorial work by Luca Valente. Underlying third-party data retain their source terms, including Coin Metrics CC BY-NC 4.0 where indicated; this export does not replace those terms."
real_money_flows,2026-10-07,/blocchi/0/esclusi/30/slug,"""fassets""","DefiLlama (token breakdown of value locked, per protocol)","""2026-10-07""",CC BY 4.0,https://creativecommons.org/licenses/by/4.0/,Luca Valente,"CC BY 4.0 applies to the original compilation and editorial work by Luca Valente. Underlying third-party data retain their source terms, including Coin Metrics CC BY-NC 4.0 where indicated; this export does not replace those terms."
real_money_flows,2026-10-07,/blocchi/0/esclusi/30/motivo,"""bridge not in the public list""","DefiLlama (token breakdown of value locked, per protocol)","""2026-10-07""",CC BY 4.0,https://creativecommons.org/licenses/by/4.0/,Luca Valente,"CC BY 4.0 applies to the original compilation and editorial work by Luca Valente. Underlying third-party data retain their source terms, including Coin Metrics CC BY-NC 4.0 where indicated; this export does not replace those terms."
real_money_flows,2026-10-07,/blocchi/0/esclusi/31/slug,"""function-fbtc""","DefiLlama (token breakdown of value locked, per protocol)","""2026-10-07""",CC BY 4.0,https://creativecommons.org/licenses/by/4.0/,Luca Valente,"CC BY 4.0 applies to the original compilation and editorial work by Luca Valente. Underlying third-party data retain their source terms, including Coin Metrics CC BY-NC 4.0 where indicated; this export does not replace those terms."
real_money_flows,2026-10-07,/blocchi/0/esclusi/31/motivo,"""bridge not in the public list""","DefiLlama (token breakdown of value locked, per protocol)","""2026-10-07""",CC BY 4.0,https://creativecommons.org/licenses/by/4.0/,Luca Valente,"CC BY 4.0 applies to the original compilation and editorial work by Luca Valente. Underlying third-party data retain their source terms, including Coin Metrics CC BY-NC 4.0 where indicated; this export does not replace those terms."
real_money_flows,2026-10-07,/blocchi/0/esclusi/32/slug,"""gate""","DefiLlama (token breakdown of value locked, per protocol)","""2026-10-07""",CC BY 4.0,https://creativecommons.org/licenses/by/4.0/,Luca Valente,"CC BY 4.0 applies to the original compilation and editorial work by Luca Valente. Underlying third-party data retain their source terms, including Coin Metrics CC BY-NC 4.0 where indicated; this export does not replace those terms."
real_money_flows,2026-10-07,/blocchi/0/esclusi/32/motivo,"""category CEX is not counted""","DefiLlama (token breakdown of value locked, per protocol)","""2026-10-07""",CC BY 4.0,https://creativecommons.org/licenses/by/4.0/,Luca Valente,"CC BY 4.0 applies to the original compilation and editorial work by Luca Valente. Underlying third-party data retain their source terms, including Coin Metrics CC BY-NC 4.0 where indicated; this export does not replace those terms."
real_money_flows,2026-10-07,/blocchi/0/esclusi/33/slug,"""gauntlet""","DefiLlama (token breakdown of value locked, per protocol)","""2026-10-07""",CC BY 4.0,https://creativecommons.org/licenses/by/4.0/,Luca Valente,"CC BY 4.0 applies to the original compilation and editorial work by Luca Valente. Underlying third-party data retain their source terms, including Coin Metrics CC BY-NC 4.0 where indicated; this export does not replace those terms."
real_money_flows,2026-10-07,/blocchi/0/esclusi/33/motivo,"""category Risk Curators is not counted""","DefiLlama (token breakdown of value locked, per protocol)","""2026-10-07""",CC BY 4.0,https://creativecommons.org/licenses/by/4.0/,Luca Valente,"CC BY 4.0 applies to the original compilation and editorial work by Luca Valente. Underlying third-party data retain their source terms, including Coin Metrics CC BY-NC 4.0 where indicated; this export does not replace those terms."
real_money_flows,2026-10-07,/blocchi/0/esclusi/34/slug,"""grove-finance""","DefiLlama (token breakdown of value locked, per protocol)","""2026-10-07""",CC BY 4.0,https://creativecommons.org/licenses/by/4.0/,Luca Valente,"CC BY 4.0 applies to the original compilation and editorial work by Luca Valente. Underlying third-party data retain their source terms, including Coin Metrics CC BY-NC 4.0 where indicated; this export does not replace those terms."
real_money_flows,2026-10-07,/blocchi/0/esclusi/34/motivo,"""category Onchain Capital Allocator is not counted""","DefiLlama (token breakdown of value locked, per protocol)","""2026-10-07""",CC BY 4.0,https://creativecommons.org/licenses/by/4.0/,Luca Valente,"CC BY 4.0 applies to the original compilation and editorial work by Luca Valente. Underlying third-party data retain their source terms, including Coin Metrics CC BY-NC 4.0 where indicated; this export does not replace those terms."
real_money_flows,2026-10-07,/blocchi/0/esclusi/35/slug,"""hyperithm""","DefiLlama (token breakdown of value locked, per protocol)","""2026-10-07""",CC BY 4.0,https://creativecommons.org/licenses/by/4.0/,Luca Valente,"CC BY 4.0 applies to the original compilation and editorial work by Luca Valente. Underlying third-party data retain their source terms, including Coin Metrics CC BY-NC 4.0 where indicated; this export does not replace those terms."
real_money_flows,2026-10-07,/blocchi/0/esclusi/35/motivo,"""category Risk Curators is not counted""","DefiLlama (token breakdown of value locked, per protocol)","""2026-10-07""",CC BY 4.0,https://creativecommons.org/licenses/by/4.0/,Luca Valente,"CC BY 4.0 applies to the original compilation and editorial work by Luca Valente. Underlying third-party data retain their source terms, including Coin Metrics CC BY-NC 4.0 where indicated; this export does not replace those terms."
real_money_flows,2026-10-07,/blocchi/0/esclusi/36/slug,"""hyperliquid-bridge""","DefiLlama (token breakdown of value locked, per protocol)","""2026-10-07""",CC BY 4.0,https://creativecommons.org/licenses/by/4.0/,Luca Valente,"CC BY 4.0 applies to the original compilation and editorial work by Luca Valente. Underlying third-party data retain their source terms, including Coin Metrics CC BY-NC 4.0 where indicated; this export does not replace those terms."
real_money_flows,2026-10-07,/blocchi/0/esclusi/36/motivo,"""bridge not in the public list""","DefiLlama (token breakdown of value locked, per protocol)","""2026-10-07""",CC BY 4.0,https://creativecommons.org/licenses/by/4.0/,Luca Valente,"CC BY 4.0 applies to the original compilation and editorial work by Luca Valente. Underlying third-party data retain their source terms, including Coin Metrics CC BY-NC 4.0 where indicated; this export does not replace those terms."
real_money_flows,2026-10-07,/blocchi/0/esclusi/37/slug,"""justcryptos""","DefiLlama (token breakdown of value locked, per protocol)","""2026-10-07""",CC BY 4.0,https://creativecommons.org/licenses/by/4.0/,Luca Valente,"CC BY 4.0 applies to the original compilation and editorial work by Luca Valente. Underlying third-party data retain their source terms, including Coin Metrics CC BY-NC 4.0 where indicated; this export does not replace those terms."
real_money_flows,2026-10-07,/blocchi/0/esclusi/37/motivo,"""bridge not in the public list""","DefiLlama (token breakdown of value locked, per protocol)","""2026-10-07""",CC BY 4.0,https://creativecommons.org/licenses/by/4.0/,Luca Valente,"CC BY 4.0 applies to the original compilation and editorial work by Luca Valente. Underlying third-party data retain their source terms, including Coin Metrics CC BY-NC 4.0 where indicated; this export does not replace those terms."
real_money_flows,2026-10-07,/blocchi/0/esclusi/38/slug,"""k3-capital""","DefiLlama (token breakdown of value locked, per protocol)","""2026-10-07""",CC BY 4.0,https://creativecommons.org/licenses/by/4.0/,Luca Valente,"CC BY 4.0 applies to the original compilation and editorial work by Luca Valente. Underlying third-party data retain their source terms, including Coin Metrics CC BY-NC 4.0 where indicated; this export does not replace those terms."
real_money_flows,2026-10-07,/blocchi/0/esclusi/38/motivo,"""category Risk Curators is not counted""","DefiLlama (token breakdown of value locked, per protocol)","""2026-10-07""",CC BY 4.0,https://creativecommons.org/licenses/by/4.0/,Luca Valente,"CC BY 4.0 applies to the original compilation and editorial work by Luca Valente. Underlying third-party data retain their source terms, including Coin Metrics CC BY-NC 4.0 where indicated; this export does not replace those terms."
real_money_flows,2026-10-07,/blocchi/0/esclusi/39/slug,"""kpk""","DefiLlama (token breakdown of value locked, per protocol)","""2026-10-07""",CC BY 4.0,https://creativecommons.org/licenses/by/4.0/,Luca Valente,"CC BY 4.0 applies to the original compilation and editorial work by Luca Valente. Underlying third-party data retain their source terms, including Coin Metrics CC BY-NC 4.0 where indicated; this export does not replace those terms."
real_money_flows,2026-10-07,/blocchi/0/esclusi/39/motivo,"""category Risk Curators is not counted""","DefiLlama (token breakdown of value locked, per protocol)","""2026-10-07""",CC BY 4.0,https://creativecommons.org/licenses/by/4.0/,Luca Valente,"CC BY 4.0 applies to the original compilation and editorial work by Luca Valente. Underlying third-party data retain their source terms, including Coin Metrics CC BY-NC 4.0 where indicated; this export does not replace those terms."
real_money_flows,2026-10-07,/blocchi/0/esclusi/40/slug,"""kraken-bitcoin""","DefiLlama (token breakdown of value locked, per protocol)","""2026-10-07""",CC BY 4.0,https://creativecommons.org/licenses/by/4.0/,Luca Valente,"CC BY 4.0 applies to the original compilation and editorial work by Luca Valente. Underlying third-party data retain their source terms, including Coin Metrics CC BY-NC 4.0 where indicated; this export does not replace those terms."
real_money_flows,2026-10-07,/blocchi/0/esclusi/40/motivo,"""bridge not in the public list""","DefiLlama (token breakdown of value locked, per protocol)","""2026-10-07""",CC BY 4.0,https://creativecommons.org/licenses/by/4.0/,Luca Valente,"CC BY 4.0 applies to the original compilation and editorial work by Luca Valente. Underlying third-party data retain their source terms, including Coin Metrics CC BY-NC 4.0 where indicated; this export does not replace those terms."
real_money_flows,2026-10-07,/blocchi/0/esclusi/41/slug,"""lagoon""","DefiLlama (token breakdown of value locked, per protocol)","""2026-10-07""",CC BY 4.0,https://creativecommons.org/licenses/by/4.0/,Luca Valente,"CC BY 4.0 applies to the original compilation and editorial work by Luca Valente. Underlying third-party data retain their source terms, including Coin Metrics CC BY-NC 4.0 where indicated; this export does not replace those terms."
real_money_flows,2026-10-07,/blocchi/0/esclusi/41/motivo,"""category Onchain Capital Allocator is not counted""","DefiLlama (token breakdown of value locked, per protocol)","""2026-10-07""",CC BY 4.0,https://creativecommons.org/licenses/by/4.0/,Luca Valente,"CC BY 4.0 applies to the original compilation and editorial work by Luca Valente. Underlying third-party data retain their source terms, including Coin Metrics CC BY-NC 4.0 where indicated; this export does not replace those terms."
real_money_flows,2026-10-07,/blocchi/0/esclusi/42/slug,"""layerzero-v2""","DefiLlama (token breakdown of value locked, per protocol)","""2026-10-07""",CC BY 4.0,https://creativecommons.org/licenses/by/4.0/,Luca Valente,"CC BY 4.0 applies to the original compilation and editorial work by Luca Valente. Underlying third-party data retain their source terms, including Coin Metrics CC BY-NC 4.0 where indicated; this export does not replace those terms."
real_money_flows,2026-10-07,/blocchi/0/esclusi/42/motivo,"""bridge not in the public list""","DefiLlama (token breakdown of value locked, per protocol)","""2026-10-07""",CC BY 4.0,https://creativecommons.org/licenses/by/4.0/,Luca Valente,"CC BY 4.0 applies to the original compilation and editorial work by Luca Valente. Underlying third-party data retain their source terms, including Coin Metrics CC BY-NC 4.0 where indicated; this export does not replace those terms."
real_money_flows,2026-10-07,/blocchi/0/esclusi/43/slug,"""lighter-bridge""","DefiLlama (token breakdown of value locked, per protocol)","""2026-10-07""",CC BY 4.0,https://creativecommons.org/licenses/by/4.0/,Luca Valente,"CC BY 4.0 applies to the original compilation and editorial work by Luca Valente. Underlying third-party data retain their source terms, including Coin Metrics CC BY-NC 4.0 where indicated; this export does not replace those terms."
real_money_flows,2026-10-07,/blocchi/0/esclusi/43/motivo,"""bridge not in the public list""","DefiLlama (token breakdown of value locked, per protocol)","""2026-10-07""",CC BY 4.0,https://creativecommons.org/licenses/by/4.0/,Luca Valente,"CC BY 4.0 applies to the original compilation and editorial work by Luca Valente. Underlying third-party data retain their source terms, including Coin Metrics CC BY-NC 4.0 where indicated; this export does not replace those terms."
real_money_flows,2026-10-07,/blocchi/0/esclusi/44/slug,"""linea-bridge""","DefiLlama (token breakdown of value locked, per protocol)","""2026-10-07""",CC BY 4.0,https://creativecommons.org/licenses/by/4.0/,Luca Valente,"CC BY 4.0 applies to the original compilation and editorial work by Luca Valente. Underlying third-party data retain their source terms, including Coin Metrics CC BY-NC 4.0 where indicated; this export does not replace those terms."
real_money_flows,2026-10-07,/blocchi/0/esclusi/44/motivo,"""category Canonical Bridge is not counted""","DefiLlama (token breakdown of value locked, per protocol)","""2026-10-07""",CC BY 4.0,https://creativecommons.org/licenses/by/4.0/,Luca Valente,"CC BY 4.0 applies to the original compilation and editorial work by Luca Valente. Underlying third-party data retain their source terms, including Coin Metrics CC BY-NC 4.0 where indicated; this export does not replace those terms."
real_money_flows,2026-10-07,/blocchi/0/esclusi/45/slug,"""liquid-collective""","DefiLlama (token breakdown of value locked, per protocol)","""2026-10-07""",CC BY 4.0,https://creativecommons.org/licenses/by/4.0/,Luca Valente,"CC BY 4.0 applies to the original compilation and editorial work by Luca Valente. Underlying third-party data retain their source terms, including Coin Metrics CC BY-NC 4.0 where indicated; this export does not replace those terms."
real_money_flows,2026-10-07,/blocchi/0/esclusi/45/motivo,"""custodial product""","DefiLlama (token breakdown of value locked, per protocol)","""2026-10-07""",CC BY 4.0,https://creativecommons.org/licenses/by/4.0/,Luca Valente,"CC BY 4.0 applies to the original compilation and editorial work by Luca Valente. Underlying third-party data retain their source terms, including Coin Metrics CC BY-NC 4.0 where indicated; this export does not replace those terms."
real_money_flows,2026-10-07,/blocchi/0/esclusi/46/slug,"""lisk-bridge""","DefiLlama (token breakdown of value locked, per protocol)","""2026-10-07""",CC BY 4.0,https://creativecommons.org/licenses/by/4.0/,Luca Valente,"CC BY 4.0 applies to the original compilation and editorial work by Luca Valente. Underlying third-party data retain their source terms, including Coin Metrics CC BY-NC 4.0 where indicated; this export does not replace those terms."
real_money_flows,2026-10-07,/blocchi/0/esclusi/46/motivo,"""category Canonical Bridge is not counted""","DefiLlama (token breakdown of value locked, per protocol)","""2026-10-07""",CC BY 4.0,https://creativecommons.org/licenses/by/4.0/,Luca Valente,"CC BY 4.0 applies to the original compilation and editorial work by Luca Valente. Underlying third-party data retain their source terms, including Coin Metrics CC BY-NC 4.0 where indicated; this export does not replace those terms."
real_money_flows,2026-10-07,/blocchi/0/esclusi/47/slug,"""lombard-btc.b""","DefiLlama (token breakdown of value locked, per protocol)","""2026-10-07""",CC BY 4.0,https://creativecommons.org/licenses/by/4.0/,Luca Valente,"CC BY 4.0 applies to the original compilation and editorial work by Luca Valente. Underlying third-party data retain their source terms, including Coin Metrics CC BY-NC 4.0 where indicated; this export does not replace those terms."
real_money_flows,2026-10-07,/blocchi/0/esclusi/47/motivo,"""bridge not in the public list""","DefiLlama (token breakdown of value locked, per protocol)","""2026-10-07""",CC BY 4.0,https://creativecommons.org/licenses/by/4.0/,Luca Valente,"CC BY 4.0 applies to the original compilation and editorial work by Luca Valente. Underlying third-party data retain their source terms, including Coin Metrics CC BY-NC 4.0 where indicated; this export does not replace those terms."
real_money_flows,2026-10-07,/blocchi/0/esclusi/48/slug,"""lorenzo-enzobtc""","DefiLlama (token breakdown of value locked, per protocol)","""2026-10-07""",CC BY 4.0,https://creativecommons.org/licenses/by/4.0/,Luca Valente,"CC BY 4.0 applies to the original compilation and editorial work by Luca Valente. Underlying third-party data retain their source terms, including Coin Metrics CC BY-NC 4.0 where indicated; this export does not replace those terms."
real_money_flows,2026-10-07,/blocchi/0/esclusi/48/motivo,"""bridge not in the public list""","DefiLlama (token breakdown of value locked, per protocol)","""2026-10-07""",CC BY 4.0,https://creativecommons.org/licenses/by/4.0/,Luca Valente,"CC BY 4.0 applies to the original compilation and editorial work by Luca Valente. Underlying third-party data retain their source terms, including Coin Metrics CC BY-NC 4.0 where indicated; this export does not replace those terms."
real_money_flows,2026-10-07,/blocchi/0/esclusi/49/slug,"""mellow-core""","DefiLlama (token breakdown of value locked, per protocol)","""2026-10-07""",CC BY 4.0,https://creativecommons.org/licenses/by/4.0/,Luca Valente,"CC BY 4.0 applies to the original compilation and editorial work by Luca Valente. Underlying third-party data retain their source terms, including Coin Metrics CC BY-NC 4.0 where indicated; this export does not replace those terms."
real_money_flows,2026-10-07,/blocchi/0/esclusi/49/motivo,"""category Onchain Capital Allocator is not counted""","DefiLlama (token breakdown of value locked, per protocol)","""2026-10-07""",CC BY 4.0,https://creativecommons.org/licenses/by/4.0/,Luca Valente,"CC BY 4.0 applies to the original compilation and editorial work by Luca Valente. Underlying third-party data retain their source terms, including Coin Metrics CC BY-NC 4.0 where indicated; this export does not replace those terms."
real_money_flows,2026-10-07,/blocchi/0/esclusi/50/slug,"""merlins-seal""","DefiLlama (token breakdown of value locked, per protocol)","""2026-10-07""",CC BY 4.0,https://creativecommons.org/licenses/by/4.0/,Luca Valente,"CC BY 4.0 applies to the original compilation and editorial work by Luca Valente. Underlying third-party data retain their source terms, including Coin Metrics CC BY-NC 4.0 where indicated; this export does not replace those terms."
real_money_flows,2026-10-07,/blocchi/0/esclusi/50/motivo,"""bridge not in the public list""","DefiLlama (token breakdown of value locked, per protocol)","""2026-10-07""",CC BY 4.0,https://creativecommons.org/licenses/by/4.0/,Luca Valente,"CC BY 4.0 applies to the original compilation and editorial work by Luca Valente. Underlying third-party data retain their source terms, including Coin Metrics CC BY-NC 4.0 where indicated; this export does not replace those terms."
real_money_flows,2026-10-07,/blocchi/0/esclusi/51/slug,"""mexc""","DefiLlama (token breakdown of value locked, per protocol)","""2026-10-07""",CC BY 4.0,https://creativecommons.org/licenses/by/4.0/,Luca Valente,"CC BY 4.0 applies to the original compilation and editorial work by Luca Valente. Underlying third-party data retain their source terms, including Coin Metrics CC BY-NC 4.0 where indicated; this export does not replace those terms."
real_money_flows,2026-10-07,/blocchi/0/esclusi/51/motivo,"""category CEX is not counted""","DefiLlama (token breakdown of value locked, per protocol)","""2026-10-07""",CC BY 4.0,https://creativecommons.org/licenses/by/4.0/,Luca Valente,"CC BY 4.0 applies to the original compilation and editorial work by Luca Valente. Underlying third-party data retain their source terms, including Coin Metrics CC BY-NC 4.0 where indicated; this export does not replace those terms."
real_money_flows,2026-10-07,/blocchi/0/esclusi/52/slug,"""near-bridge""","DefiLlama (token breakdown of value locked, per protocol)","""2026-10-07""",CC BY 4.0,https://creativecommons.org/licenses/by/4.0/,Luca Valente,"CC BY 4.0 applies to the original compilation and editorial work by Luca Valente. Underlying third-party data retain their source terms, including Coin Metrics CC BY-NC 4.0 where indicated; this export does not replace those terms."
real_money_flows,2026-10-07,/blocchi/0/esclusi/52/motivo,"""category Canonical Bridge is not counted""","DefiLlama (token breakdown of value locked, per protocol)","""2026-10-07""",CC BY 4.0,https://creativecommons.org/licenses/by/4.0/,Luca Valente,"CC BY 4.0 applies to the original compilation and editorial work by Luca Valente. Underlying third-party data retain their source terms, including Coin Metrics CC BY-NC 4.0 where indicated; this export does not replace those terms."
real_money_flows,2026-10-07,/blocchi/0/esclusi/53/slug,"""near-intents""","DefiLlama (token breakdown of value locked, per protocol)","""2026-10-07""",CC BY 4.0,https://creativecommons.org/licenses/by/4.0/,Luca Valente,"CC BY 4.0 applies to the original compilation and editorial work by Luca Valente. Underlying third-party data retain their source terms, including Coin Metrics CC BY-NC 4.0 where indicated; this export does not replace those terms."
real_money_flows,2026-10-07,/blocchi/0/esclusi/53/motivo,"""bridge not in the public list""","DefiLlama (token breakdown of value locked, per protocol)","""2026-10-07""",CC BY 4.0,https://creativecommons.org/licenses/by/4.0/,Luca Valente,"CC BY 4.0 applies to the original compilation and editorial work by Luca Valente. Underlying third-party data retain their source terms, including Coin Metrics CC BY-NC 4.0 where indicated; this export does not replace those terms."
real_money_flows,2026-10-07,/blocchi/0/esclusi/54/slug,"""nexo""","DefiLlama (token breakdown of value locked, per protocol)","""2026-10-07""",CC BY 4.0,https://creativecommons.org/licenses/by/4.0/,Luca Valente,"CC BY 4.0 applies to the original compilation and editorial work by Luca Valente. Underlying third-party data retain their source terms, including Coin Metrics CC BY-NC 4.0 where indicated; this export does not replace those terms."
real_money_flows,2026-10-07,/blocchi/0/esclusi/54/motivo,"""category CEX is not counted""","DefiLlama (token breakdown of value locked, per protocol)","""2026-10-07""",CC BY 4.0,https://creativecommons.org/licenses/by/4.0/,Luca Valente,"CC BY 4.0 applies to the original compilation and editorial work by Luca Valente. Underlying third-party data retain their source terms, including Coin Metrics CC BY-NC 4.0 where indicated; this export does not replace those terms."
real_money_flows,2026-10-07,/blocchi/0/esclusi/55/slug,"""nexus-btc""","DefiLlama (token breakdown of value locked, per protocol)","""2026-10-07""",CC BY 4.0,https://creativecommons.org/licenses/by/4.0/,Luca Valente,"CC BY 4.0 applies to the original compilation and editorial work by Luca Valente. Underlying third-party data retain their source terms, including Coin Metrics CC BY-NC 4.0 where indicated; this export does not replace those terms."
real_money_flows,2026-10-07,/blocchi/0/esclusi/55/motivo,"""bridge not in the public list""","DefiLlama (token breakdown of value locked, per protocol)","""2026-10-07""",CC BY 4.0,https://creativecommons.org/licenses/by/4.0/,Luca Valente,"CC BY 4.0 applies to the original compilation and editorial work by Luca Valente. Underlying third-party data retain their source terms, including Coin Metrics CC BY-NC 4.0 where indicated; this export does not replace those terms."
real_money_flows,2026-10-07,/blocchi/0/esclusi/56/slug,"""nonce-capital""","DefiLlama (token breakdown of value locked, per protocol)","""2026-10-07""",CC BY 4.0,https://creativecommons.org/licenses/by/4.0/,Luca Valente,"CC BY 4.0 applies to the original compilation and editorial work by Luca Valente. Underlying third-party data retain their source terms, including Coin Metrics CC BY-NC 4.0 where indicated; this export does not replace those terms."
real_money_flows,2026-10-07,/blocchi/0/esclusi/56/motivo,"""category Risk Curators is not counted""","DefiLlama (token breakdown of value locked, per protocol)","""2026-10-07""",CC BY 4.0,https://creativecommons.org/licenses/by/4.0/,Luca Valente,"CC BY 4.0 applies to the original compilation and editorial work by Luca Valente. Underlying third-party data retain their source terms, including Coin Metrics CC BY-NC 4.0 where indicated; this export does not replace those terms."
real_money_flows,2026-10-07,/blocchi/0/esclusi/57/slug,"""okx""","DefiLlama (token breakdown of value locked, per protocol)","""2026-10-07""",CC BY 4.0,https://creativecommons.org/licenses/by/4.0/,Luca Valente,"CC BY 4.0 applies to the original compilation and editorial work by Luca Valente. Underlying third-party data retain their source terms, including Coin Metrics CC BY-NC 4.0 where indicated; this export does not replace those terms."
real_money_flows,2026-10-07,/blocchi/0/esclusi/57/motivo,"""category CEX is not counted""","DefiLlama (token breakdown of value locked, per protocol)","""2026-10-07""",CC BY 4.0,https://creativecommons.org/licenses/by/4.0/,Luca Valente,"CC BY 4.0 applies to the original compilation and editorial work by Luca Valente. Underlying third-party data retain their source terms, including Coin Metrics CC BY-NC 4.0 where indicated; this export does not replace those terms."
real_money_flows,2026-10-07,/blocchi/0/esclusi/58/slug,"""robinhood-chain-bridge""","DefiLlama (token breakdown of value locked, per protocol)","""2026-10-07""",CC BY 4.0,https://creativecommons.org/licenses/by/4.0/,Luca Valente,"CC BY 4.0 applies to the original compilation and editorial work by Luca Valente. Underlying third-party data retain their source terms, including Coin Metrics CC BY-NC 4.0 where indicated; this export does not replace those terms."
real_money_flows,2026-10-07,/blocchi/0/esclusi/58/motivo,"""category Canonical Bridge is not counted""","DefiLlama (token breakdown of value locked, per protocol)","""2026-10-07""",CC BY 4.0,https://creativecommons.org/licenses/by/4.0/,Luca Valente,"CC BY 4.0 applies to the original compilation and editorial work by Luca Valente. Underlying third-party data retain their source terms, including Coin Metrics CC BY-NC 4.0 where indicated; this export does not replace those terms."
real_money_flows,2026-10-07,/blocchi/0/esclusi/59/slug,"""rockawayx""","DefiLlama (token breakdown of value locked, per protocol)","""2026-10-07""",CC BY 4.0,https://creativecommons.org/licenses/by/4.0/,Luca Valente,"CC BY 4.0 applies to the original compilation and editorial work by Luca Valente. Underlying third-party data retain their source terms, including Coin Metrics CC BY-NC 4.0 where indicated; this export does not replace those terms."
real_money_flows,2026-10-07,/blocchi/0/esclusi/59/motivo,"""category Risk Curators is not counted""","DefiLlama (token breakdown of value locked, per protocol)","""2026-10-07""",CC BY 4.0,https://creativecommons.org/licenses/by/4.0/,Luca Valente,"CC BY 4.0 applies to the original compilation and editorial work by Luca Valente. Underlying third-party data retain their source terms, including Coin Metrics CC BY-NC 4.0 where indicated; this export does not replace those terms."
real_money_flows,2026-10-07,/blocchi/0/esclusi/60/slug,"""ronin-bridge""","DefiLlama (token breakdown of value locked, per protocol)","""2026-10-07""",CC BY 4.0,https://creativecommons.org/licenses/by/4.0/,Luca Valente,"CC BY 4.0 applies to the original compilation and editorial work by Luca Valente. Underlying third-party data retain their source terms, including Coin Metrics CC BY-NC 4.0 where indicated; this export does not replace those terms."
real_money_flows,2026-10-07,/blocchi/0/esclusi/60/motivo,"""category Canonical Bridge is not counted""","DefiLlama (token breakdown of value locked, per protocol)","""2026-10-07""",CC BY 4.0,https://creativecommons.org/licenses/by/4.0/,Luca Valente,"CC BY 4.0 applies to the original compilation and editorial work by Luca Valente. Underlying third-party data retain their source terms, including Coin Metrics CC BY-NC 4.0 where indicated; this export does not replace those terms."
real_money_flows,2026-10-07,/blocchi/0/esclusi/61/slug,"""sentora-curator""","DefiLlama (token breakdown of value locked, per protocol)","""2026-10-07""",CC BY 4.0,https://creativecommons.org/licenses/by/4.0/,Luca Valente,"CC BY 4.0 applies to the original compilation and editorial work by Luca Valente. Underlying third-party data retain their source terms, including Coin Metrics CC BY-NC 4.0 where indicated; this export does not replace those terms."
real_money_flows,2026-10-07,/blocchi/0/esclusi/61/motivo,"""category Risk Curators is not counted""","DefiLlama (token breakdown of value locked, per protocol)","""2026-10-07""",CC BY 4.0,https://creativecommons.org/licenses/by/4.0/,Luca Valente,"CC BY 4.0 applies to the original compilation and editorial work by Luca Valente. Underlying third-party data retain their source terms, including Coin Metrics CC BY-NC 4.0 where indicated; this export does not replace those terms."
real_money_flows,2026-10-07,/blocchi/0/esclusi/62/slug,"""sky-money""","DefiLlama (token breakdown of value locked, per protocol)","""2026-10-07""",CC BY 4.0,https://creativecommons.org/licenses/by/4.0/,Luca Valente,"CC BY 4.0 applies to the original compilation and editorial work by Luca Valente. Underlying third-party data retain their source terms, including Coin Metrics CC BY-NC 4.0 where indicated; this export does not replace those terms."
real_money_flows,2026-10-07,/blocchi/0/esclusi/62/motivo,"""category Risk Curators is not counted""","DefiLlama (token breakdown of value locked, per protocol)","""2026-10-07""",CC BY 4.0,https://creativecommons.org/licenses/by/4.0/,Luca Valente,"CC BY 4.0 applies to the original compilation and editorial work by Luca Valente. Underlying third-party data retain their source terms, including Coin Metrics CC BY-NC 4.0 where indicated; this export does not replace those terms."
real_money_flows,2026-10-07,/blocchi/0/esclusi/63/slug,"""solvbtc""","DefiLlama (token breakdown of value locked, per protocol)","""2026-10-07""",CC BY 4.0,https://creativecommons.org/licenses/by/4.0/,Luca Valente,"CC BY 4.0 applies to the original compilation and editorial work by Luca Valente. Underlying third-party data retain their source terms, including Coin Metrics CC BY-NC 4.0 where indicated; this export does not replace those terms."
real_money_flows,2026-10-07,/blocchi/0/esclusi/63/motivo,"""bridge not in the public list""","DefiLlama (token breakdown of value locked, per protocol)","""2026-10-07""",CC BY 4.0,https://creativecommons.org/licenses/by/4.0/,Luca Valente,"CC BY 4.0 applies to the original compilation and editorial work by Luca Valente. Underlying third-party data retain their source terms, including Coin Metrics CC BY-NC 4.0 where indicated; this export does not replace those terms."
real_money_flows,2026-10-07,/blocchi/0/esclusi/64/slug,"""soon""","DefiLlama (token breakdown of value locked, per protocol)","""2026-10-07""",CC BY 4.0,https://creativecommons.org/licenses/by/4.0/,Luca Valente,"CC BY 4.0 applies to the original compilation and editorial work by Luca Valente. Underlying third-party data retain their source terms, including Coin Metrics CC BY-NC 4.0 where indicated; this export does not replace those terms."
real_money_flows,2026-10-07,/blocchi/0/esclusi/64/motivo,"""category Chain is not counted""","DefiLlama (token breakdown of value locked, per protocol)","""2026-10-07""",CC BY 4.0,https://creativecommons.org/licenses/by/4.0/,Luca Valente,"CC BY 4.0 applies to the original compilation and editorial work by Luca Valente. Underlying third-party data retain their source terms, including Coin Metrics CC BY-NC 4.0 where indicated; this export does not replace those terms."
real_money_flows,2026-10-07,/blocchi/0/esclusi/65/slug,"""spark-liquidity-layer""","DefiLlama (token breakdown of value locked, per protocol)","""2026-10-07""",CC BY 4.0,https://creativecommons.org/licenses/by/4.0/,Luca Valente,"CC BY 4.0 applies to the original compilation and editorial work by Luca Valente. Underlying third-party data retain their source terms, including Coin Metrics CC BY-NC 4.0 where indicated; this export does not replace those terms."
real_money_flows,2026-10-07,/blocchi/0/esclusi/65/motivo,"""category Onchain Capital Allocator is not counted""","DefiLlama (token breakdown of value locked, per protocol)","""2026-10-07""",CC BY 4.0,https://creativecommons.org/licenses/by/4.0/,Luca Valente,"CC BY 4.0 applies to the original compilation and editorial work by Luca Valente. Underlying third-party data retain their source terms, including Coin Metrics CC BY-NC 4.0 where indicated; this export does not replace those terms."
real_money_flows,2026-10-07,/blocchi/0/esclusi/66/slug,"""ssv-network""","DefiLlama (token breakdown of value locked, per protocol)","""2026-10-07""",CC BY 4.0,https://creativecommons.org/licenses/by/4.0/,Luca Valente,"CC BY 4.0 applies to the original compilation and editorial work by Luca Valente. Underlying third-party data retain their source terms, including Coin Metrics CC BY-NC 4.0 where indicated; this export does not replace those terms."
real_money_flows,2026-10-07,/blocchi/0/esclusi/66/motivo,"""infrastructure or restaking: counted in the protocols that use it""","DefiLlama (token breakdown of value locked, per protocol)","""2026-10-07""",CC BY 4.0,https://creativecommons.org/licenses/by/4.0/,Luca Valente,"CC BY 4.0 applies to the original compilation and editorial work by Luca Valente. Underlying third-party data retain their source terms, including Coin Metrics CC BY-NC 4.0 where indicated; this export does not replace those terms."
real_money_flows,2026-10-07,/blocchi/0/esclusi/67/slug,"""stacks-sbtc""","DefiLlama (token breakdown of value locked, per protocol)","""2026-10-07""",CC BY 4.0,https://creativecommons.org/licenses/by/4.0/,Luca Valente,"CC BY 4.0 applies to the original compilation and editorial work by Luca Valente. Underlying third-party data retain their source terms, including Coin Metrics CC BY-NC 4.0 where indicated; this export does not replace those terms."
real_money_flows,2026-10-07,/blocchi/0/esclusi/67/motivo,"""bridge not in the public list""","DefiLlama (token breakdown of value locked, per protocol)","""2026-10-07""",CC BY 4.0,https://creativecommons.org/licenses/by/4.0/,Luca Valente,"CC BY 4.0 applies to the original compilation and editorial work by Luca Valente. Underlying third-party data retain their source terms, including Coin Metrics CC BY-NC 4.0 where indicated; this export does not replace those terms."
real_money_flows,2026-10-07,/blocchi/0/esclusi/68/slug,"""stacks-staking""","DefiLlama (token breakdown of value locked, per protocol)","""2026-10-07""",CC BY 4.0,https://creativecommons.org/licenses/by/4.0/,Luca Valente,"CC BY 4.0 applies to the original compilation and editorial work by Luca Valente. Underlying third-party data retain their source terms, including Coin Metrics CC BY-NC 4.0 where indicated; this export does not replace those terms."
real_money_flows,2026-10-07,/blocchi/0/esclusi/68/motivo,"""category Chain is not counted""","DefiLlama (token breakdown of value locked, per protocol)","""2026-10-07""",CC BY 4.0,https://creativecommons.org/licenses/by/4.0/,Luca Valente,"CC BY 4.0 applies to the original compilation and editorial work by Luca Valente. Underlying third-party data retain their source terms, including Coin Metrics CC BY-NC 4.0 where indicated; this export does not replace those terms."
real_money_flows,2026-10-07,/blocchi/0/esclusi/69/slug,"""stargate-v2""","DefiLlama (token breakdown of value locked, per protocol)","""2026-10-07""",CC BY 4.0,https://creativecommons.org/licenses/by/4.0/,Luca Valente,"CC BY 4.0 applies to the original compilation and editorial work by Luca Valente. Underlying third-party data retain their source terms, including Coin Metrics CC BY-NC 4.0 where indicated; this export does not replace those terms."
real_money_flows,2026-10-07,/blocchi/0/esclusi/69/motivo,"""cross chain bridge not in the public list""","DefiLlama (token breakdown of value locked, per protocol)","""2026-10-07""",CC BY 4.0,https://creativecommons.org/licenses/by/4.0/,Luca Valente,"CC BY 4.0 applies to the original compilation and editorial work by Luca Valente. Underlying third-party data retain their source terms, including Coin Metrics CC BY-NC 4.0 where indicated; this export does not replace those terms."
real_money_flows,2026-10-07,/blocchi/0/esclusi/70/slug,"""steakhouse-financial""","DefiLlama (token breakdown of value locked, per protocol)","""2026-10-07""",CC BY 4.0,https://creativecommons.org/licenses/by/4.0/,Luca Valente,"CC BY 4.0 applies to the original compilation and editorial work by Luca Valente. Underlying third-party data retain their source terms, including Coin Metrics CC BY-NC 4.0 where indicated; this export does not replace those terms."
real_money_flows,2026-10-07,/blocchi/0/esclusi/70/motivo,"""category Risk Curators is not counted""","DefiLlama (token breakdown of value locked, per protocol)","""2026-10-07""",CC BY 4.0,https://creativecommons.org/licenses/by/4.0/,Luca Valente,"CC BY 4.0 applies to the original compilation and editorial work by Luca Valente. Underlying third-party data retain their source terms, including Coin Metrics CC BY-NC 4.0 where indicated; this export does not replace those terms."
real_money_flows,2026-10-07,/blocchi/0/esclusi/71/slug,"""swissborg""","DefiLlama (token breakdown of value locked, per protocol)","""2026-10-07""",CC BY 4.0,https://creativecommons.org/licenses/by/4.0/,Luca Valente,"CC BY 4.0 applies to the original compilation and editorial work by Luca Valente. Underlying third-party data retain their source terms, including Coin Metrics CC BY-NC 4.0 where indicated; this export does not replace those terms."
real_money_flows,2026-10-07,/blocchi/0/esclusi/71/motivo,"""category CEX is not counted""","DefiLlama (token breakdown of value locked, per protocol)","""2026-10-07""",CC BY 4.0,https://creativecommons.org/licenses/by/4.0/,Luca Valente,"CC BY 4.0 applies to the original compilation and editorial work by Luca Valente. Underlying third-party data retain their source terms, including Coin Metrics CC BY-NC 4.0 where indicated; this export does not replace those terms."
real_money_flows,2026-10-07,/blocchi/0/esclusi/72/slug,"""symbiotic""","DefiLlama (token breakdown of value locked, per protocol)","""2026-10-07""",CC BY 4.0,https://creativecommons.org/licenses/by/4.0/,Luca Valente,"CC BY 4.0 applies to the original compilation and editorial work by Luca Valente. Underlying third-party data retain their source terms, including Coin Metrics CC BY-NC 4.0 where indicated; this export does not replace those terms."
real_money_flows,2026-10-07,/blocchi/0/esclusi/72/motivo,"""infrastructure or restaking: counted in the protocols that use it""","DefiLlama (token breakdown of value locked, per protocol)","""2026-10-07""",CC BY 4.0,https://creativecommons.org/licenses/by/4.0/,Luca Valente,"CC BY 4.0 applies to the original compilation and editorial work by Luca Valente. Underlying third-party data retain their source terms, including Coin Metrics CC BY-NC 4.0 where indicated; this export does not replace those terms."
real_money_flows,2026-10-07,/blocchi/0/esclusi/73/slug,"""telos-consilium""","DefiLlama (token breakdown of value locked, per protocol)","""2026-10-07""",CC BY 4.0,https://creativecommons.org/licenses/by/4.0/,Luca Valente,"CC BY 4.0 applies to the original compilation and editorial work by Luca Valente. Underlying third-party data retain their source terms, including Coin Metrics CC BY-NC 4.0 where indicated; this export does not replace those terms."
real_money_flows,2026-10-07,/blocchi/0/esclusi/73/motivo,"""category Risk Curators is not counted""","DefiLlama (token breakdown of value locked, per protocol)","""2026-10-07""",CC BY 4.0,https://creativecommons.org/licenses/by/4.0/,Luca Valente,"CC BY 4.0 applies to the original compilation and editorial work by Luca Valente. Underlying third-party data retain their source terms, including Coin Metrics CC BY-NC 4.0 where indicated; this export does not replace those terms."
real_money_flows,2026-10-07,/blocchi/0/esclusi/74/slug,"""unit""","DefiLlama (token breakdown of value locked, per protocol)","""2026-10-07""",CC BY 4.0,https://creativecommons.org/licenses/by/4.0/,Luca Valente,"CC BY 4.0 applies to the original compilation and editorial work by Luca Valente. Underlying third-party data retain their source terms, including Coin Metrics CC BY-NC 4.0 where indicated; this export does not replace those terms."
real_money_flows,2026-10-07,/blocchi/0/esclusi/74/motivo,"""bridge not in the public list""","DefiLlama (token breakdown of value locked, per protocol)","""2026-10-07""",CC BY 4.0,https://creativecommons.org/licenses/by/4.0/,Luca Valente,"CC BY 4.0 applies to the original compilation and editorial work by Luca Valente. Underlying third-party data retain their source terms, including Coin Metrics CC BY-NC 4.0 where indicated; this export does not replace those terms."
real_money_flows,2026-10-07,/blocchi/0/esclusi/75/slug,"""upshift""","DefiLlama (token breakdown of value locked, per protocol)","""2026-10-07""",CC BY 4.0,https://creativecommons.org/licenses/by/4.0/,Luca Valente,"CC BY 4.0 applies to the original compilation and editorial work by Luca Valente. Underlying third-party data retain their source terms, including Coin Metrics CC BY-NC 4.0 where indicated; this export does not replace those terms."
real_money_flows,2026-10-07,/blocchi/0/esclusi/75/motivo,"""category Onchain Capital Allocator is not counted""","DefiLlama (token breakdown of value locked, per protocol)","""2026-10-07""",CC BY 4.0,https://creativecommons.org/licenses/by/4.0/,Luca Valente,"CC BY 4.0 applies to the original compilation and editorial work by Luca Valente. Underlying third-party data retain their source terms, including Coin Metrics CC BY-NC 4.0 where indicated; this export does not replace those terms."
real_money_flows,2026-10-07,/blocchi/0/esclusi/76/slug,"""usdt0""","DefiLlama (token breakdown of value locked, per protocol)","""2026-10-07""",CC BY 4.0,https://creativecommons.org/licenses/by/4.0/,Luca Valente,"CC BY 4.0 applies to the original compilation and editorial work by Luca Valente. Underlying third-party data retain their source terms, including Coin Metrics CC BY-NC 4.0 where indicated; this export does not replace those terms."
real_money_flows,2026-10-07,/blocchi/0/esclusi/76/motivo,"""bridge not in the public list""","DefiLlama (token breakdown of value locked, per protocol)","""2026-10-07""",CC BY 4.0,https://creativecommons.org/licenses/by/4.0/,Luca Valente,"CC BY 4.0 applies to the original compilation and editorial work by Luca Valente. Underlying third-party data retain their source terms, including Coin Metrics CC BY-NC 4.0 where indicated; this export does not replace those terms."
real_money_flows,2026-10-07,/blocchi/0/esclusi/77/slug,"""veda""","DefiLlama (token breakdown of value locked, per protocol)","""2026-10-07""",CC BY 4.0,https://creativecommons.org/licenses/by/4.0/,Luca Valente,"CC BY 4.0 applies to the original compilation and editorial work by Luca Valente. Underlying third-party data retain their source terms, including Coin Metrics CC BY-NC 4.0 where indicated; this export does not replace those terms."
real_money_flows,2026-10-07,/blocchi/0/esclusi/77/motivo,"""category Onchain Capital Allocator is not counted""","DefiLlama (token breakdown of value locked, per protocol)","""2026-10-07""",CC BY 4.0,https://creativecommons.org/licenses/by/4.0/,Luca Valente,"CC BY 4.0 applies to the original compilation and editorial work by Luca Valente. Underlying third-party data retain their source terms, including Coin Metrics CC BY-NC 4.0 where indicated; this export does not replace those terms."
real_money_flows,2026-10-07,/blocchi/0/esclusi/78/slug,"""wbtc""","DefiLlama (token breakdown of value locked, per protocol)","""2026-10-07""",CC BY 4.0,https://creativecommons.org/licenses/by/4.0/,Luca Valente,"CC BY 4.0 applies to the original compilation and editorial work by Luca Valente. Underlying third-party data retain their source terms, including Coin Metrics CC BY-NC 4.0 where indicated; this export does not replace those terms."
real_money_flows,2026-10-07,/blocchi/0/esclusi/78/motivo,"""custodial product""","DefiLlama (token breakdown of value locked, per protocol)","""2026-10-07""",CC BY 4.0,https://creativecommons.org/licenses/by/4.0/,Luca Valente,"CC BY 4.0 applies to the original compilation and editorial work by Luca Valente. Underlying third-party data retain their source terms, including Coin Metrics CC BY-NC 4.0 where indicated; this export does not replace those terms."
real_money_flows,2026-10-07,/blocchi/0/esclusi/79/slug,"""world-chain""","DefiLlama (token breakdown of value locked, per protocol)","""2026-10-07""",CC BY 4.0,https://creativecommons.org/licenses/by/4.0/,Luca Valente,"CC BY 4.0 applies to the original compilation and editorial work by Luca Valente. Underlying third-party data retain their source terms, including Coin Metrics CC BY-NC 4.0 where indicated; this export does not replace those terms."
real_money_flows,2026-10-07,/blocchi/0/esclusi/79/motivo,"""category Canonical Bridge is not counted""","DefiLlama (token breakdown of value locked, per protocol)","""2026-10-07""",CC BY 4.0,https://creativecommons.org/licenses/by/4.0/,Luca Valente,"CC BY 4.0 applies to the original compilation and editorial work by Luca Valente. Underlying third-party data retain their source terms, including Coin Metrics CC BY-NC 4.0 where indicated; this export does not replace those terms."
real_money_flows,2026-10-07,/blocchi/0/esclusi/80/slug,"""xdai-stake-bridge""","DefiLlama (token breakdown of value locked, per protocol)","""2026-10-07""",CC BY 4.0,https://creativecommons.org/licenses/by/4.0/,Luca Valente,"CC BY 4.0 applies to the original compilation and editorial work by Luca Valente. Underlying third-party data retain their source terms, including Coin Metrics CC BY-NC 4.0 where indicated; this export does not replace those terms."
real_money_flows,2026-10-07,/blocchi/0/esclusi/80/motivo,"""category Canonical Bridge is not counted""","DefiLlama (token breakdown of value locked, per protocol)","""2026-10-07""",CC BY 4.0,https://creativecommons.org/licenses/by/4.0/,Luca Valente,"CC BY 4.0 applies to the original compilation and editorial work by Luca Valente. Underlying third-party data retain their source terms, including Coin Metrics CC BY-NC 4.0 where indicated; this export does not replace those terms."
real_money_flows,2026-10-07,/blocchi/0/esclusi/81/slug,"""zksync-era-txbridge""","DefiLlama (token breakdown of value locked, per protocol)","""2026-10-07""",CC BY 4.0,https://creativecommons.org/licenses/by/4.0/,Luca Valente,"CC BY 4.0 applies to the original compilation and editorial work by Luca Valente. Underlying third-party data retain their source terms, including Coin Metrics CC BY-NC 4.0 where indicated; this export does not replace those terms."
real_money_flows,2026-10-07,/blocchi/0/esclusi/81/motivo,"""category Canonical Bridge is not counted""","DefiLlama (token breakdown of value locked, per protocol)","""2026-10-07""",CC BY 4.0,https://creativecommons.org/licenses/by/4.0/,Luca Valente,"CC BY 4.0 applies to the original compilation and editorial work by Luca Valente. Underlying third-party data retain their source terms, including Coin Metrics CC BY-NC 4.0 where indicated; this export does not replace those terms."
real_money_flows,2026-10-07,/blocchi/0/esclusi/82/slug,"""aave-horizon-rwa""","DefiLlama (token breakdown of value locked, per protocol)","""2026-10-07""",CC BY 4.0,https://creativecommons.org/licenses/by/4.0/,Luca Valente,"CC BY 4.0 applies to the original compilation and editorial work by Luca Valente. Underlying third-party data retain their source terms, including Coin Metrics CC BY-NC 4.0 where indicated; this export does not replace those terms."
real_money_flows,2026-10-07,/blocchi/0/esclusi/82/motivo,"""covered by the parent page aave""","DefiLlama (token breakdown of value locked, per protocol)","""2026-10-07""",CC BY 4.0,https://creativecommons.org/licenses/by/4.0/,Luca Valente,"CC BY 4.0 applies to the original compilation and editorial work by Luca Valente. Underlying third-party data retain their source terms, including Coin Metrics CC BY-NC 4.0 where indicated; this export does not replace those terms."
real_money_flows,2026-10-07,/blocchi/0/esclusi/83/slug,"""aave-v2""","DefiLlama (token breakdown of value locked, per protocol)","""2026-10-07""",CC BY 4.0,https://creativecommons.org/licenses/by/4.0/,Luca Valente,"CC BY 4.0 applies to the original compilation and editorial work by Luca Valente. Underlying third-party data retain their source terms, including Coin Metrics CC BY-NC 4.0 where indicated; this export does not replace those terms."
real_money_flows,2026-10-07,/blocchi/0/esclusi/83/motivo,"""covered by the parent page aave""","DefiLlama (token breakdown of value locked, per protocol)","""2026-10-07""",CC BY 4.0,https://creativecommons.org/licenses/by/4.0/,Luca Valente,"CC BY 4.0 applies to the original compilation and editorial work by Luca Valente. Underlying third-party data retain their source terms, including Coin Metrics CC BY-NC 4.0 where indicated; this export does not replace those terms."
real_money_flows,2026-10-07,/blocchi/0/esclusi/84/slug,"""aave-v4""","DefiLlama (token breakdown of value locked, per protocol)","""2026-10-07""",CC BY 4.0,https://creativecommons.org/licenses/by/4.0/,Luca Valente,"CC BY 4.0 applies to the original compilation and editorial work by Luca Valente. Underlying third-party data retain their source terms, including Coin Metrics CC BY-NC 4.0 where indicated; this export does not replace those terms."
real_money_flows,2026-10-07,/blocchi/0/esclusi/84/motivo,"""covered by the parent page aave""","DefiLlama (token breakdown of value locked, per protocol)","""2026-10-07""",CC BY 4.0,https://creativecommons.org/licenses/by/4.0/,Luca Valente,"CC BY 4.0 applies to the original compilation and editorial work by Luca Valente. Underlying third-party data retain their source terms, including Coin Metrics CC BY-NC 4.0 where indicated; this export does not replace those terms."
real_money_flows,2026-10-07,/blocchi/0/serie/0/0,"""2026-07-10""","DefiLlama (token breakdown of value locked, per protocol)","""2026-10-07""",CC BY 4.0,https://creativecommons.org/licenses/by/4.0/,Luca Valente,"CC BY 4.0 applies to the original compilation and editorial work by Luca Valente. Underlying third-party data retain their source terms, including Coin Metrics CC BY-NC 4.0 where indicated; this export does not replace those terms."
real_money_flows,2026-10-07,/blocchi/0/serie/0/1,-1102722085,"DefiLlama (token breakdown of value locked, per protocol)","""2026-10-07""",CC BY 4.0,https://creativecommons.org/licenses/by/4.0/,Luca Valente,"CC BY 4.0 applies to the original compilation and editorial work by Luca Valente. Underlying third-party data retain their source terms, including Coin Metrics CC BY-NC 4.0 where indicated; this export does not replace those terms."
real_money_flows,2026-10-07,/blocchi/0/serie/1/0,"""2026-07-11""","DefiLlama (token breakdown of value locked, per protocol)","""2026-10-07""",CC BY 4.0,https://creativecommons.org/licenses/by/4.0/,Luca Valente,"CC BY 4.0 applies to the original compilation and editorial work by Luca Valente. Underlying third-party data retain their source terms, including Coin Metrics CC BY-NC 4.0 where indicated; this export does not replace those terms."
real_money_flows,2026-10-07,/blocchi/0/serie/1/1,251407124,"DefiLlama (token breakdown of value locked, per protocol)","""2026-10-07""",CC BY 4.0,https://creativecommons.org/licenses/by/4.0/,Luca Valente,"CC BY 4.0 applies to the original compilation and editorial work by Luca Valente. Underlying third-party data retain their source terms, including Coin Metrics CC BY-NC 4.0 where indicated; this export does not replace those terms."
real_money_flows,2026-10-07,/blocchi/0/serie/2/0,"""2026-07-12""","DefiLlama (token breakdown of value locked, per protocol)","""2026-10-07""",CC BY 4.0,https://creativecommons.org/licenses/by/4.0/,Luca Valente,"CC BY 4.0 applies to the original compilation and editorial work by Luca Valente. Underlying third-party data retain their source terms, including Coin Metrics CC BY-NC 4.0 where indicated; this export does not replace those terms."
real_money_flows,2026-10-07,/blocchi/0/serie/2/1,-329947307,"DefiLlama (token breakdown of value locked, per protocol)","""2026-10-07""",CC BY 4.0,https://creativecommons.org/licenses/by/4.0/,Luca Valente,"CC BY 4.0 applies to the original compilation and editorial work by Luca Valente. Underlying third-party data retain their source terms, including Coin Metrics CC BY-NC 4.0 where indicated; this export does not replace those terms."
real_money_flows,2026-10-07,/blocchi/0/serie/3/0,"""2026-07-13""","DefiLlama (token breakdown of value locked, per protocol)","""2026-10-07""",CC BY 4.0,https://creativecommons.org/licenses/by/4.0/,Luca Valente,"CC BY 4.0 applies to the original compilation and editorial work by Luca Valente. Underlying third-party data retain their source terms, including Coin Metrics CC BY-NC 4.0 where indicated; this export does not replace those terms."
real_money_flows,2026-10-07,/blocchi/0/serie/3/1,-924254947,"DefiLlama (token breakdown of value locked, per protocol)","""2026-10-07""",CC BY 4.0,https://creativecommons.org/licenses/by/4.0/,Luca Valente,"CC BY 4.0 applies to the original compilation and editorial work by Luca Valente. Underlying third-party data retain their source terms, including Coin Metrics CC BY-NC 4.0 where indicated; this export does not replace those terms."
real_money_flows,2026-10-07,/blocchi/0/serie/4/0,"""2026-07-14""","DefiLlama (token breakdown of value locked, per protocol)","""2026-10-07""",CC BY 4.0,https://creativecommons.org/licenses/by/4.0/,Luca Valente,"CC BY 4.0 applies to the original compilation and editorial work by Luca Valente. Underlying third-party data retain their source terms, including Coin Metrics CC BY-NC 4.0 where indicated; this export does not replace those terms."
real_money_flows,2026-10-07,/blocchi/0/serie/4/1,-800330449,"DefiLlama (token breakdown of value locked, per protocol)","""2026-10-07""",CC BY 4.0,https://creativecommons.org/licenses/by/4.0/,Luca Valente,"CC BY 4.0 applies to the original compilation and editorial work by Luca Valente. Underlying third-party data retain their source terms, including Coin Metrics CC BY-NC 4.0 where indicated; this export does not replace those terms."
real_money_flows,2026-10-07,/blocchi/0/serie/5/0,"""2026-07-15""","DefiLlama (token breakdown of value locked, per protocol)","""2026-10-07""",CC BY 4.0,https://creativecommons.org/licenses/by/4.0/,Luca Valente,"CC BY 4.0 applies to the original compilation and editorial work by Luca Valente. Underlying third-party data retain their source terms, including Coin Metrics CC BY-NC 4.0 where indicated; this export does not replace those terms."
real_money_flows,2026-10-07,/blocchi/0/serie/5/1,-1266310069,"DefiLlama (token breakdown of value locked, per protocol)","""2026-10-07""",CC BY 4.0,https://creativecommons.org/licenses/by/4.0/,Luca Valente,"CC BY 4.0 applies to the original compilation and editorial work by Luca Valente. Underlying third-party data retain their source terms, including Coin Metrics CC BY-NC 4.0 where indicated; this export does not replace those terms."
real_money_flows,2026-10-07,/blocchi/0/serie/6/0,"""2026-07-16""","DefiLlama (token breakdown of value locked, per protocol)","""2026-10-07""",CC BY 4.0,https://creativecommons.org/licenses/by/4.0/,Luca Valente,"CC BY 4.0 applies to the original compilation and editorial work by Luca Valente. Underlying third-party data retain their source terms, including Coin Metrics CC BY-NC 4.0 where indicated; this export does not replace those terms."
real_money_flows,2026-10-07,/blocchi/0/serie/6/1,-1838656474,"DefiLlama (token breakdown of value locked, per protocol)","""2026-10-07""",CC BY 4.0,https://creativecommons.org/licenses/by/4.0/,Luca Valente,"CC BY 4.0 applies to the original compilation and editorial work by Luca Valente. Underlying third-party data retain their source terms, including Coin Metrics CC BY-NC 4.0 where indicated; this export does not replace those terms."
real_money_flows,2026-10-07,/blocchi/0/serie/7/0,"""2026-07-17""","DefiLlama (token breakdown of value locked, per protocol)","""2026-10-07""",CC BY 4.0,https://creativecommons.org/licenses/by/4.0/,Luca Valente,"CC BY 4.0 applies to the original compilation and editorial work by Luca Valente. Underlying third-party data retain their source terms, including Coin Metrics CC BY-NC 4.0 where indicated; this export does not replace those terms."
real_money_flows,2026-10-07,/blocchi/0/serie/7/1,-366156878,"DefiLlama (token breakdown of value locked, per protocol)","""2026-10-07""",CC BY 4.0,https://creativecommons.org/licenses/by/4.0/,Luca Valente,"CC BY 4.0 applies to the original compilation and editorial work by Luca Valente. Underlying third-party data retain their source terms, including Coin Metrics CC BY-NC 4.0 where indicated; this export does not replace those terms."
real_money_flows,2026-10-07,/blocchi/0/serie/8/0,"""2026-07-18""","DefiLlama (token breakdown of value locked, per protocol)","""2026-10-07""",CC BY 4.0,https://creativecommons.org/licenses/by/4.0/,Luca Valente,"CC BY 4.0 applies to the original compilation and editorial work by Luca Valente. Underlying third-party data retain their source terms, including Coin Metrics CC BY-NC 4.0 where indicated; this export does not replace those terms."
real_money_flows,2026-10-07,/blocchi/0/serie/8/1,62962744,"DefiLlama (token breakdown of value locked, per protocol)","""2026-10-07""",CC BY 4.0,https://creativecommons.org/licenses/by/4.0/,Luca Valente,"CC BY 4.0 applies to the original compilation and editorial work by Luca Valente. Underlying third-party data retain their source terms, including Coin Metrics CC BY-NC 4.0 where indicated; this export does not replace those terms."
real_money_flows,2026-10-07,/blocchi/0/serie/9/0,"""2026-07-19""","DefiLlama (token breakdown of value locked, per protocol)","""2026-10-07""",CC BY 4.0,https://creativecommons.org/licenses/by/4.0/,Luca Valente,"CC BY 4.0 applies to the original compilation and editorial work by Luca Valente. Underlying third-party data retain their source terms, including Coin Metrics CC BY-NC 4.0 where indicated; this export does not replace those terms."
real_money_flows,2026-10-07,/blocchi/0/serie/9/1,78441303,"DefiLlama (token breakdown of value locked, per protocol)","""2026-10-07""",CC BY 4.0,https://creativecommons.org/licenses/by/4.0/,Luca Valente,"CC BY 4.0 applies to the original compilation and editorial work by Luca Valente. Underlying third-party data retain their source terms, including Coin Metrics CC BY-NC 4.0 where indicated; this export does not replace those terms."
real_money_flows,2026-10-07,/blocchi/0/serie/10/0,"""2026-07-20""","DefiLlama (token breakdown of value locked, per protocol)","""2026-10-07""",CC BY 4.0,https://creativecommons.org/licenses/by/4.0/,Luca Valente,"CC BY 4.0 applies to the original compilation and editorial work by Luca Valente. Underlying third-party data retain their source terms, including Coin Metrics CC BY-NC 4.0 where indicated; this export does not replace those terms."
real_money_flows,2026-10-07,/blocchi/0/serie/10/1,-465070451,"DefiLlama (token breakdown of value locked, per protocol)","""2026-10-07""",CC BY 4.0,https://creativecommons.org/licenses/by/4.0/,Luca Valente,"CC BY 4.0 applies to the original compilation and editorial work by Luca Valente. Underlying third-party data retain their source terms, including Coin Metrics CC BY-NC 4.0 where indicated; this export does not replace those terms."
real_money_flows,2026-10-07,/blocchi/0/serie/11/0,"""2026-07-21""","DefiLlama (token breakdown of value locked, per protocol)","""2026-10-07""",CC BY 4.0,https://creativecommons.org/licenses/by/4.0/,Luca Valente,"CC BY 4.0 applies to the original compilation and editorial work by Luca Valente. Underlying third-party data retain their source terms, including Coin Metrics CC BY-NC 4.0 where indicated; this export does not replace those terms."
real_money_flows,2026-10-07,/blocchi/0/serie/11/1,-225278865,"DefiLlama (token breakdown of value locked, per protocol)","""2026-10-07""",CC BY 4.0,https://creativecommons.org/licenses/by/4.0/,Luca Valente,"CC BY 4.0 applies to the original compilation and editorial work by Luca Valente. Underlying third-party data retain their source terms, including Coin Metrics CC BY-NC 4.0 where indicated; this export does not replace those terms."
real_money_flows,2026-10-07,/blocchi/0/serie/12/0,"""2026-07-22""","DefiLlama (token breakdown of value locked, per protocol)","""2026-10-07""",CC BY 4.0,https://creativecommons.org/licenses/by/4.0/,Luca Valente,"CC BY 4.0 applies to the original compilation and editorial work by Luca Valente. Underlying third-party data retain their source terms, including Coin Metrics CC BY-NC 4.0 where indicated; this export does not replace those terms."
real_money_flows,2026-10-07,/blocchi/0/serie/12/1,266203702,"DefiLlama (token breakdown of value locked, per protocol)","""2026-10-07""",CC BY 4.0,https://creativecommons.org/licenses/by/4.0/,Luca Valente,"CC BY 4.0 applies to the original compilation and editorial work by Luca Valente. Underlying third-party data retain their source terms, including Coin Metrics CC BY-NC 4.0 where indicated; this export does not replace those terms."
real_money_flows,2026-10-07,/blocchi/0/serie/13/0,"""2026-07-23""","DefiLlama (token breakdown of value locked, per protocol)","""2026-10-07""",CC BY 4.0,https://creativecommons.org/licenses/by/4.0/,Luca Valente,"CC BY 4.0 applies to the original compilation and editorial work by Luca Valente. Underlying third-party data retain their source terms, including Coin Metrics CC BY-NC 4.0 where indicated; this export does not replace those terms."
real_money_flows,2026-10-07,/blocchi/0/serie/13/1,-295461419,"DefiLlama (token breakdown of value locked, per protocol)","""2026-10-07""",CC BY 4.0,https://creativecommons.org/licenses/by/4.0/,Luca Valente,"CC BY 4.0 applies to the original compilation and editorial work by Luca Valente. Underlying third-party data retain their source terms, including Coin Metrics CC BY-NC 4.0 where indicated; this export does not replace those terms."
real_money_flows,2026-10-07,/blocchi/0/serie/14/0,"""2026-07-24""","DefiLlama (token breakdown of value locked, per protocol)","""2026-10-07""",CC BY 4.0,https://creativecommons.org/licenses/by/4.0/,Luca Valente,"CC BY 4.0 applies to the original compilation and editorial work by Luca Valente. Underlying third-party data retain their source terms, including Coin Metrics CC BY-NC 4.0 where indicated; this export does not replace those terms."
real_money_flows,2026-10-07,/blocchi/0/serie/14/1,-29933237,"DefiLlama (token breakdown of value locked, per protocol)","""2026-10-07""",CC BY 4.0,https://creativecommons.org/licenses/by/4.0/,Luca Valente,"CC BY 4.0 applies to the original compilation and editorial work by Luca Valente. Underlying third-party data retain their source terms, including Coin Metrics CC BY-NC 4.0 where indicated; this export does not replace those terms."
real_money_flows,2026-10-07,/blocchi/0/serie/15/0,"""2026-07-25""","DefiLlama (token breakdown of value locked, per protocol)","""2026-10-07""",CC BY 4.0,https://creativecommons.org/licenses/by/4.0/,Luca Valente,"CC BY 4.0 applies to the original compilation and editorial work by Luca Valente. Underlying third-party data retain their source terms, including Coin Metrics CC BY-NC 4.0 where indicated; this export does not replace those terms."
real_money_flows,2026-10-07,/blocchi/0/serie/15/1,160379111,"DefiLlama (token breakdown of value locked, per protocol)","""2026-10-07""",CC BY 4.0,https://creativecommons.org/licenses/by/4.0/,Luca Valente,"CC BY 4.0 applies to the original compilation and editorial work by Luca Valente. Underlying third-party data retain their source terms, including Coin Metrics CC BY-NC 4.0 where indicated; this export does not replace those terms."
real_money_flows,2026-10-07,/blocchi/0/serie/16/0,"""2026-07-26""","DefiLlama (token breakdown of value locked, per protocol)","""2026-10-07""",CC BY 4.0,https://creativecommons.org/licenses/by/4.0/,Luca Valente,"CC BY 4.0 applies to the original compilation and editorial work by Luca Valente. Underlying third-party data retain their source terms, including Coin Metrics CC BY-NC 4.0 where indicated; this export does not replace those terms."
real_money_flows,2026-10-07,/blocchi/0/serie/16/1,388475802,"DefiLlama (token breakdown of value locked, per protocol)","""2026-10-07""",CC BY 4.0,https://creativecommons.org/licenses/by/4.0/,Luca Valente,"CC BY 4.0 applies to the original compilation and editorial work by Luca Valente. Underlying third-party data retain their source terms, including Coin Metrics CC BY-NC 4.0 where indicated; this export does not replace those terms."
real_money_flows,2026-10-07,/blocchi/0/serie/17/0,"""2026-07-27""","DefiLlama (token breakdown of value locked, per protocol)","""2026-10-07""",CC BY 4.0,https://creativecommons.org/licenses/by/4.0/,Luca Valente,"CC BY 4.0 applies to the original compilation and editorial work by Luca Valente. Underlying third-party data retain their source terms, including Coin Metrics CC BY-NC 4.0 where indicated; this export does not replace those terms."
real_money_flows,2026-10-07,/blocchi/0/serie/17/1,277029841,"DefiLlama (token breakdown of value locked, per protocol)","""2026-10-07""",CC BY 4.0,https://creativecommons.org/licenses/by/4.0/,Luca Valente,"CC BY 4.0 applies to the original compilation and editorial work by Luca Valente. Underlying third-party data retain their source terms, including Coin Metrics CC BY-NC 4.0 where indicated; this export does not replace those terms."
real_money_flows,2026-10-07,/blocchi/0/serie/18/0,"""2026-07-28""","DefiLlama (token breakdown of value locked, per protocol)","""2026-10-07""",CC BY 4.0,https://creativecommons.org/licenses/by/4.0/,Luca Valente,"CC BY 4.0 applies to the original compilation and editorial work by Luca Valente. Underlying third-party data retain their source terms, including Coin Metrics CC BY-NC 4.0 where indicated; this export does not replace those terms."
real_money_flows,2026-10-07,/blocchi/0/serie/18/1,-95998088,"DefiLlama (token breakdown of value locked, per protocol)","""2026-10-07""",CC BY 4.0,https://creativecommons.org/licenses/by/4.0/,Luca Valente,"CC BY 4.0 applies to the original compilation and editorial work by Luca Valente. Underlying third-party data retain their source terms, including Coin Metrics CC BY-NC 4.0 where indicated; this export does not replace those terms."
real_money_flows,2026-10-07,/blocchi/0/serie/19/0,"""2026-07-29""","DefiLlama (token breakdown of value locked, per protocol)","""2026-10-07""",CC BY 4.0,https://creativecommons.org/licenses/by/4.0/,Luca Valente,"CC BY 4.0 applies to the original compilation and editorial work by Luca Valente. Underlying third-party data retain their source terms, including Coin Metrics CC BY-NC 4.0 where indicated; this export does not replace those terms."
real_money_flows,2026-10-07,/blocchi/0/serie/19/1,41986377,"DefiLlama (token breakdown of value locked, per protocol)","""2026-10-07""",CC BY 4.0,https://creativecommons.org/licenses/by/4.0/,Luca Valente,"CC BY 4.0 applies to the original compilation and editorial work by Luca Valente. Underlying third-party data retain their source terms, including Coin Metrics CC BY-NC 4.0 where indicated; this export does not replace those terms."
real_money_flows,2026-10-07,/blocchi/0/serie/20/0,"""2026-07-30""","DefiLlama (token breakdown of value locked, per protocol)","""2026-10-07""",CC BY 4.0,https://creativecommons.org/licenses/by/4.0/,Luca Valente,"CC BY 4.0 applies to the original compilation and editorial work by Luca Valente. Underlying third-party data retain their source terms, including Coin Metrics CC BY-NC 4.0 where indicated; this export does not replace those terms."
real_money_flows,2026-10-07,/blocchi/0/serie/20/1,186184827,"DefiLlama (token breakdown of value locked, per protocol)","""2026-10-07""",CC BY 4.0,https://creativecommons.org/licenses/by/4.0/,Luca Valente,"CC BY 4.0 applies to the original compilation and editorial work by Luca Valente. Underlying third-party data retain their source terms, including Coin Metrics CC BY-NC 4.0 where indicated; this export does not replace those terms."
real_money_flows,2026-10-07,/blocchi/0/serie/21/0,"""2026-07-31""","DefiLlama (token breakdown of value locked, per protocol)","""2026-10-07""",CC BY 4.0,https://creativecommons.org/licenses/by/4.0/,Luca Valente,"CC BY 4.0 applies to the original compilation and editorial work by Luca Valente. Underlying third-party data retain their source terms, including Coin Metrics CC BY-NC 4.0 where indicated; this export does not replace those terms."
real_money_flows,2026-10-07,/blocchi/0/serie/21/1,119888117,"DefiLlama (token breakdown of value locked, per protocol)","""2026-10-07""",CC BY 4.0,https://creativecommons.org/licenses/by/4.0/,Luca Valente,"CC BY 4.0 applies to the original compilation and editorial work by Luca Valente. Underlying third-party data retain their source terms, including Coin Metrics CC BY-NC 4.0 where indicated; this export does not replace those terms."
real_money_flows,2026-10-07,/blocchi/0/serie/22/0,"""2026-08-01""","DefiLlama (token breakdown of value locked, per protocol)","""2026-10-07""",CC BY 4.0,https://creativecommons.org/licenses/by/4.0/,Luca Valente,"CC BY 4.0 applies to the original compilation and editorial work by Luca Valente. Underlying third-party data retain their source terms, including Coin Metrics CC BY-NC 4.0 where indicated; this export does not replace those terms."
real_money_flows,2026-10-07,/blocchi/0/serie/22/1,-174817869,"DefiLlama (token breakdown of value locked, per protocol)","""2026-10-07""",CC BY 4.0,https://creativecommons.org/licenses/by/4.0/,Luca Valente,"CC BY 4.0 applies to the original compilation and editorial work by Luca Valente. Underlying third-party data retain their source terms, including Coin Metrics CC BY-NC 4.0 where indicated; this export does not replace those terms."
real_money_flows,2026-10-07,/blocchi/0/serie/23/0,"""2026-08-02""","DefiLlama (token breakdown of value locked, per protocol)","""2026-10-07""",CC BY 4.0,https://creativecommons.org/licenses/by/4.0/,Luca Valente,"CC BY 4.0 applies to the original compilation and editorial work by Luca Valente. Underlying third-party data retain their source terms, including Coin Metrics CC BY-NC 4.0 where indicated; this export does not replace those terms."
real_money_flows,2026-10-07,/blocchi/0/serie/23/1,-596387524,"DefiLlama (token breakdown of value locked, per protocol)","""2026-10-07""",CC BY 4.0,https://creativecommons.org/licenses/by/4.0/,Luca Valente,"CC BY 4.0 applies to the original compilation and editorial work by Luca Valente. Underlying third-party data retain their source terms, including Coin Metrics CC BY-NC 4.0 where indicated; this export does not replace those terms."
real_money_flows,2026-10-07,/blocchi/0/serie/24/0,"""2026-08-03""","DefiLlama (token breakdown of value locked, per protocol)","""2026-10-07""",CC BY 4.0,https://creativecommons.org/licenses/by/4.0/,Luca Valente,"CC BY 4.0 applies to the original compilation and editorial work by Luca Valente. Underlying third-party data retain their source terms, including Coin Metrics CC BY-NC 4.0 where indicated; this export does not replace those terms."
real_money_flows,2026-10-07,/blocchi/0/serie/24/1,-547325441,"DefiLlama (token breakdown of value locked, per protocol)","""2026-10-07""",CC BY 4.0,https://creativecommons.org/licenses/by/4.0/,Luca Valente,"CC BY 4.0 applies to the original compilation and editorial work by Luca Valente. Underlying third-party data retain their source terms, including Coin Metrics CC BY-NC 4.0 where indicated; this export does not replace those terms."
real_money_flows,2026-10-07,/blocchi/0/serie/25/0,"""2026-08-04""","DefiLlama (token breakdown of value locked, per protocol)","""2026-10-07""",CC BY 4.0,https://creativecommons.org/licenses/by/4.0/,Luca Valente,"CC BY 4.0 applies to the original compilation and editorial work by Luca Valente. Underlying third-party data retain their source terms, including Coin Metrics CC BY-NC 4.0 where indicated; this export does not replace those terms."
real_money_flows,2026-10-07,/blocchi/0/serie/25/1,-1128401138,"DefiLlama (token breakdown of value locked, per protocol)","""2026-10-07""",CC BY 4.0,https://creativecommons.org/licenses/by/4.0/,Luca Valente,"CC BY 4.0 applies to the original compilation and editorial work by Luca Valente. Underlying third-party data retain their source terms, including Coin Metrics CC BY-NC 4.0 where indicated; this export does not replace those terms."
real_money_flows,2026-10-07,/blocchi/0/serie/26/0,"""2026-08-05""","DefiLlama (token breakdown of value locked, per protocol)","""2026-10-07""",CC BY 4.0,https://creativecommons.org/licenses/by/4.0/,Luca Valente,"CC BY 4.0 applies to the original compilation and editorial work by Luca Valente. Underlying third-party data retain their source terms, including Coin Metrics CC BY-NC 4.0 where indicated; this export does not replace those terms."
real_money_flows,2026-10-07,/blocchi/0/serie/26/1,-613583450,"DefiLlama (token breakdown of value locked, per protocol)","""2026-10-07""",CC BY 4.0,https://creativecommons.org/licenses/by/4.0/,Luca Valente,"CC BY 4.0 applies to the original compilation and editorial work by Luca Valente. Underlying third-party data retain their source terms, including Coin Metrics CC BY-NC 4.0 where indicated; this export does not replace those terms."
real_money_flows,2026-10-07,/blocchi/0/serie/27/0,"""2026-08-06""","DefiLlama (token breakdown of value locked, per protocol)","""2026-10-07""",CC BY 4.0,https://creativecommons.org/licenses/by/4.0/,Luca Valente,"CC BY 4.0 applies to the original compilation and editorial work by Luca Valente. Underlying third-party data retain their source terms, including Coin Metrics CC BY-NC 4.0 where indicated; this export does not replace those terms."
real_money_flows,2026-10-07,/blocchi/0/serie/27/1,-753098229,"DefiLlama (token breakdown of value locked, per protocol)","""2026-10-07""",CC BY 4.0,https://creativecommons.org/licenses/by/4.0/,Luca Valente,"CC BY 4.0 applies to the original compilation and editorial work by Luca Valente. Underlying third-party data retain their source terms, including Coin Metrics CC BY-NC 4.0 where indicated; this export does not replace those terms."
real_money_flows,2026-10-07,/blocchi/0/serie/28/0,"""2026-08-07""","DefiLlama (token breakdown of value locked, per protocol)","""2026-10-07""",CC BY 4.0,https://creativecommons.org/licenses/by/4.0/,Luca Valente,"CC BY 4.0 applies to the original compilation and editorial work by Luca Valente. Underlying third-party data retain their source terms, including Coin Metrics CC BY-NC 4.0 where indicated; this export does not replace those terms."
real_money_flows,2026-10-07,/blocchi/0/serie/28/1,-297240581,"DefiLlama (token breakdown of value locked, per protocol)","""2026-10-07""",CC BY 4.0,https://creativecommons.org/licenses/by/4.0/,Luca Valente,"CC BY 4.0 applies to the original compilation and editorial work by Luca Valente. Underlying third-party data retain their source terms, including Coin Metrics CC BY-NC 4.0 where indicated; this export does not replace those terms."
real_money_flows,2026-10-07,/blocchi/0/serie/29/0,"""2026-08-08""","DefiLlama (token breakdown of value locked, per protocol)","""2026-10-07""",CC BY 4.0,https://creativecommons.org/licenses/by/4.0/,Luca Valente,"CC BY 4.0 applies to the original compilation and editorial work by Luca Valente. Underlying third-party data retain their source terms, including Coin Metrics CC BY-NC 4.0 where indicated; this export does not replace those terms."
real_money_flows,2026-10-07,/blocchi/0/serie/29/1,-45968557,"DefiLlama (token breakdown of value locked, per protocol)","""2026-10-07""",CC BY 4.0,https://creativecommons.org/licenses/by/4.0/,Luca Valente,"CC BY 4.0 applies to the original compilation and editorial work by Luca Valente. Underlying third-party data retain their source terms, including Coin Metrics CC BY-NC 4.0 where indicated; this export does not replace those terms."
real_money_flows,2026-10-07,/blocchi/0/serie/30/0,"""2026-08-09""","DefiLlama (token breakdown of value locked, per protocol)","""2026-10-07""",CC BY 4.0,https://creativecommons.org/licenses/by/4.0/,Luca Valente,"CC BY 4.0 applies to the original compilation and editorial work by Luca Valente. Underlying third-party data retain their source terms, including Coin Metrics CC BY-NC 4.0 where indicated; this export does not replace those terms."
real_money_flows,2026-10-07,/blocchi/0/serie/30/1,275840090,"DefiLlama (token breakdown of value locked, per protocol)","""2026-10-07""",CC BY 4.0,https://creativecommons.org/licenses/by/4.0/,Luca Valente,"CC BY 4.0 applies to the original compilation and editorial work by Luca Valente. Underlying third-party data retain their source terms, including Coin Metrics CC BY-NC 4.0 where indicated; this export does not replace those terms."
real_money_flows,2026-10-07,/blocchi/0/serie/31/0,"""2026-08-10""","DefiLlama (token breakdown of value locked, per protocol)","""2026-10-07""",CC BY 4.0,https://creativecommons.org/licenses/by/4.0/,Luca Valente,"CC BY 4.0 applies to the original compilation and editorial work by Luca Valente. Underlying third-party data retain their source terms, including Coin Metrics CC BY-NC 4.0 where indicated; this export does not replace those terms."
real_money_flows,2026-10-07,/blocchi/0/serie/31/1,1030674434,"DefiLlama (token breakdown of value locked, per protocol)","""2026-10-07""",CC BY 4.0,https://creativecommons.org/licenses/by/4.0/,Luca Valente,"CC BY 4.0 applies to the original compilation and editorial work by Luca Valente. Underlying third-party data retain their source terms, including Coin Metrics CC BY-NC 4.0 where indicated; this export does not replace those terms."
real_money_flows,2026-10-07,/blocchi/0/serie/32/0,"""2026-08-11""","DefiLlama (token breakdown of value locked, per protocol)","""2026-10-07""",CC BY 4.0,https://creativecommons.org/licenses/by/4.0/,Luca Valente,"CC BY 4.0 applies to the original compilation and editorial work by Luca Valente. Underlying third-party data retain their source terms, including Coin Metrics CC BY-NC 4.0 where indicated; this export does not replace those terms."
real_money_flows,2026-10-07,/blocchi/0/serie/32/1,1294387878,"DefiLlama (token breakdown of value locked, per protocol)","""2026-10-07""",CC BY 4.0,https://creativecommons.org/licenses/by/4.0/,Luca Valente,"CC BY 4.0 applies to the original compilation and editorial work by Luca Valente. Underlying third-party data retain their source terms, including Coin Metrics CC BY-NC 4.0 where indicated; this export does not replace those terms."
real_money_flows,2026-10-07,/blocchi/0/serie/33/0,"""2026-08-12""","DefiLlama (token breakdown of value locked, per protocol)","""2026-10-07""",CC BY 4.0,https://creativecommons.org/licenses/by/4.0/,Luca Valente,"CC BY 4.0 applies to the original compilation and editorial work by Luca Valente. Underlying third-party data retain their source terms, including Coin Metrics CC BY-NC 4.0 where indicated; this export does not replace those terms."
real_money_flows,2026-10-07,/blocchi/0/serie/33/1,1097044613,"DefiLlama (token breakdown of value locked, per protocol)","""2026-10-07""",CC BY 4.0,https://creativecommons.org/licenses/by/4.0/,Luca Valente,"CC BY 4.0 applies to the original compilation and editorial work by Luca Valente. Underlying third-party data retain their source terms, including Coin Metrics CC BY-NC 4.0 where indicated; this export does not replace those terms."
real_money_flows,2026-10-07,/blocchi/0/serie/34/0,"""2026-08-13""","DefiLlama (token breakdown of value locked, per protocol)","""2026-10-07""",CC BY 4.0,https://creativecommons.org/licenses/by/4.0/,Luca Valente,"CC BY 4.0 applies to the original compilation and editorial work by Luca Valente. Underlying third-party data retain their source terms, including Coin Metrics CC BY-NC 4.0 where indicated; this export does not replace those terms."
real_money_flows,2026-10-07,/blocchi/0/serie/34/1,1317352039,"DefiLlama (token breakdown of value locked, per protocol)","""2026-10-07""",CC BY 4.0,https://creativecommons.org/licenses/by/4.0/,Luca Valente,"CC BY 4.0 applies to the original compilation and editorial work by Luca Valente. Underlying third-party data retain their source terms, including Coin Metrics CC BY-NC 4.0 where indicated; this export does not replace those terms."
real_money_flows,2026-10-07,/blocchi/0/serie/35/0,"""2026-08-14""","DefiLlama (token breakdown of value locked, per protocol)","""2026-10-07""",CC BY 4.0,https://creativecommons.org/licenses/by/4.0/,Luca Valente,"CC BY 4.0 applies to the original compilation and editorial work by Luca Valente. Underlying third-party data retain their source terms, including Coin Metrics CC BY-NC 4.0 where indicated; this export does not replace those terms."
real_money_flows,2026-10-07,/blocchi/0/serie/35/1,1071179996,"DefiLlama (token breakdown of value locked, per protocol)","""2026-10-07""",CC BY 4.0,https://creativecommons.org/licenses/by/4.0/,Luca Valente,"CC BY 4.0 applies to the original compilation and editorial work by Luca Valente. Underlying third-party data retain their source terms, including Coin Metrics CC BY-NC 4.0 where indicated; this export does not replace those terms."
real_money_flows,2026-10-07,/blocchi/0/serie/36/0,"""2026-08-15""","DefiLlama (token breakdown of value locked, per protocol)","""2026-10-07""",CC BY 4.0,https://creativecommons.org/licenses/by/4.0/,Luca Valente,"CC BY 4.0 applies to the original compilation and editorial work by Luca Valente. Underlying third-party data retain their source terms, including Coin Metrics CC BY-NC 4.0 where indicated; this export does not replace those terms."
real_money_flows,2026-10-07,/blocchi/0/serie/36/1,1364178807,"DefiLlama (token breakdown of value locked, per protocol)","""2026-10-07""",CC BY 4.0,https://creativecommons.org/licenses/by/4.0/,Luca Valente,"CC BY 4.0 applies to the original compilation and editorial work by Luca Valente. Underlying third-party data retain their source terms, including Coin Metrics CC BY-NC 4.0 where indicated; this export does not replace those terms."
real_money_flows,2026-10-07,/blocchi/0/serie/37/0,"""2026-08-16""","DefiLlama (token breakdown of value locked, per protocol)","""2026-10-07""",CC BY 4.0,https://creativecommons.org/licenses/by/4.0/,Luca Valente,"CC BY 4.0 applies to the original compilation and editorial work by Luca Valente. Underlying third-party data retain their source terms, including Coin Metrics CC BY-NC 4.0 where indicated; this export does not replace those terms."
real_money_flows,2026-10-07,/blocchi/0/serie/37/1,1728788364,"DefiLlama (token breakdown of value locked, per protocol)","""2026-10-07""",CC BY 4.0,https://creativecommons.org/licenses/by/4.0/,Luca Valente,"CC BY 4.0 applies to the original compilation and editorial work by Luca Valente. Underlying third-party data retain their source terms, including Coin Metrics CC BY-NC 4.0 where indicated; this export does not replace those terms."
real_money_flows,2026-10-07,/blocchi/0/serie/38/0,"""2026-08-17""","DefiLlama (token breakdown of value locked, per protocol)","""2026-10-07""",CC BY 4.0,https://creativecommons.org/licenses/by/4.0/,Luca Valente,"CC BY 4.0 applies to the original compilation and editorial work by Luca Valente. Underlying third-party data retain their source terms, including Coin Metrics CC BY-NC 4.0 where indicated; this export does not replace those terms."
real_money_flows,2026-10-07,/blocchi/0/serie/38/1,1661859284,"DefiLlama (token breakdown of value locked, per protocol)","""2026-10-07""",CC BY 4.0,https://creativecommons.org/licenses/by/4.0/,Luca Valente,"CC BY 4.0 applies to the original compilation and editorial work by Luca Valente. Underlying third-party data retain their source terms, including Coin Metrics CC BY-NC 4.0 where indicated; this export does not replace those terms."
real_money_flows,2026-10-07,/blocchi/0/serie/39/0,"""2026-08-18""","DefiLlama (token breakdown of value locked, per protocol)","""2026-10-07""",CC BY 4.0,https://creativecommons.org/licenses/by/4.0/,Luca Valente,"CC BY 4.0 applies to the original compilation and editorial work by Luca Valente. Underlying third-party data retain their source terms, including Coin Metrics CC BY-NC 4.0 where indicated; this export does not replace those terms."
real_money_flows,2026-10-07,/blocchi/0/serie/39/1,1534528425,"DefiLlama (token breakdown of value locked, per protocol)","""2026-10-07""",CC BY 4.0,https://creativecommons.org/licenses/by/4.0/,Luca Valente,"CC BY 4.0 applies to the original compilation and editorial work by Luca Valente. Underlying third-party data retain their source terms, including Coin Metrics CC BY-NC 4.0 where indicated; this export does not replace those terms."
real_money_flows,2026-10-07,/blocchi/0/serie/40/0,"""2026-08-19""","DefiLlama (token breakdown of value locked, per protocol)","""2026-10-07""",CC BY 4.0,https://creativecommons.org/licenses/by/4.0/,Luca Valente,"CC BY 4.0 applies to the original compilation and editorial work by Luca Valente. Underlying third-party data retain their source terms, including Coin Metrics CC BY-NC 4.0 where indicated; this export does not replace those terms."
real_money_flows,2026-10-07,/blocchi/0/serie/40/1,1854019569,"DefiLlama (token breakdown of value locked, per protocol)","""2026-10-07""",CC BY 4.0,https://creativecommons.org/licenses/by/4.0/,Luca Valente,"CC BY 4.0 applies to the original compilation and editorial work by Luca Valente. Underlying third-party data retain their source terms, including Coin Metrics CC BY-NC 4.0 where indicated; this export does not replace those terms."
real_money_flows,2026-10-07,/blocchi/0/serie/41/0,"""2026-08-20""","DefiLlama (token breakdown of value locked, per protocol)","""2026-10-07""",CC BY 4.0,https://creativecommons.org/licenses/by/4.0/,Luca Valente,"CC BY 4.0 applies to the original compilation and editorial work by Luca Valente. Underlying third-party data retain their source terms, including Coin Metrics CC BY-NC 4.0 where indicated; this export does not replace those terms."
real_money_flows,2026-10-07,/blocchi/0/serie/41/1,2000331902,"DefiLlama (token breakdown of value locked, per protocol)","""2026-10-07""",CC BY 4.0,https://creativecommons.org/licenses/by/4.0/,Luca Valente,"CC BY 4.0 applies to the original compilation and editorial work by Luca Valente. Underlying third-party data retain their source terms, including Coin Metrics CC BY-NC 4.0 where indicated; this export does not replace those terms."
real_money_flows,2026-10-07,/blocchi/0/serie/42/0,"""2026-08-21""","DefiLlama (token breakdown of value locked, per protocol)","""2026-10-07""",CC BY 4.0,https://creativecommons.org/licenses/by/4.0/,Luca Valente,"CC BY 4.0 applies to the original compilation and editorial work by Luca Valente. Underlying third-party data retain their source terms, including Coin Metrics CC BY-NC 4.0 where indicated; this export does not replace those terms."
real_money_flows,2026-10-07,/blocchi/0/serie/42/1,1389159836,"DefiLlama (token breakdown of value locked, per protocol)","""2026-10-07""",CC BY 4.0,https://creativecommons.org/licenses/by/4.0/,Luca Valente,"CC BY 4.0 applies to the original compilation and editorial work by Luca Valente. Underlying third-party data retain their source terms, including Coin Metrics CC BY-NC 4.0 where indicated; this export does not replace those terms."
real_money_flows,2026-10-07,/blocchi/0/serie/43/0,"""2026-08-22""","DefiLlama (token breakdown of value locked, per protocol)","""2026-10-07""",CC BY 4.0,https://creativecommons.org/licenses/by/4.0/,Luca Valente,"CC BY 4.0 applies to the original compilation and editorial work by Luca Valente. Underlying third-party data retain their source terms, including Coin Metrics CC BY-NC 4.0 where indicated; this export does not replace those terms."
real_money_flows,2026-10-07,/blocchi/0/serie/43/1,780780151,"DefiLlama (token breakdown of value locked, per protocol)","""2026-10-07""",CC BY 4.0,https://creativecommons.org/licenses/by/4.0/,Luca Valente,"CC BY 4.0 applies to the original compilation and editorial work by Luca Valente. Underlying third-party data retain their source terms, including Coin Metrics CC BY-NC 4.0 where indicated; this export does not replace those terms."
real_money_flows,2026-10-07,/blocchi/0/serie/44/0,"""2026-08-23""","DefiLlama (token breakdown of value locked, per protocol)","""2026-10-07""",CC BY 4.0,https://creativecommons.org/licenses/by/4.0/,Luca Valente,"CC BY 4.0 applies to the original compilation and editorial work by Luca Valente. Underlying third-party data retain their source terms, including Coin Metrics CC BY-NC 4.0 where indicated; this export does not replace those terms."
real_money_flows,2026-10-07,/blocchi/0/serie/44/1,645565000,"DefiLlama (token breakdown of value locked, per protocol)","""2026-10-07""",CC BY 4.0,https://creativecommons.org/licenses/by/4.0/,Luca Valente,"CC BY 4.0 applies to the original compilation and editorial work by Luca Valente. Underlying third-party data retain their source terms, including Coin Metrics CC BY-NC 4.0 where indicated; this export does not replace those terms."
real_money_flows,2026-10-07,/blocchi/0/serie/45/0,"""2026-08-24""","DefiLlama (token breakdown of value locked, per protocol)","""2026-10-07""",CC BY 4.0,https://creativecommons.org/licenses/by/4.0/,Luca Valente,"CC BY 4.0 applies to the original compilation and editorial work by Luca Valente. Underlying third-party data retain their source terms, including Coin Metrics CC BY-NC 4.0 where indicated; this export does not replace those terms."
real_money_flows,2026-10-07,/blocchi/0/serie/45/1,366610411,"DefiLlama (token breakdown of value locked, per protocol)","""2026-10-07""",CC BY 4.0,https://creativecommons.org/licenses/by/4.0/,Luca Valente,"CC BY 4.0 applies to the original compilation and editorial work by Luca Valente. Underlying third-party data retain their source terms, including Coin Metrics CC BY-NC 4.0 where indicated; this export does not replace those terms."
real_money_flows,2026-10-07,/blocchi/0/serie/46/0,"""2026-08-25""","DefiLlama (token breakdown of value locked, per protocol)","""2026-10-07""",CC BY 4.0,https://creativecommons.org/licenses/by/4.0/,Luca Valente,"CC BY 4.0 applies to the original compilation and editorial work by Luca Valente. Underlying third-party data retain their source terms, including Coin Metrics CC BY-NC 4.0 where indicated; this export does not replace those terms."
real_money_flows,2026-10-07,/blocchi/0/serie/46/1,95469968,"DefiLlama (token breakdown of value locked, per protocol)","""2026-10-07""",CC BY 4.0,https://creativecommons.org/licenses/by/4.0/,Luca Valente,"CC BY 4.0 applies to the original compilation and editorial work by Luca Valente. Underlying third-party data retain their source terms, including Coin Metrics CC BY-NC 4.0 where indicated; this export does not replace those terms."
real_money_flows,2026-10-07,/blocchi/0/serie/47/0,"""2026-08-26""","DefiLlama (token breakdown of value locked, per protocol)","""2026-10-07""",CC BY 4.0,https://creativecommons.org/licenses/by/4.0/,Luca Valente,"CC BY 4.0 applies to the original compilation and editorial work by Luca Valente. Underlying third-party data retain their source terms, including Coin Metrics CC BY-NC 4.0 where indicated; this export does not replace those terms."
real_money_flows,2026-10-07,/blocchi/0/serie/47/1,460528799,"DefiLlama (token breakdown of value locked, per protocol)","""2026-10-07""",CC BY 4.0,https://creativecommons.org/licenses/by/4.0/,Luca Valente,"CC BY 4.0 applies to the original compilation and editorial work by Luca Valente. Underlying third-party data retain their source terms, including Coin Metrics CC BY-NC 4.0 where indicated; this export does not replace those terms."
real_money_flows,2026-10-07,/blocchi/0/serie/48/0,"""2026-08-27""","DefiLlama (token breakdown of value locked, per protocol)","""2026-10-07""",CC BY 4.0,https://creativecommons.org/licenses/by/4.0/,Luca Valente,"CC BY 4.0 applies to the original compilation and editorial work by Luca Valente. Underlying third-party data retain their source terms, including Coin Metrics CC BY-NC 4.0 where indicated; this export does not replace those terms."
real_money_flows,2026-10-07,/blocchi/0/serie/48/1,1014794951,"DefiLlama (token breakdown of value locked, per protocol)","""2026-10-07""",CC BY 4.0,https://creativecommons.org/licenses/by/4.0/,Luca Valente,"CC BY 4.0 applies to the original compilation and editorial work by Luca Valente. Underlying third-party data retain their source terms, including Coin Metrics CC BY-NC 4.0 where indicated; this export does not replace those terms."
real_money_flows,2026-10-07,/blocchi/0/serie/49/0,"""2026-08-28""","DefiLlama (token breakdown of value locked, per protocol)","""2026-10-07""",CC BY 4.0,https://creativecommons.org/licenses/by/4.0/,Luca Valente,"CC BY 4.0 applies to the original compilation and editorial work by Luca Valente. Underlying third-party data retain their source terms, including Coin Metrics CC BY-NC 4.0 where indicated; this export does not replace those terms."
real_money_flows,2026-10-07,/blocchi/0/serie/49/1,1851695566,"DefiLlama (token breakdown of value locked, per protocol)","""2026-10-07""",CC BY 4.0,https://creativecommons.org/licenses/by/4.0/,Luca Valente,"CC BY 4.0 applies to the original compilation and editorial work by Luca Valente. Underlying third-party data retain their source terms, including Coin Metrics CC BY-NC 4.0 where indicated; this export does not replace those terms."
real_money_flows,2026-10-07,/blocchi/0/serie/50/0,"""2026-08-29""","DefiLlama (token breakdown of value locked, per protocol)","""2026-10-07""",CC BY 4.0,https://creativecommons.org/licenses/by/4.0/,Luca Valente,"CC BY 4.0 applies to the original compilation and editorial work by Luca Valente. Underlying third-party data retain their source terms, including Coin Metrics CC BY-NC 4.0 where indicated; this export does not replace those terms."
real_money_flows,2026-10-07,/blocchi/0/serie/50/1,1328410927,"DefiLlama (token breakdown of value locked, per protocol)","""2026-10-07""",CC BY 4.0,https://creativecommons.org/licenses/by/4.0/,Luca Valente,"CC BY 4.0 applies to the original compilation and editorial work by Luca Valente. Underlying third-party data retain their source terms, including Coin Metrics CC BY-NC 4.0 where indicated; this export does not replace those terms."
real_money_flows,2026-10-07,/blocchi/0/serie/51/0,"""2026-08-30""","DefiLlama (token breakdown of value locked, per protocol)","""2026-10-07""",CC BY 4.0,https://creativecommons.org/licenses/by/4.0/,Luca Valente,"CC BY 4.0 applies to the original compilation and editorial work by Luca Valente. Underlying third-party data retain their source terms, including Coin Metrics CC BY-NC 4.0 where indicated; this export does not replace those terms."
real_money_flows,2026-10-07,/blocchi/0/serie/51/1,1151914031,"DefiLlama (token breakdown of value locked, per protocol)","""2026-10-07""",CC BY 4.0,https://creativecommons.org/licenses/by/4.0/,Luca Valente,"CC BY 4.0 applies to the original compilation and editorial work by Luca Valente. Underlying third-party data retain their source terms, including Coin Metrics CC BY-NC 4.0 where indicated; this export does not replace those terms."
real_money_flows,2026-10-07,/blocchi/0/serie/52/0,"""2026-08-31""","DefiLlama (token breakdown of value locked, per protocol)","""2026-10-07""",CC BY 4.0,https://creativecommons.org/licenses/by/4.0/,Luca Valente,"CC BY 4.0 applies to the original compilation and editorial work by Luca Valente. Underlying third-party data retain their source terms, including Coin Metrics CC BY-NC 4.0 where indicated; this export does not replace those terms."
real_money_flows,2026-10-07,/blocchi/0/serie/52/1,1084647646,"DefiLlama (token breakdown of value locked, per protocol)","""2026-10-07""",CC BY 4.0,https://creativecommons.org/licenses/by/4.0/,Luca Valente,"CC BY 4.0 applies to the original compilation and editorial work by Luca Valente. Underlying third-party data retain their source terms, including Coin Metrics CC BY-NC 4.0 where indicated; this export does not replace those terms."
real_money_flows,2026-10-07,/blocchi/0/serie/53/0,"""2026-09-01""","DefiLlama (token breakdown of value locked, per protocol)","""2026-10-07""",CC BY 4.0,https://creativecommons.org/licenses/by/4.0/,Luca Valente,"CC BY 4.0 applies to the original compilation and editorial work by Luca Valente. Underlying third-party data retain their source terms, including Coin Metrics CC BY-NC 4.0 where indicated; this export does not replace those terms."
real_money_flows,2026-10-07,/blocchi/0/serie/53/1,1427219240,"DefiLlama (token breakdown of value locked, per protocol)","""2026-10-07""",CC BY 4.0,https://creativecommons.org/licenses/by/4.0/,Luca Valente,"CC BY 4.0 applies to the original compilation and editorial work by Luca Valente. Underlying third-party data retain their source terms, including Coin Metrics CC BY-NC 4.0 where indicated; this export does not replace those terms."
real_money_flows,2026-10-07,/blocchi/0/serie/54/0,"""2026-09-02""","DefiLlama (token breakdown of value locked, per protocol)","""2026-10-07""",CC BY 4.0,https://creativecommons.org/licenses/by/4.0/,Luca Valente,"CC BY 4.0 applies to the original compilation and editorial work by Luca Valente. Underlying third-party data retain their source terms, including Coin Metrics CC BY-NC 4.0 where indicated; this export does not replace those terms."
real_money_flows,2026-10-07,/blocchi/0/serie/54/1,884230002,"DefiLlama (token breakdown of value locked, per protocol)","""2026-10-07""",CC BY 4.0,https://creativecommons.org/licenses/by/4.0/,Luca Valente,"CC BY 4.0 applies to the original compilation and editorial work by Luca Valente. Underlying third-party data retain their source terms, including Coin Metrics CC BY-NC 4.0 where indicated; this export does not replace those terms."
real_money_flows,2026-10-07,/blocchi/0/serie/55/0,"""2026-09-03""","DefiLlama (token breakdown of value locked, per protocol)","""2026-10-07""",CC BY 4.0,https://creativecommons.org/licenses/by/4.0/,Luca Valente,"CC BY 4.0 applies to the original compilation and editorial work by Luca Valente. Underlying third-party data retain their source terms, including Coin Metrics CC BY-NC 4.0 where indicated; this export does not replace those terms."
real_money_flows,2026-10-07,/blocchi/0/serie/55/1,1353532562,"DefiLlama (token breakdown of value locked, per protocol)","""2026-10-07""",CC BY 4.0,https://creativecommons.org/licenses/by/4.0/,Luca Valente,"CC BY 4.0 applies to the original compilation and editorial work by Luca Valente. Underlying third-party data retain their source terms, including Coin Metrics CC BY-NC 4.0 where indicated; this export does not replace those terms."
real_money_flows,2026-10-07,/blocchi/0/serie/56/0,"""2026-09-04""","DefiLlama (token breakdown of value locked, per protocol)","""2026-10-07""",CC BY 4.0,https://creativecommons.org/licenses/by/4.0/,Luca Valente,"CC BY 4.0 applies to the original compilation and editorial work by Luca Valente. Underlying third-party data retain their source terms, including Coin Metrics CC BY-NC 4.0 where indicated; this export does not replace those terms."
real_money_flows,2026-10-07,/blocchi/0/serie/56/1,1738461790,"DefiLlama (token breakdown of value locked, per protocol)","""2026-10-07""",CC BY 4.0,https://creativecommons.org/licenses/by/4.0/,Luca Valente,"CC BY 4.0 applies to the original compilation and editorial work by Luca Valente. Underlying third-party data retain their source terms, including Coin Metrics CC BY-NC 4.0 where indicated; this export does not replace those terms."
real_money_flows,2026-10-07,/blocchi/0/serie/57/0,"""2026-09-05""","DefiLlama (token breakdown of value locked, per protocol)","""2026-10-07""",CC BY 4.0,https://creativecommons.org/licenses/by/4.0/,Luca Valente,"CC BY 4.0 applies to the original compilation and editorial work by Luca Valente. Underlying third-party data retain their source terms, including Coin Metrics CC BY-NC 4.0 where indicated; this export does not replace those terms."
real_money_flows,2026-10-07,/blocchi/0/serie/57/1,1500562126,"DefiLlama (token breakdown of value locked, per protocol)","""2026-10-07""",CC BY 4.0,https://creativecommons.org/licenses/by/4.0/,Luca Valente,"CC BY 4.0 applies to the original compilation and editorial work by Luca Valente. Underlying third-party data retain their source terms, including Coin Metrics CC BY-NC 4.0 where indicated; this export does not replace those terms."
real_money_flows,2026-10-07,/blocchi/0/serie/58/0,"""2026-09-06""","DefiLlama (token breakdown of value locked, per protocol)","""2026-10-07""",CC BY 4.0,https://creativecommons.org/licenses/by/4.0/,Luca Valente,"CC BY 4.0 applies to the original compilation and editorial work by Luca Valente. Underlying third-party data retain their source terms, including Coin Metrics CC BY-NC 4.0 where indicated; this export does not replace those terms."
real_money_flows,2026-10-07,/blocchi/0/serie/58/1,1865800475,"DefiLlama (token breakdown of value locked, per protocol)","""2026-10-07""",CC BY 4.0,https://creativecommons.org/licenses/by/4.0/,Luca Valente,"CC BY 4.0 applies to the original compilation and editorial work by Luca Valente. Underlying third-party data retain their source terms, including Coin Metrics CC BY-NC 4.0 where indicated; this export does not replace those terms."
real_money_flows,2026-10-07,/blocchi/0/serie/59/0,"""2026-09-07""","DefiLlama (token breakdown of value locked, per protocol)","""2026-10-07""",CC BY 4.0,https://creativecommons.org/licenses/by/4.0/,Luca Valente,"CC BY 4.0 applies to the original compilation and editorial work by Luca Valente. Underlying third-party data retain their source terms, including Coin Metrics CC BY-NC 4.0 where indicated; this export does not replace those terms."
real_money_flows,2026-10-07,/blocchi/0/serie/59/1,1711259909,"DefiLlama (token breakdown of value locked, per protocol)","""2026-10-07""",CC BY 4.0,https://creativecommons.org/licenses/by/4.0/,Luca Valente,"CC BY 4.0 applies to the original compilation and editorial work by Luca Valente. Underlying third-party data retain their source terms, including Coin Metrics CC BY-NC 4.0 where indicated; this export does not replace those terms."
real_money_flows,2026-10-07,/blocchi/0/serie/60/0,"""2026-09-08""","DefiLlama (token breakdown of value locked, per protocol)","""2026-10-07""",CC BY 4.0,https://creativecommons.org/licenses/by/4.0/,Luca Valente,"CC BY 4.0 applies to the original compilation and editorial work by Luca Valente. Underlying third-party data retain their source terms, including Coin Metrics CC BY-NC 4.0 where indicated; this export does not replace those terms."
real_money_flows,2026-10-07,/blocchi/0/serie/60/1,1812774774,"DefiLlama (token breakdown of value locked, per protocol)","""2026-10-07""",CC BY 4.0,https://creativecommons.org/licenses/by/4.0/,Luca Valente,"CC BY 4.0 applies to the original compilation and editorial work by Luca Valente. Underlying third-party data retain their source terms, including Coin Metrics CC BY-NC 4.0 where indicated; this export does not replace those terms."
real_money_flows,2026-10-07,/blocchi/0/serie/61/0,"""2026-09-09""","DefiLlama (token breakdown of value locked, per protocol)","""2026-10-07""",CC BY 4.0,https://creativecommons.org/licenses/by/4.0/,Luca Valente,"CC BY 4.0 applies to the original compilation and editorial work by Luca Valente. Underlying third-party data retain their source terms, including Coin Metrics CC BY-NC 4.0 where indicated; this export does not replace those terms."
real_money_flows,2026-10-07,/blocchi/0/serie/61/1,2204995744,"DefiLlama (token breakdown of value locked, per protocol)","""2026-10-07""",CC BY 4.0,https://creativecommons.org/licenses/by/4.0/,Luca Valente,"CC BY 4.0 applies to the original compilation and editorial work by Luca Valente. Underlying third-party data retain their source terms, including Coin Metrics CC BY-NC 4.0 where indicated; this export does not replace those terms."
real_money_flows,2026-10-07,/blocchi/0/serie/62/0,"""2026-09-10""","DefiLlama (token breakdown of value locked, per protocol)","""2026-10-07""",CC BY 4.0,https://creativecommons.org/licenses/by/4.0/,Luca Valente,"CC BY 4.0 applies to the original compilation and editorial work by Luca Valente. Underlying third-party data retain their source terms, including Coin Metrics CC BY-NC 4.0 where indicated; this export does not replace those terms."
real_money_flows,2026-10-07,/blocchi/0/serie/62/1,1953374971,"DefiLlama (token breakdown of value locked, per protocol)","""2026-10-07""",CC BY 4.0,https://creativecommons.org/licenses/by/4.0/,Luca Valente,"CC BY 4.0 applies to the original compilation and editorial work by Luca Valente. Underlying third-party data retain their source terms, including Coin Metrics CC BY-NC 4.0 where indicated; this export does not replace those terms."
real_money_flows,2026-10-07,/blocchi/0/serie/63/0,"""2026-09-11""","DefiLlama (token breakdown of value locked, per protocol)","""2026-10-07""",CC BY 4.0,https://creativecommons.org/licenses/by/4.0/,Luca Valente,"CC BY 4.0 applies to the original compilation and editorial work by Luca Valente. Underlying third-party data retain their source terms, including Coin Metrics CC BY-NC 4.0 where indicated; this export does not replace those terms."
real_money_flows,2026-10-07,/blocchi/0/serie/63/1,2097669786,"DefiLlama (token breakdown of value locked, per protocol)","""2026-10-07""",CC BY 4.0,https://creativecommons.org/licenses/by/4.0/,Luca Valente,"CC BY 4.0 applies to the original compilation and editorial work by Luca Valente. Underlying third-party data retain their source terms, including Coin Metrics CC BY-NC 4.0 where indicated; this export does not replace those terms."
real_money_flows,2026-10-07,/blocchi/0/serie/64/0,"""2026-09-12""","DefiLlama (token breakdown of value locked, per protocol)","""2026-10-07""",CC BY 4.0,https://creativecommons.org/licenses/by/4.0/,Luca Valente,"CC BY 4.0 applies to the original compilation and editorial work by Luca Valente. Underlying third-party data retain their source terms, including Coin Metrics CC BY-NC 4.0 where indicated; this export does not replace those terms."
real_money_flows,2026-10-07,/blocchi/0/serie/64/1,2464338392,"DefiLlama (token breakdown of value locked, per protocol)","""2026-10-07""",CC BY 4.0,https://creativecommons.org/licenses/by/4.0/,Luca Valente,"CC BY 4.0 applies to the original compilation and editorial work by Luca Valente. Underlying third-party data retain their source terms, including Coin Metrics CC BY-NC 4.0 where indicated; this export does not replace those terms."
real_money_flows,2026-10-07,/blocchi/0/serie/65/0,"""2026-09-13""","DefiLlama (token breakdown of value locked, per protocol)","""2026-10-07""",CC BY 4.0,https://creativecommons.org/licenses/by/4.0/,Luca Valente,"CC BY 4.0 applies to the original compilation and editorial work by Luca Valente. Underlying third-party data retain their source terms, including Coin Metrics CC BY-NC 4.0 where indicated; this export does not replace those terms."
real_money_flows,2026-10-07,/blocchi/0/serie/65/1,2356290247,"DefiLlama (token breakdown of value locked, per protocol)","""2026-10-07""",CC BY 4.0,https://creativecommons.org/licenses/by/4.0/,Luca Valente,"CC BY 4.0 applies to the original compilation and editorial work by Luca Valente. Underlying third-party data retain their source terms, including Coin Metrics CC BY-NC 4.0 where indicated; this export does not replace those terms."
real_money_flows,2026-10-07,/blocchi/0/serie/66/0,"""2026-09-14""","DefiLlama (token breakdown of value locked, per protocol)","""2026-10-07""",CC BY 4.0,https://creativecommons.org/licenses/by/4.0/,Luca Valente,"CC BY 4.0 applies to the original compilation and editorial work by Luca Valente. Underlying third-party data retain their source terms, including Coin Metrics CC BY-NC 4.0 where indicated; this export does not replace those terms."
real_money_flows,2026-10-07,/blocchi/0/serie/66/1,2304246899,"DefiLlama (token breakdown of value locked, per protocol)","""2026-10-07""",CC BY 4.0,https://creativecommons.org/licenses/by/4.0/,Luca Valente,"CC BY 4.0 applies to the original compilation and editorial work by Luca Valente. Underlying third-party data retain their source terms, including Coin Metrics CC BY-NC 4.0 where indicated; this export does not replace those terms."
real_money_flows,2026-10-07,/blocchi/0/serie/67/0,"""2026-09-15""","DefiLlama (token breakdown of value locked, per protocol)","""2026-10-07""",CC BY 4.0,https://creativecommons.org/licenses/by/4.0/,Luca Valente,"CC BY 4.0 applies to the original compilation and editorial work by Luca Valente. Underlying third-party data retain their source terms, including Coin Metrics CC BY-NC 4.0 where indicated; this export does not replace those terms."
real_money_flows,2026-10-07,/blocchi/0/serie/67/1,2435778109,"DefiLlama (token breakdown of value locked, per protocol)","""2026-10-07""",CC BY 4.0,https://creativecommons.org/licenses/by/4.0/,Luca Valente,"CC BY 4.0 applies to the original compilation and editorial work by Luca Valente. Underlying third-party data retain their source terms, including Coin Metrics CC BY-NC 4.0 where indicated; this export does not replace those terms."
real_money_flows,2026-10-07,/blocchi/0/serie/68/0,"""2026-09-16""","DefiLlama (token breakdown of value locked, per protocol)","""2026-10-07""",CC BY 4.0,https://creativecommons.org/licenses/by/4.0/,Luca Valente,"CC BY 4.0 applies to the original compilation and editorial work by Luca Valente. Underlying third-party data retain their source terms, including Coin Metrics CC BY-NC 4.0 where indicated; this export does not replace those terms."
real_money_flows,2026-10-07,/blocchi/0/serie/68/1,2202293244,"DefiLlama (token breakdown of value locked, per protocol)","""2026-10-07""",CC BY 4.0,https://creativecommons.org/licenses/by/4.0/,Luca Valente,"CC BY 4.0 applies to the original compilation and editorial work by Luca Valente. Underlying third-party data retain their source terms, including Coin Metrics CC BY-NC 4.0 where indicated; this export does not replace those terms."
real_money_flows,2026-10-07,/blocchi/0/serie/69/0,"""2026-09-17""","DefiLlama (token breakdown of value locked, per protocol)","""2026-10-07""",CC BY 4.0,https://creativecommons.org/licenses/by/4.0/,Luca Valente,"CC BY 4.0 applies to the original compilation and editorial work by Luca Valente. Underlying third-party data retain their source terms, including Coin Metrics CC BY-NC 4.0 where indicated; this export does not replace those terms."
real_money_flows,2026-10-07,/blocchi/0/serie/69/1,2076994509,"DefiLlama (token breakdown of value locked, per protocol)","""2026-10-07""",CC BY 4.0,https://creativecommons.org/licenses/by/4.0/,Luca Valente,"CC BY 4.0 applies to the original compilation and editorial work by Luca Valente. Underlying third-party data retain their source terms, including Coin Metrics CC BY-NC 4.0 where indicated; this export does not replace those terms."
real_money_flows,2026-10-07,/blocchi/0/serie/70/0,"""2026-09-18""","DefiLlama (token breakdown of value locked, per protocol)","""2026-10-07""",CC BY 4.0,https://creativecommons.org/licenses/by/4.0/,Luca Valente,"CC BY 4.0 applies to the original compilation and editorial work by Luca Valente. Underlying third-party data retain their source terms, including Coin Metrics CC BY-NC 4.0 where indicated; this export does not replace those terms."
real_money_flows,2026-10-07,/blocchi/0/serie/70/1,2122383101,"DefiLlama (token breakdown of value locked, per protocol)","""2026-10-07""",CC BY 4.0,https://creativecommons.org/licenses/by/4.0/,Luca Valente,"CC BY 4.0 applies to the original compilation and editorial work by Luca Valente. Underlying third-party data retain their source terms, including Coin Metrics CC BY-NC 4.0 where indicated; this export does not replace those terms."
real_money_flows,2026-10-07,/blocchi/0/serie/71/0,"""2026-09-19""","DefiLlama (token breakdown of value locked, per protocol)","""2026-10-07""",CC BY 4.0,https://creativecommons.org/licenses/by/4.0/,Luca Valente,"CC BY 4.0 applies to the original compilation and editorial work by Luca Valente. Underlying third-party data retain their source terms, including Coin Metrics CC BY-NC 4.0 where indicated; this export does not replace those terms."
real_money_flows,2026-10-07,/blocchi/0/serie/71/1,2504979991,"DefiLlama (token breakdown of value locked, per protocol)","""2026-10-07""",CC BY 4.0,https://creativecommons.org/licenses/by/4.0/,Luca Valente,"CC BY 4.0 applies to the original compilation and editorial work by Luca Valente. Underlying third-party data retain their source terms, including Coin Metrics CC BY-NC 4.0 where indicated; this export does not replace those terms."
real_money_flows,2026-10-07,/blocchi/0/serie/72/0,"""2026-09-20""","DefiLlama (token breakdown of value locked, per protocol)","""2026-10-07""",CC BY 4.0,https://creativecommons.org/licenses/by/4.0/,Luca Valente,"CC BY 4.0 applies to the original compilation and editorial work by Luca Valente. Underlying third-party data retain their source terms, including Coin Metrics CC BY-NC 4.0 where indicated; this export does not replace those terms."
real_money_flows,2026-10-07,/blocchi/0/serie/72/1,3502845822,"DefiLlama (token breakdown of value locked, per protocol)","""2026-10-07""",CC BY 4.0,https://creativecommons.org/licenses/by/4.0/,Luca Valente,"CC BY 4.0 applies to the original compilation and editorial work by Luca Valente. Underlying third-party data retain their source terms, including Coin Metrics CC BY-NC 4.0 where indicated; this export does not replace those terms."
real_money_flows,2026-10-07,/blocchi/0/serie/73/0,"""2026-09-21""","DefiLlama (token breakdown of value locked, per protocol)","""2026-10-07""",CC BY 4.0,https://creativecommons.org/licenses/by/4.0/,Luca Valente,"CC BY 4.0 applies to the original compilation and editorial work by Luca Valente. Underlying third-party data retain their source terms, including Coin Metrics CC BY-NC 4.0 where indicated; this export does not replace those terms."
real_money_flows,2026-10-07,/blocchi/0/serie/73/1,3889437076,"DefiLlama (token breakdown of value locked, per protocol)","""2026-10-07""",CC BY 4.0,https://creativecommons.org/licenses/by/4.0/,Luca Valente,"CC BY 4.0 applies to the original compilation and editorial work by Luca Valente. Underlying third-party data retain their source terms, including Coin Metrics CC BY-NC 4.0 where indicated; this export does not replace those terms."
real_money_flows,2026-10-07,/blocchi/0/serie/74/0,"""2026-09-22""","DefiLlama (token breakdown of value locked, per protocol)","""2026-10-07""",CC BY 4.0,https://creativecommons.org/licenses/by/4.0/,Luca Valente,"CC BY 4.0 applies to the original compilation and editorial work by Luca Valente. Underlying third-party data retain their source terms, including Coin Metrics CC BY-NC 4.0 where indicated; this export does not replace those terms."
real_money_flows,2026-10-07,/blocchi/0/serie/74/1,3110106729,"DefiLlama (token breakdown of value locked, per protocol)","""2026-10-07""",CC BY 4.0,https://creativecommons.org/licenses/by/4.0/,Luca Valente,"CC BY 4.0 applies to the original compilation and editorial work by Luca Valente. Underlying third-party data retain their source terms, including Coin Metrics CC BY-NC 4.0 where indicated; this export does not replace those terms."
real_money_flows,2026-10-07,/blocchi/0/serie/75/0,"""2026-09-23""","DefiLlama (token breakdown of value locked, per protocol)","""2026-10-07""",CC BY 4.0,https://creativecommons.org/licenses/by/4.0/,Luca Valente,"CC BY 4.0 applies to the original compilation and editorial work by Luca Valente. Underlying third-party data retain their source terms, including Coin Metrics CC BY-NC 4.0 where indicated; this export does not replace those terms."
real_money_flows,2026-10-07,/blocchi/0/serie/75/1,3649188216,"DefiLlama (token breakdown of value locked, per protocol)","""2026-10-07""",CC BY 4.0,https://creativecommons.org/licenses/by/4.0/,Luca Valente,"CC BY 4.0 applies to the original compilation and editorial work by Luca Valente. Underlying third-party data retain their source terms, including Coin Metrics CC BY-NC 4.0 where indicated; this export does not replace those terms."
real_money_flows,2026-10-07,/blocchi/0/serie/76/0,"""2026-09-24""","DefiLlama (token breakdown of value locked, per protocol)","""2026-10-07""",CC BY 4.0,https://creativecommons.org/licenses/by/4.0/,Luca Valente,"CC BY 4.0 applies to the original compilation and editorial work by Luca Valente. Underlying third-party data retain their source terms, including Coin Metrics CC BY-NC 4.0 where indicated; this export does not replace those terms."
real_money_flows,2026-10-07,/blocchi/0/serie/76/1,3655660203,"DefiLlama (token breakdown of value locked, per protocol)","""2026-10-07""",CC BY 4.0,https://creativecommons.org/licenses/by/4.0/,Luca Valente,"CC BY 4.0 applies to the original compilation and editorial work by Luca Valente. Underlying third-party data retain their source terms, including Coin Metrics CC BY-NC 4.0 where indicated; this export does not replace those terms."
real_money_flows,2026-10-07,/blocchi/0/serie/77/0,"""2026-09-25""","DefiLlama (token breakdown of value locked, per protocol)","""2026-10-07""",CC BY 4.0,https://creativecommons.org/licenses/by/4.0/,Luca Valente,"CC BY 4.0 applies to the original compilation and editorial work by Luca Valente. Underlying third-party data retain their source terms, including Coin Metrics CC BY-NC 4.0 where indicated; this export does not replace those terms."
real_money_flows,2026-10-07,/blocchi/0/serie/77/1,3765499738,"DefiLlama (token breakdown of value locked, per protocol)","""2026-10-07""",CC BY 4.0,https://creativecommons.org/licenses/by/4.0/,Luca Valente,"CC BY 4.0 applies to the original compilation and editorial work by Luca Valente. Underlying third-party data retain their source terms, including Coin Metrics CC BY-NC 4.0 where indicated; this export does not replace those terms."
real_money_flows,2026-10-07,/blocchi/0/serie/78/0,"""2026-09-26""","DefiLlama (token breakdown of value locked, per protocol)","""2026-10-07""",CC BY 4.0,https://creativecommons.org/licenses/by/4.0/,Luca Valente,"CC BY 4.0 applies to the original compilation and editorial work by Luca Valente. Underlying third-party data retain their source terms, including Coin Metrics CC BY-NC 4.0 where indicated; this export does not replace those terms."
real_money_flows,2026-10-07,/blocchi/0/serie/78/1,4002821268,"DefiLlama (token breakdown of value locked, per protocol)","""2026-10-07""",CC BY 4.0,https://creativecommons.org/licenses/by/4.0/,Luca Valente,"CC BY 4.0 applies to the original compilation and editorial work by Luca Valente. Underlying third-party data retain their source terms, including Coin Metrics CC BY-NC 4.0 where indicated; this export does not replace those terms."
real_money_flows,2026-10-07,/blocchi/0/serie/79/0,"""2026-09-27""","DefiLlama (token breakdown of value locked, per protocol)","""2026-10-07""",CC BY 4.0,https://creativecommons.org/licenses/by/4.0/,Luca Valente,"CC BY 4.0 applies to the original compilation and editorial work by Luca Valente. Underlying third-party data retain their source terms, including Coin Metrics CC BY-NC 4.0 where indicated; this export does not replace those terms."
real_money_flows,2026-10-07,/blocchi/0/serie/79/1,3460540169,"DefiLlama (token breakdown of value locked, per protocol)","""2026-10-07""",CC BY 4.0,https://creativecommons.org/licenses/by/4.0/,Luca Valente,"CC BY 4.0 applies to the original compilation and editorial work by Luca Valente. Underlying third-party data retain their source terms, including Coin Metrics CC BY-NC 4.0 where indicated; this export does not replace those terms."
real_money_flows,2026-10-07,/blocchi/0/serie/80/0,"""2026-09-28""","DefiLlama (token breakdown of value locked, per protocol)","""2026-10-07""",CC BY 4.0,https://creativecommons.org/licenses/by/4.0/,Luca Valente,"CC BY 4.0 applies to the original compilation and editorial work by Luca Valente. Underlying third-party data retain their source terms, including Coin Metrics CC BY-NC 4.0 where indicated; this export does not replace those terms."
real_money_flows,2026-10-07,/blocchi/0/serie/80/1,3617704576,"DefiLlama (token breakdown of value locked, per protocol)","""2026-10-07""",CC BY 4.0,https://creativecommons.org/licenses/by/4.0/,Luca Valente,"CC BY 4.0 applies to the original compilation and editorial work by Luca Valente. Underlying third-party data retain their source terms, including Coin Metrics CC BY-NC 4.0 where indicated; this export does not replace those terms."
real_money_flows,2026-10-07,/blocchi/0/serie/81/0,"""2026-09-29""","DefiLlama (token breakdown of value locked, per protocol)","""2026-10-07""",CC BY 4.0,https://creativecommons.org/licenses/by/4.0/,Luca Valente,"CC BY 4.0 applies to the original compilation and editorial work by Luca Valente. Underlying third-party data retain their source terms, including Coin Metrics CC BY-NC 4.0 where indicated; this export does not replace those terms."
real_money_flows,2026-10-07,/blocchi/0/serie/81/1,3802826917,"DefiLlama (token breakdown of value locked, per protocol)","""2026-10-07""",CC BY 4.0,https://creativecommons.org/licenses/by/4.0/,Luca Valente,"CC BY 4.0 applies to the original compilation and editorial work by Luca Valente. Underlying third-party data retain their source terms, including Coin Metrics CC BY-NC 4.0 where indicated; this export does not replace those terms."
real_money_flows,2026-10-07,/blocchi/0/serie/82/0,"""2026-09-30""","DefiLlama (token breakdown of value locked, per protocol)","""2026-10-07""",CC BY 4.0,https://creativecommons.org/licenses/by/4.0/,Luca Valente,"CC BY 4.0 applies to the original compilation and editorial work by Luca Valente. Underlying third-party data retain their source terms, including Coin Metrics CC BY-NC 4.0 where indicated; this export does not replace those terms."
real_money_flows,2026-10-07,/blocchi/0/serie/82/1,3972930933,"DefiLlama (token breakdown of value locked, per protocol)","""2026-10-07""",CC BY 4.0,https://creativecommons.org/licenses/by/4.0/,Luca Valente,"CC BY 4.0 applies to the original compilation and editorial work by Luca Valente. Underlying third-party data retain their source terms, including Coin Metrics CC BY-NC 4.0 where indicated; this export does not replace those terms."
real_money_flows,2026-10-07,/blocchi/0/serie/83/0,"""2026-10-01""","DefiLlama (token breakdown of value locked, per protocol)","""2026-10-07""",CC BY 4.0,https://creativecommons.org/licenses/by/4.0/,Luca Valente,"CC BY 4.0 applies to the original compilation and editorial work by Luca Valente. Underlying third-party data retain their source terms, including Coin Metrics CC BY-NC 4.0 where indicated; this export does not replace those terms."
real_money_flows,2026-10-07,/blocchi/0/serie/83/1,3451560702,"DefiLlama (token breakdown of value locked, per protocol)","""2026-10-07""",CC BY 4.0,https://creativecommons.org/licenses/by/4.0/,Luca Valente,"CC BY 4.0 applies to the original compilation and editorial work by Luca Valente. Underlying third-party data retain their source terms, including Coin Metrics CC BY-NC 4.0 where indicated; this export does not replace those terms."
real_money_flows,2026-10-07,/blocchi/0/serie/84/0,"""2026-10-02""","DefiLlama (token breakdown of value locked, per protocol)","""2026-10-07""",CC BY 4.0,https://creativecommons.org/licenses/by/4.0/,Luca Valente,"CC BY 4.0 applies to the original compilation and editorial work by Luca Valente. Underlying third-party data retain their source terms, including Coin Metrics CC BY-NC 4.0 where indicated; this export does not replace those terms."
real_money_flows,2026-10-07,/blocchi/0/serie/84/1,3506462662,"DefiLlama (token breakdown of value locked, per protocol)","""2026-10-07""",CC BY 4.0,https://creativecommons.org/licenses/by/4.0/,Luca Valente,"CC BY 4.0 applies to the original compilation and editorial work by Luca Valente. Underlying third-party data retain their source terms, including Coin Metrics CC BY-NC 4.0 where indicated; this export does not replace those terms."
real_money_flows,2026-10-07,/blocchi/0/serie/85/0,"""2026-10-03""","DefiLlama (token breakdown of value locked, per protocol)","""2026-10-07""",CC BY 4.0,https://creativecommons.org/licenses/by/4.0/,Luca Valente,"CC BY 4.0 applies to the original compilation and editorial work by Luca Valente. Underlying third-party data retain their source terms, including Coin Metrics CC BY-NC 4.0 where indicated; this export does not replace those terms."
real_money_flows,2026-10-07,/blocchi/0/serie/85/1,3765475716,"DefiLlama (token breakdown of value locked, per protocol)","""2026-10-07""",CC BY 4.0,https://creativecommons.org/licenses/by/4.0/,Luca Valente,"CC BY 4.0 applies to the original compilation and editorial work by Luca Valente. Underlying third-party data retain their source terms, including Coin Metrics CC BY-NC 4.0 where indicated; this export does not replace those terms."
real_money_flows,2026-10-07,/blocchi/0/serie/86/0,"""2026-10-04""","DefiLlama (token breakdown of value locked, per protocol)","""2026-10-07""",CC BY 4.0,https://creativecommons.org/licenses/by/4.0/,Luca Valente,"CC BY 4.0 applies to the original compilation and editorial work by Luca Valente. Underlying third-party data retain their source terms, including Coin Metrics CC BY-NC 4.0 where indicated; this export does not replace those terms."
real_money_flows,2026-10-07,/blocchi/0/serie/86/1,3520425007,"DefiLlama (token breakdown of value locked, per protocol)","""2026-10-07""",CC BY 4.0,https://creativecommons.org/licenses/by/4.0/,Luca Valente,"CC BY 4.0 applies to the original compilation and editorial work by Luca Valente. Underlying third-party data retain their source terms, including Coin Metrics CC BY-NC 4.0 where indicated; this export does not replace those terms."
real_money_flows,2026-10-07,/blocchi/0/serie/87/0,"""2026-10-05""","DefiLlama (token breakdown of value locked, per protocol)","""2026-10-07""",CC BY 4.0,https://creativecommons.org/licenses/by/4.0/,Luca Valente,"CC BY 4.0 applies to the original compilation and editorial work by Luca Valente. Underlying third-party data retain their source terms, including Coin Metrics CC BY-NC 4.0 where indicated; this export does not replace those terms."
real_money_flows,2026-10-07,/blocchi/0/serie/87/1,3807177774,"DefiLlama (token breakdown of value locked, per protocol)","""2026-10-07""",CC BY 4.0,https://creativecommons.org/licenses/by/4.0/,Luca Valente,"CC BY 4.0 applies to the original compilation and editorial work by Luca Valente. Underlying third-party data retain their source terms, including Coin Metrics CC BY-NC 4.0 where indicated; this export does not replace those terms."
real_money_flows,2026-10-07,/blocchi/0/serie/88/0,"""2026-10-06""","DefiLlama (token breakdown of value locked, per protocol)","""2026-10-07""",CC BY 4.0,https://creativecommons.org/licenses/by/4.0/,Luca Valente,"CC BY 4.0 applies to the original compilation and editorial work by Luca Valente. Underlying third-party data retain their source terms, including Coin Metrics CC BY-NC 4.0 where indicated; this export does not replace those terms."
real_money_flows,2026-10-07,/blocchi/0/serie/88/1,3784299320,"DefiLlama (token breakdown of value locked, per protocol)","""2026-10-07""",CC BY 4.0,https://creativecommons.org/licenses/by/4.0/,Luca Valente,"CC BY 4.0 applies to the original compilation and editorial work by Luca Valente. Underlying third-party data retain their source terms, including Coin Metrics CC BY-NC 4.0 where indicated; this export does not replace those terms."
real_money_flows,2026-10-07,/blocchi/0/serie/89/0,"""2026-10-07""","DefiLlama (token breakdown of value locked, per protocol)","""2026-10-07""",CC BY 4.0,https://creativecommons.org/licenses/by/4.0/,Luca Valente,"CC BY 4.0 applies to the original compilation and editorial work by Luca Valente. Underlying third-party data retain their source terms, including Coin Metrics CC BY-NC 4.0 where indicated; this export does not replace those terms."
real_money_flows,2026-10-07,/blocchi/0/serie/89/1,3838122455,"DefiLlama (token breakdown of value locked, per protocol)","""2026-10-07""",CC BY 4.0,https://creativecommons.org/licenses/by/4.0/,Luca Valente,"CC BY 4.0 applies to the original compilation and editorial work by Luca Valente. Underlying third-party data retain their source terms, including Coin Metrics CC BY-NC 4.0 where indicated; this export does not replace those terms."
real_money_flows,2026-10-07,/blocchi/1/id,"""settori""","DefiLlama (token breakdown of value locked, per protocol)","""2026-10-07""",CC BY 4.0,https://creativecommons.org/licenses/by/4.0/,Luca Valente,"CC BY 4.0 applies to the original compilation and editorial work by Luca Valente. Underlying third-party data retain their source terms, including Coin Metrics CC BY-NC 4.0 where indicated; this export does not replace those terms."
real_money_flows,2026-10-07,/blocchi/1/titolo,"""By sector""","DefiLlama (token breakdown of value locked, per protocol)","""2026-10-07""",CC BY 4.0,https://creativecommons.org/licenses/by/4.0/,Luca Valente,"CC BY 4.0 applies to the original compilation and editorial work by Luca Valente. Underlying third-party data retain their source terms, including Coin Metrics CC BY-NC 4.0 where indicated; this export does not replace those terms."
real_money_flows,2026-10-07,/blocchi/1/finestre/0,7,"DefiLlama (token breakdown of value locked, per protocol)","""2026-10-07""",CC BY 4.0,https://creativecommons.org/licenses/by/4.0/,Luca Valente,"CC BY 4.0 applies to the original compilation and editorial work by Luca Valente. Underlying third-party data retain their source terms, including Coin Metrics CC BY-NC 4.0 where indicated; this export does not replace those terms."
real_money_flows,2026-10-07,/blocchi/1/finestre/1,30,"DefiLlama (token breakdown of value locked, per protocol)","""2026-10-07""",CC BY 4.0,https://creativecommons.org/licenses/by/4.0/,Luca Valente,"CC BY 4.0 applies to the original compilation and editorial work by Luca Valente. Underlying third-party data retain their source terms, including Coin Metrics CC BY-NC 4.0 where indicated; this export does not replace those terms."
real_money_flows,2026-10-07,/blocchi/1/righe/0/nome,"""Lending""","DefiLlama (token breakdown of value locked, per protocol)","""2026-10-07""",CC BY 4.0,https://creativecommons.org/licenses/by/4.0/,Luca Valente,"CC BY 4.0 applies to the original compilation and editorial work by Luca Valente. Underlying third-party data retain their source terms, including Coin Metrics CC BY-NC 4.0 where indicated; this export does not replace those terms."
real_money_flows,2026-10-07,/blocchi/1/righe/0/protocolli,26,"DefiLlama (token breakdown of value locked, per protocol)","""2026-10-07""",CC BY 4.0,https://creativecommons.org/licenses/by/4.0/,Luca Valente,"CC BY 4.0 applies to the original compilation and editorial work by Luca Valente. Underlying third-party data retain their source terms, including Coin Metrics CC BY-NC 4.0 where indicated; this export does not replace those terms."
real_money_flows,2026-10-07,/blocchi/1/righe/0/valore_inizio_usd,49282739282,"DefiLlama (token breakdown of value locked, per protocol)","""2026-10-07""",CC BY 4.0,https://creativecommons.org/licenses/by/4.0/,Luca Valente,"CC BY 4.0 applies to the original compilation and editorial work by Luca Valente. Underlying third-party data retain their source terms, including Coin Metrics CC BY-NC 4.0 where indicated; this export does not replace those terms."
real_money_flows,2026-10-07,/blocchi/1/righe/0/peso_primo_contributo,0.383,"DefiLlama (token breakdown of value locked, per protocol)","""2026-10-07""",CC BY 4.0,https://creativecommons.org/licenses/by/4.0/,Luca Valente,"CC BY 4.0 applies to the original compilation and editorial work by Luca Valente. Underlying third-party data retain their source terms, including Coin Metrics CC BY-NC 4.0 where indicated; this export does not replace those terms."
real_money_flows,2026-10-07,/blocchi/1/righe/0/senza_il_primo_usd,335202971,"DefiLlama (token breakdown of value locked, per protocol)","""2026-10-07""",CC BY 4.0,https://creativecommons.org/licenses/by/4.0/,Luca Valente,"CC BY 4.0 applies to the original compilation and editorial work by Luca Valente. Underlying third-party data retain their source terms, including Coin Metrics CC BY-NC 4.0 where indicated; this export does not replace those terms."
real_money_flows,2026-10-07,/blocchi/1/righe/0/flussi_7g_usd,472891349,"DefiLlama (token breakdown of value locked, per protocol)","""2026-10-07""",CC BY 4.0,https://creativecommons.org/licenses/by/4.0/,Luca Valente,"CC BY 4.0 applies to the original compilation and editorial work by Luca Valente. Underlying third-party data retain their source terms, including Coin Metrics CC BY-NC 4.0 where indicated; this export does not replace those terms."
real_money_flows,2026-10-07,/blocchi/1/righe/0/quota_7g,0.0089,"DefiLlama (token breakdown of value locked, per protocol)","""2026-10-07""",CC BY 4.0,https://creativecommons.org/licenses/by/4.0/,Luca Valente,"CC BY 4.0 applies to the original compilation and editorial work by Luca Valente. Underlying third-party data retain their source terms, including Coin Metrics CC BY-NC 4.0 where indicated; this export does not replace those terms."
real_money_flows,2026-10-07,/blocchi/1/righe/0/flussi_30g_usd,1485559802,"DefiLlama (token breakdown of value locked, per protocol)","""2026-10-07""",CC BY 4.0,https://creativecommons.org/licenses/by/4.0/,Luca Valente,"CC BY 4.0 applies to the original compilation and editorial work by Luca Valente. Underlying third-party data retain their source terms, including Coin Metrics CC BY-NC 4.0 where indicated; this export does not replace those terms."
real_money_flows,2026-10-07,/blocchi/1/righe/0/quota_30g,0.0301,"DefiLlama (token breakdown of value locked, per protocol)","""2026-10-07""",CC BY 4.0,https://creativecommons.org/licenses/by/4.0/,Luca Valente,"CC BY 4.0 applies to the original compilation and editorial work by Luca Valente. Underlying third-party data retain their source terms, including Coin Metrics CC BY-NC 4.0 where indicated; this export does not replace those terms."
real_money_flows,2026-10-07,/blocchi/1/righe/1/nome,"""Basis trading""","DefiLlama (token breakdown of value locked, per protocol)","""2026-10-07""",CC BY 4.0,https://creativecommons.org/licenses/by/4.0/,Luca Valente,"CC BY 4.0 applies to the original compilation and editorial work by Luca Valente. Underlying third-party data retain their source terms, including Coin Metrics CC BY-NC 4.0 where indicated; this export does not replace those terms."
real_money_flows,2026-10-07,/blocchi/1/righe/1/protocolli,8,"DefiLlama (token breakdown of value locked, per protocol)","""2026-10-07""",CC BY 4.0,https://creativecommons.org/licenses/by/4.0/,Luca Valente,"CC BY 4.0 applies to the original compilation and editorial work by Luca Valente. Underlying third-party data retain their source terms, including Coin Metrics CC BY-NC 4.0 where indicated; this export does not replace those terms."
real_money_flows,2026-10-07,/blocchi/1/righe/1/valore_inizio_usd,6517921051,"DefiLlama (token breakdown of value locked, per protocol)","""2026-10-07""",CC BY 4.0,https://creativecommons.org/licenses/by/4.0/,Luca Valente,"CC BY 4.0 applies to the original compilation and editorial work by Luca Valente. Underlying third-party data retain their source terms, including Coin Metrics CC BY-NC 4.0 where indicated; this export does not replace those terms."
real_money_flows,2026-10-07,/blocchi/1/righe/1/peso_primo_contributo,0.5094,"DefiLlama (token breakdown of value locked, per protocol)","""2026-10-07""",CC BY 4.0,https://creativecommons.org/licenses/by/4.0/,Luca Valente,"CC BY 4.0 applies to the original compilation and editorial work by Luca Valente. Underlying third-party data retain their source terms, including Coin Metrics CC BY-NC 4.0 where indicated; this export does not replace those terms."
real_money_flows,2026-10-07,/blocchi/1/righe/1/senza_il_primo_usd,447860798,"DefiLlama (token breakdown of value locked, per protocol)","""2026-10-07""",CC BY 4.0,https://creativecommons.org/licenses/by/4.0/,Luca Valente,"CC BY 4.0 applies to the original compilation and editorial work by Luca Valente. Underlying third-party data retain their source terms, including Coin Metrics CC BY-NC 4.0 where indicated; this export does not replace those terms."
real_money_flows,2026-10-07,/blocchi/1/righe/1/flussi_7g_usd,508287389,"DefiLlama (token breakdown of value locked, per protocol)","""2026-10-07""",CC BY 4.0,https://creativecommons.org/licenses/by/4.0/,Luca Valente,"CC BY 4.0 applies to the original compilation and editorial work by Luca Valente. Underlying third-party data retain their source terms, including Coin Metrics CC BY-NC 4.0 where indicated; this export does not replace those terms."
real_money_flows,2026-10-07,/blocchi/1/righe/1/quota_7g,0.0717,"DefiLlama (token breakdown of value locked, per protocol)","""2026-10-07""",CC BY 4.0,https://creativecommons.org/licenses/by/4.0/,Luca Valente,"CC BY 4.0 applies to the original compilation and editorial work by Luca Valente. Underlying third-party data retain their source terms, including Coin Metrics CC BY-NC 4.0 where indicated; this export does not replace those terms."
real_money_flows,2026-10-07,/blocchi/1/righe/1/flussi_30g_usd,1055029827,"DefiLlama (token breakdown of value locked, per protocol)","""2026-10-07""",CC BY 4.0,https://creativecommons.org/licenses/by/4.0/,Luca Valente,"CC BY 4.0 applies to the original compilation and editorial work by Luca Valente. Underlying third-party data retain their source terms, including Coin Metrics CC BY-NC 4.0 where indicated; this export does not replace those terms."
real_money_flows,2026-10-07,/blocchi/1/righe/1/quota_30g,0.1619,"DefiLlama (token breakdown of value locked, per protocol)","""2026-10-07""",CC BY 4.0,https://creativecommons.org/licenses/by/4.0/,Luca Valente,"CC BY 4.0 applies to the original compilation and editorial work by Luca Valente. Underlying third-party data retain their source terms, including Coin Metrics CC BY-NC 4.0 where indicated; this export does not replace those terms."
real_money_flows,2026-10-07,/blocchi/1/righe/2/nome,"""Liquid staking""","DefiLlama (token breakdown of value locked, per protocol)","""2026-10-07""",CC BY 4.0,https://creativecommons.org/licenses/by/4.0/,Luca Valente,"CC BY 4.0 applies to the original compilation and editorial work by Luca Valente. Underlying third-party data retain their source terms, including Coin Metrics CC BY-NC 4.0 where indicated; this export does not replace those terms."
real_money_flows,2026-10-07,/blocchi/1/righe/2/protocolli,25,"DefiLlama (token breakdown of value locked, per protocol)","""2026-10-07""",CC BY 4.0,https://creativecommons.org/licenses/by/4.0/,Luca Valente,"CC BY 4.0 applies to the original compilation and editorial work by Luca Valente. Underlying third-party data retain their source terms, including Coin Metrics CC BY-NC 4.0 where indicated; this export does not replace those terms."
real_money_flows,2026-10-07,/blocchi/1/righe/2/valore_inizio_usd,38911906032,"DefiLlama (token breakdown of value locked, per protocol)","""2026-10-07""",CC BY 4.0,https://creativecommons.org/licenses/by/4.0/,Luca Valente,"CC BY 4.0 applies to the original compilation and editorial work by Luca Valente. Underlying third-party data retain their source terms, including Coin Metrics CC BY-NC 4.0 where indicated; this export does not replace those terms."
real_money_flows,2026-10-07,/blocchi/1/righe/2/peso_primo_contributo,0.267,"DefiLlama (token breakdown of value locked, per protocol)","""2026-10-07""",CC BY 4.0,https://creativecommons.org/licenses/by/4.0/,Luca Valente,"CC BY 4.0 applies to the original compilation and editorial work by Luca Valente. Underlying third-party data retain their source terms, including Coin Metrics CC BY-NC 4.0 where indicated; this export does not replace those terms."
real_money_flows,2026-10-07,/blocchi/1/righe/2/senza_il_primo_usd,266549955,"DefiLlama (token breakdown of value locked, per protocol)","""2026-10-07""",CC BY 4.0,https://creativecommons.org/licenses/by/4.0/,Luca Valente,"CC BY 4.0 applies to the original compilation and editorial work by Luca Valente. Underlying third-party data retain their source terms, including Coin Metrics CC BY-NC 4.0 where indicated; this export does not replace those terms."
real_money_flows,2026-10-07,/blocchi/1/righe/2/flussi_7g_usd,-364066138,"DefiLlama (token breakdown of value locked, per protocol)","""2026-10-07""",CC BY 4.0,https://creativecommons.org/licenses/by/4.0/,Luca Valente,"CC BY 4.0 applies to the original compilation and editorial work by Luca Valente. Underlying third-party data retain their source terms, including Coin Metrics CC BY-NC 4.0 where indicated; this export does not replace those terms."
real_money_flows,2026-10-07,/blocchi/1/righe/2/quota_7g,-0.0078,"DefiLlama (token breakdown of value locked, per protocol)","""2026-10-07""",CC BY 4.0,https://creativecommons.org/licenses/by/4.0/,Luca Valente,"CC BY 4.0 applies to the original compilation and editorial work by Luca Valente. Underlying third-party data retain their source terms, including Coin Metrics CC BY-NC 4.0 where indicated; this export does not replace those terms."
real_money_flows,2026-10-07,/blocchi/1/righe/2/flussi_30g_usd,583876702,"DefiLlama (token breakdown of value locked, per protocol)","""2026-10-07""",CC BY 4.0,https://creativecommons.org/licenses/by/4.0/,Luca Valente,"CC BY 4.0 applies to the original compilation and editorial work by Luca Valente. Underlying third-party data retain their source terms, including Coin Metrics CC BY-NC 4.0 where indicated; this export does not replace those terms."
real_money_flows,2026-10-07,/blocchi/1/righe/2/quota_30g,0.015,"DefiLlama (token breakdown of value locked, per protocol)","""2026-10-07""",CC BY 4.0,https://creativecommons.org/licenses/by/4.0/,Luca Valente,"CC BY 4.0 applies to the original compilation and editorial work by Luca Valente. Underlying third-party data retain their source terms, including Coin Metrics CC BY-NC 4.0 where indicated; this export does not replace those terms."
real_money_flows,2026-10-07,/blocchi/1/righe/3/nome,"""Collateralised debt""","DefiLlama (token breakdown of value locked, per protocol)","""2026-10-07""",CC BY 4.0,https://creativecommons.org/licenses/by/4.0/,Luca Valente,"CC BY 4.0 applies to the original compilation and editorial work by Luca Valente. Underlying third-party data retain their source terms, including Coin Metrics CC BY-NC 4.0 where indicated; this export does not replace those terms."
real_money_flows,2026-10-07,/blocchi/1/righe/3/protocolli,5,"DefiLlama (token breakdown of value locked, per protocol)","""2026-10-07""",CC BY 4.0,https://creativecommons.org/licenses/by/4.0/,Luca Valente,"CC BY 4.0 applies to the original compilation and editorial work by Luca Valente. Underlying third-party data retain their source terms, including Coin Metrics CC BY-NC 4.0 where indicated; this export does not replace those terms."
real_money_flows,2026-10-07,/blocchi/1/righe/3/valore_inizio_usd,7373360798,"DefiLlama (token breakdown of value locked, per protocol)","""2026-10-07""",CC BY 4.0,https://creativecommons.org/licenses/by/4.0/,Luca Valente,"CC BY 4.0 applies to the original compilation and editorial work by Luca Valente. Underlying third-party data retain their source terms, including Coin Metrics CC BY-NC 4.0 where indicated; this export does not replace those terms."
real_money_flows,2026-10-07,/blocchi/1/righe/3/peso_primo_contributo,0.6052,"DefiLlama (token breakdown of value locked, per protocol)","""2026-10-07""",CC BY 4.0,https://creativecommons.org/licenses/by/4.0/,Luca Valente,"CC BY 4.0 applies to the original compilation and editorial work by Luca Valente. Underlying third-party data retain their source terms, including Coin Metrics CC BY-NC 4.0 where indicated; this export does not replace those terms."
real_money_flows,2026-10-07,/blocchi/1/righe/3/senza_il_primo_usd,-128282150,"DefiLlama (token breakdown of value locked, per protocol)","""2026-10-07""",CC BY 4.0,https://creativecommons.org/licenses/by/4.0/,Luca Valente,"CC BY 4.0 applies to the original compilation and editorial work by Luca Valente. Underlying third-party data retain their source terms, including Coin Metrics CC BY-NC 4.0 where indicated; this export does not replace those terms."
real_money_flows,2026-10-07,/blocchi/1/righe/3/flussi_7g_usd,131529931,"DefiLlama (token breakdown of value locked, per protocol)","""2026-10-07""",CC BY 4.0,https://creativecommons.org/licenses/by/4.0/,Luca Valente,"CC BY 4.0 applies to the original compilation and editorial work by Luca Valente. Underlying third-party data retain their source terms, including Coin Metrics CC BY-NC 4.0 where indicated; this export does not replace those terms."
real_money_flows,2026-10-07,/blocchi/1/righe/3/quota_7g,0.0172,"DefiLlama (token breakdown of value locked, per protocol)","""2026-10-07""",CC BY 4.0,https://creativecommons.org/licenses/by/4.0/,Luca Valente,"CC BY 4.0 applies to the original compilation and editorial work by Luca Valente. Underlying third-party data retain their source terms, including Coin Metrics CC BY-NC 4.0 where indicated; this export does not replace those terms."
real_money_flows,2026-10-07,/blocchi/1/righe/3/flussi_30g_usd,275515411,"DefiLlama (token breakdown of value locked, per protocol)","""2026-10-07""",CC BY 4.0,https://creativecommons.org/licenses/by/4.0/,Luca Valente,"CC BY 4.0 applies to the original compilation and editorial work by Luca Valente. Underlying third-party data retain their source terms, including Coin Metrics CC BY-NC 4.0 where indicated; this export does not replace those terms."
real_money_flows,2026-10-07,/blocchi/1/righe/3/quota_30g,0.0374,"DefiLlama (token breakdown of value locked, per protocol)","""2026-10-07""",CC BY 4.0,https://creativecommons.org/licenses/by/4.0/,Luca Valente,"CC BY 4.0 applies to the original compilation and editorial work by Luca Valente. Underlying third-party data retain their source terms, including Coin Metrics CC BY-NC 4.0 where indicated; this export does not replace those terms."
real_money_flows,2026-10-07,/blocchi/1/righe/4/nome,"""DEXs""","DefiLlama (token breakdown of value locked, per protocol)","""2026-10-07""",CC BY 4.0,https://creativecommons.org/licenses/by/4.0/,Luca Valente,"CC BY 4.0 applies to the original compilation and editorial work by Luca Valente. Underlying third-party data retain their source terms, including Coin Metrics CC BY-NC 4.0 where indicated; this export does not replace those terms."
real_money_flows,2026-10-07,/blocchi/1/righe/4/protocolli,14,"DefiLlama (token breakdown of value locked, per protocol)","""2026-10-07""",CC BY 4.0,https://creativecommons.org/licenses/by/4.0/,Luca Valente,"CC BY 4.0 applies to the original compilation and editorial work by Luca Valente. Underlying third-party data retain their source terms, including Coin Metrics CC BY-NC 4.0 where indicated; this export does not replace those terms."
real_money_flows,2026-10-07,/blocchi/1/righe/4/valore_inizio_usd,6206945588,"DefiLlama (token breakdown of value locked, per protocol)","""2026-10-07""",CC BY 4.0,https://creativecommons.org/licenses/by/4.0/,Luca Valente,"CC BY 4.0 applies to the original compilation and editorial work by Luca Valente. Underlying third-party data retain their source terms, including Coin Metrics CC BY-NC 4.0 where indicated; this export does not replace those terms."
real_money_flows,2026-10-07,/blocchi/1/righe/4/peso_primo_contributo,0.3433,"DefiLlama (token breakdown of value locked, per protocol)","""2026-10-07""",CC BY 4.0,https://creativecommons.org/licenses/by/4.0/,Luca Valente,"CC BY 4.0 applies to the original compilation and editorial work by Luca Valente. Underlying third-party data retain their source terms, including Coin Metrics CC BY-NC 4.0 where indicated; this export does not replace those terms."
real_money_flows,2026-10-07,/blocchi/1/righe/4/senza_il_primo_usd,-47644691,"DefiLlama (token breakdown of value locked, per protocol)","""2026-10-07""",CC BY 4.0,https://creativecommons.org/licenses/by/4.0/,Luca Valente,"CC BY 4.0 applies to the original compilation and editorial work by Luca Valente. Underlying third-party data retain their source terms, including Coin Metrics CC BY-NC 4.0 where indicated; this export does not replace those terms."
real_money_flows,2026-10-07,/blocchi/1/righe/4/flussi_7g_usd,-28143523,"DefiLlama (token breakdown of value locked, per protocol)","""2026-10-07""",CC BY 4.0,https://creativecommons.org/licenses/by/4.0/,Luca Valente,"CC BY 4.0 applies to the original compilation and editorial work by Luca Valente. Underlying third-party data retain their source terms, including Coin Metrics CC BY-NC 4.0 where indicated; this export does not replace those terms."
real_money_flows,2026-10-07,/blocchi/1/righe/4/quota_7g,-0.004,"DefiLlama (token breakdown of value locked, per protocol)","""2026-10-07""",CC BY 4.0,https://creativecommons.org/licenses/by/4.0/,Luca Valente,"CC BY 4.0 applies to the original compilation and editorial work by Luca Valente. Underlying third-party data retain their source terms, including Coin Metrics CC BY-NC 4.0 where indicated; this export does not replace those terms."
real_money_flows,2026-10-07,/blocchi/1/righe/4/flussi_30g_usd,202658823,"DefiLlama (token breakdown of value locked, per protocol)","""2026-10-07""",CC BY 4.0,https://creativecommons.org/licenses/by/4.0/,Luca Valente,"CC BY 4.0 applies to the original compilation and editorial work by Luca Valente. Underlying third-party data retain their source terms, including Coin Metrics CC BY-NC 4.0 where indicated; this export does not replace those terms."
real_money_flows,2026-10-07,/blocchi/1/righe/4/quota_30g,0.0327,"DefiLlama (token breakdown of value locked, per protocol)","""2026-10-07""",CC BY 4.0,https://creativecommons.org/licenses/by/4.0/,Luca Valente,"CC BY 4.0 applies to the original compilation and editorial work by Luca Valente. Underlying third-party data retain their source terms, including Coin Metrics CC BY-NC 4.0 where indicated; this export does not replace those terms."
real_money_flows,2026-10-07,/blocchi/1/righe/5/nome,"""Yield""","DefiLlama (token breakdown of value locked, per protocol)","""2026-10-07""",CC BY 4.0,https://creativecommons.org/licenses/by/4.0/,Luca Valente,"CC BY 4.0 applies to the original compilation and editorial work by Luca Valente. Underlying third-party data retain their source terms, including Coin Metrics CC BY-NC 4.0 where indicated; this export does not replace those terms."
real_money_flows,2026-10-07,/blocchi/1/righe/5/protocolli,6,"DefiLlama (token breakdown of value locked, per protocol)","""2026-10-07""",CC BY 4.0,https://creativecommons.org/licenses/by/4.0/,Luca Valente,"CC BY 4.0 applies to the original compilation and editorial work by Luca Valente. Underlying third-party data retain their source terms, including Coin Metrics CC BY-NC 4.0 where indicated; this export does not replace those terms."
real_money_flows,2026-10-07,/blocchi/1/righe/5/valore_inizio_usd,3398282546,"DefiLlama (token breakdown of value locked, per protocol)","""2026-10-07""",CC BY 4.0,https://creativecommons.org/licenses/by/4.0/,Luca Valente,"CC BY 4.0 applies to the original compilation and editorial work by Luca Valente. Underlying third-party data retain their source terms, including Coin Metrics CC BY-NC 4.0 where indicated; this export does not replace those terms."
real_money_flows,2026-10-07,/blocchi/1/righe/5/peso_primo_contributo,0.4975,"DefiLlama (token breakdown of value locked, per protocol)","""2026-10-07""",CC BY 4.0,https://creativecommons.org/licenses/by/4.0/,Luca Valente,"CC BY 4.0 applies to the original compilation and editorial work by Luca Valente. Underlying third-party data retain their source terms, including Coin Metrics CC BY-NC 4.0 where indicated; this export does not replace those terms."
real_money_flows,2026-10-07,/blocchi/1/righe/5/senza_il_primo_usd,30339956,"DefiLlama (token breakdown of value locked, per protocol)","""2026-10-07""",CC BY 4.0,https://creativecommons.org/licenses/by/4.0/,Luca Valente,"CC BY 4.0 applies to the original compilation and editorial work by Luca Valente. Underlying third-party data retain their source terms, including Coin Metrics CC BY-NC 4.0 where indicated; this export does not replace those terms."
real_money_flows,2026-10-07,/blocchi/1/righe/5/flussi_7g_usd,110095879,"DefiLlama (token breakdown of value locked, per protocol)","""2026-10-07""",CC BY 4.0,https://creativecommons.org/licenses/by/4.0/,Luca Valente,"CC BY 4.0 applies to the original compilation and editorial work by Luca Valente. Underlying third-party data retain their source terms, including Coin Metrics CC BY-NC 4.0 where indicated; this export does not replace those terms."
real_money_flows,2026-10-07,/blocchi/1/righe/5/quota_7g,0.0313,"DefiLlama (token breakdown of value locked, per protocol)","""2026-10-07""",CC BY 4.0,https://creativecommons.org/licenses/by/4.0/,Luca Valente,"CC BY 4.0 applies to the original compilation and editorial work by Luca Valente. Underlying third-party data retain their source terms, including Coin Metrics CC BY-NC 4.0 where indicated; this export does not replace those terms."
real_money_flows,2026-10-07,/blocchi/1/righe/5/flussi_30g_usd,164943851,"DefiLlama (token breakdown of value locked, per protocol)","""2026-10-07""",CC BY 4.0,https://creativecommons.org/licenses/by/4.0/,Luca Valente,"CC BY 4.0 applies to the original compilation and editorial work by Luca Valente. Underlying third-party data retain their source terms, including Coin Metrics CC BY-NC 4.0 where indicated; this export does not replace those terms."
real_money_flows,2026-10-07,/blocchi/1/righe/5/quota_30g,0.0485,"DefiLlama (token breakdown of value locked, per protocol)","""2026-10-07""",CC BY 4.0,https://creativecommons.org/licenses/by/4.0/,Luca Valente,"CC BY 4.0 applies to the original compilation and editorial work by Luca Valente. Underlying third-party data retain their source terms, including Coin Metrics CC BY-NC 4.0 where indicated; this export does not replace those terms."
real_money_flows,2026-10-07,/blocchi/1/righe/6/nome,"""Derivatives""","DefiLlama (token breakdown of value locked, per protocol)","""2026-10-07""",CC BY 4.0,https://creativecommons.org/licenses/by/4.0/,Luca Valente,"CC BY 4.0 applies to the original compilation and editorial work by Luca Valente. Underlying third-party data retain their source terms, including Coin Metrics CC BY-NC 4.0 where indicated; this export does not replace those terms."
real_money_flows,2026-10-07,/blocchi/1/righe/6/protocolli,20,"DefiLlama (token breakdown of value locked, per protocol)","""2026-10-07""",CC BY 4.0,https://creativecommons.org/licenses/by/4.0/,Luca Valente,"CC BY 4.0 applies to the original compilation and editorial work by Luca Valente. Underlying third-party data retain their source terms, including Coin Metrics CC BY-NC 4.0 where indicated; this export does not replace those terms."
real_money_flows,2026-10-07,/blocchi/1/righe/6/valore_inizio_usd,1736931450,"DefiLlama (token breakdown of value locked, per protocol)","""2026-10-07""",CC BY 4.0,https://creativecommons.org/licenses/by/4.0/,Luca Valente,"CC BY 4.0 applies to the original compilation and editorial work by Luca Valente. Underlying third-party data retain their source terms, including Coin Metrics CC BY-NC 4.0 where indicated; this export does not replace those terms."
real_money_flows,2026-10-07,/blocchi/1/righe/6/peso_primo_contributo,0.3803,"DefiLlama (token breakdown of value locked, per protocol)","""2026-10-07""",CC BY 4.0,https://creativecommons.org/licenses/by/4.0/,Luca Valente,"CC BY 4.0 applies to the original compilation and editorial work by Luca Valente. Underlying third-party data retain their source terms, including Coin Metrics CC BY-NC 4.0 where indicated; this export does not replace those terms."
real_money_flows,2026-10-07,/blocchi/1/righe/6/senza_il_primo_usd,-27096934,"DefiLlama (token breakdown of value locked, per protocol)","""2026-10-07""",CC BY 4.0,https://creativecommons.org/licenses/by/4.0/,Luca Valente,"CC BY 4.0 applies to the original compilation and editorial work by Luca Valente. Underlying third-party data retain their source terms, including Coin Metrics CC BY-NC 4.0 where indicated; this export does not replace those terms."
real_money_flows,2026-10-07,/blocchi/1/righe/6/flussi_7g_usd,17378195,"DefiLlama (token breakdown of value locked, per protocol)","""2026-10-07""",CC BY 4.0,https://creativecommons.org/licenses/by/4.0/,Luca Valente,"CC BY 4.0 applies to the original compilation and editorial work by Luca Valente. Underlying third-party data retain their source terms, including Coin Metrics CC BY-NC 4.0 where indicated; this export does not replace those terms."
real_money_flows,2026-10-07,/blocchi/1/righe/6/quota_7g,0.0095,"DefiLlama (token breakdown of value locked, per protocol)","""2026-10-07""",CC BY 4.0,https://creativecommons.org/licenses/by/4.0/,Luca Valente,"CC BY 4.0 applies to the original compilation and editorial work by Luca Valente. Underlying third-party data retain their source terms, including Coin Metrics CC BY-NC 4.0 where indicated; this export does not replace those terms."
real_money_flows,2026-10-07,/blocchi/1/righe/6/flussi_30g_usd,18866939,"DefiLlama (token breakdown of value locked, per protocol)","""2026-10-07""",CC BY 4.0,https://creativecommons.org/licenses/by/4.0/,Luca Valente,"CC BY 4.0 applies to the original compilation and editorial work by Luca Valente. Underlying third-party data retain their source terms, including Coin Metrics CC BY-NC 4.0 where indicated; this export does not replace those terms."
real_money_flows,2026-10-07,/blocchi/1/righe/6/quota_30g,0.0109,"DefiLlama (token breakdown of value locked, per protocol)","""2026-10-07""",CC BY 4.0,https://creativecommons.org/licenses/by/4.0/,Luca Valente,"CC BY 4.0 applies to the original compilation and editorial work by Luca Valente. Underlying third-party data retain their source terms, including Coin Metrics CC BY-NC 4.0 where indicated; this export does not replace those terms."
real_money_flows,2026-10-07,/blocchi/1/righe/7/nome,"""Real-world assets""","DefiLlama (token breakdown of value locked, per protocol)","""2026-10-07""",CC BY 4.0,https://creativecommons.org/licenses/by/4.0/,Luca Valente,"CC BY 4.0 applies to the original compilation and editorial work by Luca Valente. Underlying third-party data retain their source terms, including Coin Metrics CC BY-NC 4.0 where indicated; this export does not replace those terms."
real_money_flows,2026-10-07,/blocchi/1/righe/7/protocolli,19,"DefiLlama (token breakdown of value locked, per protocol)","""2026-10-07""",CC BY 4.0,https://creativecommons.org/licenses/by/4.0/,Luca Valente,"CC BY 4.0 applies to the original compilation and editorial work by Luca Valente. Underlying third-party data retain their source terms, including Coin Metrics CC BY-NC 4.0 where indicated; this export does not replace those terms."
real_money_flows,2026-10-07,/blocchi/1/righe/7/valore_inizio_usd,4398142382,"DefiLlama (token breakdown of value locked, per protocol)","""2026-10-07""",CC BY 4.0,https://creativecommons.org/licenses/by/4.0/,Luca Valente,"CC BY 4.0 applies to the original compilation and editorial work by Luca Valente. Underlying third-party data retain their source terms, including Coin Metrics CC BY-NC 4.0 where indicated; this export does not replace those terms."
real_money_flows,2026-10-07,/blocchi/1/righe/7/peso_primo_contributo,0.5452,"DefiLlama (token breakdown of value locked, per protocol)","""2026-10-07""",CC BY 4.0,https://creativecommons.org/licenses/by/4.0/,Luca Valente,"CC BY 4.0 applies to the original compilation and editorial work by Luca Valente. Underlying third-party data retain their source terms, including Coin Metrics CC BY-NC 4.0 where indicated; this export does not replace those terms."
real_money_flows,2026-10-07,/blocchi/1/righe/7/senza_il_primo_usd,334980400,"DefiLlama (token breakdown of value locked, per protocol)","""2026-10-07""",CC BY 4.0,https://creativecommons.org/licenses/by/4.0/,Luca Valente,"CC BY 4.0 applies to the original compilation and editorial work by Luca Valente. Underlying third-party data retain their source terms, including Coin Metrics CC BY-NC 4.0 where indicated; this export does not replace those terms."
real_money_flows,2026-10-07,/blocchi/1/righe/7/flussi_7g_usd,165468736,"DefiLlama (token breakdown of value locked, per protocol)","""2026-10-07""",CC BY 4.0,https://creativecommons.org/licenses/by/4.0/,Luca Valente,"CC BY 4.0 applies to the original compilation and editorial work by Luca Valente. Underlying third-party data retain their source terms, including Coin Metrics CC BY-NC 4.0 where indicated; this export does not replace those terms."
real_money_flows,2026-10-07,/blocchi/1/righe/7/quota_7g,0.0391,"DefiLlama (token breakdown of value locked, per protocol)","""2026-10-07""",CC BY 4.0,https://creativecommons.org/licenses/by/4.0/,Luca Valente,"CC BY 4.0 applies to the original compilation and editorial work by Luca Valente. Underlying third-party data retain their source terms, including Coin Metrics CC BY-NC 4.0 where indicated; this export does not replace those terms."
real_money_flows,2026-10-07,/blocchi/1/righe/7/flussi_30g_usd,-131148517,"DefiLlama (token breakdown of value locked, per protocol)","""2026-10-07""",CC BY 4.0,https://creativecommons.org/licenses/by/4.0/,Luca Valente,"CC BY 4.0 applies to the original compilation and editorial work by Luca Valente. Underlying third-party data retain their source terms, including Coin Metrics CC BY-NC 4.0 where indicated; this export does not replace those terms."
real_money_flows,2026-10-07,/blocchi/1/righe/7/quota_30g,-0.0298,"DefiLlama (token breakdown of value locked, per protocol)","""2026-10-07""",CC BY 4.0,https://creativecommons.org/licenses/by/4.0/,Luca Valente,"CC BY 4.0 applies to the original compilation and editorial work by Luca Valente. Underlying third-party data retain their source terms, including Coin Metrics CC BY-NC 4.0 where indicated; this export does not replace those terms."
real_money_flows,2026-10-07,/blocchi/1/righe/8/nome,"""Other""","DefiLlama (token breakdown of value locked, per protocol)","""2026-10-07""",CC BY 4.0,https://creativecommons.org/licenses/by/4.0/,Luca Valente,"CC BY 4.0 applies to the original compilation and editorial work by Luca Valente. Underlying third-party data retain their source terms, including Coin Metrics CC BY-NC 4.0 where indicated; this export does not replace those terms."
real_money_flows,2026-10-07,/blocchi/1/righe/8/protocolli,78,"DefiLlama (token breakdown of value locked, per protocol)","""2026-10-07""",CC BY 4.0,https://creativecommons.org/licenses/by/4.0/,Luca Valente,"CC BY 4.0 applies to the original compilation and editorial work by Luca Valente. Underlying third-party data retain their source terms, including Coin Metrics CC BY-NC 4.0 where indicated; this export does not replace those terms."
real_money_flows,2026-10-07,/blocchi/1/righe/8/valore_inizio_usd,9253153869,"DefiLlama (token breakdown of value locked, per protocol)","""2026-10-07""",CC BY 4.0,https://creativecommons.org/licenses/by/4.0/,Luca Valente,"CC BY 4.0 applies to the original compilation and editorial work by Luca Valente. Underlying third-party data retain their source terms, including Coin Metrics CC BY-NC 4.0 where indicated; this export does not replace those terms."
real_money_flows,2026-10-07,/blocchi/1/righe/8/peso_primo_contributo,0.2487,"DefiLlama (token breakdown of value locked, per protocol)","""2026-10-07""",CC BY 4.0,https://creativecommons.org/licenses/by/4.0/,Luca Valente,"CC BY 4.0 applies to the original compilation and editorial work by Luca Valente. Underlying third-party data retain their source terms, including Coin Metrics CC BY-NC 4.0 where indicated; this export does not replace those terms."
real_money_flows,2026-10-07,/blocchi/1/righe/8/residuo,true,"DefiLlama (token breakdown of value locked, per protocol)","""2026-10-07""",CC BY 4.0,https://creativecommons.org/licenses/by/4.0/,Luca Valente,"CC BY 4.0 applies to the original compilation and editorial work by Luca Valente. Underlying third-party data retain their source terms, including Coin Metrics CC BY-NC 4.0 where indicated; this export does not replace those terms."
real_money_flows,2026-10-07,/blocchi/1/righe/8/flussi_7g_usd,-10356056,"DefiLlama (token breakdown of value locked, per protocol)","""2026-10-07""",CC BY 4.0,https://creativecommons.org/licenses/by/4.0/,Luca Valente,"CC BY 4.0 applies to the original compilation and editorial work by Luca Valente. Underlying third-party data retain their source terms, including Coin Metrics CC BY-NC 4.0 where indicated; this export does not replace those terms."
real_money_flows,2026-10-07,/blocchi/1/righe/8/quota_7g,-0.001,"DefiLlama (token breakdown of value locked, per protocol)","""2026-10-07""",CC BY 4.0,https://creativecommons.org/licenses/by/4.0/,Luca Valente,"CC BY 4.0 applies to the original compilation and editorial work by Luca Valente. Underlying third-party data retain their source terms, including Coin Metrics CC BY-NC 4.0 where indicated; this export does not replace those terms."
real_money_flows,2026-10-07,/blocchi/1/righe/8/flussi_30g_usd,182819617,"DefiLlama (token breakdown of value locked, per protocol)","""2026-10-07""",CC BY 4.0,https://creativecommons.org/licenses/by/4.0/,Luca Valente,"CC BY 4.0 applies to the original compilation and editorial work by Luca Valente. Underlying third-party data retain their source terms, including Coin Metrics CC BY-NC 4.0 where indicated; this export does not replace those terms."
real_money_flows,2026-10-07,/blocchi/1/righe/8/quota_30g,0.0198,"DefiLlama (token breakdown of value locked, per protocol)","""2026-10-07""",CC BY 4.0,https://creativecommons.org/licenses/by/4.0/,Luca Valente,"CC BY 4.0 applies to the original compilation and editorial work by Luca Valente. Underlying third-party data retain their source terms, including Coin Metrics CC BY-NC 4.0 where indicated; this export does not replace those terms."
real_money_flows,2026-10-07,/blocchi/1/minimi/protocolli,5,"DefiLlama (token breakdown of value locked, per protocol)","""2026-10-07""",CC BY 4.0,https://creativecommons.org/licenses/by/4.0/,Luca Valente,"CC BY 4.0 applies to the original compilation and editorial work by Luca Valente. Underlying third-party data retain their source terms, including Coin Metrics CC BY-NC 4.0 where indicated; this export does not replace those terms."
real_money_flows,2026-10-07,/blocchi/1/minimi/valore_usd,500000000,"DefiLlama (token breakdown of value locked, per protocol)","""2026-10-07""",CC BY 4.0,https://creativecommons.org/licenses/by/4.0/,Luca Valente,"CC BY 4.0 applies to the original compilation and editorial work by Luca Valente. Underlying third-party data retain their source terms, including Coin Metrics CC BY-NC 4.0 where indicated; this export does not replace those terms."
real_money_flows,2026-10-07,/blocchi/2/id,"""catene""","DefiLlama (token breakdown of value locked, per protocol)","""2026-10-07""",CC BY 4.0,https://creativecommons.org/licenses/by/4.0/,Luca Valente,"CC BY 4.0 applies to the original compilation and editorial work by Luca Valente. Underlying third-party data retain their source terms, including Coin Metrics CC BY-NC 4.0 where indicated; this export does not replace those terms."
real_money_flows,2026-10-07,/blocchi/2/titolo,"""By chain""","DefiLlama (token breakdown of value locked, per protocol)","""2026-10-07""",CC BY 4.0,https://creativecommons.org/licenses/by/4.0/,Luca Valente,"CC BY 4.0 applies to the original compilation and editorial work by Luca Valente. Underlying third-party data retain their source terms, including Coin Metrics CC BY-NC 4.0 where indicated; this export does not replace those terms."
real_money_flows,2026-10-07,/blocchi/2/finestre/0,7,"DefiLlama (token breakdown of value locked, per protocol)","""2026-10-07""",CC BY 4.0,https://creativecommons.org/licenses/by/4.0/,Luca Valente,"CC BY 4.0 applies to the original compilation and editorial work by Luca Valente. Underlying third-party data retain their source terms, including Coin Metrics CC BY-NC 4.0 where indicated; this export does not replace those terms."
real_money_flows,2026-10-07,/blocchi/2/finestre/1,30,"DefiLlama (token breakdown of value locked, per protocol)","""2026-10-07""",CC BY 4.0,https://creativecommons.org/licenses/by/4.0/,Luca Valente,"CC BY 4.0 applies to the original compilation and editorial work by Luca Valente. Underlying third-party data retain their source terms, including Coin Metrics CC BY-NC 4.0 where indicated; this export does not replace those terms."
real_money_flows,2026-10-07,/blocchi/2/righe/0/nome,"""Ethereum""","DefiLlama (token breakdown of value locked, per protocol)","""2026-10-07""",CC BY 4.0,https://creativecommons.org/licenses/by/4.0/,Luca Valente,"CC BY 4.0 applies to the original compilation and editorial work by Luca Valente. Underlying third-party data retain their source terms, including Coin Metrics CC BY-NC 4.0 where indicated; this export does not replace those terms."
real_money_flows,2026-10-07,/blocchi/2/righe/0/protocolli,51,"DefiLlama (token breakdown of value locked, per protocol)","""2026-10-07""",CC BY 4.0,https://creativecommons.org/licenses/by/4.0/,Luca Valente,"CC BY 4.0 applies to the original compilation and editorial work by Luca Valente. Underlying third-party data retain their source terms, including Coin Metrics CC BY-NC 4.0 where indicated; this export does not replace those terms."
real_money_flows,2026-10-07,/blocchi/2/righe/0/valore_inizio_usd,58977538517,"DefiLlama (token breakdown of value locked, per protocol)","""2026-10-07""",CC BY 4.0,https://creativecommons.org/licenses/by/4.0/,Luca Valente,"CC BY 4.0 applies to the original compilation and editorial work by Luca Valente. Underlying third-party data retain their source terms, including Coin Metrics CC BY-NC 4.0 where indicated; this export does not replace those terms."
real_money_flows,2026-10-07,/blocchi/2/righe/0/peso_primo_contributo,0.1915,"DefiLlama (token breakdown of value locked, per protocol)","""2026-10-07""",CC BY 4.0,https://creativecommons.org/licenses/by/4.0/,Luca Valente,"CC BY 4.0 applies to the original compilation and editorial work by Luca Valente. Underlying third-party data retain their source terms, including Coin Metrics CC BY-NC 4.0 where indicated; this export does not replace those terms."
real_money_flows,2026-10-07,/blocchi/2/righe/0/senza_il_primo_usd,1746915084,"DefiLlama (token breakdown of value locked, per protocol)","""2026-10-07""",CC BY 4.0,https://creativecommons.org/licenses/by/4.0/,Luca Valente,"CC BY 4.0 applies to the original compilation and editorial work by Luca Valente. Underlying third-party data retain their source terms, including Coin Metrics CC BY-NC 4.0 where indicated; this export does not replace those terms."
real_money_flows,2026-10-07,/blocchi/2/righe/0/flussi_7g_usd,576286024,"DefiLlama (token breakdown of value locked, per protocol)","""2026-10-07""",CC BY 4.0,https://creativecommons.org/licenses/by/4.0/,Luca Valente,"CC BY 4.0 applies to the original compilation and editorial work by Luca Valente. Underlying third-party data retain their source terms, including Coin Metrics CC BY-NC 4.0 where indicated; this export does not replace those terms."
real_money_flows,2026-10-07,/blocchi/2/righe/0/quota_7g,0.009,"DefiLlama (token breakdown of value locked, per protocol)","""2026-10-07""",CC BY 4.0,https://creativecommons.org/licenses/by/4.0/,Luca Valente,"CC BY 4.0 applies to the original compilation and editorial work by Luca Valente. Underlying third-party data retain their source terms, including Coin Metrics CC BY-NC 4.0 where indicated; this export does not replace those terms."
real_money_flows,2026-10-07,/blocchi/2/righe/0/flussi_30g_usd,2508905121,"DefiLlama (token breakdown of value locked, per protocol)","""2026-10-07""",CC BY 4.0,https://creativecommons.org/licenses/by/4.0/,Luca Valente,"CC BY 4.0 applies to the original compilation and editorial work by Luca Valente. Underlying third-party data retain their source terms, including Coin Metrics CC BY-NC 4.0 where indicated; this export does not replace those terms."
real_money_flows,2026-10-07,/blocchi/2/righe/0/quota_30g,0.0425,"DefiLlama (token breakdown of value locked, per protocol)","""2026-10-07""",CC BY 4.0,https://creativecommons.org/licenses/by/4.0/,Luca Valente,"CC BY 4.0 applies to the original compilation and editorial work by Luca Valente. Underlying third-party data retain their source terms, including Coin Metrics CC BY-NC 4.0 where indicated; this export does not replace those terms."
real_money_flows,2026-10-07,/blocchi/2/righe/1/nome,"""Multi-chain""","DefiLlama (token breakdown of value locked, per protocol)","""2026-10-07""",CC BY 4.0,https://creativecommons.org/licenses/by/4.0/,Luca Valente,"CC BY 4.0 applies to the original compilation and editorial work by Luca Valente. Underlying third-party data retain their source terms, including Coin Metrics CC BY-NC 4.0 where indicated; this export does not replace those terms."
real_money_flows,2026-10-07,/blocchi/2/righe/1/protocolli,40,"DefiLlama (token breakdown of value locked, per protocol)","""2026-10-07""",CC BY 4.0,https://creativecommons.org/licenses/by/4.0/,Luca Valente,"CC BY 4.0 applies to the original compilation and editorial work by Luca Valente. Underlying third-party data retain their source terms, including Coin Metrics CC BY-NC 4.0 where indicated; this export does not replace those terms."
real_money_flows,2026-10-07,/blocchi/2/righe/1/valore_inizio_usd,38647497326,"DefiLlama (token breakdown of value locked, per protocol)","""2026-10-07""",CC BY 4.0,https://creativecommons.org/licenses/by/4.0/,Luca Valente,"CC BY 4.0 applies to the original compilation and editorial work by Luca Valente. Underlying third-party data retain their source terms, including Coin Metrics CC BY-NC 4.0 where indicated; this export does not replace those terms."
real_money_flows,2026-10-07,/blocchi/2/righe/1/peso_primo_contributo,0.494,"DefiLlama (token breakdown of value locked, per protocol)","""2026-10-07""",CC BY 4.0,https://creativecommons.org/licenses/by/4.0/,Luca Valente,"CC BY 4.0 applies to the original compilation and editorial work by Luca Valente. Underlying third-party data retain their source terms, including Coin Metrics CC BY-NC 4.0 where indicated; this export does not replace those terms."
real_money_flows,2026-10-07,/blocchi/2/righe/1/senza_il_primo_usd,262664158,"DefiLlama (token breakdown of value locked, per protocol)","""2026-10-07""",CC BY 4.0,https://creativecommons.org/licenses/by/4.0/,Luca Valente,"CC BY 4.0 applies to the original compilation and editorial work by Luca Valente. Underlying third-party data retain their source terms, including Coin Metrics CC BY-NC 4.0 where indicated; this export does not replace those terms."
real_money_flows,2026-10-07,/blocchi/2/righe/1/flussi_7g_usd,502671831,"DefiLlama (token breakdown of value locked, per protocol)","""2026-10-07""",CC BY 4.0,https://creativecommons.org/licenses/by/4.0/,Luca Valente,"CC BY 4.0 applies to the original compilation and editorial work by Luca Valente. Underlying third-party data retain their source terms, including Coin Metrics CC BY-NC 4.0 where indicated; this export does not replace those terms."
real_money_flows,2026-10-07,/blocchi/2/righe/1/quota_7g,0.0121,"DefiLlama (token breakdown of value locked, per protocol)","""2026-10-07""",CC BY 4.0,https://creativecommons.org/licenses/by/4.0/,Luca Valente,"CC BY 4.0 applies to the original compilation and editorial work by Luca Valente. Underlying third-party data retain their source terms, including Coin Metrics CC BY-NC 4.0 where indicated; this export does not replace those terms."
real_money_flows,2026-10-07,/blocchi/2/righe/1/flussi_30g_usd,1413020989,"DefiLlama (token breakdown of value locked, per protocol)","""2026-10-07""",CC BY 4.0,https://creativecommons.org/licenses/by/4.0/,Luca Valente,"CC BY 4.0 applies to the original compilation and editorial work by Luca Valente. Underlying third-party data retain their source terms, including Coin Metrics CC BY-NC 4.0 where indicated; this export does not replace those terms."
real_money_flows,2026-10-07,/blocchi/2/righe/1/quota_30g,0.0366,"DefiLlama (token breakdown of value locked, per protocol)","""2026-10-07""",CC BY 4.0,https://creativecommons.org/licenses/by/4.0/,Luca Valente,"CC BY 4.0 applies to the original compilation and editorial work by Luca Valente. Underlying third-party data retain their source terms, including Coin Metrics CC BY-NC 4.0 where indicated; this export does not replace those terms."
real_money_flows,2026-10-07,/blocchi/2/righe/2/nome,"""Solana""","DefiLlama (token breakdown of value locked, per protocol)","""2026-10-07""",CC BY 4.0,https://creativecommons.org/licenses/by/4.0/,Luca Valente,"CC BY 4.0 applies to the original compilation and editorial work by Luca Valente. Underlying third-party data retain their source terms, including Coin Metrics CC BY-NC 4.0 where indicated; this export does not replace those terms."
real_money_flows,2026-10-07,/blocchi/2/righe/2/protocolli,26,"DefiLlama (token breakdown of value locked, per protocol)","""2026-10-07""",CC BY 4.0,https://creativecommons.org/licenses/by/4.0/,Luca Valente,"CC BY 4.0 applies to the original compilation and editorial work by Luca Valente. Underlying third-party data retain their source terms, including Coin Metrics CC BY-NC 4.0 where indicated; this export does not replace those terms."
real_money_flows,2026-10-07,/blocchi/2/righe/2/valore_inizio_usd,9566578923,"DefiLlama (token breakdown of value locked, per protocol)","""2026-10-07""",CC BY 4.0,https://creativecommons.org/licenses/by/4.0/,Luca Valente,"CC BY 4.0 applies to the original compilation and editorial work by Luca Valente. Underlying third-party data retain their source terms, including Coin Metrics CC BY-NC 4.0 where indicated; this export does not replace those terms."
real_money_flows,2026-10-07,/blocchi/2/righe/2/peso_primo_contributo,0.249,"DefiLlama (token breakdown of value locked, per protocol)","""2026-10-07""",CC BY 4.0,https://creativecommons.org/licenses/by/4.0/,Luca Valente,"CC BY 4.0 applies to the original compilation and editorial work by Luca Valente. Underlying third-party data retain their source terms, including Coin Metrics CC BY-NC 4.0 where indicated; this export does not replace those terms."
real_money_flows,2026-10-07,/blocchi/2/righe/2/senza_il_primo_usd,-15439757,"DefiLlama (token breakdown of value locked, per protocol)","""2026-10-07""",CC BY 4.0,https://creativecommons.org/licenses/by/4.0/,Luca Valente,"CC BY 4.0 applies to the original compilation and editorial work by Luca Valente. Underlying third-party data retain their source terms, including Coin Metrics CC BY-NC 4.0 where indicated; this export does not replace those terms."
real_money_flows,2026-10-07,/blocchi/2/righe/2/flussi_7g_usd,93774837,"DefiLlama (token breakdown of value locked, per protocol)","""2026-10-07""",CC BY 4.0,https://creativecommons.org/licenses/by/4.0/,Luca Valente,"CC BY 4.0 applies to the original compilation and editorial work by Luca Valente. Underlying third-party data retain their source terms, including Coin Metrics CC BY-NC 4.0 where indicated; this export does not replace those terms."
real_money_flows,2026-10-07,/blocchi/2/righe/2/quota_7g,0.0086,"DefiLlama (token breakdown of value locked, per protocol)","""2026-10-07""",CC BY 4.0,https://creativecommons.org/licenses/by/4.0/,Luca Valente,"CC BY 4.0 applies to the original compilation and editorial work by Luca Valente. Underlying third-party data retain their source terms, including Coin Metrics CC BY-NC 4.0 where indicated; this export does not replace those terms."
real_money_flows,2026-10-07,/blocchi/2/righe/2/flussi_30g_usd,125542167,"DefiLlama (token breakdown of value locked, per protocol)","""2026-10-07""",CC BY 4.0,https://creativecommons.org/licenses/by/4.0/,Luca Valente,"CC BY 4.0 applies to the original compilation and editorial work by Luca Valente. Underlying third-party data retain their source terms, including Coin Metrics CC BY-NC 4.0 where indicated; this export does not replace those terms."
real_money_flows,2026-10-07,/blocchi/2/righe/2/quota_30g,0.0131,"DefiLlama (token breakdown of value locked, per protocol)","""2026-10-07""",CC BY 4.0,https://creativecommons.org/licenses/by/4.0/,Luca Valente,"CC BY 4.0 applies to the original compilation and editorial work by Luca Valente. Underlying third-party data retain their source terms, including Coin Metrics CC BY-NC 4.0 where indicated; this export does not replace those terms."
real_money_flows,2026-10-07,/blocchi/2/righe/3/nome,"""Tron""","DefiLlama (token breakdown of value locked, per protocol)","""2026-10-07""",CC BY 4.0,https://creativecommons.org/licenses/by/4.0/,Luca Valente,"CC BY 4.0 applies to the original compilation and editorial work by Luca Valente. Underlying third-party data retain their source terms, including Coin Metrics CC BY-NC 4.0 where indicated; this export does not replace those terms."
real_money_flows,2026-10-07,/blocchi/2/righe/3/protocolli,5,"DefiLlama (token breakdown of value locked, per protocol)","""2026-10-07""",CC BY 4.0,https://creativecommons.org/licenses/by/4.0/,Luca Valente,"CC BY 4.0 applies to the original compilation and editorial work by Luca Valente. Underlying third-party data retain their source terms, including Coin Metrics CC BY-NC 4.0 where indicated; this export does not replace those terms."
real_money_flows,2026-10-07,/blocchi/2/righe/3/valore_inizio_usd,5488963876,"DefiLlama (token breakdown of value locked, per protocol)","""2026-10-07""",CC BY 4.0,https://creativecommons.org/licenses/by/4.0/,Luca Valente,"CC BY 4.0 applies to the original compilation and editorial work by Luca Valente. Underlying third-party data retain their source terms, including Coin Metrics CC BY-NC 4.0 where indicated; this export does not replace those terms."
real_money_flows,2026-10-07,/blocchi/2/righe/3/peso_primo_contributo,0.5168,"DefiLlama (token breakdown of value locked, per protocol)","""2026-10-07""",CC BY 4.0,https://creativecommons.org/licenses/by/4.0/,Luca Valente,"CC BY 4.0 applies to the original compilation and editorial work by Luca Valente. Underlying third-party data retain their source terms, including Coin Metrics CC BY-NC 4.0 where indicated; this export does not replace those terms."
real_money_flows,2026-10-07,/blocchi/2/righe/3/senza_il_primo_usd,46076487,"DefiLlama (token breakdown of value locked, per protocol)","""2026-10-07""",CC BY 4.0,https://creativecommons.org/licenses/by/4.0/,Luca Valente,"CC BY 4.0 applies to the original compilation and editorial work by Luca Valente. Underlying third-party data retain their source terms, including Coin Metrics CC BY-NC 4.0 where indicated; this export does not replace those terms."
real_money_flows,2026-10-07,/blocchi/2/righe/3/flussi_7g_usd,65919861,"DefiLlama (token breakdown of value locked, per protocol)","""2026-10-07""",CC BY 4.0,https://creativecommons.org/licenses/by/4.0/,Luca Valente,"CC BY 4.0 applies to the original compilation and editorial work by Luca Valente. Underlying third-party data retain their source terms, including Coin Metrics CC BY-NC 4.0 where indicated; this export does not replace those terms."
real_money_flows,2026-10-07,/blocchi/2/righe/3/quota_7g,0.0073,"DefiLlama (token breakdown of value locked, per protocol)","""2026-10-07""",CC BY 4.0,https://creativecommons.org/licenses/by/4.0/,Luca Valente,"CC BY 4.0 applies to the original compilation and editorial work by Luca Valente. Underlying third-party data retain their source terms, including Coin Metrics CC BY-NC 4.0 where indicated; this export does not replace those terms."
real_money_flows,2026-10-07,/blocchi/2/righe/3/flussi_30g_usd,113665286,"DefiLlama (token breakdown of value locked, per protocol)","""2026-10-07""",CC BY 4.0,https://creativecommons.org/licenses/by/4.0/,Luca Valente,"CC BY 4.0 applies to the original compilation and editorial work by Luca Valente. Underlying third-party data retain their source terms, including Coin Metrics CC BY-NC 4.0 where indicated; this export does not replace those terms."
real_money_flows,2026-10-07,/blocchi/2/righe/3/quota_30g,0.0207,"DefiLlama (token breakdown of value locked, per protocol)","""2026-10-07""",CC BY 4.0,https://creativecommons.org/licenses/by/4.0/,Luca Valente,"CC BY 4.0 applies to the original compilation and editorial work by Luca Valente. Underlying third-party data retain their source terms, including Coin Metrics CC BY-NC 4.0 where indicated; this export does not replace those terms."
real_money_flows,2026-10-07,/blocchi/2/righe/4/nome,"""Arbitrum""","DefiLlama (token breakdown of value locked, per protocol)","""2026-10-07""",CC BY 4.0,https://creativecommons.org/licenses/by/4.0/,Luca Valente,"CC BY 4.0 applies to the original compilation and editorial work by Luca Valente. Underlying third-party data retain their source terms, including Coin Metrics CC BY-NC 4.0 where indicated; this export does not replace those terms."
real_money_flows,2026-10-07,/blocchi/2/righe/4/protocolli,7,"DefiLlama (token breakdown of value locked, per protocol)","""2026-10-07""",CC BY 4.0,https://creativecommons.org/licenses/by/4.0/,Luca Valente,"CC BY 4.0 applies to the original compilation and editorial work by Luca Valente. Underlying third-party data retain their source terms, including Coin Metrics CC BY-NC 4.0 where indicated; this export does not replace those terms."
real_money_flows,2026-10-07,/blocchi/2/righe/4/valore_inizio_usd,586154126,"DefiLlama (token breakdown of value locked, per protocol)","""2026-10-07""",CC BY 4.0,https://creativecommons.org/licenses/by/4.0/,Luca Valente,"CC BY 4.0 applies to the original compilation and editorial work by Luca Valente. Underlying third-party data retain their source terms, including Coin Metrics CC BY-NC 4.0 where indicated; this export does not replace those terms."
real_money_flows,2026-10-07,/blocchi/2/righe/4/peso_primo_contributo,0.8448,"DefiLlama (token breakdown of value locked, per protocol)","""2026-10-07""",CC BY 4.0,https://creativecommons.org/licenses/by/4.0/,Luca Valente,"CC BY 4.0 applies to the original compilation and editorial work by Luca Valente. Underlying third-party data retain their source terms, including Coin Metrics CC BY-NC 4.0 where indicated; this export does not replace those terms."
real_money_flows,2026-10-07,/blocchi/2/righe/4/senza_il_primo_usd,-10413730,"DefiLlama (token breakdown of value locked, per protocol)","""2026-10-07""",CC BY 4.0,https://creativecommons.org/licenses/by/4.0/,Luca Valente,"CC BY 4.0 applies to the original compilation and editorial work by Luca Valente. Underlying third-party data retain their source terms, including Coin Metrics CC BY-NC 4.0 where indicated; this export does not replace those terms."
real_money_flows,2026-10-07,/blocchi/2/righe/4/flussi_7g_usd,101300152,"DefiLlama (token breakdown of value locked, per protocol)","""2026-10-07""",CC BY 4.0,https://creativecommons.org/licenses/by/4.0/,Luca Valente,"CC BY 4.0 applies to the original compilation and editorial work by Luca Valente. Underlying third-party data retain their source terms, including Coin Metrics CC BY-NC 4.0 where indicated; this export does not replace those terms."
real_money_flows,2026-10-07,/blocchi/2/righe/4/quota_7g,0.1888,"DefiLlama (token breakdown of value locked, per protocol)","""2026-10-07""",CC BY 4.0,https://creativecommons.org/licenses/by/4.0/,Luca Valente,"CC BY 4.0 applies to the original compilation and editorial work by Luca Valente. Underlying third-party data retain their source terms, including Coin Metrics CC BY-NC 4.0 where indicated; this export does not replace those terms."
real_money_flows,2026-10-07,/blocchi/2/righe/4/flussi_30g_usd,49216250,"DefiLlama (token breakdown of value locked, per protocol)","""2026-10-07""",CC BY 4.0,https://creativecommons.org/licenses/by/4.0/,Luca Valente,"CC BY 4.0 applies to the original compilation and editorial work by Luca Valente. Underlying third-party data retain their source terms, including Coin Metrics CC BY-NC 4.0 where indicated; this export does not replace those terms."
real_money_flows,2026-10-07,/blocchi/2/righe/4/quota_30g,0.084,"DefiLlama (token breakdown of value locked, per protocol)","""2026-10-07""",CC BY 4.0,https://creativecommons.org/licenses/by/4.0/,Luca Valente,"CC BY 4.0 applies to the original compilation and editorial work by Luca Valente. Underlying third-party data retain their source terms, including Coin Metrics CC BY-NC 4.0 where indicated; this export does not replace those terms."
real_money_flows,2026-10-07,/blocchi/2/righe/5/nome,"""Binance""","DefiLlama (token breakdown of value locked, per protocol)","""2026-10-07""",CC BY 4.0,https://creativecommons.org/licenses/by/4.0/,Luca Valente,"CC BY 4.0 applies to the original compilation and editorial work by Luca Valente. Underlying third-party data retain their source terms, including Coin Metrics CC BY-NC 4.0 where indicated; this export does not replace those terms."
real_money_flows,2026-10-07,/blocchi/2/righe/5/protocolli,12,"DefiLlama (token breakdown of value locked, per protocol)","""2026-10-07""",CC BY 4.0,https://creativecommons.org/licenses/by/4.0/,Luca Valente,"CC BY 4.0 applies to the original compilation and editorial work by Luca Valente. Underlying third-party data retain their source terms, including Coin Metrics CC BY-NC 4.0 where indicated; this export does not replace those terms."
real_money_flows,2026-10-07,/blocchi/2/righe/5/valore_inizio_usd,5542666449,"DefiLlama (token breakdown of value locked, per protocol)","""2026-10-07""",CC BY 4.0,https://creativecommons.org/licenses/by/4.0/,Luca Valente,"CC BY 4.0 applies to the original compilation and editorial work by Luca Valente. Underlying third-party data retain their source terms, including Coin Metrics CC BY-NC 4.0 where indicated; this export does not replace those terms."
real_money_flows,2026-10-07,/blocchi/2/righe/5/peso_primo_contributo,0.3445,"DefiLlama (token breakdown of value locked, per protocol)","""2026-10-07""",CC BY 4.0,https://creativecommons.org/licenses/by/4.0/,Luca Valente,"CC BY 4.0 applies to the original compilation and editorial work by Luca Valente. Underlying third-party data retain their source terms, including Coin Metrics CC BY-NC 4.0 where indicated; this export does not replace those terms."
real_money_flows,2026-10-07,/blocchi/2/righe/5/senza_il_primo_usd,10689273,"DefiLlama (token breakdown of value locked, per protocol)","""2026-10-07""",CC BY 4.0,https://creativecommons.org/licenses/by/4.0/,Luca Valente,"CC BY 4.0 applies to the original compilation and editorial work by Luca Valente. Underlying third-party data retain their source terms, including Coin Metrics CC BY-NC 4.0 where indicated; this export does not replace those terms."
real_money_flows,2026-10-07,/blocchi/2/righe/5/flussi_7g_usd,-180896345,"DefiLlama (token breakdown of value locked, per protocol)","""2026-10-07""",CC BY 4.0,https://creativecommons.org/licenses/by/4.0/,Luca Valente,"CC BY 4.0 applies to the original compilation and editorial work by Luca Valente. Underlying third-party data retain their source terms, including Coin Metrics CC BY-NC 4.0 where indicated; this export does not replace those terms."
real_money_flows,2026-10-07,/blocchi/2/righe/5/quota_7g,-0.0319,"DefiLlama (token breakdown of value locked, per protocol)","""2026-10-07""",CC BY 4.0,https://creativecommons.org/licenses/by/4.0/,Luca Valente,"CC BY 4.0 applies to the original compilation and editorial work by Luca Valente. Underlying third-party data retain their source terms, including Coin Metrics CC BY-NC 4.0 where indicated; this export does not replace those terms."
real_money_flows,2026-10-07,/blocchi/2/righe/5/flussi_30g_usd,-179250611,"DefiLlama (token breakdown of value locked, per protocol)","""2026-10-07""",CC BY 4.0,https://creativecommons.org/licenses/by/4.0/,Luca Valente,"CC BY 4.0 applies to the original compilation and editorial work by Luca Valente. Underlying third-party data retain their source terms, including Coin Metrics CC BY-NC 4.0 where indicated; this export does not replace those terms."
real_money_flows,2026-10-07,/blocchi/2/righe/5/quota_30g,-0.0323,"DefiLlama (token breakdown of value locked, per protocol)","""2026-10-07""",CC BY 4.0,https://creativecommons.org/licenses/by/4.0/,Luca Valente,"CC BY 4.0 applies to the original compilation and editorial work by Luca Valente. Underlying third-party data retain their source terms, including Coin Metrics CC BY-NC 4.0 where indicated; this export does not replace those terms."
real_money_flows,2026-10-07,/blocchi/2/righe/6/nome,"""Hyperliquid L1""","DefiLlama (token breakdown of value locked, per protocol)","""2026-10-07""",CC BY 4.0,https://creativecommons.org/licenses/by/4.0/,Luca Valente,"CC BY 4.0 applies to the original compilation and editorial work by Luca Valente. Underlying third-party data retain their source terms, including Coin Metrics CC BY-NC 4.0 where indicated; this export does not replace those terms."
real_money_flows,2026-10-07,/blocchi/2/righe/6/protocolli,6,"DefiLlama (token breakdown of value locked, per protocol)","""2026-10-07""",CC BY 4.0,https://creativecommons.org/licenses/by/4.0/,Luca Valente,"CC BY 4.0 applies to the original compilation and editorial work by Luca Valente. Underlying third-party data retain their source terms, including Coin Metrics CC BY-NC 4.0 where indicated; this export does not replace those terms."
real_money_flows,2026-10-07,/blocchi/2/righe/6/valore_inizio_usd,2280902378,"DefiLlama (token breakdown of value locked, per protocol)","""2026-10-07""",CC BY 4.0,https://creativecommons.org/licenses/by/4.0/,Luca Valente,"CC BY 4.0 applies to the original compilation and editorial work by Luca Valente. Underlying third-party data retain their source terms, including Coin Metrics CC BY-NC 4.0 where indicated; this export does not replace those terms."
real_money_flows,2026-10-07,/blocchi/2/righe/6/peso_primo_contributo,0.4765,"DefiLlama (token breakdown of value locked, per protocol)","""2026-10-07""",CC BY 4.0,https://creativecommons.org/licenses/by/4.0/,Luca Valente,"CC BY 4.0 applies to the original compilation and editorial work by Luca Valente. Underlying third-party data retain their source terms, including Coin Metrics CC BY-NC 4.0 where indicated; this export does not replace those terms."
real_money_flows,2026-10-07,/blocchi/2/righe/6/senza_il_primo_usd,-211844057,"DefiLlama (token breakdown of value locked, per protocol)","""2026-10-07""",CC BY 4.0,https://creativecommons.org/licenses/by/4.0/,Luca Valente,"CC BY 4.0 applies to the original compilation and editorial work by Luca Valente. Underlying third-party data retain their source terms, including Coin Metrics CC BY-NC 4.0 where indicated; this export does not replace those terms."
real_money_flows,2026-10-07,/blocchi/2/righe/6/flussi_7g_usd,-133625641,"DefiLlama (token breakdown of value locked, per protocol)","""2026-10-07""",CC BY 4.0,https://creativecommons.org/licenses/by/4.0/,Luca Valente,"CC BY 4.0 applies to the original compilation and editorial work by Luca Valente. Underlying third-party data retain their source terms, including Coin Metrics CC BY-NC 4.0 where indicated; this export does not replace those terms."
real_money_flows,2026-10-07,/blocchi/2/righe/6/quota_7g,-0.0654,"DefiLlama (token breakdown of value locked, per protocol)","""2026-10-07""",CC BY 4.0,https://creativecommons.org/licenses/by/4.0/,Luca Valente,"CC BY 4.0 applies to the original compilation and editorial work by Luca Valente. Underlying third-party data retain their source terms, including Coin Metrics CC BY-NC 4.0 where indicated; this export does not replace those terms."
real_money_flows,2026-10-07,/blocchi/2/righe/6/flussi_30g_usd,-438372000,"DefiLlama (token breakdown of value locked, per protocol)","""2026-10-07""",CC BY 4.0,https://creativecommons.org/licenses/by/4.0/,Luca Valente,"CC BY 4.0 applies to the original compilation and editorial work by Luca Valente. Underlying third-party data retain their source terms, including Coin Metrics CC BY-NC 4.0 where indicated; this export does not replace those terms."
real_money_flows,2026-10-07,/blocchi/2/righe/6/quota_30g,-0.1922,"DefiLlama (token breakdown of value locked, per protocol)","""2026-10-07""",CC BY 4.0,https://creativecommons.org/licenses/by/4.0/,Luca Valente,"CC BY 4.0 applies to the original compilation and editorial work by Luca Valente. Underlying third-party data retain their source terms, including Coin Metrics CC BY-NC 4.0 where indicated; this export does not replace those terms."
real_money_flows,2026-10-07,/blocchi/2/righe/7/nome,"""Other""","DefiLlama (token breakdown of value locked, per protocol)","""2026-10-07""",CC BY 4.0,https://creativecommons.org/licenses/by/4.0/,Luca Valente,"CC BY 4.0 applies to the original compilation and editorial work by Luca Valente. Underlying third-party data retain their source terms, including Coin Metrics CC BY-NC 4.0 where indicated; this export does not replace those terms."
real_money_flows,2026-10-07,/blocchi/2/righe/7/protocolli,54,"DefiLlama (token breakdown of value locked, per protocol)","""2026-10-07""",CC BY 4.0,https://creativecommons.org/licenses/by/4.0/,Luca Valente,"CC BY 4.0 applies to the original compilation and editorial work by Luca Valente. Underlying third-party data retain their source terms, including Coin Metrics CC BY-NC 4.0 where indicated; this export does not replace those terms."
real_money_flows,2026-10-07,/blocchi/2/righe/7/valore_inizio_usd,5989081403,"DefiLlama (token breakdown of value locked, per protocol)","""2026-10-07""",CC BY 4.0,https://creativecommons.org/licenses/by/4.0/,Luca Valente,"CC BY 4.0 applies to the original compilation and editorial work by Luca Valente. Underlying third-party data retain their source terms, including Coin Metrics CC BY-NC 4.0 where indicated; this export does not replace those terms."
real_money_flows,2026-10-07,/blocchi/2/righe/7/peso_primo_contributo,0.3274,"DefiLlama (token breakdown of value locked, per protocol)","""2026-10-07""",CC BY 4.0,https://creativecommons.org/licenses/by/4.0/,Luca Valente,"CC BY 4.0 applies to the original compilation and editorial work by Luca Valente. Underlying third-party data retain their source terms, including Coin Metrics CC BY-NC 4.0 where indicated; this export does not replace those terms."
real_money_flows,2026-10-07,/blocchi/2/righe/7/residuo,true,"DefiLlama (token breakdown of value locked, per protocol)","""2026-10-07""",CC BY 4.0,https://creativecommons.org/licenses/by/4.0/,Luca Valente,"CC BY 4.0 applies to the original compilation and editorial work by Luca Valente. Underlying third-party data retain their source terms, including Coin Metrics CC BY-NC 4.0 where indicated; this export does not replace those terms."
real_money_flows,2026-10-07,/blocchi/2/righe/7/flussi_7g_usd,-22344957,"DefiLlama (token breakdown of value locked, per protocol)","""2026-10-07""",CC BY 4.0,https://creativecommons.org/licenses/by/4.0/,Luca Valente,"CC BY 4.0 applies to the original compilation and editorial work by Luca Valente. Underlying third-party data retain their source terms, including Coin Metrics CC BY-NC 4.0 where indicated; this export does not replace those terms."
real_money_flows,2026-10-07,/blocchi/2/righe/7/quota_7g,-0.003,"DefiLlama (token breakdown of value locked, per protocol)","""2026-10-07""",CC BY 4.0,https://creativecommons.org/licenses/by/4.0/,Luca Valente,"CC BY 4.0 applies to the original compilation and editorial work by Luca Valente. Underlying third-party data retain their source terms, including Coin Metrics CC BY-NC 4.0 where indicated; this export does not replace those terms."
real_money_flows,2026-10-07,/blocchi/2/righe/7/flussi_30g_usd,245395253,"DefiLlama (token breakdown of value locked, per protocol)","""2026-10-07""",CC BY 4.0,https://creativecommons.org/licenses/by/4.0/,Luca Valente,"CC BY 4.0 applies to the original compilation and editorial work by Luca Valente. Underlying third-party data retain their source terms, including Coin Metrics CC BY-NC 4.0 where indicated; this export does not replace those terms."
real_money_flows,2026-10-07,/blocchi/2/righe/7/quota_30g,0.041,"DefiLlama (token breakdown of value locked, per protocol)","""2026-10-07""",CC BY 4.0,https://creativecommons.org/licenses/by/4.0/,Luca Valente,"CC BY 4.0 applies to the original compilation and editorial work by Luca Valente. Underlying third-party data retain their source terms, including Coin Metrics CC BY-NC 4.0 where indicated; this export does not replace those terms."
real_money_flows,2026-10-07,/blocchi/2/regola,"""a protocol belongs to a chain when at least 95% of its value locked sits there; the rest is Multi-chain""","DefiLlama (token breakdown of value locked, per protocol)","""2026-10-07""",CC BY 4.0,https://creativecommons.org/licenses/by/4.0/,Luca Valente,"CC BY 4.0 applies to the original compilation and editorial work by Luca Valente. Underlying third-party data retain their source terms, including Coin Metrics CC BY-NC 4.0 where indicated; this export does not replace those terms."
real_money_flows,2026-10-07,/blocchi/2/minimi/protocolli,5,"DefiLlama (token breakdown of value locked, per protocol)","""2026-10-07""",CC BY 4.0,https://creativecommons.org/licenses/by/4.0/,Luca Valente,"CC BY 4.0 applies to the original compilation and editorial work by Luca Valente. Underlying third-party data retain their source terms, including Coin Metrics CC BY-NC 4.0 where indicated; this export does not replace those terms."
real_money_flows,2026-10-07,/blocchi/2/minimi/valore_usd,500000000,"DefiLlama (token breakdown of value locked, per protocol)","""2026-10-07""",CC BY 4.0,https://creativecommons.org/licenses/by/4.0/,Luca Valente,"CC BY 4.0 applies to the original compilation and editorial work by Luca Valente. Underlying third-party data retain their source terms, including Coin Metrics CC BY-NC 4.0 where indicated; this export does not replace those terms."
real_money_flows,2026-10-07,/blocchi/3/id,"""rotazione""","DefiLlama (token breakdown of value locked, per protocol)","""2026-10-07""",CC BY 4.0,https://creativecommons.org/licenses/by/4.0/,Luca Valente,"CC BY 4.0 applies to the original compilation and editorial work by Luca Valente. Underlying third-party data retain their source terms, including Coin Metrics CC BY-NC 4.0 where indicated; this export does not replace those terms."
real_money_flows,2026-10-07,/blocchi/3/titolo,"""Rotation over 30 days""","DefiLlama (token breakdown of value locked, per protocol)","""2026-10-07""",CC BY 4.0,https://creativecommons.org/licenses/by/4.0/,Luca Valente,"CC BY 4.0 applies to the original compilation and editorial work by Luca Valente. Underlying third-party data retain their source terms, including Coin Metrics CC BY-NC 4.0 where indicated; this export does not replace those terms."
real_money_flows,2026-10-07,/blocchi/3/settori_in_entrata/0,"""Lending""","DefiLlama (token breakdown of value locked, per protocol)","""2026-10-07""",CC BY 4.0,https://creativecommons.org/licenses/by/4.0/,Luca Valente,"CC BY 4.0 applies to the original compilation and editorial work by Luca Valente. Underlying third-party data retain their source terms, including Coin Metrics CC BY-NC 4.0 where indicated; this export does not replace those terms."
real_money_flows,2026-10-07,/blocchi/3/settori_in_entrata/1,"""Basis trading""","DefiLlama (token breakdown of value locked, per protocol)","""2026-10-07""",CC BY 4.0,https://creativecommons.org/licenses/by/4.0/,Luca Valente,"CC BY 4.0 applies to the original compilation and editorial work by Luca Valente. Underlying third-party data retain their source terms, including Coin Metrics CC BY-NC 4.0 where indicated; this export does not replace those terms."
real_money_flows,2026-10-07,/blocchi/3/settori_in_entrata/2,"""Liquid staking""","DefiLlama (token breakdown of value locked, per protocol)","""2026-10-07""",CC BY 4.0,https://creativecommons.org/licenses/by/4.0/,Luca Valente,"CC BY 4.0 applies to the original compilation and editorial work by Luca Valente. Underlying third-party data retain their source terms, including Coin Metrics CC BY-NC 4.0 where indicated; this export does not replace those terms."
real_money_flows,2026-10-07,/blocchi/3/settori_in_entrata/3,"""Collateralised debt""","DefiLlama (token breakdown of value locked, per protocol)","""2026-10-07""",CC BY 4.0,https://creativecommons.org/licenses/by/4.0/,Luca Valente,"CC BY 4.0 applies to the original compilation and editorial work by Luca Valente. Underlying third-party data retain their source terms, including Coin Metrics CC BY-NC 4.0 where indicated; this export does not replace those terms."
real_money_flows,2026-10-07,/blocchi/3/settori_in_entrata/4,"""DEXs""","DefiLlama (token breakdown of value locked, per protocol)","""2026-10-07""",CC BY 4.0,https://creativecommons.org/licenses/by/4.0/,Luca Valente,"CC BY 4.0 applies to the original compilation and editorial work by Luca Valente. Underlying third-party data retain their source terms, including Coin Metrics CC BY-NC 4.0 where indicated; this export does not replace those terms."
real_money_flows,2026-10-07,/blocchi/3/settori_in_uscita/0,"""Real-world assets""","DefiLlama (token breakdown of value locked, per protocol)","""2026-10-07""",CC BY 4.0,https://creativecommons.org/licenses/by/4.0/,Luca Valente,"CC BY 4.0 applies to the original compilation and editorial work by Luca Valente. Underlying third-party data retain their source terms, including Coin Metrics CC BY-NC 4.0 where indicated; this export does not replace those terms."
real_money_flows,2026-10-07,/blocchi/3/catene_in_entrata/0,"""Ethereum""","DefiLlama (token breakdown of value locked, per protocol)","""2026-10-07""",CC BY 4.0,https://creativecommons.org/licenses/by/4.0/,Luca Valente,"CC BY 4.0 applies to the original compilation and editorial work by Luca Valente. Underlying third-party data retain their source terms, including Coin Metrics CC BY-NC 4.0 where indicated; this export does not replace those terms."
real_money_flows,2026-10-07,/blocchi/3/catene_in_entrata/1,"""Multi-chain""","DefiLlama (token breakdown of value locked, per protocol)","""2026-10-07""",CC BY 4.0,https://creativecommons.org/licenses/by/4.0/,Luca Valente,"CC BY 4.0 applies to the original compilation and editorial work by Luca Valente. Underlying third-party data retain their source terms, including Coin Metrics CC BY-NC 4.0 where indicated; this export does not replace those terms."
real_money_flows,2026-10-07,/blocchi/3/catene_in_entrata/2,"""Solana""","DefiLlama (token breakdown of value locked, per protocol)","""2026-10-07""",CC BY 4.0,https://creativecommons.org/licenses/by/4.0/,Luca Valente,"CC BY 4.0 applies to the original compilation and editorial work by Luca Valente. Underlying third-party data retain their source terms, including Coin Metrics CC BY-NC 4.0 where indicated; this export does not replace those terms."
real_money_flows,2026-10-07,/blocchi/3/catene_in_entrata/3,"""Tron""","DefiLlama (token breakdown of value locked, per protocol)","""2026-10-07""",CC BY 4.0,https://creativecommons.org/licenses/by/4.0/,Luca Valente,"CC BY 4.0 applies to the original compilation and editorial work by Luca Valente. Underlying third-party data retain their source terms, including Coin Metrics CC BY-NC 4.0 where indicated; this export does not replace those terms."
real_money_flows,2026-10-07,/blocchi/3/catene_in_entrata/4,"""Arbitrum""","DefiLlama (token breakdown of value locked, per protocol)","""2026-10-07""",CC BY 4.0,https://creativecommons.org/licenses/by/4.0/,Luca Valente,"CC BY 4.0 applies to the original compilation and editorial work by Luca Valente. Underlying third-party data retain their source terms, including Coin Metrics CC BY-NC 4.0 where indicated; this export does not replace those terms."
real_money_flows,2026-10-07,/blocchi/3/catene_in_uscita/0,"""Hyperliquid L1""","DefiLlama (token breakdown of value locked, per protocol)","""2026-10-07""",CC BY 4.0,https://creativecommons.org/licenses/by/4.0/,Luca Valente,"CC BY 4.0 applies to the original compilation and editorial work by Luca Valente. Underlying third-party data retain their source terms, including Coin Metrics CC BY-NC 4.0 where indicated; this export does not replace those terms."
real_money_flows,2026-10-07,/blocchi/3/catene_in_uscita/1,"""Binance""","DefiLlama (token breakdown of value locked, per protocol)","""2026-10-07""",CC BY 4.0,https://creativecommons.org/licenses/by/4.0/,Luca Valente,"CC BY 4.0 applies to the original compilation and editorial work by Luca Valente. Underlying third-party data retain their source terms, including Coin Metrics CC BY-NC 4.0 where indicated; this export does not replace those terms."
real_money_flows,2026-10-07,/blocchi/4/id,"""protocolli""","DefiLlama (token breakdown of value locked, per protocol)","""2026-10-07""",CC BY 4.0,https://creativecommons.org/licenses/by/4.0/,Luca Valente,"CC BY 4.0 applies to the original compilation and editorial work by Luca Valente. Underlying third-party data retain their source terms, including Coin Metrics CC BY-NC 4.0 where indicated; this export does not replace those terms."
real_money_flows,2026-10-07,/blocchi/4/titolo,"""Largest public-universe protocols, 30 days""","DefiLlama (token breakdown of value locked, per protocol)","""2026-10-07""",CC BY 4.0,https://creativecommons.org/licenses/by/4.0/,Luca Valente,"CC BY 4.0 applies to the original compilation and editorial work by Luca Valente. Underlying third-party data retain their source terms, including Coin Metrics CC BY-NC 4.0 where indicated; this export does not replace those terms."
real_money_flows,2026-10-07,/blocchi/4/finestra,30,"DefiLlama (token breakdown of value locked, per protocol)","""2026-10-07""",CC BY 4.0,https://creativecommons.org/licenses/by/4.0/,Luca Valente,"CC BY 4.0 applies to the original compilation and editorial work by Luca Valente. Underlying third-party data retain their source terms, including Coin Metrics CC BY-NC 4.0 where indicated; this export does not replace those terms."
real_money_flows,2026-10-07,/blocchi/4/righe/0/nome,"""Morpho Blue""","DefiLlama (token breakdown of value locked, per protocol)","""2026-10-07""",CC BY 4.0,https://creativecommons.org/licenses/by/4.0/,Luca Valente,"CC BY 4.0 applies to the original compilation and editorial work by Luca Valente. Underlying third-party data retain their source terms, including Coin Metrics CC BY-NC 4.0 where indicated; this export does not replace those terms."
real_money_flows,2026-10-07,/blocchi/4/righe/0/slug,"""morpho-blue""","DefiLlama (token breakdown of value locked, per protocol)","""2026-10-07""",CC BY 4.0,https://creativecommons.org/licenses/by/4.0/,Luca Valente,"CC BY 4.0 applies to the original compilation and editorial work by Luca Valente. Underlying third-party data retain their source terms, including Coin Metrics CC BY-NC 4.0 where indicated; this export does not replace those terms."
real_money_flows,2026-10-07,/blocchi/4/righe/0/settore,"""Lending""","DefiLlama (token breakdown of value locked, per protocol)","""2026-10-07""",CC BY 4.0,https://creativecommons.org/licenses/by/4.0/,Luca Valente,"CC BY 4.0 applies to the original compilation and editorial work by Luca Valente. Underlying third-party data retain their source terms, including Coin Metrics CC BY-NC 4.0 where indicated; this export does not replace those terms."
real_money_flows,2026-10-07,/blocchi/4/righe/0/flussi_30g_usd,1150356830,"DefiLlama (token breakdown of value locked, per protocol)","""2026-10-07""",CC BY 4.0,https://creativecommons.org/licenses/by/4.0/,Luca Valente,"CC BY 4.0 applies to the original compilation and editorial work by Luca Valente. Underlying third-party data retain their source terms, including Coin Metrics CC BY-NC 4.0 where indicated; this export does not replace those terms."
real_money_flows,2026-10-07,/blocchi/4/righe/0/quota_30g,0.1185,"DefiLlama (token breakdown of value locked, per protocol)","""2026-10-07""",CC BY 4.0,https://creativecommons.org/licenses/by/4.0/,Luca Valente,"CC BY 4.0 applies to the original compilation and editorial work by Luca Valente. Underlying third-party data retain their source terms, including Coin Metrics CC BY-NC 4.0 where indicated; this export does not replace those terms."
real_money_flows,2026-10-07,/blocchi/4/righe/0/valore_inizio_usd,9707548837,"DefiLlama (token breakdown of value locked, per protocol)","""2026-10-07""",CC BY 4.0,https://creativecommons.org/licenses/by/4.0/,Luca Valente,"CC BY 4.0 applies to the original compilation and editorial work by Luca Valente. Underlying third-party data retain their source terms, including Coin Metrics CC BY-NC 4.0 where indicated; this export does not replace those terms."
real_money_flows,2026-10-07,/blocchi/4/righe/1/nome,"""SparkLend""","DefiLlama (token breakdown of value locked, per protocol)","""2026-10-07""",CC BY 4.0,https://creativecommons.org/licenses/by/4.0/,Luca Valente,"CC BY 4.0 applies to the original compilation and editorial work by Luca Valente. Underlying third-party data retain their source terms, including Coin Metrics CC BY-NC 4.0 where indicated; this export does not replace those terms."
real_money_flows,2026-10-07,/blocchi/4/righe/1/slug,"""sparklend""","DefiLlama (token breakdown of value locked, per protocol)","""2026-10-07""",CC BY 4.0,https://creativecommons.org/licenses/by/4.0/,Luca Valente,"CC BY 4.0 applies to the original compilation and editorial work by Luca Valente. Underlying third-party data retain their source terms, including Coin Metrics CC BY-NC 4.0 where indicated; this export does not replace those terms."
real_money_flows,2026-10-07,/blocchi/4/righe/1/settore,"""Lending""","DefiLlama (token breakdown of value locked, per protocol)","""2026-10-07""",CC BY 4.0,https://creativecommons.org/licenses/by/4.0/,Luca Valente,"CC BY 4.0 applies to the original compilation and editorial work by Luca Valente. Underlying third-party data retain their source terms, including Coin Metrics CC BY-NC 4.0 where indicated; this export does not replace those terms."
real_money_flows,2026-10-07,/blocchi/4/righe/1/flussi_30g_usd,761990038,"DefiLlama (token breakdown of value locked, per protocol)","""2026-10-07""",CC BY 4.0,https://creativecommons.org/licenses/by/4.0/,Luca Valente,"CC BY 4.0 applies to the original compilation and editorial work by Luca Valente. Underlying third-party data retain their source terms, including Coin Metrics CC BY-NC 4.0 where indicated; this export does not replace those terms."
real_money_flows,2026-10-07,/blocchi/4/righe/1/quota_30g,0.1697,"DefiLlama (token breakdown of value locked, per protocol)","""2026-10-07""",CC BY 4.0,https://creativecommons.org/licenses/by/4.0/,Luca Valente,"CC BY 4.0 applies to the original compilation and editorial work by Luca Valente. Underlying third-party data retain their source terms, including Coin Metrics CC BY-NC 4.0 where indicated; this export does not replace those terms."
real_money_flows,2026-10-07,/blocchi/4/righe/1/valore_inizio_usd,4489550843,"DefiLlama (token breakdown of value locked, per protocol)","""2026-10-07""",CC BY 4.0,https://creativecommons.org/licenses/by/4.0/,Luca Valente,"CC BY 4.0 applies to the original compilation and editorial work by Luca Valente. Underlying third-party data retain their source terms, including Coin Metrics CC BY-NC 4.0 where indicated; this export does not replace those terms."
real_money_flows,2026-10-07,/blocchi/4/righe/2/nome,"""Ethena USDe""","DefiLlama (token breakdown of value locked, per protocol)","""2026-10-07""",CC BY 4.0,https://creativecommons.org/licenses/by/4.0/,Luca Valente,"CC BY 4.0 applies to the original compilation and editorial work by Luca Valente. Underlying third-party data retain their source terms, including Coin Metrics CC BY-NC 4.0 where indicated; this export does not replace those terms."
real_money_flows,2026-10-07,/blocchi/4/righe/2/slug,"""ethena-usde""","DefiLlama (token breakdown of value locked, per protocol)","""2026-10-07""",CC BY 4.0,https://creativecommons.org/licenses/by/4.0/,Luca Valente,"CC BY 4.0 applies to the original compilation and editorial work by Luca Valente. Underlying third-party data retain their source terms, including Coin Metrics CC BY-NC 4.0 where indicated; this export does not replace those terms."
real_money_flows,2026-10-07,/blocchi/4/righe/2/settore,"""Basis trading""","DefiLlama (token breakdown of value locked, per protocol)","""2026-10-07""",CC BY 4.0,https://creativecommons.org/licenses/by/4.0/,Luca Valente,"CC BY 4.0 applies to the original compilation and editorial work by Luca Valente. Underlying third-party data retain their source terms, including Coin Metrics CC BY-NC 4.0 where indicated; this export does not replace those terms."
real_money_flows,2026-10-07,/blocchi/4/righe/2/flussi_30g_usd,607169029,"DefiLlama (token breakdown of value locked, per protocol)","""2026-10-07""",CC BY 4.0,https://creativecommons.org/licenses/by/4.0/,Luca Valente,"CC BY 4.0 applies to the original compilation and editorial work by Luca Valente. Underlying third-party data retain their source terms, including Coin Metrics CC BY-NC 4.0 where indicated; this export does not replace those terms."
real_money_flows,2026-10-07,/blocchi/4/righe/2/quota_30g,0.1389,"DefiLlama (token breakdown of value locked, per protocol)","""2026-10-07""",CC BY 4.0,https://creativecommons.org/licenses/by/4.0/,Luca Valente,"CC BY 4.0 applies to the original compilation and editorial work by Luca Valente. Underlying third-party data retain their source terms, including Coin Metrics CC BY-NC 4.0 where indicated; this export does not replace those terms."
real_money_flows,2026-10-07,/blocchi/4/righe/2/valore_inizio_usd,4370355992,"DefiLlama (token breakdown of value locked, per protocol)","""2026-10-07""",CC BY 4.0,https://creativecommons.org/licenses/by/4.0/,Luca Valente,"CC BY 4.0 applies to the original compilation and editorial work by Luca Valente. Underlying third-party data retain their source terms, including Coin Metrics CC BY-NC 4.0 where indicated; this export does not replace those terms."
real_money_flows,2026-10-07,/blocchi/4/righe/3/nome,"""Sky Lending""","DefiLlama (token breakdown of value locked, per protocol)","""2026-10-07""",CC BY 4.0,https://creativecommons.org/licenses/by/4.0/,Luca Valente,"CC BY 4.0 applies to the original compilation and editorial work by Luca Valente. Underlying third-party data retain their source terms, including Coin Metrics CC BY-NC 4.0 where indicated; this export does not replace those terms."
real_money_flows,2026-10-07,/blocchi/4/righe/3/slug,"""sky-lending""","DefiLlama (token breakdown of value locked, per protocol)","""2026-10-07""",CC BY 4.0,https://creativecommons.org/licenses/by/4.0/,Luca Valente,"CC BY 4.0 applies to the original compilation and editorial work by Luca Valente. Underlying third-party data retain their source terms, including Coin Metrics CC BY-NC 4.0 where indicated; this export does not replace those terms."
real_money_flows,2026-10-07,/blocchi/4/righe/3/settore,"""Collateralised debt""","DefiLlama (token breakdown of value locked, per protocol)","""2026-10-07""",CC BY 4.0,https://creativecommons.org/licenses/by/4.0/,Luca Valente,"CC BY 4.0 applies to the original compilation and editorial work by Luca Valente. Underlying third-party data retain their source terms, including Coin Metrics CC BY-NC 4.0 where indicated; this export does not replace those terms."
real_money_flows,2026-10-07,/blocchi/4/righe/3/flussi_30g_usd,403797562,"DefiLlama (token breakdown of value locked, per protocol)","""2026-10-07""",CC BY 4.0,https://creativecommons.org/licenses/by/4.0/,Luca Valente,"CC BY 4.0 applies to the original compilation and editorial work by Luca Valente. Underlying third-party data retain their source terms, including Coin Metrics CC BY-NC 4.0 where indicated; this export does not replace those terms."
real_money_flows,2026-10-07,/blocchi/4/righe/3/quota_30g,0.0729,"DefiLlama (token breakdown of value locked, per protocol)","""2026-10-07""",CC BY 4.0,https://creativecommons.org/licenses/by/4.0/,Luca Valente,"CC BY 4.0 applies to the original compilation and editorial work by Luca Valente. Underlying third-party data retain their source terms, including Coin Metrics CC BY-NC 4.0 where indicated; this export does not replace those terms."
real_money_flows,2026-10-07,/blocchi/4/righe/3/valore_inizio_usd,5537933505,"DefiLlama (token breakdown of value locked, per protocol)","""2026-10-07""",CC BY 4.0,https://creativecommons.org/licenses/by/4.0/,Luca Valente,"CC BY 4.0 applies to the original compilation and editorial work by Luca Valente. Underlying third-party data retain their source terms, including Coin Metrics CC BY-NC 4.0 where indicated; this export does not replace those terms."
real_money_flows,2026-10-07,/blocchi/4/righe/4/nome,"""Lido""","DefiLlama (token breakdown of value locked, per protocol)","""2026-10-07""",CC BY 4.0,https://creativecommons.org/licenses/by/4.0/,Luca Valente,"CC BY 4.0 applies to the original compilation and editorial work by Luca Valente. Underlying third-party data retain their source terms, including Coin Metrics CC BY-NC 4.0 where indicated; this export does not replace those terms."
real_money_flows,2026-10-07,/blocchi/4/righe/4/slug,"""lido""","DefiLlama (token breakdown of value locked, per protocol)","""2026-10-07""",CC BY 4.0,https://creativecommons.org/licenses/by/4.0/,Luca Valente,"CC BY 4.0 applies to the original compilation and editorial work by Luca Valente. Underlying third-party data retain their source terms, including Coin Metrics CC BY-NC 4.0 where indicated; this export does not replace those terms."
real_money_flows,2026-10-07,/blocchi/4/righe/4/settore,"""Liquid staking""","DefiLlama (token breakdown of value locked, per protocol)","""2026-10-07""",CC BY 4.0,https://creativecommons.org/licenses/by/4.0/,Luca Valente,"CC BY 4.0 applies to the original compilation and editorial work by Luca Valente. Underlying third-party data retain their source terms, including Coin Metrics CC BY-NC 4.0 where indicated; this export does not replace those terms."
real_money_flows,2026-10-07,/blocchi/4/righe/4/flussi_30g_usd,317326747,"DefiLlama (token breakdown of value locked, per protocol)","""2026-10-07""",CC BY 4.0,https://creativecommons.org/licenses/by/4.0/,Luca Valente,"CC BY 4.0 applies to the original compilation and editorial work by Luca Valente. Underlying third-party data retain their source terms, including Coin Metrics CC BY-NC 4.0 where indicated; this export does not replace those terms."
real_money_flows,2026-10-07,/blocchi/4/righe/4/quota_30g,0.0132,"DefiLlama (token breakdown of value locked, per protocol)","""2026-10-07""",CC BY 4.0,https://creativecommons.org/licenses/by/4.0/,Luca Valente,"CC BY 4.0 applies to the original compilation and editorial work by Luca Valente. Underlying third-party data retain their source terms, including Coin Metrics CC BY-NC 4.0 where indicated; this export does not replace those terms."
real_money_flows,2026-10-07,/blocchi/4/righe/4/valore_inizio_usd,24083522226,"DefiLlama (token breakdown of value locked, per protocol)","""2026-10-07""",CC BY 4.0,https://creativecommons.org/licenses/by/4.0/,Luca Valente,"CC BY 4.0 applies to the original compilation and editorial work by Luca Valente. Underlying third-party data retain their source terms, including Coin Metrics CC BY-NC 4.0 where indicated; this export does not replace those terms."
real_money_flows,2026-10-07,/blocchi/4/righe/5/nome,"""ether.fi Stake""","DefiLlama (token breakdown of value locked, per protocol)","""2026-10-07""",CC BY 4.0,https://creativecommons.org/licenses/by/4.0/,Luca Valente,"CC BY 4.0 applies to the original compilation and editorial work by Luca Valente. Underlying third-party data retain their source terms, including Coin Metrics CC BY-NC 4.0 where indicated; this export does not replace those terms."
real_money_flows,2026-10-07,/blocchi/4/righe/5/slug,"""ether.fi-stake""","DefiLlama (token breakdown of value locked, per protocol)","""2026-10-07""",CC BY 4.0,https://creativecommons.org/licenses/by/4.0/,Luca Valente,"CC BY 4.0 applies to the original compilation and editorial work by Luca Valente. Underlying third-party data retain their source terms, including Coin Metrics CC BY-NC 4.0 where indicated; this export does not replace those terms."
real_money_flows,2026-10-07,/blocchi/4/righe/5/settore,"""Liquid staking""","DefiLlama (token breakdown of value locked, per protocol)","""2026-10-07""",CC BY 4.0,https://creativecommons.org/licenses/by/4.0/,Luca Valente,"CC BY 4.0 applies to the original compilation and editorial work by Luca Valente. Underlying third-party data retain their source terms, including Coin Metrics CC BY-NC 4.0 where indicated; this export does not replace those terms."
real_money_flows,2026-10-07,/blocchi/4/righe/5/flussi_30g_usd,237814126,"DefiLlama (token breakdown of value locked, per protocol)","""2026-10-07""",CC BY 4.0,https://creativecommons.org/licenses/by/4.0/,Luca Valente,"CC BY 4.0 applies to the original compilation and editorial work by Luca Valente. Underlying third-party data retain their source terms, including Coin Metrics CC BY-NC 4.0 where indicated; this export does not replace those terms."
real_money_flows,2026-10-07,/blocchi/4/righe/5/quota_30g,0.0522,"DefiLlama (token breakdown of value locked, per protocol)","""2026-10-07""",CC BY 4.0,https://creativecommons.org/licenses/by/4.0/,Luca Valente,"CC BY 4.0 applies to the original compilation and editorial work by Luca Valente. Underlying third-party data retain their source terms, including Coin Metrics CC BY-NC 4.0 where indicated; this export does not replace those terms."
real_money_flows,2026-10-07,/blocchi/4/righe/5/valore_inizio_usd,4554291086,"DefiLlama (token breakdown of value locked, per protocol)","""2026-10-07""",CC BY 4.0,https://creativecommons.org/licenses/by/4.0/,Luca Valente,"CC BY 4.0 applies to the original compilation and editorial work by Luca Valente. Underlying third-party data retain their source terms, including Coin Metrics CC BY-NC 4.0 where indicated; this export does not replace those terms."
real_money_flows,2026-10-07,/blocchi/4/righe/6/nome,"""Sanctum Validator LSTs""","DefiLlama (token breakdown of value locked, per protocol)","""2026-10-07""",CC BY 4.0,https://creativecommons.org/licenses/by/4.0/,Luca Valente,"CC BY 4.0 applies to the original compilation and editorial work by Luca Valente. Underlying third-party data retain their source terms, including Coin Metrics CC BY-NC 4.0 where indicated; this export does not replace those terms."
real_money_flows,2026-10-07,/blocchi/4/righe/6/slug,"""sanctum-validator-lsts""","DefiLlama (token breakdown of value locked, per protocol)","""2026-10-07""",CC BY 4.0,https://creativecommons.org/licenses/by/4.0/,Luca Valente,"CC BY 4.0 applies to the original compilation and editorial work by Luca Valente. Underlying third-party data retain their source terms, including Coin Metrics CC BY-NC 4.0 where indicated; this export does not replace those terms."
real_money_flows,2026-10-07,/blocchi/4/righe/6/settore,"""Liquid staking""","DefiLlama (token breakdown of value locked, per protocol)","""2026-10-07""",CC BY 4.0,https://creativecommons.org/licenses/by/4.0/,Luca Valente,"CC BY 4.0 applies to the original compilation and editorial work by Luca Valente. Underlying third-party data retain their source terms, including Coin Metrics CC BY-NC 4.0 where indicated; this export does not replace those terms."
real_money_flows,2026-10-07,/blocchi/4/righe/6/flussi_30g_usd,140981924,"DefiLlama (token breakdown of value locked, per protocol)","""2026-10-07""",CC BY 4.0,https://creativecommons.org/licenses/by/4.0/,Luca Valente,"CC BY 4.0 applies to the original compilation and editorial work by Luca Valente. Underlying third-party data retain their source terms, including Coin Metrics CC BY-NC 4.0 where indicated; this export does not replace those terms."
real_money_flows,2026-10-07,/blocchi/4/righe/6/quota_30g,0.0891,"DefiLlama (token breakdown of value locked, per protocol)","""2026-10-07""",CC BY 4.0,https://creativecommons.org/licenses/by/4.0/,Luca Valente,"CC BY 4.0 applies to the original compilation and editorial work by Luca Valente. Underlying third-party data retain their source terms, including Coin Metrics CC BY-NC 4.0 where indicated; this export does not replace those terms."
real_money_flows,2026-10-07,/blocchi/4/righe/6/valore_inizio_usd,1582969472,"DefiLlama (token breakdown of value locked, per protocol)","""2026-10-07""",CC BY 4.0,https://creativecommons.org/licenses/by/4.0/,Luca Valente,"CC BY 4.0 applies to the original compilation and editorial work by Luca Valente. Underlying third-party data retain their source terms, including Coin Metrics CC BY-NC 4.0 where indicated; this export does not replace those terms."
real_money_flows,2026-10-07,/blocchi/4/righe/7/nome,"""JustLend V1""","DefiLlama (token breakdown of value locked, per protocol)","""2026-10-07""",CC BY 4.0,https://creativecommons.org/licenses/by/4.0/,Luca Valente,"CC BY 4.0 applies to the original compilation and editorial work by Luca Valente. Underlying third-party data retain their source terms, including Coin Metrics CC BY-NC 4.0 where indicated; this export does not replace those terms."
real_money_flows,2026-10-07,/blocchi/4/righe/7/slug,"""justlend-v1""","DefiLlama (token breakdown of value locked, per protocol)","""2026-10-07""",CC BY 4.0,https://creativecommons.org/licenses/by/4.0/,Luca Valente,"CC BY 4.0 applies to the original compilation and editorial work by Luca Valente. Underlying third-party data retain their source terms, including Coin Metrics CC BY-NC 4.0 where indicated; this export does not replace those terms."
real_money_flows,2026-10-07,/blocchi/4/righe/7/settore,"""Lending""","DefiLlama (token breakdown of value locked, per protocol)","""2026-10-07""",CC BY 4.0,https://creativecommons.org/licenses/by/4.0/,Luca Valente,"CC BY 4.0 applies to the original compilation and editorial work by Luca Valente. Underlying third-party data retain their source terms, including Coin Metrics CC BY-NC 4.0 where indicated; this export does not replace those terms."
real_money_flows,2026-10-07,/blocchi/4/righe/7/flussi_30g_usd,49223337,"DefiLlama (token breakdown of value locked, per protocol)","""2026-10-07""",CC BY 4.0,https://creativecommons.org/licenses/by/4.0/,Luca Valente,"CC BY 4.0 applies to the original compilation and editorial work by Luca Valente. Underlying third-party data retain their source terms, including Coin Metrics CC BY-NC 4.0 where indicated; this export does not replace those terms."
real_money_flows,2026-10-07,/blocchi/4/righe/7/quota_30g,0.0133,"DefiLlama (token breakdown of value locked, per protocol)","""2026-10-07""",CC BY 4.0,https://creativecommons.org/licenses/by/4.0/,Luca Valente,"CC BY 4.0 applies to the original compilation and editorial work by Luca Valente. Underlying third-party data retain their source terms, including Coin Metrics CC BY-NC 4.0 where indicated; this export does not replace those terms."
real_money_flows,2026-10-07,/blocchi/4/righe/7/valore_inizio_usd,3714598316,"DefiLlama (token breakdown of value locked, per protocol)","""2026-10-07""",CC BY 4.0,https://creativecommons.org/licenses/by/4.0/,Luca Valente,"CC BY 4.0 applies to the original compilation and editorial work by Luca Valente. Underlying third-party data retain their source terms, including Coin Metrics CC BY-NC 4.0 where indicated; this export does not replace those terms."
real_money_flows,2026-10-07,/blocchi/4/righe/8/nome,"""Maple""","DefiLlama (token breakdown of value locked, per protocol)","""2026-10-07""",CC BY 4.0,https://creativecommons.org/licenses/by/4.0/,Luca Valente,"CC BY 4.0 applies to the original compilation and editorial work by Luca Valente. Underlying third-party data retain their source terms, including Coin Metrics CC BY-NC 4.0 where indicated; this export does not replace those terms."
real_money_flows,2026-10-07,/blocchi/4/righe/8/slug,"""maple""","DefiLlama (token breakdown of value locked, per protocol)","""2026-10-07""",CC BY 4.0,https://creativecommons.org/licenses/by/4.0/,Luca Valente,"CC BY 4.0 applies to the original compilation and editorial work by Luca Valente. Underlying third-party data retain their source terms, including Coin Metrics CC BY-NC 4.0 where indicated; this export does not replace those terms."
real_money_flows,2026-10-07,/blocchi/4/righe/8/settore,"""Lending""","DefiLlama (token breakdown of value locked, per protocol)","""2026-10-07""",CC BY 4.0,https://creativecommons.org/licenses/by/4.0/,Luca Valente,"CC BY 4.0 applies to the original compilation and editorial work by Luca Valente. Underlying third-party data retain their source terms, including Coin Metrics CC BY-NC 4.0 where indicated; this export does not replace those terms."
real_money_flows,2026-10-07,/blocchi/4/righe/8/flussi_30g_usd,15526111,"DefiLlama (token breakdown of value locked, per protocol)","""2026-10-07""",CC BY 4.0,https://creativecommons.org/licenses/by/4.0/,Luca Valente,"CC BY 4.0 applies to the original compilation and editorial work by Luca Valente. Underlying third-party data retain their source terms, including Coin Metrics CC BY-NC 4.0 where indicated; this export does not replace those terms."
real_money_flows,2026-10-07,/blocchi/4/righe/8/quota_30g,0.0051,"DefiLlama (token breakdown of value locked, per protocol)","""2026-10-07""",CC BY 4.0,https://creativecommons.org/licenses/by/4.0/,Luca Valente,"CC BY 4.0 applies to the original compilation and editorial work by Luca Valente. Underlying third-party data retain their source terms, including Coin Metrics CC BY-NC 4.0 where indicated; this export does not replace those terms."
real_money_flows,2026-10-07,/blocchi/4/righe/8/valore_inizio_usd,3026699858,"DefiLlama (token breakdown of value locked, per protocol)","""2026-10-07""",CC BY 4.0,https://creativecommons.org/licenses/by/4.0/,Luca Valente,"CC BY 4.0 applies to the original compilation and editorial work by Luca Valente. Underlying third-party data retain their source terms, including Coin Metrics CC BY-NC 4.0 where indicated; this export does not replace those terms."
real_money_flows,2026-10-07,/blocchi/4/righe/9/nome,"""Aave (all versions)""","DefiLlama (token breakdown of value locked, per protocol)","""2026-10-07""",CC BY 4.0,https://creativecommons.org/licenses/by/4.0/,Luca Valente,"CC BY 4.0 applies to the original compilation and editorial work by Luca Valente. Underlying third-party data retain their source terms, including Coin Metrics CC BY-NC 4.0 where indicated; this export does not replace those terms."
real_money_flows,2026-10-07,/blocchi/4/righe/9/slug,"""aave""","DefiLlama (token breakdown of value locked, per protocol)","""2026-10-07""",CC BY 4.0,https://creativecommons.org/licenses/by/4.0/,Luca Valente,"CC BY 4.0 applies to the original compilation and editorial work by Luca Valente. Underlying third-party data retain their source terms, including Coin Metrics CC BY-NC 4.0 where indicated; this export does not replace those terms."
real_money_flows,2026-10-07,/blocchi/4/righe/9/settore,"""Lending""","DefiLlama (token breakdown of value locked, per protocol)","""2026-10-07""",CC BY 4.0,https://creativecommons.org/licenses/by/4.0/,Luca Valente,"CC BY 4.0 applies to the original compilation and editorial work by Luca Valente. Underlying third-party data retain their source terms, including Coin Metrics CC BY-NC 4.0 where indicated; this export does not replace those terms."
real_money_flows,2026-10-07,/blocchi/4/righe/9/flussi_30g_usd,-235649076,"DefiLlama (token breakdown of value locked, per protocol)","""2026-10-07""",CC BY 4.0,https://creativecommons.org/licenses/by/4.0/,Luca Valente,"CC BY 4.0 applies to the original compilation and editorial work by Luca Valente. Underlying third-party data retain their source terms, including Coin Metrics CC BY-NC 4.0 where indicated; this export does not replace those terms."
real_money_flows,2026-10-07,/blocchi/4/righe/9/quota_30g,-0.0129,"DefiLlama (token breakdown of value locked, per protocol)","""2026-10-07""",CC BY 4.0,https://creativecommons.org/licenses/by/4.0/,Luca Valente,"CC BY 4.0 applies to the original compilation and editorial work by Luca Valente. Underlying third-party data retain their source terms, including Coin Metrics CC BY-NC 4.0 where indicated; this export does not replace those terms."
real_money_flows,2026-10-07,/blocchi/4/righe/9/valore_inizio_usd,18309869040,"DefiLlama (token breakdown of value locked, per protocol)","""2026-10-07""",CC BY 4.0,https://creativecommons.org/licenses/by/4.0/,Luca Valente,"CC BY 4.0 applies to the original compilation and editorial work by Luca Valente. Underlying third-party data retain their source terms, including Coin Metrics CC BY-NC 4.0 where indicated; this export does not replace those terms."
real_money_flows,2026-10-07,/blocchi/4/nota,null,"DefiLlama (token breakdown of value locked, per protocol)","""2026-10-07""",CC BY 4.0,https://creativecommons.org/licenses/by/4.0/,Luca Valente,"CC BY 4.0 applies to the original compilation and editorial work by Luca Valente. Underlying third-party data retain their source terms, including Coin Metrics CC BY-NC 4.0 where indicated; this export does not replace those terms."
real_money_flows,2026-10-07,/frasi/0/id,"""totale_30g""","DefiLlama (token breakdown of value locked, per protocol)","""2026-10-07""",CC BY 4.0,https://creativecommons.org/licenses/by/4.0/,Luca Valente,"CC BY 4.0 applies to the original compilation and editorial work by Luca Valente. Underlying third-party data retain their source terms, including Coin Metrics CC BY-NC 4.0 where indicated; this export does not replace those terms."
real_money_flows,2026-10-07,/frasi/0/testo,"""Net deposits across DeFi, with the price effect removed, were $3.84B in 30 days""","DefiLlama (token breakdown of value locked, per protocol)","""2026-10-07""",CC BY 4.0,https://creativecommons.org/licenses/by/4.0/,Luca Valente,"CC BY 4.0 applies to the original compilation and editorial work by Luca Valente. Underlying third-party data retain their source terms, including Coin Metrics CC BY-NC 4.0 where indicated; this export does not replace those terms."
real_money_flows,2026-10-07,/frasi/0/modello,"""cruscotti.crypto_state.soldi_veri""","DefiLlama (token breakdown of value locked, per protocol)","""2026-10-07""",CC BY 4.0,https://creativecommons.org/licenses/by/4.0/,Luca Valente,"CC BY 4.0 applies to the original compilation and editorial work by Luca Valente. Underlying third-party data retain their source terms, including Coin Metrics CC BY-NC 4.0 where indicated; this export does not replace those terms."
real_money_flows,2026-10-07,/frasi/0/contratto,"""contratto""","DefiLlama (token breakdown of value locked, per protocol)","""2026-10-07""",CC BY 4.0,https://creativecommons.org/licenses/by/4.0/,Luca Valente,"CC BY 4.0 applies to the original compilation and editorial work by Luca Valente. Underlying third-party data retain their source terms, including Coin Metrics CC BY-NC 4.0 where indicated; this export does not replace those terms."
real_money_flows,2026-10-07,/frasi/0/numeri/flussi_usd,3838122455,"DefiLlama (token breakdown of value locked, per protocol)","""2026-10-07""",CC BY 4.0,https://creativecommons.org/licenses/by/4.0/,Luca Valente,"CC BY 4.0 applies to the original compilation and editorial work by Luca Valente. Underlying third-party data retain their source terms, including Coin Metrics CC BY-NC 4.0 where indicated; this export does not replace those terms."
real_money_flows,2026-10-07,/frasi/0/numeri/protocolli,201,"DefiLlama (token breakdown of value locked, per protocol)","""2026-10-07""",CC BY 4.0,https://creativecommons.org/licenses/by/4.0/,Luca Valente,"CC BY 4.0 applies to the original compilation and editorial work by Luca Valente. Underlying third-party data retain their source terms, including Coin Metrics CC BY-NC 4.0 where indicated; this export does not replace those terms."
real_money_flows,2026-10-07,/frasi/0/misura,"""depositi_netti_unita""","DefiLlama (token breakdown of value locked, per protocol)","""2026-10-07""",CC BY 4.0,https://creativecommons.org/licenses/by/4.0/,Luca Valente,"CC BY 4.0 applies to the original compilation and editorial work by Luca Valente. Underlying third-party data retain their source terms, including Coin Metrics CC BY-NC 4.0 where indicated; this export does not replace those terms."
real_money_flows,2026-10-07,/frasi/0/finestra_giorni,30,"DefiLlama (token breakdown of value locked, per protocol)","""2026-10-07""",CC BY 4.0,https://creativecommons.org/licenses/by/4.0/,Luca Valente,"CC BY 4.0 applies to the original compilation and editorial work by Luca Valente. Underlying third-party data retain their source terms, including Coin Metrics CC BY-NC 4.0 where indicated; this export does not replace those terms."
real_money_flows,2026-10-07,/frasi/0/base,127079382998,"DefiLlama (token breakdown of value locked, per protocol)","""2026-10-07""",CC BY 4.0,https://creativecommons.org/licenses/by/4.0/,Luca Valente,"CC BY 4.0 applies to the original compilation and editorial work by Luca Valente. Underlying third-party data retain their source terms, including Coin Metrics CC BY-NC 4.0 where indicated; this export does not replace those terms."
real_money_flows,2026-10-07,/frasi/0/base_minima,1000000000.0,"DefiLlama (token breakdown of value locked, per protocol)","""2026-10-07""",CC BY 4.0,https://creativecommons.org/licenses/by/4.0/,Luca Valente,"CC BY 4.0 applies to the original compilation and editorial work by Luca Valente. Underlying third-party data retain their source terms, including Coin Metrics CC BY-NC 4.0 where indicated; this export does not replace those terms."
real_money_flows,2026-10-07,/frasi/0/quota_primo_contributo,0.1297,"DefiLlama (token breakdown of value locked, per protocol)","""2026-10-07""",CC BY 4.0,https://creativecommons.org/licenses/by/4.0/,Luca Valente,"CC BY 4.0 applies to the original compilation and editorial work by Luca Valente. Underlying third-party data retain their source terms, including Coin Metrics CC BY-NC 4.0 where indicated; this export does not replace those terms."
real_money_flows,2026-10-07,/frasi/0/cancello,"""passa""","DefiLlama (token breakdown of value locked, per protocol)","""2026-10-07""",CC BY 4.0,https://creativecommons.org/licenses/by/4.0/,Luca Valente,"CC BY 4.0 applies to the original compilation and editorial work by Luca Valente. Underlying third-party data retain their source terms, including Coin Metrics CC BY-NC 4.0 where indicated; this export does not replace those terms."
real_money_flows,2026-10-07,/frasi/1/id,"""settore_entrate""","DefiLlama (token breakdown of value locked, per protocol)","""2026-10-07""",CC BY 4.0,https://creativecommons.org/licenses/by/4.0/,Luca Valente,"CC BY 4.0 applies to the original compilation and editorial work by Luca Valente. Underlying third-party data retain their source terms, including Coin Metrics CC BY-NC 4.0 where indicated; this export does not replace those terms."
real_money_flows,2026-10-07,/frasi/1/testo,"""Net deposits into Lending were $1.49B in 30 days, with the price effect removed""","DefiLlama (token breakdown of value locked, per protocol)","""2026-10-07""",CC BY 4.0,https://creativecommons.org/licenses/by/4.0/,Luca Valente,"CC BY 4.0 applies to the original compilation and editorial work by Luca Valente. Underlying third-party data retain their source terms, including Coin Metrics CC BY-NC 4.0 where indicated; this export does not replace those terms."
real_money_flows,2026-10-07,/frasi/1/modello,"""cruscotti.real_money_flows.settore""","DefiLlama (token breakdown of value locked, per protocol)","""2026-10-07""",CC BY 4.0,https://creativecommons.org/licenses/by/4.0/,Luca Valente,"CC BY 4.0 applies to the original compilation and editorial work by Luca Valente. Underlying third-party data retain their source terms, including Coin Metrics CC BY-NC 4.0 where indicated; this export does not replace those terms."
real_money_flows,2026-10-07,/frasi/1/contratto,"""contratto""","DefiLlama (token breakdown of value locked, per protocol)","""2026-10-07""",CC BY 4.0,https://creativecommons.org/licenses/by/4.0/,Luca Valente,"CC BY 4.0 applies to the original compilation and editorial work by Luca Valente. Underlying third-party data retain their source terms, including Coin Metrics CC BY-NC 4.0 where indicated; this export does not replace those terms."
real_money_flows,2026-10-07,/frasi/1/numeri/flussi_usd,1485559802,"DefiLlama (token breakdown of value locked, per protocol)","""2026-10-07""",CC BY 4.0,https://creativecommons.org/licenses/by/4.0/,Luca Valente,"CC BY 4.0 applies to the original compilation and editorial work by Luca Valente. Underlying third-party data retain their source terms, including Coin Metrics CC BY-NC 4.0 where indicated; this export does not replace those terms."
real_money_flows,2026-10-07,/frasi/1/numeri/protocolli,26,"DefiLlama (token breakdown of value locked, per protocol)","""2026-10-07""",CC BY 4.0,https://creativecommons.org/licenses/by/4.0/,Luca Valente,"CC BY 4.0 applies to the original compilation and editorial work by Luca Valente. Underlying third-party data retain their source terms, including Coin Metrics CC BY-NC 4.0 where indicated; this export does not replace those terms."
real_money_flows,2026-10-07,/frasi/1/misura,"""depositi_netti_unita""","DefiLlama (token breakdown of value locked, per protocol)","""2026-10-07""",CC BY 4.0,https://creativecommons.org/licenses/by/4.0/,Luca Valente,"CC BY 4.0 applies to the original compilation and editorial work by Luca Valente. Underlying third-party data retain their source terms, including Coin Metrics CC BY-NC 4.0 where indicated; this export does not replace those terms."
real_money_flows,2026-10-07,/frasi/1/finestra_giorni,30,"DefiLlama (token breakdown of value locked, per protocol)","""2026-10-07""",CC BY 4.0,https://creativecommons.org/licenses/by/4.0/,Luca Valente,"CC BY 4.0 applies to the original compilation and editorial work by Luca Valente. Underlying third-party data retain their source terms, including Coin Metrics CC BY-NC 4.0 where indicated; this export does not replace those terms."
real_money_flows,2026-10-07,/frasi/1/base,49282739282,"DefiLlama (token breakdown of value locked, per protocol)","""2026-10-07""",CC BY 4.0,https://creativecommons.org/licenses/by/4.0/,Luca Valente,"CC BY 4.0 applies to the original compilation and editorial work by Luca Valente. Underlying third-party data retain their source terms, including Coin Metrics CC BY-NC 4.0 where indicated; this export does not replace those terms."
real_money_flows,2026-10-07,/frasi/1/base_minima,500000000,"DefiLlama (token breakdown of value locked, per protocol)","""2026-10-07""",CC BY 4.0,https://creativecommons.org/licenses/by/4.0/,Luca Valente,"CC BY 4.0 applies to the original compilation and editorial work by Luca Valente. Underlying third-party data retain their source terms, including Coin Metrics CC BY-NC 4.0 where indicated; this export does not replace those terms."
real_money_flows,2026-10-07,/frasi/1/quota_primo_contributo,0.383,"DefiLlama (token breakdown of value locked, per protocol)","""2026-10-07""",CC BY 4.0,https://creativecommons.org/licenses/by/4.0/,Luca Valente,"CC BY 4.0 applies to the original compilation and editorial work by Luca Valente. Underlying third-party data retain their source terms, including Coin Metrics CC BY-NC 4.0 where indicated; this export does not replace those terms."
real_money_flows,2026-10-07,/frasi/1/classifica/0,1485559802,"DefiLlama (token breakdown of value locked, per protocol)","""2026-10-07""",CC BY 4.0,https://creativecommons.org/licenses/by/4.0/,Luca Valente,"CC BY 4.0 applies to the original compilation and editorial work by Luca Valente. Underlying third-party data retain their source terms, including Coin Metrics CC BY-NC 4.0 where indicated; this export does not replace those terms."
real_money_flows,2026-10-07,/frasi/1/classifica/1,1055029827,"DefiLlama (token breakdown of value locked, per protocol)","""2026-10-07""",CC BY 4.0,https://creativecommons.org/licenses/by/4.0/,Luca Valente,"CC BY 4.0 applies to the original compilation and editorial work by Luca Valente. Underlying third-party data retain their source terms, including Coin Metrics CC BY-NC 4.0 where indicated; this export does not replace those terms."
real_money_flows,2026-10-07,/frasi/1/classifica/2,583876702,"DefiLlama (token breakdown of value locked, per protocol)","""2026-10-07""",CC BY 4.0,https://creativecommons.org/licenses/by/4.0/,Luca Valente,"CC BY 4.0 applies to the original compilation and editorial work by Luca Valente. Underlying third-party data retain their source terms, including Coin Metrics CC BY-NC 4.0 where indicated; this export does not replace those terms."
real_money_flows,2026-10-07,/frasi/1/classifica/3,275515411,"DefiLlama (token breakdown of value locked, per protocol)","""2026-10-07""",CC BY 4.0,https://creativecommons.org/licenses/by/4.0/,Luca Valente,"CC BY 4.0 applies to the original compilation and editorial work by Luca Valente. Underlying third-party data retain their source terms, including Coin Metrics CC BY-NC 4.0 where indicated; this export does not replace those terms."
real_money_flows,2026-10-07,/frasi/1/classifica/4,202658823,"DefiLlama (token breakdown of value locked, per protocol)","""2026-10-07""",CC BY 4.0,https://creativecommons.org/licenses/by/4.0/,Luca Valente,"CC BY 4.0 applies to the original compilation and editorial work by Luca Valente. Underlying third-party data retain their source terms, including Coin Metrics CC BY-NC 4.0 where indicated; this export does not replace those terms."
real_money_flows,2026-10-07,/frasi/1/classifica/5,164943851,"DefiLlama (token breakdown of value locked, per protocol)","""2026-10-07""",CC BY 4.0,https://creativecommons.org/licenses/by/4.0/,Luca Valente,"CC BY 4.0 applies to the original compilation and editorial work by Luca Valente. Underlying third-party data retain their source terms, including Coin Metrics CC BY-NC 4.0 where indicated; this export does not replace those terms."
real_money_flows,2026-10-07,/frasi/1/classifica/6,18866939,"DefiLlama (token breakdown of value locked, per protocol)","""2026-10-07""",CC BY 4.0,https://creativecommons.org/licenses/by/4.0/,Luca Valente,"CC BY 4.0 applies to the original compilation and editorial work by Luca Valente. Underlying third-party data retain their source terms, including Coin Metrics CC BY-NC 4.0 where indicated; this export does not replace those terms."
real_money_flows,2026-10-07,/frasi/1/classifica/7,-131148517,"DefiLlama (token breakdown of value locked, per protocol)","""2026-10-07""",CC BY 4.0,https://creativecommons.org/licenses/by/4.0/,Luca Valente,"CC BY 4.0 applies to the original compilation and editorial work by Luca Valente. Underlying third-party data retain their source terms, including Coin Metrics CC BY-NC 4.0 where indicated; this export does not replace those terms."
real_money_flows,2026-10-07,/frasi/1/gruppo,"""Lending""","DefiLlama (token breakdown of value locked, per protocol)","""2026-10-07""",CC BY 4.0,https://creativecommons.org/licenses/by/4.0/,Luca Valente,"CC BY 4.0 applies to the original compilation and editorial work by Luca Valente. Underlying third-party data retain their source terms, including Coin Metrics CC BY-NC 4.0 where indicated; this export does not replace those terms."
real_money_flows,2026-10-07,/frasi/1/cancello,"""passa""","DefiLlama (token breakdown of value locked, per protocol)","""2026-10-07""",CC BY 4.0,https://creativecommons.org/licenses/by/4.0/,Luca Valente,"CC BY 4.0 applies to the original compilation and editorial work by Luca Valente. Underlying third-party data retain their source terms, including Coin Metrics CC BY-NC 4.0 where indicated; this export does not replace those terms."
real_money_flows,2026-10-07,/frasi/2/id,"""settore_uscite""","DefiLlama (token breakdown of value locked, per protocol)","""2026-10-07""",CC BY 4.0,https://creativecommons.org/licenses/by/4.0/,Luca Valente,"CC BY 4.0 applies to the original compilation and editorial work by Luca Valente. Underlying third-party data retain their source terms, including Coin Metrics CC BY-NC 4.0 where indicated; this export does not replace those terms."
real_money_flows,2026-10-07,/frasi/2/testo,"""Net deposits into Real-world assets were −$131.1M in 30 days, with the price effect removed""","DefiLlama (token breakdown of value locked, per protocol)","""2026-10-07""",CC BY 4.0,https://creativecommons.org/licenses/by/4.0/,Luca Valente,"CC BY 4.0 applies to the original compilation and editorial work by Luca Valente. Underlying third-party data retain their source terms, including Coin Metrics CC BY-NC 4.0 where indicated; this export does not replace those terms."
real_money_flows,2026-10-07,/frasi/2/modello,"""cruscotti.real_money_flows.settore""","DefiLlama (token breakdown of value locked, per protocol)","""2026-10-07""",CC BY 4.0,https://creativecommons.org/licenses/by/4.0/,Luca Valente,"CC BY 4.0 applies to the original compilation and editorial work by Luca Valente. Underlying third-party data retain their source terms, including Coin Metrics CC BY-NC 4.0 where indicated; this export does not replace those terms."
real_money_flows,2026-10-07,/frasi/2/contratto,"""contratto""","DefiLlama (token breakdown of value locked, per protocol)","""2026-10-07""",CC BY 4.0,https://creativecommons.org/licenses/by/4.0/,Luca Valente,"CC BY 4.0 applies to the original compilation and editorial work by Luca Valente. Underlying third-party data retain their source terms, including Coin Metrics CC BY-NC 4.0 where indicated; this export does not replace those terms."
real_money_flows,2026-10-07,/frasi/2/numeri/flussi_usd,-131148517,"DefiLlama (token breakdown of value locked, per protocol)","""2026-10-07""",CC BY 4.0,https://creativecommons.org/licenses/by/4.0/,Luca Valente,"CC BY 4.0 applies to the original compilation and editorial work by Luca Valente. Underlying third-party data retain their source terms, including Coin Metrics CC BY-NC 4.0 where indicated; this export does not replace those terms."
real_money_flows,2026-10-07,/frasi/2/numeri/protocolli,19,"DefiLlama (token breakdown of value locked, per protocol)","""2026-10-07""",CC BY 4.0,https://creativecommons.org/licenses/by/4.0/,Luca Valente,"CC BY 4.0 applies to the original compilation and editorial work by Luca Valente. Underlying third-party data retain their source terms, including Coin Metrics CC BY-NC 4.0 where indicated; this export does not replace those terms."
real_money_flows,2026-10-07,/frasi/2/misura,"""depositi_netti_unita""","DefiLlama (token breakdown of value locked, per protocol)","""2026-10-07""",CC BY 4.0,https://creativecommons.org/licenses/by/4.0/,Luca Valente,"CC BY 4.0 applies to the original compilation and editorial work by Luca Valente. Underlying third-party data retain their source terms, including Coin Metrics CC BY-NC 4.0 where indicated; this export does not replace those terms."
real_money_flows,2026-10-07,/frasi/2/finestra_giorni,30,"DefiLlama (token breakdown of value locked, per protocol)","""2026-10-07""",CC BY 4.0,https://creativecommons.org/licenses/by/4.0/,Luca Valente,"CC BY 4.0 applies to the original compilation and editorial work by Luca Valente. Underlying third-party data retain their source terms, including Coin Metrics CC BY-NC 4.0 where indicated; this export does not replace those terms."
real_money_flows,2026-10-07,/frasi/2/base,4398142382,"DefiLlama (token breakdown of value locked, per protocol)","""2026-10-07""",CC BY 4.0,https://creativecommons.org/licenses/by/4.0/,Luca Valente,"CC BY 4.0 applies to the original compilation and editorial work by Luca Valente. Underlying third-party data retain their source terms, including Coin Metrics CC BY-NC 4.0 where indicated; this export does not replace those terms."
real_money_flows,2026-10-07,/frasi/2/base_minima,500000000,"DefiLlama (token breakdown of value locked, per protocol)","""2026-10-07""",CC BY 4.0,https://creativecommons.org/licenses/by/4.0/,Luca Valente,"CC BY 4.0 applies to the original compilation and editorial work by Luca Valente. Underlying third-party data retain their source terms, including Coin Metrics CC BY-NC 4.0 where indicated; this export does not replace those terms."
real_money_flows,2026-10-07,/frasi/2/quota_primo_contributo,0.5452,"DefiLlama (token breakdown of value locked, per protocol)","""2026-10-07""",CC BY 4.0,https://creativecommons.org/licenses/by/4.0/,Luca Valente,"CC BY 4.0 applies to the original compilation and editorial work by Luca Valente. Underlying third-party data retain their source terms, including Coin Metrics CC BY-NC 4.0 where indicated; this export does not replace those terms."
real_money_flows,2026-10-07,/frasi/2/classifica/0,-131148517,"DefiLlama (token breakdown of value locked, per protocol)","""2026-10-07""",CC BY 4.0,https://creativecommons.org/licenses/by/4.0/,Luca Valente,"CC BY 4.0 applies to the original compilation and editorial work by Luca Valente. Underlying third-party data retain their source terms, including Coin Metrics CC BY-NC 4.0 where indicated; this export does not replace those terms."
real_money_flows,2026-10-07,/frasi/2/classifica/1,18866939,"DefiLlama (token breakdown of value locked, per protocol)","""2026-10-07""",CC BY 4.0,https://creativecommons.org/licenses/by/4.0/,Luca Valente,"CC BY 4.0 applies to the original compilation and editorial work by Luca Valente. Underlying third-party data retain their source terms, including Coin Metrics CC BY-NC 4.0 where indicated; this export does not replace those terms."
real_money_flows,2026-10-07,/frasi/2/classifica/2,164943851,"DefiLlama (token breakdown of value locked, per protocol)","""2026-10-07""",CC BY 4.0,https://creativecommons.org/licenses/by/4.0/,Luca Valente,"CC BY 4.0 applies to the original compilation and editorial work by Luca Valente. Underlying third-party data retain their source terms, including Coin Metrics CC BY-NC 4.0 where indicated; this export does not replace those terms."
real_money_flows,2026-10-07,/frasi/2/classifica/3,202658823,"DefiLlama (token breakdown of value locked, per protocol)","""2026-10-07""",CC BY 4.0,https://creativecommons.org/licenses/by/4.0/,Luca Valente,"CC BY 4.0 applies to the original compilation and editorial work by Luca Valente. Underlying third-party data retain their source terms, including Coin Metrics CC BY-NC 4.0 where indicated; this export does not replace those terms."
real_money_flows,2026-10-07,/frasi/2/classifica/4,275515411,"DefiLlama (token breakdown of value locked, per protocol)","""2026-10-07""",CC BY 4.0,https://creativecommons.org/licenses/by/4.0/,Luca Valente,"CC BY 4.0 applies to the original compilation and editorial work by Luca Valente. Underlying third-party data retain their source terms, including Coin Metrics CC BY-NC 4.0 where indicated; this export does not replace those terms."
real_money_flows,2026-10-07,/frasi/2/classifica/5,583876702,"DefiLlama (token breakdown of value locked, per protocol)","""2026-10-07""",CC BY 4.0,https://creativecommons.org/licenses/by/4.0/,Luca Valente,"CC BY 4.0 applies to the original compilation and editorial work by Luca Valente. Underlying third-party data retain their source terms, including Coin Metrics CC BY-NC 4.0 where indicated; this export does not replace those terms."
real_money_flows,2026-10-07,/frasi/2/classifica/6,1055029827,"DefiLlama (token breakdown of value locked, per protocol)","""2026-10-07""",CC BY 4.0,https://creativecommons.org/licenses/by/4.0/,Luca Valente,"CC BY 4.0 applies to the original compilation and editorial work by Luca Valente. Underlying third-party data retain their source terms, including Coin Metrics CC BY-NC 4.0 where indicated; this export does not replace those terms."
real_money_flows,2026-10-07,/frasi/2/classifica/7,1485559802,"DefiLlama (token breakdown of value locked, per protocol)","""2026-10-07""",CC BY 4.0,https://creativecommons.org/licenses/by/4.0/,Luca Valente,"CC BY 4.0 applies to the original compilation and editorial work by Luca Valente. Underlying third-party data retain their source terms, including Coin Metrics CC BY-NC 4.0 where indicated; this export does not replace those terms."
real_money_flows,2026-10-07,/frasi/2/gruppo,"""Real-world assets""","DefiLlama (token breakdown of value locked, per protocol)","""2026-10-07""",CC BY 4.0,https://creativecommons.org/licenses/by/4.0/,Luca Valente,"CC BY 4.0 applies to the original compilation and editorial work by Luca Valente. Underlying third-party data retain their source terms, including Coin Metrics CC BY-NC 4.0 where indicated; this export does not replace those terms."
real_money_flows,2026-10-07,/frasi/2/cancello,"""fermato""","DefiLlama (token breakdown of value locked, per protocol)","""2026-10-07""",CC BY 4.0,https://creativecommons.org/licenses/by/4.0/,Luca Valente,"CC BY 4.0 applies to the original compilation and editorial work by Luca Valente. Underlying third-party data retain their source terms, including Coin Metrics CC BY-NC 4.0 where indicated; this export does not replace those terms."
real_money_flows,2026-10-07,/frasi/2/motivo,"""stopped by the gate""","DefiLlama (token breakdown of value locked, per protocol)","""2026-10-07""",CC BY 4.0,https://creativecommons.org/licenses/by/4.0/,Luca Valente,"CC BY 4.0 applies to the original compilation and editorial work by Luca Valente. Underlying third-party data retain their source terms, including Coin Metrics CC BY-NC 4.0 where indicated; this export does not replace those terms."
real_money_flows,2026-10-07,/frasi/3/id,"""rotazione""","DefiLlama (token breakdown of value locked, per protocol)","""2026-10-07""",CC BY 4.0,https://creativecommons.org/licenses/by/4.0/,Luca Valente,"CC BY 4.0 applies to the original compilation and editorial work by Luca Valente. Underlying third-party data retain their source terms, including Coin Metrics CC BY-NC 4.0 where indicated; this export does not replace those terms."
real_money_flows,2026-10-07,/frasi/3/testo,"""Lending took in $1.49B while Real-world assets lost $131.1M over 30 days""","DefiLlama (token breakdown of value locked, per protocol)","""2026-10-07""",CC BY 4.0,https://creativecommons.org/licenses/by/4.0/,Luca Valente,"CC BY 4.0 applies to the original compilation and editorial work by Luca Valente. Underlying third-party data retain their source terms, including Coin Metrics CC BY-NC 4.0 where indicated; this export does not replace those terms."
real_money_flows,2026-10-07,/frasi/3/modello,"""cruscotti.real_money_flows.rotazione""","DefiLlama (token breakdown of value locked, per protocol)","""2026-10-07""",CC BY 4.0,https://creativecommons.org/licenses/by/4.0/,Luca Valente,"CC BY 4.0 applies to the original compilation and editorial work by Luca Valente. Underlying third-party data retain their source terms, including Coin Metrics CC BY-NC 4.0 where indicated; this export does not replace those terms."
real_money_flows,2026-10-07,/frasi/3/contratto,"""contratto""","DefiLlama (token breakdown of value locked, per protocol)","""2026-10-07""",CC BY 4.0,https://creativecommons.org/licenses/by/4.0/,Luca Valente,"CC BY 4.0 applies to the original compilation and editorial work by Luca Valente. Underlying third-party data retain their source terms, including Coin Metrics CC BY-NC 4.0 where indicated; this export does not replace those terms."
real_money_flows,2026-10-07,/frasi/3/numeri/entrate_usd,1485559802,"DefiLlama (token breakdown of value locked, per protocol)","""2026-10-07""",CC BY 4.0,https://creativecommons.org/licenses/by/4.0/,Luca Valente,"CC BY 4.0 applies to the original compilation and editorial work by Luca Valente. Underlying third-party data retain their source terms, including Coin Metrics CC BY-NC 4.0 where indicated; this export does not replace those terms."
real_money_flows,2026-10-07,/frasi/3/numeri/uscite_usd,-131148517,"DefiLlama (token breakdown of value locked, per protocol)","""2026-10-07""",CC BY 4.0,https://creativecommons.org/licenses/by/4.0/,Luca Valente,"CC BY 4.0 applies to the original compilation and editorial work by Luca Valente. Underlying third-party data retain their source terms, including Coin Metrics CC BY-NC 4.0 where indicated; this export does not replace those terms."
real_money_flows,2026-10-07,/frasi/3/misura,"""depositi_netti_unita""","DefiLlama (token breakdown of value locked, per protocol)","""2026-10-07""",CC BY 4.0,https://creativecommons.org/licenses/by/4.0/,Luca Valente,"CC BY 4.0 applies to the original compilation and editorial work by Luca Valente. Underlying third-party data retain their source terms, including Coin Metrics CC BY-NC 4.0 where indicated; this export does not replace those terms."
real_money_flows,2026-10-07,/frasi/3/finestra_giorni,30,"DefiLlama (token breakdown of value locked, per protocol)","""2026-10-07""",CC BY 4.0,https://creativecommons.org/licenses/by/4.0/,Luca Valente,"CC BY 4.0 applies to the original compilation and editorial work by Luca Valente. Underlying third-party data retain their source terms, including Coin Metrics CC BY-NC 4.0 where indicated; this export does not replace those terms."
real_money_flows,2026-10-07,/frasi/3/base,4398142382,"DefiLlama (token breakdown of value locked, per protocol)","""2026-10-07""",CC BY 4.0,https://creativecommons.org/licenses/by/4.0/,Luca Valente,"CC BY 4.0 applies to the original compilation and editorial work by Luca Valente. Underlying third-party data retain their source terms, including Coin Metrics CC BY-NC 4.0 where indicated; this export does not replace those terms."
real_money_flows,2026-10-07,/frasi/3/base_minima,500000000,"DefiLlama (token breakdown of value locked, per protocol)","""2026-10-07""",CC BY 4.0,https://creativecommons.org/licenses/by/4.0/,Luca Valente,"CC BY 4.0 applies to the original compilation and editorial work by Luca Valente. Underlying third-party data retain their source terms, including Coin Metrics CC BY-NC 4.0 where indicated; this export does not replace those terms."
real_money_flows,2026-10-07,/frasi/3/quota_primo_contributo,0.5452,"DefiLlama (token breakdown of value locked, per protocol)","""2026-10-07""",CC BY 4.0,https://creativecommons.org/licenses/by/4.0/,Luca Valente,"CC BY 4.0 applies to the original compilation and editorial work by Luca Valente. Underlying third-party data retain their source terms, including Coin Metrics CC BY-NC 4.0 where indicated; this export does not replace those terms."
real_money_flows,2026-10-07,/frasi/3/classifica/0,1485559802,"DefiLlama (token breakdown of value locked, per protocol)","""2026-10-07""",CC BY 4.0,https://creativecommons.org/licenses/by/4.0/,Luca Valente,"CC BY 4.0 applies to the original compilation and editorial work by Luca Valente. Underlying third-party data retain their source terms, including Coin Metrics CC BY-NC 4.0 where indicated; this export does not replace those terms."
real_money_flows,2026-10-07,/frasi/3/classifica/1,1055029827,"DefiLlama (token breakdown of value locked, per protocol)","""2026-10-07""",CC BY 4.0,https://creativecommons.org/licenses/by/4.0/,Luca Valente,"CC BY 4.0 applies to the original compilation and editorial work by Luca Valente. Underlying third-party data retain their source terms, including Coin Metrics CC BY-NC 4.0 where indicated; this export does not replace those terms."
real_money_flows,2026-10-07,/frasi/3/classifica/2,583876702,"DefiLlama (token breakdown of value locked, per protocol)","""2026-10-07""",CC BY 4.0,https://creativecommons.org/licenses/by/4.0/,Luca Valente,"CC BY 4.0 applies to the original compilation and editorial work by Luca Valente. Underlying third-party data retain their source terms, including Coin Metrics CC BY-NC 4.0 where indicated; this export does not replace those terms."
real_money_flows,2026-10-07,/frasi/3/classifica/3,275515411,"DefiLlama (token breakdown of value locked, per protocol)","""2026-10-07""",CC BY 4.0,https://creativecommons.org/licenses/by/4.0/,Luca Valente,"CC BY 4.0 applies to the original compilation and editorial work by Luca Valente. Underlying third-party data retain their source terms, including Coin Metrics CC BY-NC 4.0 where indicated; this export does not replace those terms."
real_money_flows,2026-10-07,/frasi/3/classifica/4,202658823,"DefiLlama (token breakdown of value locked, per protocol)","""2026-10-07""",CC BY 4.0,https://creativecommons.org/licenses/by/4.0/,Luca Valente,"CC BY 4.0 applies to the original compilation and editorial work by Luca Valente. Underlying third-party data retain their source terms, including Coin Metrics CC BY-NC 4.0 where indicated; this export does not replace those terms."
real_money_flows,2026-10-07,/frasi/3/classifica/5,164943851,"DefiLlama (token breakdown of value locked, per protocol)","""2026-10-07""",CC BY 4.0,https://creativecommons.org/licenses/by/4.0/,Luca Valente,"CC BY 4.0 applies to the original compilation and editorial work by Luca Valente. Underlying third-party data retain their source terms, including Coin Metrics CC BY-NC 4.0 where indicated; this export does not replace those terms."
real_money_flows,2026-10-07,/frasi/3/classifica/6,18866939,"DefiLlama (token breakdown of value locked, per protocol)","""2026-10-07""",CC BY 4.0,https://creativecommons.org/licenses/by/4.0/,Luca Valente,"CC BY 4.0 applies to the original compilation and editorial work by Luca Valente. Underlying third-party data retain their source terms, including Coin Metrics CC BY-NC 4.0 where indicated; this export does not replace those terms."
real_money_flows,2026-10-07,/frasi/3/classifica/7,-131148517,"DefiLlama (token breakdown of value locked, per protocol)","""2026-10-07""",CC BY 4.0,https://creativecommons.org/licenses/by/4.0/,Luca Valente,"CC BY 4.0 applies to the original compilation and editorial work by Luca Valente. Underlying third-party data retain their source terms, including Coin Metrics CC BY-NC 4.0 where indicated; this export does not replace those terms."
real_money_flows,2026-10-07,/frasi/3/gruppo,"""Lending""","DefiLlama (token breakdown of value locked, per protocol)","""2026-10-07""",CC BY 4.0,https://creativecommons.org/licenses/by/4.0/,Luca Valente,"CC BY 4.0 applies to the original compilation and editorial work by Luca Valente. Underlying third-party data retain their source terms, including Coin Metrics CC BY-NC 4.0 where indicated; this export does not replace those terms."
real_money_flows,2026-10-07,/frasi/3/cancello,"""fermato""","DefiLlama (token breakdown of value locked, per protocol)","""2026-10-07""",CC BY 4.0,https://creativecommons.org/licenses/by/4.0/,Luca Valente,"CC BY 4.0 applies to the original compilation and editorial work by Luca Valente. Underlying third-party data retain their source terms, including Coin Metrics CC BY-NC 4.0 where indicated; this export does not replace those terms."
real_money_flows,2026-10-07,/frasi/3/motivo,"""stopped by the gate""","DefiLlama (token breakdown of value locked, per protocol)","""2026-10-07""",CC BY 4.0,https://creativecommons.org/licenses/by/4.0/,Luca Valente,"CC BY 4.0 applies to the original compilation and editorial work by Luca Valente. Underlying third-party data retain their source terms, including Coin Metrics CC BY-NC 4.0 where indicated; this export does not replace those terms."
real_money_flows,2026-10-07,/frasi/4/id,"""catena_entrate""","DefiLlama (token breakdown of value locked, per protocol)","""2026-10-07""",CC BY 4.0,https://creativecommons.org/licenses/by/4.0/,Luca Valente,"CC BY 4.0 applies to the original compilation and editorial work by Luca Valente. Underlying third-party data retain their source terms, including Coin Metrics CC BY-NC 4.0 where indicated; this export does not replace those terms."
real_money_flows,2026-10-07,/frasi/4/testo,"""Ethereum received net deposits of $2.51B in 30 days""","DefiLlama (token breakdown of value locked, per protocol)","""2026-10-07""",CC BY 4.0,https://creativecommons.org/licenses/by/4.0/,Luca Valente,"CC BY 4.0 applies to the original compilation and editorial work by Luca Valente. Underlying third-party data retain their source terms, including Coin Metrics CC BY-NC 4.0 where indicated; this export does not replace those terms."
real_money_flows,2026-10-07,/frasi/4/modello,"""cruscotti.real_money_flows.catena""","DefiLlama (token breakdown of value locked, per protocol)","""2026-10-07""",CC BY 4.0,https://creativecommons.org/licenses/by/4.0/,Luca Valente,"CC BY 4.0 applies to the original compilation and editorial work by Luca Valente. Underlying third-party data retain their source terms, including Coin Metrics CC BY-NC 4.0 where indicated; this export does not replace those terms."
real_money_flows,2026-10-07,/frasi/4/contratto,"""contratto""","DefiLlama (token breakdown of value locked, per protocol)","""2026-10-07""",CC BY 4.0,https://creativecommons.org/licenses/by/4.0/,Luca Valente,"CC BY 4.0 applies to the original compilation and editorial work by Luca Valente. Underlying third-party data retain their source terms, including Coin Metrics CC BY-NC 4.0 where indicated; this export does not replace those terms."
real_money_flows,2026-10-07,/frasi/4/numeri/flussi_usd,2508905121,"DefiLlama (token breakdown of value locked, per protocol)","""2026-10-07""",CC BY 4.0,https://creativecommons.org/licenses/by/4.0/,Luca Valente,"CC BY 4.0 applies to the original compilation and editorial work by Luca Valente. Underlying third-party data retain their source terms, including Coin Metrics CC BY-NC 4.0 where indicated; this export does not replace those terms."
real_money_flows,2026-10-07,/frasi/4/numeri/protocolli,51,"DefiLlama (token breakdown of value locked, per protocol)","""2026-10-07""",CC BY 4.0,https://creativecommons.org/licenses/by/4.0/,Luca Valente,"CC BY 4.0 applies to the original compilation and editorial work by Luca Valente. Underlying third-party data retain their source terms, including Coin Metrics CC BY-NC 4.0 where indicated; this export does not replace those terms."
real_money_flows,2026-10-07,/frasi/4/misura,"""depositi_netti_unita""","DefiLlama (token breakdown of value locked, per protocol)","""2026-10-07""",CC BY 4.0,https://creativecommons.org/licenses/by/4.0/,Luca Valente,"CC BY 4.0 applies to the original compilation and editorial work by Luca Valente. Underlying third-party data retain their source terms, including Coin Metrics CC BY-NC 4.0 where indicated; this export does not replace those terms."
real_money_flows,2026-10-07,/frasi/4/finestra_giorni,30,"DefiLlama (token breakdown of value locked, per protocol)","""2026-10-07""",CC BY 4.0,https://creativecommons.org/licenses/by/4.0/,Luca Valente,"CC BY 4.0 applies to the original compilation and editorial work by Luca Valente. Underlying third-party data retain their source terms, including Coin Metrics CC BY-NC 4.0 where indicated; this export does not replace those terms."
real_money_flows,2026-10-07,/frasi/4/base,58977538517,"DefiLlama (token breakdown of value locked, per protocol)","""2026-10-07""",CC BY 4.0,https://creativecommons.org/licenses/by/4.0/,Luca Valente,"CC BY 4.0 applies to the original compilation and editorial work by Luca Valente. Underlying third-party data retain their source terms, including Coin Metrics CC BY-NC 4.0 where indicated; this export does not replace those terms."
real_money_flows,2026-10-07,/frasi/4/base_minima,500000000,"DefiLlama (token breakdown of value locked, per protocol)","""2026-10-07""",CC BY 4.0,https://creativecommons.org/licenses/by/4.0/,Luca Valente,"CC BY 4.0 applies to the original compilation and editorial work by Luca Valente. Underlying third-party data retain their source terms, including Coin Metrics CC BY-NC 4.0 where indicated; this export does not replace those terms."
real_money_flows,2026-10-07,/frasi/4/quota_primo_contributo,0.1915,"DefiLlama (token breakdown of value locked, per protocol)","""2026-10-07""",CC BY 4.0,https://creativecommons.org/licenses/by/4.0/,Luca Valente,"CC BY 4.0 applies to the original compilation and editorial work by Luca Valente. Underlying third-party data retain their source terms, including Coin Metrics CC BY-NC 4.0 where indicated; this export does not replace those terms."
real_money_flows,2026-10-07,/frasi/4/classifica/0,2508905121,"DefiLlama (token breakdown of value locked, per protocol)","""2026-10-07""",CC BY 4.0,https://creativecommons.org/licenses/by/4.0/,Luca Valente,"CC BY 4.0 applies to the original compilation and editorial work by Luca Valente. Underlying third-party data retain their source terms, including Coin Metrics CC BY-NC 4.0 where indicated; this export does not replace those terms."
real_money_flows,2026-10-07,/frasi/4/classifica/1,125542167,"DefiLlama (token breakdown of value locked, per protocol)","""2026-10-07""",CC BY 4.0,https://creativecommons.org/licenses/by/4.0/,Luca Valente,"CC BY 4.0 applies to the original compilation and editorial work by Luca Valente. Underlying third-party data retain their source terms, including Coin Metrics CC BY-NC 4.0 where indicated; this export does not replace those terms."
real_money_flows,2026-10-07,/frasi/4/classifica/2,113665286,"DefiLlama (token breakdown of value locked, per protocol)","""2026-10-07""",CC BY 4.0,https://creativecommons.org/licenses/by/4.0/,Luca Valente,"CC BY 4.0 applies to the original compilation and editorial work by Luca Valente. Underlying third-party data retain their source terms, including Coin Metrics CC BY-NC 4.0 where indicated; this export does not replace those terms."
real_money_flows,2026-10-07,/frasi/4/classifica/3,49216250,"DefiLlama (token breakdown of value locked, per protocol)","""2026-10-07""",CC BY 4.0,https://creativecommons.org/licenses/by/4.0/,Luca Valente,"CC BY 4.0 applies to the original compilation and editorial work by Luca Valente. Underlying third-party data retain their source terms, including Coin Metrics CC BY-NC 4.0 where indicated; this export does not replace those terms."
real_money_flows,2026-10-07,/frasi/4/classifica/4,-179250611,"DefiLlama (token breakdown of value locked, per protocol)","""2026-10-07""",CC BY 4.0,https://creativecommons.org/licenses/by/4.0/,Luca Valente,"CC BY 4.0 applies to the original compilation and editorial work by Luca Valente. Underlying third-party data retain their source terms, including Coin Metrics CC BY-NC 4.0 where indicated; this export does not replace those terms."
real_money_flows,2026-10-07,/frasi/4/classifica/5,-438372000,"DefiLlama (token breakdown of value locked, per protocol)","""2026-10-07""",CC BY 4.0,https://creativecommons.org/licenses/by/4.0/,Luca Valente,"CC BY 4.0 applies to the original compilation and editorial work by Luca Valente. Underlying third-party data retain their source terms, including Coin Metrics CC BY-NC 4.0 where indicated; this export does not replace those terms."
real_money_flows,2026-10-07,/frasi/4/gruppo,"""Ethereum""","DefiLlama (token breakdown of value locked, per protocol)","""2026-10-07""",CC BY 4.0,https://creativecommons.org/licenses/by/4.0/,Luca Valente,"CC BY 4.0 applies to the original compilation and editorial work by Luca Valente. Underlying third-party data retain their source terms, including Coin Metrics CC BY-NC 4.0 where indicated; this export does not replace those terms."
real_money_flows,2026-10-07,/frasi/4/cancello,"""passa""","DefiLlama (token breakdown of value locked, per protocol)","""2026-10-07""",CC BY 4.0,https://creativecommons.org/licenses/by/4.0/,Luca Valente,"CC BY 4.0 applies to the original compilation and editorial work by Luca Valente. Underlying third-party data retain their source terms, including Coin Metrics CC BY-NC 4.0 where indicated; this export does not replace those terms."
real_money_flows,2026-10-07,/frasi/5/id,"""catena_uscite""","DefiLlama (token breakdown of value locked, per protocol)","""2026-10-07""",CC BY 4.0,https://creativecommons.org/licenses/by/4.0/,Luca Valente,"CC BY 4.0 applies to the original compilation and editorial work by Luca Valente. Underlying third-party data retain their source terms, including Coin Metrics CC BY-NC 4.0 where indicated; this export does not replace those terms."
real_money_flows,2026-10-07,/frasi/5/testo,"""Hyperliquid L1 saw net withdrawals of $438.4M in 30 days""","DefiLlama (token breakdown of value locked, per protocol)","""2026-10-07""",CC BY 4.0,https://creativecommons.org/licenses/by/4.0/,Luca Valente,"CC BY 4.0 applies to the original compilation and editorial work by Luca Valente. Underlying third-party data retain their source terms, including Coin Metrics CC BY-NC 4.0 where indicated; this export does not replace those terms."
real_money_flows,2026-10-07,/frasi/5/modello,"""cruscotti.real_money_flows.catena_uscite""","DefiLlama (token breakdown of value locked, per protocol)","""2026-10-07""",CC BY 4.0,https://creativecommons.org/licenses/by/4.0/,Luca Valente,"CC BY 4.0 applies to the original compilation and editorial work by Luca Valente. Underlying third-party data retain their source terms, including Coin Metrics CC BY-NC 4.0 where indicated; this export does not replace those terms."
real_money_flows,2026-10-07,/frasi/5/contratto,"""contratto""","DefiLlama (token breakdown of value locked, per protocol)","""2026-10-07""",CC BY 4.0,https://creativecommons.org/licenses/by/4.0/,Luca Valente,"CC BY 4.0 applies to the original compilation and editorial work by Luca Valente. Underlying third-party data retain their source terms, including Coin Metrics CC BY-NC 4.0 where indicated; this export does not replace those terms."
real_money_flows,2026-10-07,/frasi/5/numeri/flussi_usd,-438372000,"DefiLlama (token breakdown of value locked, per protocol)","""2026-10-07""",CC BY 4.0,https://creativecommons.org/licenses/by/4.0/,Luca Valente,"CC BY 4.0 applies to the original compilation and editorial work by Luca Valente. Underlying third-party data retain their source terms, including Coin Metrics CC BY-NC 4.0 where indicated; this export does not replace those terms."
real_money_flows,2026-10-07,/frasi/5/numeri/protocolli,6,"DefiLlama (token breakdown of value locked, per protocol)","""2026-10-07""",CC BY 4.0,https://creativecommons.org/licenses/by/4.0/,Luca Valente,"CC BY 4.0 applies to the original compilation and editorial work by Luca Valente. Underlying third-party data retain their source terms, including Coin Metrics CC BY-NC 4.0 where indicated; this export does not replace those terms."
real_money_flows,2026-10-07,/frasi/5/misura,"""depositi_netti_unita""","DefiLlama (token breakdown of value locked, per protocol)","""2026-10-07""",CC BY 4.0,https://creativecommons.org/licenses/by/4.0/,Luca Valente,"CC BY 4.0 applies to the original compilation and editorial work by Luca Valente. Underlying third-party data retain their source terms, including Coin Metrics CC BY-NC 4.0 where indicated; this export does not replace those terms."
real_money_flows,2026-10-07,/frasi/5/finestra_giorni,30,"DefiLlama (token breakdown of value locked, per protocol)","""2026-10-07""",CC BY 4.0,https://creativecommons.org/licenses/by/4.0/,Luca Valente,"CC BY 4.0 applies to the original compilation and editorial work by Luca Valente. Underlying third-party data retain their source terms, including Coin Metrics CC BY-NC 4.0 where indicated; this export does not replace those terms."
real_money_flows,2026-10-07,/frasi/5/base,2280902378,"DefiLlama (token breakdown of value locked, per protocol)","""2026-10-07""",CC BY 4.0,https://creativecommons.org/licenses/by/4.0/,Luca Valente,"CC BY 4.0 applies to the original compilation and editorial work by Luca Valente. Underlying third-party data retain their source terms, including Coin Metrics CC BY-NC 4.0 where indicated; this export does not replace those terms."
real_money_flows,2026-10-07,/frasi/5/base_minima,500000000,"DefiLlama (token breakdown of value locked, per protocol)","""2026-10-07""",CC BY 4.0,https://creativecommons.org/licenses/by/4.0/,Luca Valente,"CC BY 4.0 applies to the original compilation and editorial work by Luca Valente. Underlying third-party data retain their source terms, including Coin Metrics CC BY-NC 4.0 where indicated; this export does not replace those terms."
real_money_flows,2026-10-07,/frasi/5/quota_primo_contributo,0.4765,"DefiLlama (token breakdown of value locked, per protocol)","""2026-10-07""",CC BY 4.0,https://creativecommons.org/licenses/by/4.0/,Luca Valente,"CC BY 4.0 applies to the original compilation and editorial work by Luca Valente. Underlying third-party data retain their source terms, including Coin Metrics CC BY-NC 4.0 where indicated; this export does not replace those terms."
real_money_flows,2026-10-07,/frasi/5/classifica/0,-438372000,"DefiLlama (token breakdown of value locked, per protocol)","""2026-10-07""",CC BY 4.0,https://creativecommons.org/licenses/by/4.0/,Luca Valente,"CC BY 4.0 applies to the original compilation and editorial work by Luca Valente. Underlying third-party data retain their source terms, including Coin Metrics CC BY-NC 4.0 where indicated; this export does not replace those terms."
real_money_flows,2026-10-07,/frasi/5/classifica/1,-179250611,"DefiLlama (token breakdown of value locked, per protocol)","""2026-10-07""",CC BY 4.0,https://creativecommons.org/licenses/by/4.0/,Luca Valente,"CC BY 4.0 applies to the original compilation and editorial work by Luca Valente. Underlying third-party data retain their source terms, including Coin Metrics CC BY-NC 4.0 where indicated; this export does not replace those terms."
real_money_flows,2026-10-07,/frasi/5/classifica/2,49216250,"DefiLlama (token breakdown of value locked, per protocol)","""2026-10-07""",CC BY 4.0,https://creativecommons.org/licenses/by/4.0/,Luca Valente,"CC BY 4.0 applies to the original compilation and editorial work by Luca Valente. Underlying third-party data retain their source terms, including Coin Metrics CC BY-NC 4.0 where indicated; this export does not replace those terms."
real_money_flows,2026-10-07,/frasi/5/classifica/3,113665286,"DefiLlama (token breakdown of value locked, per protocol)","""2026-10-07""",CC BY 4.0,https://creativecommons.org/licenses/by/4.0/,Luca Valente,"CC BY 4.0 applies to the original compilation and editorial work by Luca Valente. Underlying third-party data retain their source terms, including Coin Metrics CC BY-NC 4.0 where indicated; this export does not replace those terms."
real_money_flows,2026-10-07,/frasi/5/classifica/4,125542167,"DefiLlama (token breakdown of value locked, per protocol)","""2026-10-07""",CC BY 4.0,https://creativecommons.org/licenses/by/4.0/,Luca Valente,"CC BY 4.0 applies to the original compilation and editorial work by Luca Valente. Underlying third-party data retain their source terms, including Coin Metrics CC BY-NC 4.0 where indicated; this export does not replace those terms."
real_money_flows,2026-10-07,/frasi/5/classifica/5,2508905121,"DefiLlama (token breakdown of value locked, per protocol)","""2026-10-07""",CC BY 4.0,https://creativecommons.org/licenses/by/4.0/,Luca Valente,"CC BY 4.0 applies to the original compilation and editorial work by Luca Valente. Underlying third-party data retain their source terms, including Coin Metrics CC BY-NC 4.0 where indicated; this export does not replace those terms."
real_money_flows,2026-10-07,/frasi/5/gruppo,"""Hyperliquid L1""","DefiLlama (token breakdown of value locked, per protocol)","""2026-10-07""",CC BY 4.0,https://creativecommons.org/licenses/by/4.0/,Luca Valente,"CC BY 4.0 applies to the original compilation and editorial work by Luca Valente. Underlying third-party data retain their source terms, including Coin Metrics CC BY-NC 4.0 where indicated; this export does not replace those terms."
real_money_flows,2026-10-07,/frasi/5/cancello,"""passa""","DefiLlama (token breakdown of value locked, per protocol)","""2026-10-07""",CC BY 4.0,https://creativecommons.org/licenses/by/4.0/,Luca Valente,"CC BY 4.0 applies to the original compilation and editorial work by Luca Valente. Underlying third-party data retain their source terms, including Coin Metrics CC BY-NC 4.0 where indicated; this export does not replace those terms."
real_money_flows,2026-10-07,/frasi/6/id,"""protocollo_morpho-blue""","DefiLlama (token breakdown of value locked, per protocol)","""2026-10-07""",CC BY 4.0,https://creativecommons.org/licenses/by/4.0/,Luca Valente,"CC BY 4.0 applies to the original compilation and editorial work by Luca Valente. Underlying third-party data retain their source terms, including Coin Metrics CC BY-NC 4.0 where indicated; this export does not replace those terms."
real_money_flows,2026-10-07,/frasi/6/testo,"""Morpho Blue: net deposits of $1.15B in 30 days""","DefiLlama (token breakdown of value locked, per protocol)","""2026-10-07""",CC BY 4.0,https://creativecommons.org/licenses/by/4.0/,Luca Valente,"CC BY 4.0 applies to the original compilation and editorial work by Luca Valente. Underlying third-party data retain their source terms, including Coin Metrics CC BY-NC 4.0 where indicated; this export does not replace those terms."
real_money_flows,2026-10-07,/frasi/6/modello,"""cruscotti.real_money_flows.protocollo_entrate""","DefiLlama (token breakdown of value locked, per protocol)","""2026-10-07""",CC BY 4.0,https://creativecommons.org/licenses/by/4.0/,Luca Valente,"CC BY 4.0 applies to the original compilation and editorial work by Luca Valente. Underlying third-party data retain their source terms, including Coin Metrics CC BY-NC 4.0 where indicated; this export does not replace those terms."
real_money_flows,2026-10-07,/frasi/6/contratto,"""contratto""","DefiLlama (token breakdown of value locked, per protocol)","""2026-10-07""",CC BY 4.0,https://creativecommons.org/licenses/by/4.0/,Luca Valente,"CC BY 4.0 applies to the original compilation and editorial work by Luca Valente. Underlying third-party data retain their source terms, including Coin Metrics CC BY-NC 4.0 where indicated; this export does not replace those terms."
real_money_flows,2026-10-07,/frasi/6/numeri/flussi_usd,1150356830,"DefiLlama (token breakdown of value locked, per protocol)","""2026-10-07""",CC BY 4.0,https://creativecommons.org/licenses/by/4.0/,Luca Valente,"CC BY 4.0 applies to the original compilation and editorial work by Luca Valente. Underlying third-party data retain their source terms, including Coin Metrics CC BY-NC 4.0 where indicated; this export does not replace those terms."
real_money_flows,2026-10-07,/frasi/6/misura,"""depositi_netti_unita""","DefiLlama (token breakdown of value locked, per protocol)","""2026-10-07""",CC BY 4.0,https://creativecommons.org/licenses/by/4.0/,Luca Valente,"CC BY 4.0 applies to the original compilation and editorial work by Luca Valente. Underlying third-party data retain their source terms, including Coin Metrics CC BY-NC 4.0 where indicated; this export does not replace those terms."
real_money_flows,2026-10-07,/frasi/6/finestra_giorni,30,"DefiLlama (token breakdown of value locked, per protocol)","""2026-10-07""",CC BY 4.0,https://creativecommons.org/licenses/by/4.0/,Luca Valente,"CC BY 4.0 applies to the original compilation and editorial work by Luca Valente. Underlying third-party data retain their source terms, including Coin Metrics CC BY-NC 4.0 where indicated; this export does not replace those terms."
real_money_flows,2026-10-07,/frasi/6/base,9707548837,"DefiLlama (token breakdown of value locked, per protocol)","""2026-10-07""",CC BY 4.0,https://creativecommons.org/licenses/by/4.0/,Luca Valente,"CC BY 4.0 applies to the original compilation and editorial work by Luca Valente. Underlying third-party data retain their source terms, including Coin Metrics CC BY-NC 4.0 where indicated; this export does not replace those terms."
real_money_flows,2026-10-07,/frasi/6/base_minima,100000000.0,"DefiLlama (token breakdown of value locked, per protocol)","""2026-10-07""",CC BY 4.0,https://creativecommons.org/licenses/by/4.0/,Luca Valente,"CC BY 4.0 applies to the original compilation and editorial work by Luca Valente. Underlying third-party data retain their source terms, including Coin Metrics CC BY-NC 4.0 where indicated; this export does not replace those terms."
real_money_flows,2026-10-07,/frasi/6/cancello,"""passa""","DefiLlama (token breakdown of value locked, per protocol)","""2026-10-07""",CC BY 4.0,https://creativecommons.org/licenses/by/4.0/,Luca Valente,"CC BY 4.0 applies to the original compilation and editorial work by Luca Valente. Underlying third-party data retain their source terms, including Coin Metrics CC BY-NC 4.0 where indicated; this export does not replace those terms."
real_money_flows,2026-10-07,/frasi/7/id,"""protocollo_aave""","DefiLlama (token breakdown of value locked, per protocol)","""2026-10-07""",CC BY 4.0,https://creativecommons.org/licenses/by/4.0/,Luca Valente,"CC BY 4.0 applies to the original compilation and editorial work by Luca Valente. Underlying third-party data retain their source terms, including Coin Metrics CC BY-NC 4.0 where indicated; this export does not replace those terms."
real_money_flows,2026-10-07,/frasi/7/testo,"""Aave (all versions): net withdrawals of $235.6M in 30 days""","DefiLlama (token breakdown of value locked, per protocol)","""2026-10-07""",CC BY 4.0,https://creativecommons.org/licenses/by/4.0/,Luca Valente,"CC BY 4.0 applies to the original compilation and editorial work by Luca Valente. Underlying third-party data retain their source terms, including Coin Metrics CC BY-NC 4.0 where indicated; this export does not replace those terms."
real_money_flows,2026-10-07,/frasi/7/modello,"""cruscotti.real_money_flows.protocollo_uscite""","DefiLlama (token breakdown of value locked, per protocol)","""2026-10-07""",CC BY 4.0,https://creativecommons.org/licenses/by/4.0/,Luca Valente,"CC BY 4.0 applies to the original compilation and editorial work by Luca Valente. Underlying third-party data retain their source terms, including Coin Metrics CC BY-NC 4.0 where indicated; this export does not replace those terms."
real_money_flows,2026-10-07,/frasi/7/contratto,"""contratto""","DefiLlama (token breakdown of value locked, per protocol)","""2026-10-07""",CC BY 4.0,https://creativecommons.org/licenses/by/4.0/,Luca Valente,"CC BY 4.0 applies to the original compilation and editorial work by Luca Valente. Underlying third-party data retain their source terms, including Coin Metrics CC BY-NC 4.0 where indicated; this export does not replace those terms."
real_money_flows,2026-10-07,/frasi/7/numeri/flussi_usd,-235649076,"DefiLlama (token breakdown of value locked, per protocol)","""2026-10-07""",CC BY 4.0,https://creativecommons.org/licenses/by/4.0/,Luca Valente,"CC BY 4.0 applies to the original compilation and editorial work by Luca Valente. Underlying third-party data retain their source terms, including Coin Metrics CC BY-NC 4.0 where indicated; this export does not replace those terms."
real_money_flows,2026-10-07,/frasi/7/misura,"""depositi_netti_unita""","DefiLlama (token breakdown of value locked, per protocol)","""2026-10-07""",CC BY 4.0,https://creativecommons.org/licenses/by/4.0/,Luca Valente,"CC BY 4.0 applies to the original compilation and editorial work by Luca Valente. Underlying third-party data retain their source terms, including Coin Metrics CC BY-NC 4.0 where indicated; this export does not replace those terms."
real_money_flows,2026-10-07,/frasi/7/finestra_giorni,30,"DefiLlama (token breakdown of value locked, per protocol)","""2026-10-07""",CC BY 4.0,https://creativecommons.org/licenses/by/4.0/,Luca Valente,"CC BY 4.0 applies to the original compilation and editorial work by Luca Valente. Underlying third-party data retain their source terms, including Coin Metrics CC BY-NC 4.0 where indicated; this export does not replace those terms."
real_money_flows,2026-10-07,/frasi/7/base,18309869040,"DefiLlama (token breakdown of value locked, per protocol)","""2026-10-07""",CC BY 4.0,https://creativecommons.org/licenses/by/4.0/,Luca Valente,"CC BY 4.0 applies to the original compilation and editorial work by Luca Valente. Underlying third-party data retain their source terms, including Coin Metrics CC BY-NC 4.0 where indicated; this export does not replace those terms."
real_money_flows,2026-10-07,/frasi/7/base_minima,100000000.0,"DefiLlama (token breakdown of value locked, per protocol)","""2026-10-07""",CC BY 4.0,https://creativecommons.org/licenses/by/4.0/,Luca Valente,"CC BY 4.0 applies to the original compilation and editorial work by Luca Valente. Underlying third-party data retain their source terms, including Coin Metrics CC BY-NC 4.0 where indicated; this export does not replace those terms."
real_money_flows,2026-10-07,/frasi/7/cancello,"""fermato""","DefiLlama (token breakdown of value locked, per protocol)","""2026-10-07""",CC BY 4.0,https://creativecommons.org/licenses/by/4.0/,Luca Valente,"CC BY 4.0 applies to the original compilation and editorial work by Luca Valente. Underlying third-party data retain their source terms, including Coin Metrics CC BY-NC 4.0 where indicated; this export does not replace those terms."
real_money_flows,2026-10-07,/frasi/7/motivo,"""stopped by the gate""","DefiLlama (token breakdown of value locked, per protocol)","""2026-10-07""",CC BY 4.0,https://creativecommons.org/licenses/by/4.0/,Luca Valente,"CC BY 4.0 applies to the original compilation and editorial work by Luca Valente. Underlying third-party data retain their source terms, including Coin Metrics CC BY-NC 4.0 where indicated; this export does not replace those terms."
real_money_flows,2026-10-07,/fonti/0,"""DefiLlama (token breakdown of value locked, per protocol)""","DefiLlama (token breakdown of value locked, per protocol)","""2026-10-07""",CC BY 4.0,https://creativecommons.org/licenses/by/4.0/,Luca Valente,"CC BY 4.0 applies to the original compilation and editorial work by Luca Valente. Underlying third-party data retain their source terms, including Coin Metrics CC BY-NC 4.0 where indicated; this export does not replace those terms."
real_money_flows,2026-10-07,/metodo,"""net deposits are estimated from token quantities, not traced wallet by wallet; history is rebuilt with today's groups; per token: change in quantity times the end price; stablecoins at a fixed price; start = the day with the median value among the 5 around the start of the window; only protocols whose breakdown adds up within 1%; a token deposited twice counts twice, as in the source""","DefiLlama (token breakdown of value locked, per protocol)","""2026-10-07""",CC BY 4.0,https://creativecommons.org/licenses/by/4.0/,Luca Valente,"CC BY 4.0 applies to the original compilation and editorial work by Luca Valente. Underlying third-party data retain their source terms, including Coin Metrics CC BY-NC 4.0 where indicated; this export does not replace those terms."
real_money_flows,2026-10-07,/cancello,"""ok""","DefiLlama (token breakdown of value locked, per protocol)","""2026-10-07""",CC BY 4.0,https://creativecommons.org/licenses/by/4.0/,Luca Valente,"CC BY 4.0 applies to the original compilation and editorial work by Luca Valente. Underlying third-party data retain their source terms, including Coin Metrics CC BY-NC 4.0 where indicated; this export does not replace those terms."
real_money_flows,2026-10-07,/cancello_nota,"""gate result for the sentences: ok = at least one sentence passed; each sentence carries its own result; the values in tables and history are not certified one by one""","DefiLlama (token breakdown of value locked, per protocol)","""2026-10-07""",CC BY 4.0,https://creativecommons.org/licenses/by/4.0/,Luca Valente,"CC BY 4.0 applies to the original compilation and editorial work by Luca Valente. Underlying third-party data retain their source terms, including Coin Metrics CC BY-NC 4.0 where indicated; this export does not replace those terms."
real_money_flows,2026-10-07,/motivi/0,"""settore_uscite: stopped by the gate""","DefiLlama (token breakdown of value locked, per protocol)","""2026-10-07""",CC BY 4.0,https://creativecommons.org/licenses/by/4.0/,Luca Valente,"CC BY 4.0 applies to the original compilation and editorial work by Luca Valente. Underlying third-party data retain their source terms, including Coin Metrics CC BY-NC 4.0 where indicated; this export does not replace those terms."
real_money_flows,2026-10-07,/motivi/1,"""rotazione: stopped by the gate""","DefiLlama (token breakdown of value locked, per protocol)","""2026-10-07""",CC BY 4.0,https://creativecommons.org/licenses/by/4.0/,Luca Valente,"CC BY 4.0 applies to the original compilation and editorial work by Luca Valente. Underlying third-party data retain their source terms, including Coin Metrics CC BY-NC 4.0 where indicated; this export does not replace those terms."
real_money_flows,2026-10-07,/motivi/2,"""protocollo_aave: stopped by the gate""","DefiLlama (token breakdown of value locked, per protocol)","""2026-10-07""",CC BY 4.0,https://creativecommons.org/licenses/by/4.0/,Luca Valente,"CC BY 4.0 applies to the original compilation and editorial work by Luca Valente. Underlying third-party data retain their source terms, including Coin Metrics CC BY-NC 4.0 where indicated; this export does not replace those terms."
real_money_flows,2026-10-07,/immagini/1600x900,"""immagine_2026-10-07_1600x900.png""","DefiLlama (token breakdown of value locked, per protocol)","""2026-10-07""",CC BY 4.0,https://creativecommons.org/licenses/by/4.0/,Luca Valente,"CC BY 4.0 applies to the original compilation and editorial work by Luca Valente. Underlying third-party data retain their source terms, including Coin Metrics CC BY-NC 4.0 where indicated; this export does not replace those terms."
real_money_flows,2026-10-07,/immagini/1080x1350,"""immagine_2026-10-07_1080x1350.png""","DefiLlama (token breakdown of value locked, per protocol)","""2026-10-07""",CC BY 4.0,https://creativecommons.org/licenses/by/4.0/,Luca Valente,"CC BY 4.0 applies to the original compilation and editorial work by Luca Valente. Underlying third-party data retain their source terms, including Coin Metrics CC BY-NC 4.0 where indicated; this export does not replace those terms."
real_money_flows,2026-10-07,/immagine_titolo,"""Net deposits into Lending were $1.49B in 30 days, with the price effect removed""","DefiLlama (token breakdown of value locked, per protocol)","""2026-10-07""",CC BY 4.0,https://creativecommons.org/licenses/by/4.0/,Luca Valente,"CC BY 4.0 applies to the original compilation and editorial work by Luca Valente. Underlying third-party data retain their source terms, including Coin Metrics CC BY-NC 4.0 where indicated; this export does not replace those terms."
real_money_flows,2026-10-07,/carta_x/file,"""x_card.png""","DefiLlama (token breakdown of value locked, per protocol)","""2026-10-07""",CC BY 4.0,https://creativecommons.org/licenses/by/4.0/,Luca Valente,"CC BY 4.0 applies to the original compilation and editorial work by Luca Valente. Underlying third-party data retain their source terms, including Coin Metrics CC BY-NC 4.0 where indicated; this export does not replace those terms."
real_money_flows,2026-10-07,/carta_x/formato,"""1200x675""","DefiLlama (token breakdown of value locked, per protocol)","""2026-10-07""",CC BY 4.0,https://creativecommons.org/licenses/by/4.0/,Luca Valente,"CC BY 4.0 applies to the original compilation and editorial work by Luca Valente. Underlying third-party data retain their source terms, including Coin Metrics CC BY-NC 4.0 where indicated; this export does not replace those terms."
real_money_flows,2026-10-07,/carta_x/data,"""2026-10-07""","DefiLlama (token breakdown of value locked, per protocol)","""2026-10-07""",CC BY 4.0,https://creativecommons.org/licenses/by/4.0/,Luca Valente,"CC BY 4.0 applies to the original compilation and editorial work by Luca Valente. Underlying third-party data retain their source terms, including Coin Metrics CC BY-NC 4.0 where indicated; this export does not replace those terms."
real_money_flows,2026-10-07,/carta_x/nuova,true,"DefiLlama (token breakdown of value locked, per protocol)","""2026-10-07""",CC BY 4.0,https://creativecommons.org/licenses/by/4.0/,Luca Valente,"CC BY 4.0 applies to the original compilation and editorial work by Luca Valente. Underlying third-party data retain their source terms, including Coin Metrics CC BY-NC 4.0 where indicated; this export does not replace those terms."
real_money_flows,2026-10-07,/carta_x/modello,"""A""","DefiLlama (token breakdown of value locked, per protocol)","""2026-10-07""",CC BY 4.0,https://creativecommons.org/licenses/by/4.0/,Luca Valente,"CC BY 4.0 applies to the original compilation and editorial work by Luca Valente. Underlying third-party data retain their source terms, including Coin Metrics CC BY-NC 4.0 where indicated; this export does not replace those terms."
real_money_flows,2026-10-07,/carta_x/frase_id,"""totale_30g""","DefiLlama (token breakdown of value locked, per protocol)","""2026-10-07""",CC BY 4.0,https://creativecommons.org/licenses/by/4.0/,Luca Valente,"CC BY 4.0 applies to the original compilation and editorial work by Luca Valente. Underlying third-party data retain their source terms, including Coin Metrics CC BY-NC 4.0 where indicated; this export does not replace those terms."
real_money_flows,2026-10-07,/carta_x/titolo,"""$3.8B of new money entered DeFi in 30 days""","DefiLlama (token breakdown of value locked, per protocol)","""2026-10-07""",CC BY 4.0,https://creativecommons.org/licenses/by/4.0/,Luca Valente,"CC BY 4.0 applies to the original compilation and editorial work by Luca Valente. Underlying third-party data retain their source terms, including Coin Metrics CC BY-NC 4.0 where indicated; this export does not replace those terms."
real_money_flows,2026-10-07,/carta_x/note/0,"""High: +$4.0B, 26 Sep""","DefiLlama (token breakdown of value locked, per protocol)","""2026-10-07""",CC BY 4.0,https://creativecommons.org/licenses/by/4.0/,Luca Valente,"CC BY 4.0 applies to the original compilation and editorial work by Luca Valente. Underlying third-party data retain their source terms, including Coin Metrics CC BY-NC 4.0 where indicated; this export does not replace those terms."
real_money_flows,2026-10-07,/carta_x/note/1,"""7 Oct: +$3.8B""","DefiLlama (token breakdown of value locked, per protocol)","""2026-10-07""",CC BY 4.0,https://creativecommons.org/licenses/by/4.0/,Luca Valente,"CC BY 4.0 applies to the original compilation and editorial work by Luca Valente. Underlying third-party data retain their source terms, including Coin Metrics CC BY-NC 4.0 where indicated; this export does not replace those terms."
real_money_flows,2026-10-07,/carta_x/note/2,"""Positive since 9 Aug""","DefiLlama (token breakdown of value locked, per protocol)","""2026-10-07""",CC BY 4.0,https://creativecommons.org/licenses/by/4.0/,Luca Valente,"CC BY 4.0 applies to the original compilation and editorial work by Luca Valente. Underlying third-party data retain their source terms, including Coin Metrics CC BY-NC 4.0 where indicated; this export does not replace those terms."
real_money_flows,2026-10-07,/immagini_problemi,0,"DefiLlama (token breakdown of value locked, per protocol)","""2026-10-07""",CC BY 4.0,https://creativecommons.org/licenses/by/4.0/,Luca Valente,"CC BY 4.0 applies to the original compilation and editorial work by Luca Valente. Underlying third-party data retain their source terms, including Coin Metrics CC BY-NC 4.0 where indicated; this export does not replace those terms."
real_money_flows,2026-10-07,/generato_il,"""2026-10-08T04:03:11Z""","DefiLlama (token breakdown of value locked, per protocol)","""2026-10-07""",CC BY 4.0,https://creativecommons.org/licenses/by/4.0/,Luca Valente,"CC BY 4.0 applies to the original compilation and editorial work by Luca Valente. Underlying third-party data retain their source terms, including Coin Metrics CC BY-NC 4.0 where indicated; this export does not replace those terms."
