cruscotto,data,percorso,valore_json,fonte,dati_fino_a_json,licenza,licenza_url,attribuzione,nota_licenza_fonti
data_health,2026-10-05,/nome,"""data_health""",DefiLlama; growthepie; CoinGecko; Binance; Coin Metrics,"""2026-10-05""",CC BY 4.0,https://creativecommons.org/licenses/by/4.0/,Luca Valente,"CC BY 4.0 applies to the original compilation and editorial work by Luca Valente. Underlying third-party data retain their source terms, including Coin Metrics CC BY-NC 4.0 where indicated; this export does not replace those terms."
data_health,2026-10-05,/titolo,"""Data Health""",DefiLlama; growthepie; CoinGecko; Binance; Coin Metrics,"""2026-10-05""",CC BY 4.0,https://creativecommons.org/licenses/by/4.0/,Luca Valente,"CC BY 4.0 applies to the original compilation and editorial work by Luca Valente. Underlying third-party data retain their source terms, including Coin Metrics CC BY-NC 4.0 where indicated; this export does not replace those terms."
data_health,2026-10-05,/data,"""2026-10-05""",DefiLlama; growthepie; CoinGecko; Binance; Coin Metrics,"""2026-10-05""",CC BY 4.0,https://creativecommons.org/licenses/by/4.0/,Luca Valente,"CC BY 4.0 applies to the original compilation and editorial work by Luca Valente. Underlying third-party data retain their source terms, including Coin Metrics CC BY-NC 4.0 where indicated; this export does not replace those terms."
data_health,2026-10-05,/dati_fino_a,"""2026-10-05""",DefiLlama; growthepie; CoinGecko; Binance; Coin Metrics,"""2026-10-05""",CC BY 4.0,https://creativecommons.org/licenses/by/4.0/,Luca Valente,"CC BY 4.0 applies to the original compilation and editorial work by Luca Valente. Underlying third-party data retain their source terms, including Coin Metrics CC BY-NC 4.0 where indicated; this export does not replace those terms."
data_health,2026-10-05,/parola,null,DefiLlama; growthepie; CoinGecko; Binance; Coin Metrics,"""2026-10-05""",CC BY 4.0,https://creativecommons.org/licenses/by/4.0/,Luca Valente,"CC BY 4.0 applies to the original compilation and editorial work by Luca Valente. Underlying third-party data retain their source terms, including Coin Metrics CC BY-NC 4.0 where indicated; this export does not replace those terms."
data_health,2026-10-05,/da_quando,null,DefiLlama; growthepie; CoinGecko; Binance; Coin Metrics,"""2026-10-05""",CC BY 4.0,https://creativecommons.org/licenses/by/4.0/,Luca Valente,"CC BY 4.0 applies to the original compilation and editorial work by Luca Valente. Underlying third-party data retain their source terms, including Coin Metrics CC BY-NC 4.0 where indicated; this export does not replace those terms."
data_health,2026-10-05,/blocchi/0/id,"""oggi""",DefiLlama; growthepie; CoinGecko; Binance; Coin Metrics,"""2026-10-05""",CC BY 4.0,https://creativecommons.org/licenses/by/4.0/,Luca Valente,"CC BY 4.0 applies to the original compilation and editorial work by Luca Valente. Underlying third-party data retain their source terms, including Coin Metrics CC BY-NC 4.0 where indicated; this export does not replace those terms."
data_health,2026-10-05,/blocchi/0/titolo,"""Found in the latest run""",DefiLlama; growthepie; CoinGecko; Binance; Coin Metrics,"""2026-10-05""",CC BY 4.0,https://creativecommons.org/licenses/by/4.0/,Luca Valente,"CC BY 4.0 applies to the original compilation and editorial work by Luca Valente. Underlying third-party data retain their source terms, including Coin Metrics CC BY-NC 4.0 where indicated; this export does not replace those terms."
data_health,2026-10-05,/blocchi/0/valori/0/etichetta,"""Revisions of past days found in the latest run""",DefiLlama; growthepie; CoinGecko; Binance; Coin Metrics,"""2026-10-05""",CC BY 4.0,https://creativecommons.org/licenses/by/4.0/,Luca Valente,"CC BY 4.0 applies to the original compilation and editorial work by Luca Valente. Underlying third-party data retain their source terms, including Coin Metrics CC BY-NC 4.0 where indicated; this export does not replace those terms."
data_health,2026-10-05,/blocchi/0/valori/0/valore,249,DefiLlama; growthepie; CoinGecko; Binance; Coin Metrics,"""2026-10-05""",CC BY 4.0,https://creativecommons.org/licenses/by/4.0/,Luca Valente,"CC BY 4.0 applies to the original compilation and editorial work by Luca Valente. Underlying third-party data retain their source terms, including Coin Metrics CC BY-NC 4.0 where indicated; this export does not replace those terms."
data_health,2026-10-05,/blocchi/0/valori/0/unita,"""unita""",DefiLlama; growthepie; CoinGecko; Binance; Coin Metrics,"""2026-10-05""",CC BY 4.0,https://creativecommons.org/licenses/by/4.0/,Luca Valente,"CC BY 4.0 applies to the original compilation and editorial work by Luca Valente. Underlying third-party data retain their source terms, including Coin Metrics CC BY-NC 4.0 where indicated; this export does not replace those terms."
data_health,2026-10-05,/blocchi/0/valori/1/etichetta,"""Isolated spikes and drops on the latest two days""",DefiLlama; growthepie; CoinGecko; Binance; Coin Metrics,"""2026-10-05""",CC BY 4.0,https://creativecommons.org/licenses/by/4.0/,Luca Valente,"CC BY 4.0 applies to the original compilation and editorial work by Luca Valente. Underlying third-party data retain their source terms, including Coin Metrics CC BY-NC 4.0 where indicated; this export does not replace those terms."
data_health,2026-10-05,/blocchi/0/valori/1/valore,4,DefiLlama; growthepie; CoinGecko; Binance; Coin Metrics,"""2026-10-05""",CC BY 4.0,https://creativecommons.org/licenses/by/4.0/,Luca Valente,"CC BY 4.0 applies to the original compilation and editorial work by Luca Valente. Underlying third-party data retain their source terms, including Coin Metrics CC BY-NC 4.0 where indicated; this export does not replace those terms."
data_health,2026-10-05,/blocchi/0/valori/1/unita,"""unita""",DefiLlama; growthepie; CoinGecko; Binance; Coin Metrics,"""2026-10-05""",CC BY 4.0,https://creativecommons.org/licenses/by/4.0/,Luca Valente,"CC BY 4.0 applies to the original compilation and editorial work by Luca Valente. Underlying third-party data retain their source terms, including Coin Metrics CC BY-NC 4.0 where indicated; this export does not replace those terms."
data_health,2026-10-05,/blocchi/0/valori/2/etichetta,"""Gaps on the latest two days""",DefiLlama; growthepie; CoinGecko; Binance; Coin Metrics,"""2026-10-05""",CC BY 4.0,https://creativecommons.org/licenses/by/4.0/,Luca Valente,"CC BY 4.0 applies to the original compilation and editorial work by Luca Valente. Underlying third-party data retain their source terms, including Coin Metrics CC BY-NC 4.0 where indicated; this export does not replace those terms."
data_health,2026-10-05,/blocchi/0/valori/2/valore,399,DefiLlama; growthepie; CoinGecko; Binance; Coin Metrics,"""2026-10-05""",CC BY 4.0,https://creativecommons.org/licenses/by/4.0/,Luca Valente,"CC BY 4.0 applies to the original compilation and editorial work by Luca Valente. Underlying third-party data retain their source terms, including Coin Metrics CC BY-NC 4.0 where indicated; this export does not replace those terms."
data_health,2026-10-05,/blocchi/0/valori/2/unita,"""unita""",DefiLlama; growthepie; CoinGecko; Binance; Coin Metrics,"""2026-10-05""",CC BY 4.0,https://creativecommons.org/licenses/by/4.0/,Luca Valente,"CC BY 4.0 applies to the original compilation and editorial work by Luca Valente. Underlying third-party data retain their source terms, including Coin Metrics CC BY-NC 4.0 where indicated; this export does not replace those terms."
data_health,2026-10-05,/blocchi/0/valori/3/etichetta,"""Median data cleanliness, 0-100""",data check on DefiLlama and growthepie series,"""2026-10-05""",CC BY 4.0,https://creativecommons.org/licenses/by/4.0/,Luca Valente,"CC BY 4.0 applies to the original compilation and editorial work by Luca Valente. Underlying third-party data retain their source terms, including Coin Metrics CC BY-NC 4.0 where indicated; this export does not replace those terms."
data_health,2026-10-05,/blocchi/0/valori/3/valore,98.9,data check on DefiLlama and growthepie series,"""2026-10-05""",CC BY 4.0,https://creativecommons.org/licenses/by/4.0/,Luca Valente,"CC BY 4.0 applies to the original compilation and editorial work by Luca Valente. Underlying third-party data retain their source terms, including Coin Metrics CC BY-NC 4.0 where indicated; this export does not replace those terms."
data_health,2026-10-05,/blocchi/0/valori/3/unita,"""unita""",data check on DefiLlama and growthepie series,"""2026-10-05""",CC BY 4.0,https://creativecommons.org/licenses/by/4.0/,Luca Valente,"CC BY 4.0 applies to the original compilation and editorial work by Luca Valente. Underlying third-party data retain their source terms, including Coin Metrics CC BY-NC 4.0 where indicated; this export does not replace those terms."
data_health,2026-10-05,/blocchi/0/valori/3/percentile_1a,null,data check on DefiLlama and growthepie series,"""2026-10-05""",CC BY 4.0,https://creativecommons.org/licenses/by/4.0/,Luca Valente,"CC BY 4.0 applies to the original compilation and editorial work by Luca Valente. Underlying third-party data retain their source terms, including Coin Metrics CC BY-NC 4.0 where indicated; this export does not replace those terms."
data_health,2026-10-05,/blocchi/0/valori/3/percentile_storia,null,data check on DefiLlama and growthepie series,"""2026-10-05""",CC BY 4.0,https://creativecommons.org/licenses/by/4.0/,Luca Valente,"CC BY 4.0 applies to the original compilation and editorial work by Luca Valente. Underlying third-party data retain their source terms, including Coin Metrics CC BY-NC 4.0 where indicated; this export does not replace those terms."
data_health,2026-10-05,/blocchi/0/valori/3/storia_dal,"""2026-10-01""",data check on DefiLlama and growthepie series,"""2026-10-05""",CC BY 4.0,https://creativecommons.org/licenses/by/4.0/,Luca Valente,"CC BY 4.0 applies to the original compilation and editorial work by Luca Valente. Underlying third-party data retain their source terms, including Coin Metrics CC BY-NC 4.0 where indicated; this export does not replace those terms."
data_health,2026-10-05,/blocchi/0/valori/3/giorni_di_storia,5,data check on DefiLlama and growthepie series,"""2026-10-05""",CC BY 4.0,https://creativecommons.org/licenses/by/4.0/,Luca Valente,"CC BY 4.0 applies to the original compilation and editorial work by Luca Valente. Underlying third-party data retain their source terms, including Coin Metrics CC BY-NC 4.0 where indicated; this export does not replace those terms."
data_health,2026-10-05,/blocchi/0/valori/3/fonte,"""data check on DefiLlama and growthepie series""",data check on DefiLlama and growthepie series,"""2026-10-05""",CC BY 4.0,https://creativecommons.org/licenses/by/4.0/,Luca Valente,"CC BY 4.0 applies to the original compilation and editorial work by Luca Valente. Underlying third-party data retain their source terms, including Coin Metrics CC BY-NC 4.0 where indicated; this export does not replace those terms."
data_health,2026-10-05,/blocchi/0/valori/3/dati_fino_a,"""2026-10-05""",data check on DefiLlama and growthepie series,"""2026-10-05""",CC BY 4.0,https://creativecommons.org/licenses/by/4.0/,Luca Valente,"CC BY 4.0 applies to the original compilation and editorial work by Luca Valente. Underlying third-party data retain their source terms, including Coin Metrics CC BY-NC 4.0 where indicated; this export does not replace those terms."
data_health,2026-10-05,/blocchi/0/valori/4/etichetta,"""Series with at least one flagged day in 90 days""",DefiLlama; growthepie; CoinGecko; Binance; Coin Metrics,"""2026-10-05""",CC BY 4.0,https://creativecommons.org/licenses/by/4.0/,Luca Valente,"CC BY 4.0 applies to the original compilation and editorial work by Luca Valente. Underlying third-party data retain their source terms, including Coin Metrics CC BY-NC 4.0 where indicated; this export does not replace those terms."
data_health,2026-10-05,/blocchi/0/valori/4/valore,633,DefiLlama; growthepie; CoinGecko; Binance; Coin Metrics,"""2026-10-05""",CC BY 4.0,https://creativecommons.org/licenses/by/4.0/,Luca Valente,"CC BY 4.0 applies to the original compilation and editorial work by Luca Valente. Underlying third-party data retain their source terms, including Coin Metrics CC BY-NC 4.0 where indicated; this export does not replace those terms."
data_health,2026-10-05,/blocchi/0/valori/4/unita,"""unita""",DefiLlama; growthepie; CoinGecko; Binance; Coin Metrics,"""2026-10-05""",CC BY 4.0,https://creativecommons.org/licenses/by/4.0/,Luca Valente,"CC BY 4.0 applies to the original compilation and editorial work by Luca Valente. Underlying third-party data retain their source terms, including Coin Metrics CC BY-NC 4.0 where indicated; this export does not replace those terms."
data_health,2026-10-05,/blocchi/0/valori/4/su,1106,DefiLlama; growthepie; CoinGecko; Binance; Coin Metrics,"""2026-10-05""",CC BY 4.0,https://creativecommons.org/licenses/by/4.0/,Luca Valente,"CC BY 4.0 applies to the original compilation and editorial work by Luca Valente. Underlying third-party data retain their source terms, including Coin Metrics CC BY-NC 4.0 where indicated; this export does not replace those terms."
data_health,2026-10-05,/blocchi/1/id,"""per_fonte""",DefiLlama; growthepie; CoinGecko; Binance; Coin Metrics,"""2026-10-05""",CC BY 4.0,https://creativecommons.org/licenses/by/4.0/,Luca Valente,"CC BY 4.0 applies to the original compilation and editorial work by Luca Valente. Underlying third-party data retain their source terms, including Coin Metrics CC BY-NC 4.0 where indicated; this export does not replace those terms."
data_health,2026-10-05,/blocchi/1/titolo,"""By source and measure, last 90 days""",DefiLlama; growthepie; CoinGecko; Binance; Coin Metrics,"""2026-10-05""",CC BY 4.0,https://creativecommons.org/licenses/by/4.0/,Luca Valente,"CC BY 4.0 applies to the original compilation and editorial work by Luca Valente. Underlying third-party data retain their source terms, including Coin Metrics CC BY-NC 4.0 where indicated; this export does not replace those terms."
data_health,2026-10-05,/blocchi/1/tabella/colonne/0,"""Source""",DefiLlama; growthepie; CoinGecko; Binance; Coin Metrics,"""2026-10-05""",CC BY 4.0,https://creativecommons.org/licenses/by/4.0/,Luca Valente,"CC BY 4.0 applies to the original compilation and editorial work by Luca Valente. Underlying third-party data retain their source terms, including Coin Metrics CC BY-NC 4.0 where indicated; this export does not replace those terms."
data_health,2026-10-05,/blocchi/1/tabella/colonne/1,"""Measure""",DefiLlama; growthepie; CoinGecko; Binance; Coin Metrics,"""2026-10-05""",CC BY 4.0,https://creativecommons.org/licenses/by/4.0/,Luca Valente,"CC BY 4.0 applies to the original compilation and editorial work by Luca Valente. Underlying third-party data retain their source terms, including Coin Metrics CC BY-NC 4.0 where indicated; this export does not replace those terms."
data_health,2026-10-05,/blocchi/1/tabella/colonne/2,"""Series""",DefiLlama; growthepie; CoinGecko; Binance; Coin Metrics,"""2026-10-05""",CC BY 4.0,https://creativecommons.org/licenses/by/4.0/,Luca Valente,"CC BY 4.0 applies to the original compilation and editorial work by Luca Valente. Underlying third-party data retain their source terms, including Coin Metrics CC BY-NC 4.0 where indicated; this export does not replace those terms."
data_health,2026-10-05,/blocchi/1/tabella/colonne/3,"""Isolated spikes""",DefiLlama; growthepie; CoinGecko; Binance; Coin Metrics,"""2026-10-05""",CC BY 4.0,https://creativecommons.org/licenses/by/4.0/,Luca Valente,"CC BY 4.0 applies to the original compilation and editorial work by Luca Valente. Underlying third-party data retain their source terms, including Coin Metrics CC BY-NC 4.0 where indicated; this export does not replace those terms."
data_health,2026-10-05,/blocchi/1/tabella/colonne/4,"""Isolated drops""",DefiLlama; growthepie; CoinGecko; Binance; Coin Metrics,"""2026-10-05""",CC BY 4.0,https://creativecommons.org/licenses/by/4.0/,Luca Valente,"CC BY 4.0 applies to the original compilation and editorial work by Luca Valente. Underlying third-party data retain their source terms, including Coin Metrics CC BY-NC 4.0 where indicated; this export does not replace those terms."
data_health,2026-10-05,/blocchi/1/tabella/colonne/5,"""Gaps""",DefiLlama; growthepie; CoinGecko; Binance; Coin Metrics,"""2026-10-05""",CC BY 4.0,https://creativecommons.org/licenses/by/4.0/,Luca Valente,"CC BY 4.0 applies to the original compilation and editorial work by Luca Valente. Underlying third-party data retain their source terms, including Coin Metrics CC BY-NC 4.0 where indicated; this export does not replace those terms."
data_health,2026-10-05,/blocchi/1/tabella/colonne/6,"""Revisions""",DefiLlama; growthepie; CoinGecko; Binance; Coin Metrics,"""2026-10-05""",CC BY 4.0,https://creativecommons.org/licenses/by/4.0/,Luca Valente,"CC BY 4.0 applies to the original compilation and editorial work by Luca Valente. Underlying third-party data retain their source terms, including Coin Metrics CC BY-NC 4.0 where indicated; this export does not replace those terms."
data_health,2026-10-05,/blocchi/1/tabella/colonne/7,"""Series with a flagged day""",DefiLlama; growthepie; CoinGecko; Binance; Coin Metrics,"""2026-10-05""",CC BY 4.0,https://creativecommons.org/licenses/by/4.0/,Luca Valente,"CC BY 4.0 applies to the original compilation and editorial work by Luca Valente. Underlying third-party data retain their source terms, including Coin Metrics CC BY-NC 4.0 where indicated; this export does not replace those terms."
data_health,2026-10-05,/blocchi/1/tabella/colonne/8,"""Median cleanliness""",DefiLlama; growthepie; CoinGecko; Binance; Coin Metrics,"""2026-10-05""",CC BY 4.0,https://creativecommons.org/licenses/by/4.0/,Luca Valente,"CC BY 4.0 applies to the original compilation and editorial work by Luca Valente. Underlying third-party data retain their source terms, including Coin Metrics CC BY-NC 4.0 where indicated; this export does not replace those terms."
data_health,2026-10-05,/blocchi/1/tabella/righe/0/0,"""DefiLlama""",DefiLlama; growthepie; CoinGecko; Binance; Coin Metrics,"""2026-10-05""",CC BY 4.0,https://creativecommons.org/licenses/by/4.0/,Luca Valente,"CC BY 4.0 applies to the original compilation and editorial work by Luca Valente. Underlying third-party data retain their source terms, including Coin Metrics CC BY-NC 4.0 where indicated; this export does not replace those terms."
data_health,2026-10-05,/blocchi/1/tabella/righe/0/1,"""value locked""",DefiLlama; growthepie; CoinGecko; Binance; Coin Metrics,"""2026-10-05""",CC BY 4.0,https://creativecommons.org/licenses/by/4.0/,Luca Valente,"CC BY 4.0 applies to the original compilation and editorial work by Luca Valente. Underlying third-party data retain their source terms, including Coin Metrics CC BY-NC 4.0 where indicated; this export does not replace those terms."
data_health,2026-10-05,/blocchi/1/tabella/righe/0/2,344,DefiLlama; growthepie; CoinGecko; Binance; Coin Metrics,"""2026-10-05""",CC BY 4.0,https://creativecommons.org/licenses/by/4.0/,Luca Valente,"CC BY 4.0 applies to the original compilation and editorial work by Luca Valente. Underlying third-party data retain their source terms, including Coin Metrics CC BY-NC 4.0 where indicated; this export does not replace those terms."
data_health,2026-10-05,/blocchi/1/tabella/righe/0/3,1,DefiLlama; growthepie; CoinGecko; Binance; Coin Metrics,"""2026-10-05""",CC BY 4.0,https://creativecommons.org/licenses/by/4.0/,Luca Valente,"CC BY 4.0 applies to the original compilation and editorial work by Luca Valente. Underlying third-party data retain their source terms, including Coin Metrics CC BY-NC 4.0 where indicated; this export does not replace those terms."
data_health,2026-10-05,/blocchi/1/tabella/righe/0/4,10,DefiLlama; growthepie; CoinGecko; Binance; Coin Metrics,"""2026-10-05""",CC BY 4.0,https://creativecommons.org/licenses/by/4.0/,Luca Valente,"CC BY 4.0 applies to the original compilation and editorial work by Luca Valente. Underlying third-party data retain their source terms, including Coin Metrics CC BY-NC 4.0 where indicated; this export does not replace those terms."
data_health,2026-10-05,/blocchi/1/tabella/righe/0/5,399,DefiLlama; growthepie; CoinGecko; Binance; Coin Metrics,"""2026-10-05""",CC BY 4.0,https://creativecommons.org/licenses/by/4.0/,Luca Valente,"CC BY 4.0 applies to the original compilation and editorial work by Luca Valente. Underlying third-party data retain their source terms, including Coin Metrics CC BY-NC 4.0 where indicated; this export does not replace those terms."
data_health,2026-10-05,/blocchi/1/tabella/righe/0/6,343,DefiLlama; growthepie; CoinGecko; Binance; Coin Metrics,"""2026-10-05""",CC BY 4.0,https://creativecommons.org/licenses/by/4.0/,Luca Valente,"CC BY 4.0 applies to the original compilation and editorial work by Luca Valente. Underlying third-party data retain their source terms, including Coin Metrics CC BY-NC 4.0 where indicated; this export does not replace those terms."
data_health,2026-10-05,/blocchi/1/tabella/righe/0/7,66,DefiLlama; growthepie; CoinGecko; Binance; Coin Metrics,"""2026-10-05""",CC BY 4.0,https://creativecommons.org/licenses/by/4.0/,Luca Valente,"CC BY 4.0 applies to the original compilation and editorial work by Luca Valente. Underlying third-party data retain their source terms, including Coin Metrics CC BY-NC 4.0 where indicated; this export does not replace those terms."
data_health,2026-10-05,/blocchi/1/tabella/righe/0/8,100.0,DefiLlama; growthepie; CoinGecko; Binance; Coin Metrics,"""2026-10-05""",CC BY 4.0,https://creativecommons.org/licenses/by/4.0/,Luca Valente,"CC BY 4.0 applies to the original compilation and editorial work by Luca Valente. Underlying third-party data retain their source terms, including Coin Metrics CC BY-NC 4.0 where indicated; this export does not replace those terms."
data_health,2026-10-05,/blocchi/1/tabella/righe/1/0,"""DefiLlama""",DefiLlama; growthepie; CoinGecko; Binance; Coin Metrics,"""2026-10-05""",CC BY 4.0,https://creativecommons.org/licenses/by/4.0/,Luca Valente,"CC BY 4.0 applies to the original compilation and editorial work by Luca Valente. Underlying third-party data retain their source terms, including Coin Metrics CC BY-NC 4.0 where indicated; this export does not replace those terms."
data_health,2026-10-05,/blocchi/1/tabella/righe/1/1,"""fees""",DefiLlama; growthepie; CoinGecko; Binance; Coin Metrics,"""2026-10-05""",CC BY 4.0,https://creativecommons.org/licenses/by/4.0/,Luca Valente,"CC BY 4.0 applies to the original compilation and editorial work by Luca Valente. Underlying third-party data retain their source terms, including Coin Metrics CC BY-NC 4.0 where indicated; this export does not replace those terms."
data_health,2026-10-05,/blocchi/1/tabella/righe/1/2,284,DefiLlama; growthepie; CoinGecko; Binance; Coin Metrics,"""2026-10-05""",CC BY 4.0,https://creativecommons.org/licenses/by/4.0/,Luca Valente,"CC BY 4.0 applies to the original compilation and editorial work by Luca Valente. Underlying third-party data retain their source terms, including Coin Metrics CC BY-NC 4.0 where indicated; this export does not replace those terms."
data_health,2026-10-05,/blocchi/1/tabella/righe/1/3,446,DefiLlama; growthepie; CoinGecko; Binance; Coin Metrics,"""2026-10-05""",CC BY 4.0,https://creativecommons.org/licenses/by/4.0/,Luca Valente,"CC BY 4.0 applies to the original compilation and editorial work by Luca Valente. Underlying third-party data retain their source terms, including Coin Metrics CC BY-NC 4.0 where indicated; this export does not replace those terms."
data_health,2026-10-05,/blocchi/1/tabella/righe/1/4,0,DefiLlama; growthepie; CoinGecko; Binance; Coin Metrics,"""2026-10-05""",CC BY 4.0,https://creativecommons.org/licenses/by/4.0/,Luca Valente,"CC BY 4.0 applies to the original compilation and editorial work by Luca Valente. Underlying third-party data retain their source terms, including Coin Metrics CC BY-NC 4.0 where indicated; this export does not replace those terms."
data_health,2026-10-05,/blocchi/1/tabella/righe/1/5,259,DefiLlama; growthepie; CoinGecko; Binance; Coin Metrics,"""2026-10-05""",CC BY 4.0,https://creativecommons.org/licenses/by/4.0/,Luca Valente,"CC BY 4.0 applies to the original compilation and editorial work by Luca Valente. Underlying third-party data retain their source terms, including Coin Metrics CC BY-NC 4.0 where indicated; this export does not replace those terms."
data_health,2026-10-05,/blocchi/1/tabella/righe/1/6,943,DefiLlama; growthepie; CoinGecko; Binance; Coin Metrics,"""2026-10-05""",CC BY 4.0,https://creativecommons.org/licenses/by/4.0/,Luca Valente,"CC BY 4.0 applies to the original compilation and editorial work by Luca Valente. Underlying third-party data retain their source terms, including Coin Metrics CC BY-NC 4.0 where indicated; this export does not replace those terms."
data_health,2026-10-05,/blocchi/1/tabella/righe/1/7,232,DefiLlama; growthepie; CoinGecko; Binance; Coin Metrics,"""2026-10-05""",CC BY 4.0,https://creativecommons.org/licenses/by/4.0/,Luca Valente,"CC BY 4.0 applies to the original compilation and editorial work by Luca Valente. Underlying third-party data retain their source terms, including Coin Metrics CC BY-NC 4.0 where indicated; this export does not replace those terms."
data_health,2026-10-05,/blocchi/1/tabella/righe/1/8,97.8,DefiLlama; growthepie; CoinGecko; Binance; Coin Metrics,"""2026-10-05""",CC BY 4.0,https://creativecommons.org/licenses/by/4.0/,Luca Valente,"CC BY 4.0 applies to the original compilation and editorial work by Luca Valente. Underlying third-party data retain their source terms, including Coin Metrics CC BY-NC 4.0 where indicated; this export does not replace those terms."
data_health,2026-10-05,/blocchi/1/tabella/righe/2/0,"""DefiLlama""",DefiLlama; growthepie; CoinGecko; Binance; Coin Metrics,"""2026-10-05""",CC BY 4.0,https://creativecommons.org/licenses/by/4.0/,Luca Valente,"CC BY 4.0 applies to the original compilation and editorial work by Luca Valente. Underlying third-party data retain their source terms, including Coin Metrics CC BY-NC 4.0 where indicated; this export does not replace those terms."
data_health,2026-10-05,/blocchi/1/tabella/righe/2/1,"""revenue""",DefiLlama; growthepie; CoinGecko; Binance; Coin Metrics,"""2026-10-05""",CC BY 4.0,https://creativecommons.org/licenses/by/4.0/,Luca Valente,"CC BY 4.0 applies to the original compilation and editorial work by Luca Valente. Underlying third-party data retain their source terms, including Coin Metrics CC BY-NC 4.0 where indicated; this export does not replace those terms."
data_health,2026-10-05,/blocchi/1/tabella/righe/2/2,243,DefiLlama; growthepie; CoinGecko; Binance; Coin Metrics,"""2026-10-05""",CC BY 4.0,https://creativecommons.org/licenses/by/4.0/,Luca Valente,"CC BY 4.0 applies to the original compilation and editorial work by Luca Valente. Underlying third-party data retain their source terms, including Coin Metrics CC BY-NC 4.0 where indicated; this export does not replace those terms."
data_health,2026-10-05,/blocchi/1/tabella/righe/2/3,350,DefiLlama; growthepie; CoinGecko; Binance; Coin Metrics,"""2026-10-05""",CC BY 4.0,https://creativecommons.org/licenses/by/4.0/,Luca Valente,"CC BY 4.0 applies to the original compilation and editorial work by Luca Valente. Underlying third-party data retain their source terms, including Coin Metrics CC BY-NC 4.0 where indicated; this export does not replace those terms."
data_health,2026-10-05,/blocchi/1/tabella/righe/2/4,0,DefiLlama; growthepie; CoinGecko; Binance; Coin Metrics,"""2026-10-05""",CC BY 4.0,https://creativecommons.org/licenses/by/4.0/,Luca Valente,"CC BY 4.0 applies to the original compilation and editorial work by Luca Valente. Underlying third-party data retain their source terms, including Coin Metrics CC BY-NC 4.0 where indicated; this export does not replace those terms."
data_health,2026-10-05,/blocchi/1/tabella/righe/2/5,239,DefiLlama; growthepie; CoinGecko; Binance; Coin Metrics,"""2026-10-05""",CC BY 4.0,https://creativecommons.org/licenses/by/4.0/,Luca Valente,"CC BY 4.0 applies to the original compilation and editorial work by Luca Valente. Underlying third-party data retain their source terms, including Coin Metrics CC BY-NC 4.0 where indicated; this export does not replace those terms."
data_health,2026-10-05,/blocchi/1/tabella/righe/2/6,796,DefiLlama; growthepie; CoinGecko; Binance; Coin Metrics,"""2026-10-05""",CC BY 4.0,https://creativecommons.org/licenses/by/4.0/,Luca Valente,"CC BY 4.0 applies to the original compilation and editorial work by Luca Valente. Underlying third-party data retain their source terms, including Coin Metrics CC BY-NC 4.0 where indicated; this export does not replace those terms."
data_health,2026-10-05,/blocchi/1/tabella/righe/2/7,202,DefiLlama; growthepie; CoinGecko; Binance; Coin Metrics,"""2026-10-05""",CC BY 4.0,https://creativecommons.org/licenses/by/4.0/,Luca Valente,"CC BY 4.0 applies to the original compilation and editorial work by Luca Valente. Underlying third-party data retain their source terms, including Coin Metrics CC BY-NC 4.0 where indicated; this export does not replace those terms."
data_health,2026-10-05,/blocchi/1/tabella/righe/2/8,97.8,DefiLlama; growthepie; CoinGecko; Binance; Coin Metrics,"""2026-10-05""",CC BY 4.0,https://creativecommons.org/licenses/by/4.0/,Luca Valente,"CC BY 4.0 applies to the original compilation and editorial work by Luca Valente. Underlying third-party data retain their source terms, including Coin Metrics CC BY-NC 4.0 where indicated; this export does not replace those terms."
data_health,2026-10-05,/blocchi/1/tabella/righe/3/0,"""DefiLlama""",DefiLlama; growthepie; CoinGecko; Binance; Coin Metrics,"""2026-10-05""",CC BY 4.0,https://creativecommons.org/licenses/by/4.0/,Luca Valente,"CC BY 4.0 applies to the original compilation and editorial work by Luca Valente. Underlying third-party data retain their source terms, including Coin Metrics CC BY-NC 4.0 where indicated; this export does not replace those terms."
data_health,2026-10-05,/blocchi/1/tabella/righe/3/1,"""revenue to holders""",DefiLlama; growthepie; CoinGecko; Binance; Coin Metrics,"""2026-10-05""",CC BY 4.0,https://creativecommons.org/licenses/by/4.0/,Luca Valente,"CC BY 4.0 applies to the original compilation and editorial work by Luca Valente. Underlying third-party data retain their source terms, including Coin Metrics CC BY-NC 4.0 where indicated; this export does not replace those terms."
data_health,2026-10-05,/blocchi/1/tabella/righe/3/2,156,DefiLlama; growthepie; CoinGecko; Binance; Coin Metrics,"""2026-10-05""",CC BY 4.0,https://creativecommons.org/licenses/by/4.0/,Luca Valente,"CC BY 4.0 applies to the original compilation and editorial work by Luca Valente. Underlying third-party data retain their source terms, including Coin Metrics CC BY-NC 4.0 where indicated; this export does not replace those terms."
data_health,2026-10-05,/blocchi/1/tabella/righe/3/3,96,DefiLlama; growthepie; CoinGecko; Binance; Coin Metrics,"""2026-10-05""",CC BY 4.0,https://creativecommons.org/licenses/by/4.0/,Luca Valente,"CC BY 4.0 applies to the original compilation and editorial work by Luca Valente. Underlying third-party data retain their source terms, including Coin Metrics CC BY-NC 4.0 where indicated; this export does not replace those terms."
data_health,2026-10-05,/blocchi/1/tabella/righe/3/4,0,DefiLlama; growthepie; CoinGecko; Binance; Coin Metrics,"""2026-10-05""",CC BY 4.0,https://creativecommons.org/licenses/by/4.0/,Luca Valente,"CC BY 4.0 applies to the original compilation and editorial work by Luca Valente. Underlying third-party data retain their source terms, including Coin Metrics CC BY-NC 4.0 where indicated; this export does not replace those terms."
data_health,2026-10-05,/blocchi/1/tabella/righe/3/5,156,DefiLlama; growthepie; CoinGecko; Binance; Coin Metrics,"""2026-10-05""",CC BY 4.0,https://creativecommons.org/licenses/by/4.0/,Luca Valente,"CC BY 4.0 applies to the original compilation and editorial work by Luca Valente. Underlying third-party data retain their source terms, including Coin Metrics CC BY-NC 4.0 where indicated; this export does not replace those terms."
data_health,2026-10-05,/blocchi/1/tabella/righe/3/6,297,DefiLlama; growthepie; CoinGecko; Binance; Coin Metrics,"""2026-10-05""",CC BY 4.0,https://creativecommons.org/licenses/by/4.0/,Luca Valente,"CC BY 4.0 applies to the original compilation and editorial work by Luca Valente. Underlying third-party data retain their source terms, including Coin Metrics CC BY-NC 4.0 where indicated; this export does not replace those terms."
data_health,2026-10-05,/blocchi/1/tabella/righe/3/7,95,DefiLlama; growthepie; CoinGecko; Binance; Coin Metrics,"""2026-10-05""",CC BY 4.0,https://creativecommons.org/licenses/by/4.0/,Luca Valente,"CC BY 4.0 applies to the original compilation and editorial work by Luca Valente. Underlying third-party data retain their source terms, including Coin Metrics CC BY-NC 4.0 where indicated; this export does not replace those terms."
data_health,2026-10-05,/blocchi/1/tabella/righe/3/8,98.9,DefiLlama; growthepie; CoinGecko; Binance; Coin Metrics,"""2026-10-05""",CC BY 4.0,https://creativecommons.org/licenses/by/4.0/,Luca Valente,"CC BY 4.0 applies to the original compilation and editorial work by Luca Valente. Underlying third-party data retain their source terms, including Coin Metrics CC BY-NC 4.0 where indicated; this export does not replace those terms."
data_health,2026-10-05,/blocchi/1/tabella/righe/4/0,"""DefiLlama""",DefiLlama; growthepie; CoinGecko; Binance; Coin Metrics,"""2026-10-05""",CC BY 4.0,https://creativecommons.org/licenses/by/4.0/,Luca Valente,"CC BY 4.0 applies to the original compilation and editorial work by Luca Valente. Underlying third-party data retain their source terms, including Coin Metrics CC BY-NC 4.0 where indicated; this export does not replace those terms."
data_health,2026-10-05,/blocchi/1/tabella/righe/4/1,"""DEX volume""",DefiLlama; growthepie; CoinGecko; Binance; Coin Metrics,"""2026-10-05""",CC BY 4.0,https://creativecommons.org/licenses/by/4.0/,Luca Valente,"CC BY 4.0 applies to the original compilation and editorial work by Luca Valente. Underlying third-party data retain their source terms, including Coin Metrics CC BY-NC 4.0 where indicated; this export does not replace those terms."
data_health,2026-10-05,/blocchi/1/tabella/righe/4/2,37,DefiLlama; growthepie; CoinGecko; Binance; Coin Metrics,"""2026-10-05""",CC BY 4.0,https://creativecommons.org/licenses/by/4.0/,Luca Valente,"CC BY 4.0 applies to the original compilation and editorial work by Luca Valente. Underlying third-party data retain their source terms, including Coin Metrics CC BY-NC 4.0 where indicated; this export does not replace those terms."
data_health,2026-10-05,/blocchi/1/tabella/righe/4/3,15,DefiLlama; growthepie; CoinGecko; Binance; Coin Metrics,"""2026-10-05""",CC BY 4.0,https://creativecommons.org/licenses/by/4.0/,Luca Valente,"CC BY 4.0 applies to the original compilation and editorial work by Luca Valente. Underlying third-party data retain their source terms, including Coin Metrics CC BY-NC 4.0 where indicated; this export does not replace those terms."
data_health,2026-10-05,/blocchi/1/tabella/righe/4/4,0,DefiLlama; growthepie; CoinGecko; Binance; Coin Metrics,"""2026-10-05""",CC BY 4.0,https://creativecommons.org/licenses/by/4.0/,Luca Valente,"CC BY 4.0 applies to the original compilation and editorial work by Luca Valente. Underlying third-party data retain their source terms, including Coin Metrics CC BY-NC 4.0 where indicated; this export does not replace those terms."
data_health,2026-10-05,/blocchi/1/tabella/righe/4/5,0,DefiLlama; growthepie; CoinGecko; Binance; Coin Metrics,"""2026-10-05""",CC BY 4.0,https://creativecommons.org/licenses/by/4.0/,Luca Valente,"CC BY 4.0 applies to the original compilation and editorial work by Luca Valente. Underlying third-party data retain their source terms, including Coin Metrics CC BY-NC 4.0 where indicated; this export does not replace those terms."
data_health,2026-10-05,/blocchi/1/tabella/righe/4/6,151,DefiLlama; growthepie; CoinGecko; Binance; Coin Metrics,"""2026-10-05""",CC BY 4.0,https://creativecommons.org/licenses/by/4.0/,Luca Valente,"CC BY 4.0 applies to the original compilation and editorial work by Luca Valente. Underlying third-party data retain their source terms, including Coin Metrics CC BY-NC 4.0 where indicated; this export does not replace those terms."
data_health,2026-10-05,/blocchi/1/tabella/righe/4/7,17,DefiLlama; growthepie; CoinGecko; Binance; Coin Metrics,"""2026-10-05""",CC BY 4.0,https://creativecommons.org/licenses/by/4.0/,Luca Valente,"CC BY 4.0 applies to the original compilation and editorial work by Luca Valente. Underlying third-party data retain their source terms, including Coin Metrics CC BY-NC 4.0 where indicated; this export does not replace those terms."
data_health,2026-10-05,/blocchi/1/tabella/righe/4/8,100.0,DefiLlama; growthepie; CoinGecko; Binance; Coin Metrics,"""2026-10-05""",CC BY 4.0,https://creativecommons.org/licenses/by/4.0/,Luca Valente,"CC BY 4.0 applies to the original compilation and editorial work by Luca Valente. Underlying third-party data retain their source terms, including Coin Metrics CC BY-NC 4.0 where indicated; this export does not replace those terms."
data_health,2026-10-05,/blocchi/1/tabella/righe/5/0,"""DefiLlama""",DefiLlama; growthepie; CoinGecko; Binance; Coin Metrics,"""2026-10-05""",CC BY 4.0,https://creativecommons.org/licenses/by/4.0/,Luca Valente,"CC BY 4.0 applies to the original compilation and editorial work by Luca Valente. Underlying third-party data retain their source terms, including Coin Metrics CC BY-NC 4.0 where indicated; this export does not replace those terms."
data_health,2026-10-05,/blocchi/1/tabella/righe/5/1,"""stablecoin supply""",DefiLlama; growthepie; CoinGecko; Binance; Coin Metrics,"""2026-10-05""",CC BY 4.0,https://creativecommons.org/licenses/by/4.0/,Luca Valente,"CC BY 4.0 applies to the original compilation and editorial work by Luca Valente. Underlying third-party data retain their source terms, including Coin Metrics CC BY-NC 4.0 where indicated; this export does not replace those terms."
data_health,2026-10-05,/blocchi/1/tabella/righe/5/2,34,DefiLlama; growthepie; CoinGecko; Binance; Coin Metrics,"""2026-10-05""",CC BY 4.0,https://creativecommons.org/licenses/by/4.0/,Luca Valente,"CC BY 4.0 applies to the original compilation and editorial work by Luca Valente. Underlying third-party data retain their source terms, including Coin Metrics CC BY-NC 4.0 where indicated; this export does not replace those terms."
data_health,2026-10-05,/blocchi/1/tabella/righe/5/3,0,DefiLlama; growthepie; CoinGecko; Binance; Coin Metrics,"""2026-10-05""",CC BY 4.0,https://creativecommons.org/licenses/by/4.0/,Luca Valente,"CC BY 4.0 applies to the original compilation and editorial work by Luca Valente. Underlying third-party data retain their source terms, including Coin Metrics CC BY-NC 4.0 where indicated; this export does not replace those terms."
data_health,2026-10-05,/blocchi/1/tabella/righe/5/4,3,DefiLlama; growthepie; CoinGecko; Binance; Coin Metrics,"""2026-10-05""",CC BY 4.0,https://creativecommons.org/licenses/by/4.0/,Luca Valente,"CC BY 4.0 applies to the original compilation and editorial work by Luca Valente. Underlying third-party data retain their source terms, including Coin Metrics CC BY-NC 4.0 where indicated; this export does not replace those terms."
data_health,2026-10-05,/blocchi/1/tabella/righe/5/5,3,DefiLlama; growthepie; CoinGecko; Binance; Coin Metrics,"""2026-10-05""",CC BY 4.0,https://creativecommons.org/licenses/by/4.0/,Luca Valente,"CC BY 4.0 applies to the original compilation and editorial work by Luca Valente. Underlying third-party data retain their source terms, including Coin Metrics CC BY-NC 4.0 where indicated; this export does not replace those terms."
data_health,2026-10-05,/blocchi/1/tabella/righe/5/6,150,DefiLlama; growthepie; CoinGecko; Binance; Coin Metrics,"""2026-10-05""",CC BY 4.0,https://creativecommons.org/licenses/by/4.0/,Luca Valente,"CC BY 4.0 applies to the original compilation and editorial work by Luca Valente. Underlying third-party data retain their source terms, including Coin Metrics CC BY-NC 4.0 where indicated; this export does not replace those terms."
data_health,2026-10-05,/blocchi/1/tabella/righe/5/7,13,DefiLlama; growthepie; CoinGecko; Binance; Coin Metrics,"""2026-10-05""",CC BY 4.0,https://creativecommons.org/licenses/by/4.0/,Luca Valente,"CC BY 4.0 applies to the original compilation and editorial work by Luca Valente. Underlying third-party data retain their source terms, including Coin Metrics CC BY-NC 4.0 where indicated; this export does not replace those terms."
data_health,2026-10-05,/blocchi/1/tabella/righe/5/8,100.0,DefiLlama; growthepie; CoinGecko; Binance; Coin Metrics,"""2026-10-05""",CC BY 4.0,https://creativecommons.org/licenses/by/4.0/,Luca Valente,"CC BY 4.0 applies to the original compilation and editorial work by Luca Valente. Underlying third-party data retain their source terms, including Coin Metrics CC BY-NC 4.0 where indicated; this export does not replace those terms."
data_health,2026-10-05,/blocchi/1/tabella/righe/6/0,"""growthepie""",DefiLlama; growthepie; CoinGecko; Binance; Coin Metrics,"""2026-10-05""",CC BY 4.0,https://creativecommons.org/licenses/by/4.0/,Luca Valente,"CC BY 4.0 applies to the original compilation and editorial work by Luca Valente. Underlying third-party data retain their source terms, including Coin Metrics CC BY-NC 4.0 where indicated; this export does not replace those terms."
data_health,2026-10-05,/blocchi/1/tabella/righe/6/1,"""layer-2 transactions""",DefiLlama; growthepie; CoinGecko; Binance; Coin Metrics,"""2026-10-05""",CC BY 4.0,https://creativecommons.org/licenses/by/4.0/,Luca Valente,"CC BY 4.0 applies to the original compilation and editorial work by Luca Valente. Underlying third-party data retain their source terms, including Coin Metrics CC BY-NC 4.0 where indicated; this export does not replace those terms."
data_health,2026-10-05,/blocchi/1/tabella/righe/6/2,8,DefiLlama; growthepie; CoinGecko; Binance; Coin Metrics,"""2026-10-05""",CC BY 4.0,https://creativecommons.org/licenses/by/4.0/,Luca Valente,"CC BY 4.0 applies to the original compilation and editorial work by Luca Valente. Underlying third-party data retain their source terms, including Coin Metrics CC BY-NC 4.0 where indicated; this export does not replace those terms."
data_health,2026-10-05,/blocchi/1/tabella/righe/6/3,0,DefiLlama; growthepie; CoinGecko; Binance; Coin Metrics,"""2026-10-05""",CC BY 4.0,https://creativecommons.org/licenses/by/4.0/,Luca Valente,"CC BY 4.0 applies to the original compilation and editorial work by Luca Valente. Underlying third-party data retain their source terms, including Coin Metrics CC BY-NC 4.0 where indicated; this export does not replace those terms."
data_health,2026-10-05,/blocchi/1/tabella/righe/6/4,0,DefiLlama; growthepie; CoinGecko; Binance; Coin Metrics,"""2026-10-05""",CC BY 4.0,https://creativecommons.org/licenses/by/4.0/,Luca Valente,"CC BY 4.0 applies to the original compilation and editorial work by Luca Valente. Underlying third-party data retain their source terms, including Coin Metrics CC BY-NC 4.0 where indicated; this export does not replace those terms."
data_health,2026-10-05,/blocchi/1/tabella/righe/6/5,8,DefiLlama; growthepie; CoinGecko; Binance; Coin Metrics,"""2026-10-05""",CC BY 4.0,https://creativecommons.org/licenses/by/4.0/,Luca Valente,"CC BY 4.0 applies to the original compilation and editorial work by Luca Valente. Underlying third-party data retain their source terms, including Coin Metrics CC BY-NC 4.0 where indicated; this export does not replace those terms."
data_health,2026-10-05,/blocchi/1/tabella/righe/6/6,0,DefiLlama; growthepie; CoinGecko; Binance; Coin Metrics,"""2026-10-05""",CC BY 4.0,https://creativecommons.org/licenses/by/4.0/,Luca Valente,"CC BY 4.0 applies to the original compilation and editorial work by Luca Valente. Underlying third-party data retain their source terms, including Coin Metrics CC BY-NC 4.0 where indicated; this export does not replace those terms."
data_health,2026-10-05,/blocchi/1/tabella/righe/6/7,8,DefiLlama; growthepie; CoinGecko; Binance; Coin Metrics,"""2026-10-05""",CC BY 4.0,https://creativecommons.org/licenses/by/4.0/,Luca Valente,"CC BY 4.0 applies to the original compilation and editorial work by Luca Valente. Underlying third-party data retain their source terms, including Coin Metrics CC BY-NC 4.0 where indicated; this export does not replace those terms."
data_health,2026-10-05,/blocchi/1/tabella/righe/6/8,98.9,DefiLlama; growthepie; CoinGecko; Binance; Coin Metrics,"""2026-10-05""",CC BY 4.0,https://creativecommons.org/licenses/by/4.0/,Luca Valente,"CC BY 4.0 applies to the original compilation and editorial work by Luca Valente. Underlying third-party data retain their source terms, including Coin Metrics CC BY-NC 4.0 where indicated; this export does not replace those terms."
data_health,2026-10-05,/blocchi/2/id,"""altre_fonti""",DefiLlama; growthepie; CoinGecko; Binance; Coin Metrics,"""2026-10-05""",CC BY 4.0,https://creativecommons.org/licenses/by/4.0/,Luca Valente,"CC BY 4.0 applies to the original compilation and editorial work by Luca Valente. Underlying third-party data retain their source terms, including Coin Metrics CC BY-NC 4.0 where indicated; this export does not replace those terms."
data_health,2026-10-05,/blocchi/2/titolo,"""Other sources: gaps only""",DefiLlama; growthepie; CoinGecko; Binance; Coin Metrics,"""2026-10-05""",CC BY 4.0,https://creativecommons.org/licenses/by/4.0/,Luca Valente,"CC BY 4.0 applies to the original compilation and editorial work by Luca Valente. Underlying third-party data retain their source terms, including Coin Metrics CC BY-NC 4.0 where indicated; this export does not replace those terms."
data_health,2026-10-05,/blocchi/2/tabella/colonne/0,"""Source""",DefiLlama; growthepie; CoinGecko; Binance; Coin Metrics,"""2026-10-05""",CC BY 4.0,https://creativecommons.org/licenses/by/4.0/,Luca Valente,"CC BY 4.0 applies to the original compilation and editorial work by Luca Valente. Underlying third-party data retain their source terms, including Coin Metrics CC BY-NC 4.0 where indicated; this export does not replace those terms."
data_health,2026-10-05,/blocchi/2/tabella/colonne/1,"""Measure""",DefiLlama; growthepie; CoinGecko; Binance; Coin Metrics,"""2026-10-05""",CC BY 4.0,https://creativecommons.org/licenses/by/4.0/,Luca Valente,"CC BY 4.0 applies to the original compilation and editorial work by Luca Valente. Underlying third-party data retain their source terms, including Coin Metrics CC BY-NC 4.0 where indicated; this export does not replace those terms."
data_health,2026-10-05,/blocchi/2/tabella/colonne/2,"""Series""",DefiLlama; growthepie; CoinGecko; Binance; Coin Metrics,"""2026-10-05""",CC BY 4.0,https://creativecommons.org/licenses/by/4.0/,Luca Valente,"CC BY 4.0 applies to the original compilation and editorial work by Luca Valente. Underlying third-party data retain their source terms, including Coin Metrics CC BY-NC 4.0 where indicated; this export does not replace those terms."
data_health,2026-10-05,/blocchi/2/tabella/colonne/3,"""Missing days""",DefiLlama; growthepie; CoinGecko; Binance; Coin Metrics,"""2026-10-05""",CC BY 4.0,https://creativecommons.org/licenses/by/4.0/,Luca Valente,"CC BY 4.0 applies to the original compilation and editorial work by Luca Valente. Underlying third-party data retain their source terms, including Coin Metrics CC BY-NC 4.0 where indicated; this export does not replace those terms."
data_health,2026-10-05,/blocchi/2/tabella/colonne/4,"""Series with a missing day""",DefiLlama; growthepie; CoinGecko; Binance; Coin Metrics,"""2026-10-05""",CC BY 4.0,https://creativecommons.org/licenses/by/4.0/,Luca Valente,"CC BY 4.0 applies to the original compilation and editorial work by Luca Valente. Underlying third-party data retain their source terms, including Coin Metrics CC BY-NC 4.0 where indicated; this export does not replace those terms."
data_health,2026-10-05,/blocchi/2/tabella/righe/0/0,"""CoinGecko""",DefiLlama; growthepie; CoinGecko; Binance; Coin Metrics,"""2026-10-05""",CC BY 4.0,https://creativecommons.org/licenses/by/4.0/,Luca Valente,"CC BY 4.0 applies to the original compilation and editorial work by Luca Valente. Underlying third-party data retain their source terms, including Coin Metrics CC BY-NC 4.0 where indicated; this export does not replace those terms."
data_health,2026-10-05,/blocchi/2/tabella/righe/0/1,"""token price""",DefiLlama; growthepie; CoinGecko; Binance; Coin Metrics,"""2026-10-05""",CC BY 4.0,https://creativecommons.org/licenses/by/4.0/,Luca Valente,"CC BY 4.0 applies to the original compilation and editorial work by Luca Valente. Underlying third-party data retain their source terms, including Coin Metrics CC BY-NC 4.0 where indicated; this export does not replace those terms."
data_health,2026-10-05,/blocchi/2/tabella/righe/0/2,364,DefiLlama; growthepie; CoinGecko; Binance; Coin Metrics,"""2026-10-05""",CC BY 4.0,https://creativecommons.org/licenses/by/4.0/,Luca Valente,"CC BY 4.0 applies to the original compilation and editorial work by Luca Valente. Underlying third-party data retain their source terms, including Coin Metrics CC BY-NC 4.0 where indicated; this export does not replace those terms."
data_health,2026-10-05,/blocchi/2/tabella/righe/0/3,362,DefiLlama; growthepie; CoinGecko; Binance; Coin Metrics,"""2026-10-05""",CC BY 4.0,https://creativecommons.org/licenses/by/4.0/,Luca Valente,"CC BY 4.0 applies to the original compilation and editorial work by Luca Valente. Underlying third-party data retain their source terms, including Coin Metrics CC BY-NC 4.0 where indicated; this export does not replace those terms."
data_health,2026-10-05,/blocchi/2/tabella/righe/0/4,22,DefiLlama; growthepie; CoinGecko; Binance; Coin Metrics,"""2026-10-05""",CC BY 4.0,https://creativecommons.org/licenses/by/4.0/,Luca Valente,"CC BY 4.0 applies to the original compilation and editorial work by Luca Valente. Underlying third-party data retain their source terms, including Coin Metrics CC BY-NC 4.0 where indicated; this export does not replace those terms."
data_health,2026-10-05,/blocchi/2/tabella/righe/1/0,"""Binance""",DefiLlama; growthepie; CoinGecko; Binance; Coin Metrics,"""2026-10-05""",CC BY 4.0,https://creativecommons.org/licenses/by/4.0/,Luca Valente,"CC BY 4.0 applies to the original compilation and editorial work by Luca Valente. Underlying third-party data retain their source terms, including Coin Metrics CC BY-NC 4.0 where indicated; this export does not replace those terms."
data_health,2026-10-05,/blocchi/2/tabella/righe/1/1,"""open interest""",DefiLlama; growthepie; CoinGecko; Binance; Coin Metrics,"""2026-10-05""",CC BY 4.0,https://creativecommons.org/licenses/by/4.0/,Luca Valente,"CC BY 4.0 applies to the original compilation and editorial work by Luca Valente. Underlying third-party data retain their source terms, including Coin Metrics CC BY-NC 4.0 where indicated; this export does not replace those terms."
data_health,2026-10-05,/blocchi/2/tabella/righe/1/2,45,DefiLlama; growthepie; CoinGecko; Binance; Coin Metrics,"""2026-10-05""",CC BY 4.0,https://creativecommons.org/licenses/by/4.0/,Luca Valente,"CC BY 4.0 applies to the original compilation and editorial work by Luca Valente. Underlying third-party data retain their source terms, including Coin Metrics CC BY-NC 4.0 where indicated; this export does not replace those terms."
data_health,2026-10-05,/blocchi/2/tabella/righe/1/3,0,DefiLlama; growthepie; CoinGecko; Binance; Coin Metrics,"""2026-10-05""",CC BY 4.0,https://creativecommons.org/licenses/by/4.0/,Luca Valente,"CC BY 4.0 applies to the original compilation and editorial work by Luca Valente. Underlying third-party data retain their source terms, including Coin Metrics CC BY-NC 4.0 where indicated; this export does not replace those terms."
data_health,2026-10-05,/blocchi/2/tabella/righe/1/4,0,DefiLlama; growthepie; CoinGecko; Binance; Coin Metrics,"""2026-10-05""",CC BY 4.0,https://creativecommons.org/licenses/by/4.0/,Luca Valente,"CC BY 4.0 applies to the original compilation and editorial work by Luca Valente. Underlying third-party data retain their source terms, including Coin Metrics CC BY-NC 4.0 where indicated; this export does not replace those terms."
data_health,2026-10-05,/blocchi/2/tabella/righe/2/0,"""Coin Metrics""",DefiLlama; growthepie; CoinGecko; Binance; Coin Metrics,"""2026-10-05""",CC BY 4.0,https://creativecommons.org/licenses/by/4.0/,Luca Valente,"CC BY 4.0 applies to the original compilation and editorial work by Luca Valente. Underlying third-party data retain their source terms, including Coin Metrics CC BY-NC 4.0 where indicated; this export does not replace those terms."
data_health,2026-10-05,/blocchi/2/tabella/righe/2/1,"""MVRV""",DefiLlama; growthepie; CoinGecko; Binance; Coin Metrics,"""2026-10-05""",CC BY 4.0,https://creativecommons.org/licenses/by/4.0/,Luca Valente,"CC BY 4.0 applies to the original compilation and editorial work by Luca Valente. Underlying third-party data retain their source terms, including Coin Metrics CC BY-NC 4.0 where indicated; this export does not replace those terms."
data_health,2026-10-05,/blocchi/2/tabella/righe/2/2,2,DefiLlama; growthepie; CoinGecko; Binance; Coin Metrics,"""2026-10-05""",CC BY 4.0,https://creativecommons.org/licenses/by/4.0/,Luca Valente,"CC BY 4.0 applies to the original compilation and editorial work by Luca Valente. Underlying third-party data retain their source terms, including Coin Metrics CC BY-NC 4.0 where indicated; this export does not replace those terms."
data_health,2026-10-05,/blocchi/2/tabella/righe/2/3,0,DefiLlama; growthepie; CoinGecko; Binance; Coin Metrics,"""2026-10-05""",CC BY 4.0,https://creativecommons.org/licenses/by/4.0/,Luca Valente,"CC BY 4.0 applies to the original compilation and editorial work by Luca Valente. Underlying third-party data retain their source terms, including Coin Metrics CC BY-NC 4.0 where indicated; this export does not replace those terms."
data_health,2026-10-05,/blocchi/2/tabella/righe/2/4,0,DefiLlama; growthepie; CoinGecko; Binance; Coin Metrics,"""2026-10-05""",CC BY 4.0,https://creativecommons.org/licenses/by/4.0/,Luca Valente,"CC BY 4.0 applies to the original compilation and editorial work by Luca Valente. Underlying third-party data retain their source terms, including Coin Metrics CC BY-NC 4.0 where indicated; this export does not replace those terms."
data_health,2026-10-05,/blocchi/2/nota,"""gaps only: spikes and revisions are not checked for these sources""",DefiLlama; growthepie; CoinGecko; Binance; Coin Metrics,"""2026-10-05""",CC BY 4.0,https://creativecommons.org/licenses/by/4.0/,Luca Valente,"CC BY 4.0 applies to the original compilation and editorial work by Luca Valente. Underlying third-party data retain their source terms, including Coin Metrics CC BY-NC 4.0 where indicated; this export does not replace those terms."
data_health,2026-10-05,/blocchi/3/id,"""storico_correzioni""",DefiLlama; growthepie; CoinGecko; Binance; Coin Metrics,"""2026-10-05""",CC BY 4.0,https://creativecommons.org/licenses/by/4.0/,Luca Valente,"CC BY 4.0 applies to the original compilation and editorial work by Luca Valente. Underlying third-party data retain their source terms, including Coin Metrics CC BY-NC 4.0 where indicated; this export does not replace those terms."
data_health,2026-10-05,/blocchi/3/titolo,"""History of corrections""",DefiLlama; growthepie; CoinGecko; Binance; Coin Metrics,"""2026-10-05""",CC BY 4.0,https://creativecommons.org/licenses/by/4.0/,Luca Valente,"CC BY 4.0 applies to the original compilation and editorial work by Luca Valente. Underlying third-party data retain their source terms, including Coin Metrics CC BY-NC 4.0 where indicated; this export does not replace those terms."
data_health,2026-10-05,/blocchi/3/serie/0/etichetta,"""Revisions found per night""",DefiLlama; growthepie; CoinGecko; Binance; Coin Metrics,"""2026-10-05""",CC BY 4.0,https://creativecommons.org/licenses/by/4.0/,Luca Valente,"CC BY 4.0 applies to the original compilation and editorial work by Luca Valente. Underlying third-party data retain their source terms, including Coin Metrics CC BY-NC 4.0 where indicated; this export does not replace those terms."
data_health,2026-10-05,/blocchi/3/serie/0/unita,"""unita""",DefiLlama; growthepie; CoinGecko; Binance; Coin Metrics,"""2026-10-05""",CC BY 4.0,https://creativecommons.org/licenses/by/4.0/,Luca Valente,"CC BY 4.0 applies to the original compilation and editorial work by Luca Valente. Underlying third-party data retain their source terms, including Coin Metrics CC BY-NC 4.0 where indicated; this export does not replace those terms."
data_health,2026-10-05,/blocchi/3/serie/0/punti/0/0,"""2026-07-08""",DefiLlama; growthepie; CoinGecko; Binance; Coin Metrics,"""2026-10-05""",CC BY 4.0,https://creativecommons.org/licenses/by/4.0/,Luca Valente,"CC BY 4.0 applies to the original compilation and editorial work by Luca Valente. Underlying third-party data retain their source terms, including Coin Metrics CC BY-NC 4.0 where indicated; this export does not replace those terms."
data_health,2026-10-05,/blocchi/3/serie/0/punti/0/1,0,DefiLlama; growthepie; CoinGecko; Binance; Coin Metrics,"""2026-10-05""",CC BY 4.0,https://creativecommons.org/licenses/by/4.0/,Luca Valente,"CC BY 4.0 applies to the original compilation and editorial work by Luca Valente. Underlying third-party data retain their source terms, including Coin Metrics CC BY-NC 4.0 where indicated; this export does not replace those terms."
data_health,2026-10-05,/blocchi/3/serie/0/punti/1/0,"""2026-07-09""",DefiLlama; growthepie; CoinGecko; Binance; Coin Metrics,"""2026-10-05""",CC BY 4.0,https://creativecommons.org/licenses/by/4.0/,Luca Valente,"CC BY 4.0 applies to the original compilation and editorial work by Luca Valente. Underlying third-party data retain their source terms, including Coin Metrics CC BY-NC 4.0 where indicated; this export does not replace those terms."
data_health,2026-10-05,/blocchi/3/serie/0/punti/1/1,0,DefiLlama; growthepie; CoinGecko; Binance; Coin Metrics,"""2026-10-05""",CC BY 4.0,https://creativecommons.org/licenses/by/4.0/,Luca Valente,"CC BY 4.0 applies to the original compilation and editorial work by Luca Valente. Underlying third-party data retain their source terms, including Coin Metrics CC BY-NC 4.0 where indicated; this export does not replace those terms."
data_health,2026-10-05,/blocchi/3/serie/0/punti/2/0,"""2026-07-10""",DefiLlama; growthepie; CoinGecko; Binance; Coin Metrics,"""2026-10-05""",CC BY 4.0,https://creativecommons.org/licenses/by/4.0/,Luca Valente,"CC BY 4.0 applies to the original compilation and editorial work by Luca Valente. Underlying third-party data retain their source terms, including Coin Metrics CC BY-NC 4.0 where indicated; this export does not replace those terms."
data_health,2026-10-05,/blocchi/3/serie/0/punti/2/1,0,DefiLlama; growthepie; CoinGecko; Binance; Coin Metrics,"""2026-10-05""",CC BY 4.0,https://creativecommons.org/licenses/by/4.0/,Luca Valente,"CC BY 4.0 applies to the original compilation and editorial work by Luca Valente. Underlying third-party data retain their source terms, including Coin Metrics CC BY-NC 4.0 where indicated; this export does not replace those terms."
data_health,2026-10-05,/blocchi/3/serie/0/punti/3/0,"""2026-07-11""",DefiLlama; growthepie; CoinGecko; Binance; Coin Metrics,"""2026-10-05""",CC BY 4.0,https://creativecommons.org/licenses/by/4.0/,Luca Valente,"CC BY 4.0 applies to the original compilation and editorial work by Luca Valente. Underlying third-party data retain their source terms, including Coin Metrics CC BY-NC 4.0 where indicated; this export does not replace those terms."
data_health,2026-10-05,/blocchi/3/serie/0/punti/3/1,0,DefiLlama; growthepie; CoinGecko; Binance; Coin Metrics,"""2026-10-05""",CC BY 4.0,https://creativecommons.org/licenses/by/4.0/,Luca Valente,"CC BY 4.0 applies to the original compilation and editorial work by Luca Valente. Underlying third-party data retain their source terms, including Coin Metrics CC BY-NC 4.0 where indicated; this export does not replace those terms."
data_health,2026-10-05,/blocchi/3/serie/0/punti/4/0,"""2026-07-12""",DefiLlama; growthepie; CoinGecko; Binance; Coin Metrics,"""2026-10-05""",CC BY 4.0,https://creativecommons.org/licenses/by/4.0/,Luca Valente,"CC BY 4.0 applies to the original compilation and editorial work by Luca Valente. Underlying third-party data retain their source terms, including Coin Metrics CC BY-NC 4.0 where indicated; this export does not replace those terms."
data_health,2026-10-05,/blocchi/3/serie/0/punti/4/1,0,DefiLlama; growthepie; CoinGecko; Binance; Coin Metrics,"""2026-10-05""",CC BY 4.0,https://creativecommons.org/licenses/by/4.0/,Luca Valente,"CC BY 4.0 applies to the original compilation and editorial work by Luca Valente. Underlying third-party data retain their source terms, including Coin Metrics CC BY-NC 4.0 where indicated; this export does not replace those terms."
data_health,2026-10-05,/blocchi/3/serie/0/punti/5/0,"""2026-07-13""",DefiLlama; growthepie; CoinGecko; Binance; Coin Metrics,"""2026-10-05""",CC BY 4.0,https://creativecommons.org/licenses/by/4.0/,Luca Valente,"CC BY 4.0 applies to the original compilation and editorial work by Luca Valente. Underlying third-party data retain their source terms, including Coin Metrics CC BY-NC 4.0 where indicated; this export does not replace those terms."
data_health,2026-10-05,/blocchi/3/serie/0/punti/5/1,0,DefiLlama; growthepie; CoinGecko; Binance; Coin Metrics,"""2026-10-05""",CC BY 4.0,https://creativecommons.org/licenses/by/4.0/,Luca Valente,"CC BY 4.0 applies to the original compilation and editorial work by Luca Valente. Underlying third-party data retain their source terms, including Coin Metrics CC BY-NC 4.0 where indicated; this export does not replace those terms."
data_health,2026-10-05,/blocchi/3/serie/0/punti/6/0,"""2026-07-14""",DefiLlama; growthepie; CoinGecko; Binance; Coin Metrics,"""2026-10-05""",CC BY 4.0,https://creativecommons.org/licenses/by/4.0/,Luca Valente,"CC BY 4.0 applies to the original compilation and editorial work by Luca Valente. Underlying third-party data retain their source terms, including Coin Metrics CC BY-NC 4.0 where indicated; this export does not replace those terms."
data_health,2026-10-05,/blocchi/3/serie/0/punti/6/1,0,DefiLlama; growthepie; CoinGecko; Binance; Coin Metrics,"""2026-10-05""",CC BY 4.0,https://creativecommons.org/licenses/by/4.0/,Luca Valente,"CC BY 4.0 applies to the original compilation and editorial work by Luca Valente. Underlying third-party data retain their source terms, including Coin Metrics CC BY-NC 4.0 where indicated; this export does not replace those terms."
data_health,2026-10-05,/blocchi/3/serie/0/punti/7/0,"""2026-07-15""",DefiLlama; growthepie; CoinGecko; Binance; Coin Metrics,"""2026-10-05""",CC BY 4.0,https://creativecommons.org/licenses/by/4.0/,Luca Valente,"CC BY 4.0 applies to the original compilation and editorial work by Luca Valente. Underlying third-party data retain their source terms, including Coin Metrics CC BY-NC 4.0 where indicated; this export does not replace those terms."
data_health,2026-10-05,/blocchi/3/serie/0/punti/7/1,0,DefiLlama; growthepie; CoinGecko; Binance; Coin Metrics,"""2026-10-05""",CC BY 4.0,https://creativecommons.org/licenses/by/4.0/,Luca Valente,"CC BY 4.0 applies to the original compilation and editorial work by Luca Valente. Underlying third-party data retain their source terms, including Coin Metrics CC BY-NC 4.0 where indicated; this export does not replace those terms."
data_health,2026-10-05,/blocchi/3/serie/0/punti/8/0,"""2026-07-16""",DefiLlama; growthepie; CoinGecko; Binance; Coin Metrics,"""2026-10-05""",CC BY 4.0,https://creativecommons.org/licenses/by/4.0/,Luca Valente,"CC BY 4.0 applies to the original compilation and editorial work by Luca Valente. Underlying third-party data retain their source terms, including Coin Metrics CC BY-NC 4.0 where indicated; this export does not replace those terms."
data_health,2026-10-05,/blocchi/3/serie/0/punti/8/1,0,DefiLlama; growthepie; CoinGecko; Binance; Coin Metrics,"""2026-10-05""",CC BY 4.0,https://creativecommons.org/licenses/by/4.0/,Luca Valente,"CC BY 4.0 applies to the original compilation and editorial work by Luca Valente. Underlying third-party data retain their source terms, including Coin Metrics CC BY-NC 4.0 where indicated; this export does not replace those terms."
data_health,2026-10-05,/blocchi/3/serie/0/punti/9/0,"""2026-07-17""",DefiLlama; growthepie; CoinGecko; Binance; Coin Metrics,"""2026-10-05""",CC BY 4.0,https://creativecommons.org/licenses/by/4.0/,Luca Valente,"CC BY 4.0 applies to the original compilation and editorial work by Luca Valente. Underlying third-party data retain their source terms, including Coin Metrics CC BY-NC 4.0 where indicated; this export does not replace those terms."
data_health,2026-10-05,/blocchi/3/serie/0/punti/9/1,0,DefiLlama; growthepie; CoinGecko; Binance; Coin Metrics,"""2026-10-05""",CC BY 4.0,https://creativecommons.org/licenses/by/4.0/,Luca Valente,"CC BY 4.0 applies to the original compilation and editorial work by Luca Valente. Underlying third-party data retain their source terms, including Coin Metrics CC BY-NC 4.0 where indicated; this export does not replace those terms."
data_health,2026-10-05,/blocchi/3/serie/0/punti/10/0,"""2026-07-18""",DefiLlama; growthepie; CoinGecko; Binance; Coin Metrics,"""2026-10-05""",CC BY 4.0,https://creativecommons.org/licenses/by/4.0/,Luca Valente,"CC BY 4.0 applies to the original compilation and editorial work by Luca Valente. Underlying third-party data retain their source terms, including Coin Metrics CC BY-NC 4.0 where indicated; this export does not replace those terms."
data_health,2026-10-05,/blocchi/3/serie/0/punti/10/1,0,DefiLlama; growthepie; CoinGecko; Binance; Coin Metrics,"""2026-10-05""",CC BY 4.0,https://creativecommons.org/licenses/by/4.0/,Luca Valente,"CC BY 4.0 applies to the original compilation and editorial work by Luca Valente. Underlying third-party data retain their source terms, including Coin Metrics CC BY-NC 4.0 where indicated; this export does not replace those terms."
data_health,2026-10-05,/blocchi/3/serie/0/punti/11/0,"""2026-07-19""",DefiLlama; growthepie; CoinGecko; Binance; Coin Metrics,"""2026-10-05""",CC BY 4.0,https://creativecommons.org/licenses/by/4.0/,Luca Valente,"CC BY 4.0 applies to the original compilation and editorial work by Luca Valente. Underlying third-party data retain their source terms, including Coin Metrics CC BY-NC 4.0 where indicated; this export does not replace those terms."
data_health,2026-10-05,/blocchi/3/serie/0/punti/11/1,0,DefiLlama; growthepie; CoinGecko; Binance; Coin Metrics,"""2026-10-05""",CC BY 4.0,https://creativecommons.org/licenses/by/4.0/,Luca Valente,"CC BY 4.0 applies to the original compilation and editorial work by Luca Valente. Underlying third-party data retain their source terms, including Coin Metrics CC BY-NC 4.0 where indicated; this export does not replace those terms."
data_health,2026-10-05,/blocchi/3/serie/0/punti/12/0,"""2026-07-20""",DefiLlama; growthepie; CoinGecko; Binance; Coin Metrics,"""2026-10-05""",CC BY 4.0,https://creativecommons.org/licenses/by/4.0/,Luca Valente,"CC BY 4.0 applies to the original compilation and editorial work by Luca Valente. Underlying third-party data retain their source terms, including Coin Metrics CC BY-NC 4.0 where indicated; this export does not replace those terms."
data_health,2026-10-05,/blocchi/3/serie/0/punti/12/1,0,DefiLlama; growthepie; CoinGecko; Binance; Coin Metrics,"""2026-10-05""",CC BY 4.0,https://creativecommons.org/licenses/by/4.0/,Luca Valente,"CC BY 4.0 applies to the original compilation and editorial work by Luca Valente. Underlying third-party data retain their source terms, including Coin Metrics CC BY-NC 4.0 where indicated; this export does not replace those terms."
data_health,2026-10-05,/blocchi/3/serie/0/punti/13/0,"""2026-07-21""",DefiLlama; growthepie; CoinGecko; Binance; Coin Metrics,"""2026-10-05""",CC BY 4.0,https://creativecommons.org/licenses/by/4.0/,Luca Valente,"CC BY 4.0 applies to the original compilation and editorial work by Luca Valente. Underlying third-party data retain their source terms, including Coin Metrics CC BY-NC 4.0 where indicated; this export does not replace those terms."
data_health,2026-10-05,/blocchi/3/serie/0/punti/13/1,0,DefiLlama; growthepie; CoinGecko; Binance; Coin Metrics,"""2026-10-05""",CC BY 4.0,https://creativecommons.org/licenses/by/4.0/,Luca Valente,"CC BY 4.0 applies to the original compilation and editorial work by Luca Valente. Underlying third-party data retain their source terms, including Coin Metrics CC BY-NC 4.0 where indicated; this export does not replace those terms."
data_health,2026-10-05,/blocchi/3/serie/0/punti/14/0,"""2026-07-22""",DefiLlama; growthepie; CoinGecko; Binance; Coin Metrics,"""2026-10-05""",CC BY 4.0,https://creativecommons.org/licenses/by/4.0/,Luca Valente,"CC BY 4.0 applies to the original compilation and editorial work by Luca Valente. Underlying third-party data retain their source terms, including Coin Metrics CC BY-NC 4.0 where indicated; this export does not replace those terms."
data_health,2026-10-05,/blocchi/3/serie/0/punti/14/1,0,DefiLlama; growthepie; CoinGecko; Binance; Coin Metrics,"""2026-10-05""",CC BY 4.0,https://creativecommons.org/licenses/by/4.0/,Luca Valente,"CC BY 4.0 applies to the original compilation and editorial work by Luca Valente. Underlying third-party data retain their source terms, including Coin Metrics CC BY-NC 4.0 where indicated; this export does not replace those terms."
data_health,2026-10-05,/blocchi/3/serie/0/punti/15/0,"""2026-07-23""",DefiLlama; growthepie; CoinGecko; Binance; Coin Metrics,"""2026-10-05""",CC BY 4.0,https://creativecommons.org/licenses/by/4.0/,Luca Valente,"CC BY 4.0 applies to the original compilation and editorial work by Luca Valente. Underlying third-party data retain their source terms, including Coin Metrics CC BY-NC 4.0 where indicated; this export does not replace those terms."
data_health,2026-10-05,/blocchi/3/serie/0/punti/15/1,0,DefiLlama; growthepie; CoinGecko; Binance; Coin Metrics,"""2026-10-05""",CC BY 4.0,https://creativecommons.org/licenses/by/4.0/,Luca Valente,"CC BY 4.0 applies to the original compilation and editorial work by Luca Valente. Underlying third-party data retain their source terms, including Coin Metrics CC BY-NC 4.0 where indicated; this export does not replace those terms."
data_health,2026-10-05,/blocchi/3/serie/0/punti/16/0,"""2026-07-24""",DefiLlama; growthepie; CoinGecko; Binance; Coin Metrics,"""2026-10-05""",CC BY 4.0,https://creativecommons.org/licenses/by/4.0/,Luca Valente,"CC BY 4.0 applies to the original compilation and editorial work by Luca Valente. Underlying third-party data retain their source terms, including Coin Metrics CC BY-NC 4.0 where indicated; this export does not replace those terms."
data_health,2026-10-05,/blocchi/3/serie/0/punti/16/1,0,DefiLlama; growthepie; CoinGecko; Binance; Coin Metrics,"""2026-10-05""",CC BY 4.0,https://creativecommons.org/licenses/by/4.0/,Luca Valente,"CC BY 4.0 applies to the original compilation and editorial work by Luca Valente. Underlying third-party data retain their source terms, including Coin Metrics CC BY-NC 4.0 where indicated; this export does not replace those terms."
data_health,2026-10-05,/blocchi/3/serie/0/punti/17/0,"""2026-07-25""",DefiLlama; growthepie; CoinGecko; Binance; Coin Metrics,"""2026-10-05""",CC BY 4.0,https://creativecommons.org/licenses/by/4.0/,Luca Valente,"CC BY 4.0 applies to the original compilation and editorial work by Luca Valente. Underlying third-party data retain their source terms, including Coin Metrics CC BY-NC 4.0 where indicated; this export does not replace those terms."
data_health,2026-10-05,/blocchi/3/serie/0/punti/17/1,0,DefiLlama; growthepie; CoinGecko; Binance; Coin Metrics,"""2026-10-05""",CC BY 4.0,https://creativecommons.org/licenses/by/4.0/,Luca Valente,"CC BY 4.0 applies to the original compilation and editorial work by Luca Valente. Underlying third-party data retain their source terms, including Coin Metrics CC BY-NC 4.0 where indicated; this export does not replace those terms."
data_health,2026-10-05,/blocchi/3/serie/0/punti/18/0,"""2026-07-26""",DefiLlama; growthepie; CoinGecko; Binance; Coin Metrics,"""2026-10-05""",CC BY 4.0,https://creativecommons.org/licenses/by/4.0/,Luca Valente,"CC BY 4.0 applies to the original compilation and editorial work by Luca Valente. Underlying third-party data retain their source terms, including Coin Metrics CC BY-NC 4.0 where indicated; this export does not replace those terms."
data_health,2026-10-05,/blocchi/3/serie/0/punti/18/1,0,DefiLlama; growthepie; CoinGecko; Binance; Coin Metrics,"""2026-10-05""",CC BY 4.0,https://creativecommons.org/licenses/by/4.0/,Luca Valente,"CC BY 4.0 applies to the original compilation and editorial work by Luca Valente. Underlying third-party data retain their source terms, including Coin Metrics CC BY-NC 4.0 where indicated; this export does not replace those terms."
data_health,2026-10-05,/blocchi/3/serie/0/punti/19/0,"""2026-07-27""",DefiLlama; growthepie; CoinGecko; Binance; Coin Metrics,"""2026-10-05""",CC BY 4.0,https://creativecommons.org/licenses/by/4.0/,Luca Valente,"CC BY 4.0 applies to the original compilation and editorial work by Luca Valente. Underlying third-party data retain their source terms, including Coin Metrics CC BY-NC 4.0 where indicated; this export does not replace those terms."
data_health,2026-10-05,/blocchi/3/serie/0/punti/19/1,0,DefiLlama; growthepie; CoinGecko; Binance; Coin Metrics,"""2026-10-05""",CC BY 4.0,https://creativecommons.org/licenses/by/4.0/,Luca Valente,"CC BY 4.0 applies to the original compilation and editorial work by Luca Valente. Underlying third-party data retain their source terms, including Coin Metrics CC BY-NC 4.0 where indicated; this export does not replace those terms."
data_health,2026-10-05,/blocchi/3/serie/0/punti/20/0,"""2026-07-28""",DefiLlama; growthepie; CoinGecko; Binance; Coin Metrics,"""2026-10-05""",CC BY 4.0,https://creativecommons.org/licenses/by/4.0/,Luca Valente,"CC BY 4.0 applies to the original compilation and editorial work by Luca Valente. Underlying third-party data retain their source terms, including Coin Metrics CC BY-NC 4.0 where indicated; this export does not replace those terms."
data_health,2026-10-05,/blocchi/3/serie/0/punti/20/1,0,DefiLlama; growthepie; CoinGecko; Binance; Coin Metrics,"""2026-10-05""",CC BY 4.0,https://creativecommons.org/licenses/by/4.0/,Luca Valente,"CC BY 4.0 applies to the original compilation and editorial work by Luca Valente. Underlying third-party data retain their source terms, including Coin Metrics CC BY-NC 4.0 where indicated; this export does not replace those terms."
data_health,2026-10-05,/blocchi/3/serie/0/punti/21/0,"""2026-07-29""",DefiLlama; growthepie; CoinGecko; Binance; Coin Metrics,"""2026-10-05""",CC BY 4.0,https://creativecommons.org/licenses/by/4.0/,Luca Valente,"CC BY 4.0 applies to the original compilation and editorial work by Luca Valente. Underlying third-party data retain their source terms, including Coin Metrics CC BY-NC 4.0 where indicated; this export does not replace those terms."
data_health,2026-10-05,/blocchi/3/serie/0/punti/21/1,0,DefiLlama; growthepie; CoinGecko; Binance; Coin Metrics,"""2026-10-05""",CC BY 4.0,https://creativecommons.org/licenses/by/4.0/,Luca Valente,"CC BY 4.0 applies to the original compilation and editorial work by Luca Valente. Underlying third-party data retain their source terms, including Coin Metrics CC BY-NC 4.0 where indicated; this export does not replace those terms."
data_health,2026-10-05,/blocchi/3/serie/0/punti/22/0,"""2026-07-30""",DefiLlama; growthepie; CoinGecko; Binance; Coin Metrics,"""2026-10-05""",CC BY 4.0,https://creativecommons.org/licenses/by/4.0/,Luca Valente,"CC BY 4.0 applies to the original compilation and editorial work by Luca Valente. Underlying third-party data retain their source terms, including Coin Metrics CC BY-NC 4.0 where indicated; this export does not replace those terms."
data_health,2026-10-05,/blocchi/3/serie/0/punti/22/1,0,DefiLlama; growthepie; CoinGecko; Binance; Coin Metrics,"""2026-10-05""",CC BY 4.0,https://creativecommons.org/licenses/by/4.0/,Luca Valente,"CC BY 4.0 applies to the original compilation and editorial work by Luca Valente. Underlying third-party data retain their source terms, including Coin Metrics CC BY-NC 4.0 where indicated; this export does not replace those terms."
data_health,2026-10-05,/blocchi/3/serie/0/punti/23/0,"""2026-07-31""",DefiLlama; growthepie; CoinGecko; Binance; Coin Metrics,"""2026-10-05""",CC BY 4.0,https://creativecommons.org/licenses/by/4.0/,Luca Valente,"CC BY 4.0 applies to the original compilation and editorial work by Luca Valente. Underlying third-party data retain their source terms, including Coin Metrics CC BY-NC 4.0 where indicated; this export does not replace those terms."
data_health,2026-10-05,/blocchi/3/serie/0/punti/23/1,0,DefiLlama; growthepie; CoinGecko; Binance; Coin Metrics,"""2026-10-05""",CC BY 4.0,https://creativecommons.org/licenses/by/4.0/,Luca Valente,"CC BY 4.0 applies to the original compilation and editorial work by Luca Valente. Underlying third-party data retain their source terms, including Coin Metrics CC BY-NC 4.0 where indicated; this export does not replace those terms."
data_health,2026-10-05,/blocchi/3/serie/0/punti/24/0,"""2026-08-01""",DefiLlama; growthepie; CoinGecko; Binance; Coin Metrics,"""2026-10-05""",CC BY 4.0,https://creativecommons.org/licenses/by/4.0/,Luca Valente,"CC BY 4.0 applies to the original compilation and editorial work by Luca Valente. Underlying third-party data retain their source terms, including Coin Metrics CC BY-NC 4.0 where indicated; this export does not replace those terms."
data_health,2026-10-05,/blocchi/3/serie/0/punti/24/1,0,DefiLlama; growthepie; CoinGecko; Binance; Coin Metrics,"""2026-10-05""",CC BY 4.0,https://creativecommons.org/licenses/by/4.0/,Luca Valente,"CC BY 4.0 applies to the original compilation and editorial work by Luca Valente. Underlying third-party data retain their source terms, including Coin Metrics CC BY-NC 4.0 where indicated; this export does not replace those terms."
data_health,2026-10-05,/blocchi/3/serie/0/punti/25/0,"""2026-08-02""",DefiLlama; growthepie; CoinGecko; Binance; Coin Metrics,"""2026-10-05""",CC BY 4.0,https://creativecommons.org/licenses/by/4.0/,Luca Valente,"CC BY 4.0 applies to the original compilation and editorial work by Luca Valente. Underlying third-party data retain their source terms, including Coin Metrics CC BY-NC 4.0 where indicated; this export does not replace those terms."
data_health,2026-10-05,/blocchi/3/serie/0/punti/25/1,0,DefiLlama; growthepie; CoinGecko; Binance; Coin Metrics,"""2026-10-05""",CC BY 4.0,https://creativecommons.org/licenses/by/4.0/,Luca Valente,"CC BY 4.0 applies to the original compilation and editorial work by Luca Valente. Underlying third-party data retain their source terms, including Coin Metrics CC BY-NC 4.0 where indicated; this export does not replace those terms."
data_health,2026-10-05,/blocchi/3/serie/0/punti/26/0,"""2026-08-03""",DefiLlama; growthepie; CoinGecko; Binance; Coin Metrics,"""2026-10-05""",CC BY 4.0,https://creativecommons.org/licenses/by/4.0/,Luca Valente,"CC BY 4.0 applies to the original compilation and editorial work by Luca Valente. Underlying third-party data retain their source terms, including Coin Metrics CC BY-NC 4.0 where indicated; this export does not replace those terms."
data_health,2026-10-05,/blocchi/3/serie/0/punti/26/1,0,DefiLlama; growthepie; CoinGecko; Binance; Coin Metrics,"""2026-10-05""",CC BY 4.0,https://creativecommons.org/licenses/by/4.0/,Luca Valente,"CC BY 4.0 applies to the original compilation and editorial work by Luca Valente. Underlying third-party data retain their source terms, including Coin Metrics CC BY-NC 4.0 where indicated; this export does not replace those terms."
data_health,2026-10-05,/blocchi/3/serie/0/punti/27/0,"""2026-08-04""",DefiLlama; growthepie; CoinGecko; Binance; Coin Metrics,"""2026-10-05""",CC BY 4.0,https://creativecommons.org/licenses/by/4.0/,Luca Valente,"CC BY 4.0 applies to the original compilation and editorial work by Luca Valente. Underlying third-party data retain their source terms, including Coin Metrics CC BY-NC 4.0 where indicated; this export does not replace those terms."
data_health,2026-10-05,/blocchi/3/serie/0/punti/27/1,0,DefiLlama; growthepie; CoinGecko; Binance; Coin Metrics,"""2026-10-05""",CC BY 4.0,https://creativecommons.org/licenses/by/4.0/,Luca Valente,"CC BY 4.0 applies to the original compilation and editorial work by Luca Valente. Underlying third-party data retain their source terms, including Coin Metrics CC BY-NC 4.0 where indicated; this export does not replace those terms."
data_health,2026-10-05,/blocchi/3/serie/0/punti/28/0,"""2026-08-05""",DefiLlama; growthepie; CoinGecko; Binance; Coin Metrics,"""2026-10-05""",CC BY 4.0,https://creativecommons.org/licenses/by/4.0/,Luca Valente,"CC BY 4.0 applies to the original compilation and editorial work by Luca Valente. Underlying third-party data retain their source terms, including Coin Metrics CC BY-NC 4.0 where indicated; this export does not replace those terms."
data_health,2026-10-05,/blocchi/3/serie/0/punti/28/1,0,DefiLlama; growthepie; CoinGecko; Binance; Coin Metrics,"""2026-10-05""",CC BY 4.0,https://creativecommons.org/licenses/by/4.0/,Luca Valente,"CC BY 4.0 applies to the original compilation and editorial work by Luca Valente. Underlying third-party data retain their source terms, including Coin Metrics CC BY-NC 4.0 where indicated; this export does not replace those terms."
data_health,2026-10-05,/blocchi/3/serie/0/punti/29/0,"""2026-08-06""",DefiLlama; growthepie; CoinGecko; Binance; Coin Metrics,"""2026-10-05""",CC BY 4.0,https://creativecommons.org/licenses/by/4.0/,Luca Valente,"CC BY 4.0 applies to the original compilation and editorial work by Luca Valente. Underlying third-party data retain their source terms, including Coin Metrics CC BY-NC 4.0 where indicated; this export does not replace those terms."
data_health,2026-10-05,/blocchi/3/serie/0/punti/29/1,0,DefiLlama; growthepie; CoinGecko; Binance; Coin Metrics,"""2026-10-05""",CC BY 4.0,https://creativecommons.org/licenses/by/4.0/,Luca Valente,"CC BY 4.0 applies to the original compilation and editorial work by Luca Valente. Underlying third-party data retain their source terms, including Coin Metrics CC BY-NC 4.0 where indicated; this export does not replace those terms."
data_health,2026-10-05,/blocchi/3/serie/0/punti/30/0,"""2026-08-07""",DefiLlama; growthepie; CoinGecko; Binance; Coin Metrics,"""2026-10-05""",CC BY 4.0,https://creativecommons.org/licenses/by/4.0/,Luca Valente,"CC BY 4.0 applies to the original compilation and editorial work by Luca Valente. Underlying third-party data retain their source terms, including Coin Metrics CC BY-NC 4.0 where indicated; this export does not replace those terms."
data_health,2026-10-05,/blocchi/3/serie/0/punti/30/1,0,DefiLlama; growthepie; CoinGecko; Binance; Coin Metrics,"""2026-10-05""",CC BY 4.0,https://creativecommons.org/licenses/by/4.0/,Luca Valente,"CC BY 4.0 applies to the original compilation and editorial work by Luca Valente. Underlying third-party data retain their source terms, including Coin Metrics CC BY-NC 4.0 where indicated; this export does not replace those terms."
data_health,2026-10-05,/blocchi/3/serie/0/punti/31/0,"""2026-08-08""",DefiLlama; growthepie; CoinGecko; Binance; Coin Metrics,"""2026-10-05""",CC BY 4.0,https://creativecommons.org/licenses/by/4.0/,Luca Valente,"CC BY 4.0 applies to the original compilation and editorial work by Luca Valente. Underlying third-party data retain their source terms, including Coin Metrics CC BY-NC 4.0 where indicated; this export does not replace those terms."
data_health,2026-10-05,/blocchi/3/serie/0/punti/31/1,0,DefiLlama; growthepie; CoinGecko; Binance; Coin Metrics,"""2026-10-05""",CC BY 4.0,https://creativecommons.org/licenses/by/4.0/,Luca Valente,"CC BY 4.0 applies to the original compilation and editorial work by Luca Valente. Underlying third-party data retain their source terms, including Coin Metrics CC BY-NC 4.0 where indicated; this export does not replace those terms."
data_health,2026-10-05,/blocchi/3/serie/0/punti/32/0,"""2026-08-09""",DefiLlama; growthepie; CoinGecko; Binance; Coin Metrics,"""2026-10-05""",CC BY 4.0,https://creativecommons.org/licenses/by/4.0/,Luca Valente,"CC BY 4.0 applies to the original compilation and editorial work by Luca Valente. Underlying third-party data retain their source terms, including Coin Metrics CC BY-NC 4.0 where indicated; this export does not replace those terms."
data_health,2026-10-05,/blocchi/3/serie/0/punti/32/1,0,DefiLlama; growthepie; CoinGecko; Binance; Coin Metrics,"""2026-10-05""",CC BY 4.0,https://creativecommons.org/licenses/by/4.0/,Luca Valente,"CC BY 4.0 applies to the original compilation and editorial work by Luca Valente. Underlying third-party data retain their source terms, including Coin Metrics CC BY-NC 4.0 where indicated; this export does not replace those terms."
data_health,2026-10-05,/blocchi/3/serie/0/punti/33/0,"""2026-08-10""",DefiLlama; growthepie; CoinGecko; Binance; Coin Metrics,"""2026-10-05""",CC BY 4.0,https://creativecommons.org/licenses/by/4.0/,Luca Valente,"CC BY 4.0 applies to the original compilation and editorial work by Luca Valente. Underlying third-party data retain their source terms, including Coin Metrics CC BY-NC 4.0 where indicated; this export does not replace those terms."
data_health,2026-10-05,/blocchi/3/serie/0/punti/33/1,0,DefiLlama; growthepie; CoinGecko; Binance; Coin Metrics,"""2026-10-05""",CC BY 4.0,https://creativecommons.org/licenses/by/4.0/,Luca Valente,"CC BY 4.0 applies to the original compilation and editorial work by Luca Valente. Underlying third-party data retain their source terms, including Coin Metrics CC BY-NC 4.0 where indicated; this export does not replace those terms."
data_health,2026-10-05,/blocchi/3/serie/0/punti/34/0,"""2026-08-11""",DefiLlama; growthepie; CoinGecko; Binance; Coin Metrics,"""2026-10-05""",CC BY 4.0,https://creativecommons.org/licenses/by/4.0/,Luca Valente,"CC BY 4.0 applies to the original compilation and editorial work by Luca Valente. Underlying third-party data retain their source terms, including Coin Metrics CC BY-NC 4.0 where indicated; this export does not replace those terms."
data_health,2026-10-05,/blocchi/3/serie/0/punti/34/1,0,DefiLlama; growthepie; CoinGecko; Binance; Coin Metrics,"""2026-10-05""",CC BY 4.0,https://creativecommons.org/licenses/by/4.0/,Luca Valente,"CC BY 4.0 applies to the original compilation and editorial work by Luca Valente. Underlying third-party data retain their source terms, including Coin Metrics CC BY-NC 4.0 where indicated; this export does not replace those terms."
data_health,2026-10-05,/blocchi/3/serie/0/punti/35/0,"""2026-08-12""",DefiLlama; growthepie; CoinGecko; Binance; Coin Metrics,"""2026-10-05""",CC BY 4.0,https://creativecommons.org/licenses/by/4.0/,Luca Valente,"CC BY 4.0 applies to the original compilation and editorial work by Luca Valente. Underlying third-party data retain their source terms, including Coin Metrics CC BY-NC 4.0 where indicated; this export does not replace those terms."
data_health,2026-10-05,/blocchi/3/serie/0/punti/35/1,0,DefiLlama; growthepie; CoinGecko; Binance; Coin Metrics,"""2026-10-05""",CC BY 4.0,https://creativecommons.org/licenses/by/4.0/,Luca Valente,"CC BY 4.0 applies to the original compilation and editorial work by Luca Valente. Underlying third-party data retain their source terms, including Coin Metrics CC BY-NC 4.0 where indicated; this export does not replace those terms."
data_health,2026-10-05,/blocchi/3/serie/0/punti/36/0,"""2026-08-13""",DefiLlama; growthepie; CoinGecko; Binance; Coin Metrics,"""2026-10-05""",CC BY 4.0,https://creativecommons.org/licenses/by/4.0/,Luca Valente,"CC BY 4.0 applies to the original compilation and editorial work by Luca Valente. Underlying third-party data retain their source terms, including Coin Metrics CC BY-NC 4.0 where indicated; this export does not replace those terms."
data_health,2026-10-05,/blocchi/3/serie/0/punti/36/1,0,DefiLlama; growthepie; CoinGecko; Binance; Coin Metrics,"""2026-10-05""",CC BY 4.0,https://creativecommons.org/licenses/by/4.0/,Luca Valente,"CC BY 4.0 applies to the original compilation and editorial work by Luca Valente. Underlying third-party data retain their source terms, including Coin Metrics CC BY-NC 4.0 where indicated; this export does not replace those terms."
data_health,2026-10-05,/blocchi/3/serie/0/punti/37/0,"""2026-08-14""",DefiLlama; growthepie; CoinGecko; Binance; Coin Metrics,"""2026-10-05""",CC BY 4.0,https://creativecommons.org/licenses/by/4.0/,Luca Valente,"CC BY 4.0 applies to the original compilation and editorial work by Luca Valente. Underlying third-party data retain their source terms, including Coin Metrics CC BY-NC 4.0 where indicated; this export does not replace those terms."
data_health,2026-10-05,/blocchi/3/serie/0/punti/37/1,0,DefiLlama; growthepie; CoinGecko; Binance; Coin Metrics,"""2026-10-05""",CC BY 4.0,https://creativecommons.org/licenses/by/4.0/,Luca Valente,"CC BY 4.0 applies to the original compilation and editorial work by Luca Valente. Underlying third-party data retain their source terms, including Coin Metrics CC BY-NC 4.0 where indicated; this export does not replace those terms."
data_health,2026-10-05,/blocchi/3/serie/0/punti/38/0,"""2026-08-15""",DefiLlama; growthepie; CoinGecko; Binance; Coin Metrics,"""2026-10-05""",CC BY 4.0,https://creativecommons.org/licenses/by/4.0/,Luca Valente,"CC BY 4.0 applies to the original compilation and editorial work by Luca Valente. Underlying third-party data retain their source terms, including Coin Metrics CC BY-NC 4.0 where indicated; this export does not replace those terms."
data_health,2026-10-05,/blocchi/3/serie/0/punti/38/1,0,DefiLlama; growthepie; CoinGecko; Binance; Coin Metrics,"""2026-10-05""",CC BY 4.0,https://creativecommons.org/licenses/by/4.0/,Luca Valente,"CC BY 4.0 applies to the original compilation and editorial work by Luca Valente. Underlying third-party data retain their source terms, including Coin Metrics CC BY-NC 4.0 where indicated; this export does not replace those terms."
data_health,2026-10-05,/blocchi/3/serie/0/punti/39/0,"""2026-08-16""",DefiLlama; growthepie; CoinGecko; Binance; Coin Metrics,"""2026-10-05""",CC BY 4.0,https://creativecommons.org/licenses/by/4.0/,Luca Valente,"CC BY 4.0 applies to the original compilation and editorial work by Luca Valente. Underlying third-party data retain their source terms, including Coin Metrics CC BY-NC 4.0 where indicated; this export does not replace those terms."
data_health,2026-10-05,/blocchi/3/serie/0/punti/39/1,0,DefiLlama; growthepie; CoinGecko; Binance; Coin Metrics,"""2026-10-05""",CC BY 4.0,https://creativecommons.org/licenses/by/4.0/,Luca Valente,"CC BY 4.0 applies to the original compilation and editorial work by Luca Valente. Underlying third-party data retain their source terms, including Coin Metrics CC BY-NC 4.0 where indicated; this export does not replace those terms."
data_health,2026-10-05,/blocchi/3/serie/0/punti/40/0,"""2026-08-17""",DefiLlama; growthepie; CoinGecko; Binance; Coin Metrics,"""2026-10-05""",CC BY 4.0,https://creativecommons.org/licenses/by/4.0/,Luca Valente,"CC BY 4.0 applies to the original compilation and editorial work by Luca Valente. Underlying third-party data retain their source terms, including Coin Metrics CC BY-NC 4.0 where indicated; this export does not replace those terms."
data_health,2026-10-05,/blocchi/3/serie/0/punti/40/1,0,DefiLlama; growthepie; CoinGecko; Binance; Coin Metrics,"""2026-10-05""",CC BY 4.0,https://creativecommons.org/licenses/by/4.0/,Luca Valente,"CC BY 4.0 applies to the original compilation and editorial work by Luca Valente. Underlying third-party data retain their source terms, including Coin Metrics CC BY-NC 4.0 where indicated; this export does not replace those terms."
data_health,2026-10-05,/blocchi/3/serie/0/punti/41/0,"""2026-08-18""",DefiLlama; growthepie; CoinGecko; Binance; Coin Metrics,"""2026-10-05""",CC BY 4.0,https://creativecommons.org/licenses/by/4.0/,Luca Valente,"CC BY 4.0 applies to the original compilation and editorial work by Luca Valente. Underlying third-party data retain their source terms, including Coin Metrics CC BY-NC 4.0 where indicated; this export does not replace those terms."
data_health,2026-10-05,/blocchi/3/serie/0/punti/41/1,0,DefiLlama; growthepie; CoinGecko; Binance; Coin Metrics,"""2026-10-05""",CC BY 4.0,https://creativecommons.org/licenses/by/4.0/,Luca Valente,"CC BY 4.0 applies to the original compilation and editorial work by Luca Valente. Underlying third-party data retain their source terms, including Coin Metrics CC BY-NC 4.0 where indicated; this export does not replace those terms."
data_health,2026-10-05,/blocchi/3/serie/0/punti/42/0,"""2026-08-19""",DefiLlama; growthepie; CoinGecko; Binance; Coin Metrics,"""2026-10-05""",CC BY 4.0,https://creativecommons.org/licenses/by/4.0/,Luca Valente,"CC BY 4.0 applies to the original compilation and editorial work by Luca Valente. Underlying third-party data retain their source terms, including Coin Metrics CC BY-NC 4.0 where indicated; this export does not replace those terms."
data_health,2026-10-05,/blocchi/3/serie/0/punti/42/1,0,DefiLlama; growthepie; CoinGecko; Binance; Coin Metrics,"""2026-10-05""",CC BY 4.0,https://creativecommons.org/licenses/by/4.0/,Luca Valente,"CC BY 4.0 applies to the original compilation and editorial work by Luca Valente. Underlying third-party data retain their source terms, including Coin Metrics CC BY-NC 4.0 where indicated; this export does not replace those terms."
data_health,2026-10-05,/blocchi/3/serie/0/punti/43/0,"""2026-08-20""",DefiLlama; growthepie; CoinGecko; Binance; Coin Metrics,"""2026-10-05""",CC BY 4.0,https://creativecommons.org/licenses/by/4.0/,Luca Valente,"CC BY 4.0 applies to the original compilation and editorial work by Luca Valente. Underlying third-party data retain their source terms, including Coin Metrics CC BY-NC 4.0 where indicated; this export does not replace those terms."
data_health,2026-10-05,/blocchi/3/serie/0/punti/43/1,0,DefiLlama; growthepie; CoinGecko; Binance; Coin Metrics,"""2026-10-05""",CC BY 4.0,https://creativecommons.org/licenses/by/4.0/,Luca Valente,"CC BY 4.0 applies to the original compilation and editorial work by Luca Valente. Underlying third-party data retain their source terms, including Coin Metrics CC BY-NC 4.0 where indicated; this export does not replace those terms."
data_health,2026-10-05,/blocchi/3/serie/0/punti/44/0,"""2026-08-21""",DefiLlama; growthepie; CoinGecko; Binance; Coin Metrics,"""2026-10-05""",CC BY 4.0,https://creativecommons.org/licenses/by/4.0/,Luca Valente,"CC BY 4.0 applies to the original compilation and editorial work by Luca Valente. Underlying third-party data retain their source terms, including Coin Metrics CC BY-NC 4.0 where indicated; this export does not replace those terms."
data_health,2026-10-05,/blocchi/3/serie/0/punti/44/1,0,DefiLlama; growthepie; CoinGecko; Binance; Coin Metrics,"""2026-10-05""",CC BY 4.0,https://creativecommons.org/licenses/by/4.0/,Luca Valente,"CC BY 4.0 applies to the original compilation and editorial work by Luca Valente. Underlying third-party data retain their source terms, including Coin Metrics CC BY-NC 4.0 where indicated; this export does not replace those terms."
data_health,2026-10-05,/blocchi/3/serie/0/punti/45/0,"""2026-08-22""",DefiLlama; growthepie; CoinGecko; Binance; Coin Metrics,"""2026-10-05""",CC BY 4.0,https://creativecommons.org/licenses/by/4.0/,Luca Valente,"CC BY 4.0 applies to the original compilation and editorial work by Luca Valente. Underlying third-party data retain their source terms, including Coin Metrics CC BY-NC 4.0 where indicated; this export does not replace those terms."
data_health,2026-10-05,/blocchi/3/serie/0/punti/45/1,0,DefiLlama; growthepie; CoinGecko; Binance; Coin Metrics,"""2026-10-05""",CC BY 4.0,https://creativecommons.org/licenses/by/4.0/,Luca Valente,"CC BY 4.0 applies to the original compilation and editorial work by Luca Valente. Underlying third-party data retain their source terms, including Coin Metrics CC BY-NC 4.0 where indicated; this export does not replace those terms."
data_health,2026-10-05,/blocchi/3/serie/0/punti/46/0,"""2026-08-23""",DefiLlama; growthepie; CoinGecko; Binance; Coin Metrics,"""2026-10-05""",CC BY 4.0,https://creativecommons.org/licenses/by/4.0/,Luca Valente,"CC BY 4.0 applies to the original compilation and editorial work by Luca Valente. Underlying third-party data retain their source terms, including Coin Metrics CC BY-NC 4.0 where indicated; this export does not replace those terms."
data_health,2026-10-05,/blocchi/3/serie/0/punti/46/1,0,DefiLlama; growthepie; CoinGecko; Binance; Coin Metrics,"""2026-10-05""",CC BY 4.0,https://creativecommons.org/licenses/by/4.0/,Luca Valente,"CC BY 4.0 applies to the original compilation and editorial work by Luca Valente. Underlying third-party data retain their source terms, including Coin Metrics CC BY-NC 4.0 where indicated; this export does not replace those terms."
data_health,2026-10-05,/blocchi/3/serie/0/punti/47/0,"""2026-08-24""",DefiLlama; growthepie; CoinGecko; Binance; Coin Metrics,"""2026-10-05""",CC BY 4.0,https://creativecommons.org/licenses/by/4.0/,Luca Valente,"CC BY 4.0 applies to the original compilation and editorial work by Luca Valente. Underlying third-party data retain their source terms, including Coin Metrics CC BY-NC 4.0 where indicated; this export does not replace those terms."
data_health,2026-10-05,/blocchi/3/serie/0/punti/47/1,0,DefiLlama; growthepie; CoinGecko; Binance; Coin Metrics,"""2026-10-05""",CC BY 4.0,https://creativecommons.org/licenses/by/4.0/,Luca Valente,"CC BY 4.0 applies to the original compilation and editorial work by Luca Valente. Underlying third-party data retain their source terms, including Coin Metrics CC BY-NC 4.0 where indicated; this export does not replace those terms."
data_health,2026-10-05,/blocchi/3/serie/0/punti/48/0,"""2026-08-25""",DefiLlama; growthepie; CoinGecko; Binance; Coin Metrics,"""2026-10-05""",CC BY 4.0,https://creativecommons.org/licenses/by/4.0/,Luca Valente,"CC BY 4.0 applies to the original compilation and editorial work by Luca Valente. Underlying third-party data retain their source terms, including Coin Metrics CC BY-NC 4.0 where indicated; this export does not replace those terms."
data_health,2026-10-05,/blocchi/3/serie/0/punti/48/1,0,DefiLlama; growthepie; CoinGecko; Binance; Coin Metrics,"""2026-10-05""",CC BY 4.0,https://creativecommons.org/licenses/by/4.0/,Luca Valente,"CC BY 4.0 applies to the original compilation and editorial work by Luca Valente. Underlying third-party data retain their source terms, including Coin Metrics CC BY-NC 4.0 where indicated; this export does not replace those terms."
data_health,2026-10-05,/blocchi/3/serie/0/punti/49/0,"""2026-08-26""",DefiLlama; growthepie; CoinGecko; Binance; Coin Metrics,"""2026-10-05""",CC BY 4.0,https://creativecommons.org/licenses/by/4.0/,Luca Valente,"CC BY 4.0 applies to the original compilation and editorial work by Luca Valente. Underlying third-party data retain their source terms, including Coin Metrics CC BY-NC 4.0 where indicated; this export does not replace those terms."
data_health,2026-10-05,/blocchi/3/serie/0/punti/49/1,0,DefiLlama; growthepie; CoinGecko; Binance; Coin Metrics,"""2026-10-05""",CC BY 4.0,https://creativecommons.org/licenses/by/4.0/,Luca Valente,"CC BY 4.0 applies to the original compilation and editorial work by Luca Valente. Underlying third-party data retain their source terms, including Coin Metrics CC BY-NC 4.0 where indicated; this export does not replace those terms."
data_health,2026-10-05,/blocchi/3/serie/0/punti/50/0,"""2026-08-27""",DefiLlama; growthepie; CoinGecko; Binance; Coin Metrics,"""2026-10-05""",CC BY 4.0,https://creativecommons.org/licenses/by/4.0/,Luca Valente,"CC BY 4.0 applies to the original compilation and editorial work by Luca Valente. Underlying third-party data retain their source terms, including Coin Metrics CC BY-NC 4.0 where indicated; this export does not replace those terms."
data_health,2026-10-05,/blocchi/3/serie/0/punti/50/1,0,DefiLlama; growthepie; CoinGecko; Binance; Coin Metrics,"""2026-10-05""",CC BY 4.0,https://creativecommons.org/licenses/by/4.0/,Luca Valente,"CC BY 4.0 applies to the original compilation and editorial work by Luca Valente. Underlying third-party data retain their source terms, including Coin Metrics CC BY-NC 4.0 where indicated; this export does not replace those terms."
data_health,2026-10-05,/blocchi/3/serie/0/punti/51/0,"""2026-08-28""",DefiLlama; growthepie; CoinGecko; Binance; Coin Metrics,"""2026-10-05""",CC BY 4.0,https://creativecommons.org/licenses/by/4.0/,Luca Valente,"CC BY 4.0 applies to the original compilation and editorial work by Luca Valente. Underlying third-party data retain their source terms, including Coin Metrics CC BY-NC 4.0 where indicated; this export does not replace those terms."
data_health,2026-10-05,/blocchi/3/serie/0/punti/51/1,0,DefiLlama; growthepie; CoinGecko; Binance; Coin Metrics,"""2026-10-05""",CC BY 4.0,https://creativecommons.org/licenses/by/4.0/,Luca Valente,"CC BY 4.0 applies to the original compilation and editorial work by Luca Valente. Underlying third-party data retain their source terms, including Coin Metrics CC BY-NC 4.0 where indicated; this export does not replace those terms."
data_health,2026-10-05,/blocchi/3/serie/0/punti/52/0,"""2026-08-29""",DefiLlama; growthepie; CoinGecko; Binance; Coin Metrics,"""2026-10-05""",CC BY 4.0,https://creativecommons.org/licenses/by/4.0/,Luca Valente,"CC BY 4.0 applies to the original compilation and editorial work by Luca Valente. Underlying third-party data retain their source terms, including Coin Metrics CC BY-NC 4.0 where indicated; this export does not replace those terms."
data_health,2026-10-05,/blocchi/3/serie/0/punti/52/1,0,DefiLlama; growthepie; CoinGecko; Binance; Coin Metrics,"""2026-10-05""",CC BY 4.0,https://creativecommons.org/licenses/by/4.0/,Luca Valente,"CC BY 4.0 applies to the original compilation and editorial work by Luca Valente. Underlying third-party data retain their source terms, including Coin Metrics CC BY-NC 4.0 where indicated; this export does not replace those terms."
data_health,2026-10-05,/blocchi/3/serie/0/punti/53/0,"""2026-08-30""",DefiLlama; growthepie; CoinGecko; Binance; Coin Metrics,"""2026-10-05""",CC BY 4.0,https://creativecommons.org/licenses/by/4.0/,Luca Valente,"CC BY 4.0 applies to the original compilation and editorial work by Luca Valente. Underlying third-party data retain their source terms, including Coin Metrics CC BY-NC 4.0 where indicated; this export does not replace those terms."
data_health,2026-10-05,/blocchi/3/serie/0/punti/53/1,0,DefiLlama; growthepie; CoinGecko; Binance; Coin Metrics,"""2026-10-05""",CC BY 4.0,https://creativecommons.org/licenses/by/4.0/,Luca Valente,"CC BY 4.0 applies to the original compilation and editorial work by Luca Valente. Underlying third-party data retain their source terms, including Coin Metrics CC BY-NC 4.0 where indicated; this export does not replace those terms."
data_health,2026-10-05,/blocchi/3/serie/0/punti/54/0,"""2026-08-31""",DefiLlama; growthepie; CoinGecko; Binance; Coin Metrics,"""2026-10-05""",CC BY 4.0,https://creativecommons.org/licenses/by/4.0/,Luca Valente,"CC BY 4.0 applies to the original compilation and editorial work by Luca Valente. Underlying third-party data retain their source terms, including Coin Metrics CC BY-NC 4.0 where indicated; this export does not replace those terms."
data_health,2026-10-05,/blocchi/3/serie/0/punti/54/1,0,DefiLlama; growthepie; CoinGecko; Binance; Coin Metrics,"""2026-10-05""",CC BY 4.0,https://creativecommons.org/licenses/by/4.0/,Luca Valente,"CC BY 4.0 applies to the original compilation and editorial work by Luca Valente. Underlying third-party data retain their source terms, including Coin Metrics CC BY-NC 4.0 where indicated; this export does not replace those terms."
data_health,2026-10-05,/blocchi/3/serie/0/punti/55/0,"""2026-09-01""",DefiLlama; growthepie; CoinGecko; Binance; Coin Metrics,"""2026-10-05""",CC BY 4.0,https://creativecommons.org/licenses/by/4.0/,Luca Valente,"CC BY 4.0 applies to the original compilation and editorial work by Luca Valente. Underlying third-party data retain their source terms, including Coin Metrics CC BY-NC 4.0 where indicated; this export does not replace those terms."
data_health,2026-10-05,/blocchi/3/serie/0/punti/55/1,0,DefiLlama; growthepie; CoinGecko; Binance; Coin Metrics,"""2026-10-05""",CC BY 4.0,https://creativecommons.org/licenses/by/4.0/,Luca Valente,"CC BY 4.0 applies to the original compilation and editorial work by Luca Valente. Underlying third-party data retain their source terms, including Coin Metrics CC BY-NC 4.0 where indicated; this export does not replace those terms."
data_health,2026-10-05,/blocchi/3/serie/0/punti/56/0,"""2026-09-02""",DefiLlama; growthepie; CoinGecko; Binance; Coin Metrics,"""2026-10-05""",CC BY 4.0,https://creativecommons.org/licenses/by/4.0/,Luca Valente,"CC BY 4.0 applies to the original compilation and editorial work by Luca Valente. Underlying third-party data retain their source terms, including Coin Metrics CC BY-NC 4.0 where indicated; this export does not replace those terms."
data_health,2026-10-05,/blocchi/3/serie/0/punti/56/1,0,DefiLlama; growthepie; CoinGecko; Binance; Coin Metrics,"""2026-10-05""",CC BY 4.0,https://creativecommons.org/licenses/by/4.0/,Luca Valente,"CC BY 4.0 applies to the original compilation and editorial work by Luca Valente. Underlying third-party data retain their source terms, including Coin Metrics CC BY-NC 4.0 where indicated; this export does not replace those terms."
data_health,2026-10-05,/blocchi/3/serie/0/punti/57/0,"""2026-09-03""",DefiLlama; growthepie; CoinGecko; Binance; Coin Metrics,"""2026-10-05""",CC BY 4.0,https://creativecommons.org/licenses/by/4.0/,Luca Valente,"CC BY 4.0 applies to the original compilation and editorial work by Luca Valente. Underlying third-party data retain their source terms, including Coin Metrics CC BY-NC 4.0 where indicated; this export does not replace those terms."
data_health,2026-10-05,/blocchi/3/serie/0/punti/57/1,0,DefiLlama; growthepie; CoinGecko; Binance; Coin Metrics,"""2026-10-05""",CC BY 4.0,https://creativecommons.org/licenses/by/4.0/,Luca Valente,"CC BY 4.0 applies to the original compilation and editorial work by Luca Valente. Underlying third-party data retain their source terms, including Coin Metrics CC BY-NC 4.0 where indicated; this export does not replace those terms."
data_health,2026-10-05,/blocchi/3/serie/0/punti/58/0,"""2026-09-04""",DefiLlama; growthepie; CoinGecko; Binance; Coin Metrics,"""2026-10-05""",CC BY 4.0,https://creativecommons.org/licenses/by/4.0/,Luca Valente,"CC BY 4.0 applies to the original compilation and editorial work by Luca Valente. Underlying third-party data retain their source terms, including Coin Metrics CC BY-NC 4.0 where indicated; this export does not replace those terms."
data_health,2026-10-05,/blocchi/3/serie/0/punti/58/1,0,DefiLlama; growthepie; CoinGecko; Binance; Coin Metrics,"""2026-10-05""",CC BY 4.0,https://creativecommons.org/licenses/by/4.0/,Luca Valente,"CC BY 4.0 applies to the original compilation and editorial work by Luca Valente. Underlying third-party data retain their source terms, including Coin Metrics CC BY-NC 4.0 where indicated; this export does not replace those terms."
data_health,2026-10-05,/blocchi/3/serie/0/punti/59/0,"""2026-09-05""",DefiLlama; growthepie; CoinGecko; Binance; Coin Metrics,"""2026-10-05""",CC BY 4.0,https://creativecommons.org/licenses/by/4.0/,Luca Valente,"CC BY 4.0 applies to the original compilation and editorial work by Luca Valente. Underlying third-party data retain their source terms, including Coin Metrics CC BY-NC 4.0 where indicated; this export does not replace those terms."
data_health,2026-10-05,/blocchi/3/serie/0/punti/59/1,0,DefiLlama; growthepie; CoinGecko; Binance; Coin Metrics,"""2026-10-05""",CC BY 4.0,https://creativecommons.org/licenses/by/4.0/,Luca Valente,"CC BY 4.0 applies to the original compilation and editorial work by Luca Valente. Underlying third-party data retain their source terms, including Coin Metrics CC BY-NC 4.0 where indicated; this export does not replace those terms."
data_health,2026-10-05,/blocchi/3/serie/0/punti/60/0,"""2026-09-06""",DefiLlama; growthepie; CoinGecko; Binance; Coin Metrics,"""2026-10-05""",CC BY 4.0,https://creativecommons.org/licenses/by/4.0/,Luca Valente,"CC BY 4.0 applies to the original compilation and editorial work by Luca Valente. Underlying third-party data retain their source terms, including Coin Metrics CC BY-NC 4.0 where indicated; this export does not replace those terms."
data_health,2026-10-05,/blocchi/3/serie/0/punti/60/1,0,DefiLlama; growthepie; CoinGecko; Binance; Coin Metrics,"""2026-10-05""",CC BY 4.0,https://creativecommons.org/licenses/by/4.0/,Luca Valente,"CC BY 4.0 applies to the original compilation and editorial work by Luca Valente. Underlying third-party data retain their source terms, including Coin Metrics CC BY-NC 4.0 where indicated; this export does not replace those terms."
data_health,2026-10-05,/blocchi/3/serie/0/punti/61/0,"""2026-09-07""",DefiLlama; growthepie; CoinGecko; Binance; Coin Metrics,"""2026-10-05""",CC BY 4.0,https://creativecommons.org/licenses/by/4.0/,Luca Valente,"CC BY 4.0 applies to the original compilation and editorial work by Luca Valente. Underlying third-party data retain their source terms, including Coin Metrics CC BY-NC 4.0 where indicated; this export does not replace those terms."
data_health,2026-10-05,/blocchi/3/serie/0/punti/61/1,0,DefiLlama; growthepie; CoinGecko; Binance; Coin Metrics,"""2026-10-05""",CC BY 4.0,https://creativecommons.org/licenses/by/4.0/,Luca Valente,"CC BY 4.0 applies to the original compilation and editorial work by Luca Valente. Underlying third-party data retain their source terms, including Coin Metrics CC BY-NC 4.0 where indicated; this export does not replace those terms."
data_health,2026-10-05,/blocchi/3/serie/0/punti/62/0,"""2026-09-08""",DefiLlama; growthepie; CoinGecko; Binance; Coin Metrics,"""2026-10-05""",CC BY 4.0,https://creativecommons.org/licenses/by/4.0/,Luca Valente,"CC BY 4.0 applies to the original compilation and editorial work by Luca Valente. Underlying third-party data retain their source terms, including Coin Metrics CC BY-NC 4.0 where indicated; this export does not replace those terms."
data_health,2026-10-05,/blocchi/3/serie/0/punti/62/1,0,DefiLlama; growthepie; CoinGecko; Binance; Coin Metrics,"""2026-10-05""",CC BY 4.0,https://creativecommons.org/licenses/by/4.0/,Luca Valente,"CC BY 4.0 applies to the original compilation and editorial work by Luca Valente. Underlying third-party data retain their source terms, including Coin Metrics CC BY-NC 4.0 where indicated; this export does not replace those terms."
data_health,2026-10-05,/blocchi/3/serie/0/punti/63/0,"""2026-09-09""",DefiLlama; growthepie; CoinGecko; Binance; Coin Metrics,"""2026-10-05""",CC BY 4.0,https://creativecommons.org/licenses/by/4.0/,Luca Valente,"CC BY 4.0 applies to the original compilation and editorial work by Luca Valente. Underlying third-party data retain their source terms, including Coin Metrics CC BY-NC 4.0 where indicated; this export does not replace those terms."
data_health,2026-10-05,/blocchi/3/serie/0/punti/63/1,0,DefiLlama; growthepie; CoinGecko; Binance; Coin Metrics,"""2026-10-05""",CC BY 4.0,https://creativecommons.org/licenses/by/4.0/,Luca Valente,"CC BY 4.0 applies to the original compilation and editorial work by Luca Valente. Underlying third-party data retain their source terms, including Coin Metrics CC BY-NC 4.0 where indicated; this export does not replace those terms."
data_health,2026-10-05,/blocchi/3/serie/0/punti/64/0,"""2026-09-10""",DefiLlama; growthepie; CoinGecko; Binance; Coin Metrics,"""2026-10-05""",CC BY 4.0,https://creativecommons.org/licenses/by/4.0/,Luca Valente,"CC BY 4.0 applies to the original compilation and editorial work by Luca Valente. Underlying third-party data retain their source terms, including Coin Metrics CC BY-NC 4.0 where indicated; this export does not replace those terms."
data_health,2026-10-05,/blocchi/3/serie/0/punti/64/1,108,DefiLlama; growthepie; CoinGecko; Binance; Coin Metrics,"""2026-10-05""",CC BY 4.0,https://creativecommons.org/licenses/by/4.0/,Luca Valente,"CC BY 4.0 applies to the original compilation and editorial work by Luca Valente. Underlying third-party data retain their source terms, including Coin Metrics CC BY-NC 4.0 where indicated; this export does not replace those terms."
data_health,2026-10-05,/blocchi/3/serie/0/punti/65/0,"""2026-09-11""",DefiLlama; growthepie; CoinGecko; Binance; Coin Metrics,"""2026-10-05""",CC BY 4.0,https://creativecommons.org/licenses/by/4.0/,Luca Valente,"CC BY 4.0 applies to the original compilation and editorial work by Luca Valente. Underlying third-party data retain their source terms, including Coin Metrics CC BY-NC 4.0 where indicated; this export does not replace those terms."
data_health,2026-10-05,/blocchi/3/serie/0/punti/65/1,0,DefiLlama; growthepie; CoinGecko; Binance; Coin Metrics,"""2026-10-05""",CC BY 4.0,https://creativecommons.org/licenses/by/4.0/,Luca Valente,"CC BY 4.0 applies to the original compilation and editorial work by Luca Valente. Underlying third-party data retain their source terms, including Coin Metrics CC BY-NC 4.0 where indicated; this export does not replace those terms."
data_health,2026-10-05,/blocchi/3/serie/0/punti/66/0,"""2026-09-12""",DefiLlama; growthepie; CoinGecko; Binance; Coin Metrics,"""2026-10-05""",CC BY 4.0,https://creativecommons.org/licenses/by/4.0/,Luca Valente,"CC BY 4.0 applies to the original compilation and editorial work by Luca Valente. Underlying third-party data retain their source terms, including Coin Metrics CC BY-NC 4.0 where indicated; this export does not replace those terms."
data_health,2026-10-05,/blocchi/3/serie/0/punti/66/1,34,DefiLlama; growthepie; CoinGecko; Binance; Coin Metrics,"""2026-10-05""",CC BY 4.0,https://creativecommons.org/licenses/by/4.0/,Luca Valente,"CC BY 4.0 applies to the original compilation and editorial work by Luca Valente. Underlying third-party data retain their source terms, including Coin Metrics CC BY-NC 4.0 where indicated; this export does not replace those terms."
data_health,2026-10-05,/blocchi/3/serie/0/punti/67/0,"""2026-09-13""",DefiLlama; growthepie; CoinGecko; Binance; Coin Metrics,"""2026-10-05""",CC BY 4.0,https://creativecommons.org/licenses/by/4.0/,Luca Valente,"CC BY 4.0 applies to the original compilation and editorial work by Luca Valente. Underlying third-party data retain their source terms, including Coin Metrics CC BY-NC 4.0 where indicated; this export does not replace those terms."
data_health,2026-10-05,/blocchi/3/serie/0/punti/67/1,0,DefiLlama; growthepie; CoinGecko; Binance; Coin Metrics,"""2026-10-05""",CC BY 4.0,https://creativecommons.org/licenses/by/4.0/,Luca Valente,"CC BY 4.0 applies to the original compilation and editorial work by Luca Valente. Underlying third-party data retain their source terms, including Coin Metrics CC BY-NC 4.0 where indicated; this export does not replace those terms."
data_health,2026-10-05,/blocchi/3/serie/0/punti/68/0,"""2026-09-14""",DefiLlama; growthepie; CoinGecko; Binance; Coin Metrics,"""2026-10-05""",CC BY 4.0,https://creativecommons.org/licenses/by/4.0/,Luca Valente,"CC BY 4.0 applies to the original compilation and editorial work by Luca Valente. Underlying third-party data retain their source terms, including Coin Metrics CC BY-NC 4.0 where indicated; this export does not replace those terms."
data_health,2026-10-05,/blocchi/3/serie/0/punti/68/1,0,DefiLlama; growthepie; CoinGecko; Binance; Coin Metrics,"""2026-10-05""",CC BY 4.0,https://creativecommons.org/licenses/by/4.0/,Luca Valente,"CC BY 4.0 applies to the original compilation and editorial work by Luca Valente. Underlying third-party data retain their source terms, including Coin Metrics CC BY-NC 4.0 where indicated; this export does not replace those terms."
data_health,2026-10-05,/blocchi/3/serie/0/punti/69/0,"""2026-09-15""",DefiLlama; growthepie; CoinGecko; Binance; Coin Metrics,"""2026-10-05""",CC BY 4.0,https://creativecommons.org/licenses/by/4.0/,Luca Valente,"CC BY 4.0 applies to the original compilation and editorial work by Luca Valente. Underlying third-party data retain their source terms, including Coin Metrics CC BY-NC 4.0 where indicated; this export does not replace those terms."
data_health,2026-10-05,/blocchi/3/serie/0/punti/69/1,0,DefiLlama; growthepie; CoinGecko; Binance; Coin Metrics,"""2026-10-05""",CC BY 4.0,https://creativecommons.org/licenses/by/4.0/,Luca Valente,"CC BY 4.0 applies to the original compilation and editorial work by Luca Valente. Underlying third-party data retain their source terms, including Coin Metrics CC BY-NC 4.0 where indicated; this export does not replace those terms."
data_health,2026-10-05,/blocchi/3/serie/0/punti/70/0,"""2026-09-16""",DefiLlama; growthepie; CoinGecko; Binance; Coin Metrics,"""2026-10-05""",CC BY 4.0,https://creativecommons.org/licenses/by/4.0/,Luca Valente,"CC BY 4.0 applies to the original compilation and editorial work by Luca Valente. Underlying third-party data retain their source terms, including Coin Metrics CC BY-NC 4.0 where indicated; this export does not replace those terms."
data_health,2026-10-05,/blocchi/3/serie/0/punti/70/1,13,DefiLlama; growthepie; CoinGecko; Binance; Coin Metrics,"""2026-10-05""",CC BY 4.0,https://creativecommons.org/licenses/by/4.0/,Luca Valente,"CC BY 4.0 applies to the original compilation and editorial work by Luca Valente. Underlying third-party data retain their source terms, including Coin Metrics CC BY-NC 4.0 where indicated; this export does not replace those terms."
data_health,2026-10-05,/blocchi/3/serie/0/punti/71/0,"""2026-09-17""",DefiLlama; growthepie; CoinGecko; Binance; Coin Metrics,"""2026-10-05""",CC BY 4.0,https://creativecommons.org/licenses/by/4.0/,Luca Valente,"CC BY 4.0 applies to the original compilation and editorial work by Luca Valente. Underlying third-party data retain their source terms, including Coin Metrics CC BY-NC 4.0 where indicated; this export does not replace those terms."
data_health,2026-10-05,/blocchi/3/serie/0/punti/71/1,8,DefiLlama; growthepie; CoinGecko; Binance; Coin Metrics,"""2026-10-05""",CC BY 4.0,https://creativecommons.org/licenses/by/4.0/,Luca Valente,"CC BY 4.0 applies to the original compilation and editorial work by Luca Valente. Underlying third-party data retain their source terms, including Coin Metrics CC BY-NC 4.0 where indicated; this export does not replace those terms."
data_health,2026-10-05,/blocchi/3/serie/0/punti/72/0,"""2026-09-18""",DefiLlama; growthepie; CoinGecko; Binance; Coin Metrics,"""2026-10-05""",CC BY 4.0,https://creativecommons.org/licenses/by/4.0/,Luca Valente,"CC BY 4.0 applies to the original compilation and editorial work by Luca Valente. Underlying third-party data retain their source terms, including Coin Metrics CC BY-NC 4.0 where indicated; this export does not replace those terms."
data_health,2026-10-05,/blocchi/3/serie/0/punti/72/1,8,DefiLlama; growthepie; CoinGecko; Binance; Coin Metrics,"""2026-10-05""",CC BY 4.0,https://creativecommons.org/licenses/by/4.0/,Luca Valente,"CC BY 4.0 applies to the original compilation and editorial work by Luca Valente. Underlying third-party data retain their source terms, including Coin Metrics CC BY-NC 4.0 where indicated; this export does not replace those terms."
data_health,2026-10-05,/blocchi/3/serie/0/punti/73/0,"""2026-09-19""",DefiLlama; growthepie; CoinGecko; Binance; Coin Metrics,"""2026-10-05""",CC BY 4.0,https://creativecommons.org/licenses/by/4.0/,Luca Valente,"CC BY 4.0 applies to the original compilation and editorial work by Luca Valente. Underlying third-party data retain their source terms, including Coin Metrics CC BY-NC 4.0 where indicated; this export does not replace those terms."
data_health,2026-10-05,/blocchi/3/serie/0/punti/73/1,10,DefiLlama; growthepie; CoinGecko; Binance; Coin Metrics,"""2026-10-05""",CC BY 4.0,https://creativecommons.org/licenses/by/4.0/,Luca Valente,"CC BY 4.0 applies to the original compilation and editorial work by Luca Valente. Underlying third-party data retain their source terms, including Coin Metrics CC BY-NC 4.0 where indicated; this export does not replace those terms."
data_health,2026-10-05,/blocchi/3/serie/0/punti/74/0,"""2026-09-20""",DefiLlama; growthepie; CoinGecko; Binance; Coin Metrics,"""2026-10-05""",CC BY 4.0,https://creativecommons.org/licenses/by/4.0/,Luca Valente,"CC BY 4.0 applies to the original compilation and editorial work by Luca Valente. Underlying third-party data retain their source terms, including Coin Metrics CC BY-NC 4.0 where indicated; this export does not replace those terms."
data_health,2026-10-05,/blocchi/3/serie/0/punti/74/1,98,DefiLlama; growthepie; CoinGecko; Binance; Coin Metrics,"""2026-10-05""",CC BY 4.0,https://creativecommons.org/licenses/by/4.0/,Luca Valente,"CC BY 4.0 applies to the original compilation and editorial work by Luca Valente. Underlying third-party data retain their source terms, including Coin Metrics CC BY-NC 4.0 where indicated; this export does not replace those terms."
data_health,2026-10-05,/blocchi/3/serie/0/punti/75/0,"""2026-09-21""",DefiLlama; growthepie; CoinGecko; Binance; Coin Metrics,"""2026-10-05""",CC BY 4.0,https://creativecommons.org/licenses/by/4.0/,Luca Valente,"CC BY 4.0 applies to the original compilation and editorial work by Luca Valente. Underlying third-party data retain their source terms, including Coin Metrics CC BY-NC 4.0 where indicated; this export does not replace those terms."
data_health,2026-10-05,/blocchi/3/serie/0/punti/75/1,8,DefiLlama; growthepie; CoinGecko; Binance; Coin Metrics,"""2026-10-05""",CC BY 4.0,https://creativecommons.org/licenses/by/4.0/,Luca Valente,"CC BY 4.0 applies to the original compilation and editorial work by Luca Valente. Underlying third-party data retain their source terms, including Coin Metrics CC BY-NC 4.0 where indicated; this export does not replace those terms."
data_health,2026-10-05,/blocchi/3/serie/0/punti/76/0,"""2026-09-22""",DefiLlama; growthepie; CoinGecko; Binance; Coin Metrics,"""2026-10-05""",CC BY 4.0,https://creativecommons.org/licenses/by/4.0/,Luca Valente,"CC BY 4.0 applies to the original compilation and editorial work by Luca Valente. Underlying third-party data retain their source terms, including Coin Metrics CC BY-NC 4.0 where indicated; this export does not replace those terms."
data_health,2026-10-05,/blocchi/3/serie/0/punti/76/1,207,DefiLlama; growthepie; CoinGecko; Binance; Coin Metrics,"""2026-10-05""",CC BY 4.0,https://creativecommons.org/licenses/by/4.0/,Luca Valente,"CC BY 4.0 applies to the original compilation and editorial work by Luca Valente. Underlying third-party data retain their source terms, including Coin Metrics CC BY-NC 4.0 where indicated; this export does not replace those terms."
data_health,2026-10-05,/blocchi/3/serie/0/punti/77/0,"""2026-09-23""",DefiLlama; growthepie; CoinGecko; Binance; Coin Metrics,"""2026-10-05""",CC BY 4.0,https://creativecommons.org/licenses/by/4.0/,Luca Valente,"CC BY 4.0 applies to the original compilation and editorial work by Luca Valente. Underlying third-party data retain their source terms, including Coin Metrics CC BY-NC 4.0 where indicated; this export does not replace those terms."
data_health,2026-10-05,/blocchi/3/serie/0/punti/77/1,39,DefiLlama; growthepie; CoinGecko; Binance; Coin Metrics,"""2026-10-05""",CC BY 4.0,https://creativecommons.org/licenses/by/4.0/,Luca Valente,"CC BY 4.0 applies to the original compilation and editorial work by Luca Valente. Underlying third-party data retain their source terms, including Coin Metrics CC BY-NC 4.0 where indicated; this export does not replace those terms."
data_health,2026-10-05,/blocchi/3/serie/0/punti/78/0,"""2026-09-24""",DefiLlama; growthepie; CoinGecko; Binance; Coin Metrics,"""2026-10-05""",CC BY 4.0,https://creativecommons.org/licenses/by/4.0/,Luca Valente,"CC BY 4.0 applies to the original compilation and editorial work by Luca Valente. Underlying third-party data retain their source terms, including Coin Metrics CC BY-NC 4.0 where indicated; this export does not replace those terms."
data_health,2026-10-05,/blocchi/3/serie/0/punti/78/1,120,DefiLlama; growthepie; CoinGecko; Binance; Coin Metrics,"""2026-10-05""",CC BY 4.0,https://creativecommons.org/licenses/by/4.0/,Luca Valente,"CC BY 4.0 applies to the original compilation and editorial work by Luca Valente. Underlying third-party data retain their source terms, including Coin Metrics CC BY-NC 4.0 where indicated; this export does not replace those terms."
data_health,2026-10-05,/blocchi/3/serie/0/punti/79/0,"""2026-09-25""",DefiLlama; growthepie; CoinGecko; Binance; Coin Metrics,"""2026-10-05""",CC BY 4.0,https://creativecommons.org/licenses/by/4.0/,Luca Valente,"CC BY 4.0 applies to the original compilation and editorial work by Luca Valente. Underlying third-party data retain their source terms, including Coin Metrics CC BY-NC 4.0 where indicated; this export does not replace those terms."
data_health,2026-10-05,/blocchi/3/serie/0/punti/79/1,77,DefiLlama; growthepie; CoinGecko; Binance; Coin Metrics,"""2026-10-05""",CC BY 4.0,https://creativecommons.org/licenses/by/4.0/,Luca Valente,"CC BY 4.0 applies to the original compilation and editorial work by Luca Valente. Underlying third-party data retain their source terms, including Coin Metrics CC BY-NC 4.0 where indicated; this export does not replace those terms."
data_health,2026-10-05,/blocchi/3/serie/0/punti/80/0,"""2026-09-26""",DefiLlama; growthepie; CoinGecko; Binance; Coin Metrics,"""2026-10-05""",CC BY 4.0,https://creativecommons.org/licenses/by/4.0/,Luca Valente,"CC BY 4.0 applies to the original compilation and editorial work by Luca Valente. Underlying third-party data retain their source terms, including Coin Metrics CC BY-NC 4.0 where indicated; this export does not replace those terms."
data_health,2026-10-05,/blocchi/3/serie/0/punti/80/1,37,DefiLlama; growthepie; CoinGecko; Binance; Coin Metrics,"""2026-10-05""",CC BY 4.0,https://creativecommons.org/licenses/by/4.0/,Luca Valente,"CC BY 4.0 applies to the original compilation and editorial work by Luca Valente. Underlying third-party data retain their source terms, including Coin Metrics CC BY-NC 4.0 where indicated; this export does not replace those terms."
data_health,2026-10-05,/blocchi/3/serie/0/punti/81/0,"""2026-09-27""",DefiLlama; growthepie; CoinGecko; Binance; Coin Metrics,"""2026-10-05""",CC BY 4.0,https://creativecommons.org/licenses/by/4.0/,Luca Valente,"CC BY 4.0 applies to the original compilation and editorial work by Luca Valente. Underlying third-party data retain their source terms, including Coin Metrics CC BY-NC 4.0 where indicated; this export does not replace those terms."
data_health,2026-10-05,/blocchi/3/serie/0/punti/81/1,244,DefiLlama; growthepie; CoinGecko; Binance; Coin Metrics,"""2026-10-05""",CC BY 4.0,https://creativecommons.org/licenses/by/4.0/,Luca Valente,"CC BY 4.0 applies to the original compilation and editorial work by Luca Valente. Underlying third-party data retain their source terms, including Coin Metrics CC BY-NC 4.0 where indicated; this export does not replace those terms."
data_health,2026-10-05,/blocchi/3/serie/0/punti/82/0,"""2026-09-28""",DefiLlama; growthepie; CoinGecko; Binance; Coin Metrics,"""2026-10-05""",CC BY 4.0,https://creativecommons.org/licenses/by/4.0/,Luca Valente,"CC BY 4.0 applies to the original compilation and editorial work by Luca Valente. Underlying third-party data retain their source terms, including Coin Metrics CC BY-NC 4.0 where indicated; this export does not replace those terms."
data_health,2026-10-05,/blocchi/3/serie/0/punti/82/1,193,DefiLlama; growthepie; CoinGecko; Binance; Coin Metrics,"""2026-10-05""",CC BY 4.0,https://creativecommons.org/licenses/by/4.0/,Luca Valente,"CC BY 4.0 applies to the original compilation and editorial work by Luca Valente. Underlying third-party data retain their source terms, including Coin Metrics CC BY-NC 4.0 where indicated; this export does not replace those terms."
data_health,2026-10-05,/blocchi/3/serie/0/punti/83/0,"""2026-09-29""",DefiLlama; growthepie; CoinGecko; Binance; Coin Metrics,"""2026-10-05""",CC BY 4.0,https://creativecommons.org/licenses/by/4.0/,Luca Valente,"CC BY 4.0 applies to the original compilation and editorial work by Luca Valente. Underlying third-party data retain their source terms, including Coin Metrics CC BY-NC 4.0 where indicated; this export does not replace those terms."
data_health,2026-10-05,/blocchi/3/serie/0/punti/83/1,57,DefiLlama; growthepie; CoinGecko; Binance; Coin Metrics,"""2026-10-05""",CC BY 4.0,https://creativecommons.org/licenses/by/4.0/,Luca Valente,"CC BY 4.0 applies to the original compilation and editorial work by Luca Valente. Underlying third-party data retain their source terms, including Coin Metrics CC BY-NC 4.0 where indicated; this export does not replace those terms."
data_health,2026-10-05,/blocchi/3/serie/0/punti/84/0,"""2026-09-30""",DefiLlama; growthepie; CoinGecko; Binance; Coin Metrics,"""2026-10-05""",CC BY 4.0,https://creativecommons.org/licenses/by/4.0/,Luca Valente,"CC BY 4.0 applies to the original compilation and editorial work by Luca Valente. Underlying third-party data retain their source terms, including Coin Metrics CC BY-NC 4.0 where indicated; this export does not replace those terms."
data_health,2026-10-05,/blocchi/3/serie/0/punti/84/1,43,DefiLlama; growthepie; CoinGecko; Binance; Coin Metrics,"""2026-10-05""",CC BY 4.0,https://creativecommons.org/licenses/by/4.0/,Luca Valente,"CC BY 4.0 applies to the original compilation and editorial work by Luca Valente. Underlying third-party data retain their source terms, including Coin Metrics CC BY-NC 4.0 where indicated; this export does not replace those terms."
data_health,2026-10-05,/blocchi/3/serie/0/punti/85/0,"""2026-10-01""",DefiLlama; growthepie; CoinGecko; Binance; Coin Metrics,"""2026-10-05""",CC BY 4.0,https://creativecommons.org/licenses/by/4.0/,Luca Valente,"CC BY 4.0 applies to the original compilation and editorial work by Luca Valente. Underlying third-party data retain their source terms, including Coin Metrics CC BY-NC 4.0 where indicated; this export does not replace those terms."
data_health,2026-10-05,/blocchi/3/serie/0/punti/85/1,438,DefiLlama; growthepie; CoinGecko; Binance; Coin Metrics,"""2026-10-05""",CC BY 4.0,https://creativecommons.org/licenses/by/4.0/,Luca Valente,"CC BY 4.0 applies to the original compilation and editorial work by Luca Valente. Underlying third-party data retain their source terms, including Coin Metrics CC BY-NC 4.0 where indicated; this export does not replace those terms."
data_health,2026-10-05,/blocchi/3/serie/0/punti/86/0,"""2026-10-02""",DefiLlama; growthepie; CoinGecko; Binance; Coin Metrics,"""2026-10-05""",CC BY 4.0,https://creativecommons.org/licenses/by/4.0/,Luca Valente,"CC BY 4.0 applies to the original compilation and editorial work by Luca Valente. Underlying third-party data retain their source terms, including Coin Metrics CC BY-NC 4.0 where indicated; this export does not replace those terms."
data_health,2026-10-05,/blocchi/3/serie/0/punti/86/1,469,DefiLlama; growthepie; CoinGecko; Binance; Coin Metrics,"""2026-10-05""",CC BY 4.0,https://creativecommons.org/licenses/by/4.0/,Luca Valente,"CC BY 4.0 applies to the original compilation and editorial work by Luca Valente. Underlying third-party data retain their source terms, including Coin Metrics CC BY-NC 4.0 where indicated; this export does not replace those terms."
data_health,2026-10-05,/blocchi/3/serie/0/punti/87/0,"""2026-10-03""",DefiLlama; growthepie; CoinGecko; Binance; Coin Metrics,"""2026-10-05""",CC BY 4.0,https://creativecommons.org/licenses/by/4.0/,Luca Valente,"CC BY 4.0 applies to the original compilation and editorial work by Luca Valente. Underlying third-party data retain their source terms, including Coin Metrics CC BY-NC 4.0 where indicated; this export does not replace those terms."
data_health,2026-10-05,/blocchi/3/serie/0/punti/87/1,119,DefiLlama; growthepie; CoinGecko; Binance; Coin Metrics,"""2026-10-05""",CC BY 4.0,https://creativecommons.org/licenses/by/4.0/,Luca Valente,"CC BY 4.0 applies to the original compilation and editorial work by Luca Valente. Underlying third-party data retain their source terms, including Coin Metrics CC BY-NC 4.0 where indicated; this export does not replace those terms."
data_health,2026-10-05,/blocchi/3/serie/0/punti/88/0,"""2026-10-04""",DefiLlama; growthepie; CoinGecko; Binance; Coin Metrics,"""2026-10-05""",CC BY 4.0,https://creativecommons.org/licenses/by/4.0/,Luca Valente,"CC BY 4.0 applies to the original compilation and editorial work by Luca Valente. Underlying third-party data retain their source terms, including Coin Metrics CC BY-NC 4.0 where indicated; this export does not replace those terms."
data_health,2026-10-05,/blocchi/3/serie/0/punti/88/1,101,DefiLlama; growthepie; CoinGecko; Binance; Coin Metrics,"""2026-10-05""",CC BY 4.0,https://creativecommons.org/licenses/by/4.0/,Luca Valente,"CC BY 4.0 applies to the original compilation and editorial work by Luca Valente. Underlying third-party data retain their source terms, including Coin Metrics CC BY-NC 4.0 where indicated; this export does not replace those terms."
data_health,2026-10-05,/blocchi/3/serie/0/punti/89/0,"""2026-10-05""",DefiLlama; growthepie; CoinGecko; Binance; Coin Metrics,"""2026-10-05""",CC BY 4.0,https://creativecommons.org/licenses/by/4.0/,Luca Valente,"CC BY 4.0 applies to the original compilation and editorial work by Luca Valente. Underlying third-party data retain their source terms, including Coin Metrics CC BY-NC 4.0 where indicated; this export does not replace those terms."
data_health,2026-10-05,/blocchi/3/serie/0/punti/89/1,249,DefiLlama; growthepie; CoinGecko; Binance; Coin Metrics,"""2026-10-05""",CC BY 4.0,https://creativecommons.org/licenses/by/4.0/,Luca Valente,"CC BY 4.0 applies to the original compilation and editorial work by Luca Valente. Underlying third-party data retain their source terms, including Coin Metrics CC BY-NC 4.0 where indicated; this export does not replace those terms."
data_health,2026-10-05,/blocchi/3/serie/1/etichetta,"""Isolated spikes and drops per day""",DefiLlama; growthepie; CoinGecko; Binance; Coin Metrics,"""2026-10-05""",CC BY 4.0,https://creativecommons.org/licenses/by/4.0/,Luca Valente,"CC BY 4.0 applies to the original compilation and editorial work by Luca Valente. Underlying third-party data retain their source terms, including Coin Metrics CC BY-NC 4.0 where indicated; this export does not replace those terms."
data_health,2026-10-05,/blocchi/3/serie/1/unita,"""unita""",DefiLlama; growthepie; CoinGecko; Binance; Coin Metrics,"""2026-10-05""",CC BY 4.0,https://creativecommons.org/licenses/by/4.0/,Luca Valente,"CC BY 4.0 applies to the original compilation and editorial work by Luca Valente. Underlying third-party data retain their source terms, including Coin Metrics CC BY-NC 4.0 where indicated; this export does not replace those terms."
data_health,2026-10-05,/blocchi/3/serie/1/punti/0/0,"""2026-07-08""",DefiLlama; growthepie; CoinGecko; Binance; Coin Metrics,"""2026-10-05""",CC BY 4.0,https://creativecommons.org/licenses/by/4.0/,Luca Valente,"CC BY 4.0 applies to the original compilation and editorial work by Luca Valente. Underlying third-party data retain their source terms, including Coin Metrics CC BY-NC 4.0 where indicated; this export does not replace those terms."
data_health,2026-10-05,/blocchi/3/serie/1/punti/0/1,27,DefiLlama; growthepie; CoinGecko; Binance; Coin Metrics,"""2026-10-05""",CC BY 4.0,https://creativecommons.org/licenses/by/4.0/,Luca Valente,"CC BY 4.0 applies to the original compilation and editorial work by Luca Valente. Underlying third-party data retain their source terms, including Coin Metrics CC BY-NC 4.0 where indicated; this export does not replace those terms."
data_health,2026-10-05,/blocchi/3/serie/1/punti/1/0,"""2026-07-09""",DefiLlama; growthepie; CoinGecko; Binance; Coin Metrics,"""2026-10-05""",CC BY 4.0,https://creativecommons.org/licenses/by/4.0/,Luca Valente,"CC BY 4.0 applies to the original compilation and editorial work by Luca Valente. Underlying third-party data retain their source terms, including Coin Metrics CC BY-NC 4.0 where indicated; this export does not replace those terms."
data_health,2026-10-05,/blocchi/3/serie/1/punti/1/1,6,DefiLlama; growthepie; CoinGecko; Binance; Coin Metrics,"""2026-10-05""",CC BY 4.0,https://creativecommons.org/licenses/by/4.0/,Luca Valente,"CC BY 4.0 applies to the original compilation and editorial work by Luca Valente. Underlying third-party data retain their source terms, including Coin Metrics CC BY-NC 4.0 where indicated; this export does not replace those terms."
data_health,2026-10-05,/blocchi/3/serie/1/punti/2/0,"""2026-07-10""",DefiLlama; growthepie; CoinGecko; Binance; Coin Metrics,"""2026-10-05""",CC BY 4.0,https://creativecommons.org/licenses/by/4.0/,Luca Valente,"CC BY 4.0 applies to the original compilation and editorial work by Luca Valente. Underlying third-party data retain their source terms, including Coin Metrics CC BY-NC 4.0 where indicated; this export does not replace those terms."
data_health,2026-10-05,/blocchi/3/serie/1/punti/2/1,30,DefiLlama; growthepie; CoinGecko; Binance; Coin Metrics,"""2026-10-05""",CC BY 4.0,https://creativecommons.org/licenses/by/4.0/,Luca Valente,"CC BY 4.0 applies to the original compilation and editorial work by Luca Valente. Underlying third-party data retain their source terms, including Coin Metrics CC BY-NC 4.0 where indicated; this export does not replace those terms."
data_health,2026-10-05,/blocchi/3/serie/1/punti/3/0,"""2026-07-11""",DefiLlama; growthepie; CoinGecko; Binance; Coin Metrics,"""2026-10-05""",CC BY 4.0,https://creativecommons.org/licenses/by/4.0/,Luca Valente,"CC BY 4.0 applies to the original compilation and editorial work by Luca Valente. Underlying third-party data retain their source terms, including Coin Metrics CC BY-NC 4.0 where indicated; this export does not replace those terms."
data_health,2026-10-05,/blocchi/3/serie/1/punti/3/1,3,DefiLlama; growthepie; CoinGecko; Binance; Coin Metrics,"""2026-10-05""",CC BY 4.0,https://creativecommons.org/licenses/by/4.0/,Luca Valente,"CC BY 4.0 applies to the original compilation and editorial work by Luca Valente. Underlying third-party data retain their source terms, including Coin Metrics CC BY-NC 4.0 where indicated; this export does not replace those terms."
data_health,2026-10-05,/blocchi/3/serie/1/punti/4/0,"""2026-07-12""",DefiLlama; growthepie; CoinGecko; Binance; Coin Metrics,"""2026-10-05""",CC BY 4.0,https://creativecommons.org/licenses/by/4.0/,Luca Valente,"CC BY 4.0 applies to the original compilation and editorial work by Luca Valente. Underlying third-party data retain their source terms, including Coin Metrics CC BY-NC 4.0 where indicated; this export does not replace those terms."
data_health,2026-10-05,/blocchi/3/serie/1/punti/4/1,22,DefiLlama; growthepie; CoinGecko; Binance; Coin Metrics,"""2026-10-05""",CC BY 4.0,https://creativecommons.org/licenses/by/4.0/,Luca Valente,"CC BY 4.0 applies to the original compilation and editorial work by Luca Valente. Underlying third-party data retain their source terms, including Coin Metrics CC BY-NC 4.0 where indicated; this export does not replace those terms."
data_health,2026-10-05,/blocchi/3/serie/1/punti/5/0,"""2026-07-13""",DefiLlama; growthepie; CoinGecko; Binance; Coin Metrics,"""2026-10-05""",CC BY 4.0,https://creativecommons.org/licenses/by/4.0/,Luca Valente,"CC BY 4.0 applies to the original compilation and editorial work by Luca Valente. Underlying third-party data retain their source terms, including Coin Metrics CC BY-NC 4.0 where indicated; this export does not replace those terms."
data_health,2026-10-05,/blocchi/3/serie/1/punti/5/1,14,DefiLlama; growthepie; CoinGecko; Binance; Coin Metrics,"""2026-10-05""",CC BY 4.0,https://creativecommons.org/licenses/by/4.0/,Luca Valente,"CC BY 4.0 applies to the original compilation and editorial work by Luca Valente. Underlying third-party data retain their source terms, including Coin Metrics CC BY-NC 4.0 where indicated; this export does not replace those terms."
data_health,2026-10-05,/blocchi/3/serie/1/punti/6/0,"""2026-07-14""",DefiLlama; growthepie; CoinGecko; Binance; Coin Metrics,"""2026-10-05""",CC BY 4.0,https://creativecommons.org/licenses/by/4.0/,Luca Valente,"CC BY 4.0 applies to the original compilation and editorial work by Luca Valente. Underlying third-party data retain their source terms, including Coin Metrics CC BY-NC 4.0 where indicated; this export does not replace those terms."
data_health,2026-10-05,/blocchi/3/serie/1/punti/6/1,28,DefiLlama; growthepie; CoinGecko; Binance; Coin Metrics,"""2026-10-05""",CC BY 4.0,https://creativecommons.org/licenses/by/4.0/,Luca Valente,"CC BY 4.0 applies to the original compilation and editorial work by Luca Valente. Underlying third-party data retain their source terms, including Coin Metrics CC BY-NC 4.0 where indicated; this export does not replace those terms."
data_health,2026-10-05,/blocchi/3/serie/1/punti/7/0,"""2026-07-15""",DefiLlama; growthepie; CoinGecko; Binance; Coin Metrics,"""2026-10-05""",CC BY 4.0,https://creativecommons.org/licenses/by/4.0/,Luca Valente,"CC BY 4.0 applies to the original compilation and editorial work by Luca Valente. Underlying third-party data retain their source terms, including Coin Metrics CC BY-NC 4.0 where indicated; this export does not replace those terms."
data_health,2026-10-05,/blocchi/3/serie/1/punti/7/1,3,DefiLlama; growthepie; CoinGecko; Binance; Coin Metrics,"""2026-10-05""",CC BY 4.0,https://creativecommons.org/licenses/by/4.0/,Luca Valente,"CC BY 4.0 applies to the original compilation and editorial work by Luca Valente. Underlying third-party data retain their source terms, including Coin Metrics CC BY-NC 4.0 where indicated; this export does not replace those terms."
data_health,2026-10-05,/blocchi/3/serie/1/punti/8/0,"""2026-07-16""",DefiLlama; growthepie; CoinGecko; Binance; Coin Metrics,"""2026-10-05""",CC BY 4.0,https://creativecommons.org/licenses/by/4.0/,Luca Valente,"CC BY 4.0 applies to the original compilation and editorial work by Luca Valente. Underlying third-party data retain their source terms, including Coin Metrics CC BY-NC 4.0 where indicated; this export does not replace those terms."
data_health,2026-10-05,/blocchi/3/serie/1/punti/8/1,23,DefiLlama; growthepie; CoinGecko; Binance; Coin Metrics,"""2026-10-05""",CC BY 4.0,https://creativecommons.org/licenses/by/4.0/,Luca Valente,"CC BY 4.0 applies to the original compilation and editorial work by Luca Valente. Underlying third-party data retain their source terms, including Coin Metrics CC BY-NC 4.0 where indicated; this export does not replace those terms."
data_health,2026-10-05,/blocchi/3/serie/1/punti/9/0,"""2026-07-17""",DefiLlama; growthepie; CoinGecko; Binance; Coin Metrics,"""2026-10-05""",CC BY 4.0,https://creativecommons.org/licenses/by/4.0/,Luca Valente,"CC BY 4.0 applies to the original compilation and editorial work by Luca Valente. Underlying third-party data retain their source terms, including Coin Metrics CC BY-NC 4.0 where indicated; this export does not replace those terms."
data_health,2026-10-05,/blocchi/3/serie/1/punti/9/1,4,DefiLlama; growthepie; CoinGecko; Binance; Coin Metrics,"""2026-10-05""",CC BY 4.0,https://creativecommons.org/licenses/by/4.0/,Luca Valente,"CC BY 4.0 applies to the original compilation and editorial work by Luca Valente. Underlying third-party data retain their source terms, including Coin Metrics CC BY-NC 4.0 where indicated; this export does not replace those terms."
data_health,2026-10-05,/blocchi/3/serie/1/punti/10/0,"""2026-07-18""",DefiLlama; growthepie; CoinGecko; Binance; Coin Metrics,"""2026-10-05""",CC BY 4.0,https://creativecommons.org/licenses/by/4.0/,Luca Valente,"CC BY 4.0 applies to the original compilation and editorial work by Luca Valente. Underlying third-party data retain their source terms, including Coin Metrics CC BY-NC 4.0 where indicated; this export does not replace those terms."
data_health,2026-10-05,/blocchi/3/serie/1/punti/10/1,19,DefiLlama; growthepie; CoinGecko; Binance; Coin Metrics,"""2026-10-05""",CC BY 4.0,https://creativecommons.org/licenses/by/4.0/,Luca Valente,"CC BY 4.0 applies to the original compilation and editorial work by Luca Valente. Underlying third-party data retain their source terms, including Coin Metrics CC BY-NC 4.0 where indicated; this export does not replace those terms."
data_health,2026-10-05,/blocchi/3/serie/1/punti/11/0,"""2026-07-19""",DefiLlama; growthepie; CoinGecko; Binance; Coin Metrics,"""2026-10-05""",CC BY 4.0,https://creativecommons.org/licenses/by/4.0/,Luca Valente,"CC BY 4.0 applies to the original compilation and editorial work by Luca Valente. Underlying third-party data retain their source terms, including Coin Metrics CC BY-NC 4.0 where indicated; this export does not replace those terms."
data_health,2026-10-05,/blocchi/3/serie/1/punti/11/1,4,DefiLlama; growthepie; CoinGecko; Binance; Coin Metrics,"""2026-10-05""",CC BY 4.0,https://creativecommons.org/licenses/by/4.0/,Luca Valente,"CC BY 4.0 applies to the original compilation and editorial work by Luca Valente. Underlying third-party data retain their source terms, including Coin Metrics CC BY-NC 4.0 where indicated; this export does not replace those terms."
data_health,2026-10-05,/blocchi/3/serie/1/punti/12/0,"""2026-07-20""",DefiLlama; growthepie; CoinGecko; Binance; Coin Metrics,"""2026-10-05""",CC BY 4.0,https://creativecommons.org/licenses/by/4.0/,Luca Valente,"CC BY 4.0 applies to the original compilation and editorial work by Luca Valente. Underlying third-party data retain their source terms, including Coin Metrics CC BY-NC 4.0 where indicated; this export does not replace those terms."
data_health,2026-10-05,/blocchi/3/serie/1/punti/12/1,19,DefiLlama; growthepie; CoinGecko; Binance; Coin Metrics,"""2026-10-05""",CC BY 4.0,https://creativecommons.org/licenses/by/4.0/,Luca Valente,"CC BY 4.0 applies to the original compilation and editorial work by Luca Valente. Underlying third-party data retain their source terms, including Coin Metrics CC BY-NC 4.0 where indicated; this export does not replace those terms."
data_health,2026-10-05,/blocchi/3/serie/1/punti/13/0,"""2026-07-21""",DefiLlama; growthepie; CoinGecko; Binance; Coin Metrics,"""2026-10-05""",CC BY 4.0,https://creativecommons.org/licenses/by/4.0/,Luca Valente,"CC BY 4.0 applies to the original compilation and editorial work by Luca Valente. Underlying third-party data retain their source terms, including Coin Metrics CC BY-NC 4.0 where indicated; this export does not replace those terms."
data_health,2026-10-05,/blocchi/3/serie/1/punti/13/1,6,DefiLlama; growthepie; CoinGecko; Binance; Coin Metrics,"""2026-10-05""",CC BY 4.0,https://creativecommons.org/licenses/by/4.0/,Luca Valente,"CC BY 4.0 applies to the original compilation and editorial work by Luca Valente. Underlying third-party data retain their source terms, including Coin Metrics CC BY-NC 4.0 where indicated; this export does not replace those terms."
data_health,2026-10-05,/blocchi/3/serie/1/punti/14/0,"""2026-07-22""",DefiLlama; growthepie; CoinGecko; Binance; Coin Metrics,"""2026-10-05""",CC BY 4.0,https://creativecommons.org/licenses/by/4.0/,Luca Valente,"CC BY 4.0 applies to the original compilation and editorial work by Luca Valente. Underlying third-party data retain their source terms, including Coin Metrics CC BY-NC 4.0 where indicated; this export does not replace those terms."
data_health,2026-10-05,/blocchi/3/serie/1/punti/14/1,24,DefiLlama; growthepie; CoinGecko; Binance; Coin Metrics,"""2026-10-05""",CC BY 4.0,https://creativecommons.org/licenses/by/4.0/,Luca Valente,"CC BY 4.0 applies to the original compilation and editorial work by Luca Valente. Underlying third-party data retain their source terms, including Coin Metrics CC BY-NC 4.0 where indicated; this export does not replace those terms."
data_health,2026-10-05,/blocchi/3/serie/1/punti/15/0,"""2026-07-23""",DefiLlama; growthepie; CoinGecko; Binance; Coin Metrics,"""2026-10-05""",CC BY 4.0,https://creativecommons.org/licenses/by/4.0/,Luca Valente,"CC BY 4.0 applies to the original compilation and editorial work by Luca Valente. Underlying third-party data retain their source terms, including Coin Metrics CC BY-NC 4.0 where indicated; this export does not replace those terms."
data_health,2026-10-05,/blocchi/3/serie/1/punti/15/1,12,DefiLlama; growthepie; CoinGecko; Binance; Coin Metrics,"""2026-10-05""",CC BY 4.0,https://creativecommons.org/licenses/by/4.0/,Luca Valente,"CC BY 4.0 applies to the original compilation and editorial work by Luca Valente. Underlying third-party data retain their source terms, including Coin Metrics CC BY-NC 4.0 where indicated; this export does not replace those terms."
data_health,2026-10-05,/blocchi/3/serie/1/punti/16/0,"""2026-07-24""",DefiLlama; growthepie; CoinGecko; Binance; Coin Metrics,"""2026-10-05""",CC BY 4.0,https://creativecommons.org/licenses/by/4.0/,Luca Valente,"CC BY 4.0 applies to the original compilation and editorial work by Luca Valente. Underlying third-party data retain their source terms, including Coin Metrics CC BY-NC 4.0 where indicated; this export does not replace those terms."
data_health,2026-10-05,/blocchi/3/serie/1/punti/16/1,0,DefiLlama; growthepie; CoinGecko; Binance; Coin Metrics,"""2026-10-05""",CC BY 4.0,https://creativecommons.org/licenses/by/4.0/,Luca Valente,"CC BY 4.0 applies to the original compilation and editorial work by Luca Valente. Underlying third-party data retain their source terms, including Coin Metrics CC BY-NC 4.0 where indicated; this export does not replace those terms."
data_health,2026-10-05,/blocchi/3/serie/1/punti/17/0,"""2026-07-25""",DefiLlama; growthepie; CoinGecko; Binance; Coin Metrics,"""2026-10-05""",CC BY 4.0,https://creativecommons.org/licenses/by/4.0/,Luca Valente,"CC BY 4.0 applies to the original compilation and editorial work by Luca Valente. Underlying third-party data retain their source terms, including Coin Metrics CC BY-NC 4.0 where indicated; this export does not replace those terms."
data_health,2026-10-05,/blocchi/3/serie/1/punti/17/1,18,DefiLlama; growthepie; CoinGecko; Binance; Coin Metrics,"""2026-10-05""",CC BY 4.0,https://creativecommons.org/licenses/by/4.0/,Luca Valente,"CC BY 4.0 applies to the original compilation and editorial work by Luca Valente. Underlying third-party data retain their source terms, including Coin Metrics CC BY-NC 4.0 where indicated; this export does not replace those terms."
data_health,2026-10-05,/blocchi/3/serie/1/punti/18/0,"""2026-07-26""",DefiLlama; growthepie; CoinGecko; Binance; Coin Metrics,"""2026-10-05""",CC BY 4.0,https://creativecommons.org/licenses/by/4.0/,Luca Valente,"CC BY 4.0 applies to the original compilation and editorial work by Luca Valente. Underlying third-party data retain their source terms, including Coin Metrics CC BY-NC 4.0 where indicated; this export does not replace those terms."
data_health,2026-10-05,/blocchi/3/serie/1/punti/18/1,4,DefiLlama; growthepie; CoinGecko; Binance; Coin Metrics,"""2026-10-05""",CC BY 4.0,https://creativecommons.org/licenses/by/4.0/,Luca Valente,"CC BY 4.0 applies to the original compilation and editorial work by Luca Valente. Underlying third-party data retain their source terms, including Coin Metrics CC BY-NC 4.0 where indicated; this export does not replace those terms."
data_health,2026-10-05,/blocchi/3/serie/1/punti/19/0,"""2026-07-27""",DefiLlama; growthepie; CoinGecko; Binance; Coin Metrics,"""2026-10-05""",CC BY 4.0,https://creativecommons.org/licenses/by/4.0/,Luca Valente,"CC BY 4.0 applies to the original compilation and editorial work by Luca Valente. Underlying third-party data retain their source terms, including Coin Metrics CC BY-NC 4.0 where indicated; this export does not replace those terms."
data_health,2026-10-05,/blocchi/3/serie/1/punti/19/1,30,DefiLlama; growthepie; CoinGecko; Binance; Coin Metrics,"""2026-10-05""",CC BY 4.0,https://creativecommons.org/licenses/by/4.0/,Luca Valente,"CC BY 4.0 applies to the original compilation and editorial work by Luca Valente. Underlying third-party data retain their source terms, including Coin Metrics CC BY-NC 4.0 where indicated; this export does not replace those terms."
data_health,2026-10-05,/blocchi/3/serie/1/punti/20/0,"""2026-07-28""",DefiLlama; growthepie; CoinGecko; Binance; Coin Metrics,"""2026-10-05""",CC BY 4.0,https://creativecommons.org/licenses/by/4.0/,Luca Valente,"CC BY 4.0 applies to the original compilation and editorial work by Luca Valente. Underlying third-party data retain their source terms, including Coin Metrics CC BY-NC 4.0 where indicated; this export does not replace those terms."
data_health,2026-10-05,/blocchi/3/serie/1/punti/20/1,3,DefiLlama; growthepie; CoinGecko; Binance; Coin Metrics,"""2026-10-05""",CC BY 4.0,https://creativecommons.org/licenses/by/4.0/,Luca Valente,"CC BY 4.0 applies to the original compilation and editorial work by Luca Valente. Underlying third-party data retain their source terms, including Coin Metrics CC BY-NC 4.0 where indicated; this export does not replace those terms."
data_health,2026-10-05,/blocchi/3/serie/1/punti/21/0,"""2026-07-29""",DefiLlama; growthepie; CoinGecko; Binance; Coin Metrics,"""2026-10-05""",CC BY 4.0,https://creativecommons.org/licenses/by/4.0/,Luca Valente,"CC BY 4.0 applies to the original compilation and editorial work by Luca Valente. Underlying third-party data retain their source terms, including Coin Metrics CC BY-NC 4.0 where indicated; this export does not replace those terms."
data_health,2026-10-05,/blocchi/3/serie/1/punti/21/1,24,DefiLlama; growthepie; CoinGecko; Binance; Coin Metrics,"""2026-10-05""",CC BY 4.0,https://creativecommons.org/licenses/by/4.0/,Luca Valente,"CC BY 4.0 applies to the original compilation and editorial work by Luca Valente. Underlying third-party data retain their source terms, including Coin Metrics CC BY-NC 4.0 where indicated; this export does not replace those terms."
data_health,2026-10-05,/blocchi/3/serie/1/punti/22/0,"""2026-07-30""",DefiLlama; growthepie; CoinGecko; Binance; Coin Metrics,"""2026-10-05""",CC BY 4.0,https://creativecommons.org/licenses/by/4.0/,Luca Valente,"CC BY 4.0 applies to the original compilation and editorial work by Luca Valente. Underlying third-party data retain their source terms, including Coin Metrics CC BY-NC 4.0 where indicated; this export does not replace those terms."
data_health,2026-10-05,/blocchi/3/serie/1/punti/22/1,17,DefiLlama; growthepie; CoinGecko; Binance; Coin Metrics,"""2026-10-05""",CC BY 4.0,https://creativecommons.org/licenses/by/4.0/,Luca Valente,"CC BY 4.0 applies to the original compilation and editorial work by Luca Valente. Underlying third-party data retain their source terms, including Coin Metrics CC BY-NC 4.0 where indicated; this export does not replace those terms."
data_health,2026-10-05,/blocchi/3/serie/1/punti/23/0,"""2026-07-31""",DefiLlama; growthepie; CoinGecko; Binance; Coin Metrics,"""2026-10-05""",CC BY 4.0,https://creativecommons.org/licenses/by/4.0/,Luca Valente,"CC BY 4.0 applies to the original compilation and editorial work by Luca Valente. Underlying third-party data retain their source terms, including Coin Metrics CC BY-NC 4.0 where indicated; this export does not replace those terms."
data_health,2026-10-05,/blocchi/3/serie/1/punti/23/1,26,DefiLlama; growthepie; CoinGecko; Binance; Coin Metrics,"""2026-10-05""",CC BY 4.0,https://creativecommons.org/licenses/by/4.0/,Luca Valente,"CC BY 4.0 applies to the original compilation and editorial work by Luca Valente. Underlying third-party data retain their source terms, including Coin Metrics CC BY-NC 4.0 where indicated; this export does not replace those terms."
data_health,2026-10-05,/blocchi/3/serie/1/punti/24/0,"""2026-08-01""",DefiLlama; growthepie; CoinGecko; Binance; Coin Metrics,"""2026-10-05""",CC BY 4.0,https://creativecommons.org/licenses/by/4.0/,Luca Valente,"CC BY 4.0 applies to the original compilation and editorial work by Luca Valente. Underlying third-party data retain their source terms, including Coin Metrics CC BY-NC 4.0 where indicated; this export does not replace those terms."
data_health,2026-10-05,/blocchi/3/serie/1/punti/24/1,0,DefiLlama; growthepie; CoinGecko; Binance; Coin Metrics,"""2026-10-05""",CC BY 4.0,https://creativecommons.org/licenses/by/4.0/,Luca Valente,"CC BY 4.0 applies to the original compilation and editorial work by Luca Valente. Underlying third-party data retain their source terms, including Coin Metrics CC BY-NC 4.0 where indicated; this export does not replace those terms."
data_health,2026-10-05,/blocchi/3/serie/1/punti/25/0,"""2026-08-02""",DefiLlama; growthepie; CoinGecko; Binance; Coin Metrics,"""2026-10-05""",CC BY 4.0,https://creativecommons.org/licenses/by/4.0/,Luca Valente,"CC BY 4.0 applies to the original compilation and editorial work by Luca Valente. Underlying third-party data retain their source terms, including Coin Metrics CC BY-NC 4.0 where indicated; this export does not replace those terms."
data_health,2026-10-05,/blocchi/3/serie/1/punti/25/1,21,DefiLlama; growthepie; CoinGecko; Binance; Coin Metrics,"""2026-10-05""",CC BY 4.0,https://creativecommons.org/licenses/by/4.0/,Luca Valente,"CC BY 4.0 applies to the original compilation and editorial work by Luca Valente. Underlying third-party data retain their source terms, including Coin Metrics CC BY-NC 4.0 where indicated; this export does not replace those terms."
data_health,2026-10-05,/blocchi/3/serie/1/punti/26/0,"""2026-08-03""",DefiLlama; growthepie; CoinGecko; Binance; Coin Metrics,"""2026-10-05""",CC BY 4.0,https://creativecommons.org/licenses/by/4.0/,Luca Valente,"CC BY 4.0 applies to the original compilation and editorial work by Luca Valente. Underlying third-party data retain their source terms, including Coin Metrics CC BY-NC 4.0 where indicated; this export does not replace those terms."
data_health,2026-10-05,/blocchi/3/serie/1/punti/26/1,7,DefiLlama; growthepie; CoinGecko; Binance; Coin Metrics,"""2026-10-05""",CC BY 4.0,https://creativecommons.org/licenses/by/4.0/,Luca Valente,"CC BY 4.0 applies to the original compilation and editorial work by Luca Valente. Underlying third-party data retain their source terms, including Coin Metrics CC BY-NC 4.0 where indicated; this export does not replace those terms."
data_health,2026-10-05,/blocchi/3/serie/1/punti/27/0,"""2026-08-04""",DefiLlama; growthepie; CoinGecko; Binance; Coin Metrics,"""2026-10-05""",CC BY 4.0,https://creativecommons.org/licenses/by/4.0/,Luca Valente,"CC BY 4.0 applies to the original compilation and editorial work by Luca Valente. Underlying third-party data retain their source terms, including Coin Metrics CC BY-NC 4.0 where indicated; this export does not replace those terms."
data_health,2026-10-05,/blocchi/3/serie/1/punti/27/1,19,DefiLlama; growthepie; CoinGecko; Binance; Coin Metrics,"""2026-10-05""",CC BY 4.0,https://creativecommons.org/licenses/by/4.0/,Luca Valente,"CC BY 4.0 applies to the original compilation and editorial work by Luca Valente. Underlying third-party data retain their source terms, including Coin Metrics CC BY-NC 4.0 where indicated; this export does not replace those terms."
data_health,2026-10-05,/blocchi/3/serie/1/punti/28/0,"""2026-08-05""",DefiLlama; growthepie; CoinGecko; Binance; Coin Metrics,"""2026-10-05""",CC BY 4.0,https://creativecommons.org/licenses/by/4.0/,Luca Valente,"CC BY 4.0 applies to the original compilation and editorial work by Luca Valente. Underlying third-party data retain their source terms, including Coin Metrics CC BY-NC 4.0 where indicated; this export does not replace those terms."
data_health,2026-10-05,/blocchi/3/serie/1/punti/28/1,8,DefiLlama; growthepie; CoinGecko; Binance; Coin Metrics,"""2026-10-05""",CC BY 4.0,https://creativecommons.org/licenses/by/4.0/,Luca Valente,"CC BY 4.0 applies to the original compilation and editorial work by Luca Valente. Underlying third-party data retain their source terms, including Coin Metrics CC BY-NC 4.0 where indicated; this export does not replace those terms."
data_health,2026-10-05,/blocchi/3/serie/1/punti/29/0,"""2026-08-06""",DefiLlama; growthepie; CoinGecko; Binance; Coin Metrics,"""2026-10-05""",CC BY 4.0,https://creativecommons.org/licenses/by/4.0/,Luca Valente,"CC BY 4.0 applies to the original compilation and editorial work by Luca Valente. Underlying third-party data retain their source terms, including Coin Metrics CC BY-NC 4.0 where indicated; this export does not replace those terms."
data_health,2026-10-05,/blocchi/3/serie/1/punti/29/1,36,DefiLlama; growthepie; CoinGecko; Binance; Coin Metrics,"""2026-10-05""",CC BY 4.0,https://creativecommons.org/licenses/by/4.0/,Luca Valente,"CC BY 4.0 applies to the original compilation and editorial work by Luca Valente. Underlying third-party data retain their source terms, including Coin Metrics CC BY-NC 4.0 where indicated; this export does not replace those terms."
data_health,2026-10-05,/blocchi/3/serie/1/punti/30/0,"""2026-08-07""",DefiLlama; growthepie; CoinGecko; Binance; Coin Metrics,"""2026-10-05""",CC BY 4.0,https://creativecommons.org/licenses/by/4.0/,Luca Valente,"CC BY 4.0 applies to the original compilation and editorial work by Luca Valente. Underlying third-party data retain their source terms, including Coin Metrics CC BY-NC 4.0 where indicated; this export does not replace those terms."
data_health,2026-10-05,/blocchi/3/serie/1/punti/30/1,12,DefiLlama; growthepie; CoinGecko; Binance; Coin Metrics,"""2026-10-05""",CC BY 4.0,https://creativecommons.org/licenses/by/4.0/,Luca Valente,"CC BY 4.0 applies to the original compilation and editorial work by Luca Valente. Underlying third-party data retain their source terms, including Coin Metrics CC BY-NC 4.0 where indicated; this export does not replace those terms."
data_health,2026-10-05,/blocchi/3/serie/1/punti/31/0,"""2026-08-08""",DefiLlama; growthepie; CoinGecko; Binance; Coin Metrics,"""2026-10-05""",CC BY 4.0,https://creativecommons.org/licenses/by/4.0/,Luca Valente,"CC BY 4.0 applies to the original compilation and editorial work by Luca Valente. Underlying third-party data retain their source terms, including Coin Metrics CC BY-NC 4.0 where indicated; this export does not replace those terms."
data_health,2026-10-05,/blocchi/3/serie/1/punti/31/1,16,DefiLlama; growthepie; CoinGecko; Binance; Coin Metrics,"""2026-10-05""",CC BY 4.0,https://creativecommons.org/licenses/by/4.0/,Luca Valente,"CC BY 4.0 applies to the original compilation and editorial work by Luca Valente. Underlying third-party data retain their source terms, including Coin Metrics CC BY-NC 4.0 where indicated; this export does not replace those terms."
data_health,2026-10-05,/blocchi/3/serie/1/punti/32/0,"""2026-08-09""",DefiLlama; growthepie; CoinGecko; Binance; Coin Metrics,"""2026-10-05""",CC BY 4.0,https://creativecommons.org/licenses/by/4.0/,Luca Valente,"CC BY 4.0 applies to the original compilation and editorial work by Luca Valente. Underlying third-party data retain their source terms, including Coin Metrics CC BY-NC 4.0 where indicated; this export does not replace those terms."
data_health,2026-10-05,/blocchi/3/serie/1/punti/32/1,3,DefiLlama; growthepie; CoinGecko; Binance; Coin Metrics,"""2026-10-05""",CC BY 4.0,https://creativecommons.org/licenses/by/4.0/,Luca Valente,"CC BY 4.0 applies to the original compilation and editorial work by Luca Valente. Underlying third-party data retain their source terms, including Coin Metrics CC BY-NC 4.0 where indicated; this export does not replace those terms."
data_health,2026-10-05,/blocchi/3/serie/1/punti/33/0,"""2026-08-10""",DefiLlama; growthepie; CoinGecko; Binance; Coin Metrics,"""2026-10-05""",CC BY 4.0,https://creativecommons.org/licenses/by/4.0/,Luca Valente,"CC BY 4.0 applies to the original compilation and editorial work by Luca Valente. Underlying third-party data retain their source terms, including Coin Metrics CC BY-NC 4.0 where indicated; this export does not replace those terms."
data_health,2026-10-05,/blocchi/3/serie/1/punti/33/1,25,DefiLlama; growthepie; CoinGecko; Binance; Coin Metrics,"""2026-10-05""",CC BY 4.0,https://creativecommons.org/licenses/by/4.0/,Luca Valente,"CC BY 4.0 applies to the original compilation and editorial work by Luca Valente. Underlying third-party data retain their source terms, including Coin Metrics CC BY-NC 4.0 where indicated; this export does not replace those terms."
data_health,2026-10-05,/blocchi/3/serie/1/punti/34/0,"""2026-08-11""",DefiLlama; growthepie; CoinGecko; Binance; Coin Metrics,"""2026-10-05""",CC BY 4.0,https://creativecommons.org/licenses/by/4.0/,Luca Valente,"CC BY 4.0 applies to the original compilation and editorial work by Luca Valente. Underlying third-party data retain their source terms, including Coin Metrics CC BY-NC 4.0 where indicated; this export does not replace those terms."
data_health,2026-10-05,/blocchi/3/serie/1/punti/34/1,7,DefiLlama; growthepie; CoinGecko; Binance; Coin Metrics,"""2026-10-05""",CC BY 4.0,https://creativecommons.org/licenses/by/4.0/,Luca Valente,"CC BY 4.0 applies to the original compilation and editorial work by Luca Valente. Underlying third-party data retain their source terms, including Coin Metrics CC BY-NC 4.0 where indicated; this export does not replace those terms."
data_health,2026-10-05,/blocchi/3/serie/1/punti/35/0,"""2026-08-12""",DefiLlama; growthepie; CoinGecko; Binance; Coin Metrics,"""2026-10-05""",CC BY 4.0,https://creativecommons.org/licenses/by/4.0/,Luca Valente,"CC BY 4.0 applies to the original compilation and editorial work by Luca Valente. Underlying third-party data retain their source terms, including Coin Metrics CC BY-NC 4.0 where indicated; this export does not replace those terms."
data_health,2026-10-05,/blocchi/3/serie/1/punti/35/1,9,DefiLlama; growthepie; CoinGecko; Binance; Coin Metrics,"""2026-10-05""",CC BY 4.0,https://creativecommons.org/licenses/by/4.0/,Luca Valente,"CC BY 4.0 applies to the original compilation and editorial work by Luca Valente. Underlying third-party data retain their source terms, including Coin Metrics CC BY-NC 4.0 where indicated; this export does not replace those terms."
data_health,2026-10-05,/blocchi/3/serie/1/punti/36/0,"""2026-08-13""",DefiLlama; growthepie; CoinGecko; Binance; Coin Metrics,"""2026-10-05""",CC BY 4.0,https://creativecommons.org/licenses/by/4.0/,Luca Valente,"CC BY 4.0 applies to the original compilation and editorial work by Luca Valente. Underlying third-party data retain their source terms, including Coin Metrics CC BY-NC 4.0 where indicated; this export does not replace those terms."
data_health,2026-10-05,/blocchi/3/serie/1/punti/36/1,27,DefiLlama; growthepie; CoinGecko; Binance; Coin Metrics,"""2026-10-05""",CC BY 4.0,https://creativecommons.org/licenses/by/4.0/,Luca Valente,"CC BY 4.0 applies to the original compilation and editorial work by Luca Valente. Underlying third-party data retain their source terms, including Coin Metrics CC BY-NC 4.0 where indicated; this export does not replace those terms."
data_health,2026-10-05,/blocchi/3/serie/1/punti/37/0,"""2026-08-14""",DefiLlama; growthepie; CoinGecko; Binance; Coin Metrics,"""2026-10-05""",CC BY 4.0,https://creativecommons.org/licenses/by/4.0/,Luca Valente,"CC BY 4.0 applies to the original compilation and editorial work by Luca Valente. Underlying third-party data retain their source terms, including Coin Metrics CC BY-NC 4.0 where indicated; this export does not replace those terms."
data_health,2026-10-05,/blocchi/3/serie/1/punti/37/1,3,DefiLlama; growthepie; CoinGecko; Binance; Coin Metrics,"""2026-10-05""",CC BY 4.0,https://creativecommons.org/licenses/by/4.0/,Luca Valente,"CC BY 4.0 applies to the original compilation and editorial work by Luca Valente. Underlying third-party data retain their source terms, including Coin Metrics CC BY-NC 4.0 where indicated; this export does not replace those terms."
data_health,2026-10-05,/blocchi/3/serie/1/punti/38/0,"""2026-08-15""",DefiLlama; growthepie; CoinGecko; Binance; Coin Metrics,"""2026-10-05""",CC BY 4.0,https://creativecommons.org/licenses/by/4.0/,Luca Valente,"CC BY 4.0 applies to the original compilation and editorial work by Luca Valente. Underlying third-party data retain their source terms, including Coin Metrics CC BY-NC 4.0 where indicated; this export does not replace those terms."
data_health,2026-10-05,/blocchi/3/serie/1/punti/38/1,22,DefiLlama; growthepie; CoinGecko; Binance; Coin Metrics,"""2026-10-05""",CC BY 4.0,https://creativecommons.org/licenses/by/4.0/,Luca Valente,"CC BY 4.0 applies to the original compilation and editorial work by Luca Valente. Underlying third-party data retain their source terms, including Coin Metrics CC BY-NC 4.0 where indicated; this export does not replace those terms."
data_health,2026-10-05,/blocchi/3/serie/1/punti/39/0,"""2026-08-16""",DefiLlama; growthepie; CoinGecko; Binance; Coin Metrics,"""2026-10-05""",CC BY 4.0,https://creativecommons.org/licenses/by/4.0/,Luca Valente,"CC BY 4.0 applies to the original compilation and editorial work by Luca Valente. Underlying third-party data retain their source terms, including Coin Metrics CC BY-NC 4.0 where indicated; this export does not replace those terms."
data_health,2026-10-05,/blocchi/3/serie/1/punti/39/1,3,DefiLlama; growthepie; CoinGecko; Binance; Coin Metrics,"""2026-10-05""",CC BY 4.0,https://creativecommons.org/licenses/by/4.0/,Luca Valente,"CC BY 4.0 applies to the original compilation and editorial work by Luca Valente. Underlying third-party data retain their source terms, including Coin Metrics CC BY-NC 4.0 where indicated; this export does not replace those terms."
data_health,2026-10-05,/blocchi/3/serie/1/punti/40/0,"""2026-08-17""",DefiLlama; growthepie; CoinGecko; Binance; Coin Metrics,"""2026-10-05""",CC BY 4.0,https://creativecommons.org/licenses/by/4.0/,Luca Valente,"CC BY 4.0 applies to the original compilation and editorial work by Luca Valente. Underlying third-party data retain their source terms, including Coin Metrics CC BY-NC 4.0 where indicated; this export does not replace those terms."
data_health,2026-10-05,/blocchi/3/serie/1/punti/40/1,14,DefiLlama; growthepie; CoinGecko; Binance; Coin Metrics,"""2026-10-05""",CC BY 4.0,https://creativecommons.org/licenses/by/4.0/,Luca Valente,"CC BY 4.0 applies to the original compilation and editorial work by Luca Valente. Underlying third-party data retain their source terms, including Coin Metrics CC BY-NC 4.0 where indicated; this export does not replace those terms."
data_health,2026-10-05,/blocchi/3/serie/1/punti/41/0,"""2026-08-18""",DefiLlama; growthepie; CoinGecko; Binance; Coin Metrics,"""2026-10-05""",CC BY 4.0,https://creativecommons.org/licenses/by/4.0/,Luca Valente,"CC BY 4.0 applies to the original compilation and editorial work by Luca Valente. Underlying third-party data retain their source terms, including Coin Metrics CC BY-NC 4.0 where indicated; this export does not replace those terms."
data_health,2026-10-05,/blocchi/3/serie/1/punti/41/1,6,DefiLlama; growthepie; CoinGecko; Binance; Coin Metrics,"""2026-10-05""",CC BY 4.0,https://creativecommons.org/licenses/by/4.0/,Luca Valente,"CC BY 4.0 applies to the original compilation and editorial work by Luca Valente. Underlying third-party data retain their source terms, including Coin Metrics CC BY-NC 4.0 where indicated; this export does not replace those terms."
data_health,2026-10-05,/blocchi/3/serie/1/punti/42/0,"""2026-08-19""",DefiLlama; growthepie; CoinGecko; Binance; Coin Metrics,"""2026-10-05""",CC BY 4.0,https://creativecommons.org/licenses/by/4.0/,Luca Valente,"CC BY 4.0 applies to the original compilation and editorial work by Luca Valente. Underlying third-party data retain their source terms, including Coin Metrics CC BY-NC 4.0 where indicated; this export does not replace those terms."
data_health,2026-10-05,/blocchi/3/serie/1/punti/42/1,11,DefiLlama; growthepie; CoinGecko; Binance; Coin Metrics,"""2026-10-05""",CC BY 4.0,https://creativecommons.org/licenses/by/4.0/,Luca Valente,"CC BY 4.0 applies to the original compilation and editorial work by Luca Valente. Underlying third-party data retain their source terms, including Coin Metrics CC BY-NC 4.0 where indicated; this export does not replace those terms."
data_health,2026-10-05,/blocchi/3/serie/1/punti/43/0,"""2026-08-20""",DefiLlama; growthepie; CoinGecko; Binance; Coin Metrics,"""2026-10-05""",CC BY 4.0,https://creativecommons.org/licenses/by/4.0/,Luca Valente,"CC BY 4.0 applies to the original compilation and editorial work by Luca Valente. Underlying third-party data retain their source terms, including Coin Metrics CC BY-NC 4.0 where indicated; this export does not replace those terms."
data_health,2026-10-05,/blocchi/3/serie/1/punti/43/1,12,DefiLlama; growthepie; CoinGecko; Binance; Coin Metrics,"""2026-10-05""",CC BY 4.0,https://creativecommons.org/licenses/by/4.0/,Luca Valente,"CC BY 4.0 applies to the original compilation and editorial work by Luca Valente. Underlying third-party data retain their source terms, including Coin Metrics CC BY-NC 4.0 where indicated; this export does not replace those terms."
data_health,2026-10-05,/blocchi/3/serie/1/punti/44/0,"""2026-08-21""",DefiLlama; growthepie; CoinGecko; Binance; Coin Metrics,"""2026-10-05""",CC BY 4.0,https://creativecommons.org/licenses/by/4.0/,Luca Valente,"CC BY 4.0 applies to the original compilation and editorial work by Luca Valente. Underlying third-party data retain their source terms, including Coin Metrics CC BY-NC 4.0 where indicated; this export does not replace those terms."
data_health,2026-10-05,/blocchi/3/serie/1/punti/44/1,3,DefiLlama; growthepie; CoinGecko; Binance; Coin Metrics,"""2026-10-05""",CC BY 4.0,https://creativecommons.org/licenses/by/4.0/,Luca Valente,"CC BY 4.0 applies to the original compilation and editorial work by Luca Valente. Underlying third-party data retain their source terms, including Coin Metrics CC BY-NC 4.0 where indicated; this export does not replace those terms."
data_health,2026-10-05,/blocchi/3/serie/1/punti/45/0,"""2026-08-22""",DefiLlama; growthepie; CoinGecko; Binance; Coin Metrics,"""2026-10-05""",CC BY 4.0,https://creativecommons.org/licenses/by/4.0/,Luca Valente,"CC BY 4.0 applies to the original compilation and editorial work by Luca Valente. Underlying third-party data retain their source terms, including Coin Metrics CC BY-NC 4.0 where indicated; this export does not replace those terms."
data_health,2026-10-05,/blocchi/3/serie/1/punti/45/1,2,DefiLlama; growthepie; CoinGecko; Binance; Coin Metrics,"""2026-10-05""",CC BY 4.0,https://creativecommons.org/licenses/by/4.0/,Luca Valente,"CC BY 4.0 applies to the original compilation and editorial work by Luca Valente. Underlying third-party data retain their source terms, including Coin Metrics CC BY-NC 4.0 where indicated; this export does not replace those terms."
data_health,2026-10-05,/blocchi/3/serie/1/punti/46/0,"""2026-08-23""",DefiLlama; growthepie; CoinGecko; Binance; Coin Metrics,"""2026-10-05""",CC BY 4.0,https://creativecommons.org/licenses/by/4.0/,Luca Valente,"CC BY 4.0 applies to the original compilation and editorial work by Luca Valente. Underlying third-party data retain their source terms, including Coin Metrics CC BY-NC 4.0 where indicated; this export does not replace those terms."
data_health,2026-10-05,/blocchi/3/serie/1/punti/46/1,5,DefiLlama; growthepie; CoinGecko; Binance; Coin Metrics,"""2026-10-05""",CC BY 4.0,https://creativecommons.org/licenses/by/4.0/,Luca Valente,"CC BY 4.0 applies to the original compilation and editorial work by Luca Valente. Underlying third-party data retain their source terms, including Coin Metrics CC BY-NC 4.0 where indicated; this export does not replace those terms."
data_health,2026-10-05,/blocchi/3/serie/1/punti/47/0,"""2026-08-24""",DefiLlama; growthepie; CoinGecko; Binance; Coin Metrics,"""2026-10-05""",CC BY 4.0,https://creativecommons.org/licenses/by/4.0/,Luca Valente,"CC BY 4.0 applies to the original compilation and editorial work by Luca Valente. Underlying third-party data retain their source terms, including Coin Metrics CC BY-NC 4.0 where indicated; this export does not replace those terms."
data_health,2026-10-05,/blocchi/3/serie/1/punti/47/1,5,DefiLlama; growthepie; CoinGecko; Binance; Coin Metrics,"""2026-10-05""",CC BY 4.0,https://creativecommons.org/licenses/by/4.0/,Luca Valente,"CC BY 4.0 applies to the original compilation and editorial work by Luca Valente. Underlying third-party data retain their source terms, including Coin Metrics CC BY-NC 4.0 where indicated; this export does not replace those terms."
data_health,2026-10-05,/blocchi/3/serie/1/punti/48/0,"""2026-08-25""",DefiLlama; growthepie; CoinGecko; Binance; Coin Metrics,"""2026-10-05""",CC BY 4.0,https://creativecommons.org/licenses/by/4.0/,Luca Valente,"CC BY 4.0 applies to the original compilation and editorial work by Luca Valente. Underlying third-party data retain their source terms, including Coin Metrics CC BY-NC 4.0 where indicated; this export does not replace those terms."
data_health,2026-10-05,/blocchi/3/serie/1/punti/48/1,4,DefiLlama; growthepie; CoinGecko; Binance; Coin Metrics,"""2026-10-05""",CC BY 4.0,https://creativecommons.org/licenses/by/4.0/,Luca Valente,"CC BY 4.0 applies to the original compilation and editorial work by Luca Valente. Underlying third-party data retain their source terms, including Coin Metrics CC BY-NC 4.0 where indicated; this export does not replace those terms."
data_health,2026-10-05,/blocchi/3/serie/1/punti/49/0,"""2026-08-26""",DefiLlama; growthepie; CoinGecko; Binance; Coin Metrics,"""2026-10-05""",CC BY 4.0,https://creativecommons.org/licenses/by/4.0/,Luca Valente,"CC BY 4.0 applies to the original compilation and editorial work by Luca Valente. Underlying third-party data retain their source terms, including Coin Metrics CC BY-NC 4.0 where indicated; this export does not replace those terms."
data_health,2026-10-05,/blocchi/3/serie/1/punti/49/1,0,DefiLlama; growthepie; CoinGecko; Binance; Coin Metrics,"""2026-10-05""",CC BY 4.0,https://creativecommons.org/licenses/by/4.0/,Luca Valente,"CC BY 4.0 applies to the original compilation and editorial work by Luca Valente. Underlying third-party data retain their source terms, including Coin Metrics CC BY-NC 4.0 where indicated; this export does not replace those terms."
data_health,2026-10-05,/blocchi/3/serie/1/punti/50/0,"""2026-08-27""",DefiLlama; growthepie; CoinGecko; Binance; Coin Metrics,"""2026-10-05""",CC BY 4.0,https://creativecommons.org/licenses/by/4.0/,Luca Valente,"CC BY 4.0 applies to the original compilation and editorial work by Luca Valente. Underlying third-party data retain their source terms, including Coin Metrics CC BY-NC 4.0 where indicated; this export does not replace those terms."
data_health,2026-10-05,/blocchi/3/serie/1/punti/50/1,9,DefiLlama; growthepie; CoinGecko; Binance; Coin Metrics,"""2026-10-05""",CC BY 4.0,https://creativecommons.org/licenses/by/4.0/,Luca Valente,"CC BY 4.0 applies to the original compilation and editorial work by Luca Valente. Underlying third-party data retain their source terms, including Coin Metrics CC BY-NC 4.0 where indicated; this export does not replace those terms."
data_health,2026-10-05,/blocchi/3/serie/1/punti/51/0,"""2026-08-28""",DefiLlama; growthepie; CoinGecko; Binance; Coin Metrics,"""2026-10-05""",CC BY 4.0,https://creativecommons.org/licenses/by/4.0/,Luca Valente,"CC BY 4.0 applies to the original compilation and editorial work by Luca Valente. Underlying third-party data retain their source terms, including Coin Metrics CC BY-NC 4.0 where indicated; this export does not replace those terms."
data_health,2026-10-05,/blocchi/3/serie/1/punti/51/1,7,DefiLlama; growthepie; CoinGecko; Binance; Coin Metrics,"""2026-10-05""",CC BY 4.0,https://creativecommons.org/licenses/by/4.0/,Luca Valente,"CC BY 4.0 applies to the original compilation and editorial work by Luca Valente. Underlying third-party data retain their source terms, including Coin Metrics CC BY-NC 4.0 where indicated; this export does not replace those terms."
data_health,2026-10-05,/blocchi/3/serie/1/punti/52/0,"""2026-08-29""",DefiLlama; growthepie; CoinGecko; Binance; Coin Metrics,"""2026-10-05""",CC BY 4.0,https://creativecommons.org/licenses/by/4.0/,Luca Valente,"CC BY 4.0 applies to the original compilation and editorial work by Luca Valente. Underlying third-party data retain their source terms, including Coin Metrics CC BY-NC 4.0 where indicated; this export does not replace those terms."
data_health,2026-10-05,/blocchi/3/serie/1/punti/52/1,3,DefiLlama; growthepie; CoinGecko; Binance; Coin Metrics,"""2026-10-05""",CC BY 4.0,https://creativecommons.org/licenses/by/4.0/,Luca Valente,"CC BY 4.0 applies to the original compilation and editorial work by Luca Valente. Underlying third-party data retain their source terms, including Coin Metrics CC BY-NC 4.0 where indicated; this export does not replace those terms."
data_health,2026-10-05,/blocchi/3/serie/1/punti/53/0,"""2026-08-30""",DefiLlama; growthepie; CoinGecko; Binance; Coin Metrics,"""2026-10-05""",CC BY 4.0,https://creativecommons.org/licenses/by/4.0/,Luca Valente,"CC BY 4.0 applies to the original compilation and editorial work by Luca Valente. Underlying third-party data retain their source terms, including Coin Metrics CC BY-NC 4.0 where indicated; this export does not replace those terms."
data_health,2026-10-05,/blocchi/3/serie/1/punti/53/1,8,DefiLlama; growthepie; CoinGecko; Binance; Coin Metrics,"""2026-10-05""",CC BY 4.0,https://creativecommons.org/licenses/by/4.0/,Luca Valente,"CC BY 4.0 applies to the original compilation and editorial work by Luca Valente. Underlying third-party data retain their source terms, including Coin Metrics CC BY-NC 4.0 where indicated; this export does not replace those terms."
data_health,2026-10-05,/blocchi/3/serie/1/punti/54/0,"""2026-08-31""",DefiLlama; growthepie; CoinGecko; Binance; Coin Metrics,"""2026-10-05""",CC BY 4.0,https://creativecommons.org/licenses/by/4.0/,Luca Valente,"CC BY 4.0 applies to the original compilation and editorial work by Luca Valente. Underlying third-party data retain their source terms, including Coin Metrics CC BY-NC 4.0 where indicated; this export does not replace those terms."
data_health,2026-10-05,/blocchi/3/serie/1/punti/54/1,3,DefiLlama; growthepie; CoinGecko; Binance; Coin Metrics,"""2026-10-05""",CC BY 4.0,https://creativecommons.org/licenses/by/4.0/,Luca Valente,"CC BY 4.0 applies to the original compilation and editorial work by Luca Valente. Underlying third-party data retain their source terms, including Coin Metrics CC BY-NC 4.0 where indicated; this export does not replace those terms."
data_health,2026-10-05,/blocchi/3/serie/1/punti/55/0,"""2026-09-01""",DefiLlama; growthepie; CoinGecko; Binance; Coin Metrics,"""2026-10-05""",CC BY 4.0,https://creativecommons.org/licenses/by/4.0/,Luca Valente,"CC BY 4.0 applies to the original compilation and editorial work by Luca Valente. Underlying third-party data retain their source terms, including Coin Metrics CC BY-NC 4.0 where indicated; this export does not replace those terms."
data_health,2026-10-05,/blocchi/3/serie/1/punti/55/1,0,DefiLlama; growthepie; CoinGecko; Binance; Coin Metrics,"""2026-10-05""",CC BY 4.0,https://creativecommons.org/licenses/by/4.0/,Luca Valente,"CC BY 4.0 applies to the original compilation and editorial work by Luca Valente. Underlying third-party data retain their source terms, including Coin Metrics CC BY-NC 4.0 where indicated; this export does not replace those terms."
data_health,2026-10-05,/blocchi/3/serie/1/punti/56/0,"""2026-09-02""",DefiLlama; growthepie; CoinGecko; Binance; Coin Metrics,"""2026-10-05""",CC BY 4.0,https://creativecommons.org/licenses/by/4.0/,Luca Valente,"CC BY 4.0 applies to the original compilation and editorial work by Luca Valente. Underlying third-party data retain their source terms, including Coin Metrics CC BY-NC 4.0 where indicated; this export does not replace those terms."
data_health,2026-10-05,/blocchi/3/serie/1/punti/56/1,13,DefiLlama; growthepie; CoinGecko; Binance; Coin Metrics,"""2026-10-05""",CC BY 4.0,https://creativecommons.org/licenses/by/4.0/,Luca Valente,"CC BY 4.0 applies to the original compilation and editorial work by Luca Valente. Underlying third-party data retain their source terms, including Coin Metrics CC BY-NC 4.0 where indicated; this export does not replace those terms."
data_health,2026-10-05,/blocchi/3/serie/1/punti/57/0,"""2026-09-03""",DefiLlama; growthepie; CoinGecko; Binance; Coin Metrics,"""2026-10-05""",CC BY 4.0,https://creativecommons.org/licenses/by/4.0/,Luca Valente,"CC BY 4.0 applies to the original compilation and editorial work by Luca Valente. Underlying third-party data retain their source terms, including Coin Metrics CC BY-NC 4.0 where indicated; this export does not replace those terms."
data_health,2026-10-05,/blocchi/3/serie/1/punti/57/1,4,DefiLlama; growthepie; CoinGecko; Binance; Coin Metrics,"""2026-10-05""",CC BY 4.0,https://creativecommons.org/licenses/by/4.0/,Luca Valente,"CC BY 4.0 applies to the original compilation and editorial work by Luca Valente. Underlying third-party data retain their source terms, including Coin Metrics CC BY-NC 4.0 where indicated; this export does not replace those terms."
data_health,2026-10-05,/blocchi/3/serie/1/punti/58/0,"""2026-09-04""",DefiLlama; growthepie; CoinGecko; Binance; Coin Metrics,"""2026-10-05""",CC BY 4.0,https://creativecommons.org/licenses/by/4.0/,Luca Valente,"CC BY 4.0 applies to the original compilation and editorial work by Luca Valente. Underlying third-party data retain their source terms, including Coin Metrics CC BY-NC 4.0 where indicated; this export does not replace those terms."
data_health,2026-10-05,/blocchi/3/serie/1/punti/58/1,6,DefiLlama; growthepie; CoinGecko; Binance; Coin Metrics,"""2026-10-05""",CC BY 4.0,https://creativecommons.org/licenses/by/4.0/,Luca Valente,"CC BY 4.0 applies to the original compilation and editorial work by Luca Valente. Underlying third-party data retain their source terms, including Coin Metrics CC BY-NC 4.0 where indicated; this export does not replace those terms."
data_health,2026-10-05,/blocchi/3/serie/1/punti/59/0,"""2026-09-05""",DefiLlama; growthepie; CoinGecko; Binance; Coin Metrics,"""2026-10-05""",CC BY 4.0,https://creativecommons.org/licenses/by/4.0/,Luca Valente,"CC BY 4.0 applies to the original compilation and editorial work by Luca Valente. Underlying third-party data retain their source terms, including Coin Metrics CC BY-NC 4.0 where indicated; this export does not replace those terms."
data_health,2026-10-05,/blocchi/3/serie/1/punti/59/1,11,DefiLlama; growthepie; CoinGecko; Binance; Coin Metrics,"""2026-10-05""",CC BY 4.0,https://creativecommons.org/licenses/by/4.0/,Luca Valente,"CC BY 4.0 applies to the original compilation and editorial work by Luca Valente. Underlying third-party data retain their source terms, including Coin Metrics CC BY-NC 4.0 where indicated; this export does not replace those terms."
data_health,2026-10-05,/blocchi/3/serie/1/punti/60/0,"""2026-09-06""",DefiLlama; growthepie; CoinGecko; Binance; Coin Metrics,"""2026-10-05""",CC BY 4.0,https://creativecommons.org/licenses/by/4.0/,Luca Valente,"CC BY 4.0 applies to the original compilation and editorial work by Luca Valente. Underlying third-party data retain their source terms, including Coin Metrics CC BY-NC 4.0 where indicated; this export does not replace those terms."
data_health,2026-10-05,/blocchi/3/serie/1/punti/60/1,4,DefiLlama; growthepie; CoinGecko; Binance; Coin Metrics,"""2026-10-05""",CC BY 4.0,https://creativecommons.org/licenses/by/4.0/,Luca Valente,"CC BY 4.0 applies to the original compilation and editorial work by Luca Valente. Underlying third-party data retain their source terms, including Coin Metrics CC BY-NC 4.0 where indicated; this export does not replace those terms."
data_health,2026-10-05,/blocchi/3/serie/1/punti/61/0,"""2026-09-07""",DefiLlama; growthepie; CoinGecko; Binance; Coin Metrics,"""2026-10-05""",CC BY 4.0,https://creativecommons.org/licenses/by/4.0/,Luca Valente,"CC BY 4.0 applies to the original compilation and editorial work by Luca Valente. Underlying third-party data retain their source terms, including Coin Metrics CC BY-NC 4.0 where indicated; this export does not replace those terms."
data_health,2026-10-05,/blocchi/3/serie/1/punti/61/1,12,DefiLlama; growthepie; CoinGecko; Binance; Coin Metrics,"""2026-10-05""",CC BY 4.0,https://creativecommons.org/licenses/by/4.0/,Luca Valente,"CC BY 4.0 applies to the original compilation and editorial work by Luca Valente. Underlying third-party data retain their source terms, including Coin Metrics CC BY-NC 4.0 where indicated; this export does not replace those terms."
data_health,2026-10-05,/blocchi/3/serie/1/punti/62/0,"""2026-09-08""",DefiLlama; growthepie; CoinGecko; Binance; Coin Metrics,"""2026-10-05""",CC BY 4.0,https://creativecommons.org/licenses/by/4.0/,Luca Valente,"CC BY 4.0 applies to the original compilation and editorial work by Luca Valente. Underlying third-party data retain their source terms, including Coin Metrics CC BY-NC 4.0 where indicated; this export does not replace those terms."
data_health,2026-10-05,/blocchi/3/serie/1/punti/62/1,13,DefiLlama; growthepie; CoinGecko; Binance; Coin Metrics,"""2026-10-05""",CC BY 4.0,https://creativecommons.org/licenses/by/4.0/,Luca Valente,"CC BY 4.0 applies to the original compilation and editorial work by Luca Valente. Underlying third-party data retain their source terms, including Coin Metrics CC BY-NC 4.0 where indicated; this export does not replace those terms."
data_health,2026-10-05,/blocchi/3/serie/1/punti/63/0,"""2026-09-09""",DefiLlama; growthepie; CoinGecko; Binance; Coin Metrics,"""2026-10-05""",CC BY 4.0,https://creativecommons.org/licenses/by/4.0/,Luca Valente,"CC BY 4.0 applies to the original compilation and editorial work by Luca Valente. Underlying third-party data retain their source terms, including Coin Metrics CC BY-NC 4.0 where indicated; this export does not replace those terms."
data_health,2026-10-05,/blocchi/3/serie/1/punti/63/1,12,DefiLlama; growthepie; CoinGecko; Binance; Coin Metrics,"""2026-10-05""",CC BY 4.0,https://creativecommons.org/licenses/by/4.0/,Luca Valente,"CC BY 4.0 applies to the original compilation and editorial work by Luca Valente. Underlying third-party data retain their source terms, including Coin Metrics CC BY-NC 4.0 where indicated; this export does not replace those terms."
data_health,2026-10-05,/blocchi/3/serie/1/punti/64/0,"""2026-09-10""",DefiLlama; growthepie; CoinGecko; Binance; Coin Metrics,"""2026-10-05""",CC BY 4.0,https://creativecommons.org/licenses/by/4.0/,Luca Valente,"CC BY 4.0 applies to the original compilation and editorial work by Luca Valente. Underlying third-party data retain their source terms, including Coin Metrics CC BY-NC 4.0 where indicated; this export does not replace those terms."
data_health,2026-10-05,/blocchi/3/serie/1/punti/64/1,7,DefiLlama; growthepie; CoinGecko; Binance; Coin Metrics,"""2026-10-05""",CC BY 4.0,https://creativecommons.org/licenses/by/4.0/,Luca Valente,"CC BY 4.0 applies to the original compilation and editorial work by Luca Valente. Underlying third-party data retain their source terms, including Coin Metrics CC BY-NC 4.0 where indicated; this export does not replace those terms."
data_health,2026-10-05,/blocchi/3/serie/1/punti/65/0,"""2026-09-11""",DefiLlama; growthepie; CoinGecko; Binance; Coin Metrics,"""2026-10-05""",CC BY 4.0,https://creativecommons.org/licenses/by/4.0/,Luca Valente,"CC BY 4.0 applies to the original compilation and editorial work by Luca Valente. Underlying third-party data retain their source terms, including Coin Metrics CC BY-NC 4.0 where indicated; this export does not replace those terms."
data_health,2026-10-05,/blocchi/3/serie/1/punti/65/1,6,DefiLlama; growthepie; CoinGecko; Binance; Coin Metrics,"""2026-10-05""",CC BY 4.0,https://creativecommons.org/licenses/by/4.0/,Luca Valente,"CC BY 4.0 applies to the original compilation and editorial work by Luca Valente. Underlying third-party data retain their source terms, including Coin Metrics CC BY-NC 4.0 where indicated; this export does not replace those terms."
data_health,2026-10-05,/blocchi/3/serie/1/punti/66/0,"""2026-09-12""",DefiLlama; growthepie; CoinGecko; Binance; Coin Metrics,"""2026-10-05""",CC BY 4.0,https://creativecommons.org/licenses/by/4.0/,Luca Valente,"CC BY 4.0 applies to the original compilation and editorial work by Luca Valente. Underlying third-party data retain their source terms, including Coin Metrics CC BY-NC 4.0 where indicated; this export does not replace those terms."
data_health,2026-10-05,/blocchi/3/serie/1/punti/66/1,1,DefiLlama; growthepie; CoinGecko; Binance; Coin Metrics,"""2026-10-05""",CC BY 4.0,https://creativecommons.org/licenses/by/4.0/,Luca Valente,"CC BY 4.0 applies to the original compilation and editorial work by Luca Valente. Underlying third-party data retain their source terms, including Coin Metrics CC BY-NC 4.0 where indicated; this export does not replace those terms."
data_health,2026-10-05,/blocchi/3/serie/1/punti/67/0,"""2026-09-13""",DefiLlama; growthepie; CoinGecko; Binance; Coin Metrics,"""2026-10-05""",CC BY 4.0,https://creativecommons.org/licenses/by/4.0/,Luca Valente,"CC BY 4.0 applies to the original compilation and editorial work by Luca Valente. Underlying third-party data retain their source terms, including Coin Metrics CC BY-NC 4.0 where indicated; this export does not replace those terms."
data_health,2026-10-05,/blocchi/3/serie/1/punti/67/1,0,DefiLlama; growthepie; CoinGecko; Binance; Coin Metrics,"""2026-10-05""",CC BY 4.0,https://creativecommons.org/licenses/by/4.0/,Luca Valente,"CC BY 4.0 applies to the original compilation and editorial work by Luca Valente. Underlying third-party data retain their source terms, including Coin Metrics CC BY-NC 4.0 where indicated; this export does not replace those terms."
data_health,2026-10-05,/blocchi/3/serie/1/punti/68/0,"""2026-09-14""",DefiLlama; growthepie; CoinGecko; Binance; Coin Metrics,"""2026-10-05""",CC BY 4.0,https://creativecommons.org/licenses/by/4.0/,Luca Valente,"CC BY 4.0 applies to the original compilation and editorial work by Luca Valente. Underlying third-party data retain their source terms, including Coin Metrics CC BY-NC 4.0 where indicated; this export does not replace those terms."
data_health,2026-10-05,/blocchi/3/serie/1/punti/68/1,13,DefiLlama; growthepie; CoinGecko; Binance; Coin Metrics,"""2026-10-05""",CC BY 4.0,https://creativecommons.org/licenses/by/4.0/,Luca Valente,"CC BY 4.0 applies to the original compilation and editorial work by Luca Valente. Underlying third-party data retain their source terms, including Coin Metrics CC BY-NC 4.0 where indicated; this export does not replace those terms."
data_health,2026-10-05,/blocchi/3/serie/1/punti/69/0,"""2026-09-15""",DefiLlama; growthepie; CoinGecko; Binance; Coin Metrics,"""2026-10-05""",CC BY 4.0,https://creativecommons.org/licenses/by/4.0/,Luca Valente,"CC BY 4.0 applies to the original compilation and editorial work by Luca Valente. Underlying third-party data retain their source terms, including Coin Metrics CC BY-NC 4.0 where indicated; this export does not replace those terms."
data_health,2026-10-05,/blocchi/3/serie/1/punti/69/1,5,DefiLlama; growthepie; CoinGecko; Binance; Coin Metrics,"""2026-10-05""",CC BY 4.0,https://creativecommons.org/licenses/by/4.0/,Luca Valente,"CC BY 4.0 applies to the original compilation and editorial work by Luca Valente. Underlying third-party data retain their source terms, including Coin Metrics CC BY-NC 4.0 where indicated; this export does not replace those terms."
data_health,2026-10-05,/blocchi/3/serie/1/punti/70/0,"""2026-09-16""",DefiLlama; growthepie; CoinGecko; Binance; Coin Metrics,"""2026-10-05""",CC BY 4.0,https://creativecommons.org/licenses/by/4.0/,Luca Valente,"CC BY 4.0 applies to the original compilation and editorial work by Luca Valente. Underlying third-party data retain their source terms, including Coin Metrics CC BY-NC 4.0 where indicated; this export does not replace those terms."
data_health,2026-10-05,/blocchi/3/serie/1/punti/70/1,16,DefiLlama; growthepie; CoinGecko; Binance; Coin Metrics,"""2026-10-05""",CC BY 4.0,https://creativecommons.org/licenses/by/4.0/,Luca Valente,"CC BY 4.0 applies to the original compilation and editorial work by Luca Valente. Underlying third-party data retain their source terms, including Coin Metrics CC BY-NC 4.0 where indicated; this export does not replace those terms."
data_health,2026-10-05,/blocchi/3/serie/1/punti/71/0,"""2026-09-17""",DefiLlama; growthepie; CoinGecko; Binance; Coin Metrics,"""2026-10-05""",CC BY 4.0,https://creativecommons.org/licenses/by/4.0/,Luca Valente,"CC BY 4.0 applies to the original compilation and editorial work by Luca Valente. Underlying third-party data retain their source terms, including Coin Metrics CC BY-NC 4.0 where indicated; this export does not replace those terms."
data_health,2026-10-05,/blocchi/3/serie/1/punti/71/1,3,DefiLlama; growthepie; CoinGecko; Binance; Coin Metrics,"""2026-10-05""",CC BY 4.0,https://creativecommons.org/licenses/by/4.0/,Luca Valente,"CC BY 4.0 applies to the original compilation and editorial work by Luca Valente. Underlying third-party data retain their source terms, including Coin Metrics CC BY-NC 4.0 where indicated; this export does not replace those terms."
data_health,2026-10-05,/blocchi/3/serie/1/punti/72/0,"""2026-09-18""",DefiLlama; growthepie; CoinGecko; Binance; Coin Metrics,"""2026-10-05""",CC BY 4.0,https://creativecommons.org/licenses/by/4.0/,Luca Valente,"CC BY 4.0 applies to the original compilation and editorial work by Luca Valente. Underlying third-party data retain their source terms, including Coin Metrics CC BY-NC 4.0 where indicated; this export does not replace those terms."
data_health,2026-10-05,/blocchi/3/serie/1/punti/72/1,10,DefiLlama; growthepie; CoinGecko; Binance; Coin Metrics,"""2026-10-05""",CC BY 4.0,https://creativecommons.org/licenses/by/4.0/,Luca Valente,"CC BY 4.0 applies to the original compilation and editorial work by Luca Valente. Underlying third-party data retain their source terms, including Coin Metrics CC BY-NC 4.0 where indicated; this export does not replace those terms."
data_health,2026-10-05,/blocchi/3/serie/1/punti/73/0,"""2026-09-19""",DefiLlama; growthepie; CoinGecko; Binance; Coin Metrics,"""2026-10-05""",CC BY 4.0,https://creativecommons.org/licenses/by/4.0/,Luca Valente,"CC BY 4.0 applies to the original compilation and editorial work by Luca Valente. Underlying third-party data retain their source terms, including Coin Metrics CC BY-NC 4.0 where indicated; this export does not replace those terms."
data_health,2026-10-05,/blocchi/3/serie/1/punti/73/1,1,DefiLlama; growthepie; CoinGecko; Binance; Coin Metrics,"""2026-10-05""",CC BY 4.0,https://creativecommons.org/licenses/by/4.0/,Luca Valente,"CC BY 4.0 applies to the original compilation and editorial work by Luca Valente. Underlying third-party data retain their source terms, including Coin Metrics CC BY-NC 4.0 where indicated; this export does not replace those terms."
data_health,2026-10-05,/blocchi/3/serie/1/punti/74/0,"""2026-09-20""",DefiLlama; growthepie; CoinGecko; Binance; Coin Metrics,"""2026-10-05""",CC BY 4.0,https://creativecommons.org/licenses/by/4.0/,Luca Valente,"CC BY 4.0 applies to the original compilation and editorial work by Luca Valente. Underlying third-party data retain their source terms, including Coin Metrics CC BY-NC 4.0 where indicated; this export does not replace those terms."
data_health,2026-10-05,/blocchi/3/serie/1/punti/74/1,0,DefiLlama; growthepie; CoinGecko; Binance; Coin Metrics,"""2026-10-05""",CC BY 4.0,https://creativecommons.org/licenses/by/4.0/,Luca Valente,"CC BY 4.0 applies to the original compilation and editorial work by Luca Valente. Underlying third-party data retain their source terms, including Coin Metrics CC BY-NC 4.0 where indicated; this export does not replace those terms."
data_health,2026-10-05,/blocchi/3/serie/1/punti/75/0,"""2026-09-21""",DefiLlama; growthepie; CoinGecko; Binance; Coin Metrics,"""2026-10-05""",CC BY 4.0,https://creativecommons.org/licenses/by/4.0/,Luca Valente,"CC BY 4.0 applies to the original compilation and editorial work by Luca Valente. Underlying third-party data retain their source terms, including Coin Metrics CC BY-NC 4.0 where indicated; this export does not replace those terms."
data_health,2026-10-05,/blocchi/3/serie/1/punti/75/1,18,DefiLlama; growthepie; CoinGecko; Binance; Coin Metrics,"""2026-10-05""",CC BY 4.0,https://creativecommons.org/licenses/by/4.0/,Luca Valente,"CC BY 4.0 applies to the original compilation and editorial work by Luca Valente. Underlying third-party data retain their source terms, including Coin Metrics CC BY-NC 4.0 where indicated; this export does not replace those terms."
data_health,2026-10-05,/blocchi/3/serie/1/punti/76/0,"""2026-09-22""",DefiLlama; growthepie; CoinGecko; Binance; Coin Metrics,"""2026-10-05""",CC BY 4.0,https://creativecommons.org/licenses/by/4.0/,Luca Valente,"CC BY 4.0 applies to the original compilation and editorial work by Luca Valente. Underlying third-party data retain their source terms, including Coin Metrics CC BY-NC 4.0 where indicated; this export does not replace those terms."
data_health,2026-10-05,/blocchi/3/serie/1/punti/76/1,6,DefiLlama; growthepie; CoinGecko; Binance; Coin Metrics,"""2026-10-05""",CC BY 4.0,https://creativecommons.org/licenses/by/4.0/,Luca Valente,"CC BY 4.0 applies to the original compilation and editorial work by Luca Valente. Underlying third-party data retain their source terms, including Coin Metrics CC BY-NC 4.0 where indicated; this export does not replace those terms."
data_health,2026-10-05,/blocchi/3/serie/1/punti/77/0,"""2026-09-23""",DefiLlama; growthepie; CoinGecko; Binance; Coin Metrics,"""2026-10-05""",CC BY 4.0,https://creativecommons.org/licenses/by/4.0/,Luca Valente,"CC BY 4.0 applies to the original compilation and editorial work by Luca Valente. Underlying third-party data retain their source terms, including Coin Metrics CC BY-NC 4.0 where indicated; this export does not replace those terms."
data_health,2026-10-05,/blocchi/3/serie/1/punti/77/1,4,DefiLlama; growthepie; CoinGecko; Binance; Coin Metrics,"""2026-10-05""",CC BY 4.0,https://creativecommons.org/licenses/by/4.0/,Luca Valente,"CC BY 4.0 applies to the original compilation and editorial work by Luca Valente. Underlying third-party data retain their source terms, including Coin Metrics CC BY-NC 4.0 where indicated; this export does not replace those terms."
data_health,2026-10-05,/blocchi/3/serie/1/punti/78/0,"""2026-09-24""",DefiLlama; growthepie; CoinGecko; Binance; Coin Metrics,"""2026-10-05""",CC BY 4.0,https://creativecommons.org/licenses/by/4.0/,Luca Valente,"CC BY 4.0 applies to the original compilation and editorial work by Luca Valente. Underlying third-party data retain their source terms, including Coin Metrics CC BY-NC 4.0 where indicated; this export does not replace those terms."
data_health,2026-10-05,/blocchi/3/serie/1/punti/78/1,6,DefiLlama; growthepie; CoinGecko; Binance; Coin Metrics,"""2026-10-05""",CC BY 4.0,https://creativecommons.org/licenses/by/4.0/,Luca Valente,"CC BY 4.0 applies to the original compilation and editorial work by Luca Valente. Underlying third-party data retain their source terms, including Coin Metrics CC BY-NC 4.0 where indicated; this export does not replace those terms."
data_health,2026-10-05,/blocchi/3/serie/1/punti/79/0,"""2026-09-25""",DefiLlama; growthepie; CoinGecko; Binance; Coin Metrics,"""2026-10-05""",CC BY 4.0,https://creativecommons.org/licenses/by/4.0/,Luca Valente,"CC BY 4.0 applies to the original compilation and editorial work by Luca Valente. Underlying third-party data retain their source terms, including Coin Metrics CC BY-NC 4.0 where indicated; this export does not replace those terms."
data_health,2026-10-05,/blocchi/3/serie/1/punti/79/1,7,DefiLlama; growthepie; CoinGecko; Binance; Coin Metrics,"""2026-10-05""",CC BY 4.0,https://creativecommons.org/licenses/by/4.0/,Luca Valente,"CC BY 4.0 applies to the original compilation and editorial work by Luca Valente. Underlying third-party data retain their source terms, including Coin Metrics CC BY-NC 4.0 where indicated; this export does not replace those terms."
data_health,2026-10-05,/blocchi/3/serie/1/punti/80/0,"""2026-09-26""",DefiLlama; growthepie; CoinGecko; Binance; Coin Metrics,"""2026-10-05""",CC BY 4.0,https://creativecommons.org/licenses/by/4.0/,Luca Valente,"CC BY 4.0 applies to the original compilation and editorial work by Luca Valente. Underlying third-party data retain their source terms, including Coin Metrics CC BY-NC 4.0 where indicated; this export does not replace those terms."
data_health,2026-10-05,/blocchi/3/serie/1/punti/80/1,6,DefiLlama; growthepie; CoinGecko; Binance; Coin Metrics,"""2026-10-05""",CC BY 4.0,https://creativecommons.org/licenses/by/4.0/,Luca Valente,"CC BY 4.0 applies to the original compilation and editorial work by Luca Valente. Underlying third-party data retain their source terms, including Coin Metrics CC BY-NC 4.0 where indicated; this export does not replace those terms."
data_health,2026-10-05,/blocchi/3/serie/1/punti/81/0,"""2026-09-27""",DefiLlama; growthepie; CoinGecko; Binance; Coin Metrics,"""2026-10-05""",CC BY 4.0,https://creativecommons.org/licenses/by/4.0/,Luca Valente,"CC BY 4.0 applies to the original compilation and editorial work by Luca Valente. Underlying third-party data retain their source terms, including Coin Metrics CC BY-NC 4.0 where indicated; this export does not replace those terms."
data_health,2026-10-05,/blocchi/3/serie/1/punti/81/1,0,DefiLlama; growthepie; CoinGecko; Binance; Coin Metrics,"""2026-10-05""",CC BY 4.0,https://creativecommons.org/licenses/by/4.0/,Luca Valente,"CC BY 4.0 applies to the original compilation and editorial work by Luca Valente. Underlying third-party data retain their source terms, including Coin Metrics CC BY-NC 4.0 where indicated; this export does not replace those terms."
data_health,2026-10-05,/blocchi/3/serie/1/punti/82/0,"""2026-09-28""",DefiLlama; growthepie; CoinGecko; Binance; Coin Metrics,"""2026-10-05""",CC BY 4.0,https://creativecommons.org/licenses/by/4.0/,Luca Valente,"CC BY 4.0 applies to the original compilation and editorial work by Luca Valente. Underlying third-party data retain their source terms, including Coin Metrics CC BY-NC 4.0 where indicated; this export does not replace those terms."
data_health,2026-10-05,/blocchi/3/serie/1/punti/82/1,12,DefiLlama; growthepie; CoinGecko; Binance; Coin Metrics,"""2026-10-05""",CC BY 4.0,https://creativecommons.org/licenses/by/4.0/,Luca Valente,"CC BY 4.0 applies to the original compilation and editorial work by Luca Valente. Underlying third-party data retain their source terms, including Coin Metrics CC BY-NC 4.0 where indicated; this export does not replace those terms."
data_health,2026-10-05,/blocchi/3/serie/1/punti/83/0,"""2026-09-29""",DefiLlama; growthepie; CoinGecko; Binance; Coin Metrics,"""2026-10-05""",CC BY 4.0,https://creativecommons.org/licenses/by/4.0/,Luca Valente,"CC BY 4.0 applies to the original compilation and editorial work by Luca Valente. Underlying third-party data retain their source terms, including Coin Metrics CC BY-NC 4.0 where indicated; this export does not replace those terms."
data_health,2026-10-05,/blocchi/3/serie/1/punti/83/1,10,DefiLlama; growthepie; CoinGecko; Binance; Coin Metrics,"""2026-10-05""",CC BY 4.0,https://creativecommons.org/licenses/by/4.0/,Luca Valente,"CC BY 4.0 applies to the original compilation and editorial work by Luca Valente. Underlying third-party data retain their source terms, including Coin Metrics CC BY-NC 4.0 where indicated; this export does not replace those terms."
data_health,2026-10-05,/blocchi/3/serie/1/punti/84/0,"""2026-09-30""",DefiLlama; growthepie; CoinGecko; Binance; Coin Metrics,"""2026-10-05""",CC BY 4.0,https://creativecommons.org/licenses/by/4.0/,Luca Valente,"CC BY 4.0 applies to the original compilation and editorial work by Luca Valente. Underlying third-party data retain their source terms, including Coin Metrics CC BY-NC 4.0 where indicated; this export does not replace those terms."
data_health,2026-10-05,/blocchi/3/serie/1/punti/84/1,18,DefiLlama; growthepie; CoinGecko; Binance; Coin Metrics,"""2026-10-05""",CC BY 4.0,https://creativecommons.org/licenses/by/4.0/,Luca Valente,"CC BY 4.0 applies to the original compilation and editorial work by Luca Valente. Underlying third-party data retain their source terms, including Coin Metrics CC BY-NC 4.0 where indicated; this export does not replace those terms."
data_health,2026-10-05,/blocchi/3/serie/1/punti/85/0,"""2026-10-01""",DefiLlama; growthepie; CoinGecko; Binance; Coin Metrics,"""2026-10-05""",CC BY 4.0,https://creativecommons.org/licenses/by/4.0/,Luca Valente,"CC BY 4.0 applies to the original compilation and editorial work by Luca Valente. Underlying third-party data retain their source terms, including Coin Metrics CC BY-NC 4.0 where indicated; this export does not replace those terms."
data_health,2026-10-05,/blocchi/3/serie/1/punti/85/1,7,DefiLlama; growthepie; CoinGecko; Binance; Coin Metrics,"""2026-10-05""",CC BY 4.0,https://creativecommons.org/licenses/by/4.0/,Luca Valente,"CC BY 4.0 applies to the original compilation and editorial work by Luca Valente. Underlying third-party data retain their source terms, including Coin Metrics CC BY-NC 4.0 where indicated; this export does not replace those terms."
data_health,2026-10-05,/blocchi/3/serie/1/punti/86/0,"""2026-10-02""",DefiLlama; growthepie; CoinGecko; Binance; Coin Metrics,"""2026-10-05""",CC BY 4.0,https://creativecommons.org/licenses/by/4.0/,Luca Valente,"CC BY 4.0 applies to the original compilation and editorial work by Luca Valente. Underlying third-party data retain their source terms, including Coin Metrics CC BY-NC 4.0 where indicated; this export does not replace those terms."
data_health,2026-10-05,/blocchi/3/serie/1/punti/86/1,3,DefiLlama; growthepie; CoinGecko; Binance; Coin Metrics,"""2026-10-05""",CC BY 4.0,https://creativecommons.org/licenses/by/4.0/,Luca Valente,"CC BY 4.0 applies to the original compilation and editorial work by Luca Valente. Underlying third-party data retain their source terms, including Coin Metrics CC BY-NC 4.0 where indicated; this export does not replace those terms."
data_health,2026-10-05,/blocchi/3/serie/1/punti/87/0,"""2026-10-03""",DefiLlama; growthepie; CoinGecko; Binance; Coin Metrics,"""2026-10-05""",CC BY 4.0,https://creativecommons.org/licenses/by/4.0/,Luca Valente,"CC BY 4.0 applies to the original compilation and editorial work by Luca Valente. Underlying third-party data retain their source terms, including Coin Metrics CC BY-NC 4.0 where indicated; this export does not replace those terms."
data_health,2026-10-05,/blocchi/3/serie/1/punti/87/1,7,DefiLlama; growthepie; CoinGecko; Binance; Coin Metrics,"""2026-10-05""",CC BY 4.0,https://creativecommons.org/licenses/by/4.0/,Luca Valente,"CC BY 4.0 applies to the original compilation and editorial work by Luca Valente. Underlying third-party data retain their source terms, including Coin Metrics CC BY-NC 4.0 where indicated; this export does not replace those terms."
data_health,2026-10-05,/blocchi/3/serie/1/punti/88/0,"""2026-10-04""",DefiLlama; growthepie; CoinGecko; Binance; Coin Metrics,"""2026-10-05""",CC BY 4.0,https://creativecommons.org/licenses/by/4.0/,Luca Valente,"CC BY 4.0 applies to the original compilation and editorial work by Luca Valente. Underlying third-party data retain their source terms, including Coin Metrics CC BY-NC 4.0 where indicated; this export does not replace those terms."
data_health,2026-10-05,/blocchi/3/serie/1/punti/88/1,4,DefiLlama; growthepie; CoinGecko; Binance; Coin Metrics,"""2026-10-05""",CC BY 4.0,https://creativecommons.org/licenses/by/4.0/,Luca Valente,"CC BY 4.0 applies to the original compilation and editorial work by Luca Valente. Underlying third-party data retain their source terms, including Coin Metrics CC BY-NC 4.0 where indicated; this export does not replace those terms."
data_health,2026-10-05,/blocchi/3/serie/1/punti/89/0,"""2026-10-05""",DefiLlama; growthepie; CoinGecko; Binance; Coin Metrics,"""2026-10-05""",CC BY 4.0,https://creativecommons.org/licenses/by/4.0/,Luca Valente,"CC BY 4.0 applies to the original compilation and editorial work by Luca Valente. Underlying third-party data retain their source terms, including Coin Metrics CC BY-NC 4.0 where indicated; this export does not replace those terms."
data_health,2026-10-05,/blocchi/3/serie/1/punti/89/1,0,DefiLlama; growthepie; CoinGecko; Binance; Coin Metrics,"""2026-10-05""",CC BY 4.0,https://creativecommons.org/licenses/by/4.0/,Luca Valente,"CC BY 4.0 applies to the original compilation and editorial work by Luca Valente. Underlying third-party data retain their source terms, including Coin Metrics CC BY-NC 4.0 where indicated; this export does not replace those terms."
data_health,2026-10-05,/blocchi/3/nota,"""a spike or a gap sits on the day of the data; a revision on the day whose nightly run found the changed value. Revisions are found only from the night two readings of the same day were first kept""",DefiLlama; growthepie; CoinGecko; Binance; Coin Metrics,"""2026-10-05""",CC BY 4.0,https://creativecommons.org/licenses/by/4.0/,Luca Valente,"CC BY 4.0 applies to the original compilation and editorial work by Luca Valente. Underlying third-party data retain their source terms, including Coin Metrics CC BY-NC 4.0 where indicated; this export does not replace those terms."
data_health,2026-10-05,/artefatti_noti/id,"""known_artefacts""",DefiLlama; growthepie; CoinGecko; Binance; Coin Metrics,"""2026-10-05""",CC BY 4.0,https://creativecommons.org/licenses/by/4.0/,Luca Valente,"CC BY 4.0 applies to the original compilation and editorial work by Luca Valente. Underlying third-party data retain their source terms, including Coin Metrics CC BY-NC 4.0 where indicated; this export does not replace those terms."
data_health,2026-10-05,/artefatti_noti/titolo,"""Known artefacts of the sources""",DefiLlama; growthepie; CoinGecko; Binance; Coin Metrics,"""2026-10-05""",CC BY 4.0,https://creativecommons.org/licenses/by/4.0/,Luca Valente,"CC BY 4.0 applies to the original compilation and editorial work by Luca Valente. Underlying third-party data retain their source terms, including Coin Metrics CC BY-NC 4.0 where indicated; this export does not replace those terms."
data_health,2026-10-05,/artefatti_noti/disponibile,true,DefiLlama; growthepie; CoinGecko; Binance; Coin Metrics,"""2026-10-05""",CC BY 4.0,https://creativecommons.org/licenses/by/4.0/,Luca Valente,"CC BY 4.0 applies to the original compilation and editorial work by Luca Valente. Underlying third-party data retain their source terms, including Coin Metrics CC BY-NC 4.0 where indicated; this export does not replace those terms."
data_health,2026-10-05,/artefatti_noti/controllati,26,DefiLlama; growthepie; CoinGecko; Binance; Coin Metrics,"""2026-10-05""",CC BY 4.0,https://creativecommons.org/licenses/by/4.0/,Luca Valente,"CC BY 4.0 applies to the original compilation and editorial work by Luca Valente. Underlying third-party data retain their source terms, including Coin Metrics CC BY-NC 4.0 where indicated; this export does not replace those terms."
data_health,2026-10-05,/artefatti_noti/controllato_il,"""2026-10-02""",DefiLlama; growthepie; CoinGecko; Binance; Coin Metrics,"""2026-10-05""",CC BY 4.0,https://creativecommons.org/licenses/by/4.0/,Luca Valente,"CC BY 4.0 applies to the original compilation and editorial work by Luca Valente. Underlying third-party data retain their source terms, including Coin Metrics CC BY-NC 4.0 where indicated; this export does not replace those terms."
data_health,2026-10-05,/artefatti_noti/valori/0/etichetta,"""Public-list protocols with negative fee or revenue days in the last 90 days""",DefiLlama; growthepie; CoinGecko; Binance; Coin Metrics,"""2026-10-05""",CC BY 4.0,https://creativecommons.org/licenses/by/4.0/,Luca Valente,"CC BY 4.0 applies to the original compilation and editorial work by Luca Valente. Underlying third-party data retain their source terms, including Coin Metrics CC BY-NC 4.0 where indicated; this export does not replace those terms."
data_health,2026-10-05,/artefatti_noti/valori/0/valore,4,DefiLlama; growthepie; CoinGecko; Binance; Coin Metrics,"""2026-10-05""",CC BY 4.0,https://creativecommons.org/licenses/by/4.0/,Luca Valente,"CC BY 4.0 applies to the original compilation and editorial work by Luca Valente. Underlying third-party data retain their source terms, including Coin Metrics CC BY-NC 4.0 where indicated; this export does not replace those terms."
data_health,2026-10-05,/artefatti_noti/valori/0/unita,"""unita""",DefiLlama; growthepie; CoinGecko; Binance; Coin Metrics,"""2026-10-05""",CC BY 4.0,https://creativecommons.org/licenses/by/4.0/,Luca Valente,"CC BY 4.0 applies to the original compilation and editorial work by Luca Valente. Underlying third-party data retain their source terms, including Coin Metrics CC BY-NC 4.0 where indicated; this export does not replace those terms."
data_health,2026-10-05,/artefatti_noti/valori/1/etichetta,"""Watched identifiers now present in the registry of entities""",DefiLlama; growthepie; CoinGecko; Binance; Coin Metrics,"""2026-10-05""",CC BY 4.0,https://creativecommons.org/licenses/by/4.0/,Luca Valente,"CC BY 4.0 applies to the original compilation and editorial work by Luca Valente. Underlying third-party data retain their source terms, including Coin Metrics CC BY-NC 4.0 where indicated; this export does not replace those terms."
data_health,2026-10-05,/artefatti_noti/valori/1/valore,0,DefiLlama; growthepie; CoinGecko; Binance; Coin Metrics,"""2026-10-05""",CC BY 4.0,https://creativecommons.org/licenses/by/4.0/,Luca Valente,"CC BY 4.0 applies to the original compilation and editorial work by Luca Valente. Underlying third-party data retain their source terms, including Coin Metrics CC BY-NC 4.0 where indicated; this export does not replace those terms."
data_health,2026-10-05,/artefatti_noti/valori/1/unita,"""unita""",DefiLlama; growthepie; CoinGecko; Binance; Coin Metrics,"""2026-10-05""",CC BY 4.0,https://creativecommons.org/licenses/by/4.0/,Luca Valente,"CC BY 4.0 applies to the original compilation and editorial work by Luca Valente. Underlying third-party data retain their source terms, including Coin Metrics CC BY-NC 4.0 where indicated; this export does not replace those terms."
data_health,2026-10-05,/artefatti_noti/tabella/colonne/0,"""Protocol""",DefiLlama; growthepie; CoinGecko; Binance; Coin Metrics,"""2026-10-05""",CC BY 4.0,https://creativecommons.org/licenses/by/4.0/,Luca Valente,"CC BY 4.0 applies to the original compilation and editorial work by Luca Valente. Underlying third-party data retain their source terms, including Coin Metrics CC BY-NC 4.0 where indicated; this export does not replace those terms."
data_health,2026-10-05,/artefatti_noti/tabella/colonne/1,"""Measure""",DefiLlama; growthepie; CoinGecko; Binance; Coin Metrics,"""2026-10-05""",CC BY 4.0,https://creativecommons.org/licenses/by/4.0/,Luca Valente,"CC BY 4.0 applies to the original compilation and editorial work by Luca Valente. Underlying third-party data retain their source terms, including Coin Metrics CC BY-NC 4.0 where indicated; this export does not replace those terms."
data_health,2026-10-05,/artefatti_noti/tabella/colonne/2,"""Negative days in 90""",DefiLlama; growthepie; CoinGecko; Binance; Coin Metrics,"""2026-10-05""",CC BY 4.0,https://creativecommons.org/licenses/by/4.0/,Luca Valente,"CC BY 4.0 applies to the original compilation and editorial work by Luca Valente. Underlying third-party data retain their source terms, including Coin Metrics CC BY-NC 4.0 where indicated; this export does not replace those terms."
data_health,2026-10-05,/artefatti_noti/tabella/colonne/3,"""Lowest day (usd)""",DefiLlama; growthepie; CoinGecko; Binance; Coin Metrics,"""2026-10-05""",CC BY 4.0,https://creativecommons.org/licenses/by/4.0/,Luca Valente,"CC BY 4.0 applies to the original compilation and editorial work by Luca Valente. Underlying third-party data retain their source terms, including Coin Metrics CC BY-NC 4.0 where indicated; this export does not replace those terms."
data_health,2026-10-05,/artefatti_noti/tabella/colonne/4,"""Latest""",DefiLlama; growthepie; CoinGecko; Binance; Coin Metrics,"""2026-10-05""",CC BY 4.0,https://creativecommons.org/licenses/by/4.0/,Luca Valente,"CC BY 4.0 applies to the original compilation and editorial work by Luca Valente. Underlying third-party data retain their source terms, including Coin Metrics CC BY-NC 4.0 where indicated; this export does not replace those terms."
data_health,2026-10-05,/artefatti_noti/tabella/righe/0/0,"""Spark Liquidity Layer""",DefiLlama; growthepie; CoinGecko; Binance; Coin Metrics,"""2026-10-05""",CC BY 4.0,https://creativecommons.org/licenses/by/4.0/,Luca Valente,"CC BY 4.0 applies to the original compilation and editorial work by Luca Valente. Underlying third-party data retain their source terms, including Coin Metrics CC BY-NC 4.0 where indicated; this export does not replace those terms."
data_health,2026-10-05,/artefatti_noti/tabella/righe/0/1,"""revenue""",DefiLlama; growthepie; CoinGecko; Binance; Coin Metrics,"""2026-10-05""",CC BY 4.0,https://creativecommons.org/licenses/by/4.0/,Luca Valente,"CC BY 4.0 applies to the original compilation and editorial work by Luca Valente. Underlying third-party data retain their source terms, including Coin Metrics CC BY-NC 4.0 where indicated; this export does not replace those terms."
data_health,2026-10-05,/artefatti_noti/tabella/righe/0/2,6,DefiLlama; growthepie; CoinGecko; Binance; Coin Metrics,"""2026-10-05""",CC BY 4.0,https://creativecommons.org/licenses/by/4.0/,Luca Valente,"CC BY 4.0 applies to the original compilation and editorial work by Luca Valente. Underlying third-party data retain their source terms, including Coin Metrics CC BY-NC 4.0 where indicated; this export does not replace those terms."
data_health,2026-10-05,/artefatti_noti/tabella/righe/0/3,-36206,DefiLlama; growthepie; CoinGecko; Binance; Coin Metrics,"""2026-10-05""",CC BY 4.0,https://creativecommons.org/licenses/by/4.0/,Luca Valente,"CC BY 4.0 applies to the original compilation and editorial work by Luca Valente. Underlying third-party data retain their source terms, including Coin Metrics CC BY-NC 4.0 where indicated; this export does not replace those terms."
data_health,2026-10-05,/artefatti_noti/tabella/righe/0/4,"""2026-08-29""",DefiLlama; growthepie; CoinGecko; Binance; Coin Metrics,"""2026-10-05""",CC BY 4.0,https://creativecommons.org/licenses/by/4.0/,Luca Valente,"CC BY 4.0 applies to the original compilation and editorial work by Luca Valente. Underlying third-party data retain their source terms, including Coin Metrics CC BY-NC 4.0 where indicated; this export does not replace those terms."
data_health,2026-10-05,/artefatti_noti/tabella/righe/1/0,"""Gauntlet""",DefiLlama; growthepie; CoinGecko; Binance; Coin Metrics,"""2026-10-05""",CC BY 4.0,https://creativecommons.org/licenses/by/4.0/,Luca Valente,"CC BY 4.0 applies to the original compilation and editorial work by Luca Valente. Underlying third-party data retain their source terms, including Coin Metrics CC BY-NC 4.0 where indicated; this export does not replace those terms."
data_health,2026-10-05,/artefatti_noti/tabella/righe/1/1,"""fees""",DefiLlama; growthepie; CoinGecko; Binance; Coin Metrics,"""2026-10-05""",CC BY 4.0,https://creativecommons.org/licenses/by/4.0/,Luca Valente,"CC BY 4.0 applies to the original compilation and editorial work by Luca Valente. Underlying third-party data retain their source terms, including Coin Metrics CC BY-NC 4.0 where indicated; this export does not replace those terms."
data_health,2026-10-05,/artefatti_noti/tabella/righe/1/2,1,DefiLlama; growthepie; CoinGecko; Binance; Coin Metrics,"""2026-10-05""",CC BY 4.0,https://creativecommons.org/licenses/by/4.0/,Luca Valente,"CC BY 4.0 applies to the original compilation and editorial work by Luca Valente. Underlying third-party data retain their source terms, including Coin Metrics CC BY-NC 4.0 where indicated; this export does not replace those terms."
data_health,2026-10-05,/artefatti_noti/tabella/righe/1/3,-430307,DefiLlama; growthepie; CoinGecko; Binance; Coin Metrics,"""2026-10-05""",CC BY 4.0,https://creativecommons.org/licenses/by/4.0/,Luca Valente,"CC BY 4.0 applies to the original compilation and editorial work by Luca Valente. Underlying third-party data retain their source terms, including Coin Metrics CC BY-NC 4.0 where indicated; this export does not replace those terms."
data_health,2026-10-05,/artefatti_noti/tabella/righe/1/4,"""2026-07-31""",DefiLlama; growthepie; CoinGecko; Binance; Coin Metrics,"""2026-10-05""",CC BY 4.0,https://creativecommons.org/licenses/by/4.0/,Luca Valente,"CC BY 4.0 applies to the original compilation and editorial work by Luca Valente. Underlying third-party data retain their source terms, including Coin Metrics CC BY-NC 4.0 where indicated; this export does not replace those terms."
data_health,2026-10-05,/artefatti_noti/tabella/righe/2/0,"""Polymarket International""",DefiLlama; growthepie; CoinGecko; Binance; Coin Metrics,"""2026-10-05""",CC BY 4.0,https://creativecommons.org/licenses/by/4.0/,Luca Valente,"CC BY 4.0 applies to the original compilation and editorial work by Luca Valente. Underlying third-party data retain their source terms, including Coin Metrics CC BY-NC 4.0 where indicated; this export does not replace those terms."
data_health,2026-10-05,/artefatti_noti/tabella/righe/2/1,"""revenue""",DefiLlama; growthepie; CoinGecko; Binance; Coin Metrics,"""2026-10-05""",CC BY 4.0,https://creativecommons.org/licenses/by/4.0/,Luca Valente,"CC BY 4.0 applies to the original compilation and editorial work by Luca Valente. Underlying third-party data retain their source terms, including Coin Metrics CC BY-NC 4.0 where indicated; this export does not replace those terms."
data_health,2026-10-05,/artefatti_noti/tabella/righe/2/2,2,DefiLlama; growthepie; CoinGecko; Binance; Coin Metrics,"""2026-10-05""",CC BY 4.0,https://creativecommons.org/licenses/by/4.0/,Luca Valente,"CC BY 4.0 applies to the original compilation and editorial work by Luca Valente. Underlying third-party data retain their source terms, including Coin Metrics CC BY-NC 4.0 where indicated; this export does not replace those terms."
data_health,2026-10-05,/artefatti_noti/tabella/righe/2/3,-85146,DefiLlama; growthepie; CoinGecko; Binance; Coin Metrics,"""2026-10-05""",CC BY 4.0,https://creativecommons.org/licenses/by/4.0/,Luca Valente,"CC BY 4.0 applies to the original compilation and editorial work by Luca Valente. Underlying third-party data retain their source terms, including Coin Metrics CC BY-NC 4.0 where indicated; this export does not replace those terms."
data_health,2026-10-05,/artefatti_noti/tabella/righe/2/4,"""2026-08-07""",DefiLlama; growthepie; CoinGecko; Binance; Coin Metrics,"""2026-10-05""",CC BY 4.0,https://creativecommons.org/licenses/by/4.0/,Luca Valente,"CC BY 4.0 applies to the original compilation and editorial work by Luca Valente. Underlying third-party data retain their source terms, including Coin Metrics CC BY-NC 4.0 where indicated; this export does not replace those terms."
data_health,2026-10-05,/artefatti_noti/tabella/righe/3/0,"""Lombard LBTC""",DefiLlama; growthepie; CoinGecko; Binance; Coin Metrics,"""2026-10-05""",CC BY 4.0,https://creativecommons.org/licenses/by/4.0/,Luca Valente,"CC BY 4.0 applies to the original compilation and editorial work by Luca Valente. Underlying third-party data retain their source terms, including Coin Metrics CC BY-NC 4.0 where indicated; this export does not replace those terms."
data_health,2026-10-05,/artefatti_noti/tabella/righe/3/1,"""fees""",DefiLlama; growthepie; CoinGecko; Binance; Coin Metrics,"""2026-10-05""",CC BY 4.0,https://creativecommons.org/licenses/by/4.0/,Luca Valente,"CC BY 4.0 applies to the original compilation and editorial work by Luca Valente. Underlying third-party data retain their source terms, including Coin Metrics CC BY-NC 4.0 where indicated; this export does not replace those terms."
data_health,2026-10-05,/artefatti_noti/tabella/righe/3/2,6,DefiLlama; growthepie; CoinGecko; Binance; Coin Metrics,"""2026-10-05""",CC BY 4.0,https://creativecommons.org/licenses/by/4.0/,Luca Valente,"CC BY 4.0 applies to the original compilation and editorial work by Luca Valente. Underlying third-party data retain their source terms, including Coin Metrics CC BY-NC 4.0 where indicated; this export does not replace those terms."
data_health,2026-10-05,/artefatti_noti/tabella/righe/3/3,-79988,DefiLlama; growthepie; CoinGecko; Binance; Coin Metrics,"""2026-10-05""",CC BY 4.0,https://creativecommons.org/licenses/by/4.0/,Luca Valente,"CC BY 4.0 applies to the original compilation and editorial work by Luca Valente. Underlying third-party data retain their source terms, including Coin Metrics CC BY-NC 4.0 where indicated; this export does not replace those terms."
data_health,2026-10-05,/artefatti_noti/tabella/righe/3/4,"""2026-10-05""",DefiLlama; growthepie; CoinGecko; Binance; Coin Metrics,"""2026-10-05""",CC BY 4.0,https://creativecommons.org/licenses/by/4.0/,Luca Valente,"CC BY 4.0 applies to the original compilation and editorial work by Luca Valente. Underlying third-party data retain their source terms, including Coin Metrics CC BY-NC 4.0 where indicated; this export does not replace those terms."
data_health,2026-10-05,/artefatti_noti/tabella/righe/4/0,"""Lombard LBTC""",DefiLlama; growthepie; CoinGecko; Binance; Coin Metrics,"""2026-10-05""",CC BY 4.0,https://creativecommons.org/licenses/by/4.0/,Luca Valente,"CC BY 4.0 applies to the original compilation and editorial work by Luca Valente. Underlying third-party data retain their source terms, including Coin Metrics CC BY-NC 4.0 where indicated; this export does not replace those terms."
data_health,2026-10-05,/artefatti_noti/tabella/righe/4/1,"""revenue""",DefiLlama; growthepie; CoinGecko; Binance; Coin Metrics,"""2026-10-05""",CC BY 4.0,https://creativecommons.org/licenses/by/4.0/,Luca Valente,"CC BY 4.0 applies to the original compilation and editorial work by Luca Valente. Underlying third-party data retain their source terms, including Coin Metrics CC BY-NC 4.0 where indicated; this export does not replace those terms."
data_health,2026-10-05,/artefatti_noti/tabella/righe/4/2,6,DefiLlama; growthepie; CoinGecko; Binance; Coin Metrics,"""2026-10-05""",CC BY 4.0,https://creativecommons.org/licenses/by/4.0/,Luca Valente,"CC BY 4.0 applies to the original compilation and editorial work by Luca Valente. Underlying third-party data retain their source terms, including Coin Metrics CC BY-NC 4.0 where indicated; this export does not replace those terms."
data_health,2026-10-05,/artefatti_noti/tabella/righe/4/3,-6399,DefiLlama; growthepie; CoinGecko; Binance; Coin Metrics,"""2026-10-05""",CC BY 4.0,https://creativecommons.org/licenses/by/4.0/,Luca Valente,"CC BY 4.0 applies to the original compilation and editorial work by Luca Valente. Underlying third-party data retain their source terms, including Coin Metrics CC BY-NC 4.0 where indicated; this export does not replace those terms."
data_health,2026-10-05,/artefatti_noti/tabella/righe/4/4,"""2026-10-05""",DefiLlama; growthepie; CoinGecko; Binance; Coin Metrics,"""2026-10-05""",CC BY 4.0,https://creativecommons.org/licenses/by/4.0/,Luca Valente,"CC BY 4.0 applies to the original compilation and editorial work by Luca Valente. Underlying third-party data retain their source terms, including Coin Metrics CC BY-NC 4.0 where indicated; this export does not replace those terms."
data_health,2026-10-05,/artefatti_noti/sorvegliati_entrati,[],DefiLlama; growthepie; CoinGecko; Binance; Coin Metrics,"""2026-10-05""",CC BY 4.0,https://creativecommons.org/licenses/by/4.0/,Luca Valente,"CC BY 4.0 applies to the original compilation and editorial work by Luca Valente. Underlying third-party data retain their source terms, including Coin Metrics CC BY-NC 4.0 where indicated; this export does not replace those terms."
data_health,2026-10-05,/artefatti_noti/nota,"""negative days are published by the source (refunds, corrections, losses); sums include them as they are""",DefiLlama; growthepie; CoinGecko; Binance; Coin Metrics,"""2026-10-05""",CC BY 4.0,https://creativecommons.org/licenses/by/4.0/,Luca Valente,"CC BY 4.0 applies to the original compilation and editorial work by Luca Valente. Underlying third-party data retain their source terms, including Coin Metrics CC BY-NC 4.0 where indicated; this export does not replace those terms."
data_health,2026-10-05,/definizioni/gap,"""a day the source did not publish (a published zero is data)""",DefiLlama; growthepie; CoinGecko; Binance; Coin Metrics,"""2026-10-05""",CC BY 4.0,https://creativecommons.org/licenses/by/4.0/,Luca Valente,"CC BY 4.0 applies to the original compilation and editorial work by Luca Valente. Underlying third-party data retain their source terms, including Coin Metrics CC BY-NC 4.0 where indicated; this export does not replace those terms."
data_health,2026-10-05,/definizioni/isolated spike,"""a day above 5.0 times the median of the 14 days around it, with both neighbours below 2.0 times""",DefiLlama; growthepie; CoinGecko; Binance; Coin Metrics,"""2026-10-05""",CC BY 4.0,https://creativecommons.org/licenses/by/4.0/,Luca Valente,"CC BY 4.0 applies to the original compilation and editorial work by Luca Valente. Underlying third-party data retain their source terms, including Coin Metrics CC BY-NC 4.0 where indicated; this export does not replace those terms."
data_health,2026-10-05,/definizioni/isolated drop,"""value locked and stablecoins only: a day below half the median, neighbours above half""",DefiLlama; growthepie; CoinGecko; Binance; Coin Metrics,"""2026-10-05""",CC BY 4.0,https://creativecommons.org/licenses/by/4.0/,Luca Valente,"CC BY 4.0 applies to the original compilation and editorial work by Luca Valente. Underlying third-party data retain their source terms, including Coin Metrics CC BY-NC 4.0 where indicated; this export does not replace those terms."
data_health,2026-10-05,/definizioni/revision,"""the value of a past day changed by more than 1% between two nights""",DefiLlama; growthepie; CoinGecko; Binance; Coin Metrics,"""2026-10-05""",CC BY 4.0,https://creativecommons.org/licenses/by/4.0/,Luca Valente,"CC BY 4.0 applies to the original compilation and editorial work by Luca Valente. Underlying third-party data retain their source terms, including Coin Metrics CC BY-NC 4.0 where indicated; this export does not replace those terms."
data_health,2026-10-05,/definizioni/cleanliness,"""share (0-100) of the days in the window with no event""",DefiLlama; growthepie; CoinGecko; Binance; Coin Metrics,"""2026-10-05""",CC BY 4.0,https://creativecommons.org/licenses/by/4.0/,Luca Valente,"CC BY 4.0 applies to the original compilation and editorial work by Luca Valente. Underlying third-party data retain their source terms, including Coin Metrics CC BY-NC 4.0 where indicated; this export does not replace those terms."
data_health,2026-10-05,/frasi/0/id,"""serie_marcate""",DefiLlama; growthepie; CoinGecko; Binance; Coin Metrics,"""2026-10-05""",CC BY 4.0,https://creativecommons.org/licenses/by/4.0/,Luca Valente,"CC BY 4.0 applies to the original compilation and editorial work by Luca Valente. Underlying third-party data retain their source terms, including Coin Metrics CC BY-NC 4.0 where indicated; this export does not replace those terms."
data_health,2026-10-05,/frasi/0/testo,"""633 of 1106 series had a flagged day in the last 90 days""",DefiLlama; growthepie; CoinGecko; Binance; Coin Metrics,"""2026-10-05""",CC BY 4.0,https://creativecommons.org/licenses/by/4.0/,Luca Valente,"CC BY 4.0 applies to the original compilation and editorial work by Luca Valente. Underlying third-party data retain their source terms, including Coin Metrics CC BY-NC 4.0 where indicated; this export does not replace those terms."
data_health,2026-10-05,/frasi/0/modello,"""cruscotti.data_health.serie_marcate""",DefiLlama; growthepie; CoinGecko; Binance; Coin Metrics,"""2026-10-05""",CC BY 4.0,https://creativecommons.org/licenses/by/4.0/,Luca Valente,"CC BY 4.0 applies to the original compilation and editorial work by Luca Valente. Underlying third-party data retain their source terms, including Coin Metrics CC BY-NC 4.0 where indicated; this export does not replace those terms."
data_health,2026-10-05,/frasi/0/contratto,"""contratto""",DefiLlama; growthepie; CoinGecko; Binance; Coin Metrics,"""2026-10-05""",CC BY 4.0,https://creativecommons.org/licenses/by/4.0/,Luca Valente,"CC BY 4.0 applies to the original compilation and editorial work by Luca Valente. Underlying third-party data retain their source terms, including Coin Metrics CC BY-NC 4.0 where indicated; this export does not replace those terms."
data_health,2026-10-05,/frasi/0/numeri/serie_marcate,633,DefiLlama; growthepie; CoinGecko; Binance; Coin Metrics,"""2026-10-05""",CC BY 4.0,https://creativecommons.org/licenses/by/4.0/,Luca Valente,"CC BY 4.0 applies to the original compilation and editorial work by Luca Valente. Underlying third-party data retain their source terms, including Coin Metrics CC BY-NC 4.0 where indicated; this export does not replace those terms."
data_health,2026-10-05,/frasi/0/numeri/serie,1106,DefiLlama; growthepie; CoinGecko; Binance; Coin Metrics,"""2026-10-05""",CC BY 4.0,https://creativecommons.org/licenses/by/4.0/,Luca Valente,"CC BY 4.0 applies to the original compilation and editorial work by Luca Valente. Underlying third-party data retain their source terms, including Coin Metrics CC BY-NC 4.0 where indicated; this export does not replace those terms."
data_health,2026-10-05,/frasi/0/misura,"""data_check""",DefiLlama; growthepie; CoinGecko; Binance; Coin Metrics,"""2026-10-05""",CC BY 4.0,https://creativecommons.org/licenses/by/4.0/,Luca Valente,"CC BY 4.0 applies to the original compilation and editorial work by Luca Valente. Underlying third-party data retain their source terms, including Coin Metrics CC BY-NC 4.0 where indicated; this export does not replace those terms."
data_health,2026-10-05,/frasi/0/finestra_giorni,90,DefiLlama; growthepie; CoinGecko; Binance; Coin Metrics,"""2026-10-05""",CC BY 4.0,https://creativecommons.org/licenses/by/4.0/,Luca Valente,"CC BY 4.0 applies to the original compilation and editorial work by Luca Valente. Underlying third-party data retain their source terms, including Coin Metrics CC BY-NC 4.0 where indicated; this export does not replace those terms."
data_health,2026-10-05,/frasi/0/base,1106,DefiLlama; growthepie; CoinGecko; Binance; Coin Metrics,"""2026-10-05""",CC BY 4.0,https://creativecommons.org/licenses/by/4.0/,Luca Valente,"CC BY 4.0 applies to the original compilation and editorial work by Luca Valente. Underlying third-party data retain their source terms, including Coin Metrics CC BY-NC 4.0 where indicated; this export does not replace those terms."
data_health,2026-10-05,/frasi/0/base_minima,100,DefiLlama; growthepie; CoinGecko; Binance; Coin Metrics,"""2026-10-05""",CC BY 4.0,https://creativecommons.org/licenses/by/4.0/,Luca Valente,"CC BY 4.0 applies to the original compilation and editorial work by Luca Valente. Underlying third-party data retain their source terms, including Coin Metrics CC BY-NC 4.0 where indicated; this export does not replace those terms."
data_health,2026-10-05,/frasi/0/cancello,"""passa""",DefiLlama; growthepie; CoinGecko; Binance; Coin Metrics,"""2026-10-05""",CC BY 4.0,https://creativecommons.org/licenses/by/4.0/,Luca Valente,"CC BY 4.0 applies to the original compilation and editorial work by Luca Valente. Underlying third-party data retain their source terms, including Coin Metrics CC BY-NC 4.0 where indicated; this export does not replace those terms."
data_health,2026-10-05,/frasi/1/id,"""pulizia""",DefiLlama; growthepie; CoinGecko; Binance; Coin Metrics,"""2026-10-05""",CC BY 4.0,https://creativecommons.org/licenses/by/4.0/,Luca Valente,"CC BY 4.0 applies to the original compilation and editorial work by Luca Valente. Underlying third-party data retain their source terms, including Coin Metrics CC BY-NC 4.0 where indicated; this export does not replace those terms."
data_health,2026-10-05,/frasi/1/testo,"""The median data cleanliness across 1106 series was 98.9 out of 100""",DefiLlama; growthepie; CoinGecko; Binance; Coin Metrics,"""2026-10-05""",CC BY 4.0,https://creativecommons.org/licenses/by/4.0/,Luca Valente,"CC BY 4.0 applies to the original compilation and editorial work by Luca Valente. Underlying third-party data retain their source terms, including Coin Metrics CC BY-NC 4.0 where indicated; this export does not replace those terms."
data_health,2026-10-05,/frasi/1/modello,"""cruscotti.data_health.pulizia""",DefiLlama; growthepie; CoinGecko; Binance; Coin Metrics,"""2026-10-05""",CC BY 4.0,https://creativecommons.org/licenses/by/4.0/,Luca Valente,"CC BY 4.0 applies to the original compilation and editorial work by Luca Valente. Underlying third-party data retain their source terms, including Coin Metrics CC BY-NC 4.0 where indicated; this export does not replace those terms."
data_health,2026-10-05,/frasi/1/contratto,"""contratto""",DefiLlama; growthepie; CoinGecko; Binance; Coin Metrics,"""2026-10-05""",CC BY 4.0,https://creativecommons.org/licenses/by/4.0/,Luca Valente,"CC BY 4.0 applies to the original compilation and editorial work by Luca Valente. Underlying third-party data retain their source terms, including Coin Metrics CC BY-NC 4.0 where indicated; this export does not replace those terms."
data_health,2026-10-05,/frasi/1/numeri/pulizia_mediana,98.9,DefiLlama; growthepie; CoinGecko; Binance; Coin Metrics,"""2026-10-05""",CC BY 4.0,https://creativecommons.org/licenses/by/4.0/,Luca Valente,"CC BY 4.0 applies to the original compilation and editorial work by Luca Valente. Underlying third-party data retain their source terms, including Coin Metrics CC BY-NC 4.0 where indicated; this export does not replace those terms."
data_health,2026-10-05,/frasi/1/numeri/serie,1106,DefiLlama; growthepie; CoinGecko; Binance; Coin Metrics,"""2026-10-05""",CC BY 4.0,https://creativecommons.org/licenses/by/4.0/,Luca Valente,"CC BY 4.0 applies to the original compilation and editorial work by Luca Valente. Underlying third-party data retain their source terms, including Coin Metrics CC BY-NC 4.0 where indicated; this export does not replace those terms."
data_health,2026-10-05,/frasi/1/misura,"""data_check""",DefiLlama; growthepie; CoinGecko; Binance; Coin Metrics,"""2026-10-05""",CC BY 4.0,https://creativecommons.org/licenses/by/4.0/,Luca Valente,"CC BY 4.0 applies to the original compilation and editorial work by Luca Valente. Underlying third-party data retain their source terms, including Coin Metrics CC BY-NC 4.0 where indicated; this export does not replace those terms."
data_health,2026-10-05,/frasi/1/finestra_giorni,90,DefiLlama; growthepie; CoinGecko; Binance; Coin Metrics,"""2026-10-05""",CC BY 4.0,https://creativecommons.org/licenses/by/4.0/,Luca Valente,"CC BY 4.0 applies to the original compilation and editorial work by Luca Valente. Underlying third-party data retain their source terms, including Coin Metrics CC BY-NC 4.0 where indicated; this export does not replace those terms."
data_health,2026-10-05,/frasi/1/base,1106,DefiLlama; growthepie; CoinGecko; Binance; Coin Metrics,"""2026-10-05""",CC BY 4.0,https://creativecommons.org/licenses/by/4.0/,Luca Valente,"CC BY 4.0 applies to the original compilation and editorial work by Luca Valente. Underlying third-party data retain their source terms, including Coin Metrics CC BY-NC 4.0 where indicated; this export does not replace those terms."
data_health,2026-10-05,/frasi/1/base_minima,100,DefiLlama; growthepie; CoinGecko; Binance; Coin Metrics,"""2026-10-05""",CC BY 4.0,https://creativecommons.org/licenses/by/4.0/,Luca Valente,"CC BY 4.0 applies to the original compilation and editorial work by Luca Valente. Underlying third-party data retain their source terms, including Coin Metrics CC BY-NC 4.0 where indicated; this export does not replace those terms."
data_health,2026-10-05,/frasi/1/cancello,"""passa""",DefiLlama; growthepie; CoinGecko; Binance; Coin Metrics,"""2026-10-05""",CC BY 4.0,https://creativecommons.org/licenses/by/4.0/,Luca Valente,"CC BY 4.0 applies to the original compilation and editorial work by Luca Valente. Underlying third-party data retain their source terms, including Coin Metrics CC BY-NC 4.0 where indicated; this export does not replace those terms."
data_health,2026-10-05,/frasi/2/id,"""fonte_defillama""",DefiLlama; growthepie; CoinGecko; Binance; Coin Metrics,"""2026-10-05""",CC BY 4.0,https://creativecommons.org/licenses/by/4.0/,Luca Valente,"CC BY 4.0 applies to the original compilation and editorial work by Luca Valente. Underlying third-party data retain their source terms, including Coin Metrics CC BY-NC 4.0 where indicated; this export does not replace those terms."
data_health,2026-10-05,/frasi/2/testo,"""DefiLlama: 908 isolated spikes, 1056 gaps and 2680 revisions in the last 90 days""",DefiLlama; growthepie; CoinGecko; Binance; Coin Metrics,"""2026-10-05""",CC BY 4.0,https://creativecommons.org/licenses/by/4.0/,Luca Valente,"CC BY 4.0 applies to the original compilation and editorial work by Luca Valente. Underlying third-party data retain their source terms, including Coin Metrics CC BY-NC 4.0 where indicated; this export does not replace those terms."
data_health,2026-10-05,/frasi/2/modello,"""cruscotti.data_health.fonte""",DefiLlama; growthepie; CoinGecko; Binance; Coin Metrics,"""2026-10-05""",CC BY 4.0,https://creativecommons.org/licenses/by/4.0/,Luca Valente,"CC BY 4.0 applies to the original compilation and editorial work by Luca Valente. Underlying third-party data retain their source terms, including Coin Metrics CC BY-NC 4.0 where indicated; this export does not replace those terms."
data_health,2026-10-05,/frasi/2/contratto,"""contratto""",DefiLlama; growthepie; CoinGecko; Binance; Coin Metrics,"""2026-10-05""",CC BY 4.0,https://creativecommons.org/licenses/by/4.0/,Luca Valente,"CC BY 4.0 applies to the original compilation and editorial work by Luca Valente. Underlying third-party data retain their source terms, including Coin Metrics CC BY-NC 4.0 where indicated; this export does not replace those terms."
data_health,2026-10-05,/frasi/2/numeri/picchi,908,DefiLlama; growthepie; CoinGecko; Binance; Coin Metrics,"""2026-10-05""",CC BY 4.0,https://creativecommons.org/licenses/by/4.0/,Luca Valente,"CC BY 4.0 applies to the original compilation and editorial work by Luca Valente. Underlying third-party data retain their source terms, including Coin Metrics CC BY-NC 4.0 where indicated; this export does not replace those terms."
data_health,2026-10-05,/frasi/2/numeri/buchi,1056,DefiLlama; growthepie; CoinGecko; Binance; Coin Metrics,"""2026-10-05""",CC BY 4.0,https://creativecommons.org/licenses/by/4.0/,Luca Valente,"CC BY 4.0 applies to the original compilation and editorial work by Luca Valente. Underlying third-party data retain their source terms, including Coin Metrics CC BY-NC 4.0 where indicated; this export does not replace those terms."
data_health,2026-10-05,/frasi/2/numeri/revisioni,2680,DefiLlama; growthepie; CoinGecko; Binance; Coin Metrics,"""2026-10-05""",CC BY 4.0,https://creativecommons.org/licenses/by/4.0/,Luca Valente,"CC BY 4.0 applies to the original compilation and editorial work by Luca Valente. Underlying third-party data retain their source terms, including Coin Metrics CC BY-NC 4.0 where indicated; this export does not replace those terms."
data_health,2026-10-05,/frasi/2/numeri/serie,1098,DefiLlama; growthepie; CoinGecko; Binance; Coin Metrics,"""2026-10-05""",CC BY 4.0,https://creativecommons.org/licenses/by/4.0/,Luca Valente,"CC BY 4.0 applies to the original compilation and editorial work by Luca Valente. Underlying third-party data retain their source terms, including Coin Metrics CC BY-NC 4.0 where indicated; this export does not replace those terms."
data_health,2026-10-05,/frasi/2/misura,"""data_check""",DefiLlama; growthepie; CoinGecko; Binance; Coin Metrics,"""2026-10-05""",CC BY 4.0,https://creativecommons.org/licenses/by/4.0/,Luca Valente,"CC BY 4.0 applies to the original compilation and editorial work by Luca Valente. Underlying third-party data retain their source terms, including Coin Metrics CC BY-NC 4.0 where indicated; this export does not replace those terms."
data_health,2026-10-05,/frasi/2/finestra_giorni,90,DefiLlama; growthepie; CoinGecko; Binance; Coin Metrics,"""2026-10-05""",CC BY 4.0,https://creativecommons.org/licenses/by/4.0/,Luca Valente,"CC BY 4.0 applies to the original compilation and editorial work by Luca Valente. Underlying third-party data retain their source terms, including Coin Metrics CC BY-NC 4.0 where indicated; this export does not replace those terms."
data_health,2026-10-05,/frasi/2/base,1098,DefiLlama; growthepie; CoinGecko; Binance; Coin Metrics,"""2026-10-05""",CC BY 4.0,https://creativecommons.org/licenses/by/4.0/,Luca Valente,"CC BY 4.0 applies to the original compilation and editorial work by Luca Valente. Underlying third-party data retain their source terms, including Coin Metrics CC BY-NC 4.0 where indicated; this export does not replace those terms."
data_health,2026-10-05,/frasi/2/base_minima,5,DefiLlama; growthepie; CoinGecko; Binance; Coin Metrics,"""2026-10-05""",CC BY 4.0,https://creativecommons.org/licenses/by/4.0/,Luca Valente,"CC BY 4.0 applies to the original compilation and editorial work by Luca Valente. Underlying third-party data retain their source terms, including Coin Metrics CC BY-NC 4.0 where indicated; this export does not replace those terms."
data_health,2026-10-05,/frasi/2/cancello,"""passa""",DefiLlama; growthepie; CoinGecko; Binance; Coin Metrics,"""2026-10-05""",CC BY 4.0,https://creativecommons.org/licenses/by/4.0/,Luca Valente,"CC BY 4.0 applies to the original compilation and editorial work by Luca Valente. Underlying third-party data retain their source terms, including Coin Metrics CC BY-NC 4.0 where indicated; this export does not replace those terms."
data_health,2026-10-05,/frasi/3/id,"""revisioni_defillama""",DefiLlama; growthepie; CoinGecko; Binance; Coin Metrics,"""2026-10-05""",CC BY 4.0,https://creativecommons.org/licenses/by/4.0/,Luca Valente,"CC BY 4.0 applies to the original compilation and editorial work by Luca Valente. Underlying third-party data retain their source terms, including Coin Metrics CC BY-NC 4.0 where indicated; this export does not replace those terms."
data_health,2026-10-05,/frasi/3/testo,"""DefiLlama revised 1476 past days in the last 7 days""",DefiLlama; growthepie; CoinGecko; Binance; Coin Metrics,"""2026-10-05""",CC BY 4.0,https://creativecommons.org/licenses/by/4.0/,Luca Valente,"CC BY 4.0 applies to the original compilation and editorial work by Luca Valente. Underlying third-party data retain their source terms, including Coin Metrics CC BY-NC 4.0 where indicated; this export does not replace those terms."
data_health,2026-10-05,/frasi/3/modello,"""cruscotti.data_health.revisioni""",DefiLlama; growthepie; CoinGecko; Binance; Coin Metrics,"""2026-10-05""",CC BY 4.0,https://creativecommons.org/licenses/by/4.0/,Luca Valente,"CC BY 4.0 applies to the original compilation and editorial work by Luca Valente. Underlying third-party data retain their source terms, including Coin Metrics CC BY-NC 4.0 where indicated; this export does not replace those terms."
data_health,2026-10-05,/frasi/3/contratto,"""contratto""",DefiLlama; growthepie; CoinGecko; Binance; Coin Metrics,"""2026-10-05""",CC BY 4.0,https://creativecommons.org/licenses/by/4.0/,Luca Valente,"CC BY 4.0 applies to the original compilation and editorial work by Luca Valente. Underlying third-party data retain their source terms, including Coin Metrics CC BY-NC 4.0 where indicated; this export does not replace those terms."
data_health,2026-10-05,/frasi/3/numeri/revisioni_7g,1476,DefiLlama; growthepie; CoinGecko; Binance; Coin Metrics,"""2026-10-05""",CC BY 4.0,https://creativecommons.org/licenses/by/4.0/,Luca Valente,"CC BY 4.0 applies to the original compilation and editorial work by Luca Valente. Underlying third-party data retain their source terms, including Coin Metrics CC BY-NC 4.0 where indicated; this export does not replace those terms."
data_health,2026-10-05,/frasi/3/misura,"""data_check""",DefiLlama; growthepie; CoinGecko; Binance; Coin Metrics,"""2026-10-05""",CC BY 4.0,https://creativecommons.org/licenses/by/4.0/,Luca Valente,"CC BY 4.0 applies to the original compilation and editorial work by Luca Valente. Underlying third-party data retain their source terms, including Coin Metrics CC BY-NC 4.0 where indicated; this export does not replace those terms."
data_health,2026-10-05,/frasi/3/finestra_giorni,7,DefiLlama; growthepie; CoinGecko; Binance; Coin Metrics,"""2026-10-05""",CC BY 4.0,https://creativecommons.org/licenses/by/4.0/,Luca Valente,"CC BY 4.0 applies to the original compilation and editorial work by Luca Valente. Underlying third-party data retain their source terms, including Coin Metrics CC BY-NC 4.0 where indicated; this export does not replace those terms."
data_health,2026-10-05,/frasi/3/base,1098,DefiLlama; growthepie; CoinGecko; Binance; Coin Metrics,"""2026-10-05""",CC BY 4.0,https://creativecommons.org/licenses/by/4.0/,Luca Valente,"CC BY 4.0 applies to the original compilation and editorial work by Luca Valente. Underlying third-party data retain their source terms, including Coin Metrics CC BY-NC 4.0 where indicated; this export does not replace those terms."
data_health,2026-10-05,/frasi/3/base_minima,5,DefiLlama; growthepie; CoinGecko; Binance; Coin Metrics,"""2026-10-05""",CC BY 4.0,https://creativecommons.org/licenses/by/4.0/,Luca Valente,"CC BY 4.0 applies to the original compilation and editorial work by Luca Valente. Underlying third-party data retain their source terms, including Coin Metrics CC BY-NC 4.0 where indicated; this export does not replace those terms."
data_health,2026-10-05,/frasi/3/cancello,"""passa""",DefiLlama; growthepie; CoinGecko; Binance; Coin Metrics,"""2026-10-05""",CC BY 4.0,https://creativecommons.org/licenses/by/4.0/,Luca Valente,"CC BY 4.0 applies to the original compilation and editorial work by Luca Valente. Underlying third-party data retain their source terms, including Coin Metrics CC BY-NC 4.0 where indicated; this export does not replace those terms."
data_health,2026-10-05,/frasi/4/id,"""fonte_growthepie""",DefiLlama; growthepie; CoinGecko; Binance; Coin Metrics,"""2026-10-05""",CC BY 4.0,https://creativecommons.org/licenses/by/4.0/,Luca Valente,"CC BY 4.0 applies to the original compilation and editorial work by Luca Valente. Underlying third-party data retain their source terms, including Coin Metrics CC BY-NC 4.0 where indicated; this export does not replace those terms."
data_health,2026-10-05,/frasi/4/testo,"""growthepie: 0 isolated spikes, 8 gaps and 0 revisions in the last 90 days""",DefiLlama; growthepie; CoinGecko; Binance; Coin Metrics,"""2026-10-05""",CC BY 4.0,https://creativecommons.org/licenses/by/4.0/,Luca Valente,"CC BY 4.0 applies to the original compilation and editorial work by Luca Valente. Underlying third-party data retain their source terms, including Coin Metrics CC BY-NC 4.0 where indicated; this export does not replace those terms."
data_health,2026-10-05,/frasi/4/modello,"""cruscotti.data_health.fonte""",DefiLlama; growthepie; CoinGecko; Binance; Coin Metrics,"""2026-10-05""",CC BY 4.0,https://creativecommons.org/licenses/by/4.0/,Luca Valente,"CC BY 4.0 applies to the original compilation and editorial work by Luca Valente. Underlying third-party data retain their source terms, including Coin Metrics CC BY-NC 4.0 where indicated; this export does not replace those terms."
data_health,2026-10-05,/frasi/4/contratto,"""contratto""",DefiLlama; growthepie; CoinGecko; Binance; Coin Metrics,"""2026-10-05""",CC BY 4.0,https://creativecommons.org/licenses/by/4.0/,Luca Valente,"CC BY 4.0 applies to the original compilation and editorial work by Luca Valente. Underlying third-party data retain their source terms, including Coin Metrics CC BY-NC 4.0 where indicated; this export does not replace those terms."
data_health,2026-10-05,/frasi/4/numeri/picchi,0,DefiLlama; growthepie; CoinGecko; Binance; Coin Metrics,"""2026-10-05""",CC BY 4.0,https://creativecommons.org/licenses/by/4.0/,Luca Valente,"CC BY 4.0 applies to the original compilation and editorial work by Luca Valente. Underlying third-party data retain their source terms, including Coin Metrics CC BY-NC 4.0 where indicated; this export does not replace those terms."
data_health,2026-10-05,/frasi/4/numeri/buchi,8,DefiLlama; growthepie; CoinGecko; Binance; Coin Metrics,"""2026-10-05""",CC BY 4.0,https://creativecommons.org/licenses/by/4.0/,Luca Valente,"CC BY 4.0 applies to the original compilation and editorial work by Luca Valente. Underlying third-party data retain their source terms, including Coin Metrics CC BY-NC 4.0 where indicated; this export does not replace those terms."
data_health,2026-10-05,/frasi/4/numeri/revisioni,0,DefiLlama; growthepie; CoinGecko; Binance; Coin Metrics,"""2026-10-05""",CC BY 4.0,https://creativecommons.org/licenses/by/4.0/,Luca Valente,"CC BY 4.0 applies to the original compilation and editorial work by Luca Valente. Underlying third-party data retain their source terms, including Coin Metrics CC BY-NC 4.0 where indicated; this export does not replace those terms."
data_health,2026-10-05,/frasi/4/numeri/serie,8,DefiLlama; growthepie; CoinGecko; Binance; Coin Metrics,"""2026-10-05""",CC BY 4.0,https://creativecommons.org/licenses/by/4.0/,Luca Valente,"CC BY 4.0 applies to the original compilation and editorial work by Luca Valente. Underlying third-party data retain their source terms, including Coin Metrics CC BY-NC 4.0 where indicated; this export does not replace those terms."
data_health,2026-10-05,/frasi/4/misura,"""data_check""",DefiLlama; growthepie; CoinGecko; Binance; Coin Metrics,"""2026-10-05""",CC BY 4.0,https://creativecommons.org/licenses/by/4.0/,Luca Valente,"CC BY 4.0 applies to the original compilation and editorial work by Luca Valente. Underlying third-party data retain their source terms, including Coin Metrics CC BY-NC 4.0 where indicated; this export does not replace those terms."
data_health,2026-10-05,/frasi/4/finestra_giorni,90,DefiLlama; growthepie; CoinGecko; Binance; Coin Metrics,"""2026-10-05""",CC BY 4.0,https://creativecommons.org/licenses/by/4.0/,Luca Valente,"CC BY 4.0 applies to the original compilation and editorial work by Luca Valente. Underlying third-party data retain their source terms, including Coin Metrics CC BY-NC 4.0 where indicated; this export does not replace those terms."
data_health,2026-10-05,/frasi/4/base,8,DefiLlama; growthepie; CoinGecko; Binance; Coin Metrics,"""2026-10-05""",CC BY 4.0,https://creativecommons.org/licenses/by/4.0/,Luca Valente,"CC BY 4.0 applies to the original compilation and editorial work by Luca Valente. Underlying third-party data retain their source terms, including Coin Metrics CC BY-NC 4.0 where indicated; this export does not replace those terms."
data_health,2026-10-05,/frasi/4/base_minima,5,DefiLlama; growthepie; CoinGecko; Binance; Coin Metrics,"""2026-10-05""",CC BY 4.0,https://creativecommons.org/licenses/by/4.0/,Luca Valente,"CC BY 4.0 applies to the original compilation and editorial work by Luca Valente. Underlying third-party data retain their source terms, including Coin Metrics CC BY-NC 4.0 where indicated; this export does not replace those terms."
data_health,2026-10-05,/frasi/4/cancello,"""passa""",DefiLlama; growthepie; CoinGecko; Binance; Coin Metrics,"""2026-10-05""",CC BY 4.0,https://creativecommons.org/licenses/by/4.0/,Luca Valente,"CC BY 4.0 applies to the original compilation and editorial work by Luca Valente. Underlying third-party data retain their source terms, including Coin Metrics CC BY-NC 4.0 where indicated; this export does not replace those terms."
data_health,2026-10-05,/fonti/0,"""DefiLlama""",DefiLlama; growthepie; CoinGecko; Binance; Coin Metrics,"""2026-10-05""",CC BY 4.0,https://creativecommons.org/licenses/by/4.0/,Luca Valente,"CC BY 4.0 applies to the original compilation and editorial work by Luca Valente. Underlying third-party data retain their source terms, including Coin Metrics CC BY-NC 4.0 where indicated; this export does not replace those terms."
data_health,2026-10-05,/fonti/1,"""growthepie""",DefiLlama; growthepie; CoinGecko; Binance; Coin Metrics,"""2026-10-05""",CC BY 4.0,https://creativecommons.org/licenses/by/4.0/,Luca Valente,"CC BY 4.0 applies to the original compilation and editorial work by Luca Valente. Underlying third-party data retain their source terms, including Coin Metrics CC BY-NC 4.0 where indicated; this export does not replace those terms."
data_health,2026-10-05,/fonti/2,"""CoinGecko""",DefiLlama; growthepie; CoinGecko; Binance; Coin Metrics,"""2026-10-05""",CC BY 4.0,https://creativecommons.org/licenses/by/4.0/,Luca Valente,"CC BY 4.0 applies to the original compilation and editorial work by Luca Valente. Underlying third-party data retain their source terms, including Coin Metrics CC BY-NC 4.0 where indicated; this export does not replace those terms."
data_health,2026-10-05,/fonti/3,"""Binance""",DefiLlama; growthepie; CoinGecko; Binance; Coin Metrics,"""2026-10-05""",CC BY 4.0,https://creativecommons.org/licenses/by/4.0/,Luca Valente,"CC BY 4.0 applies to the original compilation and editorial work by Luca Valente. Underlying third-party data retain their source terms, including Coin Metrics CC BY-NC 4.0 where indicated; this export does not replace those terms."
data_health,2026-10-05,/fonti/4,"""Coin Metrics""",DefiLlama; growthepie; CoinGecko; Binance; Coin Metrics,"""2026-10-05""",CC BY 4.0,https://creativecommons.org/licenses/by/4.0/,Luca Valente,"CC BY 4.0 applies to the original compilation and editorial work by Luca Valente. Underlying third-party data retain their source terms, including Coin Metrics CC BY-NC 4.0 where indicated; this export does not replace those terms."
data_health,2026-10-05,/metodo,"""counts from the nightly data check over the last 90 days""",DefiLlama; growthepie; CoinGecko; Binance; Coin Metrics,"""2026-10-05""",CC BY 4.0,https://creativecommons.org/licenses/by/4.0/,Luca Valente,"CC BY 4.0 applies to the original compilation and editorial work by Luca Valente. Underlying third-party data retain their source terms, including Coin Metrics CC BY-NC 4.0 where indicated; this export does not replace those terms."
data_health,2026-10-05,/cancello,"""ok""",DefiLlama; growthepie; CoinGecko; Binance; Coin Metrics,"""2026-10-05""",CC BY 4.0,https://creativecommons.org/licenses/by/4.0/,Luca Valente,"CC BY 4.0 applies to the original compilation and editorial work by Luca Valente. Underlying third-party data retain their source terms, including Coin Metrics CC BY-NC 4.0 where indicated; this export does not replace those terms."
data_health,2026-10-05,/cancello_nota,"""gate result for the sentences: ok = at least one sentence passed; each sentence carries its own result; the values in tables and history are not certified one by one""",DefiLlama; growthepie; CoinGecko; Binance; Coin Metrics,"""2026-10-05""",CC BY 4.0,https://creativecommons.org/licenses/by/4.0/,Luca Valente,"CC BY 4.0 applies to the original compilation and editorial work by Luca Valente. Underlying third-party data retain their source terms, including Coin Metrics CC BY-NC 4.0 where indicated; this export does not replace those terms."
data_health,2026-10-05,/motivi,[],DefiLlama; growthepie; CoinGecko; Binance; Coin Metrics,"""2026-10-05""",CC BY 4.0,https://creativecommons.org/licenses/by/4.0/,Luca Valente,"CC BY 4.0 applies to the original compilation and editorial work by Luca Valente. Underlying third-party data retain their source terms, including Coin Metrics CC BY-NC 4.0 where indicated; this export does not replace those terms."
data_health,2026-10-05,/immagini/1600x900,"""immagine_2026-10-05_1600x900.png""",DefiLlama; growthepie; CoinGecko; Binance; Coin Metrics,"""2026-10-05""",CC BY 4.0,https://creativecommons.org/licenses/by/4.0/,Luca Valente,"CC BY 4.0 applies to the original compilation and editorial work by Luca Valente. Underlying third-party data retain their source terms, including Coin Metrics CC BY-NC 4.0 where indicated; this export does not replace those terms."
data_health,2026-10-05,/immagini/1080x1350,"""immagine_2026-10-05_1080x1350.png""",DefiLlama; growthepie; CoinGecko; Binance; Coin Metrics,"""2026-10-05""",CC BY 4.0,https://creativecommons.org/licenses/by/4.0/,Luca Valente,"CC BY 4.0 applies to the original compilation and editorial work by Luca Valente. Underlying third-party data retain their source terms, including Coin Metrics CC BY-NC 4.0 where indicated; this export does not replace those terms."
data_health,2026-10-05,/immagine_titolo,"""633 of 1106 series had a flagged day in the last 90 days""",DefiLlama; growthepie; CoinGecko; Binance; Coin Metrics,"""2026-10-05""",CC BY 4.0,https://creativecommons.org/licenses/by/4.0/,Luca Valente,"CC BY 4.0 applies to the original compilation and editorial work by Luca Valente. Underlying third-party data retain their source terms, including Coin Metrics CC BY-NC 4.0 where indicated; this export does not replace those terms."
data_health,2026-10-05,/carta_x,null,DefiLlama; growthepie; CoinGecko; Binance; Coin Metrics,"""2026-10-05""",CC BY 4.0,https://creativecommons.org/licenses/by/4.0/,Luca Valente,"CC BY 4.0 applies to the original compilation and editorial work by Luca Valente. Underlying third-party data retain their source terms, including Coin Metrics CC BY-NC 4.0 where indicated; this export does not replace those terms."
data_health,2026-10-05,/immagini_problemi,0,DefiLlama; growthepie; CoinGecko; Binance; Coin Metrics,"""2026-10-05""",CC BY 4.0,https://creativecommons.org/licenses/by/4.0/,Luca Valente,"CC BY 4.0 applies to the original compilation and editorial work by Luca Valente. Underlying third-party data retain their source terms, including Coin Metrics CC BY-NC 4.0 where indicated; this export does not replace those terms."
data_health,2026-10-05,/generato_il,"""2026-10-06T03:55:27Z""",DefiLlama; growthepie; CoinGecko; Binance; Coin Metrics,"""2026-10-05""",CC BY 4.0,https://creativecommons.org/licenses/by/4.0/,Luca Valente,"CC BY 4.0 applies to the original compilation and editorial work by Luca Valente. Underlying third-party data retain their source terms, including Coin Metrics CC BY-NC 4.0 where indicated; this export does not replace those terms."
