cruscotto,data,percorso,valore_json,fonte,dati_fino_a_json,licenza,licenza_url,attribuzione,nota_licenza_fonti
listino,2026-10-05,/nome,"""listino""","CoinGecko (market value); DefiLlama (fees, revenue)","{""livelli"": ""2026-10-05"", ""somme"": ""2026-10-04""}",CC BY 4.0,https://creativecommons.org/licenses/by/4.0/,Luca Valente,"CC BY 4.0 applies to the original compilation and editorial work by Luca Valente. Underlying third-party data retain their source terms, including Coin Metrics CC BY-NC 4.0 where indicated; this export does not replace those terms."
listino,2026-10-05,/titolo,"""The Price List""","CoinGecko (market value); DefiLlama (fees, revenue)","{""livelli"": ""2026-10-05"", ""somme"": ""2026-10-04""}",CC BY 4.0,https://creativecommons.org/licenses/by/4.0/,Luca Valente,"CC BY 4.0 applies to the original compilation and editorial work by Luca Valente. Underlying third-party data retain their source terms, including Coin Metrics CC BY-NC 4.0 where indicated; this export does not replace those terms."
listino,2026-10-05,/data,"""2026-10-05""","CoinGecko (market value); DefiLlama (fees, revenue)","{""livelli"": ""2026-10-05"", ""somme"": ""2026-10-04""}",CC BY 4.0,https://creativecommons.org/licenses/by/4.0/,Luca Valente,"CC BY 4.0 applies to the original compilation and editorial work by Luca Valente. Underlying third-party data retain their source terms, including Coin Metrics CC BY-NC 4.0 where indicated; this export does not replace those terms."
listino,2026-10-05,/dati_fino_a/livelli,"""2026-10-05""","CoinGecko (market value); DefiLlama (fees, revenue)","{""livelli"": ""2026-10-05"", ""somme"": ""2026-10-04""}",CC BY 4.0,https://creativecommons.org/licenses/by/4.0/,Luca Valente,"CC BY 4.0 applies to the original compilation and editorial work by Luca Valente. Underlying third-party data retain their source terms, including Coin Metrics CC BY-NC 4.0 where indicated; this export does not replace those terms."
listino,2026-10-05,/dati_fino_a/somme,"""2026-10-04""","CoinGecko (market value); DefiLlama (fees, revenue)","{""livelli"": ""2026-10-05"", ""somme"": ""2026-10-04""}",CC BY 4.0,https://creativecommons.org/licenses/by/4.0/,Luca Valente,"CC BY 4.0 applies to the original compilation and editorial work by Luca Valente. Underlying third-party data retain their source terms, including Coin Metrics CC BY-NC 4.0 where indicated; this export does not replace those terms."
listino,2026-10-05,/parola,null,"CoinGecko (market value); DefiLlama (fees, revenue)","{""livelli"": ""2026-10-05"", ""somme"": ""2026-10-04""}",CC BY 4.0,https://creativecommons.org/licenses/by/4.0/,Luca Valente,"CC BY 4.0 applies to the original compilation and editorial work by Luca Valente. Underlying third-party data retain their source terms, including Coin Metrics CC BY-NC 4.0 where indicated; this export does not replace those terms."
listino,2026-10-05,/da_quando,null,"CoinGecko (market value); DefiLlama (fees, revenue)","{""livelli"": ""2026-10-05"", ""somme"": ""2026-10-04""}",CC BY 4.0,https://creativecommons.org/licenses/by/4.0/,Luca Valente,"CC BY 4.0 applies to the original compilation and editorial work by Luca Valente. Underlying third-party data retain their source terms, including Coin Metrics CC BY-NC 4.0 where indicated; this export does not replace those terms."
listino,2026-10-05,/blocchi/0/id,"""insieme""","CoinGecko (market value); DefiLlama (fees, revenue)","{""livelli"": ""2026-10-05"", ""somme"": ""2026-10-04""}",CC BY 4.0,https://creativecommons.org/licenses/by/4.0/,Luca Valente,"CC BY 4.0 applies to the original compilation and editorial work by Luca Valente. Underlying third-party data retain their source terms, including Coin Metrics CC BY-NC 4.0 where indicated; this export does not replace those terms."
listino,2026-10-05,/blocchi/0/titolo,"""All tokens with full coverage""","CoinGecko (market value); DefiLlama (fees, revenue)","{""livelli"": ""2026-10-05"", ""somme"": ""2026-10-04""}",CC BY 4.0,https://creativecommons.org/licenses/by/4.0/,Luca Valente,"CC BY 4.0 applies to the original compilation and editorial work by Luca Valente. Underlying third-party data retain their source terms, including Coin Metrics CC BY-NC 4.0 where indicated; this export does not replace those terms."
listino,2026-10-05,/blocchi/0/valori/0/etichetta,"""Median price to annual fees across 14 tokens""","CoinGecko, DefiLlama","""2026-10-05""",CC BY 4.0,https://creativecommons.org/licenses/by/4.0/,Luca Valente,"CC BY 4.0 applies to the original compilation and editorial work by Luca Valente. Underlying third-party data retain their source terms, including Coin Metrics CC BY-NC 4.0 where indicated; this export does not replace those terms."
listino,2026-10-05,/blocchi/0/valori/0/valore,3.84,"CoinGecko, DefiLlama","""2026-10-05""",CC BY 4.0,https://creativecommons.org/licenses/by/4.0/,Luca Valente,"CC BY 4.0 applies to the original compilation and editorial work by Luca Valente. Underlying third-party data retain their source terms, including Coin Metrics CC BY-NC 4.0 where indicated; this export does not replace those terms."
listino,2026-10-05,/blocchi/0/valori/0/unita,"""x""","CoinGecko, DefiLlama","""2026-10-05""",CC BY 4.0,https://creativecommons.org/licenses/by/4.0/,Luca Valente,"CC BY 4.0 applies to the original compilation and editorial work by Luca Valente. Underlying third-party data retain their source terms, including Coin Metrics CC BY-NC 4.0 where indicated; this export does not replace those terms."
listino,2026-10-05,/blocchi/0/valori/0/tipo,"""level""","CoinGecko, DefiLlama","""2026-10-05""",CC BY 4.0,https://creativecommons.org/licenses/by/4.0/,Luca Valente,"CC BY 4.0 applies to the original compilation and editorial work by Luca Valente. Underlying third-party data retain their source terms, including Coin Metrics CC BY-NC 4.0 where indicated; this export does not replace those terms."
listino,2026-10-05,/blocchi/0/valori/0/variazioni/7,0.0098,"CoinGecko, DefiLlama","""2026-10-05""",CC BY 4.0,https://creativecommons.org/licenses/by/4.0/,Luca Valente,"CC BY 4.0 applies to the original compilation and editorial work by Luca Valente. Underlying third-party data retain their source terms, including Coin Metrics CC BY-NC 4.0 where indicated; this export does not replace those terms."
listino,2026-10-05,/blocchi/0/valori/0/variazioni/30,0.6402,"CoinGecko, DefiLlama","""2026-10-05""",CC BY 4.0,https://creativecommons.org/licenses/by/4.0/,Luca Valente,"CC BY 4.0 applies to the original compilation and editorial work by Luca Valente. Underlying third-party data retain their source terms, including Coin Metrics CC BY-NC 4.0 where indicated; this export does not replace those terms."
listino,2026-10-05,/blocchi/0/valori/0/variazioni/90,0.5716,"CoinGecko, DefiLlama","""2026-10-05""",CC BY 4.0,https://creativecommons.org/licenses/by/4.0/,Luca Valente,"CC BY 4.0 applies to the original compilation and editorial work by Luca Valente. Underlying third-party data retain their source terms, including Coin Metrics CC BY-NC 4.0 where indicated; this export does not replace those terms."
listino,2026-10-05,/blocchi/0/valori/0/percentile_1a,95.6,"CoinGecko, DefiLlama","""2026-10-05""",CC BY 4.0,https://creativecommons.org/licenses/by/4.0/,Luca Valente,"CC BY 4.0 applies to the original compilation and editorial work by Luca Valente. Underlying third-party data retain their source terms, including Coin Metrics CC BY-NC 4.0 where indicated; this export does not replace those terms."
listino,2026-10-05,/blocchi/0/valori/0/percentile_storia,95.6,"CoinGecko, DefiLlama","""2026-10-05""",CC BY 4.0,https://creativecommons.org/licenses/by/4.0/,Luca Valente,"CC BY 4.0 applies to the original compilation and editorial work by Luca Valente. Underlying third-party data retain their source terms, including Coin Metrics CC BY-NC 4.0 where indicated; this export does not replace those terms."
listino,2026-10-05,/blocchi/0/valori/0/storia_dal,"""2025-10-06""","CoinGecko, DefiLlama","""2026-10-05""",CC BY 4.0,https://creativecommons.org/licenses/by/4.0/,Luca Valente,"CC BY 4.0 applies to the original compilation and editorial work by Luca Valente. Underlying third-party data retain their source terms, including Coin Metrics CC BY-NC 4.0 where indicated; this export does not replace those terms."
listino,2026-10-05,/blocchi/0/valori/0/serie_dal,"""2025-10-06""","CoinGecko, DefiLlama","""2026-10-05""",CC BY 4.0,https://creativecommons.org/licenses/by/4.0/,Luca Valente,"CC BY 4.0 applies to the original compilation and editorial work by Luca Valente. Underlying third-party data retain their source terms, including Coin Metrics CC BY-NC 4.0 where indicated; this export does not replace those terms."
listino,2026-10-05,/blocchi/0/valori/0/giorni_di_storia,365,"CoinGecko, DefiLlama","""2026-10-05""",CC BY 4.0,https://creativecommons.org/licenses/by/4.0/,Luca Valente,"CC BY 4.0 applies to the original compilation and editorial work by Luca Valente. Underlying third-party data retain their source terms, including Coin Metrics CC BY-NC 4.0 where indicated; this export does not replace those terms."
listino,2026-10-05,/blocchi/0/valori/0/giorni_presenti,null,"CoinGecko, DefiLlama","""2026-10-05""",CC BY 4.0,https://creativecommons.org/licenses/by/4.0/,Luca Valente,"CC BY 4.0 applies to the original compilation and editorial work by Luca Valente. Underlying third-party data retain their source terms, including Coin Metrics CC BY-NC 4.0 where indicated; this export does not replace those terms."
listino,2026-10-05,/blocchi/0/valori/0/giorni_finestra,null,"CoinGecko, DefiLlama","""2026-10-05""",CC BY 4.0,https://creativecommons.org/licenses/by/4.0/,Luca Valente,"CC BY 4.0 applies to the original compilation and editorial work by Luca Valente. Underlying third-party data retain their source terms, including Coin Metrics CC BY-NC 4.0 where indicated; this export does not replace those terms."
listino,2026-10-05,/blocchi/0/valori/0/stato,"""expanding""","CoinGecko, DefiLlama","""2026-10-05""",CC BY 4.0,https://creativecommons.org/licenses/by/4.0/,Luca Valente,"CC BY 4.0 applies to the original compilation and editorial work by Luca Valente. Underlying third-party data retain their source terms, including Coin Metrics CC BY-NC 4.0 where indicated; this export does not replace those terms."
listino,2026-10-05,/blocchi/0/valori/0/da_quando,"""2026-09-18""","CoinGecko, DefiLlama","""2026-10-05""",CC BY 4.0,https://creativecommons.org/licenses/by/4.0/,Luca Valente,"CC BY 4.0 applies to the original compilation and editorial work by Luca Valente. Underlying third-party data retain their source terms, including Coin Metrics CC BY-NC 4.0 where indicated; this export does not replace those terms."
listino,2026-10-05,/blocchi/0/valori/0/da_quando_almeno,false,"CoinGecko, DefiLlama","""2026-10-05""",CC BY 4.0,https://creativecommons.org/licenses/by/4.0/,Luca Valente,"CC BY 4.0 applies to the original compilation and editorial work by Luca Valente. Underlying third-party data retain their source terms, including Coin Metrics CC BY-NC 4.0 where indicated; this export does not replace those terms."
listino,2026-10-05,/blocchi/0/valori/0/banda_flat,0.05,"CoinGecko, DefiLlama","""2026-10-05""",CC BY 4.0,https://creativecommons.org/licenses/by/4.0/,Luca Valente,"CC BY 4.0 applies to the original compilation and editorial work by Luca Valente. Underlying third-party data retain their source terms, including Coin Metrics CC BY-NC 4.0 where indicated; this export does not replace those terms."
listino,2026-10-05,/blocchi/0/valori/0/finestra_stato,30,"CoinGecko, DefiLlama","""2026-10-05""",CC BY 4.0,https://creativecommons.org/licenses/by/4.0/,Luca Valente,"CC BY 4.0 applies to the original compilation and editorial work by Luca Valente. Underlying third-party data retain their source terms, including Coin Metrics CC BY-NC 4.0 where indicated; this export does not replace those terms."
listino,2026-10-05,/blocchi/0/valori/0/fonte,"""CoinGecko, DefiLlama""","CoinGecko, DefiLlama","""2026-10-05""",CC BY 4.0,https://creativecommons.org/licenses/by/4.0/,Luca Valente,"CC BY 4.0 applies to the original compilation and editorial work by Luca Valente. Underlying third-party data retain their source terms, including Coin Metrics CC BY-NC 4.0 where indicated; this export does not replace those terms."
listino,2026-10-05,/blocchi/0/valori/0/dati_fino_a,"""2026-10-05""","CoinGecko, DefiLlama","""2026-10-05""",CC BY 4.0,https://creativecommons.org/licenses/by/4.0/,Luca Valente,"CC BY 4.0 applies to the original compilation and editorial work by Luca Valente. Underlying third-party data retain their source terms, including Coin Metrics CC BY-NC 4.0 where indicated; this export does not replace those terms."
listino,2026-10-05,/blocchi/0/valori/0/punti/0/0,"""2026-07-08""","CoinGecko, DefiLlama","""2026-10-05""",CC BY 4.0,https://creativecommons.org/licenses/by/4.0/,Luca Valente,"CC BY 4.0 applies to the original compilation and editorial work by Luca Valente. Underlying third-party data retain their source terms, including Coin Metrics CC BY-NC 4.0 where indicated; this export does not replace those terms."
listino,2026-10-05,/blocchi/0/valori/0/punti/0/1,2.528348,"CoinGecko, DefiLlama","""2026-10-05""",CC BY 4.0,https://creativecommons.org/licenses/by/4.0/,Luca Valente,"CC BY 4.0 applies to the original compilation and editorial work by Luca Valente. Underlying third-party data retain their source terms, including Coin Metrics CC BY-NC 4.0 where indicated; this export does not replace those terms."
listino,2026-10-05,/blocchi/0/valori/0/punti/1/0,"""2026-07-09""","CoinGecko, DefiLlama","""2026-10-05""",CC BY 4.0,https://creativecommons.org/licenses/by/4.0/,Luca Valente,"CC BY 4.0 applies to the original compilation and editorial work by Luca Valente. Underlying third-party data retain their source terms, including Coin Metrics CC BY-NC 4.0 where indicated; this export does not replace those terms."
listino,2026-10-05,/blocchi/0/valori/0/punti/1/1,2.255119,"CoinGecko, DefiLlama","""2026-10-05""",CC BY 4.0,https://creativecommons.org/licenses/by/4.0/,Luca Valente,"CC BY 4.0 applies to the original compilation and editorial work by Luca Valente. Underlying third-party data retain their source terms, including Coin Metrics CC BY-NC 4.0 where indicated; this export does not replace those terms."
listino,2026-10-05,/blocchi/0/valori/0/punti/2/0,"""2026-07-10""","CoinGecko, DefiLlama","""2026-10-05""",CC BY 4.0,https://creativecommons.org/licenses/by/4.0/,Luca Valente,"CC BY 4.0 applies to the original compilation and editorial work by Luca Valente. Underlying third-party data retain their source terms, including Coin Metrics CC BY-NC 4.0 where indicated; this export does not replace those terms."
listino,2026-10-05,/blocchi/0/valori/0/punti/2/1,2.349073,"CoinGecko, DefiLlama","""2026-10-05""",CC BY 4.0,https://creativecommons.org/licenses/by/4.0/,Luca Valente,"CC BY 4.0 applies to the original compilation and editorial work by Luca Valente. Underlying third-party data retain their source terms, including Coin Metrics CC BY-NC 4.0 where indicated; this export does not replace those terms."
listino,2026-10-05,/blocchi/0/valori/0/punti/3/0,"""2026-07-11""","CoinGecko, DefiLlama","""2026-10-05""",CC BY 4.0,https://creativecommons.org/licenses/by/4.0/,Luca Valente,"CC BY 4.0 applies to the original compilation and editorial work by Luca Valente. Underlying third-party data retain their source terms, including Coin Metrics CC BY-NC 4.0 where indicated; this export does not replace those terms."
listino,2026-10-05,/blocchi/0/valori/0/punti/3/1,2.428218,"CoinGecko, DefiLlama","""2026-10-05""",CC BY 4.0,https://creativecommons.org/licenses/by/4.0/,Luca Valente,"CC BY 4.0 applies to the original compilation and editorial work by Luca Valente. Underlying third-party data retain their source terms, including Coin Metrics CC BY-NC 4.0 where indicated; this export does not replace those terms."
listino,2026-10-05,/blocchi/0/valori/0/punti/4/0,"""2026-07-12""","CoinGecko, DefiLlama","""2026-10-05""",CC BY 4.0,https://creativecommons.org/licenses/by/4.0/,Luca Valente,"CC BY 4.0 applies to the original compilation and editorial work by Luca Valente. Underlying third-party data retain their source terms, including Coin Metrics CC BY-NC 4.0 where indicated; this export does not replace those terms."
listino,2026-10-05,/blocchi/0/valori/0/punti/4/1,2.442238,"CoinGecko, DefiLlama","""2026-10-05""",CC BY 4.0,https://creativecommons.org/licenses/by/4.0/,Luca Valente,"CC BY 4.0 applies to the original compilation and editorial work by Luca Valente. Underlying third-party data retain their source terms, including Coin Metrics CC BY-NC 4.0 where indicated; this export does not replace those terms."
listino,2026-10-05,/blocchi/0/valori/0/punti/5/0,"""2026-07-13""","CoinGecko, DefiLlama","""2026-10-05""",CC BY 4.0,https://creativecommons.org/licenses/by/4.0/,Luca Valente,"CC BY 4.0 applies to the original compilation and editorial work by Luca Valente. Underlying third-party data retain their source terms, including Coin Metrics CC BY-NC 4.0 where indicated; this export does not replace those terms."
listino,2026-10-05,/blocchi/0/valori/0/punti/5/1,2.450334,"CoinGecko, DefiLlama","""2026-10-05""",CC BY 4.0,https://creativecommons.org/licenses/by/4.0/,Luca Valente,"CC BY 4.0 applies to the original compilation and editorial work by Luca Valente. Underlying third-party data retain their source terms, including Coin Metrics CC BY-NC 4.0 where indicated; this export does not replace those terms."
listino,2026-10-05,/blocchi/0/valori/0/punti/6/0,"""2026-07-14""","CoinGecko, DefiLlama","""2026-10-05""",CC BY 4.0,https://creativecommons.org/licenses/by/4.0/,Luca Valente,"CC BY 4.0 applies to the original compilation and editorial work by Luca Valente. Underlying third-party data retain their source terms, including Coin Metrics CC BY-NC 4.0 where indicated; this export does not replace those terms."
listino,2026-10-05,/blocchi/0/valori/0/punti/6/1,2.549632,"CoinGecko, DefiLlama","""2026-10-05""",CC BY 4.0,https://creativecommons.org/licenses/by/4.0/,Luca Valente,"CC BY 4.0 applies to the original compilation and editorial work by Luca Valente. Underlying third-party data retain their source terms, including Coin Metrics CC BY-NC 4.0 where indicated; this export does not replace those terms."
listino,2026-10-05,/blocchi/0/valori/0/punti/7/0,"""2026-07-15""","CoinGecko, DefiLlama","""2026-10-05""",CC BY 4.0,https://creativecommons.org/licenses/by/4.0/,Luca Valente,"CC BY 4.0 applies to the original compilation and editorial work by Luca Valente. Underlying third-party data retain their source terms, including Coin Metrics CC BY-NC 4.0 where indicated; this export does not replace those terms."
listino,2026-10-05,/blocchi/0/valori/0/punti/7/1,2.570766,"CoinGecko, DefiLlama","""2026-10-05""",CC BY 4.0,https://creativecommons.org/licenses/by/4.0/,Luca Valente,"CC BY 4.0 applies to the original compilation and editorial work by Luca Valente. Underlying third-party data retain their source terms, including Coin Metrics CC BY-NC 4.0 where indicated; this export does not replace those terms."
listino,2026-10-05,/blocchi/0/valori/0/punti/8/0,"""2026-07-16""","CoinGecko, DefiLlama","""2026-10-05""",CC BY 4.0,https://creativecommons.org/licenses/by/4.0/,Luca Valente,"CC BY 4.0 applies to the original compilation and editorial work by Luca Valente. Underlying third-party data retain their source terms, including Coin Metrics CC BY-NC 4.0 where indicated; this export does not replace those terms."
listino,2026-10-05,/blocchi/0/valori/0/punti/8/1,2.509685,"CoinGecko, DefiLlama","""2026-10-05""",CC BY 4.0,https://creativecommons.org/licenses/by/4.0/,Luca Valente,"CC BY 4.0 applies to the original compilation and editorial work by Luca Valente. Underlying third-party data retain their source terms, including Coin Metrics CC BY-NC 4.0 where indicated; this export does not replace those terms."
listino,2026-10-05,/blocchi/0/valori/0/punti/9/0,"""2026-07-17""","CoinGecko, DefiLlama","""2026-10-05""",CC BY 4.0,https://creativecommons.org/licenses/by/4.0/,Luca Valente,"CC BY 4.0 applies to the original compilation and editorial work by Luca Valente. Underlying third-party data retain their source terms, including Coin Metrics CC BY-NC 4.0 where indicated; this export does not replace those terms."
listino,2026-10-05,/blocchi/0/valori/0/punti/9/1,2.356889,"CoinGecko, DefiLlama","""2026-10-05""",CC BY 4.0,https://creativecommons.org/licenses/by/4.0/,Luca Valente,"CC BY 4.0 applies to the original compilation and editorial work by Luca Valente. Underlying third-party data retain their source terms, including Coin Metrics CC BY-NC 4.0 where indicated; this export does not replace those terms."
listino,2026-10-05,/blocchi/0/valori/0/punti/10/0,"""2026-07-18""","CoinGecko, DefiLlama","""2026-10-05""",CC BY 4.0,https://creativecommons.org/licenses/by/4.0/,Luca Valente,"CC BY 4.0 applies to the original compilation and editorial work by Luca Valente. Underlying third-party data retain their source terms, including Coin Metrics CC BY-NC 4.0 where indicated; this export does not replace those terms."
listino,2026-10-05,/blocchi/0/valori/0/punti/10/1,2.363588,"CoinGecko, DefiLlama","""2026-10-05""",CC BY 4.0,https://creativecommons.org/licenses/by/4.0/,Luca Valente,"CC BY 4.0 applies to the original compilation and editorial work by Luca Valente. Underlying third-party data retain their source terms, including Coin Metrics CC BY-NC 4.0 where indicated; this export does not replace those terms."
listino,2026-10-05,/blocchi/0/valori/0/punti/11/0,"""2026-07-19""","CoinGecko, DefiLlama","""2026-10-05""",CC BY 4.0,https://creativecommons.org/licenses/by/4.0/,Luca Valente,"CC BY 4.0 applies to the original compilation and editorial work by Luca Valente. Underlying third-party data retain their source terms, including Coin Metrics CC BY-NC 4.0 where indicated; this export does not replace those terms."
listino,2026-10-05,/blocchi/0/valori/0/punti/11/1,2.282896,"CoinGecko, DefiLlama","""2026-10-05""",CC BY 4.0,https://creativecommons.org/licenses/by/4.0/,Luca Valente,"CC BY 4.0 applies to the original compilation and editorial work by Luca Valente. Underlying third-party data retain their source terms, including Coin Metrics CC BY-NC 4.0 where indicated; this export does not replace those terms."
listino,2026-10-05,/blocchi/0/valori/0/punti/12/0,"""2026-07-20""","CoinGecko, DefiLlama","""2026-10-05""",CC BY 4.0,https://creativecommons.org/licenses/by/4.0/,Luca Valente,"CC BY 4.0 applies to the original compilation and editorial work by Luca Valente. Underlying third-party data retain their source terms, including Coin Metrics CC BY-NC 4.0 where indicated; this export does not replace those terms."
listino,2026-10-05,/blocchi/0/valori/0/punti/12/1,2.35444,"CoinGecko, DefiLlama","""2026-10-05""",CC BY 4.0,https://creativecommons.org/licenses/by/4.0/,Luca Valente,"CC BY 4.0 applies to the original compilation and editorial work by Luca Valente. Underlying third-party data retain their source terms, including Coin Metrics CC BY-NC 4.0 where indicated; this export does not replace those terms."
listino,2026-10-05,/blocchi/0/valori/0/punti/13/0,"""2026-07-21""","CoinGecko, DefiLlama","""2026-10-05""",CC BY 4.0,https://creativecommons.org/licenses/by/4.0/,Luca Valente,"CC BY 4.0 applies to the original compilation and editorial work by Luca Valente. Underlying third-party data retain their source terms, including Coin Metrics CC BY-NC 4.0 where indicated; this export does not replace those terms."
listino,2026-10-05,/blocchi/0/valori/0/punti/13/1,2.514084,"CoinGecko, DefiLlama","""2026-10-05""",CC BY 4.0,https://creativecommons.org/licenses/by/4.0/,Luca Valente,"CC BY 4.0 applies to the original compilation and editorial work by Luca Valente. Underlying third-party data retain their source terms, including Coin Metrics CC BY-NC 4.0 where indicated; this export does not replace those terms."
listino,2026-10-05,/blocchi/0/valori/0/punti/14/0,"""2026-07-22""","CoinGecko, DefiLlama","""2026-10-05""",CC BY 4.0,https://creativecommons.org/licenses/by/4.0/,Luca Valente,"CC BY 4.0 applies to the original compilation and editorial work by Luca Valente. Underlying third-party data retain their source terms, including Coin Metrics CC BY-NC 4.0 where indicated; this export does not replace those terms."
listino,2026-10-05,/blocchi/0/valori/0/punti/14/1,2.52369,"CoinGecko, DefiLlama","""2026-10-05""",CC BY 4.0,https://creativecommons.org/licenses/by/4.0/,Luca Valente,"CC BY 4.0 applies to the original compilation and editorial work by Luca Valente. Underlying third-party data retain their source terms, including Coin Metrics CC BY-NC 4.0 where indicated; this export does not replace those terms."
listino,2026-10-05,/blocchi/0/valori/0/punti/15/0,"""2026-07-23""","CoinGecko, DefiLlama","""2026-10-05""",CC BY 4.0,https://creativecommons.org/licenses/by/4.0/,Luca Valente,"CC BY 4.0 applies to the original compilation and editorial work by Luca Valente. Underlying third-party data retain their source terms, including Coin Metrics CC BY-NC 4.0 where indicated; this export does not replace those terms."
listino,2026-10-05,/blocchi/0/valori/0/punti/15/1,2.507225,"CoinGecko, DefiLlama","""2026-10-05""",CC BY 4.0,https://creativecommons.org/licenses/by/4.0/,Luca Valente,"CC BY 4.0 applies to the original compilation and editorial work by Luca Valente. Underlying third-party data retain their source terms, including Coin Metrics CC BY-NC 4.0 where indicated; this export does not replace those terms."
listino,2026-10-05,/blocchi/0/valori/0/punti/16/0,"""2026-07-24""","CoinGecko, DefiLlama","""2026-10-05""",CC BY 4.0,https://creativecommons.org/licenses/by/4.0/,Luca Valente,"CC BY 4.0 applies to the original compilation and editorial work by Luca Valente. Underlying third-party data retain their source terms, including Coin Metrics CC BY-NC 4.0 where indicated; this export does not replace those terms."
listino,2026-10-05,/blocchi/0/valori/0/punti/16/1,2.504269,"CoinGecko, DefiLlama","""2026-10-05""",CC BY 4.0,https://creativecommons.org/licenses/by/4.0/,Luca Valente,"CC BY 4.0 applies to the original compilation and editorial work by Luca Valente. Underlying third-party data retain their source terms, including Coin Metrics CC BY-NC 4.0 where indicated; this export does not replace those terms."
listino,2026-10-05,/blocchi/0/valori/0/punti/17/0,"""2026-07-25""","CoinGecko, DefiLlama","""2026-10-05""",CC BY 4.0,https://creativecommons.org/licenses/by/4.0/,Luca Valente,"CC BY 4.0 applies to the original compilation and editorial work by Luca Valente. Underlying third-party data retain their source terms, including Coin Metrics CC BY-NC 4.0 where indicated; this export does not replace those terms."
listino,2026-10-05,/blocchi/0/valori/0/punti/17/1,2.423838,"CoinGecko, DefiLlama","""2026-10-05""",CC BY 4.0,https://creativecommons.org/licenses/by/4.0/,Luca Valente,"CC BY 4.0 applies to the original compilation and editorial work by Luca Valente. Underlying third-party data retain their source terms, including Coin Metrics CC BY-NC 4.0 where indicated; this export does not replace those terms."
listino,2026-10-05,/blocchi/0/valori/0/punti/18/0,"""2026-07-26""","CoinGecko, DefiLlama","""2026-10-05""",CC BY 4.0,https://creativecommons.org/licenses/by/4.0/,Luca Valente,"CC BY 4.0 applies to the original compilation and editorial work by Luca Valente. Underlying third-party data retain their source terms, including Coin Metrics CC BY-NC 4.0 where indicated; this export does not replace those terms."
listino,2026-10-05,/blocchi/0/valori/0/punti/18/1,2.389258,"CoinGecko, DefiLlama","""2026-10-05""",CC BY 4.0,https://creativecommons.org/licenses/by/4.0/,Luca Valente,"CC BY 4.0 applies to the original compilation and editorial work by Luca Valente. Underlying third-party data retain their source terms, including Coin Metrics CC BY-NC 4.0 where indicated; this export does not replace those terms."
listino,2026-10-05,/blocchi/0/valori/0/punti/19/0,"""2026-07-27""","CoinGecko, DefiLlama","""2026-10-05""",CC BY 4.0,https://creativecommons.org/licenses/by/4.0/,Luca Valente,"CC BY 4.0 applies to the original compilation and editorial work by Luca Valente. Underlying third-party data retain their source terms, including Coin Metrics CC BY-NC 4.0 where indicated; this export does not replace those terms."
listino,2026-10-05,/blocchi/0/valori/0/punti/19/1,2.404818,"CoinGecko, DefiLlama","""2026-10-05""",CC BY 4.0,https://creativecommons.org/licenses/by/4.0/,Luca Valente,"CC BY 4.0 applies to the original compilation and editorial work by Luca Valente. Underlying third-party data retain their source terms, including Coin Metrics CC BY-NC 4.0 where indicated; this export does not replace those terms."
listino,2026-10-05,/blocchi/0/valori/0/punti/20/0,"""2026-07-28""","CoinGecko, DefiLlama","""2026-10-05""",CC BY 4.0,https://creativecommons.org/licenses/by/4.0/,Luca Valente,"CC BY 4.0 applies to the original compilation and editorial work by Luca Valente. Underlying third-party data retain their source terms, including Coin Metrics CC BY-NC 4.0 where indicated; this export does not replace those terms."
listino,2026-10-05,/blocchi/0/valori/0/punti/20/1,2.323794,"CoinGecko, DefiLlama","""2026-10-05""",CC BY 4.0,https://creativecommons.org/licenses/by/4.0/,Luca Valente,"CC BY 4.0 applies to the original compilation and editorial work by Luca Valente. Underlying third-party data retain their source terms, including Coin Metrics CC BY-NC 4.0 where indicated; this export does not replace those terms."
listino,2026-10-05,/blocchi/0/valori/0/punti/21/0,"""2026-07-29""","CoinGecko, DefiLlama","""2026-10-05""",CC BY 4.0,https://creativecommons.org/licenses/by/4.0/,Luca Valente,"CC BY 4.0 applies to the original compilation and editorial work by Luca Valente. Underlying third-party data retain their source terms, including Coin Metrics CC BY-NC 4.0 where indicated; this export does not replace those terms."
listino,2026-10-05,/blocchi/0/valori/0/punti/21/1,2.260506,"CoinGecko, DefiLlama","""2026-10-05""",CC BY 4.0,https://creativecommons.org/licenses/by/4.0/,Luca Valente,"CC BY 4.0 applies to the original compilation and editorial work by Luca Valente. Underlying third-party data retain their source terms, including Coin Metrics CC BY-NC 4.0 where indicated; this export does not replace those terms."
listino,2026-10-05,/blocchi/0/valori/0/punti/22/0,"""2026-07-30""","CoinGecko, DefiLlama","""2026-10-05""",CC BY 4.0,https://creativecommons.org/licenses/by/4.0/,Luca Valente,"CC BY 4.0 applies to the original compilation and editorial work by Luca Valente. Underlying third-party data retain their source terms, including Coin Metrics CC BY-NC 4.0 where indicated; this export does not replace those terms."
listino,2026-10-05,/blocchi/0/valori/0/punti/22/1,2.279396,"CoinGecko, DefiLlama","""2026-10-05""",CC BY 4.0,https://creativecommons.org/licenses/by/4.0/,Luca Valente,"CC BY 4.0 applies to the original compilation and editorial work by Luca Valente. Underlying third-party data retain their source terms, including Coin Metrics CC BY-NC 4.0 where indicated; this export does not replace those terms."
listino,2026-10-05,/blocchi/0/valori/0/punti/23/0,"""2026-07-31""","CoinGecko, DefiLlama","""2026-10-05""",CC BY 4.0,https://creativecommons.org/licenses/by/4.0/,Luca Valente,"CC BY 4.0 applies to the original compilation and editorial work by Luca Valente. Underlying third-party data retain their source terms, including Coin Metrics CC BY-NC 4.0 where indicated; this export does not replace those terms."
listino,2026-10-05,/blocchi/0/valori/0/punti/23/1,2.15517,"CoinGecko, DefiLlama","""2026-10-05""",CC BY 4.0,https://creativecommons.org/licenses/by/4.0/,Luca Valente,"CC BY 4.0 applies to the original compilation and editorial work by Luca Valente. Underlying third-party data retain their source terms, including Coin Metrics CC BY-NC 4.0 where indicated; this export does not replace those terms."
listino,2026-10-05,/blocchi/0/valori/0/punti/24/0,"""2026-08-01""","CoinGecko, DefiLlama","""2026-10-05""",CC BY 4.0,https://creativecommons.org/licenses/by/4.0/,Luca Valente,"CC BY 4.0 applies to the original compilation and editorial work by Luca Valente. Underlying third-party data retain their source terms, including Coin Metrics CC BY-NC 4.0 where indicated; this export does not replace those terms."
listino,2026-10-05,/blocchi/0/valori/0/punti/24/1,2.182779,"CoinGecko, DefiLlama","""2026-10-05""",CC BY 4.0,https://creativecommons.org/licenses/by/4.0/,Luca Valente,"CC BY 4.0 applies to the original compilation and editorial work by Luca Valente. Underlying third-party data retain their source terms, including Coin Metrics CC BY-NC 4.0 where indicated; this export does not replace those terms."
listino,2026-10-05,/blocchi/0/valori/0/punti/25/0,"""2026-08-02""","CoinGecko, DefiLlama","""2026-10-05""",CC BY 4.0,https://creativecommons.org/licenses/by/4.0/,Luca Valente,"CC BY 4.0 applies to the original compilation and editorial work by Luca Valente. Underlying third-party data retain their source terms, including Coin Metrics CC BY-NC 4.0 where indicated; this export does not replace those terms."
listino,2026-10-05,/blocchi/0/valori/0/punti/25/1,2.133066,"CoinGecko, DefiLlama","""2026-10-05""",CC BY 4.0,https://creativecommons.org/licenses/by/4.0/,Luca Valente,"CC BY 4.0 applies to the original compilation and editorial work by Luca Valente. Underlying third-party data retain their source terms, including Coin Metrics CC BY-NC 4.0 where indicated; this export does not replace those terms."
listino,2026-10-05,/blocchi/0/valori/0/punti/26/0,"""2026-08-03""","CoinGecko, DefiLlama","""2026-10-05""",CC BY 4.0,https://creativecommons.org/licenses/by/4.0/,Luca Valente,"CC BY 4.0 applies to the original compilation and editorial work by Luca Valente. Underlying third-party data retain their source terms, including Coin Metrics CC BY-NC 4.0 where indicated; this export does not replace those terms."
listino,2026-10-05,/blocchi/0/valori/0/punti/26/1,2.128115,"CoinGecko, DefiLlama","""2026-10-05""",CC BY 4.0,https://creativecommons.org/licenses/by/4.0/,Luca Valente,"CC BY 4.0 applies to the original compilation and editorial work by Luca Valente. Underlying third-party data retain their source terms, including Coin Metrics CC BY-NC 4.0 where indicated; this export does not replace those terms."
listino,2026-10-05,/blocchi/0/valori/0/punti/27/0,"""2026-08-04""","CoinGecko, DefiLlama","""2026-10-05""",CC BY 4.0,https://creativecommons.org/licenses/by/4.0/,Luca Valente,"CC BY 4.0 applies to the original compilation and editorial work by Luca Valente. Underlying third-party data retain their source terms, including Coin Metrics CC BY-NC 4.0 where indicated; this export does not replace those terms."
listino,2026-10-05,/blocchi/0/valori/0/punti/27/1,2.193683,"CoinGecko, DefiLlama","""2026-10-05""",CC BY 4.0,https://creativecommons.org/licenses/by/4.0/,Luca Valente,"CC BY 4.0 applies to the original compilation and editorial work by Luca Valente. Underlying third-party data retain their source terms, including Coin Metrics CC BY-NC 4.0 where indicated; this export does not replace those terms."
listino,2026-10-05,/blocchi/0/valori/0/punti/28/0,"""2026-08-05""","CoinGecko, DefiLlama","""2026-10-05""",CC BY 4.0,https://creativecommons.org/licenses/by/4.0/,Luca Valente,"CC BY 4.0 applies to the original compilation and editorial work by Luca Valente. Underlying third-party data retain their source terms, including Coin Metrics CC BY-NC 4.0 where indicated; this export does not replace those terms."
listino,2026-10-05,/blocchi/0/valori/0/punti/28/1,2.158805,"CoinGecko, DefiLlama","""2026-10-05""",CC BY 4.0,https://creativecommons.org/licenses/by/4.0/,Luca Valente,"CC BY 4.0 applies to the original compilation and editorial work by Luca Valente. Underlying third-party data retain their source terms, including Coin Metrics CC BY-NC 4.0 where indicated; this export does not replace those terms."
listino,2026-10-05,/blocchi/0/valori/0/punti/29/0,"""2026-08-06""","CoinGecko, DefiLlama","""2026-10-05""",CC BY 4.0,https://creativecommons.org/licenses/by/4.0/,Luca Valente,"CC BY 4.0 applies to the original compilation and editorial work by Luca Valente. Underlying third-party data retain their source terms, including Coin Metrics CC BY-NC 4.0 where indicated; this export does not replace those terms."
listino,2026-10-05,/blocchi/0/valori/0/punti/29/1,2.229519,"CoinGecko, DefiLlama","""2026-10-05""",CC BY 4.0,https://creativecommons.org/licenses/by/4.0/,Luca Valente,"CC BY 4.0 applies to the original compilation and editorial work by Luca Valente. Underlying third-party data retain their source terms, including Coin Metrics CC BY-NC 4.0 where indicated; this export does not replace those terms."
listino,2026-10-05,/blocchi/0/valori/0/punti/30/0,"""2026-08-07""","CoinGecko, DefiLlama","""2026-10-05""",CC BY 4.0,https://creativecommons.org/licenses/by/4.0/,Luca Valente,"CC BY 4.0 applies to the original compilation and editorial work by Luca Valente. Underlying third-party data retain their source terms, including Coin Metrics CC BY-NC 4.0 where indicated; this export does not replace those terms."
listino,2026-10-05,/blocchi/0/valori/0/punti/30/1,2.098693,"CoinGecko, DefiLlama","""2026-10-05""",CC BY 4.0,https://creativecommons.org/licenses/by/4.0/,Luca Valente,"CC BY 4.0 applies to the original compilation and editorial work by Luca Valente. Underlying third-party data retain their source terms, including Coin Metrics CC BY-NC 4.0 where indicated; this export does not replace those terms."
listino,2026-10-05,/blocchi/0/valori/0/punti/31/0,"""2026-08-08""","CoinGecko, DefiLlama","""2026-10-05""",CC BY 4.0,https://creativecommons.org/licenses/by/4.0/,Luca Valente,"CC BY 4.0 applies to the original compilation and editorial work by Luca Valente. Underlying third-party data retain their source terms, including Coin Metrics CC BY-NC 4.0 where indicated; this export does not replace those terms."
listino,2026-10-05,/blocchi/0/valori/0/punti/31/1,2.113959,"CoinGecko, DefiLlama","""2026-10-05""",CC BY 4.0,https://creativecommons.org/licenses/by/4.0/,Luca Valente,"CC BY 4.0 applies to the original compilation and editorial work by Luca Valente. Underlying third-party data retain their source terms, including Coin Metrics CC BY-NC 4.0 where indicated; this export does not replace those terms."
listino,2026-10-05,/blocchi/0/valori/0/punti/32/0,"""2026-08-09""","CoinGecko, DefiLlama","""2026-10-05""",CC BY 4.0,https://creativecommons.org/licenses/by/4.0/,Luca Valente,"CC BY 4.0 applies to the original compilation and editorial work by Luca Valente. Underlying third-party data retain their source terms, including Coin Metrics CC BY-NC 4.0 where indicated; this export does not replace those terms."
listino,2026-10-05,/blocchi/0/valori/0/punti/32/1,2.168692,"CoinGecko, DefiLlama","""2026-10-05""",CC BY 4.0,https://creativecommons.org/licenses/by/4.0/,Luca Valente,"CC BY 4.0 applies to the original compilation and editorial work by Luca Valente. Underlying third-party data retain their source terms, including Coin Metrics CC BY-NC 4.0 where indicated; this export does not replace those terms."
listino,2026-10-05,/blocchi/0/valori/0/punti/33/0,"""2026-08-10""","CoinGecko, DefiLlama","""2026-10-05""",CC BY 4.0,https://creativecommons.org/licenses/by/4.0/,Luca Valente,"CC BY 4.0 applies to the original compilation and editorial work by Luca Valente. Underlying third-party data retain their source terms, including Coin Metrics CC BY-NC 4.0 where indicated; this export does not replace those terms."
listino,2026-10-05,/blocchi/0/valori/0/punti/33/1,2.203702,"CoinGecko, DefiLlama","""2026-10-05""",CC BY 4.0,https://creativecommons.org/licenses/by/4.0/,Luca Valente,"CC BY 4.0 applies to the original compilation and editorial work by Luca Valente. Underlying third-party data retain their source terms, including Coin Metrics CC BY-NC 4.0 where indicated; this export does not replace those terms."
listino,2026-10-05,/blocchi/0/valori/0/punti/34/0,"""2026-08-11""","CoinGecko, DefiLlama","""2026-10-05""",CC BY 4.0,https://creativecommons.org/licenses/by/4.0/,Luca Valente,"CC BY 4.0 applies to the original compilation and editorial work by Luca Valente. Underlying third-party data retain their source terms, including Coin Metrics CC BY-NC 4.0 where indicated; this export does not replace those terms."
listino,2026-10-05,/blocchi/0/valori/0/punti/34/1,2.257693,"CoinGecko, DefiLlama","""2026-10-05""",CC BY 4.0,https://creativecommons.org/licenses/by/4.0/,Luca Valente,"CC BY 4.0 applies to the original compilation and editorial work by Luca Valente. Underlying third-party data retain their source terms, including Coin Metrics CC BY-NC 4.0 where indicated; this export does not replace those terms."
listino,2026-10-05,/blocchi/0/valori/0/punti/35/0,"""2026-08-12""","CoinGecko, DefiLlama","""2026-10-05""",CC BY 4.0,https://creativecommons.org/licenses/by/4.0/,Luca Valente,"CC BY 4.0 applies to the original compilation and editorial work by Luca Valente. Underlying third-party data retain their source terms, including Coin Metrics CC BY-NC 4.0 where indicated; this export does not replace those terms."
listino,2026-10-05,/blocchi/0/valori/0/punti/35/1,2.264412,"CoinGecko, DefiLlama","""2026-10-05""",CC BY 4.0,https://creativecommons.org/licenses/by/4.0/,Luca Valente,"CC BY 4.0 applies to the original compilation and editorial work by Luca Valente. Underlying third-party data retain their source terms, including Coin Metrics CC BY-NC 4.0 where indicated; this export does not replace those terms."
listino,2026-10-05,/blocchi/0/valori/0/punti/36/0,"""2026-08-13""","CoinGecko, DefiLlama","""2026-10-05""",CC BY 4.0,https://creativecommons.org/licenses/by/4.0/,Luca Valente,"CC BY 4.0 applies to the original compilation and editorial work by Luca Valente. Underlying third-party data retain their source terms, including Coin Metrics CC BY-NC 4.0 where indicated; this export does not replace those terms."
listino,2026-10-05,/blocchi/0/valori/0/punti/36/1,2.252447,"CoinGecko, DefiLlama","""2026-10-05""",CC BY 4.0,https://creativecommons.org/licenses/by/4.0/,Luca Valente,"CC BY 4.0 applies to the original compilation and editorial work by Luca Valente. Underlying third-party data retain their source terms, including Coin Metrics CC BY-NC 4.0 where indicated; this export does not replace those terms."
listino,2026-10-05,/blocchi/0/valori/0/punti/37/0,"""2026-08-14""","CoinGecko, DefiLlama","""2026-10-05""",CC BY 4.0,https://creativecommons.org/licenses/by/4.0/,Luca Valente,"CC BY 4.0 applies to the original compilation and editorial work by Luca Valente. Underlying third-party data retain their source terms, including Coin Metrics CC BY-NC 4.0 where indicated; this export does not replace those terms."
listino,2026-10-05,/blocchi/0/valori/0/punti/37/1,2.275795,"CoinGecko, DefiLlama","""2026-10-05""",CC BY 4.0,https://creativecommons.org/licenses/by/4.0/,Luca Valente,"CC BY 4.0 applies to the original compilation and editorial work by Luca Valente. Underlying third-party data retain their source terms, including Coin Metrics CC BY-NC 4.0 where indicated; this export does not replace those terms."
listino,2026-10-05,/blocchi/0/valori/0/punti/38/0,"""2026-08-15""","CoinGecko, DefiLlama","""2026-10-05""",CC BY 4.0,https://creativecommons.org/licenses/by/4.0/,Luca Valente,"CC BY 4.0 applies to the original compilation and editorial work by Luca Valente. Underlying third-party data retain their source terms, including Coin Metrics CC BY-NC 4.0 where indicated; this export does not replace those terms."
listino,2026-10-05,/blocchi/0/valori/0/punti/38/1,2.316015,"CoinGecko, DefiLlama","""2026-10-05""",CC BY 4.0,https://creativecommons.org/licenses/by/4.0/,Luca Valente,"CC BY 4.0 applies to the original compilation and editorial work by Luca Valente. Underlying third-party data retain their source terms, including Coin Metrics CC BY-NC 4.0 where indicated; this export does not replace those terms."
listino,2026-10-05,/blocchi/0/valori/0/punti/39/0,"""2026-08-16""","CoinGecko, DefiLlama","""2026-10-05""",CC BY 4.0,https://creativecommons.org/licenses/by/4.0/,Luca Valente,"CC BY 4.0 applies to the original compilation and editorial work by Luca Valente. Underlying third-party data retain their source terms, including Coin Metrics CC BY-NC 4.0 where indicated; this export does not replace those terms."
listino,2026-10-05,/blocchi/0/valori/0/punti/39/1,2.395602,"CoinGecko, DefiLlama","""2026-10-05""",CC BY 4.0,https://creativecommons.org/licenses/by/4.0/,Luca Valente,"CC BY 4.0 applies to the original compilation and editorial work by Luca Valente. Underlying third-party data retain their source terms, including Coin Metrics CC BY-NC 4.0 where indicated; this export does not replace those terms."
listino,2026-10-05,/blocchi/0/valori/0/punti/40/0,"""2026-08-17""","CoinGecko, DefiLlama","""2026-10-05""",CC BY 4.0,https://creativecommons.org/licenses/by/4.0/,Luca Valente,"CC BY 4.0 applies to the original compilation and editorial work by Luca Valente. Underlying third-party data retain their source terms, including Coin Metrics CC BY-NC 4.0 where indicated; this export does not replace those terms."
listino,2026-10-05,/blocchi/0/valori/0/punti/40/1,2.410595,"CoinGecko, DefiLlama","""2026-10-05""",CC BY 4.0,https://creativecommons.org/licenses/by/4.0/,Luca Valente,"CC BY 4.0 applies to the original compilation and editorial work by Luca Valente. Underlying third-party data retain their source terms, including Coin Metrics CC BY-NC 4.0 where indicated; this export does not replace those terms."
listino,2026-10-05,/blocchi/0/valori/0/punti/41/0,"""2026-08-18""","CoinGecko, DefiLlama","""2026-10-05""",CC BY 4.0,https://creativecommons.org/licenses/by/4.0/,Luca Valente,"CC BY 4.0 applies to the original compilation and editorial work by Luca Valente. Underlying third-party data retain their source terms, including Coin Metrics CC BY-NC 4.0 where indicated; this export does not replace those terms."
listino,2026-10-05,/blocchi/0/valori/0/punti/41/1,2.428436,"CoinGecko, DefiLlama","""2026-10-05""",CC BY 4.0,https://creativecommons.org/licenses/by/4.0/,Luca Valente,"CC BY 4.0 applies to the original compilation and editorial work by Luca Valente. Underlying third-party data retain their source terms, including Coin Metrics CC BY-NC 4.0 where indicated; this export does not replace those terms."
listino,2026-10-05,/blocchi/0/valori/0/punti/42/0,"""2026-08-19""","CoinGecko, DefiLlama","""2026-10-05""",CC BY 4.0,https://creativecommons.org/licenses/by/4.0/,Luca Valente,"CC BY 4.0 applies to the original compilation and editorial work by Luca Valente. Underlying third-party data retain their source terms, including Coin Metrics CC BY-NC 4.0 where indicated; this export does not replace those terms."
listino,2026-10-05,/blocchi/0/valori/0/punti/42/1,2.32405,"CoinGecko, DefiLlama","""2026-10-05""",CC BY 4.0,https://creativecommons.org/licenses/by/4.0/,Luca Valente,"CC BY 4.0 applies to the original compilation and editorial work by Luca Valente. Underlying third-party data retain their source terms, including Coin Metrics CC BY-NC 4.0 where indicated; this export does not replace those terms."
listino,2026-10-05,/blocchi/0/valori/0/punti/43/0,"""2026-08-20""","CoinGecko, DefiLlama","""2026-10-05""",CC BY 4.0,https://creativecommons.org/licenses/by/4.0/,Luca Valente,"CC BY 4.0 applies to the original compilation and editorial work by Luca Valente. Underlying third-party data retain their source terms, including Coin Metrics CC BY-NC 4.0 where indicated; this export does not replace those terms."
listino,2026-10-05,/blocchi/0/valori/0/punti/43/1,2.446045,"CoinGecko, DefiLlama","""2026-10-05""",CC BY 4.0,https://creativecommons.org/licenses/by/4.0/,Luca Valente,"CC BY 4.0 applies to the original compilation and editorial work by Luca Valente. Underlying third-party data retain their source terms, including Coin Metrics CC BY-NC 4.0 where indicated; this export does not replace those terms."
listino,2026-10-05,/blocchi/0/valori/0/punti/44/0,"""2026-08-21""","CoinGecko, DefiLlama","""2026-10-05""",CC BY 4.0,https://creativecommons.org/licenses/by/4.0/,Luca Valente,"CC BY 4.0 applies to the original compilation and editorial work by Luca Valente. Underlying third-party data retain their source terms, including Coin Metrics CC BY-NC 4.0 where indicated; this export does not replace those terms."
listino,2026-10-05,/blocchi/0/valori/0/punti/44/1,2.510903,"CoinGecko, DefiLlama","""2026-10-05""",CC BY 4.0,https://creativecommons.org/licenses/by/4.0/,Luca Valente,"CC BY 4.0 applies to the original compilation and editorial work by Luca Valente. Underlying third-party data retain their source terms, including Coin Metrics CC BY-NC 4.0 where indicated; this export does not replace those terms."
listino,2026-10-05,/blocchi/0/valori/0/punti/45/0,"""2026-08-22""","CoinGecko, DefiLlama","""2026-10-05""",CC BY 4.0,https://creativecommons.org/licenses/by/4.0/,Luca Valente,"CC BY 4.0 applies to the original compilation and editorial work by Luca Valente. Underlying third-party data retain their source terms, including Coin Metrics CC BY-NC 4.0 where indicated; this export does not replace those terms."
listino,2026-10-05,/blocchi/0/valori/0/punti/45/1,2.869617,"CoinGecko, DefiLlama","""2026-10-05""",CC BY 4.0,https://creativecommons.org/licenses/by/4.0/,Luca Valente,"CC BY 4.0 applies to the original compilation and editorial work by Luca Valente. Underlying third-party data retain their source terms, including Coin Metrics CC BY-NC 4.0 where indicated; this export does not replace those terms."
listino,2026-10-05,/blocchi/0/valori/0/punti/46/0,"""2026-08-23""","CoinGecko, DefiLlama","""2026-10-05""",CC BY 4.0,https://creativecommons.org/licenses/by/4.0/,Luca Valente,"CC BY 4.0 applies to the original compilation and editorial work by Luca Valente. Underlying third-party data retain their source terms, including Coin Metrics CC BY-NC 4.0 where indicated; this export does not replace those terms."
listino,2026-10-05,/blocchi/0/valori/0/punti/46/1,2.638218,"CoinGecko, DefiLlama","""2026-10-05""",CC BY 4.0,https://creativecommons.org/licenses/by/4.0/,Luca Valente,"CC BY 4.0 applies to the original compilation and editorial work by Luca Valente. Underlying third-party data retain their source terms, including Coin Metrics CC BY-NC 4.0 where indicated; this export does not replace those terms."
listino,2026-10-05,/blocchi/0/valori/0/punti/47/0,"""2026-08-24""","CoinGecko, DefiLlama","""2026-10-05""",CC BY 4.0,https://creativecommons.org/licenses/by/4.0/,Luca Valente,"CC BY 4.0 applies to the original compilation and editorial work by Luca Valente. Underlying third-party data retain their source terms, including Coin Metrics CC BY-NC 4.0 where indicated; this export does not replace those terms."
listino,2026-10-05,/blocchi/0/valori/0/punti/47/1,2.729944,"CoinGecko, DefiLlama","""2026-10-05""",CC BY 4.0,https://creativecommons.org/licenses/by/4.0/,Luca Valente,"CC BY 4.0 applies to the original compilation and editorial work by Luca Valente. Underlying third-party data retain their source terms, including Coin Metrics CC BY-NC 4.0 where indicated; this export does not replace those terms."
listino,2026-10-05,/blocchi/0/valori/0/punti/48/0,"""2026-08-25""","CoinGecko, DefiLlama","""2026-10-05""",CC BY 4.0,https://creativecommons.org/licenses/by/4.0/,Luca Valente,"CC BY 4.0 applies to the original compilation and editorial work by Luca Valente. Underlying third-party data retain their source terms, including Coin Metrics CC BY-NC 4.0 where indicated; this export does not replace those terms."
listino,2026-10-05,/blocchi/0/valori/0/punti/48/1,2.627225,"CoinGecko, DefiLlama","""2026-10-05""",CC BY 4.0,https://creativecommons.org/licenses/by/4.0/,Luca Valente,"CC BY 4.0 applies to the original compilation and editorial work by Luca Valente. Underlying third-party data retain their source terms, including Coin Metrics CC BY-NC 4.0 where indicated; this export does not replace those terms."
listino,2026-10-05,/blocchi/0/valori/0/punti/49/0,"""2026-08-26""","CoinGecko, DefiLlama","""2026-10-05""",CC BY 4.0,https://creativecommons.org/licenses/by/4.0/,Luca Valente,"CC BY 4.0 applies to the original compilation and editorial work by Luca Valente. Underlying third-party data retain their source terms, including Coin Metrics CC BY-NC 4.0 where indicated; this export does not replace those terms."
listino,2026-10-05,/blocchi/0/valori/0/punti/49/1,2.485488,"CoinGecko, DefiLlama","""2026-10-05""",CC BY 4.0,https://creativecommons.org/licenses/by/4.0/,Luca Valente,"CC BY 4.0 applies to the original compilation and editorial work by Luca Valente. Underlying third-party data retain their source terms, including Coin Metrics CC BY-NC 4.0 where indicated; this export does not replace those terms."
listino,2026-10-05,/blocchi/0/valori/0/punti/50/0,"""2026-08-27""","CoinGecko, DefiLlama","""2026-10-05""",CC BY 4.0,https://creativecommons.org/licenses/by/4.0/,Luca Valente,"CC BY 4.0 applies to the original compilation and editorial work by Luca Valente. Underlying third-party data retain their source terms, including Coin Metrics CC BY-NC 4.0 where indicated; this export does not replace those terms."
listino,2026-10-05,/blocchi/0/valori/0/punti/50/1,2.532687,"CoinGecko, DefiLlama","""2026-10-05""",CC BY 4.0,https://creativecommons.org/licenses/by/4.0/,Luca Valente,"CC BY 4.0 applies to the original compilation and editorial work by Luca Valente. Underlying third-party data retain their source terms, including Coin Metrics CC BY-NC 4.0 where indicated; this export does not replace those terms."
listino,2026-10-05,/blocchi/0/valori/0/punti/51/0,"""2026-08-28""","CoinGecko, DefiLlama","""2026-10-05""",CC BY 4.0,https://creativecommons.org/licenses/by/4.0/,Luca Valente,"CC BY 4.0 applies to the original compilation and editorial work by Luca Valente. Underlying third-party data retain their source terms, including Coin Metrics CC BY-NC 4.0 where indicated; this export does not replace those terms."
listino,2026-10-05,/blocchi/0/valori/0/punti/51/1,2.600399,"CoinGecko, DefiLlama","""2026-10-05""",CC BY 4.0,https://creativecommons.org/licenses/by/4.0/,Luca Valente,"CC BY 4.0 applies to the original compilation and editorial work by Luca Valente. Underlying third-party data retain their source terms, including Coin Metrics CC BY-NC 4.0 where indicated; this export does not replace those terms."
listino,2026-10-05,/blocchi/0/valori/0/punti/52/0,"""2026-08-29""","CoinGecko, DefiLlama","""2026-10-05""",CC BY 4.0,https://creativecommons.org/licenses/by/4.0/,Luca Valente,"CC BY 4.0 applies to the original compilation and editorial work by Luca Valente. Underlying third-party data retain their source terms, including Coin Metrics CC BY-NC 4.0 where indicated; this export does not replace those terms."
listino,2026-10-05,/blocchi/0/valori/0/punti/52/1,2.362928,"CoinGecko, DefiLlama","""2026-10-05""",CC BY 4.0,https://creativecommons.org/licenses/by/4.0/,Luca Valente,"CC BY 4.0 applies to the original compilation and editorial work by Luca Valente. Underlying third-party data retain their source terms, including Coin Metrics CC BY-NC 4.0 where indicated; this export does not replace those terms."
listino,2026-10-05,/blocchi/0/valori/0/punti/53/0,"""2026-08-30""","CoinGecko, DefiLlama","""2026-10-05""",CC BY 4.0,https://creativecommons.org/licenses/by/4.0/,Luca Valente,"CC BY 4.0 applies to the original compilation and editorial work by Luca Valente. Underlying third-party data retain their source terms, including Coin Metrics CC BY-NC 4.0 where indicated; this export does not replace those terms."
listino,2026-10-05,/blocchi/0/valori/0/punti/53/1,2.411554,"CoinGecko, DefiLlama","""2026-10-05""",CC BY 4.0,https://creativecommons.org/licenses/by/4.0/,Luca Valente,"CC BY 4.0 applies to the original compilation and editorial work by Luca Valente. Underlying third-party data retain their source terms, including Coin Metrics CC BY-NC 4.0 where indicated; this export does not replace those terms."
listino,2026-10-05,/blocchi/0/valori/0/punti/54/0,"""2026-08-31""","CoinGecko, DefiLlama","""2026-10-05""",CC BY 4.0,https://creativecommons.org/licenses/by/4.0/,Luca Valente,"CC BY 4.0 applies to the original compilation and editorial work by Luca Valente. Underlying third-party data retain their source terms, including Coin Metrics CC BY-NC 4.0 where indicated; this export does not replace those terms."
listino,2026-10-05,/blocchi/0/valori/0/punti/54/1,2.272981,"CoinGecko, DefiLlama","""2026-10-05""",CC BY 4.0,https://creativecommons.org/licenses/by/4.0/,Luca Valente,"CC BY 4.0 applies to the original compilation and editorial work by Luca Valente. Underlying third-party data retain their source terms, including Coin Metrics CC BY-NC 4.0 where indicated; this export does not replace those terms."
listino,2026-10-05,/blocchi/0/valori/0/punti/55/0,"""2026-09-01""","CoinGecko, DefiLlama","""2026-10-05""",CC BY 4.0,https://creativecommons.org/licenses/by/4.0/,Luca Valente,"CC BY 4.0 applies to the original compilation and editorial work by Luca Valente. Underlying third-party data retain their source terms, including Coin Metrics CC BY-NC 4.0 where indicated; this export does not replace those terms."
listino,2026-10-05,/blocchi/0/valori/0/punti/55/1,2.252049,"CoinGecko, DefiLlama","""2026-10-05""",CC BY 4.0,https://creativecommons.org/licenses/by/4.0/,Luca Valente,"CC BY 4.0 applies to the original compilation and editorial work by Luca Valente. Underlying third-party data retain their source terms, including Coin Metrics CC BY-NC 4.0 where indicated; this export does not replace those terms."
listino,2026-10-05,/blocchi/0/valori/0/punti/56/0,"""2026-09-02""","CoinGecko, DefiLlama","""2026-10-05""",CC BY 4.0,https://creativecommons.org/licenses/by/4.0/,Luca Valente,"CC BY 4.0 applies to the original compilation and editorial work by Luca Valente. Underlying third-party data retain their source terms, including Coin Metrics CC BY-NC 4.0 where indicated; this export does not replace those terms."
listino,2026-10-05,/blocchi/0/valori/0/punti/56/1,2.220325,"CoinGecko, DefiLlama","""2026-10-05""",CC BY 4.0,https://creativecommons.org/licenses/by/4.0/,Luca Valente,"CC BY 4.0 applies to the original compilation and editorial work by Luca Valente. Underlying third-party data retain their source terms, including Coin Metrics CC BY-NC 4.0 where indicated; this export does not replace those terms."
listino,2026-10-05,/blocchi/0/valori/0/punti/57/0,"""2026-09-03""","CoinGecko, DefiLlama","""2026-10-05""",CC BY 4.0,https://creativecommons.org/licenses/by/4.0/,Luca Valente,"CC BY 4.0 applies to the original compilation and editorial work by Luca Valente. Underlying third-party data retain their source terms, including Coin Metrics CC BY-NC 4.0 where indicated; this export does not replace those terms."
listino,2026-10-05,/blocchi/0/valori/0/punti/57/1,2.281415,"CoinGecko, DefiLlama","""2026-10-05""",CC BY 4.0,https://creativecommons.org/licenses/by/4.0/,Luca Valente,"CC BY 4.0 applies to the original compilation and editorial work by Luca Valente. Underlying third-party data retain their source terms, including Coin Metrics CC BY-NC 4.0 where indicated; this export does not replace those terms."
listino,2026-10-05,/blocchi/0/valori/0/punti/58/0,"""2026-09-04""","CoinGecko, DefiLlama","""2026-10-05""",CC BY 4.0,https://creativecommons.org/licenses/by/4.0/,Luca Valente,"CC BY 4.0 applies to the original compilation and editorial work by Luca Valente. Underlying third-party data retain their source terms, including Coin Metrics CC BY-NC 4.0 where indicated; this export does not replace those terms."
listino,2026-10-05,/blocchi/0/valori/0/punti/58/1,2.403958,"CoinGecko, DefiLlama","""2026-10-05""",CC BY 4.0,https://creativecommons.org/licenses/by/4.0/,Luca Valente,"CC BY 4.0 applies to the original compilation and editorial work by Luca Valente. Underlying third-party data retain their source terms, including Coin Metrics CC BY-NC 4.0 where indicated; this export does not replace those terms."
listino,2026-10-05,/blocchi/0/valori/0/punti/59/0,"""2026-09-05""","CoinGecko, DefiLlama","""2026-10-05""",CC BY 4.0,https://creativecommons.org/licenses/by/4.0/,Luca Valente,"CC BY 4.0 applies to the original compilation and editorial work by Luca Valente. Underlying third-party data retain their source terms, including Coin Metrics CC BY-NC 4.0 where indicated; this export does not replace those terms."
listino,2026-10-05,/blocchi/0/valori/0/punti/59/1,2.323288,"CoinGecko, DefiLlama","""2026-10-05""",CC BY 4.0,https://creativecommons.org/licenses/by/4.0/,Luca Valente,"CC BY 4.0 applies to the original compilation and editorial work by Luca Valente. Underlying third-party data retain their source terms, including Coin Metrics CC BY-NC 4.0 where indicated; this export does not replace those terms."
listino,2026-10-05,/blocchi/0/valori/0/punti/60/0,"""2026-09-06""","CoinGecko, DefiLlama","""2026-10-05""",CC BY 4.0,https://creativecommons.org/licenses/by/4.0/,Luca Valente,"CC BY 4.0 applies to the original compilation and editorial work by Luca Valente. Underlying third-party data retain their source terms, including Coin Metrics CC BY-NC 4.0 where indicated; this export does not replace those terms."
listino,2026-10-05,/blocchi/0/valori/0/punti/60/1,2.343085,"CoinGecko, DefiLlama","""2026-10-05""",CC BY 4.0,https://creativecommons.org/licenses/by/4.0/,Luca Valente,"CC BY 4.0 applies to the original compilation and editorial work by Luca Valente. Underlying third-party data retain their source terms, including Coin Metrics CC BY-NC 4.0 where indicated; this export does not replace those terms."
listino,2026-10-05,/blocchi/0/valori/0/punti/61/0,"""2026-09-07""","CoinGecko, DefiLlama","""2026-10-05""",CC BY 4.0,https://creativecommons.org/licenses/by/4.0/,Luca Valente,"CC BY 4.0 applies to the original compilation and editorial work by Luca Valente. Underlying third-party data retain their source terms, including Coin Metrics CC BY-NC 4.0 where indicated; this export does not replace those terms."
listino,2026-10-05,/blocchi/0/valori/0/punti/61/1,2.556542,"CoinGecko, DefiLlama","""2026-10-05""",CC BY 4.0,https://creativecommons.org/licenses/by/4.0/,Luca Valente,"CC BY 4.0 applies to the original compilation and editorial work by Luca Valente. Underlying third-party data retain their source terms, including Coin Metrics CC BY-NC 4.0 where indicated; this export does not replace those terms."
listino,2026-10-05,/blocchi/0/valori/0/punti/62/0,"""2026-09-08""","CoinGecko, DefiLlama","""2026-10-05""",CC BY 4.0,https://creativecommons.org/licenses/by/4.0/,Luca Valente,"CC BY 4.0 applies to the original compilation and editorial work by Luca Valente. Underlying third-party data retain their source terms, including Coin Metrics CC BY-NC 4.0 where indicated; this export does not replace those terms."
listino,2026-10-05,/blocchi/0/valori/0/punti/62/1,2.463879,"CoinGecko, DefiLlama","""2026-10-05""",CC BY 4.0,https://creativecommons.org/licenses/by/4.0/,Luca Valente,"CC BY 4.0 applies to the original compilation and editorial work by Luca Valente. Underlying third-party data retain their source terms, including Coin Metrics CC BY-NC 4.0 where indicated; this export does not replace those terms."
listino,2026-10-05,/blocchi/0/valori/0/punti/63/0,"""2026-09-09""","CoinGecko, DefiLlama","""2026-10-05""",CC BY 4.0,https://creativecommons.org/licenses/by/4.0/,Luca Valente,"CC BY 4.0 applies to the original compilation and editorial work by Luca Valente. Underlying third-party data retain their source terms, including Coin Metrics CC BY-NC 4.0 where indicated; this export does not replace those terms."
listino,2026-10-05,/blocchi/0/valori/0/punti/63/1,2.510125,"CoinGecko, DefiLlama","""2026-10-05""",CC BY 4.0,https://creativecommons.org/licenses/by/4.0/,Luca Valente,"CC BY 4.0 applies to the original compilation and editorial work by Luca Valente. Underlying third-party data retain their source terms, including Coin Metrics CC BY-NC 4.0 where indicated; this export does not replace those terms."
listino,2026-10-05,/blocchi/0/valori/0/punti/64/0,"""2026-09-10""","CoinGecko, DefiLlama","""2026-10-05""",CC BY 4.0,https://creativecommons.org/licenses/by/4.0/,Luca Valente,"CC BY 4.0 applies to the original compilation and editorial work by Luca Valente. Underlying third-party data retain their source terms, including Coin Metrics CC BY-NC 4.0 where indicated; this export does not replace those terms."
listino,2026-10-05,/blocchi/0/valori/0/punti/64/1,2.38154,"CoinGecko, DefiLlama","""2026-10-05""",CC BY 4.0,https://creativecommons.org/licenses/by/4.0/,Luca Valente,"CC BY 4.0 applies to the original compilation and editorial work by Luca Valente. Underlying third-party data retain their source terms, including Coin Metrics CC BY-NC 4.0 where indicated; this export does not replace those terms."
listino,2026-10-05,/blocchi/0/valori/0/punti/65/0,"""2026-09-11""","CoinGecko, DefiLlama","""2026-10-05""",CC BY 4.0,https://creativecommons.org/licenses/by/4.0/,Luca Valente,"CC BY 4.0 applies to the original compilation and editorial work by Luca Valente. Underlying third-party data retain their source terms, including Coin Metrics CC BY-NC 4.0 where indicated; this export does not replace those terms."
listino,2026-10-05,/blocchi/0/valori/0/punti/65/1,2.395032,"CoinGecko, DefiLlama","""2026-10-05""",CC BY 4.0,https://creativecommons.org/licenses/by/4.0/,Luca Valente,"CC BY 4.0 applies to the original compilation and editorial work by Luca Valente. Underlying third-party data retain their source terms, including Coin Metrics CC BY-NC 4.0 where indicated; this export does not replace those terms."
listino,2026-10-05,/blocchi/0/valori/0/punti/66/0,"""2026-09-12""","CoinGecko, DefiLlama","""2026-10-05""",CC BY 4.0,https://creativecommons.org/licenses/by/4.0/,Luca Valente,"CC BY 4.0 applies to the original compilation and editorial work by Luca Valente. Underlying third-party data retain their source terms, including Coin Metrics CC BY-NC 4.0 where indicated; this export does not replace those terms."
listino,2026-10-05,/blocchi/0/valori/0/punti/66/1,2.454211,"CoinGecko, DefiLlama","""2026-10-05""",CC BY 4.0,https://creativecommons.org/licenses/by/4.0/,Luca Valente,"CC BY 4.0 applies to the original compilation and editorial work by Luca Valente. Underlying third-party data retain their source terms, including Coin Metrics CC BY-NC 4.0 where indicated; this export does not replace those terms."
listino,2026-10-05,/blocchi/0/valori/0/punti/67/0,"""2026-09-13""","CoinGecko, DefiLlama","""2026-10-05""",CC BY 4.0,https://creativecommons.org/licenses/by/4.0/,Luca Valente,"CC BY 4.0 applies to the original compilation and editorial work by Luca Valente. Underlying third-party data retain their source terms, including Coin Metrics CC BY-NC 4.0 where indicated; this export does not replace those terms."
listino,2026-10-05,/blocchi/0/valori/0/punti/67/1,2.507081,"CoinGecko, DefiLlama","""2026-10-05""",CC BY 4.0,https://creativecommons.org/licenses/by/4.0/,Luca Valente,"CC BY 4.0 applies to the original compilation and editorial work by Luca Valente. Underlying third-party data retain their source terms, including Coin Metrics CC BY-NC 4.0 where indicated; this export does not replace those terms."
listino,2026-10-05,/blocchi/0/valori/0/punti/68/0,"""2026-09-14""","CoinGecko, DefiLlama","""2026-10-05""",CC BY 4.0,https://creativecommons.org/licenses/by/4.0/,Luca Valente,"CC BY 4.0 applies to the original compilation and editorial work by Luca Valente. Underlying third-party data retain their source terms, including Coin Metrics CC BY-NC 4.0 where indicated; this export does not replace those terms."
listino,2026-10-05,/blocchi/0/valori/0/punti/68/1,2.393452,"CoinGecko, DefiLlama","""2026-10-05""",CC BY 4.0,https://creativecommons.org/licenses/by/4.0/,Luca Valente,"CC BY 4.0 applies to the original compilation and editorial work by Luca Valente. Underlying third-party data retain their source terms, including Coin Metrics CC BY-NC 4.0 where indicated; this export does not replace those terms."
listino,2026-10-05,/blocchi/0/valori/0/punti/69/0,"""2026-09-15""","CoinGecko, DefiLlama","""2026-10-05""",CC BY 4.0,https://creativecommons.org/licenses/by/4.0/,Luca Valente,"CC BY 4.0 applies to the original compilation and editorial work by Luca Valente. Underlying third-party data retain their source terms, including Coin Metrics CC BY-NC 4.0 where indicated; this export does not replace those terms."
listino,2026-10-05,/blocchi/0/valori/0/punti/69/1,2.550644,"CoinGecko, DefiLlama","""2026-10-05""",CC BY 4.0,https://creativecommons.org/licenses/by/4.0/,Luca Valente,"CC BY 4.0 applies to the original compilation and editorial work by Luca Valente. Underlying third-party data retain their source terms, including Coin Metrics CC BY-NC 4.0 where indicated; this export does not replace those terms."
listino,2026-10-05,/blocchi/0/valori/0/punti/70/0,"""2026-09-16""","CoinGecko, DefiLlama","""2026-10-05""",CC BY 4.0,https://creativecommons.org/licenses/by/4.0/,Luca Valente,"CC BY 4.0 applies to the original compilation and editorial work by Luca Valente. Underlying third-party data retain their source terms, including Coin Metrics CC BY-NC 4.0 where indicated; this export does not replace those terms."
listino,2026-10-05,/blocchi/0/valori/0/punti/70/1,2.344565,"CoinGecko, DefiLlama","""2026-10-05""",CC BY 4.0,https://creativecommons.org/licenses/by/4.0/,Luca Valente,"CC BY 4.0 applies to the original compilation and editorial work by Luca Valente. Underlying third-party data retain their source terms, including Coin Metrics CC BY-NC 4.0 where indicated; this export does not replace those terms."
listino,2026-10-05,/blocchi/0/valori/0/punti/71/0,"""2026-09-17""","CoinGecko, DefiLlama","""2026-10-05""",CC BY 4.0,https://creativecommons.org/licenses/by/4.0/,Luca Valente,"CC BY 4.0 applies to the original compilation and editorial work by Luca Valente. Underlying third-party data retain their source terms, including Coin Metrics CC BY-NC 4.0 where indicated; this export does not replace those terms."
listino,2026-10-05,/blocchi/0/valori/0/punti/71/1,2.408296,"CoinGecko, DefiLlama","""2026-10-05""",CC BY 4.0,https://creativecommons.org/licenses/by/4.0/,Luca Valente,"CC BY 4.0 applies to the original compilation and editorial work by Luca Valente. Underlying third-party data retain their source terms, including Coin Metrics CC BY-NC 4.0 where indicated; this export does not replace those terms."
listino,2026-10-05,/blocchi/0/valori/0/punti/72/0,"""2026-09-18""","CoinGecko, DefiLlama","""2026-10-05""",CC BY 4.0,https://creativecommons.org/licenses/by/4.0/,Luca Valente,"CC BY 4.0 applies to the original compilation and editorial work by Luca Valente. Underlying third-party data retain their source terms, including Coin Metrics CC BY-NC 4.0 where indicated; this export does not replace those terms."
listino,2026-10-05,/blocchi/0/valori/0/punti/72/1,2.583068,"CoinGecko, DefiLlama","""2026-10-05""",CC BY 4.0,https://creativecommons.org/licenses/by/4.0/,Luca Valente,"CC BY 4.0 applies to the original compilation and editorial work by Luca Valente. Underlying third-party data retain their source terms, including Coin Metrics CC BY-NC 4.0 where indicated; this export does not replace those terms."
listino,2026-10-05,/blocchi/0/valori/0/punti/73/0,"""2026-09-19""","CoinGecko, DefiLlama","""2026-10-05""",CC BY 4.0,https://creativecommons.org/licenses/by/4.0/,Luca Valente,"CC BY 4.0 applies to the original compilation and editorial work by Luca Valente. Underlying third-party data retain their source terms, including Coin Metrics CC BY-NC 4.0 where indicated; this export does not replace those terms."
listino,2026-10-05,/blocchi/0/valori/0/punti/73/1,2.665535,"CoinGecko, DefiLlama","""2026-10-05""",CC BY 4.0,https://creativecommons.org/licenses/by/4.0/,Luca Valente,"CC BY 4.0 applies to the original compilation and editorial work by Luca Valente. Underlying third-party data retain their source terms, including Coin Metrics CC BY-NC 4.0 where indicated; this export does not replace those terms."
listino,2026-10-05,/blocchi/0/valori/0/punti/74/0,"""2026-09-20""","CoinGecko, DefiLlama","""2026-10-05""",CC BY 4.0,https://creativecommons.org/licenses/by/4.0/,Luca Valente,"CC BY 4.0 applies to the original compilation and editorial work by Luca Valente. Underlying third-party data retain their source terms, including Coin Metrics CC BY-NC 4.0 where indicated; this export does not replace those terms."
listino,2026-10-05,/blocchi/0/valori/0/punti/74/1,2.715396,"CoinGecko, DefiLlama","""2026-10-05""",CC BY 4.0,https://creativecommons.org/licenses/by/4.0/,Luca Valente,"CC BY 4.0 applies to the original compilation and editorial work by Luca Valente. Underlying third-party data retain their source terms, including Coin Metrics CC BY-NC 4.0 where indicated; this export does not replace those terms."
listino,2026-10-05,/blocchi/0/valori/0/punti/75/0,"""2026-09-21""","CoinGecko, DefiLlama","""2026-10-05""",CC BY 4.0,https://creativecommons.org/licenses/by/4.0/,Luca Valente,"CC BY 4.0 applies to the original compilation and editorial work by Luca Valente. Underlying third-party data retain their source terms, including Coin Metrics CC BY-NC 4.0 where indicated; this export does not replace those terms."
listino,2026-10-05,/blocchi/0/valori/0/punti/75/1,3.0002,"CoinGecko, DefiLlama","""2026-10-05""",CC BY 4.0,https://creativecommons.org/licenses/by/4.0/,Luca Valente,"CC BY 4.0 applies to the original compilation and editorial work by Luca Valente. Underlying third-party data retain their source terms, including Coin Metrics CC BY-NC 4.0 where indicated; this export does not replace those terms."
listino,2026-10-05,/blocchi/0/valori/0/punti/76/0,"""2026-09-22""","CoinGecko, DefiLlama","""2026-10-05""",CC BY 4.0,https://creativecommons.org/licenses/by/4.0/,Luca Valente,"CC BY 4.0 applies to the original compilation and editorial work by Luca Valente. Underlying third-party data retain their source terms, including Coin Metrics CC BY-NC 4.0 where indicated; this export does not replace those terms."
listino,2026-10-05,/blocchi/0/valori/0/punti/76/1,3.117858,"CoinGecko, DefiLlama","""2026-10-05""",CC BY 4.0,https://creativecommons.org/licenses/by/4.0/,Luca Valente,"CC BY 4.0 applies to the original compilation and editorial work by Luca Valente. Underlying third-party data retain their source terms, including Coin Metrics CC BY-NC 4.0 where indicated; this export does not replace those terms."
listino,2026-10-05,/blocchi/0/valori/0/punti/77/0,"""2026-09-23""","CoinGecko, DefiLlama","""2026-10-05""",CC BY 4.0,https://creativecommons.org/licenses/by/4.0/,Luca Valente,"CC BY 4.0 applies to the original compilation and editorial work by Luca Valente. Underlying third-party data retain their source terms, including Coin Metrics CC BY-NC 4.0 where indicated; this export does not replace those terms."
listino,2026-10-05,/blocchi/0/valori/0/punti/77/1,3.178927,"CoinGecko, DefiLlama","""2026-10-05""",CC BY 4.0,https://creativecommons.org/licenses/by/4.0/,Luca Valente,"CC BY 4.0 applies to the original compilation and editorial work by Luca Valente. Underlying third-party data retain their source terms, including Coin Metrics CC BY-NC 4.0 where indicated; this export does not replace those terms."
listino,2026-10-05,/blocchi/0/valori/0/punti/78/0,"""2026-09-24""","CoinGecko, DefiLlama","""2026-10-05""",CC BY 4.0,https://creativecommons.org/licenses/by/4.0/,Luca Valente,"CC BY 4.0 applies to the original compilation and editorial work by Luca Valente. Underlying third-party data retain their source terms, including Coin Metrics CC BY-NC 4.0 where indicated; this export does not replace those terms."
listino,2026-10-05,/blocchi/0/valori/0/punti/78/1,2.998224,"CoinGecko, DefiLlama","""2026-10-05""",CC BY 4.0,https://creativecommons.org/licenses/by/4.0/,Luca Valente,"CC BY 4.0 applies to the original compilation and editorial work by Luca Valente. Underlying third-party data retain their source terms, including Coin Metrics CC BY-NC 4.0 where indicated; this export does not replace those terms."
listino,2026-10-05,/blocchi/0/valori/0/punti/79/0,"""2026-09-25""","CoinGecko, DefiLlama","""2026-10-05""",CC BY 4.0,https://creativecommons.org/licenses/by/4.0/,Luca Valente,"CC BY 4.0 applies to the original compilation and editorial work by Luca Valente. Underlying third-party data retain their source terms, including Coin Metrics CC BY-NC 4.0 where indicated; this export does not replace those terms."
listino,2026-10-05,/blocchi/0/valori/0/punti/79/1,3.26075,"CoinGecko, DefiLlama","""2026-10-05""",CC BY 4.0,https://creativecommons.org/licenses/by/4.0/,Luca Valente,"CC BY 4.0 applies to the original compilation and editorial work by Luca Valente. Underlying third-party data retain their source terms, including Coin Metrics CC BY-NC 4.0 where indicated; this export does not replace those terms."
listino,2026-10-05,/blocchi/0/valori/0/punti/80/0,"""2026-09-26""","CoinGecko, DefiLlama","""2026-10-05""",CC BY 4.0,https://creativecommons.org/licenses/by/4.0/,Luca Valente,"CC BY 4.0 applies to the original compilation and editorial work by Luca Valente. Underlying third-party data retain their source terms, including Coin Metrics CC BY-NC 4.0 where indicated; this export does not replace those terms."
listino,2026-10-05,/blocchi/0/valori/0/punti/80/1,3.71389,"CoinGecko, DefiLlama","""2026-10-05""",CC BY 4.0,https://creativecommons.org/licenses/by/4.0/,Luca Valente,"CC BY 4.0 applies to the original compilation and editorial work by Luca Valente. Underlying third-party data retain their source terms, including Coin Metrics CC BY-NC 4.0 where indicated; this export does not replace those terms."
listino,2026-10-05,/blocchi/0/valori/0/punti/81/0,"""2026-09-27""","CoinGecko, DefiLlama","""2026-10-05""",CC BY 4.0,https://creativecommons.org/licenses/by/4.0/,Luca Valente,"CC BY 4.0 applies to the original compilation and editorial work by Luca Valente. Underlying third-party data retain their source terms, including Coin Metrics CC BY-NC 4.0 where indicated; this export does not replace those terms."
listino,2026-10-05,/blocchi/0/valori/0/punti/81/1,4.198581,"CoinGecko, DefiLlama","""2026-10-05""",CC BY 4.0,https://creativecommons.org/licenses/by/4.0/,Luca Valente,"CC BY 4.0 applies to the original compilation and editorial work by Luca Valente. Underlying third-party data retain their source terms, including Coin Metrics CC BY-NC 4.0 where indicated; this export does not replace those terms."
listino,2026-10-05,/blocchi/0/valori/0/punti/82/0,"""2026-09-28""","CoinGecko, DefiLlama","""2026-10-05""",CC BY 4.0,https://creativecommons.org/licenses/by/4.0/,Luca Valente,"CC BY 4.0 applies to the original compilation and editorial work by Luca Valente. Underlying third-party data retain their source terms, including Coin Metrics CC BY-NC 4.0 where indicated; this export does not replace those terms."
listino,2026-10-05,/blocchi/0/valori/0/punti/82/1,4.123494,"CoinGecko, DefiLlama","""2026-10-05""",CC BY 4.0,https://creativecommons.org/licenses/by/4.0/,Luca Valente,"CC BY 4.0 applies to the original compilation and editorial work by Luca Valente. Underlying third-party data retain their source terms, including Coin Metrics CC BY-NC 4.0 where indicated; this export does not replace those terms."
listino,2026-10-05,/blocchi/0/valori/0/punti/83/0,"""2026-09-29""","CoinGecko, DefiLlama","""2026-10-05""",CC BY 4.0,https://creativecommons.org/licenses/by/4.0/,Luca Valente,"CC BY 4.0 applies to the original compilation and editorial work by Luca Valente. Underlying third-party data retain their source terms, including Coin Metrics CC BY-NC 4.0 where indicated; this export does not replace those terms."
listino,2026-10-05,/blocchi/0/valori/0/punti/83/1,3.789356,"CoinGecko, DefiLlama","""2026-10-05""",CC BY 4.0,https://creativecommons.org/licenses/by/4.0/,Luca Valente,"CC BY 4.0 applies to the original compilation and editorial work by Luca Valente. Underlying third-party data retain their source terms, including Coin Metrics CC BY-NC 4.0 where indicated; this export does not replace those terms."
listino,2026-10-05,/blocchi/0/valori/0/punti/84/0,"""2026-09-30""","CoinGecko, DefiLlama","""2026-10-05""",CC BY 4.0,https://creativecommons.org/licenses/by/4.0/,Luca Valente,"CC BY 4.0 applies to the original compilation and editorial work by Luca Valente. Underlying third-party data retain their source terms, including Coin Metrics CC BY-NC 4.0 where indicated; this export does not replace those terms."
listino,2026-10-05,/blocchi/0/valori/0/punti/84/1,3.805715,"CoinGecko, DefiLlama","""2026-10-05""",CC BY 4.0,https://creativecommons.org/licenses/by/4.0/,Luca Valente,"CC BY 4.0 applies to the original compilation and editorial work by Luca Valente. Underlying third-party data retain their source terms, including Coin Metrics CC BY-NC 4.0 where indicated; this export does not replace those terms."
listino,2026-10-05,/blocchi/0/valori/0/punti/85/0,"""2026-10-01""","CoinGecko, DefiLlama","""2026-10-05""",CC BY 4.0,https://creativecommons.org/licenses/by/4.0/,Luca Valente,"CC BY 4.0 applies to the original compilation and editorial work by Luca Valente. Underlying third-party data retain their source terms, including Coin Metrics CC BY-NC 4.0 where indicated; this export does not replace those terms."
listino,2026-10-05,/blocchi/0/valori/0/punti/85/1,3.722205,"CoinGecko, DefiLlama","""2026-10-05""",CC BY 4.0,https://creativecommons.org/licenses/by/4.0/,Luca Valente,"CC BY 4.0 applies to the original compilation and editorial work by Luca Valente. Underlying third-party data retain their source terms, including Coin Metrics CC BY-NC 4.0 where indicated; this export does not replace those terms."
listino,2026-10-05,/blocchi/0/valori/0/punti/86/0,"""2026-10-02""","CoinGecko, DefiLlama","""2026-10-05""",CC BY 4.0,https://creativecommons.org/licenses/by/4.0/,Luca Valente,"CC BY 4.0 applies to the original compilation and editorial work by Luca Valente. Underlying third-party data retain their source terms, including Coin Metrics CC BY-NC 4.0 where indicated; this export does not replace those terms."
listino,2026-10-05,/blocchi/0/valori/0/punti/86/1,3.677054,"CoinGecko, DefiLlama","""2026-10-05""",CC BY 4.0,https://creativecommons.org/licenses/by/4.0/,Luca Valente,"CC BY 4.0 applies to the original compilation and editorial work by Luca Valente. Underlying third-party data retain their source terms, including Coin Metrics CC BY-NC 4.0 where indicated; this export does not replace those terms."
listino,2026-10-05,/blocchi/0/valori/0/punti/87/0,"""2026-10-03""","CoinGecko, DefiLlama","""2026-10-05""",CC BY 4.0,https://creativecommons.org/licenses/by/4.0/,Luca Valente,"CC BY 4.0 applies to the original compilation and editorial work by Luca Valente. Underlying third-party data retain their source terms, including Coin Metrics CC BY-NC 4.0 where indicated; this export does not replace those terms."
listino,2026-10-05,/blocchi/0/valori/0/punti/87/1,3.603958,"CoinGecko, DefiLlama","""2026-10-05""",CC BY 4.0,https://creativecommons.org/licenses/by/4.0/,Luca Valente,"CC BY 4.0 applies to the original compilation and editorial work by Luca Valente. Underlying third-party data retain their source terms, including Coin Metrics CC BY-NC 4.0 where indicated; this export does not replace those terms."
listino,2026-10-05,/blocchi/0/valori/0/punti/88/0,"""2026-10-04""","CoinGecko, DefiLlama","""2026-10-05""",CC BY 4.0,https://creativecommons.org/licenses/by/4.0/,Luca Valente,"CC BY 4.0 applies to the original compilation and editorial work by Luca Valente. Underlying third-party data retain their source terms, including Coin Metrics CC BY-NC 4.0 where indicated; this export does not replace those terms."
listino,2026-10-05,/blocchi/0/valori/0/punti/88/1,3.779036,"CoinGecko, DefiLlama","""2026-10-05""",CC BY 4.0,https://creativecommons.org/licenses/by/4.0/,Luca Valente,"CC BY 4.0 applies to the original compilation and editorial work by Luca Valente. Underlying third-party data retain their source terms, including Coin Metrics CC BY-NC 4.0 where indicated; this export does not replace those terms."
listino,2026-10-05,/blocchi/0/valori/0/punti/89/0,"""2026-10-05""","CoinGecko, DefiLlama","""2026-10-05""",CC BY 4.0,https://creativecommons.org/licenses/by/4.0/,Luca Valente,"CC BY 4.0 applies to the original compilation and editorial work by Luca Valente. Underlying third-party data retain their source terms, including Coin Metrics CC BY-NC 4.0 where indicated; this export does not replace those terms."
listino,2026-10-05,/blocchi/0/valori/0/punti/89/1,3.843152,"CoinGecko, DefiLlama","""2026-10-05""",CC BY 4.0,https://creativecommons.org/licenses/by/4.0/,Luca Valente,"CC BY 4.0 applies to the original compilation and editorial work by Luca Valente. Underlying third-party data retain their source terms, including Coin Metrics CC BY-NC 4.0 where indicated; this export does not replace those terms."
listino,2026-10-05,/blocchi/0/valori/1/etichetta,"""Median price to annual revenue""","CoinGecko, DefiLlama","""2026-10-05""",CC BY 4.0,https://creativecommons.org/licenses/by/4.0/,Luca Valente,"CC BY 4.0 applies to the original compilation and editorial work by Luca Valente. Underlying third-party data retain their source terms, including Coin Metrics CC BY-NC 4.0 where indicated; this export does not replace those terms."
listino,2026-10-05,/blocchi/0/valori/1/valore,19.06,"CoinGecko, DefiLlama","""2026-10-05""",CC BY 4.0,https://creativecommons.org/licenses/by/4.0/,Luca Valente,"CC BY 4.0 applies to the original compilation and editorial work by Luca Valente. Underlying third-party data retain their source terms, including Coin Metrics CC BY-NC 4.0 where indicated; this export does not replace those terms."
listino,2026-10-05,/blocchi/0/valori/1/unita,"""x""","CoinGecko, DefiLlama","""2026-10-05""",CC BY 4.0,https://creativecommons.org/licenses/by/4.0/,Luca Valente,"CC BY 4.0 applies to the original compilation and editorial work by Luca Valente. Underlying third-party data retain their source terms, including Coin Metrics CC BY-NC 4.0 where indicated; this export does not replace those terms."
listino,2026-10-05,/blocchi/0/valori/1/tipo,"""level""","CoinGecko, DefiLlama","""2026-10-05""",CC BY 4.0,https://creativecommons.org/licenses/by/4.0/,Luca Valente,"CC BY 4.0 applies to the original compilation and editorial work by Luca Valente. Underlying third-party data retain their source terms, including Coin Metrics CC BY-NC 4.0 where indicated; this export does not replace those terms."
listino,2026-10-05,/blocchi/0/valori/1/variazioni/7,0.0549,"CoinGecko, DefiLlama","""2026-10-05""",CC BY 4.0,https://creativecommons.org/licenses/by/4.0/,Luca Valente,"CC BY 4.0 applies to the original compilation and editorial work by Luca Valente. Underlying third-party data retain their source terms, including Coin Metrics CC BY-NC 4.0 where indicated; this export does not replace those terms."
listino,2026-10-05,/blocchi/0/valori/1/variazioni/30,0.3914,"CoinGecko, DefiLlama","""2026-10-05""",CC BY 4.0,https://creativecommons.org/licenses/by/4.0/,Luca Valente,"CC BY 4.0 applies to the original compilation and editorial work by Luca Valente. Underlying third-party data retain their source terms, including Coin Metrics CC BY-NC 4.0 where indicated; this export does not replace those terms."
listino,2026-10-05,/blocchi/0/valori/1/variazioni/90,1.3342,"CoinGecko, DefiLlama","""2026-10-05""",CC BY 4.0,https://creativecommons.org/licenses/by/4.0/,Luca Valente,"CC BY 4.0 applies to the original compilation and editorial work by Luca Valente. Underlying third-party data retain their source terms, including Coin Metrics CC BY-NC 4.0 where indicated; this export does not replace those terms."
listino,2026-10-05,/blocchi/0/valori/1/percentile_1a,95.1,"CoinGecko, DefiLlama","""2026-10-05""",CC BY 4.0,https://creativecommons.org/licenses/by/4.0/,Luca Valente,"CC BY 4.0 applies to the original compilation and editorial work by Luca Valente. Underlying third-party data retain their source terms, including Coin Metrics CC BY-NC 4.0 where indicated; this export does not replace those terms."
listino,2026-10-05,/blocchi/0/valori/1/percentile_storia,95.1,"CoinGecko, DefiLlama","""2026-10-05""",CC BY 4.0,https://creativecommons.org/licenses/by/4.0/,Luca Valente,"CC BY 4.0 applies to the original compilation and editorial work by Luca Valente. Underlying third-party data retain their source terms, including Coin Metrics CC BY-NC 4.0 where indicated; this export does not replace those terms."
listino,2026-10-05,/blocchi/0/valori/1/storia_dal,"""2025-10-06""","CoinGecko, DefiLlama","""2026-10-05""",CC BY 4.0,https://creativecommons.org/licenses/by/4.0/,Luca Valente,"CC BY 4.0 applies to the original compilation and editorial work by Luca Valente. Underlying third-party data retain their source terms, including Coin Metrics CC BY-NC 4.0 where indicated; this export does not replace those terms."
listino,2026-10-05,/blocchi/0/valori/1/serie_dal,"""2025-10-06""","CoinGecko, DefiLlama","""2026-10-05""",CC BY 4.0,https://creativecommons.org/licenses/by/4.0/,Luca Valente,"CC BY 4.0 applies to the original compilation and editorial work by Luca Valente. Underlying third-party data retain their source terms, including Coin Metrics CC BY-NC 4.0 where indicated; this export does not replace those terms."
listino,2026-10-05,/blocchi/0/valori/1/giorni_di_storia,365,"CoinGecko, DefiLlama","""2026-10-05""",CC BY 4.0,https://creativecommons.org/licenses/by/4.0/,Luca Valente,"CC BY 4.0 applies to the original compilation and editorial work by Luca Valente. Underlying third-party data retain their source terms, including Coin Metrics CC BY-NC 4.0 where indicated; this export does not replace those terms."
listino,2026-10-05,/blocchi/0/valori/1/giorni_presenti,null,"CoinGecko, DefiLlama","""2026-10-05""",CC BY 4.0,https://creativecommons.org/licenses/by/4.0/,Luca Valente,"CC BY 4.0 applies to the original compilation and editorial work by Luca Valente. Underlying third-party data retain their source terms, including Coin Metrics CC BY-NC 4.0 where indicated; this export does not replace those terms."
listino,2026-10-05,/blocchi/0/valori/1/giorni_finestra,null,"CoinGecko, DefiLlama","""2026-10-05""",CC BY 4.0,https://creativecommons.org/licenses/by/4.0/,Luca Valente,"CC BY 4.0 applies to the original compilation and editorial work by Luca Valente. Underlying third-party data retain their source terms, including Coin Metrics CC BY-NC 4.0 where indicated; this export does not replace those terms."
listino,2026-10-05,/blocchi/0/valori/1/stato,"""expanding""","CoinGecko, DefiLlama","""2026-10-05""",CC BY 4.0,https://creativecommons.org/licenses/by/4.0/,Luca Valente,"CC BY 4.0 applies to the original compilation and editorial work by Luca Valente. Underlying third-party data retain their source terms, including Coin Metrics CC BY-NC 4.0 where indicated; this export does not replace those terms."
listino,2026-10-05,/blocchi/0/valori/1/da_quando,"""2026-07-27""","CoinGecko, DefiLlama","""2026-10-05""",CC BY 4.0,https://creativecommons.org/licenses/by/4.0/,Luca Valente,"CC BY 4.0 applies to the original compilation and editorial work by Luca Valente. Underlying third-party data retain their source terms, including Coin Metrics CC BY-NC 4.0 where indicated; this export does not replace those terms."
listino,2026-10-05,/blocchi/0/valori/1/da_quando_almeno,false,"CoinGecko, DefiLlama","""2026-10-05""",CC BY 4.0,https://creativecommons.org/licenses/by/4.0/,Luca Valente,"CC BY 4.0 applies to the original compilation and editorial work by Luca Valente. Underlying third-party data retain their source terms, including Coin Metrics CC BY-NC 4.0 where indicated; this export does not replace those terms."
listino,2026-10-05,/blocchi/0/valori/1/banda_flat,0.05,"CoinGecko, DefiLlama","""2026-10-05""",CC BY 4.0,https://creativecommons.org/licenses/by/4.0/,Luca Valente,"CC BY 4.0 applies to the original compilation and editorial work by Luca Valente. Underlying third-party data retain their source terms, including Coin Metrics CC BY-NC 4.0 where indicated; this export does not replace those terms."
listino,2026-10-05,/blocchi/0/valori/1/finestra_stato,30,"CoinGecko, DefiLlama","""2026-10-05""",CC BY 4.0,https://creativecommons.org/licenses/by/4.0/,Luca Valente,"CC BY 4.0 applies to the original compilation and editorial work by Luca Valente. Underlying third-party data retain their source terms, including Coin Metrics CC BY-NC 4.0 where indicated; this export does not replace those terms."
listino,2026-10-05,/blocchi/0/valori/1/fonte,"""CoinGecko, DefiLlama""","CoinGecko, DefiLlama","""2026-10-05""",CC BY 4.0,https://creativecommons.org/licenses/by/4.0/,Luca Valente,"CC BY 4.0 applies to the original compilation and editorial work by Luca Valente. Underlying third-party data retain their source terms, including Coin Metrics CC BY-NC 4.0 where indicated; this export does not replace those terms."
listino,2026-10-05,/blocchi/0/valori/1/dati_fino_a,"""2026-10-05""","CoinGecko, DefiLlama","""2026-10-05""",CC BY 4.0,https://creativecommons.org/licenses/by/4.0/,Luca Valente,"CC BY 4.0 applies to the original compilation and editorial work by Luca Valente. Underlying third-party data retain their source terms, including Coin Metrics CC BY-NC 4.0 where indicated; this export does not replace those terms."
listino,2026-10-05,/blocchi/0/valori/1/punti/0/0,"""2026-07-08""","CoinGecko, DefiLlama","""2026-10-05""",CC BY 4.0,https://creativecommons.org/licenses/by/4.0/,Luca Valente,"CC BY 4.0 applies to the original compilation and editorial work by Luca Valente. Underlying third-party data retain their source terms, including Coin Metrics CC BY-NC 4.0 where indicated; this export does not replace those terms."
listino,2026-10-05,/blocchi/0/valori/1/punti/0/1,8.458307,"CoinGecko, DefiLlama","""2026-10-05""",CC BY 4.0,https://creativecommons.org/licenses/by/4.0/,Luca Valente,"CC BY 4.0 applies to the original compilation and editorial work by Luca Valente. Underlying third-party data retain their source terms, including Coin Metrics CC BY-NC 4.0 where indicated; this export does not replace those terms."
listino,2026-10-05,/blocchi/0/valori/1/punti/1/0,"""2026-07-09""","CoinGecko, DefiLlama","""2026-10-05""",CC BY 4.0,https://creativecommons.org/licenses/by/4.0/,Luca Valente,"CC BY 4.0 applies to the original compilation and editorial work by Luca Valente. Underlying third-party data retain their source terms, including Coin Metrics CC BY-NC 4.0 where indicated; this export does not replace those terms."
listino,2026-10-05,/blocchi/0/valori/1/punti/1/1,8.16729,"CoinGecko, DefiLlama","""2026-10-05""",CC BY 4.0,https://creativecommons.org/licenses/by/4.0/,Luca Valente,"CC BY 4.0 applies to the original compilation and editorial work by Luca Valente. Underlying third-party data retain their source terms, including Coin Metrics CC BY-NC 4.0 where indicated; this export does not replace those terms."
listino,2026-10-05,/blocchi/0/valori/1/punti/2/0,"""2026-07-10""","CoinGecko, DefiLlama","""2026-10-05""",CC BY 4.0,https://creativecommons.org/licenses/by/4.0/,Luca Valente,"CC BY 4.0 applies to the original compilation and editorial work by Luca Valente. Underlying third-party data retain their source terms, including Coin Metrics CC BY-NC 4.0 where indicated; this export does not replace those terms."
listino,2026-10-05,/blocchi/0/valori/1/punti/2/1,8.117637,"CoinGecko, DefiLlama","""2026-10-05""",CC BY 4.0,https://creativecommons.org/licenses/by/4.0/,Luca Valente,"CC BY 4.0 applies to the original compilation and editorial work by Luca Valente. Underlying third-party data retain their source terms, including Coin Metrics CC BY-NC 4.0 where indicated; this export does not replace those terms."
listino,2026-10-05,/blocchi/0/valori/1/punti/3/0,"""2026-07-11""","CoinGecko, DefiLlama","""2026-10-05""",CC BY 4.0,https://creativecommons.org/licenses/by/4.0/,Luca Valente,"CC BY 4.0 applies to the original compilation and editorial work by Luca Valente. Underlying third-party data retain their source terms, including Coin Metrics CC BY-NC 4.0 where indicated; this export does not replace those terms."
listino,2026-10-05,/blocchi/0/valori/1/punti/3/1,8.172786,"CoinGecko, DefiLlama","""2026-10-05""",CC BY 4.0,https://creativecommons.org/licenses/by/4.0/,Luca Valente,"CC BY 4.0 applies to the original compilation and editorial work by Luca Valente. Underlying third-party data retain their source terms, including Coin Metrics CC BY-NC 4.0 where indicated; this export does not replace those terms."
listino,2026-10-05,/blocchi/0/valori/1/punti/4/0,"""2026-07-12""","CoinGecko, DefiLlama","""2026-10-05""",CC BY 4.0,https://creativecommons.org/licenses/by/4.0/,Luca Valente,"CC BY 4.0 applies to the original compilation and editorial work by Luca Valente. Underlying third-party data retain their source terms, including Coin Metrics CC BY-NC 4.0 where indicated; this export does not replace those terms."
listino,2026-10-05,/blocchi/0/valori/1/punti/4/1,7.975119,"CoinGecko, DefiLlama","""2026-10-05""",CC BY 4.0,https://creativecommons.org/licenses/by/4.0/,Luca Valente,"CC BY 4.0 applies to the original compilation and editorial work by Luca Valente. Underlying third-party data retain their source terms, including Coin Metrics CC BY-NC 4.0 where indicated; this export does not replace those terms."
listino,2026-10-05,/blocchi/0/valori/1/punti/5/0,"""2026-07-13""","CoinGecko, DefiLlama","""2026-10-05""",CC BY 4.0,https://creativecommons.org/licenses/by/4.0/,Luca Valente,"CC BY 4.0 applies to the original compilation and editorial work by Luca Valente. Underlying third-party data retain their source terms, including Coin Metrics CC BY-NC 4.0 where indicated; this export does not replace those terms."
listino,2026-10-05,/blocchi/0/valori/1/punti/5/1,7.869311,"CoinGecko, DefiLlama","""2026-10-05""",CC BY 4.0,https://creativecommons.org/licenses/by/4.0/,Luca Valente,"CC BY 4.0 applies to the original compilation and editorial work by Luca Valente. Underlying third-party data retain their source terms, including Coin Metrics CC BY-NC 4.0 where indicated; this export does not replace those terms."
listino,2026-10-05,/blocchi/0/valori/1/punti/6/0,"""2026-07-14""","CoinGecko, DefiLlama","""2026-10-05""",CC BY 4.0,https://creativecommons.org/licenses/by/4.0/,Luca Valente,"CC BY 4.0 applies to the original compilation and editorial work by Luca Valente. Underlying third-party data retain their source terms, including Coin Metrics CC BY-NC 4.0 where indicated; this export does not replace those terms."
listino,2026-10-05,/blocchi/0/valori/1/punti/6/1,7.918517,"CoinGecko, DefiLlama","""2026-10-05""",CC BY 4.0,https://creativecommons.org/licenses/by/4.0/,Luca Valente,"CC BY 4.0 applies to the original compilation and editorial work by Luca Valente. Underlying third-party data retain their source terms, including Coin Metrics CC BY-NC 4.0 where indicated; this export does not replace those terms."
listino,2026-10-05,/blocchi/0/valori/1/punti/7/0,"""2026-07-15""","CoinGecko, DefiLlama","""2026-10-05""",CC BY 4.0,https://creativecommons.org/licenses/by/4.0/,Luca Valente,"CC BY 4.0 applies to the original compilation and editorial work by Luca Valente. Underlying third-party data retain their source terms, including Coin Metrics CC BY-NC 4.0 where indicated; this export does not replace those terms."
listino,2026-10-05,/blocchi/0/valori/1/punti/7/1,7.997504,"CoinGecko, DefiLlama","""2026-10-05""",CC BY 4.0,https://creativecommons.org/licenses/by/4.0/,Luca Valente,"CC BY 4.0 applies to the original compilation and editorial work by Luca Valente. Underlying third-party data retain their source terms, including Coin Metrics CC BY-NC 4.0 where indicated; this export does not replace those terms."
listino,2026-10-05,/blocchi/0/valori/1/punti/8/0,"""2026-07-16""","CoinGecko, DefiLlama","""2026-10-05""",CC BY 4.0,https://creativecommons.org/licenses/by/4.0/,Luca Valente,"CC BY 4.0 applies to the original compilation and editorial work by Luca Valente. Underlying third-party data retain their source terms, including Coin Metrics CC BY-NC 4.0 where indicated; this export does not replace those terms."
listino,2026-10-05,/blocchi/0/valori/1/punti/8/1,7.803114,"CoinGecko, DefiLlama","""2026-10-05""",CC BY 4.0,https://creativecommons.org/licenses/by/4.0/,Luca Valente,"CC BY 4.0 applies to the original compilation and editorial work by Luca Valente. Underlying third-party data retain their source terms, including Coin Metrics CC BY-NC 4.0 where indicated; this export does not replace those terms."
listino,2026-10-05,/blocchi/0/valori/1/punti/9/0,"""2026-07-17""","CoinGecko, DefiLlama","""2026-10-05""",CC BY 4.0,https://creativecommons.org/licenses/by/4.0/,Luca Valente,"CC BY 4.0 applies to the original compilation and editorial work by Luca Valente. Underlying third-party data retain their source terms, including Coin Metrics CC BY-NC 4.0 where indicated; this export does not replace those terms."
listino,2026-10-05,/blocchi/0/valori/1/punti/9/1,7.845653,"CoinGecko, DefiLlama","""2026-10-05""",CC BY 4.0,https://creativecommons.org/licenses/by/4.0/,Luca Valente,"CC BY 4.0 applies to the original compilation and editorial work by Luca Valente. Underlying third-party data retain their source terms, including Coin Metrics CC BY-NC 4.0 where indicated; this export does not replace those terms."
listino,2026-10-05,/blocchi/0/valori/1/punti/10/0,"""2026-07-18""","CoinGecko, DefiLlama","""2026-10-05""",CC BY 4.0,https://creativecommons.org/licenses/by/4.0/,Luca Valente,"CC BY 4.0 applies to the original compilation and editorial work by Luca Valente. Underlying third-party data retain their source terms, including Coin Metrics CC BY-NC 4.0 where indicated; this export does not replace those terms."
listino,2026-10-05,/blocchi/0/valori/1/punti/10/1,7.904927,"CoinGecko, DefiLlama","""2026-10-05""",CC BY 4.0,https://creativecommons.org/licenses/by/4.0/,Luca Valente,"CC BY 4.0 applies to the original compilation and editorial work by Luca Valente. Underlying third-party data retain their source terms, including Coin Metrics CC BY-NC 4.0 where indicated; this export does not replace those terms."
listino,2026-10-05,/blocchi/0/valori/1/punti/11/0,"""2026-07-19""","CoinGecko, DefiLlama","""2026-10-05""",CC BY 4.0,https://creativecommons.org/licenses/by/4.0/,Luca Valente,"CC BY 4.0 applies to the original compilation and editorial work by Luca Valente. Underlying third-party data retain their source terms, including Coin Metrics CC BY-NC 4.0 where indicated; this export does not replace those terms."
listino,2026-10-05,/blocchi/0/valori/1/punti/11/1,8.095464,"CoinGecko, DefiLlama","""2026-10-05""",CC BY 4.0,https://creativecommons.org/licenses/by/4.0/,Luca Valente,"CC BY 4.0 applies to the original compilation and editorial work by Luca Valente. Underlying third-party data retain their source terms, including Coin Metrics CC BY-NC 4.0 where indicated; this export does not replace those terms."
listino,2026-10-05,/blocchi/0/valori/1/punti/12/0,"""2026-07-20""","CoinGecko, DefiLlama","""2026-10-05""",CC BY 4.0,https://creativecommons.org/licenses/by/4.0/,Luca Valente,"CC BY 4.0 applies to the original compilation and editorial work by Luca Valente. Underlying third-party data retain their source terms, including Coin Metrics CC BY-NC 4.0 where indicated; this export does not replace those terms."
listino,2026-10-05,/blocchi/0/valori/1/punti/12/1,8.09425,"CoinGecko, DefiLlama","""2026-10-05""",CC BY 4.0,https://creativecommons.org/licenses/by/4.0/,Luca Valente,"CC BY 4.0 applies to the original compilation and editorial work by Luca Valente. Underlying third-party data retain their source terms, including Coin Metrics CC BY-NC 4.0 where indicated; this export does not replace those terms."
listino,2026-10-05,/blocchi/0/valori/1/punti/13/0,"""2026-07-21""","CoinGecko, DefiLlama","""2026-10-05""",CC BY 4.0,https://creativecommons.org/licenses/by/4.0/,Luca Valente,"CC BY 4.0 applies to the original compilation and editorial work by Luca Valente. Underlying third-party data retain their source terms, including Coin Metrics CC BY-NC 4.0 where indicated; this export does not replace those terms."
listino,2026-10-05,/blocchi/0/valori/1/punti/13/1,8.414956,"CoinGecko, DefiLlama","""2026-10-05""",CC BY 4.0,https://creativecommons.org/licenses/by/4.0/,Luca Valente,"CC BY 4.0 applies to the original compilation and editorial work by Luca Valente. Underlying third-party data retain their source terms, including Coin Metrics CC BY-NC 4.0 where indicated; this export does not replace those terms."
listino,2026-10-05,/blocchi/0/valori/1/punti/14/0,"""2026-07-22""","CoinGecko, DefiLlama","""2026-10-05""",CC BY 4.0,https://creativecommons.org/licenses/by/4.0/,Luca Valente,"CC BY 4.0 applies to the original compilation and editorial work by Luca Valente. Underlying third-party data retain their source terms, including Coin Metrics CC BY-NC 4.0 where indicated; this export does not replace those terms."
listino,2026-10-05,/blocchi/0/valori/1/punti/14/1,8.252899,"CoinGecko, DefiLlama","""2026-10-05""",CC BY 4.0,https://creativecommons.org/licenses/by/4.0/,Luca Valente,"CC BY 4.0 applies to the original compilation and editorial work by Luca Valente. Underlying third-party data retain their source terms, including Coin Metrics CC BY-NC 4.0 where indicated; this export does not replace those terms."
listino,2026-10-05,/blocchi/0/valori/1/punti/15/0,"""2026-07-23""","CoinGecko, DefiLlama","""2026-10-05""",CC BY 4.0,https://creativecommons.org/licenses/by/4.0/,Luca Valente,"CC BY 4.0 applies to the original compilation and editorial work by Luca Valente. Underlying third-party data retain their source terms, including Coin Metrics CC BY-NC 4.0 where indicated; this export does not replace those terms."
listino,2026-10-05,/blocchi/0/valori/1/punti/15/1,8.437869,"CoinGecko, DefiLlama","""2026-10-05""",CC BY 4.0,https://creativecommons.org/licenses/by/4.0/,Luca Valente,"CC BY 4.0 applies to the original compilation and editorial work by Luca Valente. Underlying third-party data retain their source terms, including Coin Metrics CC BY-NC 4.0 where indicated; this export does not replace those terms."
listino,2026-10-05,/blocchi/0/valori/1/punti/16/0,"""2026-07-24""","CoinGecko, DefiLlama","""2026-10-05""",CC BY 4.0,https://creativecommons.org/licenses/by/4.0/,Luca Valente,"CC BY 4.0 applies to the original compilation and editorial work by Luca Valente. Underlying third-party data retain their source terms, including Coin Metrics CC BY-NC 4.0 where indicated; this export does not replace those terms."
listino,2026-10-05,/blocchi/0/valori/1/punti/16/1,8.244818,"CoinGecko, DefiLlama","""2026-10-05""",CC BY 4.0,https://creativecommons.org/licenses/by/4.0/,Luca Valente,"CC BY 4.0 applies to the original compilation and editorial work by Luca Valente. Underlying third-party data retain their source terms, including Coin Metrics CC BY-NC 4.0 where indicated; this export does not replace those terms."
listino,2026-10-05,/blocchi/0/valori/1/punti/17/0,"""2026-07-25""","CoinGecko, DefiLlama","""2026-10-05""",CC BY 4.0,https://creativecommons.org/licenses/by/4.0/,Luca Valente,"CC BY 4.0 applies to the original compilation and editorial work by Luca Valente. Underlying third-party data retain their source terms, including Coin Metrics CC BY-NC 4.0 where indicated; this export does not replace those terms."
listino,2026-10-05,/blocchi/0/valori/1/punti/17/1,8.076308,"CoinGecko, DefiLlama","""2026-10-05""",CC BY 4.0,https://creativecommons.org/licenses/by/4.0/,Luca Valente,"CC BY 4.0 applies to the original compilation and editorial work by Luca Valente. Underlying third-party data retain their source terms, including Coin Metrics CC BY-NC 4.0 where indicated; this export does not replace those terms."
listino,2026-10-05,/blocchi/0/valori/1/punti/18/0,"""2026-07-26""","CoinGecko, DefiLlama","""2026-10-05""",CC BY 4.0,https://creativecommons.org/licenses/by/4.0/,Luca Valente,"CC BY 4.0 applies to the original compilation and editorial work by Luca Valente. Underlying third-party data retain their source terms, including Coin Metrics CC BY-NC 4.0 where indicated; this export does not replace those terms."
listino,2026-10-05,/blocchi/0/valori/1/punti/18/1,8.126798,"CoinGecko, DefiLlama","""2026-10-05""",CC BY 4.0,https://creativecommons.org/licenses/by/4.0/,Luca Valente,"CC BY 4.0 applies to the original compilation and editorial work by Luca Valente. Underlying third-party data retain their source terms, including Coin Metrics CC BY-NC 4.0 where indicated; this export does not replace those terms."
listino,2026-10-05,/blocchi/0/valori/1/punti/19/0,"""2026-07-27""","CoinGecko, DefiLlama","""2026-10-05""",CC BY 4.0,https://creativecommons.org/licenses/by/4.0/,Luca Valente,"CC BY 4.0 applies to the original compilation and editorial work by Luca Valente. Underlying third-party data retain their source terms, including Coin Metrics CC BY-NC 4.0 where indicated; this export does not replace those terms."
listino,2026-10-05,/blocchi/0/valori/1/punti/19/1,8.30567,"CoinGecko, DefiLlama","""2026-10-05""",CC BY 4.0,https://creativecommons.org/licenses/by/4.0/,Luca Valente,"CC BY 4.0 applies to the original compilation and editorial work by Luca Valente. Underlying third-party data retain their source terms, including Coin Metrics CC BY-NC 4.0 where indicated; this export does not replace those terms."
listino,2026-10-05,/blocchi/0/valori/1/punti/20/0,"""2026-07-28""","CoinGecko, DefiLlama","""2026-10-05""",CC BY 4.0,https://creativecommons.org/licenses/by/4.0/,Luca Valente,"CC BY 4.0 applies to the original compilation and editorial work by Luca Valente. Underlying third-party data retain their source terms, including Coin Metrics CC BY-NC 4.0 where indicated; this export does not replace those terms."
listino,2026-10-05,/blocchi/0/valori/1/punti/20/1,8.322744,"CoinGecko, DefiLlama","""2026-10-05""",CC BY 4.0,https://creativecommons.org/licenses/by/4.0/,Luca Valente,"CC BY 4.0 applies to the original compilation and editorial work by Luca Valente. Underlying third-party data retain their source terms, including Coin Metrics CC BY-NC 4.0 where indicated; this export does not replace those terms."
listino,2026-10-05,/blocchi/0/valori/1/punti/21/0,"""2026-07-29""","CoinGecko, DefiLlama","""2026-10-05""",CC BY 4.0,https://creativecommons.org/licenses/by/4.0/,Luca Valente,"CC BY 4.0 applies to the original compilation and editorial work by Luca Valente. Underlying third-party data retain their source terms, including Coin Metrics CC BY-NC 4.0 where indicated; this export does not replace those terms."
listino,2026-10-05,/blocchi/0/valori/1/punti/21/1,8.940678,"CoinGecko, DefiLlama","""2026-10-05""",CC BY 4.0,https://creativecommons.org/licenses/by/4.0/,Luca Valente,"CC BY 4.0 applies to the original compilation and editorial work by Luca Valente. Underlying third-party data retain their source terms, including Coin Metrics CC BY-NC 4.0 where indicated; this export does not replace those terms."
listino,2026-10-05,/blocchi/0/valori/1/punti/22/0,"""2026-07-30""","CoinGecko, DefiLlama","""2026-10-05""",CC BY 4.0,https://creativecommons.org/licenses/by/4.0/,Luca Valente,"CC BY 4.0 applies to the original compilation and editorial work by Luca Valente. Underlying third-party data retain their source terms, including Coin Metrics CC BY-NC 4.0 where indicated; this export does not replace those terms."
listino,2026-10-05,/blocchi/0/valori/1/punti/22/1,8.412295,"CoinGecko, DefiLlama","""2026-10-05""",CC BY 4.0,https://creativecommons.org/licenses/by/4.0/,Luca Valente,"CC BY 4.0 applies to the original compilation and editorial work by Luca Valente. Underlying third-party data retain their source terms, including Coin Metrics CC BY-NC 4.0 where indicated; this export does not replace those terms."
listino,2026-10-05,/blocchi/0/valori/1/punti/23/0,"""2026-07-31""","CoinGecko, DefiLlama","""2026-10-05""",CC BY 4.0,https://creativecommons.org/licenses/by/4.0/,Luca Valente,"CC BY 4.0 applies to the original compilation and editorial work by Luca Valente. Underlying third-party data retain their source terms, including Coin Metrics CC BY-NC 4.0 where indicated; this export does not replace those terms."
listino,2026-10-05,/blocchi/0/valori/1/punti/23/1,8.437942,"CoinGecko, DefiLlama","""2026-10-05""",CC BY 4.0,https://creativecommons.org/licenses/by/4.0/,Luca Valente,"CC BY 4.0 applies to the original compilation and editorial work by Luca Valente. Underlying third-party data retain their source terms, including Coin Metrics CC BY-NC 4.0 where indicated; this export does not replace those terms."
listino,2026-10-05,/blocchi/0/valori/1/punti/24/0,"""2026-08-01""","CoinGecko, DefiLlama","""2026-10-05""",CC BY 4.0,https://creativecommons.org/licenses/by/4.0/,Luca Valente,"CC BY 4.0 applies to the original compilation and editorial work by Luca Valente. Underlying third-party data retain their source terms, including Coin Metrics CC BY-NC 4.0 where indicated; this export does not replace those terms."
listino,2026-10-05,/blocchi/0/valori/1/punti/24/1,8.540523,"CoinGecko, DefiLlama","""2026-10-05""",CC BY 4.0,https://creativecommons.org/licenses/by/4.0/,Luca Valente,"CC BY 4.0 applies to the original compilation and editorial work by Luca Valente. Underlying third-party data retain their source terms, including Coin Metrics CC BY-NC 4.0 where indicated; this export does not replace those terms."
listino,2026-10-05,/blocchi/0/valori/1/punti/25/0,"""2026-08-02""","CoinGecko, DefiLlama","""2026-10-05""",CC BY 4.0,https://creativecommons.org/licenses/by/4.0/,Luca Valente,"CC BY 4.0 applies to the original compilation and editorial work by Luca Valente. Underlying third-party data retain their source terms, including Coin Metrics CC BY-NC 4.0 where indicated; this export does not replace those terms."
listino,2026-10-05,/blocchi/0/valori/1/punti/25/1,8.687019,"CoinGecko, DefiLlama","""2026-10-05""",CC BY 4.0,https://creativecommons.org/licenses/by/4.0/,Luca Valente,"CC BY 4.0 applies to the original compilation and editorial work by Luca Valente. Underlying third-party data retain their source terms, including Coin Metrics CC BY-NC 4.0 where indicated; this export does not replace those terms."
listino,2026-10-05,/blocchi/0/valori/1/punti/26/0,"""2026-08-03""","CoinGecko, DefiLlama","""2026-10-05""",CC BY 4.0,https://creativecommons.org/licenses/by/4.0/,Luca Valente,"CC BY 4.0 applies to the original compilation and editorial work by Luca Valente. Underlying third-party data retain their source terms, including Coin Metrics CC BY-NC 4.0 where indicated; this export does not replace those terms."
listino,2026-10-05,/blocchi/0/valori/1/punti/26/1,8.606223,"CoinGecko, DefiLlama","""2026-10-05""",CC BY 4.0,https://creativecommons.org/licenses/by/4.0/,Luca Valente,"CC BY 4.0 applies to the original compilation and editorial work by Luca Valente. Underlying third-party data retain their source terms, including Coin Metrics CC BY-NC 4.0 where indicated; this export does not replace those terms."
listino,2026-10-05,/blocchi/0/valori/1/punti/27/0,"""2026-08-04""","CoinGecko, DefiLlama","""2026-10-05""",CC BY 4.0,https://creativecommons.org/licenses/by/4.0/,Luca Valente,"CC BY 4.0 applies to the original compilation and editorial work by Luca Valente. Underlying third-party data retain their source terms, including Coin Metrics CC BY-NC 4.0 where indicated; this export does not replace those terms."
listino,2026-10-05,/blocchi/0/valori/1/punti/27/1,8.603139,"CoinGecko, DefiLlama","""2026-10-05""",CC BY 4.0,https://creativecommons.org/licenses/by/4.0/,Luca Valente,"CC BY 4.0 applies to the original compilation and editorial work by Luca Valente. Underlying third-party data retain their source terms, including Coin Metrics CC BY-NC 4.0 where indicated; this export does not replace those terms."
listino,2026-10-05,/blocchi/0/valori/1/punti/28/0,"""2026-08-05""","CoinGecko, DefiLlama","""2026-10-05""",CC BY 4.0,https://creativecommons.org/licenses/by/4.0/,Luca Valente,"CC BY 4.0 applies to the original compilation and editorial work by Luca Valente. Underlying third-party data retain their source terms, including Coin Metrics CC BY-NC 4.0 where indicated; this export does not replace those terms."
listino,2026-10-05,/blocchi/0/valori/1/punti/28/1,8.620612,"CoinGecko, DefiLlama","""2026-10-05""",CC BY 4.0,https://creativecommons.org/licenses/by/4.0/,Luca Valente,"CC BY 4.0 applies to the original compilation and editorial work by Luca Valente. Underlying third-party data retain their source terms, including Coin Metrics CC BY-NC 4.0 where indicated; this export does not replace those terms."
listino,2026-10-05,/blocchi/0/valori/1/punti/29/0,"""2026-08-06""","CoinGecko, DefiLlama","""2026-10-05""",CC BY 4.0,https://creativecommons.org/licenses/by/4.0/,Luca Valente,"CC BY 4.0 applies to the original compilation and editorial work by Luca Valente. Underlying third-party data retain their source terms, including Coin Metrics CC BY-NC 4.0 where indicated; this export does not replace those terms."
listino,2026-10-05,/blocchi/0/valori/1/punti/29/1,8.669051,"CoinGecko, DefiLlama","""2026-10-05""",CC BY 4.0,https://creativecommons.org/licenses/by/4.0/,Luca Valente,"CC BY 4.0 applies to the original compilation and editorial work by Luca Valente. Underlying third-party data retain their source terms, including Coin Metrics CC BY-NC 4.0 where indicated; this export does not replace those terms."
listino,2026-10-05,/blocchi/0/valori/1/punti/30/0,"""2026-08-07""","CoinGecko, DefiLlama","""2026-10-05""",CC BY 4.0,https://creativecommons.org/licenses/by/4.0/,Luca Valente,"CC BY 4.0 applies to the original compilation and editorial work by Luca Valente. Underlying third-party data retain their source terms, including Coin Metrics CC BY-NC 4.0 where indicated; this export does not replace those terms."
listino,2026-10-05,/blocchi/0/valori/1/punti/30/1,8.900993,"CoinGecko, DefiLlama","""2026-10-05""",CC BY 4.0,https://creativecommons.org/licenses/by/4.0/,Luca Valente,"CC BY 4.0 applies to the original compilation and editorial work by Luca Valente. Underlying third-party data retain their source terms, including Coin Metrics CC BY-NC 4.0 where indicated; this export does not replace those terms."
listino,2026-10-05,/blocchi/0/valori/1/punti/31/0,"""2026-08-08""","CoinGecko, DefiLlama","""2026-10-05""",CC BY 4.0,https://creativecommons.org/licenses/by/4.0/,Luca Valente,"CC BY 4.0 applies to the original compilation and editorial work by Luca Valente. Underlying third-party data retain their source terms, including Coin Metrics CC BY-NC 4.0 where indicated; this export does not replace those terms."
listino,2026-10-05,/blocchi/0/valori/1/punti/31/1,9.355591,"CoinGecko, DefiLlama","""2026-10-05""",CC BY 4.0,https://creativecommons.org/licenses/by/4.0/,Luca Valente,"CC BY 4.0 applies to the original compilation and editorial work by Luca Valente. Underlying third-party data retain their source terms, including Coin Metrics CC BY-NC 4.0 where indicated; this export does not replace those terms."
listino,2026-10-05,/blocchi/0/valori/1/punti/32/0,"""2026-08-09""","CoinGecko, DefiLlama","""2026-10-05""",CC BY 4.0,https://creativecommons.org/licenses/by/4.0/,Luca Valente,"CC BY 4.0 applies to the original compilation and editorial work by Luca Valente. Underlying third-party data retain their source terms, including Coin Metrics CC BY-NC 4.0 where indicated; this export does not replace those terms."
listino,2026-10-05,/blocchi/0/valori/1/punti/32/1,8.892915,"CoinGecko, DefiLlama","""2026-10-05""",CC BY 4.0,https://creativecommons.org/licenses/by/4.0/,Luca Valente,"CC BY 4.0 applies to the original compilation and editorial work by Luca Valente. Underlying third-party data retain their source terms, including Coin Metrics CC BY-NC 4.0 where indicated; this export does not replace those terms."
listino,2026-10-05,/blocchi/0/valori/1/punti/33/0,"""2026-08-10""","CoinGecko, DefiLlama","""2026-10-05""",CC BY 4.0,https://creativecommons.org/licenses/by/4.0/,Luca Valente,"CC BY 4.0 applies to the original compilation and editorial work by Luca Valente. Underlying third-party data retain their source terms, including Coin Metrics CC BY-NC 4.0 where indicated; this export does not replace those terms."
listino,2026-10-05,/blocchi/0/valori/1/punti/33/1,8.831651,"CoinGecko, DefiLlama","""2026-10-05""",CC BY 4.0,https://creativecommons.org/licenses/by/4.0/,Luca Valente,"CC BY 4.0 applies to the original compilation and editorial work by Luca Valente. Underlying third-party data retain their source terms, including Coin Metrics CC BY-NC 4.0 where indicated; this export does not replace those terms."
listino,2026-10-05,/blocchi/0/valori/1/punti/34/0,"""2026-08-11""","CoinGecko, DefiLlama","""2026-10-05""",CC BY 4.0,https://creativecommons.org/licenses/by/4.0/,Luca Valente,"CC BY 4.0 applies to the original compilation and editorial work by Luca Valente. Underlying third-party data retain their source terms, including Coin Metrics CC BY-NC 4.0 where indicated; this export does not replace those terms."
listino,2026-10-05,/blocchi/0/valori/1/punti/34/1,8.961863,"CoinGecko, DefiLlama","""2026-10-05""",CC BY 4.0,https://creativecommons.org/licenses/by/4.0/,Luca Valente,"CC BY 4.0 applies to the original compilation and editorial work by Luca Valente. Underlying third-party data retain their source terms, including Coin Metrics CC BY-NC 4.0 where indicated; this export does not replace those terms."
listino,2026-10-05,/blocchi/0/valori/1/punti/35/0,"""2026-08-12""","CoinGecko, DefiLlama","""2026-10-05""",CC BY 4.0,https://creativecommons.org/licenses/by/4.0/,Luca Valente,"CC BY 4.0 applies to the original compilation and editorial work by Luca Valente. Underlying third-party data retain their source terms, including Coin Metrics CC BY-NC 4.0 where indicated; this export does not replace those terms."
listino,2026-10-05,/blocchi/0/valori/1/punti/35/1,9.051232,"CoinGecko, DefiLlama","""2026-10-05""",CC BY 4.0,https://creativecommons.org/licenses/by/4.0/,Luca Valente,"CC BY 4.0 applies to the original compilation and editorial work by Luca Valente. Underlying third-party data retain their source terms, including Coin Metrics CC BY-NC 4.0 where indicated; this export does not replace those terms."
listino,2026-10-05,/blocchi/0/valori/1/punti/36/0,"""2026-08-13""","CoinGecko, DefiLlama","""2026-10-05""",CC BY 4.0,https://creativecommons.org/licenses/by/4.0/,Luca Valente,"CC BY 4.0 applies to the original compilation and editorial work by Luca Valente. Underlying third-party data retain their source terms, including Coin Metrics CC BY-NC 4.0 where indicated; this export does not replace those terms."
listino,2026-10-05,/blocchi/0/valori/1/punti/36/1,9.010229,"CoinGecko, DefiLlama","""2026-10-05""",CC BY 4.0,https://creativecommons.org/licenses/by/4.0/,Luca Valente,"CC BY 4.0 applies to the original compilation and editorial work by Luca Valente. Underlying third-party data retain their source terms, including Coin Metrics CC BY-NC 4.0 where indicated; this export does not replace those terms."
listino,2026-10-05,/blocchi/0/valori/1/punti/37/0,"""2026-08-14""","CoinGecko, DefiLlama","""2026-10-05""",CC BY 4.0,https://creativecommons.org/licenses/by/4.0/,Luca Valente,"CC BY 4.0 applies to the original compilation and editorial work by Luca Valente. Underlying third-party data retain their source terms, including Coin Metrics CC BY-NC 4.0 where indicated; this export does not replace those terms."
listino,2026-10-05,/blocchi/0/valori/1/punti/37/1,9.069777,"CoinGecko, DefiLlama","""2026-10-05""",CC BY 4.0,https://creativecommons.org/licenses/by/4.0/,Luca Valente,"CC BY 4.0 applies to the original compilation and editorial work by Luca Valente. Underlying third-party data retain their source terms, including Coin Metrics CC BY-NC 4.0 where indicated; this export does not replace those terms."
listino,2026-10-05,/blocchi/0/valori/1/punti/38/0,"""2026-08-15""","CoinGecko, DefiLlama","""2026-10-05""",CC BY 4.0,https://creativecommons.org/licenses/by/4.0/,Luca Valente,"CC BY 4.0 applies to the original compilation and editorial work by Luca Valente. Underlying third-party data retain their source terms, including Coin Metrics CC BY-NC 4.0 where indicated; this export does not replace those terms."
listino,2026-10-05,/blocchi/0/valori/1/punti/38/1,9.153606,"CoinGecko, DefiLlama","""2026-10-05""",CC BY 4.0,https://creativecommons.org/licenses/by/4.0/,Luca Valente,"CC BY 4.0 applies to the original compilation and editorial work by Luca Valente. Underlying third-party data retain their source terms, including Coin Metrics CC BY-NC 4.0 where indicated; this export does not replace those terms."
listino,2026-10-05,/blocchi/0/valori/1/punti/39/0,"""2026-08-16""","CoinGecko, DefiLlama","""2026-10-05""",CC BY 4.0,https://creativecommons.org/licenses/by/4.0/,Luca Valente,"CC BY 4.0 applies to the original compilation and editorial work by Luca Valente. Underlying third-party data retain their source terms, including Coin Metrics CC BY-NC 4.0 where indicated; this export does not replace those terms."
listino,2026-10-05,/blocchi/0/valori/1/punti/39/1,9.139892,"CoinGecko, DefiLlama","""2026-10-05""",CC BY 4.0,https://creativecommons.org/licenses/by/4.0/,Luca Valente,"CC BY 4.0 applies to the original compilation and editorial work by Luca Valente. Underlying third-party data retain their source terms, including Coin Metrics CC BY-NC 4.0 where indicated; this export does not replace those terms."
listino,2026-10-05,/blocchi/0/valori/1/punti/40/0,"""2026-08-17""","CoinGecko, DefiLlama","""2026-10-05""",CC BY 4.0,https://creativecommons.org/licenses/by/4.0/,Luca Valente,"CC BY 4.0 applies to the original compilation and editorial work by Luca Valente. Underlying third-party data retain their source terms, including Coin Metrics CC BY-NC 4.0 where indicated; this export does not replace those terms."
listino,2026-10-05,/blocchi/0/valori/1/punti/40/1,9.007244,"CoinGecko, DefiLlama","""2026-10-05""",CC BY 4.0,https://creativecommons.org/licenses/by/4.0/,Luca Valente,"CC BY 4.0 applies to the original compilation and editorial work by Luca Valente. Underlying third-party data retain their source terms, including Coin Metrics CC BY-NC 4.0 where indicated; this export does not replace those terms."
listino,2026-10-05,/blocchi/0/valori/1/punti/41/0,"""2026-08-18""","CoinGecko, DefiLlama","""2026-10-05""",CC BY 4.0,https://creativecommons.org/licenses/by/4.0/,Luca Valente,"CC BY 4.0 applies to the original compilation and editorial work by Luca Valente. Underlying third-party data retain their source terms, including Coin Metrics CC BY-NC 4.0 where indicated; this export does not replace those terms."
listino,2026-10-05,/blocchi/0/valori/1/punti/41/1,9.148133,"CoinGecko, DefiLlama","""2026-10-05""",CC BY 4.0,https://creativecommons.org/licenses/by/4.0/,Luca Valente,"CC BY 4.0 applies to the original compilation and editorial work by Luca Valente. Underlying third-party data retain their source terms, including Coin Metrics CC BY-NC 4.0 where indicated; this export does not replace those terms."
listino,2026-10-05,/blocchi/0/valori/1/punti/42/0,"""2026-08-19""","CoinGecko, DefiLlama","""2026-10-05""",CC BY 4.0,https://creativecommons.org/licenses/by/4.0/,Luca Valente,"CC BY 4.0 applies to the original compilation and editorial work by Luca Valente. Underlying third-party data retain their source terms, including Coin Metrics CC BY-NC 4.0 where indicated; this export does not replace those terms."
listino,2026-10-05,/blocchi/0/valori/1/punti/42/1,9.394566,"CoinGecko, DefiLlama","""2026-10-05""",CC BY 4.0,https://creativecommons.org/licenses/by/4.0/,Luca Valente,"CC BY 4.0 applies to the original compilation and editorial work by Luca Valente. Underlying third-party data retain their source terms, including Coin Metrics CC BY-NC 4.0 where indicated; this export does not replace those terms."
listino,2026-10-05,/blocchi/0/valori/1/punti/43/0,"""2026-08-20""","CoinGecko, DefiLlama","""2026-10-05""",CC BY 4.0,https://creativecommons.org/licenses/by/4.0/,Luca Valente,"CC BY 4.0 applies to the original compilation and editorial work by Luca Valente. Underlying third-party data retain their source terms, including Coin Metrics CC BY-NC 4.0 where indicated; this export does not replace those terms."
listino,2026-10-05,/blocchi/0/valori/1/punti/43/1,10.21572,"CoinGecko, DefiLlama","""2026-10-05""",CC BY 4.0,https://creativecommons.org/licenses/by/4.0/,Luca Valente,"CC BY 4.0 applies to the original compilation and editorial work by Luca Valente. Underlying third-party data retain their source terms, including Coin Metrics CC BY-NC 4.0 where indicated; this export does not replace those terms."
listino,2026-10-05,/blocchi/0/valori/1/punti/44/0,"""2026-08-21""","CoinGecko, DefiLlama","""2026-10-05""",CC BY 4.0,https://creativecommons.org/licenses/by/4.0/,Luca Valente,"CC BY 4.0 applies to the original compilation and editorial work by Luca Valente. Underlying third-party data retain their source terms, including Coin Metrics CC BY-NC 4.0 where indicated; this export does not replace those terms."
listino,2026-10-05,/blocchi/0/valori/1/punti/44/1,10.844038,"CoinGecko, DefiLlama","""2026-10-05""",CC BY 4.0,https://creativecommons.org/licenses/by/4.0/,Luca Valente,"CC BY 4.0 applies to the original compilation and editorial work by Luca Valente. Underlying third-party data retain their source terms, including Coin Metrics CC BY-NC 4.0 where indicated; this export does not replace those terms."
listino,2026-10-05,/blocchi/0/valori/1/punti/45/0,"""2026-08-22""","CoinGecko, DefiLlama","""2026-10-05""",CC BY 4.0,https://creativecommons.org/licenses/by/4.0/,Luca Valente,"CC BY 4.0 applies to the original compilation and editorial work by Luca Valente. Underlying third-party data retain their source terms, including Coin Metrics CC BY-NC 4.0 where indicated; this export does not replace those terms."
listino,2026-10-05,/blocchi/0/valori/1/punti/45/1,13.557844,"CoinGecko, DefiLlama","""2026-10-05""",CC BY 4.0,https://creativecommons.org/licenses/by/4.0/,Luca Valente,"CC BY 4.0 applies to the original compilation and editorial work by Luca Valente. Underlying third-party data retain their source terms, including Coin Metrics CC BY-NC 4.0 where indicated; this export does not replace those terms."
listino,2026-10-05,/blocchi/0/valori/1/punti/46/0,"""2026-08-23""","CoinGecko, DefiLlama","""2026-10-05""",CC BY 4.0,https://creativecommons.org/licenses/by/4.0/,Luca Valente,"CC BY 4.0 applies to the original compilation and editorial work by Luca Valente. Underlying third-party data retain their source terms, including Coin Metrics CC BY-NC 4.0 where indicated; this export does not replace those terms."
listino,2026-10-05,/blocchi/0/valori/1/punti/46/1,12.754569,"CoinGecko, DefiLlama","""2026-10-05""",CC BY 4.0,https://creativecommons.org/licenses/by/4.0/,Luca Valente,"CC BY 4.0 applies to the original compilation and editorial work by Luca Valente. Underlying third-party data retain their source terms, including Coin Metrics CC BY-NC 4.0 where indicated; this export does not replace those terms."
listino,2026-10-05,/blocchi/0/valori/1/punti/47/0,"""2026-08-24""","CoinGecko, DefiLlama","""2026-10-05""",CC BY 4.0,https://creativecommons.org/licenses/by/4.0/,Luca Valente,"CC BY 4.0 applies to the original compilation and editorial work by Luca Valente. Underlying third-party data retain their source terms, including Coin Metrics CC BY-NC 4.0 where indicated; this export does not replace those terms."
listino,2026-10-05,/blocchi/0/valori/1/punti/47/1,12.992943,"CoinGecko, DefiLlama","""2026-10-05""",CC BY 4.0,https://creativecommons.org/licenses/by/4.0/,Luca Valente,"CC BY 4.0 applies to the original compilation and editorial work by Luca Valente. Underlying third-party data retain their source terms, including Coin Metrics CC BY-NC 4.0 where indicated; this export does not replace those terms."
listino,2026-10-05,/blocchi/0/valori/1/punti/48/0,"""2026-08-25""","CoinGecko, DefiLlama","""2026-10-05""",CC BY 4.0,https://creativecommons.org/licenses/by/4.0/,Luca Valente,"CC BY 4.0 applies to the original compilation and editorial work by Luca Valente. Underlying third-party data retain their source terms, including Coin Metrics CC BY-NC 4.0 where indicated; this export does not replace those terms."
listino,2026-10-05,/blocchi/0/valori/1/punti/48/1,13.11723,"CoinGecko, DefiLlama","""2026-10-05""",CC BY 4.0,https://creativecommons.org/licenses/by/4.0/,Luca Valente,"CC BY 4.0 applies to the original compilation and editorial work by Luca Valente. Underlying third-party data retain their source terms, including Coin Metrics CC BY-NC 4.0 where indicated; this export does not replace those terms."
listino,2026-10-05,/blocchi/0/valori/1/punti/49/0,"""2026-08-26""","CoinGecko, DefiLlama","""2026-10-05""",CC BY 4.0,https://creativecommons.org/licenses/by/4.0/,Luca Valente,"CC BY 4.0 applies to the original compilation and editorial work by Luca Valente. Underlying third-party data retain their source terms, including Coin Metrics CC BY-NC 4.0 where indicated; this export does not replace those terms."
listino,2026-10-05,/blocchi/0/valori/1/punti/49/1,12.8394,"CoinGecko, DefiLlama","""2026-10-05""",CC BY 4.0,https://creativecommons.org/licenses/by/4.0/,Luca Valente,"CC BY 4.0 applies to the original compilation and editorial work by Luca Valente. Underlying third-party data retain their source terms, including Coin Metrics CC BY-NC 4.0 where indicated; this export does not replace those terms."
listino,2026-10-05,/blocchi/0/valori/1/punti/50/0,"""2026-08-27""","CoinGecko, DefiLlama","""2026-10-05""",CC BY 4.0,https://creativecommons.org/licenses/by/4.0/,Luca Valente,"CC BY 4.0 applies to the original compilation and editorial work by Luca Valente. Underlying third-party data retain their source terms, including Coin Metrics CC BY-NC 4.0 where indicated; this export does not replace those terms."
listino,2026-10-05,/blocchi/0/valori/1/punti/50/1,14.25497,"CoinGecko, DefiLlama","""2026-10-05""",CC BY 4.0,https://creativecommons.org/licenses/by/4.0/,Luca Valente,"CC BY 4.0 applies to the original compilation and editorial work by Luca Valente. Underlying third-party data retain their source terms, including Coin Metrics CC BY-NC 4.0 where indicated; this export does not replace those terms."
listino,2026-10-05,/blocchi/0/valori/1/punti/51/0,"""2026-08-28""","CoinGecko, DefiLlama","""2026-10-05""",CC BY 4.0,https://creativecommons.org/licenses/by/4.0/,Luca Valente,"CC BY 4.0 applies to the original compilation and editorial work by Luca Valente. Underlying third-party data retain their source terms, including Coin Metrics CC BY-NC 4.0 where indicated; this export does not replace those terms."
listino,2026-10-05,/blocchi/0/valori/1/punti/51/1,15.309869,"CoinGecko, DefiLlama","""2026-10-05""",CC BY 4.0,https://creativecommons.org/licenses/by/4.0/,Luca Valente,"CC BY 4.0 applies to the original compilation and editorial work by Luca Valente. Underlying third-party data retain their source terms, including Coin Metrics CC BY-NC 4.0 where indicated; this export does not replace those terms."
listino,2026-10-05,/blocchi/0/valori/1/punti/52/0,"""2026-08-29""","CoinGecko, DefiLlama","""2026-10-05""",CC BY 4.0,https://creativecommons.org/licenses/by/4.0/,Luca Valente,"CC BY 4.0 applies to the original compilation and editorial work by Luca Valente. Underlying third-party data retain their source terms, including Coin Metrics CC BY-NC 4.0 where indicated; this export does not replace those terms."
listino,2026-10-05,/blocchi/0/valori/1/punti/52/1,13.867264,"CoinGecko, DefiLlama","""2026-10-05""",CC BY 4.0,https://creativecommons.org/licenses/by/4.0/,Luca Valente,"CC BY 4.0 applies to the original compilation and editorial work by Luca Valente. Underlying third-party data retain their source terms, including Coin Metrics CC BY-NC 4.0 where indicated; this export does not replace those terms."
listino,2026-10-05,/blocchi/0/valori/1/punti/53/0,"""2026-08-30""","CoinGecko, DefiLlama","""2026-10-05""",CC BY 4.0,https://creativecommons.org/licenses/by/4.0/,Luca Valente,"CC BY 4.0 applies to the original compilation and editorial work by Luca Valente. Underlying third-party data retain their source terms, including Coin Metrics CC BY-NC 4.0 where indicated; this export does not replace those terms."
listino,2026-10-05,/blocchi/0/valori/1/punti/53/1,13.844094,"CoinGecko, DefiLlama","""2026-10-05""",CC BY 4.0,https://creativecommons.org/licenses/by/4.0/,Luca Valente,"CC BY 4.0 applies to the original compilation and editorial work by Luca Valente. Underlying third-party data retain their source terms, including Coin Metrics CC BY-NC 4.0 where indicated; this export does not replace those terms."
listino,2026-10-05,/blocchi/0/valori/1/punti/54/0,"""2026-08-31""","CoinGecko, DefiLlama","""2026-10-05""",CC BY 4.0,https://creativecommons.org/licenses/by/4.0/,Luca Valente,"CC BY 4.0 applies to the original compilation and editorial work by Luca Valente. Underlying third-party data retain their source terms, including Coin Metrics CC BY-NC 4.0 where indicated; this export does not replace those terms."
listino,2026-10-05,/blocchi/0/valori/1/punti/54/1,13.42611,"CoinGecko, DefiLlama","""2026-10-05""",CC BY 4.0,https://creativecommons.org/licenses/by/4.0/,Luca Valente,"CC BY 4.0 applies to the original compilation and editorial work by Luca Valente. Underlying third-party data retain their source terms, including Coin Metrics CC BY-NC 4.0 where indicated; this export does not replace those terms."
listino,2026-10-05,/blocchi/0/valori/1/punti/55/0,"""2026-09-01""","CoinGecko, DefiLlama","""2026-10-05""",CC BY 4.0,https://creativecommons.org/licenses/by/4.0/,Luca Valente,"CC BY 4.0 applies to the original compilation and editorial work by Luca Valente. Underlying third-party data retain their source terms, including Coin Metrics CC BY-NC 4.0 where indicated; this export does not replace those terms."
listino,2026-10-05,/blocchi/0/valori/1/punti/55/1,13.166989,"CoinGecko, DefiLlama","""2026-10-05""",CC BY 4.0,https://creativecommons.org/licenses/by/4.0/,Luca Valente,"CC BY 4.0 applies to the original compilation and editorial work by Luca Valente. Underlying third-party data retain their source terms, including Coin Metrics CC BY-NC 4.0 where indicated; this export does not replace those terms."
listino,2026-10-05,/blocchi/0/valori/1/punti/56/0,"""2026-09-02""","CoinGecko, DefiLlama","""2026-10-05""",CC BY 4.0,https://creativecommons.org/licenses/by/4.0/,Luca Valente,"CC BY 4.0 applies to the original compilation and editorial work by Luca Valente. Underlying third-party data retain their source terms, including Coin Metrics CC BY-NC 4.0 where indicated; this export does not replace those terms."
listino,2026-10-05,/blocchi/0/valori/1/punti/56/1,12.851535,"CoinGecko, DefiLlama","""2026-10-05""",CC BY 4.0,https://creativecommons.org/licenses/by/4.0/,Luca Valente,"CC BY 4.0 applies to the original compilation and editorial work by Luca Valente. Underlying third-party data retain their source terms, including Coin Metrics CC BY-NC 4.0 where indicated; this export does not replace those terms."
listino,2026-10-05,/blocchi/0/valori/1/punti/57/0,"""2026-09-03""","CoinGecko, DefiLlama","""2026-10-05""",CC BY 4.0,https://creativecommons.org/licenses/by/4.0/,Luca Valente,"CC BY 4.0 applies to the original compilation and editorial work by Luca Valente. Underlying third-party data retain their source terms, including Coin Metrics CC BY-NC 4.0 where indicated; this export does not replace those terms."
listino,2026-10-05,/blocchi/0/valori/1/punti/57/1,13.304339,"CoinGecko, DefiLlama","""2026-10-05""",CC BY 4.0,https://creativecommons.org/licenses/by/4.0/,Luca Valente,"CC BY 4.0 applies to the original compilation and editorial work by Luca Valente. Underlying third-party data retain their source terms, including Coin Metrics CC BY-NC 4.0 where indicated; this export does not replace those terms."
listino,2026-10-05,/blocchi/0/valori/1/punti/58/0,"""2026-09-04""","CoinGecko, DefiLlama","""2026-10-05""",CC BY 4.0,https://creativecommons.org/licenses/by/4.0/,Luca Valente,"CC BY 4.0 applies to the original compilation and editorial work by Luca Valente. Underlying third-party data retain their source terms, including Coin Metrics CC BY-NC 4.0 where indicated; this export does not replace those terms."
listino,2026-10-05,/blocchi/0/valori/1/punti/58/1,13.577427,"CoinGecko, DefiLlama","""2026-10-05""",CC BY 4.0,https://creativecommons.org/licenses/by/4.0/,Luca Valente,"CC BY 4.0 applies to the original compilation and editorial work by Luca Valente. Underlying third-party data retain their source terms, including Coin Metrics CC BY-NC 4.0 where indicated; this export does not replace those terms."
listino,2026-10-05,/blocchi/0/valori/1/punti/59/0,"""2026-09-05""","CoinGecko, DefiLlama","""2026-10-05""",CC BY 4.0,https://creativecommons.org/licenses/by/4.0/,Luca Valente,"CC BY 4.0 applies to the original compilation and editorial work by Luca Valente. Underlying third-party data retain their source terms, including Coin Metrics CC BY-NC 4.0 where indicated; this export does not replace those terms."
listino,2026-10-05,/blocchi/0/valori/1/punti/59/1,13.701467,"CoinGecko, DefiLlama","""2026-10-05""",CC BY 4.0,https://creativecommons.org/licenses/by/4.0/,Luca Valente,"CC BY 4.0 applies to the original compilation and editorial work by Luca Valente. Underlying third-party data retain their source terms, including Coin Metrics CC BY-NC 4.0 where indicated; this export does not replace those terms."
listino,2026-10-05,/blocchi/0/valori/1/punti/60/0,"""2026-09-06""","CoinGecko, DefiLlama","""2026-10-05""",CC BY 4.0,https://creativecommons.org/licenses/by/4.0/,Luca Valente,"CC BY 4.0 applies to the original compilation and editorial work by Luca Valente. Underlying third-party data retain their source terms, including Coin Metrics CC BY-NC 4.0 where indicated; this export does not replace those terms."
listino,2026-10-05,/blocchi/0/valori/1/punti/60/1,13.864263,"CoinGecko, DefiLlama","""2026-10-05""",CC BY 4.0,https://creativecommons.org/licenses/by/4.0/,Luca Valente,"CC BY 4.0 applies to the original compilation and editorial work by Luca Valente. Underlying third-party data retain their source terms, including Coin Metrics CC BY-NC 4.0 where indicated; this export does not replace those terms."
listino,2026-10-05,/blocchi/0/valori/1/punti/61/0,"""2026-09-07""","CoinGecko, DefiLlama","""2026-10-05""",CC BY 4.0,https://creativecommons.org/licenses/by/4.0/,Luca Valente,"CC BY 4.0 applies to the original compilation and editorial work by Luca Valente. Underlying third-party data retain their source terms, including Coin Metrics CC BY-NC 4.0 where indicated; this export does not replace those terms."
listino,2026-10-05,/blocchi/0/valori/1/punti/61/1,13.9705,"CoinGecko, DefiLlama","""2026-10-05""",CC BY 4.0,https://creativecommons.org/licenses/by/4.0/,Luca Valente,"CC BY 4.0 applies to the original compilation and editorial work by Luca Valente. Underlying third-party data retain their source terms, including Coin Metrics CC BY-NC 4.0 where indicated; this export does not replace those terms."
listino,2026-10-05,/blocchi/0/valori/1/punti/62/0,"""2026-09-08""","CoinGecko, DefiLlama","""2026-10-05""",CC BY 4.0,https://creativecommons.org/licenses/by/4.0/,Luca Valente,"CC BY 4.0 applies to the original compilation and editorial work by Luca Valente. Underlying third-party data retain their source terms, including Coin Metrics CC BY-NC 4.0 where indicated; this export does not replace those terms."
listino,2026-10-05,/blocchi/0/valori/1/punti/62/1,13.837351,"CoinGecko, DefiLlama","""2026-10-05""",CC BY 4.0,https://creativecommons.org/licenses/by/4.0/,Luca Valente,"CC BY 4.0 applies to the original compilation and editorial work by Luca Valente. Underlying third-party data retain their source terms, including Coin Metrics CC BY-NC 4.0 where indicated; this export does not replace those terms."
listino,2026-10-05,/blocchi/0/valori/1/punti/63/0,"""2026-09-09""","CoinGecko, DefiLlama","""2026-10-05""",CC BY 4.0,https://creativecommons.org/licenses/by/4.0/,Luca Valente,"CC BY 4.0 applies to the original compilation and editorial work by Luca Valente. Underlying third-party data retain their source terms, including Coin Metrics CC BY-NC 4.0 where indicated; this export does not replace those terms."
listino,2026-10-05,/blocchi/0/valori/1/punti/63/1,14.654528,"CoinGecko, DefiLlama","""2026-10-05""",CC BY 4.0,https://creativecommons.org/licenses/by/4.0/,Luca Valente,"CC BY 4.0 applies to the original compilation and editorial work by Luca Valente. Underlying third-party data retain their source terms, including Coin Metrics CC BY-NC 4.0 where indicated; this export does not replace those terms."
listino,2026-10-05,/blocchi/0/valori/1/punti/64/0,"""2026-09-10""","CoinGecko, DefiLlama","""2026-10-05""",CC BY 4.0,https://creativecommons.org/licenses/by/4.0/,Luca Valente,"CC BY 4.0 applies to the original compilation and editorial work by Luca Valente. Underlying third-party data retain their source terms, including Coin Metrics CC BY-NC 4.0 where indicated; this export does not replace those terms."
listino,2026-10-05,/blocchi/0/valori/1/punti/64/1,14.638201,"CoinGecko, DefiLlama","""2026-10-05""",CC BY 4.0,https://creativecommons.org/licenses/by/4.0/,Luca Valente,"CC BY 4.0 applies to the original compilation and editorial work by Luca Valente. Underlying third-party data retain their source terms, including Coin Metrics CC BY-NC 4.0 where indicated; this export does not replace those terms."
listino,2026-10-05,/blocchi/0/valori/1/punti/65/0,"""2026-09-11""","CoinGecko, DefiLlama","""2026-10-05""",CC BY 4.0,https://creativecommons.org/licenses/by/4.0/,Luca Valente,"CC BY 4.0 applies to the original compilation and editorial work by Luca Valente. Underlying third-party data retain their source terms, including Coin Metrics CC BY-NC 4.0 where indicated; this export does not replace those terms."
listino,2026-10-05,/blocchi/0/valori/1/punti/65/1,14.009383,"CoinGecko, DefiLlama","""2026-10-05""",CC BY 4.0,https://creativecommons.org/licenses/by/4.0/,Luca Valente,"CC BY 4.0 applies to the original compilation and editorial work by Luca Valente. Underlying third-party data retain their source terms, including Coin Metrics CC BY-NC 4.0 where indicated; this export does not replace those terms."
listino,2026-10-05,/blocchi/0/valori/1/punti/66/0,"""2026-09-12""","CoinGecko, DefiLlama","""2026-10-05""",CC BY 4.0,https://creativecommons.org/licenses/by/4.0/,Luca Valente,"CC BY 4.0 applies to the original compilation and editorial work by Luca Valente. Underlying third-party data retain their source terms, including Coin Metrics CC BY-NC 4.0 where indicated; this export does not replace those terms."
listino,2026-10-05,/blocchi/0/valori/1/punti/66/1,14.300347,"CoinGecko, DefiLlama","""2026-10-05""",CC BY 4.0,https://creativecommons.org/licenses/by/4.0/,Luca Valente,"CC BY 4.0 applies to the original compilation and editorial work by Luca Valente. Underlying third-party data retain their source terms, including Coin Metrics CC BY-NC 4.0 where indicated; this export does not replace those terms."
listino,2026-10-05,/blocchi/0/valori/1/punti/67/0,"""2026-09-13""","CoinGecko, DefiLlama","""2026-10-05""",CC BY 4.0,https://creativecommons.org/licenses/by/4.0/,Luca Valente,"CC BY 4.0 applies to the original compilation and editorial work by Luca Valente. Underlying third-party data retain their source terms, including Coin Metrics CC BY-NC 4.0 where indicated; this export does not replace those terms."
listino,2026-10-05,/blocchi/0/valori/1/punti/67/1,14.468003,"CoinGecko, DefiLlama","""2026-10-05""",CC BY 4.0,https://creativecommons.org/licenses/by/4.0/,Luca Valente,"CC BY 4.0 applies to the original compilation and editorial work by Luca Valente. Underlying third-party data retain their source terms, including Coin Metrics CC BY-NC 4.0 where indicated; this export does not replace those terms."
listino,2026-10-05,/blocchi/0/valori/1/punti/68/0,"""2026-09-14""","CoinGecko, DefiLlama","""2026-10-05""",CC BY 4.0,https://creativecommons.org/licenses/by/4.0/,Luca Valente,"CC BY 4.0 applies to the original compilation and editorial work by Luca Valente. Underlying third-party data retain their source terms, including Coin Metrics CC BY-NC 4.0 where indicated; this export does not replace those terms."
listino,2026-10-05,/blocchi/0/valori/1/punti/68/1,14.079615,"CoinGecko, DefiLlama","""2026-10-05""",CC BY 4.0,https://creativecommons.org/licenses/by/4.0/,Luca Valente,"CC BY 4.0 applies to the original compilation and editorial work by Luca Valente. Underlying third-party data retain their source terms, including Coin Metrics CC BY-NC 4.0 where indicated; this export does not replace those terms."
listino,2026-10-05,/blocchi/0/valori/1/punti/69/0,"""2026-09-15""","CoinGecko, DefiLlama","""2026-10-05""",CC BY 4.0,https://creativecommons.org/licenses/by/4.0/,Luca Valente,"CC BY 4.0 applies to the original compilation and editorial work by Luca Valente. Underlying third-party data retain their source terms, including Coin Metrics CC BY-NC 4.0 where indicated; this export does not replace those terms."
listino,2026-10-05,/blocchi/0/valori/1/punti/69/1,14.261841,"CoinGecko, DefiLlama","""2026-10-05""",CC BY 4.0,https://creativecommons.org/licenses/by/4.0/,Luca Valente,"CC BY 4.0 applies to the original compilation and editorial work by Luca Valente. Underlying third-party data retain their source terms, including Coin Metrics CC BY-NC 4.0 where indicated; this export does not replace those terms."
listino,2026-10-05,/blocchi/0/valori/1/punti/70/0,"""2026-09-16""","CoinGecko, DefiLlama","""2026-10-05""",CC BY 4.0,https://creativecommons.org/licenses/by/4.0/,Luca Valente,"CC BY 4.0 applies to the original compilation and editorial work by Luca Valente. Underlying third-party data retain their source terms, including Coin Metrics CC BY-NC 4.0 where indicated; this export does not replace those terms."
listino,2026-10-05,/blocchi/0/valori/1/punti/70/1,14.353362,"CoinGecko, DefiLlama","""2026-10-05""",CC BY 4.0,https://creativecommons.org/licenses/by/4.0/,Luca Valente,"CC BY 4.0 applies to the original compilation and editorial work by Luca Valente. Underlying third-party data retain their source terms, including Coin Metrics CC BY-NC 4.0 where indicated; this export does not replace those terms."
listino,2026-10-05,/blocchi/0/valori/1/punti/71/0,"""2026-09-17""","CoinGecko, DefiLlama","""2026-10-05""",CC BY 4.0,https://creativecommons.org/licenses/by/4.0/,Luca Valente,"CC BY 4.0 applies to the original compilation and editorial work by Luca Valente. Underlying third-party data retain their source terms, including Coin Metrics CC BY-NC 4.0 where indicated; this export does not replace those terms."
listino,2026-10-05,/blocchi/0/valori/1/punti/71/1,14.993877,"CoinGecko, DefiLlama","""2026-10-05""",CC BY 4.0,https://creativecommons.org/licenses/by/4.0/,Luca Valente,"CC BY 4.0 applies to the original compilation and editorial work by Luca Valente. Underlying third-party data retain their source terms, including Coin Metrics CC BY-NC 4.0 where indicated; this export does not replace those terms."
listino,2026-10-05,/blocchi/0/valori/1/punti/72/0,"""2026-09-18""","CoinGecko, DefiLlama","""2026-10-05""",CC BY 4.0,https://creativecommons.org/licenses/by/4.0/,Luca Valente,"CC BY 4.0 applies to the original compilation and editorial work by Luca Valente. Underlying third-party data retain their source terms, including Coin Metrics CC BY-NC 4.0 where indicated; this export does not replace those terms."
listino,2026-10-05,/blocchi/0/valori/1/punti/72/1,16.284207,"CoinGecko, DefiLlama","""2026-10-05""",CC BY 4.0,https://creativecommons.org/licenses/by/4.0/,Luca Valente,"CC BY 4.0 applies to the original compilation and editorial work by Luca Valente. Underlying third-party data retain their source terms, including Coin Metrics CC BY-NC 4.0 where indicated; this export does not replace those terms."
listino,2026-10-05,/blocchi/0/valori/1/punti/73/0,"""2026-09-19""","CoinGecko, DefiLlama","""2026-10-05""",CC BY 4.0,https://creativecommons.org/licenses/by/4.0/,Luca Valente,"CC BY 4.0 applies to the original compilation and editorial work by Luca Valente. Underlying third-party data retain their source terms, including Coin Metrics CC BY-NC 4.0 where indicated; this export does not replace those terms."
listino,2026-10-05,/blocchi/0/valori/1/punti/73/1,16.518502,"CoinGecko, DefiLlama","""2026-10-05""",CC BY 4.0,https://creativecommons.org/licenses/by/4.0/,Luca Valente,"CC BY 4.0 applies to the original compilation and editorial work by Luca Valente. Underlying third-party data retain their source terms, including Coin Metrics CC BY-NC 4.0 where indicated; this export does not replace those terms."
listino,2026-10-05,/blocchi/0/valori/1/punti/74/0,"""2026-09-20""","CoinGecko, DefiLlama","""2026-10-05""",CC BY 4.0,https://creativecommons.org/licenses/by/4.0/,Luca Valente,"CC BY 4.0 applies to the original compilation and editorial work by Luca Valente. Underlying third-party data retain their source terms, including Coin Metrics CC BY-NC 4.0 where indicated; this export does not replace those terms."
listino,2026-10-05,/blocchi/0/valori/1/punti/74/1,16.26349,"CoinGecko, DefiLlama","""2026-10-05""",CC BY 4.0,https://creativecommons.org/licenses/by/4.0/,Luca Valente,"CC BY 4.0 applies to the original compilation and editorial work by Luca Valente. Underlying third-party data retain their source terms, including Coin Metrics CC BY-NC 4.0 where indicated; this export does not replace those terms."
listino,2026-10-05,/blocchi/0/valori/1/punti/75/0,"""2026-09-21""","CoinGecko, DefiLlama","""2026-10-05""",CC BY 4.0,https://creativecommons.org/licenses/by/4.0/,Luca Valente,"CC BY 4.0 applies to the original compilation and editorial work by Luca Valente. Underlying third-party data retain their source terms, including Coin Metrics CC BY-NC 4.0 where indicated; this export does not replace those terms."
listino,2026-10-05,/blocchi/0/valori/1/punti/75/1,17.594901,"CoinGecko, DefiLlama","""2026-10-05""",CC BY 4.0,https://creativecommons.org/licenses/by/4.0/,Luca Valente,"CC BY 4.0 applies to the original compilation and editorial work by Luca Valente. Underlying third-party data retain their source terms, including Coin Metrics CC BY-NC 4.0 where indicated; this export does not replace those terms."
listino,2026-10-05,/blocchi/0/valori/1/punti/76/0,"""2026-09-22""","CoinGecko, DefiLlama","""2026-10-05""",CC BY 4.0,https://creativecommons.org/licenses/by/4.0/,Luca Valente,"CC BY 4.0 applies to the original compilation and editorial work by Luca Valente. Underlying third-party data retain their source terms, including Coin Metrics CC BY-NC 4.0 where indicated; this export does not replace those terms."
listino,2026-10-05,/blocchi/0/valori/1/punti/76/1,18.5629,"CoinGecko, DefiLlama","""2026-10-05""",CC BY 4.0,https://creativecommons.org/licenses/by/4.0/,Luca Valente,"CC BY 4.0 applies to the original compilation and editorial work by Luca Valente. Underlying third-party data retain their source terms, including Coin Metrics CC BY-NC 4.0 where indicated; this export does not replace those terms."
listino,2026-10-05,/blocchi/0/valori/1/punti/77/0,"""2026-09-23""","CoinGecko, DefiLlama","""2026-10-05""",CC BY 4.0,https://creativecommons.org/licenses/by/4.0/,Luca Valente,"CC BY 4.0 applies to the original compilation and editorial work by Luca Valente. Underlying third-party data retain their source terms, including Coin Metrics CC BY-NC 4.0 where indicated; this export does not replace those terms."
listino,2026-10-05,/blocchi/0/valori/1/punti/77/1,17.769648,"CoinGecko, DefiLlama","""2026-10-05""",CC BY 4.0,https://creativecommons.org/licenses/by/4.0/,Luca Valente,"CC BY 4.0 applies to the original compilation and editorial work by Luca Valente. Underlying third-party data retain their source terms, including Coin Metrics CC BY-NC 4.0 where indicated; this export does not replace those terms."
listino,2026-10-05,/blocchi/0/valori/1/punti/78/0,"""2026-09-24""","CoinGecko, DefiLlama","""2026-10-05""",CC BY 4.0,https://creativecommons.org/licenses/by/4.0/,Luca Valente,"CC BY 4.0 applies to the original compilation and editorial work by Luca Valente. Underlying third-party data retain their source terms, including Coin Metrics CC BY-NC 4.0 where indicated; this export does not replace those terms."
listino,2026-10-05,/blocchi/0/valori/1/punti/78/1,16.340257,"CoinGecko, DefiLlama","""2026-10-05""",CC BY 4.0,https://creativecommons.org/licenses/by/4.0/,Luca Valente,"CC BY 4.0 applies to the original compilation and editorial work by Luca Valente. Underlying third-party data retain their source terms, including Coin Metrics CC BY-NC 4.0 where indicated; this export does not replace those terms."
listino,2026-10-05,/blocchi/0/valori/1/punti/79/0,"""2026-09-25""","CoinGecko, DefiLlama","""2026-10-05""",CC BY 4.0,https://creativecommons.org/licenses/by/4.0/,Luca Valente,"CC BY 4.0 applies to the original compilation and editorial work by Luca Valente. Underlying third-party data retain their source terms, including Coin Metrics CC BY-NC 4.0 where indicated; this export does not replace those terms."
listino,2026-10-05,/blocchi/0/valori/1/punti/79/1,17.790592,"CoinGecko, DefiLlama","""2026-10-05""",CC BY 4.0,https://creativecommons.org/licenses/by/4.0/,Luca Valente,"CC BY 4.0 applies to the original compilation and editorial work by Luca Valente. Underlying third-party data retain their source terms, including Coin Metrics CC BY-NC 4.0 where indicated; this export does not replace those terms."
listino,2026-10-05,/blocchi/0/valori/1/punti/80/0,"""2026-09-26""","CoinGecko, DefiLlama","""2026-10-05""",CC BY 4.0,https://creativecommons.org/licenses/by/4.0/,Luca Valente,"CC BY 4.0 applies to the original compilation and editorial work by Luca Valente. Underlying third-party data retain their source terms, including Coin Metrics CC BY-NC 4.0 where indicated; this export does not replace those terms."
listino,2026-10-05,/blocchi/0/valori/1/punti/80/1,18.072775,"CoinGecko, DefiLlama","""2026-10-05""",CC BY 4.0,https://creativecommons.org/licenses/by/4.0/,Luca Valente,"CC BY 4.0 applies to the original compilation and editorial work by Luca Valente. Underlying third-party data retain their source terms, including Coin Metrics CC BY-NC 4.0 where indicated; this export does not replace those terms."
listino,2026-10-05,/blocchi/0/valori/1/punti/81/0,"""2026-09-27""","CoinGecko, DefiLlama","""2026-10-05""",CC BY 4.0,https://creativecommons.org/licenses/by/4.0/,Luca Valente,"CC BY 4.0 applies to the original compilation and editorial work by Luca Valente. Underlying third-party data retain their source terms, including Coin Metrics CC BY-NC 4.0 where indicated; this export does not replace those terms."
listino,2026-10-05,/blocchi/0/valori/1/punti/81/1,17.828813,"CoinGecko, DefiLlama","""2026-10-05""",CC BY 4.0,https://creativecommons.org/licenses/by/4.0/,Luca Valente,"CC BY 4.0 applies to the original compilation and editorial work by Luca Valente. Underlying third-party data retain their source terms, including Coin Metrics CC BY-NC 4.0 where indicated; this export does not replace those terms."
listino,2026-10-05,/blocchi/0/valori/1/punti/82/0,"""2026-09-28""","CoinGecko, DefiLlama","""2026-10-05""",CC BY 4.0,https://creativecommons.org/licenses/by/4.0/,Luca Valente,"CC BY 4.0 applies to the original compilation and editorial work by Luca Valente. Underlying third-party data retain their source terms, including Coin Metrics CC BY-NC 4.0 where indicated; this export does not replace those terms."
listino,2026-10-05,/blocchi/0/valori/1/punti/82/1,17.574984,"CoinGecko, DefiLlama","""2026-10-05""",CC BY 4.0,https://creativecommons.org/licenses/by/4.0/,Luca Valente,"CC BY 4.0 applies to the original compilation and editorial work by Luca Valente. Underlying third-party data retain their source terms, including Coin Metrics CC BY-NC 4.0 where indicated; this export does not replace those terms."
listino,2026-10-05,/blocchi/0/valori/1/punti/83/0,"""2026-09-29""","CoinGecko, DefiLlama","""2026-10-05""",CC BY 4.0,https://creativecommons.org/licenses/by/4.0/,Luca Valente,"CC BY 4.0 applies to the original compilation and editorial work by Luca Valente. Underlying third-party data retain their source terms, including Coin Metrics CC BY-NC 4.0 where indicated; this export does not replace those terms."
listino,2026-10-05,/blocchi/0/valori/1/punti/83/1,18.580012,"CoinGecko, DefiLlama","""2026-10-05""",CC BY 4.0,https://creativecommons.org/licenses/by/4.0/,Luca Valente,"CC BY 4.0 applies to the original compilation and editorial work by Luca Valente. Underlying third-party data retain their source terms, including Coin Metrics CC BY-NC 4.0 where indicated; this export does not replace those terms."
listino,2026-10-05,/blocchi/0/valori/1/punti/84/0,"""2026-09-30""","CoinGecko, DefiLlama","""2026-10-05""",CC BY 4.0,https://creativecommons.org/licenses/by/4.0/,Luca Valente,"CC BY 4.0 applies to the original compilation and editorial work by Luca Valente. Underlying third-party data retain their source terms, including Coin Metrics CC BY-NC 4.0 where indicated; this export does not replace those terms."
listino,2026-10-05,/blocchi/0/valori/1/punti/84/1,18.892627,"CoinGecko, DefiLlama","""2026-10-05""",CC BY 4.0,https://creativecommons.org/licenses/by/4.0/,Luca Valente,"CC BY 4.0 applies to the original compilation and editorial work by Luca Valente. Underlying third-party data retain their source terms, including Coin Metrics CC BY-NC 4.0 where indicated; this export does not replace those terms."
listino,2026-10-05,/blocchi/0/valori/1/punti/85/0,"""2026-10-01""","CoinGecko, DefiLlama","""2026-10-05""",CC BY 4.0,https://creativecommons.org/licenses/by/4.0/,Luca Valente,"CC BY 4.0 applies to the original compilation and editorial work by Luca Valente. Underlying third-party data retain their source terms, including Coin Metrics CC BY-NC 4.0 where indicated; this export does not replace those terms."
listino,2026-10-05,/blocchi/0/valori/1/punti/85/1,18.203464,"CoinGecko, DefiLlama","""2026-10-05""",CC BY 4.0,https://creativecommons.org/licenses/by/4.0/,Luca Valente,"CC BY 4.0 applies to the original compilation and editorial work by Luca Valente. Underlying third-party data retain their source terms, including Coin Metrics CC BY-NC 4.0 where indicated; this export does not replace those terms."
listino,2026-10-05,/blocchi/0/valori/1/punti/86/0,"""2026-10-02""","CoinGecko, DefiLlama","""2026-10-05""",CC BY 4.0,https://creativecommons.org/licenses/by/4.0/,Luca Valente,"CC BY 4.0 applies to the original compilation and editorial work by Luca Valente. Underlying third-party data retain their source terms, including Coin Metrics CC BY-NC 4.0 where indicated; this export does not replace those terms."
listino,2026-10-05,/blocchi/0/valori/1/punti/86/1,19.063437,"CoinGecko, DefiLlama","""2026-10-05""",CC BY 4.0,https://creativecommons.org/licenses/by/4.0/,Luca Valente,"CC BY 4.0 applies to the original compilation and editorial work by Luca Valente. Underlying third-party data retain their source terms, including Coin Metrics CC BY-NC 4.0 where indicated; this export does not replace those terms."
listino,2026-10-05,/blocchi/0/valori/1/punti/87/0,"""2026-10-03""","CoinGecko, DefiLlama","""2026-10-05""",CC BY 4.0,https://creativecommons.org/licenses/by/4.0/,Luca Valente,"CC BY 4.0 applies to the original compilation and editorial work by Luca Valente. Underlying third-party data retain their source terms, including Coin Metrics CC BY-NC 4.0 where indicated; this export does not replace those terms."
listino,2026-10-05,/blocchi/0/valori/1/punti/87/1,18.942532,"CoinGecko, DefiLlama","""2026-10-05""",CC BY 4.0,https://creativecommons.org/licenses/by/4.0/,Luca Valente,"CC BY 4.0 applies to the original compilation and editorial work by Luca Valente. Underlying third-party data retain their source terms, including Coin Metrics CC BY-NC 4.0 where indicated; this export does not replace those terms."
listino,2026-10-05,/blocchi/0/valori/1/punti/88/0,"""2026-10-04""","CoinGecko, DefiLlama","""2026-10-05""",CC BY 4.0,https://creativecommons.org/licenses/by/4.0/,Luca Valente,"CC BY 4.0 applies to the original compilation and editorial work by Luca Valente. Underlying third-party data retain their source terms, including Coin Metrics CC BY-NC 4.0 where indicated; this export does not replace those terms."
listino,2026-10-05,/blocchi/0/valori/1/punti/88/1,19.068168,"CoinGecko, DefiLlama","""2026-10-05""",CC BY 4.0,https://creativecommons.org/licenses/by/4.0/,Luca Valente,"CC BY 4.0 applies to the original compilation and editorial work by Luca Valente. Underlying third-party data retain their source terms, including Coin Metrics CC BY-NC 4.0 where indicated; this export does not replace those terms."
listino,2026-10-05,/blocchi/0/valori/1/punti/89/0,"""2026-10-05""","CoinGecko, DefiLlama","""2026-10-05""",CC BY 4.0,https://creativecommons.org/licenses/by/4.0/,Luca Valente,"CC BY 4.0 applies to the original compilation and editorial work by Luca Valente. Underlying third-party data retain their source terms, including Coin Metrics CC BY-NC 4.0 where indicated; this export does not replace those terms."
listino,2026-10-05,/blocchi/0/valori/1/punti/89/1,19.064243,"CoinGecko, DefiLlama","""2026-10-05""",CC BY 4.0,https://creativecommons.org/licenses/by/4.0/,Luca Valente,"CC BY 4.0 applies to the original compilation and editorial work by Luca Valente. Underlying third-party data retain their source terms, including Coin Metrics CC BY-NC 4.0 where indicated; this export does not replace those terms."
listino,2026-10-05,/blocchi/0/valori/2/etichetta,"""Tokens below their own one-year median multiple of fees""","CoinGecko (market value); DefiLlama (fees, revenue)","{""livelli"": ""2026-10-05"", ""somme"": ""2026-10-04""}",CC BY 4.0,https://creativecommons.org/licenses/by/4.0/,Luca Valente,"CC BY 4.0 applies to the original compilation and editorial work by Luca Valente. Underlying third-party data retain their source terms, including Coin Metrics CC BY-NC 4.0 where indicated; this export does not replace those terms."
listino,2026-10-05,/blocchi/0/valori/2/valore,2,"CoinGecko (market value); DefiLlama (fees, revenue)","{""livelli"": ""2026-10-05"", ""somme"": ""2026-10-04""}",CC BY 4.0,https://creativecommons.org/licenses/by/4.0/,Luca Valente,"CC BY 4.0 applies to the original compilation and editorial work by Luca Valente. Underlying third-party data retain their source terms, including Coin Metrics CC BY-NC 4.0 where indicated; this export does not replace those terms."
listino,2026-10-05,/blocchi/0/valori/2/unita,"""unita""","CoinGecko (market value); DefiLlama (fees, revenue)","{""livelli"": ""2026-10-05"", ""somme"": ""2026-10-04""}",CC BY 4.0,https://creativecommons.org/licenses/by/4.0/,Luca Valente,"CC BY 4.0 applies to the original compilation and editorial work by Luca Valente. Underlying third-party data retain their source terms, including Coin Metrics CC BY-NC 4.0 where indicated; this export does not replace those terms."
listino,2026-10-05,/blocchi/0/valori/2/su,14,"CoinGecko (market value); DefiLlama (fees, revenue)","{""livelli"": ""2026-10-05"", ""somme"": ""2026-10-04""}",CC BY 4.0,https://creativecommons.org/licenses/by/4.0/,Luca Valente,"CC BY 4.0 applies to the original compilation and editorial work by Luca Valente. Underlying third-party data retain their source terms, including Coin Metrics CC BY-NC 4.0 where indicated; this export does not replace those terms."
listino,2026-10-05,/blocchi/0/serie/0/etichetta,"""Median price to annual fees""","CoinGecko (market value); DefiLlama (fees, revenue)","{""livelli"": ""2026-10-05"", ""somme"": ""2026-10-04""}",CC BY 4.0,https://creativecommons.org/licenses/by/4.0/,Luca Valente,"CC BY 4.0 applies to the original compilation and editorial work by Luca Valente. Underlying third-party data retain their source terms, including Coin Metrics CC BY-NC 4.0 where indicated; this export does not replace those terms."
listino,2026-10-05,/blocchi/0/serie/0/unita,"""x""","CoinGecko (market value); DefiLlama (fees, revenue)","{""livelli"": ""2026-10-05"", ""somme"": ""2026-10-04""}",CC BY 4.0,https://creativecommons.org/licenses/by/4.0/,Luca Valente,"CC BY 4.0 applies to the original compilation and editorial work by Luca Valente. Underlying third-party data retain their source terms, including Coin Metrics CC BY-NC 4.0 where indicated; this export does not replace those terms."
listino,2026-10-05,/blocchi/0/serie/0/punti/0/0,"""2025-10-06""","CoinGecko (market value); DefiLlama (fees, revenue)","{""livelli"": ""2026-10-05"", ""somme"": ""2026-10-04""}",CC BY 4.0,https://creativecommons.org/licenses/by/4.0/,Luca Valente,"CC BY 4.0 applies to the original compilation and editorial work by Luca Valente. Underlying third-party data retain their source terms, including Coin Metrics CC BY-NC 4.0 where indicated; this export does not replace those terms."
listino,2026-10-05,/blocchi/0/serie/0/punti/0/1,6.47172,"CoinGecko (market value); DefiLlama (fees, revenue)","{""livelli"": ""2026-10-05"", ""somme"": ""2026-10-04""}",CC BY 4.0,https://creativecommons.org/licenses/by/4.0/,Luca Valente,"CC BY 4.0 applies to the original compilation and editorial work by Luca Valente. Underlying third-party data retain their source terms, including Coin Metrics CC BY-NC 4.0 where indicated; this export does not replace those terms."
listino,2026-10-05,/blocchi/0/serie/0/punti/1/0,"""2025-10-07""","CoinGecko (market value); DefiLlama (fees, revenue)","{""livelli"": ""2026-10-05"", ""somme"": ""2026-10-04""}",CC BY 4.0,https://creativecommons.org/licenses/by/4.0/,Luca Valente,"CC BY 4.0 applies to the original compilation and editorial work by Luca Valente. Underlying third-party data retain their source terms, including Coin Metrics CC BY-NC 4.0 where indicated; this export does not replace those terms."
listino,2026-10-05,/blocchi/0/serie/0/punti/1/1,5.536965,"CoinGecko (market value); DefiLlama (fees, revenue)","{""livelli"": ""2026-10-05"", ""somme"": ""2026-10-04""}",CC BY 4.0,https://creativecommons.org/licenses/by/4.0/,Luca Valente,"CC BY 4.0 applies to the original compilation and editorial work by Luca Valente. Underlying third-party data retain their source terms, including Coin Metrics CC BY-NC 4.0 where indicated; this export does not replace those terms."
listino,2026-10-05,/blocchi/0/serie/0/punti/2/0,"""2025-10-08""","CoinGecko (market value); DefiLlama (fees, revenue)","{""livelli"": ""2026-10-05"", ""somme"": ""2026-10-04""}",CC BY 4.0,https://creativecommons.org/licenses/by/4.0/,Luca Valente,"CC BY 4.0 applies to the original compilation and editorial work by Luca Valente. Underlying third-party data retain their source terms, including Coin Metrics CC BY-NC 4.0 where indicated; this export does not replace those terms."
listino,2026-10-05,/blocchi/0/serie/0/punti/2/1,5.568069,"CoinGecko (market value); DefiLlama (fees, revenue)","{""livelli"": ""2026-10-05"", ""somme"": ""2026-10-04""}",CC BY 4.0,https://creativecommons.org/licenses/by/4.0/,Luca Valente,"CC BY 4.0 applies to the original compilation and editorial work by Luca Valente. Underlying third-party data retain their source terms, including Coin Metrics CC BY-NC 4.0 where indicated; this export does not replace those terms."
listino,2026-10-05,/blocchi/0/serie/0/punti/3/0,"""2025-10-09""","CoinGecko (market value); DefiLlama (fees, revenue)","{""livelli"": ""2026-10-05"", ""somme"": ""2026-10-04""}",CC BY 4.0,https://creativecommons.org/licenses/by/4.0/,Luca Valente,"CC BY 4.0 applies to the original compilation and editorial work by Luca Valente. Underlying third-party data retain their source terms, including Coin Metrics CC BY-NC 4.0 where indicated; this export does not replace those terms."
listino,2026-10-05,/blocchi/0/serie/0/punti/3/1,5.206023,"CoinGecko (market value); DefiLlama (fees, revenue)","{""livelli"": ""2026-10-05"", ""somme"": ""2026-10-04""}",CC BY 4.0,https://creativecommons.org/licenses/by/4.0/,Luca Valente,"CC BY 4.0 applies to the original compilation and editorial work by Luca Valente. Underlying third-party data retain their source terms, including Coin Metrics CC BY-NC 4.0 where indicated; this export does not replace those terms."
listino,2026-10-05,/blocchi/0/serie/0/punti/4/0,"""2025-10-10""","CoinGecko (market value); DefiLlama (fees, revenue)","{""livelli"": ""2026-10-05"", ""somme"": ""2026-10-04""}",CC BY 4.0,https://creativecommons.org/licenses/by/4.0/,Luca Valente,"CC BY 4.0 applies to the original compilation and editorial work by Luca Valente. Underlying third-party data retain their source terms, including Coin Metrics CC BY-NC 4.0 where indicated; this export does not replace those terms."
listino,2026-10-05,/blocchi/0/serie/0/punti/4/1,5.103022,"CoinGecko (market value); DefiLlama (fees, revenue)","{""livelli"": ""2026-10-05"", ""somme"": ""2026-10-04""}",CC BY 4.0,https://creativecommons.org/licenses/by/4.0/,Luca Valente,"CC BY 4.0 applies to the original compilation and editorial work by Luca Valente. Underlying third-party data retain their source terms, including Coin Metrics CC BY-NC 4.0 where indicated; this export does not replace those terms."
listino,2026-10-05,/blocchi/0/serie/0/punti/5/0,"""2025-10-11""","CoinGecko (market value); DefiLlama (fees, revenue)","{""livelli"": ""2026-10-05"", ""somme"": ""2026-10-04""}",CC BY 4.0,https://creativecommons.org/licenses/by/4.0/,Luca Valente,"CC BY 4.0 applies to the original compilation and editorial work by Luca Valente. Underlying third-party data retain their source terms, including Coin Metrics CC BY-NC 4.0 where indicated; this export does not replace those terms."
listino,2026-10-05,/blocchi/0/serie/0/punti/5/1,3.398933,"CoinGecko (market value); DefiLlama (fees, revenue)","{""livelli"": ""2026-10-05"", ""somme"": ""2026-10-04""}",CC BY 4.0,https://creativecommons.org/licenses/by/4.0/,Luca Valente,"CC BY 4.0 applies to the original compilation and editorial work by Luca Valente. Underlying third-party data retain their source terms, including Coin Metrics CC BY-NC 4.0 where indicated; this export does not replace those terms."
listino,2026-10-05,/blocchi/0/serie/0/punti/6/0,"""2025-10-12""","CoinGecko (market value); DefiLlama (fees, revenue)","{""livelli"": ""2026-10-05"", ""somme"": ""2026-10-04""}",CC BY 4.0,https://creativecommons.org/licenses/by/4.0/,Luca Valente,"CC BY 4.0 applies to the original compilation and editorial work by Luca Valente. Underlying third-party data retain their source terms, including Coin Metrics CC BY-NC 4.0 where indicated; this export does not replace those terms."
listino,2026-10-05,/blocchi/0/serie/0/punti/6/1,3.204478,"CoinGecko (market value); DefiLlama (fees, revenue)","{""livelli"": ""2026-10-05"", ""somme"": ""2026-10-04""}",CC BY 4.0,https://creativecommons.org/licenses/by/4.0/,Luca Valente,"CC BY 4.0 applies to the original compilation and editorial work by Luca Valente. Underlying third-party data retain their source terms, including Coin Metrics CC BY-NC 4.0 where indicated; this export does not replace those terms."
listino,2026-10-05,/blocchi/0/serie/0/punti/7/0,"""2025-10-13""","CoinGecko (market value); DefiLlama (fees, revenue)","{""livelli"": ""2026-10-05"", ""somme"": ""2026-10-04""}",CC BY 4.0,https://creativecommons.org/licenses/by/4.0/,Luca Valente,"CC BY 4.0 applies to the original compilation and editorial work by Luca Valente. Underlying third-party data retain their source terms, including Coin Metrics CC BY-NC 4.0 where indicated; this export does not replace those terms."
listino,2026-10-05,/blocchi/0/serie/0/punti/7/1,3.857969,"CoinGecko (market value); DefiLlama (fees, revenue)","{""livelli"": ""2026-10-05"", ""somme"": ""2026-10-04""}",CC BY 4.0,https://creativecommons.org/licenses/by/4.0/,Luca Valente,"CC BY 4.0 applies to the original compilation and editorial work by Luca Valente. Underlying third-party data retain their source terms, including Coin Metrics CC BY-NC 4.0 where indicated; this export does not replace those terms."
listino,2026-10-05,/blocchi/0/serie/0/punti/8/0,"""2025-10-14""","CoinGecko (market value); DefiLlama (fees, revenue)","{""livelli"": ""2026-10-05"", ""somme"": ""2026-10-04""}",CC BY 4.0,https://creativecommons.org/licenses/by/4.0/,Luca Valente,"CC BY 4.0 applies to the original compilation and editorial work by Luca Valente. Underlying third-party data retain their source terms, including Coin Metrics CC BY-NC 4.0 where indicated; this export does not replace those terms."
listino,2026-10-05,/blocchi/0/serie/0/punti/8/1,3.961117,"CoinGecko (market value); DefiLlama (fees, revenue)","{""livelli"": ""2026-10-05"", ""somme"": ""2026-10-04""}",CC BY 4.0,https://creativecommons.org/licenses/by/4.0/,Luca Valente,"CC BY 4.0 applies to the original compilation and editorial work by Luca Valente. Underlying third-party data retain their source terms, including Coin Metrics CC BY-NC 4.0 where indicated; this export does not replace those terms."
listino,2026-10-05,/blocchi/0/serie/0/punti/9/0,"""2025-10-15""","CoinGecko (market value); DefiLlama (fees, revenue)","{""livelli"": ""2026-10-05"", ""somme"": ""2026-10-04""}",CC BY 4.0,https://creativecommons.org/licenses/by/4.0/,Luca Valente,"CC BY 4.0 applies to the original compilation and editorial work by Luca Valente. Underlying third-party data retain their source terms, including Coin Metrics CC BY-NC 4.0 where indicated; this export does not replace those terms."
listino,2026-10-05,/blocchi/0/serie/0/punti/9/1,3.723267,"CoinGecko (market value); DefiLlama (fees, revenue)","{""livelli"": ""2026-10-05"", ""somme"": ""2026-10-04""}",CC BY 4.0,https://creativecommons.org/licenses/by/4.0/,Luca Valente,"CC BY 4.0 applies to the original compilation and editorial work by Luca Valente. Underlying third-party data retain their source terms, including Coin Metrics CC BY-NC 4.0 where indicated; this export does not replace those terms."
listino,2026-10-05,/blocchi/0/serie/0/punti/10/0,"""2025-10-16""","CoinGecko (market value); DefiLlama (fees, revenue)","{""livelli"": ""2026-10-05"", ""somme"": ""2026-10-04""}",CC BY 4.0,https://creativecommons.org/licenses/by/4.0/,Luca Valente,"CC BY 4.0 applies to the original compilation and editorial work by Luca Valente. Underlying third-party data retain their source terms, including Coin Metrics CC BY-NC 4.0 where indicated; this export does not replace those terms."
listino,2026-10-05,/blocchi/0/serie/0/punti/10/1,3.55956,"CoinGecko (market value); DefiLlama (fees, revenue)","{""livelli"": ""2026-10-05"", ""somme"": ""2026-10-04""}",CC BY 4.0,https://creativecommons.org/licenses/by/4.0/,Luca Valente,"CC BY 4.0 applies to the original compilation and editorial work by Luca Valente. Underlying third-party data retain their source terms, including Coin Metrics CC BY-NC 4.0 where indicated; this export does not replace those terms."
listino,2026-10-05,/blocchi/0/serie/0/punti/11/0,"""2025-10-17""","CoinGecko (market value); DefiLlama (fees, revenue)","{""livelli"": ""2026-10-05"", ""somme"": ""2026-10-04""}",CC BY 4.0,https://creativecommons.org/licenses/by/4.0/,Luca Valente,"CC BY 4.0 applies to the original compilation and editorial work by Luca Valente. Underlying third-party data retain their source terms, including Coin Metrics CC BY-NC 4.0 where indicated; this export does not replace those terms."
listino,2026-10-05,/blocchi/0/serie/0/punti/11/1,3.444996,"CoinGecko (market value); DefiLlama (fees, revenue)","{""livelli"": ""2026-10-05"", ""somme"": ""2026-10-04""}",CC BY 4.0,https://creativecommons.org/licenses/by/4.0/,Luca Valente,"CC BY 4.0 applies to the original compilation and editorial work by Luca Valente. Underlying third-party data retain their source terms, including Coin Metrics CC BY-NC 4.0 where indicated; this export does not replace those terms."
listino,2026-10-05,/blocchi/0/serie/0/punti/12/0,"""2025-10-18""","CoinGecko (market value); DefiLlama (fees, revenue)","{""livelli"": ""2026-10-05"", ""somme"": ""2026-10-04""}",CC BY 4.0,https://creativecommons.org/licenses/by/4.0/,Luca Valente,"CC BY 4.0 applies to the original compilation and editorial work by Luca Valente. Underlying third-party data retain their source terms, including Coin Metrics CC BY-NC 4.0 where indicated; this export does not replace those terms."
listino,2026-10-05,/blocchi/0/serie/0/punti/12/1,3.418736,"CoinGecko (market value); DefiLlama (fees, revenue)","{""livelli"": ""2026-10-05"", ""somme"": ""2026-10-04""}",CC BY 4.0,https://creativecommons.org/licenses/by/4.0/,Luca Valente,"CC BY 4.0 applies to the original compilation and editorial work by Luca Valente. Underlying third-party data retain their source terms, including Coin Metrics CC BY-NC 4.0 where indicated; this export does not replace those terms."
listino,2026-10-05,/blocchi/0/serie/0/punti/13/0,"""2025-10-19""","CoinGecko (market value); DefiLlama (fees, revenue)","{""livelli"": ""2026-10-05"", ""somme"": ""2026-10-04""}",CC BY 4.0,https://creativecommons.org/licenses/by/4.0/,Luca Valente,"CC BY 4.0 applies to the original compilation and editorial work by Luca Valente. Underlying third-party data retain their source terms, including Coin Metrics CC BY-NC 4.0 where indicated; this export does not replace those terms."
listino,2026-10-05,/blocchi/0/serie/0/punti/13/1,3.623841,"CoinGecko (market value); DefiLlama (fees, revenue)","{""livelli"": ""2026-10-05"", ""somme"": ""2026-10-04""}",CC BY 4.0,https://creativecommons.org/licenses/by/4.0/,Luca Valente,"CC BY 4.0 applies to the original compilation and editorial work by Luca Valente. Underlying third-party data retain their source terms, including Coin Metrics CC BY-NC 4.0 where indicated; this export does not replace those terms."
listino,2026-10-05,/blocchi/0/serie/0/punti/14/0,"""2025-10-20""","CoinGecko (market value); DefiLlama (fees, revenue)","{""livelli"": ""2026-10-05"", ""somme"": ""2026-10-04""}",CC BY 4.0,https://creativecommons.org/licenses/by/4.0/,Luca Valente,"CC BY 4.0 applies to the original compilation and editorial work by Luca Valente. Underlying third-party data retain their source terms, including Coin Metrics CC BY-NC 4.0 where indicated; this export does not replace those terms."
listino,2026-10-05,/blocchi/0/serie/0/punti/14/1,3.51929,"CoinGecko (market value); DefiLlama (fees, revenue)","{""livelli"": ""2026-10-05"", ""somme"": ""2026-10-04""}",CC BY 4.0,https://creativecommons.org/licenses/by/4.0/,Luca Valente,"CC BY 4.0 applies to the original compilation and editorial work by Luca Valente. Underlying third-party data retain their source terms, including Coin Metrics CC BY-NC 4.0 where indicated; this export does not replace those terms."
listino,2026-10-05,/blocchi/0/serie/0/punti/15/0,"""2025-10-21""","CoinGecko (market value); DefiLlama (fees, revenue)","{""livelli"": ""2026-10-05"", ""somme"": ""2026-10-04""}",CC BY 4.0,https://creativecommons.org/licenses/by/4.0/,Luca Valente,"CC BY 4.0 applies to the original compilation and editorial work by Luca Valente. Underlying third-party data retain their source terms, including Coin Metrics CC BY-NC 4.0 where indicated; this export does not replace those terms."
listino,2026-10-05,/blocchi/0/serie/0/punti/15/1,3.709415,"CoinGecko (market value); DefiLlama (fees, revenue)","{""livelli"": ""2026-10-05"", ""somme"": ""2026-10-04""}",CC BY 4.0,https://creativecommons.org/licenses/by/4.0/,Luca Valente,"CC BY 4.0 applies to the original compilation and editorial work by Luca Valente. Underlying third-party data retain their source terms, including Coin Metrics CC BY-NC 4.0 where indicated; this export does not replace those terms."
listino,2026-10-05,/blocchi/0/serie/0/punti/16/0,"""2025-10-22""","CoinGecko (market value); DefiLlama (fees, revenue)","{""livelli"": ""2026-10-05"", ""somme"": ""2026-10-04""}",CC BY 4.0,https://creativecommons.org/licenses/by/4.0/,Luca Valente,"CC BY 4.0 applies to the original compilation and editorial work by Luca Valente. Underlying third-party data retain their source terms, including Coin Metrics CC BY-NC 4.0 where indicated; this export does not replace those terms."
listino,2026-10-05,/blocchi/0/serie/0/punti/16/1,3.51343,"CoinGecko (market value); DefiLlama (fees, revenue)","{""livelli"": ""2026-10-05"", ""somme"": ""2026-10-04""}",CC BY 4.0,https://creativecommons.org/licenses/by/4.0/,Luca Valente,"CC BY 4.0 applies to the original compilation and editorial work by Luca Valente. Underlying third-party data retain their source terms, including Coin Metrics CC BY-NC 4.0 where indicated; this export does not replace those terms."
listino,2026-10-05,/blocchi/0/serie/0/punti/17/0,"""2025-10-23""","CoinGecko (market value); DefiLlama (fees, revenue)","{""livelli"": ""2026-10-05"", ""somme"": ""2026-10-04""}",CC BY 4.0,https://creativecommons.org/licenses/by/4.0/,Luca Valente,"CC BY 4.0 applies to the original compilation and editorial work by Luca Valente. Underlying third-party data retain their source terms, including Coin Metrics CC BY-NC 4.0 where indicated; this export does not replace those terms."
listino,2026-10-05,/blocchi/0/serie/0/punti/17/1,3.396936,"CoinGecko (market value); DefiLlama (fees, revenue)","{""livelli"": ""2026-10-05"", ""somme"": ""2026-10-04""}",CC BY 4.0,https://creativecommons.org/licenses/by/4.0/,Luca Valente,"CC BY 4.0 applies to the original compilation and editorial work by Luca Valente. Underlying third-party data retain their source terms, including Coin Metrics CC BY-NC 4.0 where indicated; this export does not replace those terms."
listino,2026-10-05,/blocchi/0/serie/0/punti/18/0,"""2025-10-24""","CoinGecko (market value); DefiLlama (fees, revenue)","{""livelli"": ""2026-10-05"", ""somme"": ""2026-10-04""}",CC BY 4.0,https://creativecommons.org/licenses/by/4.0/,Luca Valente,"CC BY 4.0 applies to the original compilation and editorial work by Luca Valente. Underlying third-party data retain their source terms, including Coin Metrics CC BY-NC 4.0 where indicated; this export does not replace those terms."
listino,2026-10-05,/blocchi/0/serie/0/punti/18/1,3.524082,"CoinGecko (market value); DefiLlama (fees, revenue)","{""livelli"": ""2026-10-05"", ""somme"": ""2026-10-04""}",CC BY 4.0,https://creativecommons.org/licenses/by/4.0/,Luca Valente,"CC BY 4.0 applies to the original compilation and editorial work by Luca Valente. Underlying third-party data retain their source terms, including Coin Metrics CC BY-NC 4.0 where indicated; this export does not replace those terms."
listino,2026-10-05,/blocchi/0/serie/0/punti/19/0,"""2025-10-25""","CoinGecko (market value); DefiLlama (fees, revenue)","{""livelli"": ""2026-10-05"", ""somme"": ""2026-10-04""}",CC BY 4.0,https://creativecommons.org/licenses/by/4.0/,Luca Valente,"CC BY 4.0 applies to the original compilation and editorial work by Luca Valente. Underlying third-party data retain their source terms, including Coin Metrics CC BY-NC 4.0 where indicated; this export does not replace those terms."
listino,2026-10-05,/blocchi/0/serie/0/punti/19/1,3.538004,"CoinGecko (market value); DefiLlama (fees, revenue)","{""livelli"": ""2026-10-05"", ""somme"": ""2026-10-04""}",CC BY 4.0,https://creativecommons.org/licenses/by/4.0/,Luca Valente,"CC BY 4.0 applies to the original compilation and editorial work by Luca Valente. Underlying third-party data retain their source terms, including Coin Metrics CC BY-NC 4.0 where indicated; this export does not replace those terms."
listino,2026-10-05,/blocchi/0/serie/0/punti/20/0,"""2025-10-26""","CoinGecko (market value); DefiLlama (fees, revenue)","{""livelli"": ""2026-10-05"", ""somme"": ""2026-10-04""}",CC BY 4.0,https://creativecommons.org/licenses/by/4.0/,Luca Valente,"CC BY 4.0 applies to the original compilation and editorial work by Luca Valente. Underlying third-party data retain their source terms, including Coin Metrics CC BY-NC 4.0 where indicated; this export does not replace those terms."
listino,2026-10-05,/blocchi/0/serie/0/punti/20/1,3.612335,"CoinGecko (market value); DefiLlama (fees, revenue)","{""livelli"": ""2026-10-05"", ""somme"": ""2026-10-04""}",CC BY 4.0,https://creativecommons.org/licenses/by/4.0/,Luca Valente,"CC BY 4.0 applies to the original compilation and editorial work by Luca Valente. Underlying third-party data retain their source terms, including Coin Metrics CC BY-NC 4.0 where indicated; this export does not replace those terms."
listino,2026-10-05,/blocchi/0/serie/0/punti/21/0,"""2025-10-27""","CoinGecko (market value); DefiLlama (fees, revenue)","{""livelli"": ""2026-10-05"", ""somme"": ""2026-10-04""}",CC BY 4.0,https://creativecommons.org/licenses/by/4.0/,Luca Valente,"CC BY 4.0 applies to the original compilation and editorial work by Luca Valente. Underlying third-party data retain their source terms, including Coin Metrics CC BY-NC 4.0 where indicated; this export does not replace those terms."
listino,2026-10-05,/blocchi/0/serie/0/punti/21/1,3.945228,"CoinGecko (market value); DefiLlama (fees, revenue)","{""livelli"": ""2026-10-05"", ""somme"": ""2026-10-04""}",CC BY 4.0,https://creativecommons.org/licenses/by/4.0/,Luca Valente,"CC BY 4.0 applies to the original compilation and editorial work by Luca Valente. Underlying third-party data retain their source terms, including Coin Metrics CC BY-NC 4.0 where indicated; this export does not replace those terms."
listino,2026-10-05,/blocchi/0/serie/0/punti/22/0,"""2025-10-28""","CoinGecko (market value); DefiLlama (fees, revenue)","{""livelli"": ""2026-10-05"", ""somme"": ""2026-10-04""}",CC BY 4.0,https://creativecommons.org/licenses/by/4.0/,Luca Valente,"CC BY 4.0 applies to the original compilation and editorial work by Luca Valente. Underlying third-party data retain their source terms, including Coin Metrics CC BY-NC 4.0 where indicated; this export does not replace those terms."
listino,2026-10-05,/blocchi/0/serie/0/punti/22/1,3.524668,"CoinGecko (market value); DefiLlama (fees, revenue)","{""livelli"": ""2026-10-05"", ""somme"": ""2026-10-04""}",CC BY 4.0,https://creativecommons.org/licenses/by/4.0/,Luca Valente,"CC BY 4.0 applies to the original compilation and editorial work by Luca Valente. Underlying third-party data retain their source terms, including Coin Metrics CC BY-NC 4.0 where indicated; this export does not replace those terms."
listino,2026-10-05,/blocchi/0/serie/0/punti/23/0,"""2025-10-29""","CoinGecko (market value); DefiLlama (fees, revenue)","{""livelli"": ""2026-10-05"", ""somme"": ""2026-10-04""}",CC BY 4.0,https://creativecommons.org/licenses/by/4.0/,Luca Valente,"CC BY 4.0 applies to the original compilation and editorial work by Luca Valente. Underlying third-party data retain their source terms, including Coin Metrics CC BY-NC 4.0 where indicated; this export does not replace those terms."
listino,2026-10-05,/blocchi/0/serie/0/punti/23/1,3.450297,"CoinGecko (market value); DefiLlama (fees, revenue)","{""livelli"": ""2026-10-05"", ""somme"": ""2026-10-04""}",CC BY 4.0,https://creativecommons.org/licenses/by/4.0/,Luca Valente,"CC BY 4.0 applies to the original compilation and editorial work by Luca Valente. Underlying third-party data retain their source terms, including Coin Metrics CC BY-NC 4.0 where indicated; this export does not replace those terms."
listino,2026-10-05,/blocchi/0/serie/0/punti/24/0,"""2025-10-30""","CoinGecko (market value); DefiLlama (fees, revenue)","{""livelli"": ""2026-10-05"", ""somme"": ""2026-10-04""}",CC BY 4.0,https://creativecommons.org/licenses/by/4.0/,Luca Valente,"CC BY 4.0 applies to the original compilation and editorial work by Luca Valente. Underlying third-party data retain their source terms, including Coin Metrics CC BY-NC 4.0 where indicated; this export does not replace those terms."
listino,2026-10-05,/blocchi/0/serie/0/punti/24/1,3.643119,"CoinGecko (market value); DefiLlama (fees, revenue)","{""livelli"": ""2026-10-05"", ""somme"": ""2026-10-04""}",CC BY 4.0,https://creativecommons.org/licenses/by/4.0/,Luca Valente,"CC BY 4.0 applies to the original compilation and editorial work by Luca Valente. Underlying third-party data retain their source terms, including Coin Metrics CC BY-NC 4.0 where indicated; this export does not replace those terms."
listino,2026-10-05,/blocchi/0/serie/0/punti/25/0,"""2025-10-31""","CoinGecko (market value); DefiLlama (fees, revenue)","{""livelli"": ""2026-10-05"", ""somme"": ""2026-10-04""}",CC BY 4.0,https://creativecommons.org/licenses/by/4.0/,Luca Valente,"CC BY 4.0 applies to the original compilation and editorial work by Luca Valente. Underlying third-party data retain their source terms, including Coin Metrics CC BY-NC 4.0 where indicated; this export does not replace those terms."
listino,2026-10-05,/blocchi/0/serie/0/punti/25/1,3.516217,"CoinGecko (market value); DefiLlama (fees, revenue)","{""livelli"": ""2026-10-05"", ""somme"": ""2026-10-04""}",CC BY 4.0,https://creativecommons.org/licenses/by/4.0/,Luca Valente,"CC BY 4.0 applies to the original compilation and editorial work by Luca Valente. Underlying third-party data retain their source terms, including Coin Metrics CC BY-NC 4.0 where indicated; this export does not replace those terms."
listino,2026-10-05,/blocchi/0/serie/0/punti/26/0,"""2025-11-01""","CoinGecko (market value); DefiLlama (fees, revenue)","{""livelli"": ""2026-10-05"", ""somme"": ""2026-10-04""}",CC BY 4.0,https://creativecommons.org/licenses/by/4.0/,Luca Valente,"CC BY 4.0 applies to the original compilation and editorial work by Luca Valente. Underlying third-party data retain their source terms, including Coin Metrics CC BY-NC 4.0 where indicated; this export does not replace those terms."
listino,2026-10-05,/blocchi/0/serie/0/punti/26/1,3.425197,"CoinGecko (market value); DefiLlama (fees, revenue)","{""livelli"": ""2026-10-05"", ""somme"": ""2026-10-04""}",CC BY 4.0,https://creativecommons.org/licenses/by/4.0/,Luca Valente,"CC BY 4.0 applies to the original compilation and editorial work by Luca Valente. Underlying third-party data retain their source terms, including Coin Metrics CC BY-NC 4.0 where indicated; this export does not replace those terms."
listino,2026-10-05,/blocchi/0/serie/0/punti/27/0,"""2025-11-02""","CoinGecko (market value); DefiLlama (fees, revenue)","{""livelli"": ""2026-10-05"", ""somme"": ""2026-10-04""}",CC BY 4.0,https://creativecommons.org/licenses/by/4.0/,Luca Valente,"CC BY 4.0 applies to the original compilation and editorial work by Luca Valente. Underlying third-party data retain their source terms, including Coin Metrics CC BY-NC 4.0 where indicated; this export does not replace those terms."
listino,2026-10-05,/blocchi/0/serie/0/punti/27/1,3.303655,"CoinGecko (market value); DefiLlama (fees, revenue)","{""livelli"": ""2026-10-05"", ""somme"": ""2026-10-04""}",CC BY 4.0,https://creativecommons.org/licenses/by/4.0/,Luca Valente,"CC BY 4.0 applies to the original compilation and editorial work by Luca Valente. Underlying third-party data retain their source terms, including Coin Metrics CC BY-NC 4.0 where indicated; this export does not replace those terms."
listino,2026-10-05,/blocchi/0/serie/0/punti/28/0,"""2025-11-03""","CoinGecko (market value); DefiLlama (fees, revenue)","{""livelli"": ""2026-10-05"", ""somme"": ""2026-10-04""}",CC BY 4.0,https://creativecommons.org/licenses/by/4.0/,Luca Valente,"CC BY 4.0 applies to the original compilation and editorial work by Luca Valente. Underlying third-party data retain their source terms, including Coin Metrics CC BY-NC 4.0 where indicated; this export does not replace those terms."
listino,2026-10-05,/blocchi/0/serie/0/punti/28/1,3.256456,"CoinGecko (market value); DefiLlama (fees, revenue)","{""livelli"": ""2026-10-05"", ""somme"": ""2026-10-04""}",CC BY 4.0,https://creativecommons.org/licenses/by/4.0/,Luca Valente,"CC BY 4.0 applies to the original compilation and editorial work by Luca Valente. Underlying third-party data retain their source terms, including Coin Metrics CC BY-NC 4.0 where indicated; this export does not replace those terms."
listino,2026-10-05,/blocchi/0/serie/0/punti/29/0,"""2025-11-04""","CoinGecko (market value); DefiLlama (fees, revenue)","{""livelli"": ""2026-10-05"", ""somme"": ""2026-10-04""}",CC BY 4.0,https://creativecommons.org/licenses/by/4.0/,Luca Valente,"CC BY 4.0 applies to the original compilation and editorial work by Luca Valente. Underlying third-party data retain their source terms, including Coin Metrics CC BY-NC 4.0 where indicated; this export does not replace those terms."
listino,2026-10-05,/blocchi/0/serie/0/punti/29/1,2.938418,"CoinGecko (market value); DefiLlama (fees, revenue)","{""livelli"": ""2026-10-05"", ""somme"": ""2026-10-04""}",CC BY 4.0,https://creativecommons.org/licenses/by/4.0/,Luca Valente,"CC BY 4.0 applies to the original compilation and editorial work by Luca Valente. Underlying third-party data retain their source terms, including Coin Metrics CC BY-NC 4.0 where indicated; this export does not replace those terms."
listino,2026-10-05,/blocchi/0/serie/0/punti/30/0,"""2025-11-05""","CoinGecko (market value); DefiLlama (fees, revenue)","{""livelli"": ""2026-10-05"", ""somme"": ""2026-10-04""}",CC BY 4.0,https://creativecommons.org/licenses/by/4.0/,Luca Valente,"CC BY 4.0 applies to the original compilation and editorial work by Luca Valente. Underlying third-party data retain their source terms, including Coin Metrics CC BY-NC 4.0 where indicated; this export does not replace those terms."
listino,2026-10-05,/blocchi/0/serie/0/punti/30/1,2.867748,"CoinGecko (market value); DefiLlama (fees, revenue)","{""livelli"": ""2026-10-05"", ""somme"": ""2026-10-04""}",CC BY 4.0,https://creativecommons.org/licenses/by/4.0/,Luca Valente,"CC BY 4.0 applies to the original compilation and editorial work by Luca Valente. Underlying third-party data retain their source terms, including Coin Metrics CC BY-NC 4.0 where indicated; this export does not replace those terms."
listino,2026-10-05,/blocchi/0/serie/0/punti/31/0,"""2025-11-06""","CoinGecko (market value); DefiLlama (fees, revenue)","{""livelli"": ""2026-10-05"", ""somme"": ""2026-10-04""}",CC BY 4.0,https://creativecommons.org/licenses/by/4.0/,Luca Valente,"CC BY 4.0 applies to the original compilation and editorial work by Luca Valente. Underlying third-party data retain their source terms, including Coin Metrics CC BY-NC 4.0 where indicated; this export does not replace those terms."
listino,2026-10-05,/blocchi/0/serie/0/punti/31/1,2.966146,"CoinGecko (market value); DefiLlama (fees, revenue)","{""livelli"": ""2026-10-05"", ""somme"": ""2026-10-04""}",CC BY 4.0,https://creativecommons.org/licenses/by/4.0/,Luca Valente,"CC BY 4.0 applies to the original compilation and editorial work by Luca Valente. Underlying third-party data retain their source terms, including Coin Metrics CC BY-NC 4.0 where indicated; this export does not replace those terms."
listino,2026-10-05,/blocchi/0/serie/0/punti/32/0,"""2025-11-07""","CoinGecko (market value); DefiLlama (fees, revenue)","{""livelli"": ""2026-10-05"", ""somme"": ""2026-10-04""}",CC BY 4.0,https://creativecommons.org/licenses/by/4.0/,Luca Valente,"CC BY 4.0 applies to the original compilation and editorial work by Luca Valente. Underlying third-party data retain their source terms, including Coin Metrics CC BY-NC 4.0 where indicated; this export does not replace those terms."
listino,2026-10-05,/blocchi/0/serie/0/punti/32/1,2.775325,"CoinGecko (market value); DefiLlama (fees, revenue)","{""livelli"": ""2026-10-05"", ""somme"": ""2026-10-04""}",CC BY 4.0,https://creativecommons.org/licenses/by/4.0/,Luca Valente,"CC BY 4.0 applies to the original compilation and editorial work by Luca Valente. Underlying third-party data retain their source terms, including Coin Metrics CC BY-NC 4.0 where indicated; this export does not replace those terms."
listino,2026-10-05,/blocchi/0/serie/0/punti/33/0,"""2025-11-08""","CoinGecko (market value); DefiLlama (fees, revenue)","{""livelli"": ""2026-10-05"", ""somme"": ""2026-10-04""}",CC BY 4.0,https://creativecommons.org/licenses/by/4.0/,Luca Valente,"CC BY 4.0 applies to the original compilation and editorial work by Luca Valente. Underlying third-party data retain their source terms, including Coin Metrics CC BY-NC 4.0 where indicated; this export does not replace those terms."
listino,2026-10-05,/blocchi/0/serie/0/punti/33/1,3.114527,"CoinGecko (market value); DefiLlama (fees, revenue)","{""livelli"": ""2026-10-05"", ""somme"": ""2026-10-04""}",CC BY 4.0,https://creativecommons.org/licenses/by/4.0/,Luca Valente,"CC BY 4.0 applies to the original compilation and editorial work by Luca Valente. Underlying third-party data retain their source terms, including Coin Metrics CC BY-NC 4.0 where indicated; this export does not replace those terms."
listino,2026-10-05,/blocchi/0/serie/0/punti/34/0,"""2025-11-09""","CoinGecko (market value); DefiLlama (fees, revenue)","{""livelli"": ""2026-10-05"", ""somme"": ""2026-10-04""}",CC BY 4.0,https://creativecommons.org/licenses/by/4.0/,Luca Valente,"CC BY 4.0 applies to the original compilation and editorial work by Luca Valente. Underlying third-party data retain their source terms, including Coin Metrics CC BY-NC 4.0 where indicated; this export does not replace those terms."
listino,2026-10-05,/blocchi/0/serie/0/punti/34/1,3.044663,"CoinGecko (market value); DefiLlama (fees, revenue)","{""livelli"": ""2026-10-05"", ""somme"": ""2026-10-04""}",CC BY 4.0,https://creativecommons.org/licenses/by/4.0/,Luca Valente,"CC BY 4.0 applies to the original compilation and editorial work by Luca Valente. Underlying third-party data retain their source terms, including Coin Metrics CC BY-NC 4.0 where indicated; this export does not replace those terms."
listino,2026-10-05,/blocchi/0/serie/0/punti/35/0,"""2025-11-10""","CoinGecko (market value); DefiLlama (fees, revenue)","{""livelli"": ""2026-10-05"", ""somme"": ""2026-10-04""}",CC BY 4.0,https://creativecommons.org/licenses/by/4.0/,Luca Valente,"CC BY 4.0 applies to the original compilation and editorial work by Luca Valente. Underlying third-party data retain their source terms, including Coin Metrics CC BY-NC 4.0 where indicated; this export does not replace those terms."
listino,2026-10-05,/blocchi/0/serie/0/punti/35/1,3.18147,"CoinGecko (market value); DefiLlama (fees, revenue)","{""livelli"": ""2026-10-05"", ""somme"": ""2026-10-04""}",CC BY 4.0,https://creativecommons.org/licenses/by/4.0/,Luca Valente,"CC BY 4.0 applies to the original compilation and editorial work by Luca Valente. Underlying third-party data retain their source terms, including Coin Metrics CC BY-NC 4.0 where indicated; this export does not replace those terms."
listino,2026-10-05,/blocchi/0/serie/0/punti/36/0,"""2025-11-11""","CoinGecko (market value); DefiLlama (fees, revenue)","{""livelli"": ""2026-10-05"", ""somme"": ""2026-10-04""}",CC BY 4.0,https://creativecommons.org/licenses/by/4.0/,Luca Valente,"CC BY 4.0 applies to the original compilation and editorial work by Luca Valente. Underlying third-party data retain their source terms, including Coin Metrics CC BY-NC 4.0 where indicated; this export does not replace those terms."
listino,2026-10-05,/blocchi/0/serie/0/punti/36/1,3.178762,"CoinGecko (market value); DefiLlama (fees, revenue)","{""livelli"": ""2026-10-05"", ""somme"": ""2026-10-04""}",CC BY 4.0,https://creativecommons.org/licenses/by/4.0/,Luca Valente,"CC BY 4.0 applies to the original compilation and editorial work by Luca Valente. Underlying third-party data retain their source terms, including Coin Metrics CC BY-NC 4.0 where indicated; this export does not replace those terms."
listino,2026-10-05,/blocchi/0/serie/0/punti/37/0,"""2025-11-12""","CoinGecko (market value); DefiLlama (fees, revenue)","{""livelli"": ""2026-10-05"", ""somme"": ""2026-10-04""}",CC BY 4.0,https://creativecommons.org/licenses/by/4.0/,Luca Valente,"CC BY 4.0 applies to the original compilation and editorial work by Luca Valente. Underlying third-party data retain their source terms, including Coin Metrics CC BY-NC 4.0 where indicated; this export does not replace those terms."
listino,2026-10-05,/blocchi/0/serie/0/punti/37/1,2.93475,"CoinGecko (market value); DefiLlama (fees, revenue)","{""livelli"": ""2026-10-05"", ""somme"": ""2026-10-04""}",CC BY 4.0,https://creativecommons.org/licenses/by/4.0/,Luca Valente,"CC BY 4.0 applies to the original compilation and editorial work by Luca Valente. Underlying third-party data retain their source terms, including Coin Metrics CC BY-NC 4.0 where indicated; this export does not replace those terms."
listino,2026-10-05,/blocchi/0/serie/0/punti/38/0,"""2025-11-13""","CoinGecko (market value); DefiLlama (fees, revenue)","{""livelli"": ""2026-10-05"", ""somme"": ""2026-10-04""}",CC BY 4.0,https://creativecommons.org/licenses/by/4.0/,Luca Valente,"CC BY 4.0 applies to the original compilation and editorial work by Luca Valente. Underlying third-party data retain their source terms, including Coin Metrics CC BY-NC 4.0 where indicated; this export does not replace those terms."
listino,2026-10-05,/blocchi/0/serie/0/punti/38/1,2.794278,"CoinGecko (market value); DefiLlama (fees, revenue)","{""livelli"": ""2026-10-05"", ""somme"": ""2026-10-04""}",CC BY 4.0,https://creativecommons.org/licenses/by/4.0/,Luca Valente,"CC BY 4.0 applies to the original compilation and editorial work by Luca Valente. Underlying third-party data retain their source terms, including Coin Metrics CC BY-NC 4.0 where indicated; this export does not replace those terms."
listino,2026-10-05,/blocchi/0/serie/0/punti/39/0,"""2025-11-14""","CoinGecko (market value); DefiLlama (fees, revenue)","{""livelli"": ""2026-10-05"", ""somme"": ""2026-10-04""}",CC BY 4.0,https://creativecommons.org/licenses/by/4.0/,Luca Valente,"CC BY 4.0 applies to the original compilation and editorial work by Luca Valente. Underlying third-party data retain their source terms, including Coin Metrics CC BY-NC 4.0 where indicated; this export does not replace those terms."
listino,2026-10-05,/blocchi/0/serie/0/punti/39/1,2.651268,"CoinGecko (market value); DefiLlama (fees, revenue)","{""livelli"": ""2026-10-05"", ""somme"": ""2026-10-04""}",CC BY 4.0,https://creativecommons.org/licenses/by/4.0/,Luca Valente,"CC BY 4.0 applies to the original compilation and editorial work by Luca Valente. Underlying third-party data retain their source terms, including Coin Metrics CC BY-NC 4.0 where indicated; this export does not replace those terms."
listino,2026-10-05,/blocchi/0/serie/0/punti/40/0,"""2025-11-15""","CoinGecko (market value); DefiLlama (fees, revenue)","{""livelli"": ""2026-10-05"", ""somme"": ""2026-10-04""}",CC BY 4.0,https://creativecommons.org/licenses/by/4.0/,Luca Valente,"CC BY 4.0 applies to the original compilation and editorial work by Luca Valente. Underlying third-party data retain their source terms, including Coin Metrics CC BY-NC 4.0 where indicated; this export does not replace those terms."
listino,2026-10-05,/blocchi/0/serie/0/punti/40/1,2.477883,"CoinGecko (market value); DefiLlama (fees, revenue)","{""livelli"": ""2026-10-05"", ""somme"": ""2026-10-04""}",CC BY 4.0,https://creativecommons.org/licenses/by/4.0/,Luca Valente,"CC BY 4.0 applies to the original compilation and editorial work by Luca Valente. Underlying third-party data retain their source terms, including Coin Metrics CC BY-NC 4.0 where indicated; this export does not replace those terms."
listino,2026-10-05,/blocchi/0/serie/0/punti/41/0,"""2025-11-16""","CoinGecko (market value); DefiLlama (fees, revenue)","{""livelli"": ""2026-10-05"", ""somme"": ""2026-10-04""}",CC BY 4.0,https://creativecommons.org/licenses/by/4.0/,Luca Valente,"CC BY 4.0 applies to the original compilation and editorial work by Luca Valente. Underlying third-party data retain their source terms, including Coin Metrics CC BY-NC 4.0 where indicated; this export does not replace those terms."
listino,2026-10-05,/blocchi/0/serie/0/punti/41/1,2.527418,"CoinGecko (market value); DefiLlama (fees, revenue)","{""livelli"": ""2026-10-05"", ""somme"": ""2026-10-04""}",CC BY 4.0,https://creativecommons.org/licenses/by/4.0/,Luca Valente,"CC BY 4.0 applies to the original compilation and editorial work by Luca Valente. Underlying third-party data retain their source terms, including Coin Metrics CC BY-NC 4.0 where indicated; this export does not replace those terms."
listino,2026-10-05,/blocchi/0/serie/0/punti/42/0,"""2025-11-17""","CoinGecko (market value); DefiLlama (fees, revenue)","{""livelli"": ""2026-10-05"", ""somme"": ""2026-10-04""}",CC BY 4.0,https://creativecommons.org/licenses/by/4.0/,Luca Valente,"CC BY 4.0 applies to the original compilation and editorial work by Luca Valente. Underlying third-party data retain their source terms, including Coin Metrics CC BY-NC 4.0 where indicated; this export does not replace those terms."
listino,2026-10-05,/blocchi/0/serie/0/punti/42/1,2.490929,"CoinGecko (market value); DefiLlama (fees, revenue)","{""livelli"": ""2026-10-05"", ""somme"": ""2026-10-04""}",CC BY 4.0,https://creativecommons.org/licenses/by/4.0/,Luca Valente,"CC BY 4.0 applies to the original compilation and editorial work by Luca Valente. Underlying third-party data retain their source terms, including Coin Metrics CC BY-NC 4.0 where indicated; this export does not replace those terms."
listino,2026-10-05,/blocchi/0/serie/0/punti/43/0,"""2025-11-18""","CoinGecko (market value); DefiLlama (fees, revenue)","{""livelli"": ""2026-10-05"", ""somme"": ""2026-10-04""}",CC BY 4.0,https://creativecommons.org/licenses/by/4.0/,Luca Valente,"CC BY 4.0 applies to the original compilation and editorial work by Luca Valente. Underlying third-party data retain their source terms, including Coin Metrics CC BY-NC 4.0 where indicated; this export does not replace those terms."
listino,2026-10-05,/blocchi/0/serie/0/punti/43/1,2.34613,"CoinGecko (market value); DefiLlama (fees, revenue)","{""livelli"": ""2026-10-05"", ""somme"": ""2026-10-04""}",CC BY 4.0,https://creativecommons.org/licenses/by/4.0/,Luca Valente,"CC BY 4.0 applies to the original compilation and editorial work by Luca Valente. Underlying third-party data retain their source terms, including Coin Metrics CC BY-NC 4.0 where indicated; this export does not replace those terms."
listino,2026-10-05,/blocchi/0/serie/0/punti/44/0,"""2025-11-19""","CoinGecko (market value); DefiLlama (fees, revenue)","{""livelli"": ""2026-10-05"", ""somme"": ""2026-10-04""}",CC BY 4.0,https://creativecommons.org/licenses/by/4.0/,Luca Valente,"CC BY 4.0 applies to the original compilation and editorial work by Luca Valente. Underlying third-party data retain their source terms, including Coin Metrics CC BY-NC 4.0 where indicated; this export does not replace those terms."
listino,2026-10-05,/blocchi/0/serie/0/punti/44/1,2.456982,"CoinGecko (market value); DefiLlama (fees, revenue)","{""livelli"": ""2026-10-05"", ""somme"": ""2026-10-04""}",CC BY 4.0,https://creativecommons.org/licenses/by/4.0/,Luca Valente,"CC BY 4.0 applies to the original compilation and editorial work by Luca Valente. Underlying third-party data retain their source terms, including Coin Metrics CC BY-NC 4.0 where indicated; this export does not replace those terms."
listino,2026-10-05,/blocchi/0/serie/0/punti/45/0,"""2025-11-20""","CoinGecko (market value); DefiLlama (fees, revenue)","{""livelli"": ""2026-10-05"", ""somme"": ""2026-10-04""}",CC BY 4.0,https://creativecommons.org/licenses/by/4.0/,Luca Valente,"CC BY 4.0 applies to the original compilation and editorial work by Luca Valente. Underlying third-party data retain their source terms, including Coin Metrics CC BY-NC 4.0 where indicated; this export does not replace those terms."
listino,2026-10-05,/blocchi/0/serie/0/punti/45/1,2.426559,"CoinGecko (market value); DefiLlama (fees, revenue)","{""livelli"": ""2026-10-05"", ""somme"": ""2026-10-04""}",CC BY 4.0,https://creativecommons.org/licenses/by/4.0/,Luca Valente,"CC BY 4.0 applies to the original compilation and editorial work by Luca Valente. Underlying third-party data retain their source terms, including Coin Metrics CC BY-NC 4.0 where indicated; this export does not replace those terms."
listino,2026-10-05,/blocchi/0/serie/0/punti/46/0,"""2025-11-21""","CoinGecko (market value); DefiLlama (fees, revenue)","{""livelli"": ""2026-10-05"", ""somme"": ""2026-10-04""}",CC BY 4.0,https://creativecommons.org/licenses/by/4.0/,Luca Valente,"CC BY 4.0 applies to the original compilation and editorial work by Luca Valente. Underlying third-party data retain their source terms, including Coin Metrics CC BY-NC 4.0 where indicated; this export does not replace those terms."
listino,2026-10-05,/blocchi/0/serie/0/punti/46/1,2.375161,"CoinGecko (market value); DefiLlama (fees, revenue)","{""livelli"": ""2026-10-05"", ""somme"": ""2026-10-04""}",CC BY 4.0,https://creativecommons.org/licenses/by/4.0/,Luca Valente,"CC BY 4.0 applies to the original compilation and editorial work by Luca Valente. Underlying third-party data retain their source terms, including Coin Metrics CC BY-NC 4.0 where indicated; this export does not replace those terms."
listino,2026-10-05,/blocchi/0/serie/0/punti/47/0,"""2025-11-22""","CoinGecko (market value); DefiLlama (fees, revenue)","{""livelli"": ""2026-10-05"", ""somme"": ""2026-10-04""}",CC BY 4.0,https://creativecommons.org/licenses/by/4.0/,Luca Valente,"CC BY 4.0 applies to the original compilation and editorial work by Luca Valente. Underlying third-party data retain their source terms, including Coin Metrics CC BY-NC 4.0 where indicated; this export does not replace those terms."
listino,2026-10-05,/blocchi/0/serie/0/punti/47/1,2.242274,"CoinGecko (market value); DefiLlama (fees, revenue)","{""livelli"": ""2026-10-05"", ""somme"": ""2026-10-04""}",CC BY 4.0,https://creativecommons.org/licenses/by/4.0/,Luca Valente,"CC BY 4.0 applies to the original compilation and editorial work by Luca Valente. Underlying third-party data retain their source terms, including Coin Metrics CC BY-NC 4.0 where indicated; this export does not replace those terms."
listino,2026-10-05,/blocchi/0/serie/0/punti/48/0,"""2025-11-23""","CoinGecko (market value); DefiLlama (fees, revenue)","{""livelli"": ""2026-10-05"", ""somme"": ""2026-10-04""}",CC BY 4.0,https://creativecommons.org/licenses/by/4.0/,Luca Valente,"CC BY 4.0 applies to the original compilation and editorial work by Luca Valente. Underlying third-party data retain their source terms, including Coin Metrics CC BY-NC 4.0 where indicated; this export does not replace those terms."
listino,2026-10-05,/blocchi/0/serie/0/punti/48/1,2.189908,"CoinGecko (market value); DefiLlama (fees, revenue)","{""livelli"": ""2026-10-05"", ""somme"": ""2026-10-04""}",CC BY 4.0,https://creativecommons.org/licenses/by/4.0/,Luca Valente,"CC BY 4.0 applies to the original compilation and editorial work by Luca Valente. Underlying third-party data retain their source terms, including Coin Metrics CC BY-NC 4.0 where indicated; this export does not replace those terms."
listino,2026-10-05,/blocchi/0/serie/0/punti/49/0,"""2025-11-24""","CoinGecko (market value); DefiLlama (fees, revenue)","{""livelli"": ""2026-10-05"", ""somme"": ""2026-10-04""}",CC BY 4.0,https://creativecommons.org/licenses/by/4.0/,Luca Valente,"CC BY 4.0 applies to the original compilation and editorial work by Luca Valente. Underlying third-party data retain their source terms, including Coin Metrics CC BY-NC 4.0 where indicated; this export does not replace those terms."
listino,2026-10-05,/blocchi/0/serie/0/punti/49/1,2.147753,"CoinGecko (market value); DefiLlama (fees, revenue)","{""livelli"": ""2026-10-05"", ""somme"": ""2026-10-04""}",CC BY 4.0,https://creativecommons.org/licenses/by/4.0/,Luca Valente,"CC BY 4.0 applies to the original compilation and editorial work by Luca Valente. Underlying third-party data retain their source terms, including Coin Metrics CC BY-NC 4.0 where indicated; this export does not replace those terms."
listino,2026-10-05,/blocchi/0/serie/0/punti/50/0,"""2025-11-25""","CoinGecko (market value); DefiLlama (fees, revenue)","{""livelli"": ""2026-10-05"", ""somme"": ""2026-10-04""}",CC BY 4.0,https://creativecommons.org/licenses/by/4.0/,Luca Valente,"CC BY 4.0 applies to the original compilation and editorial work by Luca Valente. Underlying third-party data retain their source terms, including Coin Metrics CC BY-NC 4.0 where indicated; this export does not replace those terms."
listino,2026-10-05,/blocchi/0/serie/0/punti/50/1,2.313853,"CoinGecko (market value); DefiLlama (fees, revenue)","{""livelli"": ""2026-10-05"", ""somme"": ""2026-10-04""}",CC BY 4.0,https://creativecommons.org/licenses/by/4.0/,Luca Valente,"CC BY 4.0 applies to the original compilation and editorial work by Luca Valente. Underlying third-party data retain their source terms, including Coin Metrics CC BY-NC 4.0 where indicated; this export does not replace those terms."
listino,2026-10-05,/blocchi/0/serie/0/punti/51/0,"""2025-11-26""","CoinGecko (market value); DefiLlama (fees, revenue)","{""livelli"": ""2026-10-05"", ""somme"": ""2026-10-04""}",CC BY 4.0,https://creativecommons.org/licenses/by/4.0/,Luca Valente,"CC BY 4.0 applies to the original compilation and editorial work by Luca Valente. Underlying third-party data retain their source terms, including Coin Metrics CC BY-NC 4.0 where indicated; this export does not replace those terms."
listino,2026-10-05,/blocchi/0/serie/0/punti/51/1,2.333712,"CoinGecko (market value); DefiLlama (fees, revenue)","{""livelli"": ""2026-10-05"", ""somme"": ""2026-10-04""}",CC BY 4.0,https://creativecommons.org/licenses/by/4.0/,Luca Valente,"CC BY 4.0 applies to the original compilation and editorial work by Luca Valente. Underlying third-party data retain their source terms, including Coin Metrics CC BY-NC 4.0 where indicated; this export does not replace those terms."
listino,2026-10-05,/blocchi/0/serie/0/punti/52/0,"""2025-11-27""","CoinGecko (market value); DefiLlama (fees, revenue)","{""livelli"": ""2026-10-05"", ""somme"": ""2026-10-04""}",CC BY 4.0,https://creativecommons.org/licenses/by/4.0/,Luca Valente,"CC BY 4.0 applies to the original compilation and editorial work by Luca Valente. Underlying third-party data retain their source terms, including Coin Metrics CC BY-NC 4.0 where indicated; this export does not replace those terms."
listino,2026-10-05,/blocchi/0/serie/0/punti/52/1,2.40274,"CoinGecko (market value); DefiLlama (fees, revenue)","{""livelli"": ""2026-10-05"", ""somme"": ""2026-10-04""}",CC BY 4.0,https://creativecommons.org/licenses/by/4.0/,Luca Valente,"CC BY 4.0 applies to the original compilation and editorial work by Luca Valente. Underlying third-party data retain their source terms, including Coin Metrics CC BY-NC 4.0 where indicated; this export does not replace those terms."
listino,2026-10-05,/blocchi/0/serie/0/punti/53/0,"""2025-11-28""","CoinGecko (market value); DefiLlama (fees, revenue)","{""livelli"": ""2026-10-05"", ""somme"": ""2026-10-04""}",CC BY 4.0,https://creativecommons.org/licenses/by/4.0/,Luca Valente,"CC BY 4.0 applies to the original compilation and editorial work by Luca Valente. Underlying third-party data retain their source terms, including Coin Metrics CC BY-NC 4.0 where indicated; this export does not replace those terms."
listino,2026-10-05,/blocchi/0/serie/0/punti/53/1,2.516896,"CoinGecko (market value); DefiLlama (fees, revenue)","{""livelli"": ""2026-10-05"", ""somme"": ""2026-10-04""}",CC BY 4.0,https://creativecommons.org/licenses/by/4.0/,Luca Valente,"CC BY 4.0 applies to the original compilation and editorial work by Luca Valente. Underlying third-party data retain their source terms, including Coin Metrics CC BY-NC 4.0 where indicated; this export does not replace those terms."
listino,2026-10-05,/blocchi/0/serie/0/punti/54/0,"""2025-11-29""","CoinGecko (market value); DefiLlama (fees, revenue)","{""livelli"": ""2026-10-05"", ""somme"": ""2026-10-04""}",CC BY 4.0,https://creativecommons.org/licenses/by/4.0/,Luca Valente,"CC BY 4.0 applies to the original compilation and editorial work by Luca Valente. Underlying third-party data retain their source terms, including Coin Metrics CC BY-NC 4.0 where indicated; this export does not replace those terms."
listino,2026-10-05,/blocchi/0/serie/0/punti/54/1,2.447324,"CoinGecko (market value); DefiLlama (fees, revenue)","{""livelli"": ""2026-10-05"", ""somme"": ""2026-10-04""}",CC BY 4.0,https://creativecommons.org/licenses/by/4.0/,Luca Valente,"CC BY 4.0 applies to the original compilation and editorial work by Luca Valente. Underlying third-party data retain their source terms, including Coin Metrics CC BY-NC 4.0 where indicated; this export does not replace those terms."
listino,2026-10-05,/blocchi/0/serie/0/punti/55/0,"""2025-11-30""","CoinGecko (market value); DefiLlama (fees, revenue)","{""livelli"": ""2026-10-05"", ""somme"": ""2026-10-04""}",CC BY 4.0,https://creativecommons.org/licenses/by/4.0/,Luca Valente,"CC BY 4.0 applies to the original compilation and editorial work by Luca Valente. Underlying third-party data retain their source terms, including Coin Metrics CC BY-NC 4.0 where indicated; this export does not replace those terms."
listino,2026-10-05,/blocchi/0/serie/0/punti/55/1,2.366457,"CoinGecko (market value); DefiLlama (fees, revenue)","{""livelli"": ""2026-10-05"", ""somme"": ""2026-10-04""}",CC BY 4.0,https://creativecommons.org/licenses/by/4.0/,Luca Valente,"CC BY 4.0 applies to the original compilation and editorial work by Luca Valente. Underlying third-party data retain their source terms, including Coin Metrics CC BY-NC 4.0 where indicated; this export does not replace those terms."
listino,2026-10-05,/blocchi/0/serie/0/punti/56/0,"""2025-12-01""","CoinGecko (market value); DefiLlama (fees, revenue)","{""livelli"": ""2026-10-05"", ""somme"": ""2026-10-04""}",CC BY 4.0,https://creativecommons.org/licenses/by/4.0/,Luca Valente,"CC BY 4.0 applies to the original compilation and editorial work by Luca Valente. Underlying third-party data retain their source terms, including Coin Metrics CC BY-NC 4.0 where indicated; this export does not replace those terms."
listino,2026-10-05,/blocchi/0/serie/0/punti/56/1,2.426483,"CoinGecko (market value); DefiLlama (fees, revenue)","{""livelli"": ""2026-10-05"", ""somme"": ""2026-10-04""}",CC BY 4.0,https://creativecommons.org/licenses/by/4.0/,Luca Valente,"CC BY 4.0 applies to the original compilation and editorial work by Luca Valente. Underlying third-party data retain their source terms, including Coin Metrics CC BY-NC 4.0 where indicated; this export does not replace those terms."
listino,2026-10-05,/blocchi/0/serie/0/punti/57/0,"""2025-12-02""","CoinGecko (market value); DefiLlama (fees, revenue)","{""livelli"": ""2026-10-05"", ""somme"": ""2026-10-04""}",CC BY 4.0,https://creativecommons.org/licenses/by/4.0/,Luca Valente,"CC BY 4.0 applies to the original compilation and editorial work by Luca Valente. Underlying third-party data retain their source terms, including Coin Metrics CC BY-NC 4.0 where indicated; this export does not replace those terms."
listino,2026-10-05,/blocchi/0/serie/0/punti/57/1,2.19629,"CoinGecko (market value); DefiLlama (fees, revenue)","{""livelli"": ""2026-10-05"", ""somme"": ""2026-10-04""}",CC BY 4.0,https://creativecommons.org/licenses/by/4.0/,Luca Valente,"CC BY 4.0 applies to the original compilation and editorial work by Luca Valente. Underlying third-party data retain their source terms, including Coin Metrics CC BY-NC 4.0 where indicated; this export does not replace those terms."
listino,2026-10-05,/blocchi/0/serie/0/punti/58/0,"""2025-12-03""","CoinGecko (market value); DefiLlama (fees, revenue)","{""livelli"": ""2026-10-05"", ""somme"": ""2026-10-04""}",CC BY 4.0,https://creativecommons.org/licenses/by/4.0/,Luca Valente,"CC BY 4.0 applies to the original compilation and editorial work by Luca Valente. Underlying third-party data retain their source terms, including Coin Metrics CC BY-NC 4.0 where indicated; this export does not replace those terms."
listino,2026-10-05,/blocchi/0/serie/0/punti/58/1,2.370351,"CoinGecko (market value); DefiLlama (fees, revenue)","{""livelli"": ""2026-10-05"", ""somme"": ""2026-10-04""}",CC BY 4.0,https://creativecommons.org/licenses/by/4.0/,Luca Valente,"CC BY 4.0 applies to the original compilation and editorial work by Luca Valente. Underlying third-party data retain their source terms, including Coin Metrics CC BY-NC 4.0 where indicated; this export does not replace those terms."
listino,2026-10-05,/blocchi/0/serie/0/punti/59/0,"""2025-12-04""","CoinGecko (market value); DefiLlama (fees, revenue)","{""livelli"": ""2026-10-05"", ""somme"": ""2026-10-04""}",CC BY 4.0,https://creativecommons.org/licenses/by/4.0/,Luca Valente,"CC BY 4.0 applies to the original compilation and editorial work by Luca Valente. Underlying third-party data retain their source terms, including Coin Metrics CC BY-NC 4.0 where indicated; this export does not replace those terms."
listino,2026-10-05,/blocchi/0/serie/0/punti/59/1,2.466874,"CoinGecko (market value); DefiLlama (fees, revenue)","{""livelli"": ""2026-10-05"", ""somme"": ""2026-10-04""}",CC BY 4.0,https://creativecommons.org/licenses/by/4.0/,Luca Valente,"CC BY 4.0 applies to the original compilation and editorial work by Luca Valente. Underlying third-party data retain their source terms, including Coin Metrics CC BY-NC 4.0 where indicated; this export does not replace those terms."
listino,2026-10-05,/blocchi/0/serie/0/punti/60/0,"""2025-12-05""","CoinGecko (market value); DefiLlama (fees, revenue)","{""livelli"": ""2026-10-05"", ""somme"": ""2026-10-04""}",CC BY 4.0,https://creativecommons.org/licenses/by/4.0/,Luca Valente,"CC BY 4.0 applies to the original compilation and editorial work by Luca Valente. Underlying third-party data retain their source terms, including Coin Metrics CC BY-NC 4.0 where indicated; this export does not replace those terms."
listino,2026-10-05,/blocchi/0/serie/0/punti/60/1,2.329597,"CoinGecko (market value); DefiLlama (fees, revenue)","{""livelli"": ""2026-10-05"", ""somme"": ""2026-10-04""}",CC BY 4.0,https://creativecommons.org/licenses/by/4.0/,Luca Valente,"CC BY 4.0 applies to the original compilation and editorial work by Luca Valente. Underlying third-party data retain their source terms, including Coin Metrics CC BY-NC 4.0 where indicated; this export does not replace those terms."
listino,2026-10-05,/blocchi/0/serie/0/punti/61/0,"""2025-12-06""","CoinGecko (market value); DefiLlama (fees, revenue)","{""livelli"": ""2026-10-05"", ""somme"": ""2026-10-04""}",CC BY 4.0,https://creativecommons.org/licenses/by/4.0/,Luca Valente,"CC BY 4.0 applies to the original compilation and editorial work by Luca Valente. Underlying third-party data retain their source terms, including Coin Metrics CC BY-NC 4.0 where indicated; this export does not replace those terms."
listino,2026-10-05,/blocchi/0/serie/0/punti/61/1,2.163686,"CoinGecko (market value); DefiLlama (fees, revenue)","{""livelli"": ""2026-10-05"", ""somme"": ""2026-10-04""}",CC BY 4.0,https://creativecommons.org/licenses/by/4.0/,Luca Valente,"CC BY 4.0 applies to the original compilation and editorial work by Luca Valente. Underlying third-party data retain their source terms, including Coin Metrics CC BY-NC 4.0 where indicated; this export does not replace those terms."
listino,2026-10-05,/blocchi/0/serie/0/punti/62/0,"""2025-12-07""","CoinGecko (market value); DefiLlama (fees, revenue)","{""livelli"": ""2026-10-05"", ""somme"": ""2026-10-04""}",CC BY 4.0,https://creativecommons.org/licenses/by/4.0/,Luca Valente,"CC BY 4.0 applies to the original compilation and editorial work by Luca Valente. Underlying third-party data retain their source terms, including Coin Metrics CC BY-NC 4.0 where indicated; this export does not replace those terms."
listino,2026-10-05,/blocchi/0/serie/0/punti/62/1,2.168328,"CoinGecko (market value); DefiLlama (fees, revenue)","{""livelli"": ""2026-10-05"", ""somme"": ""2026-10-04""}",CC BY 4.0,https://creativecommons.org/licenses/by/4.0/,Luca Valente,"CC BY 4.0 applies to the original compilation and editorial work by Luca Valente. Underlying third-party data retain their source terms, including Coin Metrics CC BY-NC 4.0 where indicated; this export does not replace those terms."
listino,2026-10-05,/blocchi/0/serie/0/punti/63/0,"""2025-12-08""","CoinGecko (market value); DefiLlama (fees, revenue)","{""livelli"": ""2026-10-05"", ""somme"": ""2026-10-04""}",CC BY 4.0,https://creativecommons.org/licenses/by/4.0/,Luca Valente,"CC BY 4.0 applies to the original compilation and editorial work by Luca Valente. Underlying third-party data retain their source terms, including Coin Metrics CC BY-NC 4.0 where indicated; this export does not replace those terms."
listino,2026-10-05,/blocchi/0/serie/0/punti/63/1,2.055502,"CoinGecko (market value); DefiLlama (fees, revenue)","{""livelli"": ""2026-10-05"", ""somme"": ""2026-10-04""}",CC BY 4.0,https://creativecommons.org/licenses/by/4.0/,Luca Valente,"CC BY 4.0 applies to the original compilation and editorial work by Luca Valente. Underlying third-party data retain their source terms, including Coin Metrics CC BY-NC 4.0 where indicated; this export does not replace those terms."
listino,2026-10-05,/blocchi/0/serie/0/punti/64/0,"""2025-12-09""","CoinGecko (market value); DefiLlama (fees, revenue)","{""livelli"": ""2026-10-05"", ""somme"": ""2026-10-04""}",CC BY 4.0,https://creativecommons.org/licenses/by/4.0/,Luca Valente,"CC BY 4.0 applies to the original compilation and editorial work by Luca Valente. Underlying third-party data retain their source terms, including Coin Metrics CC BY-NC 4.0 where indicated; this export does not replace those terms."
listino,2026-10-05,/blocchi/0/serie/0/punti/64/1,2.068509,"CoinGecko (market value); DefiLlama (fees, revenue)","{""livelli"": ""2026-10-05"", ""somme"": ""2026-10-04""}",CC BY 4.0,https://creativecommons.org/licenses/by/4.0/,Luca Valente,"CC BY 4.0 applies to the original compilation and editorial work by Luca Valente. Underlying third-party data retain their source terms, including Coin Metrics CC BY-NC 4.0 where indicated; this export does not replace those terms."
listino,2026-10-05,/blocchi/0/serie/0/punti/65/0,"""2025-12-10""","CoinGecko (market value); DefiLlama (fees, revenue)","{""livelli"": ""2026-10-05"", ""somme"": ""2026-10-04""}",CC BY 4.0,https://creativecommons.org/licenses/by/4.0/,Luca Valente,"CC BY 4.0 applies to the original compilation and editorial work by Luca Valente. Underlying third-party data retain their source terms, including Coin Metrics CC BY-NC 4.0 where indicated; this export does not replace those terms."
listino,2026-10-05,/blocchi/0/serie/0/punti/65/1,2.173548,"CoinGecko (market value); DefiLlama (fees, revenue)","{""livelli"": ""2026-10-05"", ""somme"": ""2026-10-04""}",CC BY 4.0,https://creativecommons.org/licenses/by/4.0/,Luca Valente,"CC BY 4.0 applies to the original compilation and editorial work by Luca Valente. Underlying third-party data retain their source terms, including Coin Metrics CC BY-NC 4.0 where indicated; this export does not replace those terms."
listino,2026-10-05,/blocchi/0/serie/0/punti/66/0,"""2025-12-11""","CoinGecko (market value); DefiLlama (fees, revenue)","{""livelli"": ""2026-10-05"", ""somme"": ""2026-10-04""}",CC BY 4.0,https://creativecommons.org/licenses/by/4.0/,Luca Valente,"CC BY 4.0 applies to the original compilation and editorial work by Luca Valente. Underlying third-party data retain their source terms, including Coin Metrics CC BY-NC 4.0 where indicated; this export does not replace those terms."
listino,2026-10-05,/blocchi/0/serie/0/punti/66/1,2.103494,"CoinGecko (market value); DefiLlama (fees, revenue)","{""livelli"": ""2026-10-05"", ""somme"": ""2026-10-04""}",CC BY 4.0,https://creativecommons.org/licenses/by/4.0/,Luca Valente,"CC BY 4.0 applies to the original compilation and editorial work by Luca Valente. Underlying third-party data retain their source terms, including Coin Metrics CC BY-NC 4.0 where indicated; this export does not replace those terms."
listino,2026-10-05,/blocchi/0/serie/0/punti/67/0,"""2025-12-12""","CoinGecko (market value); DefiLlama (fees, revenue)","{""livelli"": ""2026-10-05"", ""somme"": ""2026-10-04""}",CC BY 4.0,https://creativecommons.org/licenses/by/4.0/,Luca Valente,"CC BY 4.0 applies to the original compilation and editorial work by Luca Valente. Underlying third-party data retain their source terms, including Coin Metrics CC BY-NC 4.0 where indicated; this export does not replace those terms."
listino,2026-10-05,/blocchi/0/serie/0/punti/67/1,2.074528,"CoinGecko (market value); DefiLlama (fees, revenue)","{""livelli"": ""2026-10-05"", ""somme"": ""2026-10-04""}",CC BY 4.0,https://creativecommons.org/licenses/by/4.0/,Luca Valente,"CC BY 4.0 applies to the original compilation and editorial work by Luca Valente. Underlying third-party data retain their source terms, including Coin Metrics CC BY-NC 4.0 where indicated; this export does not replace those terms."
listino,2026-10-05,/blocchi/0/serie/0/punti/68/0,"""2025-12-13""","CoinGecko (market value); DefiLlama (fees, revenue)","{""livelli"": ""2026-10-05"", ""somme"": ""2026-10-04""}",CC BY 4.0,https://creativecommons.org/licenses/by/4.0/,Luca Valente,"CC BY 4.0 applies to the original compilation and editorial work by Luca Valente. Underlying third-party data retain their source terms, including Coin Metrics CC BY-NC 4.0 where indicated; this export does not replace those terms."
listino,2026-10-05,/blocchi/0/serie/0/punti/68/1,2.0628,"CoinGecko (market value); DefiLlama (fees, revenue)","{""livelli"": ""2026-10-05"", ""somme"": ""2026-10-04""}",CC BY 4.0,https://creativecommons.org/licenses/by/4.0/,Luca Valente,"CC BY 4.0 applies to the original compilation and editorial work by Luca Valente. Underlying third-party data retain their source terms, including Coin Metrics CC BY-NC 4.0 where indicated; this export does not replace those terms."
listino,2026-10-05,/blocchi/0/serie/0/punti/69/0,"""2025-12-14""","CoinGecko (market value); DefiLlama (fees, revenue)","{""livelli"": ""2026-10-05"", ""somme"": ""2026-10-04""}",CC BY 4.0,https://creativecommons.org/licenses/by/4.0/,Luca Valente,"CC BY 4.0 applies to the original compilation and editorial work by Luca Valente. Underlying third-party data retain their source terms, including Coin Metrics CC BY-NC 4.0 where indicated; this export does not replace those terms."
listino,2026-10-05,/blocchi/0/serie/0/punti/69/1,2.069606,"CoinGecko (market value); DefiLlama (fees, revenue)","{""livelli"": ""2026-10-05"", ""somme"": ""2026-10-04""}",CC BY 4.0,https://creativecommons.org/licenses/by/4.0/,Luca Valente,"CC BY 4.0 applies to the original compilation and editorial work by Luca Valente. Underlying third-party data retain their source terms, including Coin Metrics CC BY-NC 4.0 where indicated; this export does not replace those terms."
listino,2026-10-05,/blocchi/0/serie/0/punti/70/0,"""2025-12-15""","CoinGecko (market value); DefiLlama (fees, revenue)","{""livelli"": ""2026-10-05"", ""somme"": ""2026-10-04""}",CC BY 4.0,https://creativecommons.org/licenses/by/4.0/,Luca Valente,"CC BY 4.0 applies to the original compilation and editorial work by Luca Valente. Underlying third-party data retain their source terms, including Coin Metrics CC BY-NC 4.0 where indicated; this export does not replace those terms."
listino,2026-10-05,/blocchi/0/serie/0/punti/70/1,1.999306,"CoinGecko (market value); DefiLlama (fees, revenue)","{""livelli"": ""2026-10-05"", ""somme"": ""2026-10-04""}",CC BY 4.0,https://creativecommons.org/licenses/by/4.0/,Luca Valente,"CC BY 4.0 applies to the original compilation and editorial work by Luca Valente. Underlying third-party data retain their source terms, including Coin Metrics CC BY-NC 4.0 where indicated; this export does not replace those terms."
listino,2026-10-05,/blocchi/0/serie/0/punti/71/0,"""2025-12-16""","CoinGecko (market value); DefiLlama (fees, revenue)","{""livelli"": ""2026-10-05"", ""somme"": ""2026-10-04""}",CC BY 4.0,https://creativecommons.org/licenses/by/4.0/,Luca Valente,"CC BY 4.0 applies to the original compilation and editorial work by Luca Valente. Underlying third-party data retain their source terms, including Coin Metrics CC BY-NC 4.0 where indicated; this export does not replace those terms."
listino,2026-10-05,/blocchi/0/serie/0/punti/71/1,1.940155,"CoinGecko (market value); DefiLlama (fees, revenue)","{""livelli"": ""2026-10-05"", ""somme"": ""2026-10-04""}",CC BY 4.0,https://creativecommons.org/licenses/by/4.0/,Luca Valente,"CC BY 4.0 applies to the original compilation and editorial work by Luca Valente. Underlying third-party data retain their source terms, including Coin Metrics CC BY-NC 4.0 where indicated; this export does not replace those terms."
listino,2026-10-05,/blocchi/0/serie/0/punti/72/0,"""2025-12-17""","CoinGecko (market value); DefiLlama (fees, revenue)","{""livelli"": ""2026-10-05"", ""somme"": ""2026-10-04""}",CC BY 4.0,https://creativecommons.org/licenses/by/4.0/,Luca Valente,"CC BY 4.0 applies to the original compilation and editorial work by Luca Valente. Underlying third-party data retain their source terms, including Coin Metrics CC BY-NC 4.0 where indicated; this export does not replace those terms."
listino,2026-10-05,/blocchi/0/serie/0/punti/72/1,1.929952,"CoinGecko (market value); DefiLlama (fees, revenue)","{""livelli"": ""2026-10-05"", ""somme"": ""2026-10-04""}",CC BY 4.0,https://creativecommons.org/licenses/by/4.0/,Luca Valente,"CC BY 4.0 applies to the original compilation and editorial work by Luca Valente. Underlying third-party data retain their source terms, including Coin Metrics CC BY-NC 4.0 where indicated; this export does not replace those terms."
listino,2026-10-05,/blocchi/0/serie/0/punti/73/0,"""2025-12-18""","CoinGecko (market value); DefiLlama (fees, revenue)","{""livelli"": ""2026-10-05"", ""somme"": ""2026-10-04""}",CC BY 4.0,https://creativecommons.org/licenses/by/4.0/,Luca Valente,"CC BY 4.0 applies to the original compilation and editorial work by Luca Valente. Underlying third-party data retain their source terms, including Coin Metrics CC BY-NC 4.0 where indicated; this export does not replace those terms."
listino,2026-10-05,/blocchi/0/serie/0/punti/73/1,1.842793,"CoinGecko (market value); DefiLlama (fees, revenue)","{""livelli"": ""2026-10-05"", ""somme"": ""2026-10-04""}",CC BY 4.0,https://creativecommons.org/licenses/by/4.0/,Luca Valente,"CC BY 4.0 applies to the original compilation and editorial work by Luca Valente. Underlying third-party data retain their source terms, including Coin Metrics CC BY-NC 4.0 where indicated; this export does not replace those terms."
listino,2026-10-05,/blocchi/0/serie/0/punti/74/0,"""2025-12-19""","CoinGecko (market value); DefiLlama (fees, revenue)","{""livelli"": ""2026-10-05"", ""somme"": ""2026-10-04""}",CC BY 4.0,https://creativecommons.org/licenses/by/4.0/,Luca Valente,"CC BY 4.0 applies to the original compilation and editorial work by Luca Valente. Underlying third-party data retain their source terms, including Coin Metrics CC BY-NC 4.0 where indicated; this export does not replace those terms."
listino,2026-10-05,/blocchi/0/serie/0/punti/74/1,1.797011,"CoinGecko (market value); DefiLlama (fees, revenue)","{""livelli"": ""2026-10-05"", ""somme"": ""2026-10-04""}",CC BY 4.0,https://creativecommons.org/licenses/by/4.0/,Luca Valente,"CC BY 4.0 applies to the original compilation and editorial work by Luca Valente. Underlying third-party data retain their source terms, including Coin Metrics CC BY-NC 4.0 where indicated; this export does not replace those terms."
listino,2026-10-05,/blocchi/0/serie/0/punti/75/0,"""2025-12-20""","CoinGecko (market value); DefiLlama (fees, revenue)","{""livelli"": ""2026-10-05"", ""somme"": ""2026-10-04""}",CC BY 4.0,https://creativecommons.org/licenses/by/4.0/,Luca Valente,"CC BY 4.0 applies to the original compilation and editorial work by Luca Valente. Underlying third-party data retain their source terms, including Coin Metrics CC BY-NC 4.0 where indicated; this export does not replace those terms."
listino,2026-10-05,/blocchi/0/serie/0/punti/75/1,1.857892,"CoinGecko (market value); DefiLlama (fees, revenue)","{""livelli"": ""2026-10-05"", ""somme"": ""2026-10-04""}",CC BY 4.0,https://creativecommons.org/licenses/by/4.0/,Luca Valente,"CC BY 4.0 applies to the original compilation and editorial work by Luca Valente. Underlying third-party data retain their source terms, including Coin Metrics CC BY-NC 4.0 where indicated; this export does not replace those terms."
listino,2026-10-05,/blocchi/0/serie/0/punti/76/0,"""2025-12-21""","CoinGecko (market value); DefiLlama (fees, revenue)","{""livelli"": ""2026-10-05"", ""somme"": ""2026-10-04""}",CC BY 4.0,https://creativecommons.org/licenses/by/4.0/,Luca Valente,"CC BY 4.0 applies to the original compilation and editorial work by Luca Valente. Underlying third-party data retain their source terms, including Coin Metrics CC BY-NC 4.0 where indicated; this export does not replace those terms."
listino,2026-10-05,/blocchi/0/serie/0/punti/76/1,1.861538,"CoinGecko (market value); DefiLlama (fees, revenue)","{""livelli"": ""2026-10-05"", ""somme"": ""2026-10-04""}",CC BY 4.0,https://creativecommons.org/licenses/by/4.0/,Luca Valente,"CC BY 4.0 applies to the original compilation and editorial work by Luca Valente. Underlying third-party data retain their source terms, including Coin Metrics CC BY-NC 4.0 where indicated; this export does not replace those terms."
listino,2026-10-05,/blocchi/0/serie/0/punti/77/0,"""2025-12-22""","CoinGecko (market value); DefiLlama (fees, revenue)","{""livelli"": ""2026-10-05"", ""somme"": ""2026-10-04""}",CC BY 4.0,https://creativecommons.org/licenses/by/4.0/,Luca Valente,"CC BY 4.0 applies to the original compilation and editorial work by Luca Valente. Underlying third-party data retain their source terms, including Coin Metrics CC BY-NC 4.0 where indicated; this export does not replace those terms."
listino,2026-10-05,/blocchi/0/serie/0/punti/77/1,1.881953,"CoinGecko (market value); DefiLlama (fees, revenue)","{""livelli"": ""2026-10-05"", ""somme"": ""2026-10-04""}",CC BY 4.0,https://creativecommons.org/licenses/by/4.0/,Luca Valente,"CC BY 4.0 applies to the original compilation and editorial work by Luca Valente. Underlying third-party data retain their source terms, including Coin Metrics CC BY-NC 4.0 where indicated; this export does not replace those terms."
listino,2026-10-05,/blocchi/0/serie/0/punti/78/0,"""2025-12-23""","CoinGecko (market value); DefiLlama (fees, revenue)","{""livelli"": ""2026-10-05"", ""somme"": ""2026-10-04""}",CC BY 4.0,https://creativecommons.org/licenses/by/4.0/,Luca Valente,"CC BY 4.0 applies to the original compilation and editorial work by Luca Valente. Underlying third-party data retain their source terms, including Coin Metrics CC BY-NC 4.0 where indicated; this export does not replace those terms."
listino,2026-10-05,/blocchi/0/serie/0/punti/78/1,1.837808,"CoinGecko (market value); DefiLlama (fees, revenue)","{""livelli"": ""2026-10-05"", ""somme"": ""2026-10-04""}",CC BY 4.0,https://creativecommons.org/licenses/by/4.0/,Luca Valente,"CC BY 4.0 applies to the original compilation and editorial work by Luca Valente. Underlying third-party data retain their source terms, including Coin Metrics CC BY-NC 4.0 where indicated; this export does not replace those terms."
listino,2026-10-05,/blocchi/0/serie/0/punti/79/0,"""2025-12-24""","CoinGecko (market value); DefiLlama (fees, revenue)","{""livelli"": ""2026-10-05"", ""somme"": ""2026-10-04""}",CC BY 4.0,https://creativecommons.org/licenses/by/4.0/,Luca Valente,"CC BY 4.0 applies to the original compilation and editorial work by Luca Valente. Underlying third-party data retain their source terms, including Coin Metrics CC BY-NC 4.0 where indicated; this export does not replace those terms."
listino,2026-10-05,/blocchi/0/serie/0/punti/79/1,1.951474,"CoinGecko (market value); DefiLlama (fees, revenue)","{""livelli"": ""2026-10-05"", ""somme"": ""2026-10-04""}",CC BY 4.0,https://creativecommons.org/licenses/by/4.0/,Luca Valente,"CC BY 4.0 applies to the original compilation and editorial work by Luca Valente. Underlying third-party data retain their source terms, including Coin Metrics CC BY-NC 4.0 where indicated; this export does not replace those terms."
listino,2026-10-05,/blocchi/0/serie/0/punti/80/0,"""2025-12-25""","CoinGecko (market value); DefiLlama (fees, revenue)","{""livelli"": ""2026-10-05"", ""somme"": ""2026-10-04""}",CC BY 4.0,https://creativecommons.org/licenses/by/4.0/,Luca Valente,"CC BY 4.0 applies to the original compilation and editorial work by Luca Valente. Underlying third-party data retain their source terms, including Coin Metrics CC BY-NC 4.0 where indicated; this export does not replace those terms."
listino,2026-10-05,/blocchi/0/serie/0/punti/80/1,2.136607,"CoinGecko (market value); DefiLlama (fees, revenue)","{""livelli"": ""2026-10-05"", ""somme"": ""2026-10-04""}",CC BY 4.0,https://creativecommons.org/licenses/by/4.0/,Luca Valente,"CC BY 4.0 applies to the original compilation and editorial work by Luca Valente. Underlying third-party data retain their source terms, including Coin Metrics CC BY-NC 4.0 where indicated; this export does not replace those terms."
listino,2026-10-05,/blocchi/0/serie/0/punti/81/0,"""2025-12-26""","CoinGecko (market value); DefiLlama (fees, revenue)","{""livelli"": ""2026-10-05"", ""somme"": ""2026-10-04""}",CC BY 4.0,https://creativecommons.org/licenses/by/4.0/,Luca Valente,"CC BY 4.0 applies to the original compilation and editorial work by Luca Valente. Underlying third-party data retain their source terms, including Coin Metrics CC BY-NC 4.0 where indicated; this export does not replace those terms."
listino,2026-10-05,/blocchi/0/serie/0/punti/81/1,2.0047,"CoinGecko (market value); DefiLlama (fees, revenue)","{""livelli"": ""2026-10-05"", ""somme"": ""2026-10-04""}",CC BY 4.0,https://creativecommons.org/licenses/by/4.0/,Luca Valente,"CC BY 4.0 applies to the original compilation and editorial work by Luca Valente. Underlying third-party data retain their source terms, including Coin Metrics CC BY-NC 4.0 where indicated; this export does not replace those terms."
listino,2026-10-05,/blocchi/0/serie/0/punti/82/0,"""2025-12-27""","CoinGecko (market value); DefiLlama (fees, revenue)","{""livelli"": ""2026-10-05"", ""somme"": ""2026-10-04""}",CC BY 4.0,https://creativecommons.org/licenses/by/4.0/,Luca Valente,"CC BY 4.0 applies to the original compilation and editorial work by Luca Valente. Underlying third-party data retain their source terms, including Coin Metrics CC BY-NC 4.0 where indicated; this export does not replace those terms."
listino,2026-10-05,/blocchi/0/serie/0/punti/82/1,2.253115,"CoinGecko (market value); DefiLlama (fees, revenue)","{""livelli"": ""2026-10-05"", ""somme"": ""2026-10-04""}",CC BY 4.0,https://creativecommons.org/licenses/by/4.0/,Luca Valente,"CC BY 4.0 applies to the original compilation and editorial work by Luca Valente. Underlying third-party data retain their source terms, including Coin Metrics CC BY-NC 4.0 where indicated; this export does not replace those terms."
listino,2026-10-05,/blocchi/0/serie/0/punti/83/0,"""2025-12-28""","CoinGecko (market value); DefiLlama (fees, revenue)","{""livelli"": ""2026-10-05"", ""somme"": ""2026-10-04""}",CC BY 4.0,https://creativecommons.org/licenses/by/4.0/,Luca Valente,"CC BY 4.0 applies to the original compilation and editorial work by Luca Valente. Underlying third-party data retain their source terms, including Coin Metrics CC BY-NC 4.0 where indicated; this export does not replace those terms."
listino,2026-10-05,/blocchi/0/serie/0/punti/83/1,2.260337,"CoinGecko (market value); DefiLlama (fees, revenue)","{""livelli"": ""2026-10-05"", ""somme"": ""2026-10-04""}",CC BY 4.0,https://creativecommons.org/licenses/by/4.0/,Luca Valente,"CC BY 4.0 applies to the original compilation and editorial work by Luca Valente. Underlying third-party data retain their source terms, including Coin Metrics CC BY-NC 4.0 where indicated; this export does not replace those terms."
listino,2026-10-05,/blocchi/0/serie/0/punti/84/0,"""2025-12-29""","CoinGecko (market value); DefiLlama (fees, revenue)","{""livelli"": ""2026-10-05"", ""somme"": ""2026-10-04""}",CC BY 4.0,https://creativecommons.org/licenses/by/4.0/,Luca Valente,"CC BY 4.0 applies to the original compilation and editorial work by Luca Valente. Underlying third-party data retain their source terms, including Coin Metrics CC BY-NC 4.0 where indicated; this export does not replace those terms."
listino,2026-10-05,/blocchi/0/serie/0/punti/84/1,2.268143,"CoinGecko (market value); DefiLlama (fees, revenue)","{""livelli"": ""2026-10-05"", ""somme"": ""2026-10-04""}",CC BY 4.0,https://creativecommons.org/licenses/by/4.0/,Luca Valente,"CC BY 4.0 applies to the original compilation and editorial work by Luca Valente. Underlying third-party data retain their source terms, including Coin Metrics CC BY-NC 4.0 where indicated; this export does not replace those terms."
listino,2026-10-05,/blocchi/0/serie/0/punti/85/0,"""2025-12-30""","CoinGecko (market value); DefiLlama (fees, revenue)","{""livelli"": ""2026-10-05"", ""somme"": ""2026-10-04""}",CC BY 4.0,https://creativecommons.org/licenses/by/4.0/,Luca Valente,"CC BY 4.0 applies to the original compilation and editorial work by Luca Valente. Underlying third-party data retain their source terms, including Coin Metrics CC BY-NC 4.0 where indicated; this export does not replace those terms."
listino,2026-10-05,/blocchi/0/serie/0/punti/85/1,2.219258,"CoinGecko (market value); DefiLlama (fees, revenue)","{""livelli"": ""2026-10-05"", ""somme"": ""2026-10-04""}",CC BY 4.0,https://creativecommons.org/licenses/by/4.0/,Luca Valente,"CC BY 4.0 applies to the original compilation and editorial work by Luca Valente. Underlying third-party data retain their source terms, including Coin Metrics CC BY-NC 4.0 where indicated; this export does not replace those terms."
listino,2026-10-05,/blocchi/0/serie/0/punti/86/0,"""2025-12-31""","CoinGecko (market value); DefiLlama (fees, revenue)","{""livelli"": ""2026-10-05"", ""somme"": ""2026-10-04""}",CC BY 4.0,https://creativecommons.org/licenses/by/4.0/,Luca Valente,"CC BY 4.0 applies to the original compilation and editorial work by Luca Valente. Underlying third-party data retain their source terms, including Coin Metrics CC BY-NC 4.0 where indicated; this export does not replace those terms."
listino,2026-10-05,/blocchi/0/serie/0/punti/86/1,2.222454,"CoinGecko (market value); DefiLlama (fees, revenue)","{""livelli"": ""2026-10-05"", ""somme"": ""2026-10-04""}",CC BY 4.0,https://creativecommons.org/licenses/by/4.0/,Luca Valente,"CC BY 4.0 applies to the original compilation and editorial work by Luca Valente. Underlying third-party data retain their source terms, including Coin Metrics CC BY-NC 4.0 where indicated; this export does not replace those terms."
listino,2026-10-05,/blocchi/0/serie/0/punti/87/0,"""2026-01-01""","CoinGecko (market value); DefiLlama (fees, revenue)","{""livelli"": ""2026-10-05"", ""somme"": ""2026-10-04""}",CC BY 4.0,https://creativecommons.org/licenses/by/4.0/,Luca Valente,"CC BY 4.0 applies to the original compilation and editorial work by Luca Valente. Underlying third-party data retain their source terms, including Coin Metrics CC BY-NC 4.0 where indicated; this export does not replace those terms."
listino,2026-10-05,/blocchi/0/serie/0/punti/87/1,2.104117,"CoinGecko (market value); DefiLlama (fees, revenue)","{""livelli"": ""2026-10-05"", ""somme"": ""2026-10-04""}",CC BY 4.0,https://creativecommons.org/licenses/by/4.0/,Luca Valente,"CC BY 4.0 applies to the original compilation and editorial work by Luca Valente. Underlying third-party data retain their source terms, including Coin Metrics CC BY-NC 4.0 where indicated; this export does not replace those terms."
listino,2026-10-05,/blocchi/0/serie/0/punti/88/0,"""2026-01-02""","CoinGecko (market value); DefiLlama (fees, revenue)","{""livelli"": ""2026-10-05"", ""somme"": ""2026-10-04""}",CC BY 4.0,https://creativecommons.org/licenses/by/4.0/,Luca Valente,"CC BY 4.0 applies to the original compilation and editorial work by Luca Valente. Underlying third-party data retain their source terms, including Coin Metrics CC BY-NC 4.0 where indicated; this export does not replace those terms."
listino,2026-10-05,/blocchi/0/serie/0/punti/88/1,2.234965,"CoinGecko (market value); DefiLlama (fees, revenue)","{""livelli"": ""2026-10-05"", ""somme"": ""2026-10-04""}",CC BY 4.0,https://creativecommons.org/licenses/by/4.0/,Luca Valente,"CC BY 4.0 applies to the original compilation and editorial work by Luca Valente. Underlying third-party data retain their source terms, including Coin Metrics CC BY-NC 4.0 where indicated; this export does not replace those terms."
listino,2026-10-05,/blocchi/0/serie/0/punti/89/0,"""2026-01-03""","CoinGecko (market value); DefiLlama (fees, revenue)","{""livelli"": ""2026-10-05"", ""somme"": ""2026-10-04""}",CC BY 4.0,https://creativecommons.org/licenses/by/4.0/,Luca Valente,"CC BY 4.0 applies to the original compilation and editorial work by Luca Valente. Underlying third-party data retain their source terms, including Coin Metrics CC BY-NC 4.0 where indicated; this export does not replace those terms."
listino,2026-10-05,/blocchi/0/serie/0/punti/89/1,2.420201,"CoinGecko (market value); DefiLlama (fees, revenue)","{""livelli"": ""2026-10-05"", ""somme"": ""2026-10-04""}",CC BY 4.0,https://creativecommons.org/licenses/by/4.0/,Luca Valente,"CC BY 4.0 applies to the original compilation and editorial work by Luca Valente. Underlying third-party data retain their source terms, including Coin Metrics CC BY-NC 4.0 where indicated; this export does not replace those terms."
listino,2026-10-05,/blocchi/0/serie/0/punti/90/0,"""2026-01-04""","CoinGecko (market value); DefiLlama (fees, revenue)","{""livelli"": ""2026-10-05"", ""somme"": ""2026-10-04""}",CC BY 4.0,https://creativecommons.org/licenses/by/4.0/,Luca Valente,"CC BY 4.0 applies to the original compilation and editorial work by Luca Valente. Underlying third-party data retain their source terms, including Coin Metrics CC BY-NC 4.0 where indicated; this export does not replace those terms."
listino,2026-10-05,/blocchi/0/serie/0/punti/90/1,2.438623,"CoinGecko (market value); DefiLlama (fees, revenue)","{""livelli"": ""2026-10-05"", ""somme"": ""2026-10-04""}",CC BY 4.0,https://creativecommons.org/licenses/by/4.0/,Luca Valente,"CC BY 4.0 applies to the original compilation and editorial work by Luca Valente. Underlying third-party data retain their source terms, including Coin Metrics CC BY-NC 4.0 where indicated; this export does not replace those terms."
listino,2026-10-05,/blocchi/0/serie/0/punti/91/0,"""2026-01-05""","CoinGecko (market value); DefiLlama (fees, revenue)","{""livelli"": ""2026-10-05"", ""somme"": ""2026-10-04""}",CC BY 4.0,https://creativecommons.org/licenses/by/4.0/,Luca Valente,"CC BY 4.0 applies to the original compilation and editorial work by Luca Valente. Underlying third-party data retain their source terms, including Coin Metrics CC BY-NC 4.0 where indicated; this export does not replace those terms."
listino,2026-10-05,/blocchi/0/serie/0/punti/91/1,2.49283,"CoinGecko (market value); DefiLlama (fees, revenue)","{""livelli"": ""2026-10-05"", ""somme"": ""2026-10-04""}",CC BY 4.0,https://creativecommons.org/licenses/by/4.0/,Luca Valente,"CC BY 4.0 applies to the original compilation and editorial work by Luca Valente. Underlying third-party data retain their source terms, including Coin Metrics CC BY-NC 4.0 where indicated; this export does not replace those terms."
listino,2026-10-05,/blocchi/0/serie/0/punti/92/0,"""2026-01-06""","CoinGecko (market value); DefiLlama (fees, revenue)","{""livelli"": ""2026-10-05"", ""somme"": ""2026-10-04""}",CC BY 4.0,https://creativecommons.org/licenses/by/4.0/,Luca Valente,"CC BY 4.0 applies to the original compilation and editorial work by Luca Valente. Underlying third-party data retain their source terms, including Coin Metrics CC BY-NC 4.0 where indicated; this export does not replace those terms."
listino,2026-10-05,/blocchi/0/serie/0/punti/92/1,2.606424,"CoinGecko (market value); DefiLlama (fees, revenue)","{""livelli"": ""2026-10-05"", ""somme"": ""2026-10-04""}",CC BY 4.0,https://creativecommons.org/licenses/by/4.0/,Luca Valente,"CC BY 4.0 applies to the original compilation and editorial work by Luca Valente. Underlying third-party data retain their source terms, including Coin Metrics CC BY-NC 4.0 where indicated; this export does not replace those terms."
listino,2026-10-05,/blocchi/0/serie/0/punti/93/0,"""2026-01-07""","CoinGecko (market value); DefiLlama (fees, revenue)","{""livelli"": ""2026-10-05"", ""somme"": ""2026-10-04""}",CC BY 4.0,https://creativecommons.org/licenses/by/4.0/,Luca Valente,"CC BY 4.0 applies to the original compilation and editorial work by Luca Valente. Underlying third-party data retain their source terms, including Coin Metrics CC BY-NC 4.0 where indicated; this export does not replace those terms."
listino,2026-10-05,/blocchi/0/serie/0/punti/93/1,2.58649,"CoinGecko (market value); DefiLlama (fees, revenue)","{""livelli"": ""2026-10-05"", ""somme"": ""2026-10-04""}",CC BY 4.0,https://creativecommons.org/licenses/by/4.0/,Luca Valente,"CC BY 4.0 applies to the original compilation and editorial work by Luca Valente. Underlying third-party data retain their source terms, including Coin Metrics CC BY-NC 4.0 where indicated; this export does not replace those terms."
listino,2026-10-05,/blocchi/0/serie/0/punti/94/0,"""2026-01-08""","CoinGecko (market value); DefiLlama (fees, revenue)","{""livelli"": ""2026-10-05"", ""somme"": ""2026-10-04""}",CC BY 4.0,https://creativecommons.org/licenses/by/4.0/,Luca Valente,"CC BY 4.0 applies to the original compilation and editorial work by Luca Valente. Underlying third-party data retain their source terms, including Coin Metrics CC BY-NC 4.0 where indicated; this export does not replace those terms."
listino,2026-10-05,/blocchi/0/serie/0/punti/94/1,2.483872,"CoinGecko (market value); DefiLlama (fees, revenue)","{""livelli"": ""2026-10-05"", ""somme"": ""2026-10-04""}",CC BY 4.0,https://creativecommons.org/licenses/by/4.0/,Luca Valente,"CC BY 4.0 applies to the original compilation and editorial work by Luca Valente. Underlying third-party data retain their source terms, including Coin Metrics CC BY-NC 4.0 where indicated; this export does not replace those terms."
listino,2026-10-05,/blocchi/0/serie/0/punti/95/0,"""2026-01-09""","CoinGecko (market value); DefiLlama (fees, revenue)","{""livelli"": ""2026-10-05"", ""somme"": ""2026-10-04""}",CC BY 4.0,https://creativecommons.org/licenses/by/4.0/,Luca Valente,"CC BY 4.0 applies to the original compilation and editorial work by Luca Valente. Underlying third-party data retain their source terms, including Coin Metrics CC BY-NC 4.0 where indicated; this export does not replace those terms."
listino,2026-10-05,/blocchi/0/serie/0/punti/95/1,2.527471,"CoinGecko (market value); DefiLlama (fees, revenue)","{""livelli"": ""2026-10-05"", ""somme"": ""2026-10-04""}",CC BY 4.0,https://creativecommons.org/licenses/by/4.0/,Luca Valente,"CC BY 4.0 applies to the original compilation and editorial work by Luca Valente. Underlying third-party data retain their source terms, including Coin Metrics CC BY-NC 4.0 where indicated; this export does not replace those terms."
listino,2026-10-05,/blocchi/0/serie/0/punti/96/0,"""2026-01-10""","CoinGecko (market value); DefiLlama (fees, revenue)","{""livelli"": ""2026-10-05"", ""somme"": ""2026-10-04""}",CC BY 4.0,https://creativecommons.org/licenses/by/4.0/,Luca Valente,"CC BY 4.0 applies to the original compilation and editorial work by Luca Valente. Underlying third-party data retain their source terms, including Coin Metrics CC BY-NC 4.0 where indicated; this export does not replace those terms."
listino,2026-10-05,/blocchi/0/serie/0/punti/96/1,3.584274,"CoinGecko (market value); DefiLlama (fees, revenue)","{""livelli"": ""2026-10-05"", ""somme"": ""2026-10-04""}",CC BY 4.0,https://creativecommons.org/licenses/by/4.0/,Luca Valente,"CC BY 4.0 applies to the original compilation and editorial work by Luca Valente. Underlying third-party data retain their source terms, including Coin Metrics CC BY-NC 4.0 where indicated; this export does not replace those terms."
listino,2026-10-05,/blocchi/0/serie/0/punti/97/0,"""2026-01-11""","CoinGecko (market value); DefiLlama (fees, revenue)","{""livelli"": ""2026-10-05"", ""somme"": ""2026-10-04""}",CC BY 4.0,https://creativecommons.org/licenses/by/4.0/,Luca Valente,"CC BY 4.0 applies to the original compilation and editorial work by Luca Valente. Underlying third-party data retain their source terms, including Coin Metrics CC BY-NC 4.0 where indicated; this export does not replace those terms."
listino,2026-10-05,/blocchi/0/serie/0/punti/97/1,4.303902,"CoinGecko (market value); DefiLlama (fees, revenue)","{""livelli"": ""2026-10-05"", ""somme"": ""2026-10-04""}",CC BY 4.0,https://creativecommons.org/licenses/by/4.0/,Luca Valente,"CC BY 4.0 applies to the original compilation and editorial work by Luca Valente. Underlying third-party data retain their source terms, including Coin Metrics CC BY-NC 4.0 where indicated; this export does not replace those terms."
listino,2026-10-05,/blocchi/0/serie/0/punti/98/0,"""2026-01-12""","CoinGecko (market value); DefiLlama (fees, revenue)","{""livelli"": ""2026-10-05"", ""somme"": ""2026-10-04""}",CC BY 4.0,https://creativecommons.org/licenses/by/4.0/,Luca Valente,"CC BY 4.0 applies to the original compilation and editorial work by Luca Valente. Underlying third-party data retain their source terms, including Coin Metrics CC BY-NC 4.0 where indicated; this export does not replace those terms."
listino,2026-10-05,/blocchi/0/serie/0/punti/98/1,4.075726,"CoinGecko (market value); DefiLlama (fees, revenue)","{""livelli"": ""2026-10-05"", ""somme"": ""2026-10-04""}",CC BY 4.0,https://creativecommons.org/licenses/by/4.0/,Luca Valente,"CC BY 4.0 applies to the original compilation and editorial work by Luca Valente. Underlying third-party data retain their source terms, including Coin Metrics CC BY-NC 4.0 where indicated; this export does not replace those terms."
listino,2026-10-05,/blocchi/0/serie/0/punti/99/0,"""2026-01-13""","CoinGecko (market value); DefiLlama (fees, revenue)","{""livelli"": ""2026-10-05"", ""somme"": ""2026-10-04""}",CC BY 4.0,https://creativecommons.org/licenses/by/4.0/,Luca Valente,"CC BY 4.0 applies to the original compilation and editorial work by Luca Valente. Underlying third-party data retain their source terms, including Coin Metrics CC BY-NC 4.0 where indicated; this export does not replace those terms."
listino,2026-10-05,/blocchi/0/serie/0/punti/99/1,3.547509,"CoinGecko (market value); DefiLlama (fees, revenue)","{""livelli"": ""2026-10-05"", ""somme"": ""2026-10-04""}",CC BY 4.0,https://creativecommons.org/licenses/by/4.0/,Luca Valente,"CC BY 4.0 applies to the original compilation and editorial work by Luca Valente. Underlying third-party data retain their source terms, including Coin Metrics CC BY-NC 4.0 where indicated; this export does not replace those terms."
listino,2026-10-05,/blocchi/0/serie/0/punti/100/0,"""2026-01-14""","CoinGecko (market value); DefiLlama (fees, revenue)","{""livelli"": ""2026-10-05"", ""somme"": ""2026-10-04""}",CC BY 4.0,https://creativecommons.org/licenses/by/4.0/,Luca Valente,"CC BY 4.0 applies to the original compilation and editorial work by Luca Valente. Underlying third-party data retain their source terms, including Coin Metrics CC BY-NC 4.0 where indicated; this export does not replace those terms."
listino,2026-10-05,/blocchi/0/serie/0/punti/100/1,3.305932,"CoinGecko (market value); DefiLlama (fees, revenue)","{""livelli"": ""2026-10-05"", ""somme"": ""2026-10-04""}",CC BY 4.0,https://creativecommons.org/licenses/by/4.0/,Luca Valente,"CC BY 4.0 applies to the original compilation and editorial work by Luca Valente. Underlying third-party data retain their source terms, including Coin Metrics CC BY-NC 4.0 where indicated; this export does not replace those terms."
listino,2026-10-05,/blocchi/0/serie/0/punti/101/0,"""2026-01-15""","CoinGecko (market value); DefiLlama (fees, revenue)","{""livelli"": ""2026-10-05"", ""somme"": ""2026-10-04""}",CC BY 4.0,https://creativecommons.org/licenses/by/4.0/,Luca Valente,"CC BY 4.0 applies to the original compilation and editorial work by Luca Valente. Underlying third-party data retain their source terms, including Coin Metrics CC BY-NC 4.0 where indicated; this export does not replace those terms."
listino,2026-10-05,/blocchi/0/serie/0/punti/101/1,3.557309,"CoinGecko (market value); DefiLlama (fees, revenue)","{""livelli"": ""2026-10-05"", ""somme"": ""2026-10-04""}",CC BY 4.0,https://creativecommons.org/licenses/by/4.0/,Luca Valente,"CC BY 4.0 applies to the original compilation and editorial work by Luca Valente. Underlying third-party data retain their source terms, including Coin Metrics CC BY-NC 4.0 where indicated; this export does not replace those terms."
listino,2026-10-05,/blocchi/0/serie/0/punti/102/0,"""2026-01-16""","CoinGecko (market value); DefiLlama (fees, revenue)","{""livelli"": ""2026-10-05"", ""somme"": ""2026-10-04""}",CC BY 4.0,https://creativecommons.org/licenses/by/4.0/,Luca Valente,"CC BY 4.0 applies to the original compilation and editorial work by Luca Valente. Underlying third-party data retain their source terms, including Coin Metrics CC BY-NC 4.0 where indicated; this export does not replace those terms."
listino,2026-10-05,/blocchi/0/serie/0/punti/102/1,3.66693,"CoinGecko (market value); DefiLlama (fees, revenue)","{""livelli"": ""2026-10-05"", ""somme"": ""2026-10-04""}",CC BY 4.0,https://creativecommons.org/licenses/by/4.0/,Luca Valente,"CC BY 4.0 applies to the original compilation and editorial work by Luca Valente. Underlying third-party data retain their source terms, including Coin Metrics CC BY-NC 4.0 where indicated; this export does not replace those terms."
listino,2026-10-05,/blocchi/0/serie/0/punti/103/0,"""2026-01-17""","CoinGecko (market value); DefiLlama (fees, revenue)","{""livelli"": ""2026-10-05"", ""somme"": ""2026-10-04""}",CC BY 4.0,https://creativecommons.org/licenses/by/4.0/,Luca Valente,"CC BY 4.0 applies to the original compilation and editorial work by Luca Valente. Underlying third-party data retain their source terms, including Coin Metrics CC BY-NC 4.0 where indicated; this export does not replace those terms."
listino,2026-10-05,/blocchi/0/serie/0/punti/103/1,3.924782,"CoinGecko (market value); DefiLlama (fees, revenue)","{""livelli"": ""2026-10-05"", ""somme"": ""2026-10-04""}",CC BY 4.0,https://creativecommons.org/licenses/by/4.0/,Luca Valente,"CC BY 4.0 applies to the original compilation and editorial work by Luca Valente. Underlying third-party data retain their source terms, including Coin Metrics CC BY-NC 4.0 where indicated; this export does not replace those terms."
listino,2026-10-05,/blocchi/0/serie/0/punti/104/0,"""2026-01-18""","CoinGecko (market value); DefiLlama (fees, revenue)","{""livelli"": ""2026-10-05"", ""somme"": ""2026-10-04""}",CC BY 4.0,https://creativecommons.org/licenses/by/4.0/,Luca Valente,"CC BY 4.0 applies to the original compilation and editorial work by Luca Valente. Underlying third-party data retain their source terms, including Coin Metrics CC BY-NC 4.0 where indicated; this export does not replace those terms."
listino,2026-10-05,/blocchi/0/serie/0/punti/104/1,2.860466,"CoinGecko (market value); DefiLlama (fees, revenue)","{""livelli"": ""2026-10-05"", ""somme"": ""2026-10-04""}",CC BY 4.0,https://creativecommons.org/licenses/by/4.0/,Luca Valente,"CC BY 4.0 applies to the original compilation and editorial work by Luca Valente. Underlying third-party data retain their source terms, including Coin Metrics CC BY-NC 4.0 where indicated; this export does not replace those terms."
listino,2026-10-05,/blocchi/0/serie/0/punti/105/0,"""2026-01-19""","CoinGecko (market value); DefiLlama (fees, revenue)","{""livelli"": ""2026-10-05"", ""somme"": ""2026-10-04""}",CC BY 4.0,https://creativecommons.org/licenses/by/4.0/,Luca Valente,"CC BY 4.0 applies to the original compilation and editorial work by Luca Valente. Underlying third-party data retain their source terms, including Coin Metrics CC BY-NC 4.0 where indicated; this export does not replace those terms."
listino,2026-10-05,/blocchi/0/serie/0/punti/105/1,3.646839,"CoinGecko (market value); DefiLlama (fees, revenue)","{""livelli"": ""2026-10-05"", ""somme"": ""2026-10-04""}",CC BY 4.0,https://creativecommons.org/licenses/by/4.0/,Luca Valente,"CC BY 4.0 applies to the original compilation and editorial work by Luca Valente. Underlying third-party data retain their source terms, including Coin Metrics CC BY-NC 4.0 where indicated; this export does not replace those terms."
listino,2026-10-05,/blocchi/0/serie/0/punti/106/0,"""2026-01-20""","CoinGecko (market value); DefiLlama (fees, revenue)","{""livelli"": ""2026-10-05"", ""somme"": ""2026-10-04""}",CC BY 4.0,https://creativecommons.org/licenses/by/4.0/,Luca Valente,"CC BY 4.0 applies to the original compilation and editorial work by Luca Valente. Underlying third-party data retain their source terms, including Coin Metrics CC BY-NC 4.0 where indicated; this export does not replace those terms."
listino,2026-10-05,/blocchi/0/serie/0/punti/106/1,3.250475,"CoinGecko (market value); DefiLlama (fees, revenue)","{""livelli"": ""2026-10-05"", ""somme"": ""2026-10-04""}",CC BY 4.0,https://creativecommons.org/licenses/by/4.0/,Luca Valente,"CC BY 4.0 applies to the original compilation and editorial work by Luca Valente. Underlying third-party data retain their source terms, including Coin Metrics CC BY-NC 4.0 where indicated; this export does not replace those terms."
listino,2026-10-05,/blocchi/0/serie/0/punti/107/0,"""2026-01-21""","CoinGecko (market value); DefiLlama (fees, revenue)","{""livelli"": ""2026-10-05"", ""somme"": ""2026-10-04""}",CC BY 4.0,https://creativecommons.org/licenses/by/4.0/,Luca Valente,"CC BY 4.0 applies to the original compilation and editorial work by Luca Valente. Underlying third-party data retain their source terms, including Coin Metrics CC BY-NC 4.0 where indicated; this export does not replace those terms."
listino,2026-10-05,/blocchi/0/serie/0/punti/107/1,3.082638,"CoinGecko (market value); DefiLlama (fees, revenue)","{""livelli"": ""2026-10-05"", ""somme"": ""2026-10-04""}",CC BY 4.0,https://creativecommons.org/licenses/by/4.0/,Luca Valente,"CC BY 4.0 applies to the original compilation and editorial work by Luca Valente. Underlying third-party data retain their source terms, including Coin Metrics CC BY-NC 4.0 where indicated; this export does not replace those terms."
listino,2026-10-05,/blocchi/0/serie/0/punti/108/0,"""2026-01-22""","CoinGecko (market value); DefiLlama (fees, revenue)","{""livelli"": ""2026-10-05"", ""somme"": ""2026-10-04""}",CC BY 4.0,https://creativecommons.org/licenses/by/4.0/,Luca Valente,"CC BY 4.0 applies to the original compilation and editorial work by Luca Valente. Underlying third-party data retain their source terms, including Coin Metrics CC BY-NC 4.0 where indicated; this export does not replace those terms."
listino,2026-10-05,/blocchi/0/serie/0/punti/108/1,3.389908,"CoinGecko (market value); DefiLlama (fees, revenue)","{""livelli"": ""2026-10-05"", ""somme"": ""2026-10-04""}",CC BY 4.0,https://creativecommons.org/licenses/by/4.0/,Luca Valente,"CC BY 4.0 applies to the original compilation and editorial work by Luca Valente. Underlying third-party data retain their source terms, including Coin Metrics CC BY-NC 4.0 where indicated; this export does not replace those terms."
listino,2026-10-05,/blocchi/0/serie/0/punti/109/0,"""2026-01-23""","CoinGecko (market value); DefiLlama (fees, revenue)","{""livelli"": ""2026-10-05"", ""somme"": ""2026-10-04""}",CC BY 4.0,https://creativecommons.org/licenses/by/4.0/,Luca Valente,"CC BY 4.0 applies to the original compilation and editorial work by Luca Valente. Underlying third-party data retain their source terms, including Coin Metrics CC BY-NC 4.0 where indicated; this export does not replace those terms."
listino,2026-10-05,/blocchi/0/serie/0/punti/109/1,3.54196,"CoinGecko (market value); DefiLlama (fees, revenue)","{""livelli"": ""2026-10-05"", ""somme"": ""2026-10-04""}",CC BY 4.0,https://creativecommons.org/licenses/by/4.0/,Luca Valente,"CC BY 4.0 applies to the original compilation and editorial work by Luca Valente. Underlying third-party data retain their source terms, including Coin Metrics CC BY-NC 4.0 where indicated; this export does not replace those terms."
listino,2026-10-05,/blocchi/0/serie/0/punti/110/0,"""2026-01-24""","CoinGecko (market value); DefiLlama (fees, revenue)","{""livelli"": ""2026-10-05"", ""somme"": ""2026-10-04""}",CC BY 4.0,https://creativecommons.org/licenses/by/4.0/,Luca Valente,"CC BY 4.0 applies to the original compilation and editorial work by Luca Valente. Underlying third-party data retain their source terms, including Coin Metrics CC BY-NC 4.0 where indicated; this export does not replace those terms."
listino,2026-10-05,/blocchi/0/serie/0/punti/110/1,3.622369,"CoinGecko (market value); DefiLlama (fees, revenue)","{""livelli"": ""2026-10-05"", ""somme"": ""2026-10-04""}",CC BY 4.0,https://creativecommons.org/licenses/by/4.0/,Luca Valente,"CC BY 4.0 applies to the original compilation and editorial work by Luca Valente. Underlying third-party data retain their source terms, including Coin Metrics CC BY-NC 4.0 where indicated; this export does not replace those terms."
listino,2026-10-05,/blocchi/0/serie/0/punti/111/0,"""2026-01-25""","CoinGecko (market value); DefiLlama (fees, revenue)","{""livelli"": ""2026-10-05"", ""somme"": ""2026-10-04""}",CC BY 4.0,https://creativecommons.org/licenses/by/4.0/,Luca Valente,"CC BY 4.0 applies to the original compilation and editorial work by Luca Valente. Underlying third-party data retain their source terms, including Coin Metrics CC BY-NC 4.0 where indicated; this export does not replace those terms."
listino,2026-10-05,/blocchi/0/serie/0/punti/111/1,3.983241,"CoinGecko (market value); DefiLlama (fees, revenue)","{""livelli"": ""2026-10-05"", ""somme"": ""2026-10-04""}",CC BY 4.0,https://creativecommons.org/licenses/by/4.0/,Luca Valente,"CC BY 4.0 applies to the original compilation and editorial work by Luca Valente. Underlying third-party data retain their source terms, including Coin Metrics CC BY-NC 4.0 where indicated; this export does not replace those terms."
listino,2026-10-05,/blocchi/0/serie/0/punti/112/0,"""2026-01-26""","CoinGecko (market value); DefiLlama (fees, revenue)","{""livelli"": ""2026-10-05"", ""somme"": ""2026-10-04""}",CC BY 4.0,https://creativecommons.org/licenses/by/4.0/,Luca Valente,"CC BY 4.0 applies to the original compilation and editorial work by Luca Valente. Underlying third-party data retain their source terms, including Coin Metrics CC BY-NC 4.0 where indicated; this export does not replace those terms."
listino,2026-10-05,/blocchi/0/serie/0/punti/112/1,3.362145,"CoinGecko (market value); DefiLlama (fees, revenue)","{""livelli"": ""2026-10-05"", ""somme"": ""2026-10-04""}",CC BY 4.0,https://creativecommons.org/licenses/by/4.0/,Luca Valente,"CC BY 4.0 applies to the original compilation and editorial work by Luca Valente. Underlying third-party data retain their source terms, including Coin Metrics CC BY-NC 4.0 where indicated; this export does not replace those terms."
listino,2026-10-05,/blocchi/0/serie/0/punti/113/0,"""2026-01-27""","CoinGecko (market value); DefiLlama (fees, revenue)","{""livelli"": ""2026-10-05"", ""somme"": ""2026-10-04""}",CC BY 4.0,https://creativecommons.org/licenses/by/4.0/,Luca Valente,"CC BY 4.0 applies to the original compilation and editorial work by Luca Valente. Underlying third-party data retain their source terms, including Coin Metrics CC BY-NC 4.0 where indicated; this export does not replace those terms."
listino,2026-10-05,/blocchi/0/serie/0/punti/113/1,3.621596,"CoinGecko (market value); DefiLlama (fees, revenue)","{""livelli"": ""2026-10-05"", ""somme"": ""2026-10-04""}",CC BY 4.0,https://creativecommons.org/licenses/by/4.0/,Luca Valente,"CC BY 4.0 applies to the original compilation and editorial work by Luca Valente. Underlying third-party data retain their source terms, including Coin Metrics CC BY-NC 4.0 where indicated; this export does not replace those terms."
listino,2026-10-05,/blocchi/0/serie/0/punti/114/0,"""2026-01-28""","CoinGecko (market value); DefiLlama (fees, revenue)","{""livelli"": ""2026-10-05"", ""somme"": ""2026-10-04""}",CC BY 4.0,https://creativecommons.org/licenses/by/4.0/,Luca Valente,"CC BY 4.0 applies to the original compilation and editorial work by Luca Valente. Underlying third-party data retain their source terms, including Coin Metrics CC BY-NC 4.0 where indicated; this export does not replace those terms."
listino,2026-10-05,/blocchi/0/serie/0/punti/114/1,3.52506,"CoinGecko (market value); DefiLlama (fees, revenue)","{""livelli"": ""2026-10-05"", ""somme"": ""2026-10-04""}",CC BY 4.0,https://creativecommons.org/licenses/by/4.0/,Luca Valente,"CC BY 4.0 applies to the original compilation and editorial work by Luca Valente. Underlying third-party data retain their source terms, including Coin Metrics CC BY-NC 4.0 where indicated; this export does not replace those terms."
listino,2026-10-05,/blocchi/0/serie/0/punti/115/0,"""2026-01-29""","CoinGecko (market value); DefiLlama (fees, revenue)","{""livelli"": ""2026-10-05"", ""somme"": ""2026-10-04""}",CC BY 4.0,https://creativecommons.org/licenses/by/4.0/,Luca Valente,"CC BY 4.0 applies to the original compilation and editorial work by Luca Valente. Underlying third-party data retain their source terms, including Coin Metrics CC BY-NC 4.0 where indicated; this export does not replace those terms."
listino,2026-10-05,/blocchi/0/serie/0/punti/115/1,3.535156,"CoinGecko (market value); DefiLlama (fees, revenue)","{""livelli"": ""2026-10-05"", ""somme"": ""2026-10-04""}",CC BY 4.0,https://creativecommons.org/licenses/by/4.0/,Luca Valente,"CC BY 4.0 applies to the original compilation and editorial work by Luca Valente. Underlying third-party data retain their source terms, including Coin Metrics CC BY-NC 4.0 where indicated; this export does not replace those terms."
listino,2026-10-05,/blocchi/0/serie/0/punti/116/0,"""2026-01-30""","CoinGecko (market value); DefiLlama (fees, revenue)","{""livelli"": ""2026-10-05"", ""somme"": ""2026-10-04""}",CC BY 4.0,https://creativecommons.org/licenses/by/4.0/,Luca Valente,"CC BY 4.0 applies to the original compilation and editorial work by Luca Valente. Underlying third-party data retain their source terms, including Coin Metrics CC BY-NC 4.0 where indicated; this export does not replace those terms."
listino,2026-10-05,/blocchi/0/serie/0/punti/116/1,3.114774,"CoinGecko (market value); DefiLlama (fees, revenue)","{""livelli"": ""2026-10-05"", ""somme"": ""2026-10-04""}",CC BY 4.0,https://creativecommons.org/licenses/by/4.0/,Luca Valente,"CC BY 4.0 applies to the original compilation and editorial work by Luca Valente. Underlying third-party data retain their source terms, including Coin Metrics CC BY-NC 4.0 where indicated; this export does not replace those terms."
listino,2026-10-05,/blocchi/0/serie/0/punti/117/0,"""2026-01-31""","CoinGecko (market value); DefiLlama (fees, revenue)","{""livelli"": ""2026-10-05"", ""somme"": ""2026-10-04""}",CC BY 4.0,https://creativecommons.org/licenses/by/4.0/,Luca Valente,"CC BY 4.0 applies to the original compilation and editorial work by Luca Valente. Underlying third-party data retain their source terms, including Coin Metrics CC BY-NC 4.0 where indicated; this export does not replace those terms."
listino,2026-10-05,/blocchi/0/serie/0/punti/117/1,3.48094,"CoinGecko (market value); DefiLlama (fees, revenue)","{""livelli"": ""2026-10-05"", ""somme"": ""2026-10-04""}",CC BY 4.0,https://creativecommons.org/licenses/by/4.0/,Luca Valente,"CC BY 4.0 applies to the original compilation and editorial work by Luca Valente. Underlying third-party data retain their source terms, including Coin Metrics CC BY-NC 4.0 where indicated; this export does not replace those terms."
listino,2026-10-05,/blocchi/0/serie/0/punti/118/0,"""2026-02-01""","CoinGecko (market value); DefiLlama (fees, revenue)","{""livelli"": ""2026-10-05"", ""somme"": ""2026-10-04""}",CC BY 4.0,https://creativecommons.org/licenses/by/4.0/,Luca Valente,"CC BY 4.0 applies to the original compilation and editorial work by Luca Valente. Underlying third-party data retain their source terms, including Coin Metrics CC BY-NC 4.0 where indicated; this export does not replace those terms."
listino,2026-10-05,/blocchi/0/serie/0/punti/118/1,2.910442,"CoinGecko (market value); DefiLlama (fees, revenue)","{""livelli"": ""2026-10-05"", ""somme"": ""2026-10-04""}",CC BY 4.0,https://creativecommons.org/licenses/by/4.0/,Luca Valente,"CC BY 4.0 applies to the original compilation and editorial work by Luca Valente. Underlying third-party data retain their source terms, including Coin Metrics CC BY-NC 4.0 where indicated; this export does not replace those terms."
listino,2026-10-05,/blocchi/0/serie/0/punti/119/0,"""2026-02-02""","CoinGecko (market value); DefiLlama (fees, revenue)","{""livelli"": ""2026-10-05"", ""somme"": ""2026-10-04""}",CC BY 4.0,https://creativecommons.org/licenses/by/4.0/,Luca Valente,"CC BY 4.0 applies to the original compilation and editorial work by Luca Valente. Underlying third-party data retain their source terms, including Coin Metrics CC BY-NC 4.0 where indicated; this export does not replace those terms."
listino,2026-10-05,/blocchi/0/serie/0/punti/119/1,3.37416,"CoinGecko (market value); DefiLlama (fees, revenue)","{""livelli"": ""2026-10-05"", ""somme"": ""2026-10-04""}",CC BY 4.0,https://creativecommons.org/licenses/by/4.0/,Luca Valente,"CC BY 4.0 applies to the original compilation and editorial work by Luca Valente. Underlying third-party data retain their source terms, including Coin Metrics CC BY-NC 4.0 where indicated; this export does not replace those terms."
listino,2026-10-05,/blocchi/0/serie/0/punti/120/0,"""2026-02-03""","CoinGecko (market value); DefiLlama (fees, revenue)","{""livelli"": ""2026-10-05"", ""somme"": ""2026-10-04""}",CC BY 4.0,https://creativecommons.org/licenses/by/4.0/,Luca Valente,"CC BY 4.0 applies to the original compilation and editorial work by Luca Valente. Underlying third-party data retain their source terms, including Coin Metrics CC BY-NC 4.0 where indicated; this export does not replace those terms."
listino,2026-10-05,/blocchi/0/serie/0/punti/120/1,2.901148,"CoinGecko (market value); DefiLlama (fees, revenue)","{""livelli"": ""2026-10-05"", ""somme"": ""2026-10-04""}",CC BY 4.0,https://creativecommons.org/licenses/by/4.0/,Luca Valente,"CC BY 4.0 applies to the original compilation and editorial work by Luca Valente. Underlying third-party data retain their source terms, including Coin Metrics CC BY-NC 4.0 where indicated; this export does not replace those terms."
listino,2026-10-05,/blocchi/0/serie/0/punti/121/0,"""2026-02-04""","CoinGecko (market value); DefiLlama (fees, revenue)","{""livelli"": ""2026-10-05"", ""somme"": ""2026-10-04""}",CC BY 4.0,https://creativecommons.org/licenses/by/4.0/,Luca Valente,"CC BY 4.0 applies to the original compilation and editorial work by Luca Valente. Underlying third-party data retain their source terms, including Coin Metrics CC BY-NC 4.0 where indicated; this export does not replace those terms."
listino,2026-10-05,/blocchi/0/serie/0/punti/121/1,3.248983,"CoinGecko (market value); DefiLlama (fees, revenue)","{""livelli"": ""2026-10-05"", ""somme"": ""2026-10-04""}",CC BY 4.0,https://creativecommons.org/licenses/by/4.0/,Luca Valente,"CC BY 4.0 applies to the original compilation and editorial work by Luca Valente. Underlying third-party data retain their source terms, including Coin Metrics CC BY-NC 4.0 where indicated; this export does not replace those terms."
listino,2026-10-05,/blocchi/0/serie/0/punti/122/0,"""2026-02-05""","CoinGecko (market value); DefiLlama (fees, revenue)","{""livelli"": ""2026-10-05"", ""somme"": ""2026-10-04""}",CC BY 4.0,https://creativecommons.org/licenses/by/4.0/,Luca Valente,"CC BY 4.0 applies to the original compilation and editorial work by Luca Valente. Underlying third-party data retain their source terms, including Coin Metrics CC BY-NC 4.0 where indicated; this export does not replace those terms."
listino,2026-10-05,/blocchi/0/serie/0/punti/122/1,3.136493,"CoinGecko (market value); DefiLlama (fees, revenue)","{""livelli"": ""2026-10-05"", ""somme"": ""2026-10-04""}",CC BY 4.0,https://creativecommons.org/licenses/by/4.0/,Luca Valente,"CC BY 4.0 applies to the original compilation and editorial work by Luca Valente. Underlying third-party data retain their source terms, including Coin Metrics CC BY-NC 4.0 where indicated; this export does not replace those terms."
listino,2026-10-05,/blocchi/0/serie/0/punti/123/0,"""2026-02-06""","CoinGecko (market value); DefiLlama (fees, revenue)","{""livelli"": ""2026-10-05"", ""somme"": ""2026-10-04""}",CC BY 4.0,https://creativecommons.org/licenses/by/4.0/,Luca Valente,"CC BY 4.0 applies to the original compilation and editorial work by Luca Valente. Underlying third-party data retain their source terms, including Coin Metrics CC BY-NC 4.0 where indicated; this export does not replace those terms."
listino,2026-10-05,/blocchi/0/serie/0/punti/123/1,2.847971,"CoinGecko (market value); DefiLlama (fees, revenue)","{""livelli"": ""2026-10-05"", ""somme"": ""2026-10-04""}",CC BY 4.0,https://creativecommons.org/licenses/by/4.0/,Luca Valente,"CC BY 4.0 applies to the original compilation and editorial work by Luca Valente. Underlying third-party data retain their source terms, including Coin Metrics CC BY-NC 4.0 where indicated; this export does not replace those terms."
listino,2026-10-05,/blocchi/0/serie/0/punti/124/0,"""2026-02-07""","CoinGecko (market value); DefiLlama (fees, revenue)","{""livelli"": ""2026-10-05"", ""somme"": ""2026-10-04""}",CC BY 4.0,https://creativecommons.org/licenses/by/4.0/,Luca Valente,"CC BY 4.0 applies to the original compilation and editorial work by Luca Valente. Underlying third-party data retain their source terms, including Coin Metrics CC BY-NC 4.0 where indicated; this export does not replace those terms."
listino,2026-10-05,/blocchi/0/serie/0/punti/124/1,2.793636,"CoinGecko (market value); DefiLlama (fees, revenue)","{""livelli"": ""2026-10-05"", ""somme"": ""2026-10-04""}",CC BY 4.0,https://creativecommons.org/licenses/by/4.0/,Luca Valente,"CC BY 4.0 applies to the original compilation and editorial work by Luca Valente. Underlying third-party data retain their source terms, including Coin Metrics CC BY-NC 4.0 where indicated; this export does not replace those terms."
listino,2026-10-05,/blocchi/0/serie/0/punti/125/0,"""2026-02-08""","CoinGecko (market value); DefiLlama (fees, revenue)","{""livelli"": ""2026-10-05"", ""somme"": ""2026-10-04""}",CC BY 4.0,https://creativecommons.org/licenses/by/4.0/,Luca Valente,"CC BY 4.0 applies to the original compilation and editorial work by Luca Valente. Underlying third-party data retain their source terms, including Coin Metrics CC BY-NC 4.0 where indicated; this export does not replace those terms."
listino,2026-10-05,/blocchi/0/serie/0/punti/125/1,3.380093,"CoinGecko (market value); DefiLlama (fees, revenue)","{""livelli"": ""2026-10-05"", ""somme"": ""2026-10-04""}",CC BY 4.0,https://creativecommons.org/licenses/by/4.0/,Luca Valente,"CC BY 4.0 applies to the original compilation and editorial work by Luca Valente. Underlying third-party data retain their source terms, including Coin Metrics CC BY-NC 4.0 where indicated; this export does not replace those terms."
listino,2026-10-05,/blocchi/0/serie/0/punti/126/0,"""2026-02-09""","CoinGecko (market value); DefiLlama (fees, revenue)","{""livelli"": ""2026-10-05"", ""somme"": ""2026-10-04""}",CC BY 4.0,https://creativecommons.org/licenses/by/4.0/,Luca Valente,"CC BY 4.0 applies to the original compilation and editorial work by Luca Valente. Underlying third-party data retain their source terms, including Coin Metrics CC BY-NC 4.0 where indicated; this export does not replace those terms."
listino,2026-10-05,/blocchi/0/serie/0/punti/126/1,3.363407,"CoinGecko (market value); DefiLlama (fees, revenue)","{""livelli"": ""2026-10-05"", ""somme"": ""2026-10-04""}",CC BY 4.0,https://creativecommons.org/licenses/by/4.0/,Luca Valente,"CC BY 4.0 applies to the original compilation and editorial work by Luca Valente. Underlying third-party data retain their source terms, including Coin Metrics CC BY-NC 4.0 where indicated; this export does not replace those terms."
listino,2026-10-05,/blocchi/0/serie/0/punti/127/0,"""2026-02-10""","CoinGecko (market value); DefiLlama (fees, revenue)","{""livelli"": ""2026-10-05"", ""somme"": ""2026-10-04""}",CC BY 4.0,https://creativecommons.org/licenses/by/4.0/,Luca Valente,"CC BY 4.0 applies to the original compilation and editorial work by Luca Valente. Underlying third-party data retain their source terms, including Coin Metrics CC BY-NC 4.0 where indicated; this export does not replace those terms."
listino,2026-10-05,/blocchi/0/serie/0/punti/127/1,1.741688,"CoinGecko (market value); DefiLlama (fees, revenue)","{""livelli"": ""2026-10-05"", ""somme"": ""2026-10-04""}",CC BY 4.0,https://creativecommons.org/licenses/by/4.0/,Luca Valente,"CC BY 4.0 applies to the original compilation and editorial work by Luca Valente. Underlying third-party data retain their source terms, including Coin Metrics CC BY-NC 4.0 where indicated; this export does not replace those terms."
listino,2026-10-05,/blocchi/0/serie/0/punti/128/0,"""2026-02-11""","CoinGecko (market value); DefiLlama (fees, revenue)","{""livelli"": ""2026-10-05"", ""somme"": ""2026-10-04""}",CC BY 4.0,https://creativecommons.org/licenses/by/4.0/,Luca Valente,"CC BY 4.0 applies to the original compilation and editorial work by Luca Valente. Underlying third-party data retain their source terms, including Coin Metrics CC BY-NC 4.0 where indicated; this export does not replace those terms."
listino,2026-10-05,/blocchi/0/serie/0/punti/128/1,1.718799,"CoinGecko (market value); DefiLlama (fees, revenue)","{""livelli"": ""2026-10-05"", ""somme"": ""2026-10-04""}",CC BY 4.0,https://creativecommons.org/licenses/by/4.0/,Luca Valente,"CC BY 4.0 applies to the original compilation and editorial work by Luca Valente. Underlying third-party data retain their source terms, including Coin Metrics CC BY-NC 4.0 where indicated; this export does not replace those terms."
listino,2026-10-05,/blocchi/0/serie/0/punti/129/0,"""2026-02-12""","CoinGecko (market value); DefiLlama (fees, revenue)","{""livelli"": ""2026-10-05"", ""somme"": ""2026-10-04""}",CC BY 4.0,https://creativecommons.org/licenses/by/4.0/,Luca Valente,"CC BY 4.0 applies to the original compilation and editorial work by Luca Valente. Underlying third-party data retain their source terms, including Coin Metrics CC BY-NC 4.0 where indicated; this export does not replace those terms."
listino,2026-10-05,/blocchi/0/serie/0/punti/129/1,3.171424,"CoinGecko (market value); DefiLlama (fees, revenue)","{""livelli"": ""2026-10-05"", ""somme"": ""2026-10-04""}",CC BY 4.0,https://creativecommons.org/licenses/by/4.0/,Luca Valente,"CC BY 4.0 applies to the original compilation and editorial work by Luca Valente. Underlying third-party data retain their source terms, including Coin Metrics CC BY-NC 4.0 where indicated; this export does not replace those terms."
listino,2026-10-05,/blocchi/0/serie/0/punti/130/0,"""2026-02-13""","CoinGecko (market value); DefiLlama (fees, revenue)","{""livelli"": ""2026-10-05"", ""somme"": ""2026-10-04""}",CC BY 4.0,https://creativecommons.org/licenses/by/4.0/,Luca Valente,"CC BY 4.0 applies to the original compilation and editorial work by Luca Valente. Underlying third-party data retain their source terms, including Coin Metrics CC BY-NC 4.0 where indicated; this export does not replace those terms."
listino,2026-10-05,/blocchi/0/serie/0/punti/130/1,3.341687,"CoinGecko (market value); DefiLlama (fees, revenue)","{""livelli"": ""2026-10-05"", ""somme"": ""2026-10-04""}",CC BY 4.0,https://creativecommons.org/licenses/by/4.0/,Luca Valente,"CC BY 4.0 applies to the original compilation and editorial work by Luca Valente. Underlying third-party data retain their source terms, including Coin Metrics CC BY-NC 4.0 where indicated; this export does not replace those terms."
listino,2026-10-05,/blocchi/0/serie/0/punti/131/0,"""2026-02-14""","CoinGecko (market value); DefiLlama (fees, revenue)","{""livelli"": ""2026-10-05"", ""somme"": ""2026-10-04""}",CC BY 4.0,https://creativecommons.org/licenses/by/4.0/,Luca Valente,"CC BY 4.0 applies to the original compilation and editorial work by Luca Valente. Underlying third-party data retain their source terms, including Coin Metrics CC BY-NC 4.0 where indicated; this export does not replace those terms."
listino,2026-10-05,/blocchi/0/serie/0/punti/131/1,3.373888,"CoinGecko (market value); DefiLlama (fees, revenue)","{""livelli"": ""2026-10-05"", ""somme"": ""2026-10-04""}",CC BY 4.0,https://creativecommons.org/licenses/by/4.0/,Luca Valente,"CC BY 4.0 applies to the original compilation and editorial work by Luca Valente. Underlying third-party data retain their source terms, including Coin Metrics CC BY-NC 4.0 where indicated; this export does not replace those terms."
listino,2026-10-05,/blocchi/0/serie/0/punti/132/0,"""2026-02-15""","CoinGecko (market value); DefiLlama (fees, revenue)","{""livelli"": ""2026-10-05"", ""somme"": ""2026-10-04""}",CC BY 4.0,https://creativecommons.org/licenses/by/4.0/,Luca Valente,"CC BY 4.0 applies to the original compilation and editorial work by Luca Valente. Underlying third-party data retain their source terms, including Coin Metrics CC BY-NC 4.0 where indicated; this export does not replace those terms."
listino,2026-10-05,/blocchi/0/serie/0/punti/132/1,3.521901,"CoinGecko (market value); DefiLlama (fees, revenue)","{""livelli"": ""2026-10-05"", ""somme"": ""2026-10-04""}",CC BY 4.0,https://creativecommons.org/licenses/by/4.0/,Luca Valente,"CC BY 4.0 applies to the original compilation and editorial work by Luca Valente. Underlying third-party data retain their source terms, including Coin Metrics CC BY-NC 4.0 where indicated; this export does not replace those terms."
listino,2026-10-05,/blocchi/0/serie/0/punti/133/0,"""2026-02-16""","CoinGecko (market value); DefiLlama (fees, revenue)","{""livelli"": ""2026-10-05"", ""somme"": ""2026-10-04""}",CC BY 4.0,https://creativecommons.org/licenses/by/4.0/,Luca Valente,"CC BY 4.0 applies to the original compilation and editorial work by Luca Valente. Underlying third-party data retain their source terms, including Coin Metrics CC BY-NC 4.0 where indicated; this export does not replace those terms."
listino,2026-10-05,/blocchi/0/serie/0/punti/133/1,3.450174,"CoinGecko (market value); DefiLlama (fees, revenue)","{""livelli"": ""2026-10-05"", ""somme"": ""2026-10-04""}",CC BY 4.0,https://creativecommons.org/licenses/by/4.0/,Luca Valente,"CC BY 4.0 applies to the original compilation and editorial work by Luca Valente. Underlying third-party data retain their source terms, including Coin Metrics CC BY-NC 4.0 where indicated; this export does not replace those terms."
listino,2026-10-05,/blocchi/0/serie/0/punti/134/0,"""2026-02-17""","CoinGecko (market value); DefiLlama (fees, revenue)","{""livelli"": ""2026-10-05"", ""somme"": ""2026-10-04""}",CC BY 4.0,https://creativecommons.org/licenses/by/4.0/,Luca Valente,"CC BY 4.0 applies to the original compilation and editorial work by Luca Valente. Underlying third-party data retain their source terms, including Coin Metrics CC BY-NC 4.0 where indicated; this export does not replace those terms."
listino,2026-10-05,/blocchi/0/serie/0/punti/134/1,3.029148,"CoinGecko (market value); DefiLlama (fees, revenue)","{""livelli"": ""2026-10-05"", ""somme"": ""2026-10-04""}",CC BY 4.0,https://creativecommons.org/licenses/by/4.0/,Luca Valente,"CC BY 4.0 applies to the original compilation and editorial work by Luca Valente. Underlying third-party data retain their source terms, including Coin Metrics CC BY-NC 4.0 where indicated; this export does not replace those terms."
listino,2026-10-05,/blocchi/0/serie/0/punti/135/0,"""2026-02-18""","CoinGecko (market value); DefiLlama (fees, revenue)","{""livelli"": ""2026-10-05"", ""somme"": ""2026-10-04""}",CC BY 4.0,https://creativecommons.org/licenses/by/4.0/,Luca Valente,"CC BY 4.0 applies to the original compilation and editorial work by Luca Valente. Underlying third-party data retain their source terms, including Coin Metrics CC BY-NC 4.0 where indicated; this export does not replace those terms."
listino,2026-10-05,/blocchi/0/serie/0/punti/135/1,3.278133,"CoinGecko (market value); DefiLlama (fees, revenue)","{""livelli"": ""2026-10-05"", ""somme"": ""2026-10-04""}",CC BY 4.0,https://creativecommons.org/licenses/by/4.0/,Luca Valente,"CC BY 4.0 applies to the original compilation and editorial work by Luca Valente. Underlying third-party data retain their source terms, including Coin Metrics CC BY-NC 4.0 where indicated; this export does not replace those terms."
listino,2026-10-05,/blocchi/0/serie/0/punti/136/0,"""2026-02-19""","CoinGecko (market value); DefiLlama (fees, revenue)","{""livelli"": ""2026-10-05"", ""somme"": ""2026-10-04""}",CC BY 4.0,https://creativecommons.org/licenses/by/4.0/,Luca Valente,"CC BY 4.0 applies to the original compilation and editorial work by Luca Valente. Underlying third-party data retain their source terms, including Coin Metrics CC BY-NC 4.0 where indicated; this export does not replace those terms."
listino,2026-10-05,/blocchi/0/serie/0/punti/136/1,2.975777,"CoinGecko (market value); DefiLlama (fees, revenue)","{""livelli"": ""2026-10-05"", ""somme"": ""2026-10-04""}",CC BY 4.0,https://creativecommons.org/licenses/by/4.0/,Luca Valente,"CC BY 4.0 applies to the original compilation and editorial work by Luca Valente. Underlying third-party data retain their source terms, including Coin Metrics CC BY-NC 4.0 where indicated; this export does not replace those terms."
listino,2026-10-05,/blocchi/0/serie/0/punti/137/0,"""2026-02-20""","CoinGecko (market value); DefiLlama (fees, revenue)","{""livelli"": ""2026-10-05"", ""somme"": ""2026-10-04""}",CC BY 4.0,https://creativecommons.org/licenses/by/4.0/,Luca Valente,"CC BY 4.0 applies to the original compilation and editorial work by Luca Valente. Underlying third-party data retain their source terms, including Coin Metrics CC BY-NC 4.0 where indicated; this export does not replace those terms."
listino,2026-10-05,/blocchi/0/serie/0/punti/137/1,2.920642,"CoinGecko (market value); DefiLlama (fees, revenue)","{""livelli"": ""2026-10-05"", ""somme"": ""2026-10-04""}",CC BY 4.0,https://creativecommons.org/licenses/by/4.0/,Luca Valente,"CC BY 4.0 applies to the original compilation and editorial work by Luca Valente. Underlying third-party data retain their source terms, including Coin Metrics CC BY-NC 4.0 where indicated; this export does not replace those terms."
listino,2026-10-05,/blocchi/0/serie/0/punti/138/0,"""2026-02-21""","CoinGecko (market value); DefiLlama (fees, revenue)","{""livelli"": ""2026-10-05"", ""somme"": ""2026-10-04""}",CC BY 4.0,https://creativecommons.org/licenses/by/4.0/,Luca Valente,"CC BY 4.0 applies to the original compilation and editorial work by Luca Valente. Underlying third-party data retain their source terms, including Coin Metrics CC BY-NC 4.0 where indicated; this export does not replace those terms."
listino,2026-10-05,/blocchi/0/serie/0/punti/138/1,2.76046,"CoinGecko (market value); DefiLlama (fees, revenue)","{""livelli"": ""2026-10-05"", ""somme"": ""2026-10-04""}",CC BY 4.0,https://creativecommons.org/licenses/by/4.0/,Luca Valente,"CC BY 4.0 applies to the original compilation and editorial work by Luca Valente. Underlying third-party data retain their source terms, including Coin Metrics CC BY-NC 4.0 where indicated; this export does not replace those terms."
listino,2026-10-05,/blocchi/0/serie/0/punti/139/0,"""2026-02-22""","CoinGecko (market value); DefiLlama (fees, revenue)","{""livelli"": ""2026-10-05"", ""somme"": ""2026-10-04""}",CC BY 4.0,https://creativecommons.org/licenses/by/4.0/,Luca Valente,"CC BY 4.0 applies to the original compilation and editorial work by Luca Valente. Underlying third-party data retain their source terms, including Coin Metrics CC BY-NC 4.0 where indicated; this export does not replace those terms."
listino,2026-10-05,/blocchi/0/serie/0/punti/139/1,3.241126,"CoinGecko (market value); DefiLlama (fees, revenue)","{""livelli"": ""2026-10-05"", ""somme"": ""2026-10-04""}",CC BY 4.0,https://creativecommons.org/licenses/by/4.0/,Luca Valente,"CC BY 4.0 applies to the original compilation and editorial work by Luca Valente. Underlying third-party data retain their source terms, including Coin Metrics CC BY-NC 4.0 where indicated; this export does not replace those terms."
listino,2026-10-05,/blocchi/0/serie/0/punti/140/0,"""2026-02-23""","CoinGecko (market value); DefiLlama (fees, revenue)","{""livelli"": ""2026-10-05"", ""somme"": ""2026-10-04""}",CC BY 4.0,https://creativecommons.org/licenses/by/4.0/,Luca Valente,"CC BY 4.0 applies to the original compilation and editorial work by Luca Valente. Underlying third-party data retain their source terms, including Coin Metrics CC BY-NC 4.0 where indicated; this export does not replace those terms."
listino,2026-10-05,/blocchi/0/serie/0/punti/140/1,3.067545,"CoinGecko (market value); DefiLlama (fees, revenue)","{""livelli"": ""2026-10-05"", ""somme"": ""2026-10-04""}",CC BY 4.0,https://creativecommons.org/licenses/by/4.0/,Luca Valente,"CC BY 4.0 applies to the original compilation and editorial work by Luca Valente. Underlying third-party data retain their source terms, including Coin Metrics CC BY-NC 4.0 where indicated; this export does not replace those terms."
listino,2026-10-05,/blocchi/0/serie/0/punti/141/0,"""2026-02-24""","CoinGecko (market value); DefiLlama (fees, revenue)","{""livelli"": ""2026-10-05"", ""somme"": ""2026-10-04""}",CC BY 4.0,https://creativecommons.org/licenses/by/4.0/,Luca Valente,"CC BY 4.0 applies to the original compilation and editorial work by Luca Valente. Underlying third-party data retain their source terms, including Coin Metrics CC BY-NC 4.0 where indicated; this export does not replace those terms."
listino,2026-10-05,/blocchi/0/serie/0/punti/141/1,3.015884,"CoinGecko (market value); DefiLlama (fees, revenue)","{""livelli"": ""2026-10-05"", ""somme"": ""2026-10-04""}",CC BY 4.0,https://creativecommons.org/licenses/by/4.0/,Luca Valente,"CC BY 4.0 applies to the original compilation and editorial work by Luca Valente. Underlying third-party data retain their source terms, including Coin Metrics CC BY-NC 4.0 where indicated; this export does not replace those terms."
listino,2026-10-05,/blocchi/0/serie/0/punti/142/0,"""2026-02-25""","CoinGecko (market value); DefiLlama (fees, revenue)","{""livelli"": ""2026-10-05"", ""somme"": ""2026-10-04""}",CC BY 4.0,https://creativecommons.org/licenses/by/4.0/,Luca Valente,"CC BY 4.0 applies to the original compilation and editorial work by Luca Valente. Underlying third-party data retain their source terms, including Coin Metrics CC BY-NC 4.0 where indicated; this export does not replace those terms."
listino,2026-10-05,/blocchi/0/serie/0/punti/142/1,2.964568,"CoinGecko (market value); DefiLlama (fees, revenue)","{""livelli"": ""2026-10-05"", ""somme"": ""2026-10-04""}",CC BY 4.0,https://creativecommons.org/licenses/by/4.0/,Luca Valente,"CC BY 4.0 applies to the original compilation and editorial work by Luca Valente. Underlying third-party data retain their source terms, including Coin Metrics CC BY-NC 4.0 where indicated; this export does not replace those terms."
listino,2026-10-05,/blocchi/0/serie/0/punti/143/0,"""2026-02-26""","CoinGecko (market value); DefiLlama (fees, revenue)","{""livelli"": ""2026-10-05"", ""somme"": ""2026-10-04""}",CC BY 4.0,https://creativecommons.org/licenses/by/4.0/,Luca Valente,"CC BY 4.0 applies to the original compilation and editorial work by Luca Valente. Underlying third-party data retain their source terms, including Coin Metrics CC BY-NC 4.0 where indicated; this export does not replace those terms."
listino,2026-10-05,/blocchi/0/serie/0/punti/143/1,3.134776,"CoinGecko (market value); DefiLlama (fees, revenue)","{""livelli"": ""2026-10-05"", ""somme"": ""2026-10-04""}",CC BY 4.0,https://creativecommons.org/licenses/by/4.0/,Luca Valente,"CC BY 4.0 applies to the original compilation and editorial work by Luca Valente. Underlying third-party data retain their source terms, including Coin Metrics CC BY-NC 4.0 where indicated; this export does not replace those terms."
listino,2026-10-05,/blocchi/0/serie/0/punti/144/0,"""2026-02-27""","CoinGecko (market value); DefiLlama (fees, revenue)","{""livelli"": ""2026-10-05"", ""somme"": ""2026-10-04""}",CC BY 4.0,https://creativecommons.org/licenses/by/4.0/,Luca Valente,"CC BY 4.0 applies to the original compilation and editorial work by Luca Valente. Underlying third-party data retain their source terms, including Coin Metrics CC BY-NC 4.0 where indicated; this export does not replace those terms."
listino,2026-10-05,/blocchi/0/serie/0/punti/144/1,3.341131,"CoinGecko (market value); DefiLlama (fees, revenue)","{""livelli"": ""2026-10-05"", ""somme"": ""2026-10-04""}",CC BY 4.0,https://creativecommons.org/licenses/by/4.0/,Luca Valente,"CC BY 4.0 applies to the original compilation and editorial work by Luca Valente. Underlying third-party data retain their source terms, including Coin Metrics CC BY-NC 4.0 where indicated; this export does not replace those terms."
listino,2026-10-05,/blocchi/0/serie/0/punti/145/0,"""2026-02-28""","CoinGecko (market value); DefiLlama (fees, revenue)","{""livelli"": ""2026-10-05"", ""somme"": ""2026-10-04""}",CC BY 4.0,https://creativecommons.org/licenses/by/4.0/,Luca Valente,"CC BY 4.0 applies to the original compilation and editorial work by Luca Valente. Underlying third-party data retain their source terms, including Coin Metrics CC BY-NC 4.0 where indicated; this export does not replace those terms."
listino,2026-10-05,/blocchi/0/serie/0/punti/145/1,3.328074,"CoinGecko (market value); DefiLlama (fees, revenue)","{""livelli"": ""2026-10-05"", ""somme"": ""2026-10-04""}",CC BY 4.0,https://creativecommons.org/licenses/by/4.0/,Luca Valente,"CC BY 4.0 applies to the original compilation and editorial work by Luca Valente. Underlying third-party data retain their source terms, including Coin Metrics CC BY-NC 4.0 where indicated; this export does not replace those terms."
listino,2026-10-05,/blocchi/0/serie/0/punti/146/0,"""2026-03-01""","CoinGecko (market value); DefiLlama (fees, revenue)","{""livelli"": ""2026-10-05"", ""somme"": ""2026-10-04""}",CC BY 4.0,https://creativecommons.org/licenses/by/4.0/,Luca Valente,"CC BY 4.0 applies to the original compilation and editorial work by Luca Valente. Underlying third-party data retain their source terms, including Coin Metrics CC BY-NC 4.0 where indicated; this export does not replace those terms."
listino,2026-10-05,/blocchi/0/serie/0/punti/146/1,2.892044,"CoinGecko (market value); DefiLlama (fees, revenue)","{""livelli"": ""2026-10-05"", ""somme"": ""2026-10-04""}",CC BY 4.0,https://creativecommons.org/licenses/by/4.0/,Luca Valente,"CC BY 4.0 applies to the original compilation and editorial work by Luca Valente. Underlying third-party data retain their source terms, including Coin Metrics CC BY-NC 4.0 where indicated; this export does not replace those terms."
listino,2026-10-05,/blocchi/0/serie/0/punti/147/0,"""2026-03-02""","CoinGecko (market value); DefiLlama (fees, revenue)","{""livelli"": ""2026-10-05"", ""somme"": ""2026-10-04""}",CC BY 4.0,https://creativecommons.org/licenses/by/4.0/,Luca Valente,"CC BY 4.0 applies to the original compilation and editorial work by Luca Valente. Underlying third-party data retain their source terms, including Coin Metrics CC BY-NC 4.0 where indicated; this export does not replace those terms."
listino,2026-10-05,/blocchi/0/serie/0/punti/147/1,3.280361,"CoinGecko (market value); DefiLlama (fees, revenue)","{""livelli"": ""2026-10-05"", ""somme"": ""2026-10-04""}",CC BY 4.0,https://creativecommons.org/licenses/by/4.0/,Luca Valente,"CC BY 4.0 applies to the original compilation and editorial work by Luca Valente. Underlying third-party data retain their source terms, including Coin Metrics CC BY-NC 4.0 where indicated; this export does not replace those terms."
listino,2026-10-05,/blocchi/0/serie/0/punti/148/0,"""2026-03-03""","CoinGecko (market value); DefiLlama (fees, revenue)","{""livelli"": ""2026-10-05"", ""somme"": ""2026-10-04""}",CC BY 4.0,https://creativecommons.org/licenses/by/4.0/,Luca Valente,"CC BY 4.0 applies to the original compilation and editorial work by Luca Valente. Underlying third-party data retain their source terms, including Coin Metrics CC BY-NC 4.0 where indicated; this export does not replace those terms."
listino,2026-10-05,/blocchi/0/serie/0/punti/148/1,3.376919,"CoinGecko (market value); DefiLlama (fees, revenue)","{""livelli"": ""2026-10-05"", ""somme"": ""2026-10-04""}",CC BY 4.0,https://creativecommons.org/licenses/by/4.0/,Luca Valente,"CC BY 4.0 applies to the original compilation and editorial work by Luca Valente. Underlying third-party data retain their source terms, including Coin Metrics CC BY-NC 4.0 where indicated; this export does not replace those terms."
listino,2026-10-05,/blocchi/0/serie/0/punti/149/0,"""2026-03-04""","CoinGecko (market value); DefiLlama (fees, revenue)","{""livelli"": ""2026-10-05"", ""somme"": ""2026-10-04""}",CC BY 4.0,https://creativecommons.org/licenses/by/4.0/,Luca Valente,"CC BY 4.0 applies to the original compilation and editorial work by Luca Valente. Underlying third-party data retain their source terms, including Coin Metrics CC BY-NC 4.0 where indicated; this export does not replace those terms."
listino,2026-10-05,/blocchi/0/serie/0/punti/149/1,3.190318,"CoinGecko (market value); DefiLlama (fees, revenue)","{""livelli"": ""2026-10-05"", ""somme"": ""2026-10-04""}",CC BY 4.0,https://creativecommons.org/licenses/by/4.0/,Luca Valente,"CC BY 4.0 applies to the original compilation and editorial work by Luca Valente. Underlying third-party data retain their source terms, including Coin Metrics CC BY-NC 4.0 where indicated; this export does not replace those terms."
listino,2026-10-05,/blocchi/0/serie/0/punti/150/0,"""2026-03-05""","CoinGecko (market value); DefiLlama (fees, revenue)","{""livelli"": ""2026-10-05"", ""somme"": ""2026-10-04""}",CC BY 4.0,https://creativecommons.org/licenses/by/4.0/,Luca Valente,"CC BY 4.0 applies to the original compilation and editorial work by Luca Valente. Underlying third-party data retain their source terms, including Coin Metrics CC BY-NC 4.0 where indicated; this export does not replace those terms."
listino,2026-10-05,/blocchi/0/serie/0/punti/150/1,3.301023,"CoinGecko (market value); DefiLlama (fees, revenue)","{""livelli"": ""2026-10-05"", ""somme"": ""2026-10-04""}",CC BY 4.0,https://creativecommons.org/licenses/by/4.0/,Luca Valente,"CC BY 4.0 applies to the original compilation and editorial work by Luca Valente. Underlying third-party data retain their source terms, including Coin Metrics CC BY-NC 4.0 where indicated; this export does not replace those terms."
listino,2026-10-05,/blocchi/0/serie/0/punti/151/0,"""2026-03-06""","CoinGecko (market value); DefiLlama (fees, revenue)","{""livelli"": ""2026-10-05"", ""somme"": ""2026-10-04""}",CC BY 4.0,https://creativecommons.org/licenses/by/4.0/,Luca Valente,"CC BY 4.0 applies to the original compilation and editorial work by Luca Valente. Underlying third-party data retain their source terms, including Coin Metrics CC BY-NC 4.0 where indicated; this export does not replace those terms."
listino,2026-10-05,/blocchi/0/serie/0/punti/151/1,3.384097,"CoinGecko (market value); DefiLlama (fees, revenue)","{""livelli"": ""2026-10-05"", ""somme"": ""2026-10-04""}",CC BY 4.0,https://creativecommons.org/licenses/by/4.0/,Luca Valente,"CC BY 4.0 applies to the original compilation and editorial work by Luca Valente. Underlying third-party data retain their source terms, including Coin Metrics CC BY-NC 4.0 where indicated; this export does not replace those terms."
listino,2026-10-05,/blocchi/0/serie/0/punti/152/0,"""2026-03-07""","CoinGecko (market value); DefiLlama (fees, revenue)","{""livelli"": ""2026-10-05"", ""somme"": ""2026-10-04""}",CC BY 4.0,https://creativecommons.org/licenses/by/4.0/,Luca Valente,"CC BY 4.0 applies to the original compilation and editorial work by Luca Valente. Underlying third-party data retain their source terms, including Coin Metrics CC BY-NC 4.0 where indicated; this export does not replace those terms."
listino,2026-10-05,/blocchi/0/serie/0/punti/152/1,3.409145,"CoinGecko (market value); DefiLlama (fees, revenue)","{""livelli"": ""2026-10-05"", ""somme"": ""2026-10-04""}",CC BY 4.0,https://creativecommons.org/licenses/by/4.0/,Luca Valente,"CC BY 4.0 applies to the original compilation and editorial work by Luca Valente. Underlying third-party data retain their source terms, including Coin Metrics CC BY-NC 4.0 where indicated; this export does not replace those terms."
listino,2026-10-05,/blocchi/0/serie/0/punti/153/0,"""2026-03-08""","CoinGecko (market value); DefiLlama (fees, revenue)","{""livelli"": ""2026-10-05"", ""somme"": ""2026-10-04""}",CC BY 4.0,https://creativecommons.org/licenses/by/4.0/,Luca Valente,"CC BY 4.0 applies to the original compilation and editorial work by Luca Valente. Underlying third-party data retain their source terms, including Coin Metrics CC BY-NC 4.0 where indicated; this export does not replace those terms."
listino,2026-10-05,/blocchi/0/serie/0/punti/153/1,3.549477,"CoinGecko (market value); DefiLlama (fees, revenue)","{""livelli"": ""2026-10-05"", ""somme"": ""2026-10-04""}",CC BY 4.0,https://creativecommons.org/licenses/by/4.0/,Luca Valente,"CC BY 4.0 applies to the original compilation and editorial work by Luca Valente. Underlying third-party data retain their source terms, including Coin Metrics CC BY-NC 4.0 where indicated; this export does not replace those terms."
listino,2026-10-05,/blocchi/0/serie/0/punti/154/0,"""2026-03-09""","CoinGecko (market value); DefiLlama (fees, revenue)","{""livelli"": ""2026-10-05"", ""somme"": ""2026-10-04""}",CC BY 4.0,https://creativecommons.org/licenses/by/4.0/,Luca Valente,"CC BY 4.0 applies to the original compilation and editorial work by Luca Valente. Underlying third-party data retain their source terms, including Coin Metrics CC BY-NC 4.0 where indicated; this export does not replace those terms."
listino,2026-10-05,/blocchi/0/serie/0/punti/154/1,3.526926,"CoinGecko (market value); DefiLlama (fees, revenue)","{""livelli"": ""2026-10-05"", ""somme"": ""2026-10-04""}",CC BY 4.0,https://creativecommons.org/licenses/by/4.0/,Luca Valente,"CC BY 4.0 applies to the original compilation and editorial work by Luca Valente. Underlying third-party data retain their source terms, including Coin Metrics CC BY-NC 4.0 where indicated; this export does not replace those terms."
listino,2026-10-05,/blocchi/0/serie/0/punti/155/0,"""2026-03-10""","CoinGecko (market value); DefiLlama (fees, revenue)","{""livelli"": ""2026-10-05"", ""somme"": ""2026-10-04""}",CC BY 4.0,https://creativecommons.org/licenses/by/4.0/,Luca Valente,"CC BY 4.0 applies to the original compilation and editorial work by Luca Valente. Underlying third-party data retain their source terms, including Coin Metrics CC BY-NC 4.0 where indicated; this export does not replace those terms."
listino,2026-10-05,/blocchi/0/serie/0/punti/155/1,3.469916,"CoinGecko (market value); DefiLlama (fees, revenue)","{""livelli"": ""2026-10-05"", ""somme"": ""2026-10-04""}",CC BY 4.0,https://creativecommons.org/licenses/by/4.0/,Luca Valente,"CC BY 4.0 applies to the original compilation and editorial work by Luca Valente. Underlying third-party data retain their source terms, including Coin Metrics CC BY-NC 4.0 where indicated; this export does not replace those terms."
listino,2026-10-05,/blocchi/0/serie/0/punti/156/0,"""2026-03-11""","CoinGecko (market value); DefiLlama (fees, revenue)","{""livelli"": ""2026-10-05"", ""somme"": ""2026-10-04""}",CC BY 4.0,https://creativecommons.org/licenses/by/4.0/,Luca Valente,"CC BY 4.0 applies to the original compilation and editorial work by Luca Valente. Underlying third-party data retain their source terms, including Coin Metrics CC BY-NC 4.0 where indicated; this export does not replace those terms."
listino,2026-10-05,/blocchi/0/serie/0/punti/156/1,3.638518,"CoinGecko (market value); DefiLlama (fees, revenue)","{""livelli"": ""2026-10-05"", ""somme"": ""2026-10-04""}",CC BY 4.0,https://creativecommons.org/licenses/by/4.0/,Luca Valente,"CC BY 4.0 applies to the original compilation and editorial work by Luca Valente. Underlying third-party data retain their source terms, including Coin Metrics CC BY-NC 4.0 where indicated; this export does not replace those terms."
listino,2026-10-05,/blocchi/0/serie/0/punti/157/0,"""2026-03-12""","CoinGecko (market value); DefiLlama (fees, revenue)","{""livelli"": ""2026-10-05"", ""somme"": ""2026-10-04""}",CC BY 4.0,https://creativecommons.org/licenses/by/4.0/,Luca Valente,"CC BY 4.0 applies to the original compilation and editorial work by Luca Valente. Underlying third-party data retain their source terms, including Coin Metrics CC BY-NC 4.0 where indicated; this export does not replace those terms."
listino,2026-10-05,/blocchi/0/serie/0/punti/157/1,1.764056,"CoinGecko (market value); DefiLlama (fees, revenue)","{""livelli"": ""2026-10-05"", ""somme"": ""2026-10-04""}",CC BY 4.0,https://creativecommons.org/licenses/by/4.0/,Luca Valente,"CC BY 4.0 applies to the original compilation and editorial work by Luca Valente. Underlying third-party data retain their source terms, including Coin Metrics CC BY-NC 4.0 where indicated; this export does not replace those terms."
listino,2026-10-05,/blocchi/0/serie/0/punti/158/0,"""2026-03-13""","CoinGecko (market value); DefiLlama (fees, revenue)","{""livelli"": ""2026-10-05"", ""somme"": ""2026-10-04""}",CC BY 4.0,https://creativecommons.org/licenses/by/4.0/,Luca Valente,"CC BY 4.0 applies to the original compilation and editorial work by Luca Valente. Underlying third-party data retain their source terms, including Coin Metrics CC BY-NC 4.0 where indicated; this export does not replace those terms."
listino,2026-10-05,/blocchi/0/serie/0/punti/158/1,3.290817,"CoinGecko (market value); DefiLlama (fees, revenue)","{""livelli"": ""2026-10-05"", ""somme"": ""2026-10-04""}",CC BY 4.0,https://creativecommons.org/licenses/by/4.0/,Luca Valente,"CC BY 4.0 applies to the original compilation and editorial work by Luca Valente. Underlying third-party data retain their source terms, including Coin Metrics CC BY-NC 4.0 where indicated; this export does not replace those terms."
listino,2026-10-05,/blocchi/0/serie/0/punti/159/0,"""2026-03-14""","CoinGecko (market value); DefiLlama (fees, revenue)","{""livelli"": ""2026-10-05"", ""somme"": ""2026-10-04""}",CC BY 4.0,https://creativecommons.org/licenses/by/4.0/,Luca Valente,"CC BY 4.0 applies to the original compilation and editorial work by Luca Valente. Underlying third-party data retain their source terms, including Coin Metrics CC BY-NC 4.0 where indicated; this export does not replace those terms."
listino,2026-10-05,/blocchi/0/serie/0/punti/159/1,3.813127,"CoinGecko (market value); DefiLlama (fees, revenue)","{""livelli"": ""2026-10-05"", ""somme"": ""2026-10-04""}",CC BY 4.0,https://creativecommons.org/licenses/by/4.0/,Luca Valente,"CC BY 4.0 applies to the original compilation and editorial work by Luca Valente. Underlying third-party data retain their source terms, including Coin Metrics CC BY-NC 4.0 where indicated; this export does not replace those terms."
listino,2026-10-05,/blocchi/0/serie/0/punti/160/0,"""2026-03-15""","CoinGecko (market value); DefiLlama (fees, revenue)","{""livelli"": ""2026-10-05"", ""somme"": ""2026-10-04""}",CC BY 4.0,https://creativecommons.org/licenses/by/4.0/,Luca Valente,"CC BY 4.0 applies to the original compilation and editorial work by Luca Valente. Underlying third-party data retain their source terms, including Coin Metrics CC BY-NC 4.0 where indicated; this export does not replace those terms."
listino,2026-10-05,/blocchi/0/serie/0/punti/160/1,4.073708,"CoinGecko (market value); DefiLlama (fees, revenue)","{""livelli"": ""2026-10-05"", ""somme"": ""2026-10-04""}",CC BY 4.0,https://creativecommons.org/licenses/by/4.0/,Luca Valente,"CC BY 4.0 applies to the original compilation and editorial work by Luca Valente. Underlying third-party data retain their source terms, including Coin Metrics CC BY-NC 4.0 where indicated; this export does not replace those terms."
listino,2026-10-05,/blocchi/0/serie/0/punti/161/0,"""2026-03-16""","CoinGecko (market value); DefiLlama (fees, revenue)","{""livelli"": ""2026-10-05"", ""somme"": ""2026-10-04""}",CC BY 4.0,https://creativecommons.org/licenses/by/4.0/,Luca Valente,"CC BY 4.0 applies to the original compilation and editorial work by Luca Valente. Underlying third-party data retain their source terms, including Coin Metrics CC BY-NC 4.0 where indicated; this export does not replace those terms."
listino,2026-10-05,/blocchi/0/serie/0/punti/161/1,2.976581,"CoinGecko (market value); DefiLlama (fees, revenue)","{""livelli"": ""2026-10-05"", ""somme"": ""2026-10-04""}",CC BY 4.0,https://creativecommons.org/licenses/by/4.0/,Luca Valente,"CC BY 4.0 applies to the original compilation and editorial work by Luca Valente. Underlying third-party data retain their source terms, including Coin Metrics CC BY-NC 4.0 where indicated; this export does not replace those terms."
listino,2026-10-05,/blocchi/0/serie/0/punti/162/0,"""2026-03-17""","CoinGecko (market value); DefiLlama (fees, revenue)","{""livelli"": ""2026-10-05"", ""somme"": ""2026-10-04""}",CC BY 4.0,https://creativecommons.org/licenses/by/4.0/,Luca Valente,"CC BY 4.0 applies to the original compilation and editorial work by Luca Valente. Underlying third-party data retain their source terms, including Coin Metrics CC BY-NC 4.0 where indicated; this export does not replace those terms."
listino,2026-10-05,/blocchi/0/serie/0/punti/162/1,3.263124,"CoinGecko (market value); DefiLlama (fees, revenue)","{""livelli"": ""2026-10-05"", ""somme"": ""2026-10-04""}",CC BY 4.0,https://creativecommons.org/licenses/by/4.0/,Luca Valente,"CC BY 4.0 applies to the original compilation and editorial work by Luca Valente. Underlying third-party data retain their source terms, including Coin Metrics CC BY-NC 4.0 where indicated; this export does not replace those terms."
listino,2026-10-05,/blocchi/0/serie/0/punti/163/0,"""2026-03-18""","CoinGecko (market value); DefiLlama (fees, revenue)","{""livelli"": ""2026-10-05"", ""somme"": ""2026-10-04""}",CC BY 4.0,https://creativecommons.org/licenses/by/4.0/,Luca Valente,"CC BY 4.0 applies to the original compilation and editorial work by Luca Valente. Underlying third-party data retain their source terms, including Coin Metrics CC BY-NC 4.0 where indicated; this export does not replace those terms."
listino,2026-10-05,/blocchi/0/serie/0/punti/163/1,3.415036,"CoinGecko (market value); DefiLlama (fees, revenue)","{""livelli"": ""2026-10-05"", ""somme"": ""2026-10-04""}",CC BY 4.0,https://creativecommons.org/licenses/by/4.0/,Luca Valente,"CC BY 4.0 applies to the original compilation and editorial work by Luca Valente. Underlying third-party data retain their source terms, including Coin Metrics CC BY-NC 4.0 where indicated; this export does not replace those terms."
listino,2026-10-05,/blocchi/0/serie/0/punti/164/0,"""2026-03-19""","CoinGecko (market value); DefiLlama (fees, revenue)","{""livelli"": ""2026-10-05"", ""somme"": ""2026-10-04""}",CC BY 4.0,https://creativecommons.org/licenses/by/4.0/,Luca Valente,"CC BY 4.0 applies to the original compilation and editorial work by Luca Valente. Underlying third-party data retain their source terms, including Coin Metrics CC BY-NC 4.0 where indicated; this export does not replace those terms."
listino,2026-10-05,/blocchi/0/serie/0/punti/164/1,3.54446,"CoinGecko (market value); DefiLlama (fees, revenue)","{""livelli"": ""2026-10-05"", ""somme"": ""2026-10-04""}",CC BY 4.0,https://creativecommons.org/licenses/by/4.0/,Luca Valente,"CC BY 4.0 applies to the original compilation and editorial work by Luca Valente. Underlying third-party data retain their source terms, including Coin Metrics CC BY-NC 4.0 where indicated; this export does not replace those terms."
listino,2026-10-05,/blocchi/0/serie/0/punti/165/0,"""2026-03-20""","CoinGecko (market value); DefiLlama (fees, revenue)","{""livelli"": ""2026-10-05"", ""somme"": ""2026-10-04""}",CC BY 4.0,https://creativecommons.org/licenses/by/4.0/,Luca Valente,"CC BY 4.0 applies to the original compilation and editorial work by Luca Valente. Underlying third-party data retain their source terms, including Coin Metrics CC BY-NC 4.0 where indicated; this export does not replace those terms."
listino,2026-10-05,/blocchi/0/serie/0/punti/165/1,3.803156,"CoinGecko (market value); DefiLlama (fees, revenue)","{""livelli"": ""2026-10-05"", ""somme"": ""2026-10-04""}",CC BY 4.0,https://creativecommons.org/licenses/by/4.0/,Luca Valente,"CC BY 4.0 applies to the original compilation and editorial work by Luca Valente. Underlying third-party data retain their source terms, including Coin Metrics CC BY-NC 4.0 where indicated; this export does not replace those terms."
listino,2026-10-05,/blocchi/0/serie/0/punti/166/0,"""2026-03-21""","CoinGecko (market value); DefiLlama (fees, revenue)","{""livelli"": ""2026-10-05"", ""somme"": ""2026-10-04""}",CC BY 4.0,https://creativecommons.org/licenses/by/4.0/,Luca Valente,"CC BY 4.0 applies to the original compilation and editorial work by Luca Valente. Underlying third-party data retain their source terms, including Coin Metrics CC BY-NC 4.0 where indicated; this export does not replace those terms."
listino,2026-10-05,/blocchi/0/serie/0/punti/166/1,1.733063,"CoinGecko (market value); DefiLlama (fees, revenue)","{""livelli"": ""2026-10-05"", ""somme"": ""2026-10-04""}",CC BY 4.0,https://creativecommons.org/licenses/by/4.0/,Luca Valente,"CC BY 4.0 applies to the original compilation and editorial work by Luca Valente. Underlying third-party data retain their source terms, including Coin Metrics CC BY-NC 4.0 where indicated; this export does not replace those terms."
listino,2026-10-05,/blocchi/0/serie/0/punti/167/0,"""2026-03-22""","CoinGecko (market value); DefiLlama (fees, revenue)","{""livelli"": ""2026-10-05"", ""somme"": ""2026-10-04""}",CC BY 4.0,https://creativecommons.org/licenses/by/4.0/,Luca Valente,"CC BY 4.0 applies to the original compilation and editorial work by Luca Valente. Underlying third-party data retain their source terms, including Coin Metrics CC BY-NC 4.0 where indicated; this export does not replace those terms."
listino,2026-10-05,/blocchi/0/serie/0/punti/167/1,2.453922,"CoinGecko (market value); DefiLlama (fees, revenue)","{""livelli"": ""2026-10-05"", ""somme"": ""2026-10-04""}",CC BY 4.0,https://creativecommons.org/licenses/by/4.0/,Luca Valente,"CC BY 4.0 applies to the original compilation and editorial work by Luca Valente. Underlying third-party data retain their source terms, including Coin Metrics CC BY-NC 4.0 where indicated; this export does not replace those terms."
listino,2026-10-05,/blocchi/0/serie/0/punti/168/0,"""2026-03-23""","CoinGecko (market value); DefiLlama (fees, revenue)","{""livelli"": ""2026-10-05"", ""somme"": ""2026-10-04""}",CC BY 4.0,https://creativecommons.org/licenses/by/4.0/,Luca Valente,"CC BY 4.0 applies to the original compilation and editorial work by Luca Valente. Underlying third-party data retain their source terms, including Coin Metrics CC BY-NC 4.0 where indicated; this export does not replace those terms."
listino,2026-10-05,/blocchi/0/serie/0/punti/168/1,3.84639,"CoinGecko (market value); DefiLlama (fees, revenue)","{""livelli"": ""2026-10-05"", ""somme"": ""2026-10-04""}",CC BY 4.0,https://creativecommons.org/licenses/by/4.0/,Luca Valente,"CC BY 4.0 applies to the original compilation and editorial work by Luca Valente. Underlying third-party data retain their source terms, including Coin Metrics CC BY-NC 4.0 where indicated; this export does not replace those terms."
listino,2026-10-05,/blocchi/0/serie/0/punti/169/0,"""2026-03-24""","CoinGecko (market value); DefiLlama (fees, revenue)","{""livelli"": ""2026-10-05"", ""somme"": ""2026-10-04""}",CC BY 4.0,https://creativecommons.org/licenses/by/4.0/,Luca Valente,"CC BY 4.0 applies to the original compilation and editorial work by Luca Valente. Underlying third-party data retain their source terms, including Coin Metrics CC BY-NC 4.0 where indicated; this export does not replace those terms."
listino,2026-10-05,/blocchi/0/serie/0/punti/169/1,3.452309,"CoinGecko (market value); DefiLlama (fees, revenue)","{""livelli"": ""2026-10-05"", ""somme"": ""2026-10-04""}",CC BY 4.0,https://creativecommons.org/licenses/by/4.0/,Luca Valente,"CC BY 4.0 applies to the original compilation and editorial work by Luca Valente. Underlying third-party data retain their source terms, including Coin Metrics CC BY-NC 4.0 where indicated; this export does not replace those terms."
listino,2026-10-05,/blocchi/0/serie/0/punti/170/0,"""2026-03-25""","CoinGecko (market value); DefiLlama (fees, revenue)","{""livelli"": ""2026-10-05"", ""somme"": ""2026-10-04""}",CC BY 4.0,https://creativecommons.org/licenses/by/4.0/,Luca Valente,"CC BY 4.0 applies to the original compilation and editorial work by Luca Valente. Underlying third-party data retain their source terms, including Coin Metrics CC BY-NC 4.0 where indicated; this export does not replace those terms."
listino,2026-10-05,/blocchi/0/serie/0/punti/170/1,3.564876,"CoinGecko (market value); DefiLlama (fees, revenue)","{""livelli"": ""2026-10-05"", ""somme"": ""2026-10-04""}",CC BY 4.0,https://creativecommons.org/licenses/by/4.0/,Luca Valente,"CC BY 4.0 applies to the original compilation and editorial work by Luca Valente. Underlying third-party data retain their source terms, including Coin Metrics CC BY-NC 4.0 where indicated; this export does not replace those terms."
listino,2026-10-05,/blocchi/0/serie/0/punti/171/0,"""2026-03-26""","CoinGecko (market value); DefiLlama (fees, revenue)","{""livelli"": ""2026-10-05"", ""somme"": ""2026-10-04""}",CC BY 4.0,https://creativecommons.org/licenses/by/4.0/,Luca Valente,"CC BY 4.0 applies to the original compilation and editorial work by Luca Valente. Underlying third-party data retain their source terms, including Coin Metrics CC BY-NC 4.0 where indicated; this export does not replace those terms."
listino,2026-10-05,/blocchi/0/serie/0/punti/171/1,3.805604,"CoinGecko (market value); DefiLlama (fees, revenue)","{""livelli"": ""2026-10-05"", ""somme"": ""2026-10-04""}",CC BY 4.0,https://creativecommons.org/licenses/by/4.0/,Luca Valente,"CC BY 4.0 applies to the original compilation and editorial work by Luca Valente. Underlying third-party data retain their source terms, including Coin Metrics CC BY-NC 4.0 where indicated; this export does not replace those terms."
listino,2026-10-05,/blocchi/0/serie/0/punti/172/0,"""2026-03-27""","CoinGecko (market value); DefiLlama (fees, revenue)","{""livelli"": ""2026-10-05"", ""somme"": ""2026-10-04""}",CC BY 4.0,https://creativecommons.org/licenses/by/4.0/,Luca Valente,"CC BY 4.0 applies to the original compilation and editorial work by Luca Valente. Underlying third-party data retain their source terms, including Coin Metrics CC BY-NC 4.0 where indicated; this export does not replace those terms."
listino,2026-10-05,/blocchi/0/serie/0/punti/172/1,3.639404,"CoinGecko (market value); DefiLlama (fees, revenue)","{""livelli"": ""2026-10-05"", ""somme"": ""2026-10-04""}",CC BY 4.0,https://creativecommons.org/licenses/by/4.0/,Luca Valente,"CC BY 4.0 applies to the original compilation and editorial work by Luca Valente. Underlying third-party data retain their source terms, including Coin Metrics CC BY-NC 4.0 where indicated; this export does not replace those terms."
listino,2026-10-05,/blocchi/0/serie/0/punti/173/0,"""2026-03-28""","CoinGecko (market value); DefiLlama (fees, revenue)","{""livelli"": ""2026-10-05"", ""somme"": ""2026-10-04""}",CC BY 4.0,https://creativecommons.org/licenses/by/4.0/,Luca Valente,"CC BY 4.0 applies to the original compilation and editorial work by Luca Valente. Underlying third-party data retain their source terms, including Coin Metrics CC BY-NC 4.0 where indicated; this export does not replace those terms."
listino,2026-10-05,/blocchi/0/serie/0/punti/173/1,1.614543,"CoinGecko (market value); DefiLlama (fees, revenue)","{""livelli"": ""2026-10-05"", ""somme"": ""2026-10-04""}",CC BY 4.0,https://creativecommons.org/licenses/by/4.0/,Luca Valente,"CC BY 4.0 applies to the original compilation and editorial work by Luca Valente. Underlying third-party data retain their source terms, including Coin Metrics CC BY-NC 4.0 where indicated; this export does not replace those terms."
listino,2026-10-05,/blocchi/0/serie/0/punti/174/0,"""2026-03-29""","CoinGecko (market value); DefiLlama (fees, revenue)","{""livelli"": ""2026-10-05"", ""somme"": ""2026-10-04""}",CC BY 4.0,https://creativecommons.org/licenses/by/4.0/,Luca Valente,"CC BY 4.0 applies to the original compilation and editorial work by Luca Valente. Underlying third-party data retain their source terms, including Coin Metrics CC BY-NC 4.0 where indicated; this export does not replace those terms."
listino,2026-10-05,/blocchi/0/serie/0/punti/174/1,1.598758,"CoinGecko (market value); DefiLlama (fees, revenue)","{""livelli"": ""2026-10-05"", ""somme"": ""2026-10-04""}",CC BY 4.0,https://creativecommons.org/licenses/by/4.0/,Luca Valente,"CC BY 4.0 applies to the original compilation and editorial work by Luca Valente. Underlying third-party data retain their source terms, including Coin Metrics CC BY-NC 4.0 where indicated; this export does not replace those terms."
listino,2026-10-05,/blocchi/0/serie/0/punti/175/0,"""2026-03-30""","CoinGecko (market value); DefiLlama (fees, revenue)","{""livelli"": ""2026-10-05"", ""somme"": ""2026-10-04""}",CC BY 4.0,https://creativecommons.org/licenses/by/4.0/,Luca Valente,"CC BY 4.0 applies to the original compilation and editorial work by Luca Valente. Underlying third-party data retain their source terms, including Coin Metrics CC BY-NC 4.0 where indicated; this export does not replace those terms."
listino,2026-10-05,/blocchi/0/serie/0/punti/175/1,1.580741,"CoinGecko (market value); DefiLlama (fees, revenue)","{""livelli"": ""2026-10-05"", ""somme"": ""2026-10-04""}",CC BY 4.0,https://creativecommons.org/licenses/by/4.0/,Luca Valente,"CC BY 4.0 applies to the original compilation and editorial work by Luca Valente. Underlying third-party data retain their source terms, including Coin Metrics CC BY-NC 4.0 where indicated; this export does not replace those terms."
listino,2026-10-05,/blocchi/0/serie/0/punti/176/0,"""2026-03-31""","CoinGecko (market value); DefiLlama (fees, revenue)","{""livelli"": ""2026-10-05"", ""somme"": ""2026-10-04""}",CC BY 4.0,https://creativecommons.org/licenses/by/4.0/,Luca Valente,"CC BY 4.0 applies to the original compilation and editorial work by Luca Valente. Underlying third-party data retain their source terms, including Coin Metrics CC BY-NC 4.0 where indicated; this export does not replace those terms."
listino,2026-10-05,/blocchi/0/serie/0/punti/176/1,1.62413,"CoinGecko (market value); DefiLlama (fees, revenue)","{""livelli"": ""2026-10-05"", ""somme"": ""2026-10-04""}",CC BY 4.0,https://creativecommons.org/licenses/by/4.0/,Luca Valente,"CC BY 4.0 applies to the original compilation and editorial work by Luca Valente. Underlying third-party data retain their source terms, including Coin Metrics CC BY-NC 4.0 where indicated; this export does not replace those terms."
listino,2026-10-05,/blocchi/0/serie/0/punti/177/0,"""2026-04-01""","CoinGecko (market value); DefiLlama (fees, revenue)","{""livelli"": ""2026-10-05"", ""somme"": ""2026-10-04""}",CC BY 4.0,https://creativecommons.org/licenses/by/4.0/,Luca Valente,"CC BY 4.0 applies to the original compilation and editorial work by Luca Valente. Underlying third-party data retain their source terms, including Coin Metrics CC BY-NC 4.0 where indicated; this export does not replace those terms."
listino,2026-10-05,/blocchi/0/serie/0/punti/177/1,1.677709,"CoinGecko (market value); DefiLlama (fees, revenue)","{""livelli"": ""2026-10-05"", ""somme"": ""2026-10-04""}",CC BY 4.0,https://creativecommons.org/licenses/by/4.0/,Luca Valente,"CC BY 4.0 applies to the original compilation and editorial work by Luca Valente. Underlying third-party data retain their source terms, including Coin Metrics CC BY-NC 4.0 where indicated; this export does not replace those terms."
listino,2026-10-05,/blocchi/0/serie/0/punti/178/0,"""2026-04-02""","CoinGecko (market value); DefiLlama (fees, revenue)","{""livelli"": ""2026-10-05"", ""somme"": ""2026-10-04""}",CC BY 4.0,https://creativecommons.org/licenses/by/4.0/,Luca Valente,"CC BY 4.0 applies to the original compilation and editorial work by Luca Valente. Underlying third-party data retain their source terms, including Coin Metrics CC BY-NC 4.0 where indicated; this export does not replace those terms."
listino,2026-10-05,/blocchi/0/serie/0/punti/178/1,1.710631,"CoinGecko (market value); DefiLlama (fees, revenue)","{""livelli"": ""2026-10-05"", ""somme"": ""2026-10-04""}",CC BY 4.0,https://creativecommons.org/licenses/by/4.0/,Luca Valente,"CC BY 4.0 applies to the original compilation and editorial work by Luca Valente. Underlying third-party data retain their source terms, including Coin Metrics CC BY-NC 4.0 where indicated; this export does not replace those terms."
listino,2026-10-05,/blocchi/0/serie/0/punti/179/0,"""2026-04-03""","CoinGecko (market value); DefiLlama (fees, revenue)","{""livelli"": ""2026-10-05"", ""somme"": ""2026-10-04""}",CC BY 4.0,https://creativecommons.org/licenses/by/4.0/,Luca Valente,"CC BY 4.0 applies to the original compilation and editorial work by Luca Valente. Underlying third-party data retain their source terms, including Coin Metrics CC BY-NC 4.0 where indicated; this export does not replace those terms."
listino,2026-10-05,/blocchi/0/serie/0/punti/179/1,1.708655,"CoinGecko (market value); DefiLlama (fees, revenue)","{""livelli"": ""2026-10-05"", ""somme"": ""2026-10-04""}",CC BY 4.0,https://creativecommons.org/licenses/by/4.0/,Luca Valente,"CC BY 4.0 applies to the original compilation and editorial work by Luca Valente. Underlying third-party data retain their source terms, including Coin Metrics CC BY-NC 4.0 where indicated; this export does not replace those terms."
listino,2026-10-05,/blocchi/0/serie/0/punti/180/0,"""2026-04-04""","CoinGecko (market value); DefiLlama (fees, revenue)","{""livelli"": ""2026-10-05"", ""somme"": ""2026-10-04""}",CC BY 4.0,https://creativecommons.org/licenses/by/4.0/,Luca Valente,"CC BY 4.0 applies to the original compilation and editorial work by Luca Valente. Underlying third-party data retain their source terms, including Coin Metrics CC BY-NC 4.0 where indicated; this export does not replace those terms."
listino,2026-10-05,/blocchi/0/serie/0/punti/180/1,1.648958,"CoinGecko (market value); DefiLlama (fees, revenue)","{""livelli"": ""2026-10-05"", ""somme"": ""2026-10-04""}",CC BY 4.0,https://creativecommons.org/licenses/by/4.0/,Luca Valente,"CC BY 4.0 applies to the original compilation and editorial work by Luca Valente. Underlying third-party data retain their source terms, including Coin Metrics CC BY-NC 4.0 where indicated; this export does not replace those terms."
listino,2026-10-05,/blocchi/0/serie/0/punti/181/0,"""2026-04-05""","CoinGecko (market value); DefiLlama (fees, revenue)","{""livelli"": ""2026-10-05"", ""somme"": ""2026-10-04""}",CC BY 4.0,https://creativecommons.org/licenses/by/4.0/,Luca Valente,"CC BY 4.0 applies to the original compilation and editorial work by Luca Valente. Underlying third-party data retain their source terms, including Coin Metrics CC BY-NC 4.0 where indicated; this export does not replace those terms."
listino,2026-10-05,/blocchi/0/serie/0/punti/181/1,1.652875,"CoinGecko (market value); DefiLlama (fees, revenue)","{""livelli"": ""2026-10-05"", ""somme"": ""2026-10-04""}",CC BY 4.0,https://creativecommons.org/licenses/by/4.0/,Luca Valente,"CC BY 4.0 applies to the original compilation and editorial work by Luca Valente. Underlying third-party data retain their source terms, including Coin Metrics CC BY-NC 4.0 where indicated; this export does not replace those terms."
listino,2026-10-05,/blocchi/0/serie/0/punti/182/0,"""2026-04-06""","CoinGecko (market value); DefiLlama (fees, revenue)","{""livelli"": ""2026-10-05"", ""somme"": ""2026-10-04""}",CC BY 4.0,https://creativecommons.org/licenses/by/4.0/,Luca Valente,"CC BY 4.0 applies to the original compilation and editorial work by Luca Valente. Underlying third-party data retain their source terms, including Coin Metrics CC BY-NC 4.0 where indicated; this export does not replace those terms."
listino,2026-10-05,/blocchi/0/serie/0/punti/182/1,1.684069,"CoinGecko (market value); DefiLlama (fees, revenue)","{""livelli"": ""2026-10-05"", ""somme"": ""2026-10-04""}",CC BY 4.0,https://creativecommons.org/licenses/by/4.0/,Luca Valente,"CC BY 4.0 applies to the original compilation and editorial work by Luca Valente. Underlying third-party data retain their source terms, including Coin Metrics CC BY-NC 4.0 where indicated; this export does not replace those terms."
listino,2026-10-05,/blocchi/0/serie/0/punti/183/0,"""2026-04-07""","CoinGecko (market value); DefiLlama (fees, revenue)","{""livelli"": ""2026-10-05"", ""somme"": ""2026-10-04""}",CC BY 4.0,https://creativecommons.org/licenses/by/4.0/,Luca Valente,"CC BY 4.0 applies to the original compilation and editorial work by Luca Valente. Underlying third-party data retain their source terms, including Coin Metrics CC BY-NC 4.0 where indicated; this export does not replace those terms."
listino,2026-10-05,/blocchi/0/serie/0/punti/183/1,1.646827,"CoinGecko (market value); DefiLlama (fees, revenue)","{""livelli"": ""2026-10-05"", ""somme"": ""2026-10-04""}",CC BY 4.0,https://creativecommons.org/licenses/by/4.0/,Luca Valente,"CC BY 4.0 applies to the original compilation and editorial work by Luca Valente. Underlying third-party data retain their source terms, including Coin Metrics CC BY-NC 4.0 where indicated; this export does not replace those terms."
listino,2026-10-05,/blocchi/0/serie/0/punti/184/0,"""2026-04-08""","CoinGecko (market value); DefiLlama (fees, revenue)","{""livelli"": ""2026-10-05"", ""somme"": ""2026-10-04""}",CC BY 4.0,https://creativecommons.org/licenses/by/4.0/,Luca Valente,"CC BY 4.0 applies to the original compilation and editorial work by Luca Valente. Underlying third-party data retain their source terms, including Coin Metrics CC BY-NC 4.0 where indicated; this export does not replace those terms."
listino,2026-10-05,/blocchi/0/serie/0/punti/184/1,1.722974,"CoinGecko (market value); DefiLlama (fees, revenue)","{""livelli"": ""2026-10-05"", ""somme"": ""2026-10-04""}",CC BY 4.0,https://creativecommons.org/licenses/by/4.0/,Luca Valente,"CC BY 4.0 applies to the original compilation and editorial work by Luca Valente. Underlying third-party data retain their source terms, including Coin Metrics CC BY-NC 4.0 where indicated; this export does not replace those terms."
listino,2026-10-05,/blocchi/0/serie/0/punti/185/0,"""2026-04-09""","CoinGecko (market value); DefiLlama (fees, revenue)","{""livelli"": ""2026-10-05"", ""somme"": ""2026-10-04""}",CC BY 4.0,https://creativecommons.org/licenses/by/4.0/,Luca Valente,"CC BY 4.0 applies to the original compilation and editorial work by Luca Valente. Underlying third-party data retain their source terms, including Coin Metrics CC BY-NC 4.0 where indicated; this export does not replace those terms."
listino,2026-10-05,/blocchi/0/serie/0/punti/185/1,1.713307,"CoinGecko (market value); DefiLlama (fees, revenue)","{""livelli"": ""2026-10-05"", ""somme"": ""2026-10-04""}",CC BY 4.0,https://creativecommons.org/licenses/by/4.0/,Luca Valente,"CC BY 4.0 applies to the original compilation and editorial work by Luca Valente. Underlying third-party data retain their source terms, including Coin Metrics CC BY-NC 4.0 where indicated; this export does not replace those terms."
listino,2026-10-05,/blocchi/0/serie/0/punti/186/0,"""2026-04-10""","CoinGecko (market value); DefiLlama (fees, revenue)","{""livelli"": ""2026-10-05"", ""somme"": ""2026-10-04""}",CC BY 4.0,https://creativecommons.org/licenses/by/4.0/,Luca Valente,"CC BY 4.0 applies to the original compilation and editorial work by Luca Valente. Underlying third-party data retain their source terms, including Coin Metrics CC BY-NC 4.0 where indicated; this export does not replace those terms."
listino,2026-10-05,/blocchi/0/serie/0/punti/186/1,1.746649,"CoinGecko (market value); DefiLlama (fees, revenue)","{""livelli"": ""2026-10-05"", ""somme"": ""2026-10-04""}",CC BY 4.0,https://creativecommons.org/licenses/by/4.0/,Luca Valente,"CC BY 4.0 applies to the original compilation and editorial work by Luca Valente. Underlying third-party data retain their source terms, including Coin Metrics CC BY-NC 4.0 where indicated; this export does not replace those terms."
listino,2026-10-05,/blocchi/0/serie/0/punti/187/0,"""2026-04-11""","CoinGecko (market value); DefiLlama (fees, revenue)","{""livelli"": ""2026-10-05"", ""somme"": ""2026-10-04""}",CC BY 4.0,https://creativecommons.org/licenses/by/4.0/,Luca Valente,"CC BY 4.0 applies to the original compilation and editorial work by Luca Valente. Underlying third-party data retain their source terms, including Coin Metrics CC BY-NC 4.0 where indicated; this export does not replace those terms."
listino,2026-10-05,/blocchi/0/serie/0/punti/187/1,1.757726,"CoinGecko (market value); DefiLlama (fees, revenue)","{""livelli"": ""2026-10-05"", ""somme"": ""2026-10-04""}",CC BY 4.0,https://creativecommons.org/licenses/by/4.0/,Luca Valente,"CC BY 4.0 applies to the original compilation and editorial work by Luca Valente. Underlying third-party data retain their source terms, including Coin Metrics CC BY-NC 4.0 where indicated; this export does not replace those terms."
listino,2026-10-05,/blocchi/0/serie/0/punti/188/0,"""2026-04-12""","CoinGecko (market value); DefiLlama (fees, revenue)","{""livelli"": ""2026-10-05"", ""somme"": ""2026-10-04""}",CC BY 4.0,https://creativecommons.org/licenses/by/4.0/,Luca Valente,"CC BY 4.0 applies to the original compilation and editorial work by Luca Valente. Underlying third-party data retain their source terms, including Coin Metrics CC BY-NC 4.0 where indicated; this export does not replace those terms."
listino,2026-10-05,/blocchi/0/serie/0/punti/188/1,1.712296,"CoinGecko (market value); DefiLlama (fees, revenue)","{""livelli"": ""2026-10-05"", ""somme"": ""2026-10-04""}",CC BY 4.0,https://creativecommons.org/licenses/by/4.0/,Luca Valente,"CC BY 4.0 applies to the original compilation and editorial work by Luca Valente. Underlying third-party data retain their source terms, including Coin Metrics CC BY-NC 4.0 where indicated; this export does not replace those terms."
listino,2026-10-05,/blocchi/0/serie/0/punti/189/0,"""2026-04-13""","CoinGecko (market value); DefiLlama (fees, revenue)","{""livelli"": ""2026-10-05"", ""somme"": ""2026-10-04""}",CC BY 4.0,https://creativecommons.org/licenses/by/4.0/,Luca Valente,"CC BY 4.0 applies to the original compilation and editorial work by Luca Valente. Underlying third-party data retain their source terms, including Coin Metrics CC BY-NC 4.0 where indicated; this export does not replace those terms."
listino,2026-10-05,/blocchi/0/serie/0/punti/189/1,1.574239,"CoinGecko (market value); DefiLlama (fees, revenue)","{""livelli"": ""2026-10-05"", ""somme"": ""2026-10-04""}",CC BY 4.0,https://creativecommons.org/licenses/by/4.0/,Luca Valente,"CC BY 4.0 applies to the original compilation and editorial work by Luca Valente. Underlying third-party data retain their source terms, including Coin Metrics CC BY-NC 4.0 where indicated; this export does not replace those terms."
listino,2026-10-05,/blocchi/0/serie/0/punti/190/0,"""2026-04-14""","CoinGecko (market value); DefiLlama (fees, revenue)","{""livelli"": ""2026-10-05"", ""somme"": ""2026-10-04""}",CC BY 4.0,https://creativecommons.org/licenses/by/4.0/,Luca Valente,"CC BY 4.0 applies to the original compilation and editorial work by Luca Valente. Underlying third-party data retain their source terms, including Coin Metrics CC BY-NC 4.0 where indicated; this export does not replace those terms."
listino,2026-10-05,/blocchi/0/serie/0/punti/190/1,1.701007,"CoinGecko (market value); DefiLlama (fees, revenue)","{""livelli"": ""2026-10-05"", ""somme"": ""2026-10-04""}",CC BY 4.0,https://creativecommons.org/licenses/by/4.0/,Luca Valente,"CC BY 4.0 applies to the original compilation and editorial work by Luca Valente. Underlying third-party data retain their source terms, including Coin Metrics CC BY-NC 4.0 where indicated; this export does not replace those terms."
listino,2026-10-05,/blocchi/0/serie/0/punti/191/0,"""2026-04-15""","CoinGecko (market value); DefiLlama (fees, revenue)","{""livelli"": ""2026-10-05"", ""somme"": ""2026-10-04""}",CC BY 4.0,https://creativecommons.org/licenses/by/4.0/,Luca Valente,"CC BY 4.0 applies to the original compilation and editorial work by Luca Valente. Underlying third-party data retain their source terms, including Coin Metrics CC BY-NC 4.0 where indicated; this export does not replace those terms."
listino,2026-10-05,/blocchi/0/serie/0/punti/191/1,1.654479,"CoinGecko (market value); DefiLlama (fees, revenue)","{""livelli"": ""2026-10-05"", ""somme"": ""2026-10-04""}",CC BY 4.0,https://creativecommons.org/licenses/by/4.0/,Luca Valente,"CC BY 4.0 applies to the original compilation and editorial work by Luca Valente. Underlying third-party data retain their source terms, including Coin Metrics CC BY-NC 4.0 where indicated; this export does not replace those terms."
listino,2026-10-05,/blocchi/0/serie/0/punti/192/0,"""2026-04-16""","CoinGecko (market value); DefiLlama (fees, revenue)","{""livelli"": ""2026-10-05"", ""somme"": ""2026-10-04""}",CC BY 4.0,https://creativecommons.org/licenses/by/4.0/,Luca Valente,"CC BY 4.0 applies to the original compilation and editorial work by Luca Valente. Underlying third-party data retain their source terms, including Coin Metrics CC BY-NC 4.0 where indicated; this export does not replace those terms."
listino,2026-10-05,/blocchi/0/serie/0/punti/192/1,1.745714,"CoinGecko (market value); DefiLlama (fees, revenue)","{""livelli"": ""2026-10-05"", ""somme"": ""2026-10-04""}",CC BY 4.0,https://creativecommons.org/licenses/by/4.0/,Luca Valente,"CC BY 4.0 applies to the original compilation and editorial work by Luca Valente. Underlying third-party data retain their source terms, including Coin Metrics CC BY-NC 4.0 where indicated; this export does not replace those terms."
listino,2026-10-05,/blocchi/0/serie/0/punti/193/0,"""2026-04-17""","CoinGecko (market value); DefiLlama (fees, revenue)","{""livelli"": ""2026-10-05"", ""somme"": ""2026-10-04""}",CC BY 4.0,https://creativecommons.org/licenses/by/4.0/,Luca Valente,"CC BY 4.0 applies to the original compilation and editorial work by Luca Valente. Underlying third-party data retain their source terms, including Coin Metrics CC BY-NC 4.0 where indicated; this export does not replace those terms."
listino,2026-10-05,/blocchi/0/serie/0/punti/193/1,1.932224,"CoinGecko (market value); DefiLlama (fees, revenue)","{""livelli"": ""2026-10-05"", ""somme"": ""2026-10-04""}",CC BY 4.0,https://creativecommons.org/licenses/by/4.0/,Luca Valente,"CC BY 4.0 applies to the original compilation and editorial work by Luca Valente. Underlying third-party data retain their source terms, including Coin Metrics CC BY-NC 4.0 where indicated; this export does not replace those terms."
listino,2026-10-05,/blocchi/0/serie/0/punti/194/0,"""2026-04-18""","CoinGecko (market value); DefiLlama (fees, revenue)","{""livelli"": ""2026-10-05"", ""somme"": ""2026-10-04""}",CC BY 4.0,https://creativecommons.org/licenses/by/4.0/,Luca Valente,"CC BY 4.0 applies to the original compilation and editorial work by Luca Valente. Underlying third-party data retain their source terms, including Coin Metrics CC BY-NC 4.0 where indicated; this export does not replace those terms."
listino,2026-10-05,/blocchi/0/serie/0/punti/194/1,1.95405,"CoinGecko (market value); DefiLlama (fees, revenue)","{""livelli"": ""2026-10-05"", ""somme"": ""2026-10-04""}",CC BY 4.0,https://creativecommons.org/licenses/by/4.0/,Luca Valente,"CC BY 4.0 applies to the original compilation and editorial work by Luca Valente. Underlying third-party data retain their source terms, including Coin Metrics CC BY-NC 4.0 where indicated; this export does not replace those terms."
listino,2026-10-05,/blocchi/0/serie/0/punti/195/0,"""2026-04-19""","CoinGecko (market value); DefiLlama (fees, revenue)","{""livelli"": ""2026-10-05"", ""somme"": ""2026-10-04""}",CC BY 4.0,https://creativecommons.org/licenses/by/4.0/,Luca Valente,"CC BY 4.0 applies to the original compilation and editorial work by Luca Valente. Underlying third-party data retain their source terms, including Coin Metrics CC BY-NC 4.0 where indicated; this export does not replace those terms."
listino,2026-10-05,/blocchi/0/serie/0/punti/195/1,1.839412,"CoinGecko (market value); DefiLlama (fees, revenue)","{""livelli"": ""2026-10-05"", ""somme"": ""2026-10-04""}",CC BY 4.0,https://creativecommons.org/licenses/by/4.0/,Luca Valente,"CC BY 4.0 applies to the original compilation and editorial work by Luca Valente. Underlying third-party data retain their source terms, including Coin Metrics CC BY-NC 4.0 where indicated; this export does not replace those terms."
listino,2026-10-05,/blocchi/0/serie/0/punti/196/0,"""2026-04-20""","CoinGecko (market value); DefiLlama (fees, revenue)","{""livelli"": ""2026-10-05"", ""somme"": ""2026-10-04""}",CC BY 4.0,https://creativecommons.org/licenses/by/4.0/,Luca Valente,"CC BY 4.0 applies to the original compilation and editorial work by Luca Valente. Underlying third-party data retain their source terms, including Coin Metrics CC BY-NC 4.0 where indicated; this export does not replace those terms."
listino,2026-10-05,/blocchi/0/serie/0/punti/196/1,1.752294,"CoinGecko (market value); DefiLlama (fees, revenue)","{""livelli"": ""2026-10-05"", ""somme"": ""2026-10-04""}",CC BY 4.0,https://creativecommons.org/licenses/by/4.0/,Luca Valente,"CC BY 4.0 applies to the original compilation and editorial work by Luca Valente. Underlying third-party data retain their source terms, including Coin Metrics CC BY-NC 4.0 where indicated; this export does not replace those terms."
listino,2026-10-05,/blocchi/0/serie/0/punti/197/0,"""2026-04-21""","CoinGecko (market value); DefiLlama (fees, revenue)","{""livelli"": ""2026-10-05"", ""somme"": ""2026-10-04""}",CC BY 4.0,https://creativecommons.org/licenses/by/4.0/,Luca Valente,"CC BY 4.0 applies to the original compilation and editorial work by Luca Valente. Underlying third-party data retain their source terms, including Coin Metrics CC BY-NC 4.0 where indicated; this export does not replace those terms."
listino,2026-10-05,/blocchi/0/serie/0/punti/197/1,1.8217,"CoinGecko (market value); DefiLlama (fees, revenue)","{""livelli"": ""2026-10-05"", ""somme"": ""2026-10-04""}",CC BY 4.0,https://creativecommons.org/licenses/by/4.0/,Luca Valente,"CC BY 4.0 applies to the original compilation and editorial work by Luca Valente. Underlying third-party data retain their source terms, including Coin Metrics CC BY-NC 4.0 where indicated; this export does not replace those terms."
listino,2026-10-05,/blocchi/0/serie/0/punti/198/0,"""2026-04-22""","CoinGecko (market value); DefiLlama (fees, revenue)","{""livelli"": ""2026-10-05"", ""somme"": ""2026-10-04""}",CC BY 4.0,https://creativecommons.org/licenses/by/4.0/,Luca Valente,"CC BY 4.0 applies to the original compilation and editorial work by Luca Valente. Underlying third-party data retain their source terms, including Coin Metrics CC BY-NC 4.0 where indicated; this export does not replace those terms."
listino,2026-10-05,/blocchi/0/serie/0/punti/198/1,1.875685,"CoinGecko (market value); DefiLlama (fees, revenue)","{""livelli"": ""2026-10-05"", ""somme"": ""2026-10-04""}",CC BY 4.0,https://creativecommons.org/licenses/by/4.0/,Luca Valente,"CC BY 4.0 applies to the original compilation and editorial work by Luca Valente. Underlying third-party data retain their source terms, including Coin Metrics CC BY-NC 4.0 where indicated; this export does not replace those terms."
listino,2026-10-05,/blocchi/0/serie/0/punti/199/0,"""2026-04-23""","CoinGecko (market value); DefiLlama (fees, revenue)","{""livelli"": ""2026-10-05"", ""somme"": ""2026-10-04""}",CC BY 4.0,https://creativecommons.org/licenses/by/4.0/,Luca Valente,"CC BY 4.0 applies to the original compilation and editorial work by Luca Valente. Underlying third-party data retain their source terms, including Coin Metrics CC BY-NC 4.0 where indicated; this export does not replace those terms."
listino,2026-10-05,/blocchi/0/serie/0/punti/199/1,1.836586,"CoinGecko (market value); DefiLlama (fees, revenue)","{""livelli"": ""2026-10-05"", ""somme"": ""2026-10-04""}",CC BY 4.0,https://creativecommons.org/licenses/by/4.0/,Luca Valente,"CC BY 4.0 applies to the original compilation and editorial work by Luca Valente. Underlying third-party data retain their source terms, including Coin Metrics CC BY-NC 4.0 where indicated; this export does not replace those terms."
listino,2026-10-05,/blocchi/0/serie/0/punti/200/0,"""2026-04-24""","CoinGecko (market value); DefiLlama (fees, revenue)","{""livelli"": ""2026-10-05"", ""somme"": ""2026-10-04""}",CC BY 4.0,https://creativecommons.org/licenses/by/4.0/,Luca Valente,"CC BY 4.0 applies to the original compilation and editorial work by Luca Valente. Underlying third-party data retain their source terms, including Coin Metrics CC BY-NC 4.0 where indicated; this export does not replace those terms."
listino,2026-10-05,/blocchi/0/serie/0/punti/200/1,1.860916,"CoinGecko (market value); DefiLlama (fees, revenue)","{""livelli"": ""2026-10-05"", ""somme"": ""2026-10-04""}",CC BY 4.0,https://creativecommons.org/licenses/by/4.0/,Luca Valente,"CC BY 4.0 applies to the original compilation and editorial work by Luca Valente. Underlying third-party data retain their source terms, including Coin Metrics CC BY-NC 4.0 where indicated; this export does not replace those terms."
listino,2026-10-05,/blocchi/0/serie/0/punti/201/0,"""2026-04-25""","CoinGecko (market value); DefiLlama (fees, revenue)","{""livelli"": ""2026-10-05"", ""somme"": ""2026-10-04""}",CC BY 4.0,https://creativecommons.org/licenses/by/4.0/,Luca Valente,"CC BY 4.0 applies to the original compilation and editorial work by Luca Valente. Underlying third-party data retain their source terms, including Coin Metrics CC BY-NC 4.0 where indicated; this export does not replace those terms."
listino,2026-10-05,/blocchi/0/serie/0/punti/201/1,1.813422,"CoinGecko (market value); DefiLlama (fees, revenue)","{""livelli"": ""2026-10-05"", ""somme"": ""2026-10-04""}",CC BY 4.0,https://creativecommons.org/licenses/by/4.0/,Luca Valente,"CC BY 4.0 applies to the original compilation and editorial work by Luca Valente. Underlying third-party data retain their source terms, including Coin Metrics CC BY-NC 4.0 where indicated; this export does not replace those terms."
listino,2026-10-05,/blocchi/0/serie/0/punti/202/0,"""2026-04-26""","CoinGecko (market value); DefiLlama (fees, revenue)","{""livelli"": ""2026-10-05"", ""somme"": ""2026-10-04""}",CC BY 4.0,https://creativecommons.org/licenses/by/4.0/,Luca Valente,"CC BY 4.0 applies to the original compilation and editorial work by Luca Valente. Underlying third-party data retain their source terms, including Coin Metrics CC BY-NC 4.0 where indicated; this export does not replace those terms."
listino,2026-10-05,/blocchi/0/serie/0/punti/202/1,1.797995,"CoinGecko (market value); DefiLlama (fees, revenue)","{""livelli"": ""2026-10-05"", ""somme"": ""2026-10-04""}",CC BY 4.0,https://creativecommons.org/licenses/by/4.0/,Luca Valente,"CC BY 4.0 applies to the original compilation and editorial work by Luca Valente. Underlying third-party data retain their source terms, including Coin Metrics CC BY-NC 4.0 where indicated; this export does not replace those terms."
listino,2026-10-05,/blocchi/0/serie/0/punti/203/0,"""2026-04-27""","CoinGecko (market value); DefiLlama (fees, revenue)","{""livelli"": ""2026-10-05"", ""somme"": ""2026-10-04""}",CC BY 4.0,https://creativecommons.org/licenses/by/4.0/,Luca Valente,"CC BY 4.0 applies to the original compilation and editorial work by Luca Valente. Underlying third-party data retain their source terms, including Coin Metrics CC BY-NC 4.0 where indicated; this export does not replace those terms."
listino,2026-10-05,/blocchi/0/serie/0/punti/203/1,1.823214,"CoinGecko (market value); DefiLlama (fees, revenue)","{""livelli"": ""2026-10-05"", ""somme"": ""2026-10-04""}",CC BY 4.0,https://creativecommons.org/licenses/by/4.0/,Luca Valente,"CC BY 4.0 applies to the original compilation and editorial work by Luca Valente. Underlying third-party data retain their source terms, including Coin Metrics CC BY-NC 4.0 where indicated; this export does not replace those terms."
listino,2026-10-05,/blocchi/0/serie/0/punti/204/0,"""2026-04-28""","CoinGecko (market value); DefiLlama (fees, revenue)","{""livelli"": ""2026-10-05"", ""somme"": ""2026-10-04""}",CC BY 4.0,https://creativecommons.org/licenses/by/4.0/,Luca Valente,"CC BY 4.0 applies to the original compilation and editorial work by Luca Valente. Underlying third-party data retain their source terms, including Coin Metrics CC BY-NC 4.0 where indicated; this export does not replace those terms."
listino,2026-10-05,/blocchi/0/serie/0/punti/204/1,1.840783,"CoinGecko (market value); DefiLlama (fees, revenue)","{""livelli"": ""2026-10-05"", ""somme"": ""2026-10-04""}",CC BY 4.0,https://creativecommons.org/licenses/by/4.0/,Luca Valente,"CC BY 4.0 applies to the original compilation and editorial work by Luca Valente. Underlying third-party data retain their source terms, including Coin Metrics CC BY-NC 4.0 where indicated; this export does not replace those terms."
listino,2026-10-05,/blocchi/0/serie/0/punti/205/0,"""2026-04-29""","CoinGecko (market value); DefiLlama (fees, revenue)","{""livelli"": ""2026-10-05"", ""somme"": ""2026-10-04""}",CC BY 4.0,https://creativecommons.org/licenses/by/4.0/,Luca Valente,"CC BY 4.0 applies to the original compilation and editorial work by Luca Valente. Underlying third-party data retain their source terms, including Coin Metrics CC BY-NC 4.0 where indicated; this export does not replace those terms."
listino,2026-10-05,/blocchi/0/serie/0/punti/205/1,1.859981,"CoinGecko (market value); DefiLlama (fees, revenue)","{""livelli"": ""2026-10-05"", ""somme"": ""2026-10-04""}",CC BY 4.0,https://creativecommons.org/licenses/by/4.0/,Luca Valente,"CC BY 4.0 applies to the original compilation and editorial work by Luca Valente. Underlying third-party data retain their source terms, including Coin Metrics CC BY-NC 4.0 where indicated; this export does not replace those terms."
listino,2026-10-05,/blocchi/0/serie/0/punti/206/0,"""2026-04-30""","CoinGecko (market value); DefiLlama (fees, revenue)","{""livelli"": ""2026-10-05"", ""somme"": ""2026-10-04""}",CC BY 4.0,https://creativecommons.org/licenses/by/4.0/,Luca Valente,"CC BY 4.0 applies to the original compilation and editorial work by Luca Valente. Underlying third-party data retain their source terms, including Coin Metrics CC BY-NC 4.0 where indicated; this export does not replace those terms."
listino,2026-10-05,/blocchi/0/serie/0/punti/206/1,1.846503,"CoinGecko (market value); DefiLlama (fees, revenue)","{""livelli"": ""2026-10-05"", ""somme"": ""2026-10-04""}",CC BY 4.0,https://creativecommons.org/licenses/by/4.0/,Luca Valente,"CC BY 4.0 applies to the original compilation and editorial work by Luca Valente. Underlying third-party data retain their source terms, including Coin Metrics CC BY-NC 4.0 where indicated; this export does not replace those terms."
listino,2026-10-05,/blocchi/0/serie/0/punti/207/0,"""2026-05-01""","CoinGecko (market value); DefiLlama (fees, revenue)","{""livelli"": ""2026-10-05"", ""somme"": ""2026-10-04""}",CC BY 4.0,https://creativecommons.org/licenses/by/4.0/,Luca Valente,"CC BY 4.0 applies to the original compilation and editorial work by Luca Valente. Underlying third-party data retain their source terms, including Coin Metrics CC BY-NC 4.0 where indicated; this export does not replace those terms."
listino,2026-10-05,/blocchi/0/serie/0/punti/207/1,1.824878,"CoinGecko (market value); DefiLlama (fees, revenue)","{""livelli"": ""2026-10-05"", ""somme"": ""2026-10-04""}",CC BY 4.0,https://creativecommons.org/licenses/by/4.0/,Luca Valente,"CC BY 4.0 applies to the original compilation and editorial work by Luca Valente. Underlying third-party data retain their source terms, including Coin Metrics CC BY-NC 4.0 where indicated; this export does not replace those terms."
listino,2026-10-05,/blocchi/0/serie/0/punti/208/0,"""2026-05-02""","CoinGecko (market value); DefiLlama (fees, revenue)","{""livelli"": ""2026-10-05"", ""somme"": ""2026-10-04""}",CC BY 4.0,https://creativecommons.org/licenses/by/4.0/,Luca Valente,"CC BY 4.0 applies to the original compilation and editorial work by Luca Valente. Underlying third-party data retain their source terms, including Coin Metrics CC BY-NC 4.0 where indicated; this export does not replace those terms."
listino,2026-10-05,/blocchi/0/serie/0/punti/208/1,1.800887,"CoinGecko (market value); DefiLlama (fees, revenue)","{""livelli"": ""2026-10-05"", ""somme"": ""2026-10-04""}",CC BY 4.0,https://creativecommons.org/licenses/by/4.0/,Luca Valente,"CC BY 4.0 applies to the original compilation and editorial work by Luca Valente. Underlying third-party data retain their source terms, including Coin Metrics CC BY-NC 4.0 where indicated; this export does not replace those terms."
listino,2026-10-05,/blocchi/0/serie/0/punti/209/0,"""2026-05-03""","CoinGecko (market value); DefiLlama (fees, revenue)","{""livelli"": ""2026-10-05"", ""somme"": ""2026-10-04""}",CC BY 4.0,https://creativecommons.org/licenses/by/4.0/,Luca Valente,"CC BY 4.0 applies to the original compilation and editorial work by Luca Valente. Underlying third-party data retain their source terms, including Coin Metrics CC BY-NC 4.0 where indicated; this export does not replace those terms."
listino,2026-10-05,/blocchi/0/serie/0/punti/209/1,1.818203,"CoinGecko (market value); DefiLlama (fees, revenue)","{""livelli"": ""2026-10-05"", ""somme"": ""2026-10-04""}",CC BY 4.0,https://creativecommons.org/licenses/by/4.0/,Luca Valente,"CC BY 4.0 applies to the original compilation and editorial work by Luca Valente. Underlying third-party data retain their source terms, including Coin Metrics CC BY-NC 4.0 where indicated; this export does not replace those terms."
listino,2026-10-05,/blocchi/0/serie/0/punti/210/0,"""2026-05-04""","CoinGecko (market value); DefiLlama (fees, revenue)","{""livelli"": ""2026-10-05"", ""somme"": ""2026-10-04""}",CC BY 4.0,https://creativecommons.org/licenses/by/4.0/,Luca Valente,"CC BY 4.0 applies to the original compilation and editorial work by Luca Valente. Underlying third-party data retain their source terms, including Coin Metrics CC BY-NC 4.0 where indicated; this export does not replace those terms."
listino,2026-10-05,/blocchi/0/serie/0/punti/210/1,1.794552,"CoinGecko (market value); DefiLlama (fees, revenue)","{""livelli"": ""2026-10-05"", ""somme"": ""2026-10-04""}",CC BY 4.0,https://creativecommons.org/licenses/by/4.0/,Luca Valente,"CC BY 4.0 applies to the original compilation and editorial work by Luca Valente. Underlying third-party data retain their source terms, including Coin Metrics CC BY-NC 4.0 where indicated; this export does not replace those terms."
listino,2026-10-05,/blocchi/0/serie/0/punti/211/0,"""2026-05-05""","CoinGecko (market value); DefiLlama (fees, revenue)","{""livelli"": ""2026-10-05"", ""somme"": ""2026-10-04""}",CC BY 4.0,https://creativecommons.org/licenses/by/4.0/,Luca Valente,"CC BY 4.0 applies to the original compilation and editorial work by Luca Valente. Underlying third-party data retain their source terms, including Coin Metrics CC BY-NC 4.0 where indicated; this export does not replace those terms."
listino,2026-10-05,/blocchi/0/serie/0/punti/211/1,1.820565,"CoinGecko (market value); DefiLlama (fees, revenue)","{""livelli"": ""2026-10-05"", ""somme"": ""2026-10-04""}",CC BY 4.0,https://creativecommons.org/licenses/by/4.0/,Luca Valente,"CC BY 4.0 applies to the original compilation and editorial work by Luca Valente. Underlying third-party data retain their source terms, including Coin Metrics CC BY-NC 4.0 where indicated; this export does not replace those terms."
listino,2026-10-05,/blocchi/0/serie/0/punti/212/0,"""2026-05-06""","CoinGecko (market value); DefiLlama (fees, revenue)","{""livelli"": ""2026-10-05"", ""somme"": ""2026-10-04""}",CC BY 4.0,https://creativecommons.org/licenses/by/4.0/,Luca Valente,"CC BY 4.0 applies to the original compilation and editorial work by Luca Valente. Underlying third-party data retain their source terms, including Coin Metrics CC BY-NC 4.0 where indicated; this export does not replace those terms."
listino,2026-10-05,/blocchi/0/serie/0/punti/212/1,1.908915,"CoinGecko (market value); DefiLlama (fees, revenue)","{""livelli"": ""2026-10-05"", ""somme"": ""2026-10-04""}",CC BY 4.0,https://creativecommons.org/licenses/by/4.0/,Luca Valente,"CC BY 4.0 applies to the original compilation and editorial work by Luca Valente. Underlying third-party data retain their source terms, including Coin Metrics CC BY-NC 4.0 where indicated; this export does not replace those terms."
listino,2026-10-05,/blocchi/0/serie/0/punti/213/0,"""2026-05-07""","CoinGecko (market value); DefiLlama (fees, revenue)","{""livelli"": ""2026-10-05"", ""somme"": ""2026-10-04""}",CC BY 4.0,https://creativecommons.org/licenses/by/4.0/,Luca Valente,"CC BY 4.0 applies to the original compilation and editorial work by Luca Valente. Underlying third-party data retain their source terms, including Coin Metrics CC BY-NC 4.0 where indicated; this export does not replace those terms."
listino,2026-10-05,/blocchi/0/serie/0/punti/213/1,1.993897,"CoinGecko (market value); DefiLlama (fees, revenue)","{""livelli"": ""2026-10-05"", ""somme"": ""2026-10-04""}",CC BY 4.0,https://creativecommons.org/licenses/by/4.0/,Luca Valente,"CC BY 4.0 applies to the original compilation and editorial work by Luca Valente. Underlying third-party data retain their source terms, including Coin Metrics CC BY-NC 4.0 where indicated; this export does not replace those terms."
listino,2026-10-05,/blocchi/0/serie/0/punti/214/0,"""2026-05-08""","CoinGecko (market value); DefiLlama (fees, revenue)","{""livelli"": ""2026-10-05"", ""somme"": ""2026-10-04""}",CC BY 4.0,https://creativecommons.org/licenses/by/4.0/,Luca Valente,"CC BY 4.0 applies to the original compilation and editorial work by Luca Valente. Underlying third-party data retain their source terms, including Coin Metrics CC BY-NC 4.0 where indicated; this export does not replace those terms."
listino,2026-10-05,/blocchi/0/serie/0/punti/214/1,2.236702,"CoinGecko (market value); DefiLlama (fees, revenue)","{""livelli"": ""2026-10-05"", ""somme"": ""2026-10-04""}",CC BY 4.0,https://creativecommons.org/licenses/by/4.0/,Luca Valente,"CC BY 4.0 applies to the original compilation and editorial work by Luca Valente. Underlying third-party data retain their source terms, including Coin Metrics CC BY-NC 4.0 where indicated; this export does not replace those terms."
listino,2026-10-05,/blocchi/0/serie/0/punti/215/0,"""2026-05-09""","CoinGecko (market value); DefiLlama (fees, revenue)","{""livelli"": ""2026-10-05"", ""somme"": ""2026-10-04""}",CC BY 4.0,https://creativecommons.org/licenses/by/4.0/,Luca Valente,"CC BY 4.0 applies to the original compilation and editorial work by Luca Valente. Underlying third-party data retain their source terms, including Coin Metrics CC BY-NC 4.0 where indicated; this export does not replace those terms."
listino,2026-10-05,/blocchi/0/serie/0/punti/215/1,2.361318,"CoinGecko (market value); DefiLlama (fees, revenue)","{""livelli"": ""2026-10-05"", ""somme"": ""2026-10-04""}",CC BY 4.0,https://creativecommons.org/licenses/by/4.0/,Luca Valente,"CC BY 4.0 applies to the original compilation and editorial work by Luca Valente. Underlying third-party data retain their source terms, including Coin Metrics CC BY-NC 4.0 where indicated; this export does not replace those terms."
listino,2026-10-05,/blocchi/0/serie/0/punti/216/0,"""2026-05-10""","CoinGecko (market value); DefiLlama (fees, revenue)","{""livelli"": ""2026-10-05"", ""somme"": ""2026-10-04""}",CC BY 4.0,https://creativecommons.org/licenses/by/4.0/,Luca Valente,"CC BY 4.0 applies to the original compilation and editorial work by Luca Valente. Underlying third-party data retain their source terms, including Coin Metrics CC BY-NC 4.0 where indicated; this export does not replace those terms."
listino,2026-10-05,/blocchi/0/serie/0/punti/216/1,2.249128,"CoinGecko (market value); DefiLlama (fees, revenue)","{""livelli"": ""2026-10-05"", ""somme"": ""2026-10-04""}",CC BY 4.0,https://creativecommons.org/licenses/by/4.0/,Luca Valente,"CC BY 4.0 applies to the original compilation and editorial work by Luca Valente. Underlying third-party data retain their source terms, including Coin Metrics CC BY-NC 4.0 where indicated; this export does not replace those terms."
listino,2026-10-05,/blocchi/0/serie/0/punti/217/0,"""2026-05-11""","CoinGecko (market value); DefiLlama (fees, revenue)","{""livelli"": ""2026-10-05"", ""somme"": ""2026-10-04""}",CC BY 4.0,https://creativecommons.org/licenses/by/4.0/,Luca Valente,"CC BY 4.0 applies to the original compilation and editorial work by Luca Valente. Underlying third-party data retain their source terms, including Coin Metrics CC BY-NC 4.0 where indicated; this export does not replace those terms."
listino,2026-10-05,/blocchi/0/serie/0/punti/217/1,2.29005,"CoinGecko (market value); DefiLlama (fees, revenue)","{""livelli"": ""2026-10-05"", ""somme"": ""2026-10-04""}",CC BY 4.0,https://creativecommons.org/licenses/by/4.0/,Luca Valente,"CC BY 4.0 applies to the original compilation and editorial work by Luca Valente. Underlying third-party data retain their source terms, including Coin Metrics CC BY-NC 4.0 where indicated; this export does not replace those terms."
listino,2026-10-05,/blocchi/0/serie/0/punti/218/0,"""2026-05-12""","CoinGecko (market value); DefiLlama (fees, revenue)","{""livelli"": ""2026-10-05"", ""somme"": ""2026-10-04""}",CC BY 4.0,https://creativecommons.org/licenses/by/4.0/,Luca Valente,"CC BY 4.0 applies to the original compilation and editorial work by Luca Valente. Underlying third-party data retain their source terms, including Coin Metrics CC BY-NC 4.0 where indicated; this export does not replace those terms."
listino,2026-10-05,/blocchi/0/serie/0/punti/218/1,2.266178,"CoinGecko (market value); DefiLlama (fees, revenue)","{""livelli"": ""2026-10-05"", ""somme"": ""2026-10-04""}",CC BY 4.0,https://creativecommons.org/licenses/by/4.0/,Luca Valente,"CC BY 4.0 applies to the original compilation and editorial work by Luca Valente. Underlying third-party data retain their source terms, including Coin Metrics CC BY-NC 4.0 where indicated; this export does not replace those terms."
listino,2026-10-05,/blocchi/0/serie/0/punti/219/0,"""2026-05-13""","CoinGecko (market value); DefiLlama (fees, revenue)","{""livelli"": ""2026-10-05"", ""somme"": ""2026-10-04""}",CC BY 4.0,https://creativecommons.org/licenses/by/4.0/,Luca Valente,"CC BY 4.0 applies to the original compilation and editorial work by Luca Valente. Underlying third-party data retain their source terms, including Coin Metrics CC BY-NC 4.0 where indicated; this export does not replace those terms."
listino,2026-10-05,/blocchi/0/serie/0/punti/219/1,2.249476,"CoinGecko (market value); DefiLlama (fees, revenue)","{""livelli"": ""2026-10-05"", ""somme"": ""2026-10-04""}",CC BY 4.0,https://creativecommons.org/licenses/by/4.0/,Luca Valente,"CC BY 4.0 applies to the original compilation and editorial work by Luca Valente. Underlying third-party data retain their source terms, including Coin Metrics CC BY-NC 4.0 where indicated; this export does not replace those terms."
listino,2026-10-05,/blocchi/0/serie/0/punti/220/0,"""2026-05-14""","CoinGecko (market value); DefiLlama (fees, revenue)","{""livelli"": ""2026-10-05"", ""somme"": ""2026-10-04""}",CC BY 4.0,https://creativecommons.org/licenses/by/4.0/,Luca Valente,"CC BY 4.0 applies to the original compilation and editorial work by Luca Valente. Underlying third-party data retain their source terms, including Coin Metrics CC BY-NC 4.0 where indicated; this export does not replace those terms."
listino,2026-10-05,/blocchi/0/serie/0/punti/220/1,2.165334,"CoinGecko (market value); DefiLlama (fees, revenue)","{""livelli"": ""2026-10-05"", ""somme"": ""2026-10-04""}",CC BY 4.0,https://creativecommons.org/licenses/by/4.0/,Luca Valente,"CC BY 4.0 applies to the original compilation and editorial work by Luca Valente. Underlying third-party data retain their source terms, including Coin Metrics CC BY-NC 4.0 where indicated; this export does not replace those terms."
listino,2026-10-05,/blocchi/0/serie/0/punti/221/0,"""2026-05-15""","CoinGecko (market value); DefiLlama (fees, revenue)","{""livelli"": ""2026-10-05"", ""somme"": ""2026-10-04""}",CC BY 4.0,https://creativecommons.org/licenses/by/4.0/,Luca Valente,"CC BY 4.0 applies to the original compilation and editorial work by Luca Valente. Underlying third-party data retain their source terms, including Coin Metrics CC BY-NC 4.0 where indicated; this export does not replace those terms."
listino,2026-10-05,/blocchi/0/serie/0/punti/221/1,2.232148,"CoinGecko (market value); DefiLlama (fees, revenue)","{""livelli"": ""2026-10-05"", ""somme"": ""2026-10-04""}",CC BY 4.0,https://creativecommons.org/licenses/by/4.0/,Luca Valente,"CC BY 4.0 applies to the original compilation and editorial work by Luca Valente. Underlying third-party data retain their source terms, including Coin Metrics CC BY-NC 4.0 where indicated; this export does not replace those terms."
listino,2026-10-05,/blocchi/0/serie/0/punti/222/0,"""2026-05-16""","CoinGecko (market value); DefiLlama (fees, revenue)","{""livelli"": ""2026-10-05"", ""somme"": ""2026-10-04""}",CC BY 4.0,https://creativecommons.org/licenses/by/4.0/,Luca Valente,"CC BY 4.0 applies to the original compilation and editorial work by Luca Valente. Underlying third-party data retain their source terms, including Coin Metrics CC BY-NC 4.0 where indicated; this export does not replace those terms."
listino,2026-10-05,/blocchi/0/serie/0/punti/222/1,2.043711,"CoinGecko (market value); DefiLlama (fees, revenue)","{""livelli"": ""2026-10-05"", ""somme"": ""2026-10-04""}",CC BY 4.0,https://creativecommons.org/licenses/by/4.0/,Luca Valente,"CC BY 4.0 applies to the original compilation and editorial work by Luca Valente. Underlying third-party data retain their source terms, including Coin Metrics CC BY-NC 4.0 where indicated; this export does not replace those terms."
listino,2026-10-05,/blocchi/0/serie/0/punti/223/0,"""2026-05-17""","CoinGecko (market value); DefiLlama (fees, revenue)","{""livelli"": ""2026-10-05"", ""somme"": ""2026-10-04""}",CC BY 4.0,https://creativecommons.org/licenses/by/4.0/,Luca Valente,"CC BY 4.0 applies to the original compilation and editorial work by Luca Valente. Underlying third-party data retain their source terms, including Coin Metrics CC BY-NC 4.0 where indicated; this export does not replace those terms."
listino,2026-10-05,/blocchi/0/serie/0/punti/223/1,1.982696,"CoinGecko (market value); DefiLlama (fees, revenue)","{""livelli"": ""2026-10-05"", ""somme"": ""2026-10-04""}",CC BY 4.0,https://creativecommons.org/licenses/by/4.0/,Luca Valente,"CC BY 4.0 applies to the original compilation and editorial work by Luca Valente. Underlying third-party data retain their source terms, including Coin Metrics CC BY-NC 4.0 where indicated; this export does not replace those terms."
listino,2026-10-05,/blocchi/0/serie/0/punti/224/0,"""2026-05-18""","CoinGecko (market value); DefiLlama (fees, revenue)","{""livelli"": ""2026-10-05"", ""somme"": ""2026-10-04""}",CC BY 4.0,https://creativecommons.org/licenses/by/4.0/,Luca Valente,"CC BY 4.0 applies to the original compilation and editorial work by Luca Valente. Underlying third-party data retain their source terms, including Coin Metrics CC BY-NC 4.0 where indicated; this export does not replace those terms."
listino,2026-10-05,/blocchi/0/serie/0/punti/224/1,1.915206,"CoinGecko (market value); DefiLlama (fees, revenue)","{""livelli"": ""2026-10-05"", ""somme"": ""2026-10-04""}",CC BY 4.0,https://creativecommons.org/licenses/by/4.0/,Luca Valente,"CC BY 4.0 applies to the original compilation and editorial work by Luca Valente. Underlying third-party data retain their source terms, including Coin Metrics CC BY-NC 4.0 where indicated; this export does not replace those terms."
listino,2026-10-05,/blocchi/0/serie/0/punti/225/0,"""2026-05-19""","CoinGecko (market value); DefiLlama (fees, revenue)","{""livelli"": ""2026-10-05"", ""somme"": ""2026-10-04""}",CC BY 4.0,https://creativecommons.org/licenses/by/4.0/,Luca Valente,"CC BY 4.0 applies to the original compilation and editorial work by Luca Valente. Underlying third-party data retain their source terms, including Coin Metrics CC BY-NC 4.0 where indicated; this export does not replace those terms."
listino,2026-10-05,/blocchi/0/serie/0/punti/225/1,1.928481,"CoinGecko (market value); DefiLlama (fees, revenue)","{""livelli"": ""2026-10-05"", ""somme"": ""2026-10-04""}",CC BY 4.0,https://creativecommons.org/licenses/by/4.0/,Luca Valente,"CC BY 4.0 applies to the original compilation and editorial work by Luca Valente. Underlying third-party data retain their source terms, including Coin Metrics CC BY-NC 4.0 where indicated; this export does not replace those terms."
listino,2026-10-05,/blocchi/0/serie/0/punti/226/0,"""2026-05-20""","CoinGecko (market value); DefiLlama (fees, revenue)","{""livelli"": ""2026-10-05"", ""somme"": ""2026-10-04""}",CC BY 4.0,https://creativecommons.org/licenses/by/4.0/,Luca Valente,"CC BY 4.0 applies to the original compilation and editorial work by Luca Valente. Underlying third-party data retain their source terms, including Coin Metrics CC BY-NC 4.0 where indicated; this export does not replace those terms."
listino,2026-10-05,/blocchi/0/serie/0/punti/226/1,1.897827,"CoinGecko (market value); DefiLlama (fees, revenue)","{""livelli"": ""2026-10-05"", ""somme"": ""2026-10-04""}",CC BY 4.0,https://creativecommons.org/licenses/by/4.0/,Luca Valente,"CC BY 4.0 applies to the original compilation and editorial work by Luca Valente. Underlying third-party data retain their source terms, including Coin Metrics CC BY-NC 4.0 where indicated; this export does not replace those terms."
listino,2026-10-05,/blocchi/0/serie/0/punti/227/0,"""2026-05-21""","CoinGecko (market value); DefiLlama (fees, revenue)","{""livelli"": ""2026-10-05"", ""somme"": ""2026-10-04""}",CC BY 4.0,https://creativecommons.org/licenses/by/4.0/,Luca Valente,"CC BY 4.0 applies to the original compilation and editorial work by Luca Valente. Underlying third-party data retain their source terms, including Coin Metrics CC BY-NC 4.0 where indicated; this export does not replace those terms."
listino,2026-10-05,/blocchi/0/serie/0/punti/227/1,2.08695,"CoinGecko (market value); DefiLlama (fees, revenue)","{""livelli"": ""2026-10-05"", ""somme"": ""2026-10-04""}",CC BY 4.0,https://creativecommons.org/licenses/by/4.0/,Luca Valente,"CC BY 4.0 applies to the original compilation and editorial work by Luca Valente. Underlying third-party data retain their source terms, including Coin Metrics CC BY-NC 4.0 where indicated; this export does not replace those terms."
listino,2026-10-05,/blocchi/0/serie/0/punti/228/0,"""2026-05-22""","CoinGecko (market value); DefiLlama (fees, revenue)","{""livelli"": ""2026-10-05"", ""somme"": ""2026-10-04""}",CC BY 4.0,https://creativecommons.org/licenses/by/4.0/,Luca Valente,"CC BY 4.0 applies to the original compilation and editorial work by Luca Valente. Underlying third-party data retain their source terms, including Coin Metrics CC BY-NC 4.0 where indicated; this export does not replace those terms."
listino,2026-10-05,/blocchi/0/serie/0/punti/228/1,2.079109,"CoinGecko (market value); DefiLlama (fees, revenue)","{""livelli"": ""2026-10-05"", ""somme"": ""2026-10-04""}",CC BY 4.0,https://creativecommons.org/licenses/by/4.0/,Luca Valente,"CC BY 4.0 applies to the original compilation and editorial work by Luca Valente. Underlying third-party data retain their source terms, including Coin Metrics CC BY-NC 4.0 where indicated; this export does not replace those terms."
listino,2026-10-05,/blocchi/0/serie/0/punti/229/0,"""2026-05-23""","CoinGecko (market value); DefiLlama (fees, revenue)","{""livelli"": ""2026-10-05"", ""somme"": ""2026-10-04""}",CC BY 4.0,https://creativecommons.org/licenses/by/4.0/,Luca Valente,"CC BY 4.0 applies to the original compilation and editorial work by Luca Valente. Underlying third-party data retain their source terms, including Coin Metrics CC BY-NC 4.0 where indicated; this export does not replace those terms."
listino,2026-10-05,/blocchi/0/serie/0/punti/229/1,1.988498,"CoinGecko (market value); DefiLlama (fees, revenue)","{""livelli"": ""2026-10-05"", ""somme"": ""2026-10-04""}",CC BY 4.0,https://creativecommons.org/licenses/by/4.0/,Luca Valente,"CC BY 4.0 applies to the original compilation and editorial work by Luca Valente. Underlying third-party data retain their source terms, including Coin Metrics CC BY-NC 4.0 where indicated; this export does not replace those terms."
listino,2026-10-05,/blocchi/0/serie/0/punti/230/0,"""2026-05-24""","CoinGecko (market value); DefiLlama (fees, revenue)","{""livelli"": ""2026-10-05"", ""somme"": ""2026-10-04""}",CC BY 4.0,https://creativecommons.org/licenses/by/4.0/,Luca Valente,"CC BY 4.0 applies to the original compilation and editorial work by Luca Valente. Underlying third-party data retain their source terms, including Coin Metrics CC BY-NC 4.0 where indicated; this export does not replace those terms."
listino,2026-10-05,/blocchi/0/serie/0/punti/230/1,2.000424,"CoinGecko (market value); DefiLlama (fees, revenue)","{""livelli"": ""2026-10-05"", ""somme"": ""2026-10-04""}",CC BY 4.0,https://creativecommons.org/licenses/by/4.0/,Luca Valente,"CC BY 4.0 applies to the original compilation and editorial work by Luca Valente. Underlying third-party data retain their source terms, including Coin Metrics CC BY-NC 4.0 where indicated; this export does not replace those terms."
listino,2026-10-05,/blocchi/0/serie/0/punti/231/0,"""2026-05-25""","CoinGecko (market value); DefiLlama (fees, revenue)","{""livelli"": ""2026-10-05"", ""somme"": ""2026-10-04""}",CC BY 4.0,https://creativecommons.org/licenses/by/4.0/,Luca Valente,"CC BY 4.0 applies to the original compilation and editorial work by Luca Valente. Underlying third-party data retain their source terms, including Coin Metrics CC BY-NC 4.0 where indicated; this export does not replace those terms."
listino,2026-10-05,/blocchi/0/serie/0/punti/231/1,1.973634,"CoinGecko (market value); DefiLlama (fees, revenue)","{""livelli"": ""2026-10-05"", ""somme"": ""2026-10-04""}",CC BY 4.0,https://creativecommons.org/licenses/by/4.0/,Luca Valente,"CC BY 4.0 applies to the original compilation and editorial work by Luca Valente. Underlying third-party data retain their source terms, including Coin Metrics CC BY-NC 4.0 where indicated; this export does not replace those terms."
listino,2026-10-05,/blocchi/0/serie/0/punti/232/0,"""2026-05-26""","CoinGecko (market value); DefiLlama (fees, revenue)","{""livelli"": ""2026-10-05"", ""somme"": ""2026-10-04""}",CC BY 4.0,https://creativecommons.org/licenses/by/4.0/,Luca Valente,"CC BY 4.0 applies to the original compilation and editorial work by Luca Valente. Underlying third-party data retain their source terms, including Coin Metrics CC BY-NC 4.0 where indicated; this export does not replace those terms."
listino,2026-10-05,/blocchi/0/serie/0/punti/232/1,2.034399,"CoinGecko (market value); DefiLlama (fees, revenue)","{""livelli"": ""2026-10-05"", ""somme"": ""2026-10-04""}",CC BY 4.0,https://creativecommons.org/licenses/by/4.0/,Luca Valente,"CC BY 4.0 applies to the original compilation and editorial work by Luca Valente. Underlying third-party data retain their source terms, including Coin Metrics CC BY-NC 4.0 where indicated; this export does not replace those terms."
listino,2026-10-05,/blocchi/0/serie/0/punti/233/0,"""2026-05-27""","CoinGecko (market value); DefiLlama (fees, revenue)","{""livelli"": ""2026-10-05"", ""somme"": ""2026-10-04""}",CC BY 4.0,https://creativecommons.org/licenses/by/4.0/,Luca Valente,"CC BY 4.0 applies to the original compilation and editorial work by Luca Valente. Underlying third-party data retain their source terms, including Coin Metrics CC BY-NC 4.0 where indicated; this export does not replace those terms."
listino,2026-10-05,/blocchi/0/serie/0/punti/233/1,2.019489,"CoinGecko (market value); DefiLlama (fees, revenue)","{""livelli"": ""2026-10-05"", ""somme"": ""2026-10-04""}",CC BY 4.0,https://creativecommons.org/licenses/by/4.0/,Luca Valente,"CC BY 4.0 applies to the original compilation and editorial work by Luca Valente. Underlying third-party data retain their source terms, including Coin Metrics CC BY-NC 4.0 where indicated; this export does not replace those terms."
listino,2026-10-05,/blocchi/0/serie/0/punti/234/0,"""2026-05-28""","CoinGecko (market value); DefiLlama (fees, revenue)","{""livelli"": ""2026-10-05"", ""somme"": ""2026-10-04""}",CC BY 4.0,https://creativecommons.org/licenses/by/4.0/,Luca Valente,"CC BY 4.0 applies to the original compilation and editorial work by Luca Valente. Underlying third-party data retain their source terms, including Coin Metrics CC BY-NC 4.0 where indicated; this export does not replace those terms."
listino,2026-10-05,/blocchi/0/serie/0/punti/234/1,1.971666,"CoinGecko (market value); DefiLlama (fees, revenue)","{""livelli"": ""2026-10-05"", ""somme"": ""2026-10-04""}",CC BY 4.0,https://creativecommons.org/licenses/by/4.0/,Luca Valente,"CC BY 4.0 applies to the original compilation and editorial work by Luca Valente. Underlying third-party data retain their source terms, including Coin Metrics CC BY-NC 4.0 where indicated; this export does not replace those terms."
listino,2026-10-05,/blocchi/0/serie/0/punti/235/0,"""2026-05-29""","CoinGecko (market value); DefiLlama (fees, revenue)","{""livelli"": ""2026-10-05"", ""somme"": ""2026-10-04""}",CC BY 4.0,https://creativecommons.org/licenses/by/4.0/,Luca Valente,"CC BY 4.0 applies to the original compilation and editorial work by Luca Valente. Underlying third-party data retain their source terms, including Coin Metrics CC BY-NC 4.0 where indicated; this export does not replace those terms."
listino,2026-10-05,/blocchi/0/serie/0/punti/235/1,1.793921,"CoinGecko (market value); DefiLlama (fees, revenue)","{""livelli"": ""2026-10-05"", ""somme"": ""2026-10-04""}",CC BY 4.0,https://creativecommons.org/licenses/by/4.0/,Luca Valente,"CC BY 4.0 applies to the original compilation and editorial work by Luca Valente. Underlying third-party data retain their source terms, including Coin Metrics CC BY-NC 4.0 where indicated; this export does not replace those terms."
listino,2026-10-05,/blocchi/0/serie/0/punti/236/0,"""2026-05-30""","CoinGecko (market value); DefiLlama (fees, revenue)","{""livelli"": ""2026-10-05"", ""somme"": ""2026-10-04""}",CC BY 4.0,https://creativecommons.org/licenses/by/4.0/,Luca Valente,"CC BY 4.0 applies to the original compilation and editorial work by Luca Valente. Underlying third-party data retain their source terms, including Coin Metrics CC BY-NC 4.0 where indicated; this export does not replace those terms."
listino,2026-10-05,/blocchi/0/serie/0/punti/236/1,1.862488,"CoinGecko (market value); DefiLlama (fees, revenue)","{""livelli"": ""2026-10-05"", ""somme"": ""2026-10-04""}",CC BY 4.0,https://creativecommons.org/licenses/by/4.0/,Luca Valente,"CC BY 4.0 applies to the original compilation and editorial work by Luca Valente. Underlying third-party data retain their source terms, including Coin Metrics CC BY-NC 4.0 where indicated; this export does not replace those terms."
listino,2026-10-05,/blocchi/0/serie/0/punti/237/0,"""2026-05-31""","CoinGecko (market value); DefiLlama (fees, revenue)","{""livelli"": ""2026-10-05"", ""somme"": ""2026-10-04""}",CC BY 4.0,https://creativecommons.org/licenses/by/4.0/,Luca Valente,"CC BY 4.0 applies to the original compilation and editorial work by Luca Valente. Underlying third-party data retain their source terms, including Coin Metrics CC BY-NC 4.0 where indicated; this export does not replace those terms."
listino,2026-10-05,/blocchi/0/serie/0/punti/237/1,1.838753,"CoinGecko (market value); DefiLlama (fees, revenue)","{""livelli"": ""2026-10-05"", ""somme"": ""2026-10-04""}",CC BY 4.0,https://creativecommons.org/licenses/by/4.0/,Luca Valente,"CC BY 4.0 applies to the original compilation and editorial work by Luca Valente. Underlying third-party data retain their source terms, including Coin Metrics CC BY-NC 4.0 where indicated; this export does not replace those terms."
listino,2026-10-05,/blocchi/0/serie/0/punti/238/0,"""2026-06-01""","CoinGecko (market value); DefiLlama (fees, revenue)","{""livelli"": ""2026-10-05"", ""somme"": ""2026-10-04""}",CC BY 4.0,https://creativecommons.org/licenses/by/4.0/,Luca Valente,"CC BY 4.0 applies to the original compilation and editorial work by Luca Valente. Underlying third-party data retain their source terms, including Coin Metrics CC BY-NC 4.0 where indicated; this export does not replace those terms."
listino,2026-10-05,/blocchi/0/serie/0/punti/238/1,1.832226,"CoinGecko (market value); DefiLlama (fees, revenue)","{""livelli"": ""2026-10-05"", ""somme"": ""2026-10-04""}",CC BY 4.0,https://creativecommons.org/licenses/by/4.0/,Luca Valente,"CC BY 4.0 applies to the original compilation and editorial work by Luca Valente. Underlying third-party data retain their source terms, including Coin Metrics CC BY-NC 4.0 where indicated; this export does not replace those terms."
listino,2026-10-05,/blocchi/0/serie/0/punti/239/0,"""2026-06-02""","CoinGecko (market value); DefiLlama (fees, revenue)","{""livelli"": ""2026-10-05"", ""somme"": ""2026-10-04""}",CC BY 4.0,https://creativecommons.org/licenses/by/4.0/,Luca Valente,"CC BY 4.0 applies to the original compilation and editorial work by Luca Valente. Underlying third-party data retain their source terms, including Coin Metrics CC BY-NC 4.0 where indicated; this export does not replace those terms."
listino,2026-10-05,/blocchi/0/serie/0/punti/239/1,1.945035,"CoinGecko (market value); DefiLlama (fees, revenue)","{""livelli"": ""2026-10-05"", ""somme"": ""2026-10-04""}",CC BY 4.0,https://creativecommons.org/licenses/by/4.0/,Luca Valente,"CC BY 4.0 applies to the original compilation and editorial work by Luca Valente. Underlying third-party data retain their source terms, including Coin Metrics CC BY-NC 4.0 where indicated; this export does not replace those terms."
listino,2026-10-05,/blocchi/0/serie/0/punti/240/0,"""2026-06-03""","CoinGecko (market value); DefiLlama (fees, revenue)","{""livelli"": ""2026-10-05"", ""somme"": ""2026-10-04""}",CC BY 4.0,https://creativecommons.org/licenses/by/4.0/,Luca Valente,"CC BY 4.0 applies to the original compilation and editorial work by Luca Valente. Underlying third-party data retain their source terms, including Coin Metrics CC BY-NC 4.0 where indicated; this export does not replace those terms."
listino,2026-10-05,/blocchi/0/serie/0/punti/240/1,1.793112,"CoinGecko (market value); DefiLlama (fees, revenue)","{""livelli"": ""2026-10-05"", ""somme"": ""2026-10-04""}",CC BY 4.0,https://creativecommons.org/licenses/by/4.0/,Luca Valente,"CC BY 4.0 applies to the original compilation and editorial work by Luca Valente. Underlying third-party data retain their source terms, including Coin Metrics CC BY-NC 4.0 where indicated; this export does not replace those terms."
listino,2026-10-05,/blocchi/0/serie/0/punti/241/0,"""2026-06-04""","CoinGecko (market value); DefiLlama (fees, revenue)","{""livelli"": ""2026-10-05"", ""somme"": ""2026-10-04""}",CC BY 4.0,https://creativecommons.org/licenses/by/4.0/,Luca Valente,"CC BY 4.0 applies to the original compilation and editorial work by Luca Valente. Underlying third-party data retain their source terms, including Coin Metrics CC BY-NC 4.0 where indicated; this export does not replace those terms."
listino,2026-10-05,/blocchi/0/serie/0/punti/241/1,1.973348,"CoinGecko (market value); DefiLlama (fees, revenue)","{""livelli"": ""2026-10-05"", ""somme"": ""2026-10-04""}",CC BY 4.0,https://creativecommons.org/licenses/by/4.0/,Luca Valente,"CC BY 4.0 applies to the original compilation and editorial work by Luca Valente. Underlying third-party data retain their source terms, including Coin Metrics CC BY-NC 4.0 where indicated; this export does not replace those terms."
listino,2026-10-05,/blocchi/0/serie/0/punti/242/0,"""2026-06-05""","CoinGecko (market value); DefiLlama (fees, revenue)","{""livelli"": ""2026-10-05"", ""somme"": ""2026-10-04""}",CC BY 4.0,https://creativecommons.org/licenses/by/4.0/,Luca Valente,"CC BY 4.0 applies to the original compilation and editorial work by Luca Valente. Underlying third-party data retain their source terms, including Coin Metrics CC BY-NC 4.0 where indicated; this export does not replace those terms."
listino,2026-10-05,/blocchi/0/serie/0/punti/242/1,1.796264,"CoinGecko (market value); DefiLlama (fees, revenue)","{""livelli"": ""2026-10-05"", ""somme"": ""2026-10-04""}",CC BY 4.0,https://creativecommons.org/licenses/by/4.0/,Luca Valente,"CC BY 4.0 applies to the original compilation and editorial work by Luca Valente. Underlying third-party data retain their source terms, including Coin Metrics CC BY-NC 4.0 where indicated; this export does not replace those terms."
listino,2026-10-05,/blocchi/0/serie/0/punti/243/0,"""2026-06-06""","CoinGecko (market value); DefiLlama (fees, revenue)","{""livelli"": ""2026-10-05"", ""somme"": ""2026-10-04""}",CC BY 4.0,https://creativecommons.org/licenses/by/4.0/,Luca Valente,"CC BY 4.0 applies to the original compilation and editorial work by Luca Valente. Underlying third-party data retain their source terms, including Coin Metrics CC BY-NC 4.0 where indicated; this export does not replace those terms."
listino,2026-10-05,/blocchi/0/serie/0/punti/243/1,1.671954,"CoinGecko (market value); DefiLlama (fees, revenue)","{""livelli"": ""2026-10-05"", ""somme"": ""2026-10-04""}",CC BY 4.0,https://creativecommons.org/licenses/by/4.0/,Luca Valente,"CC BY 4.0 applies to the original compilation and editorial work by Luca Valente. Underlying third-party data retain their source terms, including Coin Metrics CC BY-NC 4.0 where indicated; this export does not replace those terms."
listino,2026-10-05,/blocchi/0/serie/0/punti/244/0,"""2026-06-07""","CoinGecko (market value); DefiLlama (fees, revenue)","{""livelli"": ""2026-10-05"", ""somme"": ""2026-10-04""}",CC BY 4.0,https://creativecommons.org/licenses/by/4.0/,Luca Valente,"CC BY 4.0 applies to the original compilation and editorial work by Luca Valente. Underlying third-party data retain their source terms, including Coin Metrics CC BY-NC 4.0 where indicated; this export does not replace those terms."
listino,2026-10-05,/blocchi/0/serie/0/punti/244/1,1.6709,"CoinGecko (market value); DefiLlama (fees, revenue)","{""livelli"": ""2026-10-05"", ""somme"": ""2026-10-04""}",CC BY 4.0,https://creativecommons.org/licenses/by/4.0/,Luca Valente,"CC BY 4.0 applies to the original compilation and editorial work by Luca Valente. Underlying third-party data retain their source terms, including Coin Metrics CC BY-NC 4.0 where indicated; this export does not replace those terms."
listino,2026-10-05,/blocchi/0/serie/0/punti/245/0,"""2026-06-08""","CoinGecko (market value); DefiLlama (fees, revenue)","{""livelli"": ""2026-10-05"", ""somme"": ""2026-10-04""}",CC BY 4.0,https://creativecommons.org/licenses/by/4.0/,Luca Valente,"CC BY 4.0 applies to the original compilation and editorial work by Luca Valente. Underlying third-party data retain their source terms, including Coin Metrics CC BY-NC 4.0 where indicated; this export does not replace those terms."
listino,2026-10-05,/blocchi/0/serie/0/punti/245/1,1.906643,"CoinGecko (market value); DefiLlama (fees, revenue)","{""livelli"": ""2026-10-05"", ""somme"": ""2026-10-04""}",CC BY 4.0,https://creativecommons.org/licenses/by/4.0/,Luca Valente,"CC BY 4.0 applies to the original compilation and editorial work by Luca Valente. Underlying third-party data retain their source terms, including Coin Metrics CC BY-NC 4.0 where indicated; this export does not replace those terms."
listino,2026-10-05,/blocchi/0/serie/0/punti/246/0,"""2026-06-09""","CoinGecko (market value); DefiLlama (fees, revenue)","{""livelli"": ""2026-10-05"", ""somme"": ""2026-10-04""}",CC BY 4.0,https://creativecommons.org/licenses/by/4.0/,Luca Valente,"CC BY 4.0 applies to the original compilation and editorial work by Luca Valente. Underlying third-party data retain their source terms, including Coin Metrics CC BY-NC 4.0 where indicated; this export does not replace those terms."
listino,2026-10-05,/blocchi/0/serie/0/punti/246/1,1.857642,"CoinGecko (market value); DefiLlama (fees, revenue)","{""livelli"": ""2026-10-05"", ""somme"": ""2026-10-04""}",CC BY 4.0,https://creativecommons.org/licenses/by/4.0/,Luca Valente,"CC BY 4.0 applies to the original compilation and editorial work by Luca Valente. Underlying third-party data retain their source terms, including Coin Metrics CC BY-NC 4.0 where indicated; this export does not replace those terms."
listino,2026-10-05,/blocchi/0/serie/0/punti/247/0,"""2026-06-10""","CoinGecko (market value); DefiLlama (fees, revenue)","{""livelli"": ""2026-10-05"", ""somme"": ""2026-10-04""}",CC BY 4.0,https://creativecommons.org/licenses/by/4.0/,Luca Valente,"CC BY 4.0 applies to the original compilation and editorial work by Luca Valente. Underlying third-party data retain their source terms, including Coin Metrics CC BY-NC 4.0 where indicated; this export does not replace those terms."
listino,2026-10-05,/blocchi/0/serie/0/punti/247/1,1.866788,"CoinGecko (market value); DefiLlama (fees, revenue)","{""livelli"": ""2026-10-05"", ""somme"": ""2026-10-04""}",CC BY 4.0,https://creativecommons.org/licenses/by/4.0/,Luca Valente,"CC BY 4.0 applies to the original compilation and editorial work by Luca Valente. Underlying third-party data retain their source terms, including Coin Metrics CC BY-NC 4.0 where indicated; this export does not replace those terms."
listino,2026-10-05,/blocchi/0/serie/0/punti/248/0,"""2026-06-11""","CoinGecko (market value); DefiLlama (fees, revenue)","{""livelli"": ""2026-10-05"", ""somme"": ""2026-10-04""}",CC BY 4.0,https://creativecommons.org/licenses/by/4.0/,Luca Valente,"CC BY 4.0 applies to the original compilation and editorial work by Luca Valente. Underlying third-party data retain their source terms, including Coin Metrics CC BY-NC 4.0 where indicated; this export does not replace those terms."
listino,2026-10-05,/blocchi/0/serie/0/punti/248/1,1.811553,"CoinGecko (market value); DefiLlama (fees, revenue)","{""livelli"": ""2026-10-05"", ""somme"": ""2026-10-04""}",CC BY 4.0,https://creativecommons.org/licenses/by/4.0/,Luca Valente,"CC BY 4.0 applies to the original compilation and editorial work by Luca Valente. Underlying third-party data retain their source terms, including Coin Metrics CC BY-NC 4.0 where indicated; this export does not replace those terms."
listino,2026-10-05,/blocchi/0/serie/0/punti/249/0,"""2026-06-12""","CoinGecko (market value); DefiLlama (fees, revenue)","{""livelli"": ""2026-10-05"", ""somme"": ""2026-10-04""}",CC BY 4.0,https://creativecommons.org/licenses/by/4.0/,Luca Valente,"CC BY 4.0 applies to the original compilation and editorial work by Luca Valente. Underlying third-party data retain their source terms, including Coin Metrics CC BY-NC 4.0 where indicated; this export does not replace those terms."
listino,2026-10-05,/blocchi/0/serie/0/punti/249/1,1.763462,"CoinGecko (market value); DefiLlama (fees, revenue)","{""livelli"": ""2026-10-05"", ""somme"": ""2026-10-04""}",CC BY 4.0,https://creativecommons.org/licenses/by/4.0/,Luca Valente,"CC BY 4.0 applies to the original compilation and editorial work by Luca Valente. Underlying third-party data retain their source terms, including Coin Metrics CC BY-NC 4.0 where indicated; this export does not replace those terms."
listino,2026-10-05,/blocchi/0/serie/0/punti/250/0,"""2026-06-13""","CoinGecko (market value); DefiLlama (fees, revenue)","{""livelli"": ""2026-10-05"", ""somme"": ""2026-10-04""}",CC BY 4.0,https://creativecommons.org/licenses/by/4.0/,Luca Valente,"CC BY 4.0 applies to the original compilation and editorial work by Luca Valente. Underlying third-party data retain their source terms, including Coin Metrics CC BY-NC 4.0 where indicated; this export does not replace those terms."
listino,2026-10-05,/blocchi/0/serie/0/punti/250/1,1.770852,"CoinGecko (market value); DefiLlama (fees, revenue)","{""livelli"": ""2026-10-05"", ""somme"": ""2026-10-04""}",CC BY 4.0,https://creativecommons.org/licenses/by/4.0/,Luca Valente,"CC BY 4.0 applies to the original compilation and editorial work by Luca Valente. Underlying third-party data retain their source terms, including Coin Metrics CC BY-NC 4.0 where indicated; this export does not replace those terms."
listino,2026-10-05,/blocchi/0/serie/0/punti/251/0,"""2026-06-14""","CoinGecko (market value); DefiLlama (fees, revenue)","{""livelli"": ""2026-10-05"", ""somme"": ""2026-10-04""}",CC BY 4.0,https://creativecommons.org/licenses/by/4.0/,Luca Valente,"CC BY 4.0 applies to the original compilation and editorial work by Luca Valente. Underlying third-party data retain their source terms, including Coin Metrics CC BY-NC 4.0 where indicated; this export does not replace those terms."
listino,2026-10-05,/blocchi/0/serie/0/punti/251/1,1.784733,"CoinGecko (market value); DefiLlama (fees, revenue)","{""livelli"": ""2026-10-05"", ""somme"": ""2026-10-04""}",CC BY 4.0,https://creativecommons.org/licenses/by/4.0/,Luca Valente,"CC BY 4.0 applies to the original compilation and editorial work by Luca Valente. Underlying third-party data retain their source terms, including Coin Metrics CC BY-NC 4.0 where indicated; this export does not replace those terms."
listino,2026-10-05,/blocchi/0/serie/0/punti/252/0,"""2026-06-15""","CoinGecko (market value); DefiLlama (fees, revenue)","{""livelli"": ""2026-10-05"", ""somme"": ""2026-10-04""}",CC BY 4.0,https://creativecommons.org/licenses/by/4.0/,Luca Valente,"CC BY 4.0 applies to the original compilation and editorial work by Luca Valente. Underlying third-party data retain their source terms, including Coin Metrics CC BY-NC 4.0 where indicated; this export does not replace those terms."
listino,2026-10-05,/blocchi/0/serie/0/punti/252/1,1.879858,"CoinGecko (market value); DefiLlama (fees, revenue)","{""livelli"": ""2026-10-05"", ""somme"": ""2026-10-04""}",CC BY 4.0,https://creativecommons.org/licenses/by/4.0/,Luca Valente,"CC BY 4.0 applies to the original compilation and editorial work by Luca Valente. Underlying third-party data retain their source terms, including Coin Metrics CC BY-NC 4.0 where indicated; this export does not replace those terms."
listino,2026-10-05,/blocchi/0/serie/0/punti/253/0,"""2026-06-16""","CoinGecko (market value); DefiLlama (fees, revenue)","{""livelli"": ""2026-10-05"", ""somme"": ""2026-10-04""}",CC BY 4.0,https://creativecommons.org/licenses/by/4.0/,Luca Valente,"CC BY 4.0 applies to the original compilation and editorial work by Luca Valente. Underlying third-party data retain their source terms, including Coin Metrics CC BY-NC 4.0 where indicated; this export does not replace those terms."
listino,2026-10-05,/blocchi/0/serie/0/punti/253/1,2.235645,"CoinGecko (market value); DefiLlama (fees, revenue)","{""livelli"": ""2026-10-05"", ""somme"": ""2026-10-04""}",CC BY 4.0,https://creativecommons.org/licenses/by/4.0/,Luca Valente,"CC BY 4.0 applies to the original compilation and editorial work by Luca Valente. Underlying third-party data retain their source terms, including Coin Metrics CC BY-NC 4.0 where indicated; this export does not replace those terms."
listino,2026-10-05,/blocchi/0/serie/0/punti/254/0,"""2026-06-17""","CoinGecko (market value); DefiLlama (fees, revenue)","{""livelli"": ""2026-10-05"", ""somme"": ""2026-10-04""}",CC BY 4.0,https://creativecommons.org/licenses/by/4.0/,Luca Valente,"CC BY 4.0 applies to the original compilation and editorial work by Luca Valente. Underlying third-party data retain their source terms, including Coin Metrics CC BY-NC 4.0 where indicated; this export does not replace those terms."
listino,2026-10-05,/blocchi/0/serie/0/punti/254/1,2.257351,"CoinGecko (market value); DefiLlama (fees, revenue)","{""livelli"": ""2026-10-05"", ""somme"": ""2026-10-04""}",CC BY 4.0,https://creativecommons.org/licenses/by/4.0/,Luca Valente,"CC BY 4.0 applies to the original compilation and editorial work by Luca Valente. Underlying third-party data retain their source terms, including Coin Metrics CC BY-NC 4.0 where indicated; this export does not replace those terms."
listino,2026-10-05,/blocchi/0/serie/0/punti/255/0,"""2026-06-18""","CoinGecko (market value); DefiLlama (fees, revenue)","{""livelli"": ""2026-10-05"", ""somme"": ""2026-10-04""}",CC BY 4.0,https://creativecommons.org/licenses/by/4.0/,Luca Valente,"CC BY 4.0 applies to the original compilation and editorial work by Luca Valente. Underlying third-party data retain their source terms, including Coin Metrics CC BY-NC 4.0 where indicated; this export does not replace those terms."
listino,2026-10-05,/blocchi/0/serie/0/punti/255/1,2.165879,"CoinGecko (market value); DefiLlama (fees, revenue)","{""livelli"": ""2026-10-05"", ""somme"": ""2026-10-04""}",CC BY 4.0,https://creativecommons.org/licenses/by/4.0/,Luca Valente,"CC BY 4.0 applies to the original compilation and editorial work by Luca Valente. Underlying third-party data retain their source terms, including Coin Metrics CC BY-NC 4.0 where indicated; this export does not replace those terms."
listino,2026-10-05,/blocchi/0/serie/0/punti/256/0,"""2026-06-19""","CoinGecko (market value); DefiLlama (fees, revenue)","{""livelli"": ""2026-10-05"", ""somme"": ""2026-10-04""}",CC BY 4.0,https://creativecommons.org/licenses/by/4.0/,Luca Valente,"CC BY 4.0 applies to the original compilation and editorial work by Luca Valente. Underlying third-party data retain their source terms, including Coin Metrics CC BY-NC 4.0 where indicated; this export does not replace those terms."
listino,2026-10-05,/blocchi/0/serie/0/punti/256/1,2.225257,"CoinGecko (market value); DefiLlama (fees, revenue)","{""livelli"": ""2026-10-05"", ""somme"": ""2026-10-04""}",CC BY 4.0,https://creativecommons.org/licenses/by/4.0/,Luca Valente,"CC BY 4.0 applies to the original compilation and editorial work by Luca Valente. Underlying third-party data retain their source terms, including Coin Metrics CC BY-NC 4.0 where indicated; this export does not replace those terms."
listino,2026-10-05,/blocchi/0/serie/0/punti/257/0,"""2026-06-20""","CoinGecko (market value); DefiLlama (fees, revenue)","{""livelli"": ""2026-10-05"", ""somme"": ""2026-10-04""}",CC BY 4.0,https://creativecommons.org/licenses/by/4.0/,Luca Valente,"CC BY 4.0 applies to the original compilation and editorial work by Luca Valente. Underlying third-party data retain their source terms, including Coin Metrics CC BY-NC 4.0 where indicated; this export does not replace those terms."
listino,2026-10-05,/blocchi/0/serie/0/punti/257/1,2.247634,"CoinGecko (market value); DefiLlama (fees, revenue)","{""livelli"": ""2026-10-05"", ""somme"": ""2026-10-04""}",CC BY 4.0,https://creativecommons.org/licenses/by/4.0/,Luca Valente,"CC BY 4.0 applies to the original compilation and editorial work by Luca Valente. Underlying third-party data retain their source terms, including Coin Metrics CC BY-NC 4.0 where indicated; this export does not replace those terms."
listino,2026-10-05,/blocchi/0/serie/0/punti/258/0,"""2026-06-21""","CoinGecko (market value); DefiLlama (fees, revenue)","{""livelli"": ""2026-10-05"", ""somme"": ""2026-10-04""}",CC BY 4.0,https://creativecommons.org/licenses/by/4.0/,Luca Valente,"CC BY 4.0 applies to the original compilation and editorial work by Luca Valente. Underlying third-party data retain their source terms, including Coin Metrics CC BY-NC 4.0 where indicated; this export does not replace those terms."
listino,2026-10-05,/blocchi/0/serie/0/punti/258/1,2.095291,"CoinGecko (market value); DefiLlama (fees, revenue)","{""livelli"": ""2026-10-05"", ""somme"": ""2026-10-04""}",CC BY 4.0,https://creativecommons.org/licenses/by/4.0/,Luca Valente,"CC BY 4.0 applies to the original compilation and editorial work by Luca Valente. Underlying third-party data retain their source terms, including Coin Metrics CC BY-NC 4.0 where indicated; this export does not replace those terms."
listino,2026-10-05,/blocchi/0/serie/0/punti/259/0,"""2026-06-22""","CoinGecko (market value); DefiLlama (fees, revenue)","{""livelli"": ""2026-10-05"", ""somme"": ""2026-10-04""}",CC BY 4.0,https://creativecommons.org/licenses/by/4.0/,Luca Valente,"CC BY 4.0 applies to the original compilation and editorial work by Luca Valente. Underlying third-party data retain their source terms, including Coin Metrics CC BY-NC 4.0 where indicated; this export does not replace those terms."
listino,2026-10-05,/blocchi/0/serie/0/punti/259/1,2.026044,"CoinGecko (market value); DefiLlama (fees, revenue)","{""livelli"": ""2026-10-05"", ""somme"": ""2026-10-04""}",CC BY 4.0,https://creativecommons.org/licenses/by/4.0/,Luca Valente,"CC BY 4.0 applies to the original compilation and editorial work by Luca Valente. Underlying third-party data retain their source terms, including Coin Metrics CC BY-NC 4.0 where indicated; this export does not replace those terms."
listino,2026-10-05,/blocchi/0/serie/0/punti/260/0,"""2026-06-23""","CoinGecko (market value); DefiLlama (fees, revenue)","{""livelli"": ""2026-10-05"", ""somme"": ""2026-10-04""}",CC BY 4.0,https://creativecommons.org/licenses/by/4.0/,Luca Valente,"CC BY 4.0 applies to the original compilation and editorial work by Luca Valente. Underlying third-party data retain their source terms, including Coin Metrics CC BY-NC 4.0 where indicated; this export does not replace those terms."
listino,2026-10-05,/blocchi/0/serie/0/punti/260/1,2.089577,"CoinGecko (market value); DefiLlama (fees, revenue)","{""livelli"": ""2026-10-05"", ""somme"": ""2026-10-04""}",CC BY 4.0,https://creativecommons.org/licenses/by/4.0/,Luca Valente,"CC BY 4.0 applies to the original compilation and editorial work by Luca Valente. Underlying third-party data retain their source terms, including Coin Metrics CC BY-NC 4.0 where indicated; this export does not replace those terms."
listino,2026-10-05,/blocchi/0/serie/0/punti/261/0,"""2026-06-24""","CoinGecko (market value); DefiLlama (fees, revenue)","{""livelli"": ""2026-10-05"", ""somme"": ""2026-10-04""}",CC BY 4.0,https://creativecommons.org/licenses/by/4.0/,Luca Valente,"CC BY 4.0 applies to the original compilation and editorial work by Luca Valente. Underlying third-party data retain their source terms, including Coin Metrics CC BY-NC 4.0 where indicated; this export does not replace those terms."
listino,2026-10-05,/blocchi/0/serie/0/punti/261/1,2.089941,"CoinGecko (market value); DefiLlama (fees, revenue)","{""livelli"": ""2026-10-05"", ""somme"": ""2026-10-04""}",CC BY 4.0,https://creativecommons.org/licenses/by/4.0/,Luca Valente,"CC BY 4.0 applies to the original compilation and editorial work by Luca Valente. Underlying third-party data retain their source terms, including Coin Metrics CC BY-NC 4.0 where indicated; this export does not replace those terms."
listino,2026-10-05,/blocchi/0/serie/0/punti/262/0,"""2026-06-25""","CoinGecko (market value); DefiLlama (fees, revenue)","{""livelli"": ""2026-10-05"", ""somme"": ""2026-10-04""}",CC BY 4.0,https://creativecommons.org/licenses/by/4.0/,Luca Valente,"CC BY 4.0 applies to the original compilation and editorial work by Luca Valente. Underlying third-party data retain their source terms, including Coin Metrics CC BY-NC 4.0 where indicated; this export does not replace those terms."
listino,2026-10-05,/blocchi/0/serie/0/punti/262/1,2.073401,"CoinGecko (market value); DefiLlama (fees, revenue)","{""livelli"": ""2026-10-05"", ""somme"": ""2026-10-04""}",CC BY 4.0,https://creativecommons.org/licenses/by/4.0/,Luca Valente,"CC BY 4.0 applies to the original compilation and editorial work by Luca Valente. Underlying third-party data retain their source terms, including Coin Metrics CC BY-NC 4.0 where indicated; this export does not replace those terms."
listino,2026-10-05,/blocchi/0/serie/0/punti/263/0,"""2026-06-26""","CoinGecko (market value); DefiLlama (fees, revenue)","{""livelli"": ""2026-10-05"", ""somme"": ""2026-10-04""}",CC BY 4.0,https://creativecommons.org/licenses/by/4.0/,Luca Valente,"CC BY 4.0 applies to the original compilation and editorial work by Luca Valente. Underlying third-party data retain their source terms, including Coin Metrics CC BY-NC 4.0 where indicated; this export does not replace those terms."
listino,2026-10-05,/blocchi/0/serie/0/punti/263/1,2.09867,"CoinGecko (market value); DefiLlama (fees, revenue)","{""livelli"": ""2026-10-05"", ""somme"": ""2026-10-04""}",CC BY 4.0,https://creativecommons.org/licenses/by/4.0/,Luca Valente,"CC BY 4.0 applies to the original compilation and editorial work by Luca Valente. Underlying third-party data retain their source terms, including Coin Metrics CC BY-NC 4.0 where indicated; this export does not replace those terms."
listino,2026-10-05,/blocchi/0/serie/0/punti/264/0,"""2026-06-27""","CoinGecko (market value); DefiLlama (fees, revenue)","{""livelli"": ""2026-10-05"", ""somme"": ""2026-10-04""}",CC BY 4.0,https://creativecommons.org/licenses/by/4.0/,Luca Valente,"CC BY 4.0 applies to the original compilation and editorial work by Luca Valente. Underlying third-party data retain their source terms, including Coin Metrics CC BY-NC 4.0 where indicated; this export does not replace those terms."
listino,2026-10-05,/blocchi/0/serie/0/punti/264/1,2.430225,"CoinGecko (market value); DefiLlama (fees, revenue)","{""livelli"": ""2026-10-05"", ""somme"": ""2026-10-04""}",CC BY 4.0,https://creativecommons.org/licenses/by/4.0/,Luca Valente,"CC BY 4.0 applies to the original compilation and editorial work by Luca Valente. Underlying third-party data retain their source terms, including Coin Metrics CC BY-NC 4.0 where indicated; this export does not replace those terms."
listino,2026-10-05,/blocchi/0/serie/0/punti/265/0,"""2026-06-28""","CoinGecko (market value); DefiLlama (fees, revenue)","{""livelli"": ""2026-10-05"", ""somme"": ""2026-10-04""}",CC BY 4.0,https://creativecommons.org/licenses/by/4.0/,Luca Valente,"CC BY 4.0 applies to the original compilation and editorial work by Luca Valente. Underlying third-party data retain their source terms, including Coin Metrics CC BY-NC 4.0 where indicated; this export does not replace those terms."
listino,2026-10-05,/blocchi/0/serie/0/punti/265/1,2.54676,"CoinGecko (market value); DefiLlama (fees, revenue)","{""livelli"": ""2026-10-05"", ""somme"": ""2026-10-04""}",CC BY 4.0,https://creativecommons.org/licenses/by/4.0/,Luca Valente,"CC BY 4.0 applies to the original compilation and editorial work by Luca Valente. Underlying third-party data retain their source terms, including Coin Metrics CC BY-NC 4.0 where indicated; this export does not replace those terms."
listino,2026-10-05,/blocchi/0/serie/0/punti/266/0,"""2026-06-29""","CoinGecko (market value); DefiLlama (fees, revenue)","{""livelli"": ""2026-10-05"", ""somme"": ""2026-10-04""}",CC BY 4.0,https://creativecommons.org/licenses/by/4.0/,Luca Valente,"CC BY 4.0 applies to the original compilation and editorial work by Luca Valente. Underlying third-party data retain their source terms, including Coin Metrics CC BY-NC 4.0 where indicated; this export does not replace those terms."
listino,2026-10-05,/blocchi/0/serie/0/punti/266/1,2.533401,"CoinGecko (market value); DefiLlama (fees, revenue)","{""livelli"": ""2026-10-05"", ""somme"": ""2026-10-04""}",CC BY 4.0,https://creativecommons.org/licenses/by/4.0/,Luca Valente,"CC BY 4.0 applies to the original compilation and editorial work by Luca Valente. Underlying third-party data retain their source terms, including Coin Metrics CC BY-NC 4.0 where indicated; this export does not replace those terms."
listino,2026-10-05,/blocchi/0/serie/0/punti/267/0,"""2026-06-30""","CoinGecko (market value); DefiLlama (fees, revenue)","{""livelli"": ""2026-10-05"", ""somme"": ""2026-10-04""}",CC BY 4.0,https://creativecommons.org/licenses/by/4.0/,Luca Valente,"CC BY 4.0 applies to the original compilation and editorial work by Luca Valente. Underlying third-party data retain their source terms, including Coin Metrics CC BY-NC 4.0 where indicated; this export does not replace those terms."
listino,2026-10-05,/blocchi/0/serie/0/punti/267/1,2.321717,"CoinGecko (market value); DefiLlama (fees, revenue)","{""livelli"": ""2026-10-05"", ""somme"": ""2026-10-04""}",CC BY 4.0,https://creativecommons.org/licenses/by/4.0/,Luca Valente,"CC BY 4.0 applies to the original compilation and editorial work by Luca Valente. Underlying third-party data retain their source terms, including Coin Metrics CC BY-NC 4.0 where indicated; this export does not replace those terms."
listino,2026-10-05,/blocchi/0/serie/0/punti/268/0,"""2026-07-01""","CoinGecko (market value); DefiLlama (fees, revenue)","{""livelli"": ""2026-10-05"", ""somme"": ""2026-10-04""}",CC BY 4.0,https://creativecommons.org/licenses/by/4.0/,Luca Valente,"CC BY 4.0 applies to the original compilation and editorial work by Luca Valente. Underlying third-party data retain their source terms, including Coin Metrics CC BY-NC 4.0 where indicated; this export does not replace those terms."
listino,2026-10-05,/blocchi/0/serie/0/punti/268/1,2.222009,"CoinGecko (market value); DefiLlama (fees, revenue)","{""livelli"": ""2026-10-05"", ""somme"": ""2026-10-04""}",CC BY 4.0,https://creativecommons.org/licenses/by/4.0/,Luca Valente,"CC BY 4.0 applies to the original compilation and editorial work by Luca Valente. Underlying third-party data retain their source terms, including Coin Metrics CC BY-NC 4.0 where indicated; this export does not replace those terms."
listino,2026-10-05,/blocchi/0/serie/0/punti/269/0,"""2026-07-02""","CoinGecko (market value); DefiLlama (fees, revenue)","{""livelli"": ""2026-10-05"", ""somme"": ""2026-10-04""}",CC BY 4.0,https://creativecommons.org/licenses/by/4.0/,Luca Valente,"CC BY 4.0 applies to the original compilation and editorial work by Luca Valente. Underlying third-party data retain their source terms, including Coin Metrics CC BY-NC 4.0 where indicated; this export does not replace those terms."
listino,2026-10-05,/blocchi/0/serie/0/punti/269/1,2.254648,"CoinGecko (market value); DefiLlama (fees, revenue)","{""livelli"": ""2026-10-05"", ""somme"": ""2026-10-04""}",CC BY 4.0,https://creativecommons.org/licenses/by/4.0/,Luca Valente,"CC BY 4.0 applies to the original compilation and editorial work by Luca Valente. Underlying third-party data retain their source terms, including Coin Metrics CC BY-NC 4.0 where indicated; this export does not replace those terms."
listino,2026-10-05,/blocchi/0/serie/0/punti/270/0,"""2026-07-03""","CoinGecko (market value); DefiLlama (fees, revenue)","{""livelli"": ""2026-10-05"", ""somme"": ""2026-10-04""}",CC BY 4.0,https://creativecommons.org/licenses/by/4.0/,Luca Valente,"CC BY 4.0 applies to the original compilation and editorial work by Luca Valente. Underlying third-party data retain their source terms, including Coin Metrics CC BY-NC 4.0 where indicated; this export does not replace those terms."
listino,2026-10-05,/blocchi/0/serie/0/punti/270/1,2.387601,"CoinGecko (market value); DefiLlama (fees, revenue)","{""livelli"": ""2026-10-05"", ""somme"": ""2026-10-04""}",CC BY 4.0,https://creativecommons.org/licenses/by/4.0/,Luca Valente,"CC BY 4.0 applies to the original compilation and editorial work by Luca Valente. Underlying third-party data retain their source terms, including Coin Metrics CC BY-NC 4.0 where indicated; this export does not replace those terms."
listino,2026-10-05,/blocchi/0/serie/0/punti/271/0,"""2026-07-04""","CoinGecko (market value); DefiLlama (fees, revenue)","{""livelli"": ""2026-10-05"", ""somme"": ""2026-10-04""}",CC BY 4.0,https://creativecommons.org/licenses/by/4.0/,Luca Valente,"CC BY 4.0 applies to the original compilation and editorial work by Luca Valente. Underlying third-party data retain their source terms, including Coin Metrics CC BY-NC 4.0 where indicated; this export does not replace those terms."
listino,2026-10-05,/blocchi/0/serie/0/punti/271/1,2.45485,"CoinGecko (market value); DefiLlama (fees, revenue)","{""livelli"": ""2026-10-05"", ""somme"": ""2026-10-04""}",CC BY 4.0,https://creativecommons.org/licenses/by/4.0/,Luca Valente,"CC BY 4.0 applies to the original compilation and editorial work by Luca Valente. Underlying third-party data retain their source terms, including Coin Metrics CC BY-NC 4.0 where indicated; this export does not replace those terms."
listino,2026-10-05,/blocchi/0/serie/0/punti/272/0,"""2026-07-05""","CoinGecko (market value); DefiLlama (fees, revenue)","{""livelli"": ""2026-10-05"", ""somme"": ""2026-10-04""}",CC BY 4.0,https://creativecommons.org/licenses/by/4.0/,Luca Valente,"CC BY 4.0 applies to the original compilation and editorial work by Luca Valente. Underlying third-party data retain their source terms, including Coin Metrics CC BY-NC 4.0 where indicated; this export does not replace those terms."
listino,2026-10-05,/blocchi/0/serie/0/punti/272/1,2.407926,"CoinGecko (market value); DefiLlama (fees, revenue)","{""livelli"": ""2026-10-05"", ""somme"": ""2026-10-04""}",CC BY 4.0,https://creativecommons.org/licenses/by/4.0/,Luca Valente,"CC BY 4.0 applies to the original compilation and editorial work by Luca Valente. Underlying third-party data retain their source terms, including Coin Metrics CC BY-NC 4.0 where indicated; this export does not replace those terms."
listino,2026-10-05,/blocchi/0/serie/0/punti/273/0,"""2026-07-06""","CoinGecko (market value); DefiLlama (fees, revenue)","{""livelli"": ""2026-10-05"", ""somme"": ""2026-10-04""}",CC BY 4.0,https://creativecommons.org/licenses/by/4.0/,Luca Valente,"CC BY 4.0 applies to the original compilation and editorial work by Luca Valente. Underlying third-party data retain their source terms, including Coin Metrics CC BY-NC 4.0 where indicated; this export does not replace those terms."
listino,2026-10-05,/blocchi/0/serie/0/punti/273/1,2.445396,"CoinGecko (market value); DefiLlama (fees, revenue)","{""livelli"": ""2026-10-05"", ""somme"": ""2026-10-04""}",CC BY 4.0,https://creativecommons.org/licenses/by/4.0/,Luca Valente,"CC BY 4.0 applies to the original compilation and editorial work by Luca Valente. Underlying third-party data retain their source terms, including Coin Metrics CC BY-NC 4.0 where indicated; this export does not replace those terms."
listino,2026-10-05,/blocchi/0/serie/0/punti/274/0,"""2026-07-07""","CoinGecko (market value); DefiLlama (fees, revenue)","{""livelli"": ""2026-10-05"", ""somme"": ""2026-10-04""}",CC BY 4.0,https://creativecommons.org/licenses/by/4.0/,Luca Valente,"CC BY 4.0 applies to the original compilation and editorial work by Luca Valente. Underlying third-party data retain their source terms, including Coin Metrics CC BY-NC 4.0 where indicated; this export does not replace those terms."
listino,2026-10-05,/blocchi/0/serie/0/punti/274/1,2.62876,"CoinGecko (market value); DefiLlama (fees, revenue)","{""livelli"": ""2026-10-05"", ""somme"": ""2026-10-04""}",CC BY 4.0,https://creativecommons.org/licenses/by/4.0/,Luca Valente,"CC BY 4.0 applies to the original compilation and editorial work by Luca Valente. Underlying third-party data retain their source terms, including Coin Metrics CC BY-NC 4.0 where indicated; this export does not replace those terms."
listino,2026-10-05,/blocchi/0/serie/0/punti/275/0,"""2026-07-08""","CoinGecko (market value); DefiLlama (fees, revenue)","{""livelli"": ""2026-10-05"", ""somme"": ""2026-10-04""}",CC BY 4.0,https://creativecommons.org/licenses/by/4.0/,Luca Valente,"CC BY 4.0 applies to the original compilation and editorial work by Luca Valente. Underlying third-party data retain their source terms, including Coin Metrics CC BY-NC 4.0 where indicated; this export does not replace those terms."
listino,2026-10-05,/blocchi/0/serie/0/punti/275/1,2.528348,"CoinGecko (market value); DefiLlama (fees, revenue)","{""livelli"": ""2026-10-05"", ""somme"": ""2026-10-04""}",CC BY 4.0,https://creativecommons.org/licenses/by/4.0/,Luca Valente,"CC BY 4.0 applies to the original compilation and editorial work by Luca Valente. Underlying third-party data retain their source terms, including Coin Metrics CC BY-NC 4.0 where indicated; this export does not replace those terms."
listino,2026-10-05,/blocchi/0/serie/0/punti/276/0,"""2026-07-09""","CoinGecko (market value); DefiLlama (fees, revenue)","{""livelli"": ""2026-10-05"", ""somme"": ""2026-10-04""}",CC BY 4.0,https://creativecommons.org/licenses/by/4.0/,Luca Valente,"CC BY 4.0 applies to the original compilation and editorial work by Luca Valente. Underlying third-party data retain their source terms, including Coin Metrics CC BY-NC 4.0 where indicated; this export does not replace those terms."
listino,2026-10-05,/blocchi/0/serie/0/punti/276/1,2.255119,"CoinGecko (market value); DefiLlama (fees, revenue)","{""livelli"": ""2026-10-05"", ""somme"": ""2026-10-04""}",CC BY 4.0,https://creativecommons.org/licenses/by/4.0/,Luca Valente,"CC BY 4.0 applies to the original compilation and editorial work by Luca Valente. Underlying third-party data retain their source terms, including Coin Metrics CC BY-NC 4.0 where indicated; this export does not replace those terms."
listino,2026-10-05,/blocchi/0/serie/0/punti/277/0,"""2026-07-10""","CoinGecko (market value); DefiLlama (fees, revenue)","{""livelli"": ""2026-10-05"", ""somme"": ""2026-10-04""}",CC BY 4.0,https://creativecommons.org/licenses/by/4.0/,Luca Valente,"CC BY 4.0 applies to the original compilation and editorial work by Luca Valente. Underlying third-party data retain their source terms, including Coin Metrics CC BY-NC 4.0 where indicated; this export does not replace those terms."
listino,2026-10-05,/blocchi/0/serie/0/punti/277/1,2.349073,"CoinGecko (market value); DefiLlama (fees, revenue)","{""livelli"": ""2026-10-05"", ""somme"": ""2026-10-04""}",CC BY 4.0,https://creativecommons.org/licenses/by/4.0/,Luca Valente,"CC BY 4.0 applies to the original compilation and editorial work by Luca Valente. Underlying third-party data retain their source terms, including Coin Metrics CC BY-NC 4.0 where indicated; this export does not replace those terms."
listino,2026-10-05,/blocchi/0/serie/0/punti/278/0,"""2026-07-11""","CoinGecko (market value); DefiLlama (fees, revenue)","{""livelli"": ""2026-10-05"", ""somme"": ""2026-10-04""}",CC BY 4.0,https://creativecommons.org/licenses/by/4.0/,Luca Valente,"CC BY 4.0 applies to the original compilation and editorial work by Luca Valente. Underlying third-party data retain their source terms, including Coin Metrics CC BY-NC 4.0 where indicated; this export does not replace those terms."
listino,2026-10-05,/blocchi/0/serie/0/punti/278/1,2.428218,"CoinGecko (market value); DefiLlama (fees, revenue)","{""livelli"": ""2026-10-05"", ""somme"": ""2026-10-04""}",CC BY 4.0,https://creativecommons.org/licenses/by/4.0/,Luca Valente,"CC BY 4.0 applies to the original compilation and editorial work by Luca Valente. Underlying third-party data retain their source terms, including Coin Metrics CC BY-NC 4.0 where indicated; this export does not replace those terms."
listino,2026-10-05,/blocchi/0/serie/0/punti/279/0,"""2026-07-12""","CoinGecko (market value); DefiLlama (fees, revenue)","{""livelli"": ""2026-10-05"", ""somme"": ""2026-10-04""}",CC BY 4.0,https://creativecommons.org/licenses/by/4.0/,Luca Valente,"CC BY 4.0 applies to the original compilation and editorial work by Luca Valente. Underlying third-party data retain their source terms, including Coin Metrics CC BY-NC 4.0 where indicated; this export does not replace those terms."
listino,2026-10-05,/blocchi/0/serie/0/punti/279/1,2.442238,"CoinGecko (market value); DefiLlama (fees, revenue)","{""livelli"": ""2026-10-05"", ""somme"": ""2026-10-04""}",CC BY 4.0,https://creativecommons.org/licenses/by/4.0/,Luca Valente,"CC BY 4.0 applies to the original compilation and editorial work by Luca Valente. Underlying third-party data retain their source terms, including Coin Metrics CC BY-NC 4.0 where indicated; this export does not replace those terms."
listino,2026-10-05,/blocchi/0/serie/0/punti/280/0,"""2026-07-13""","CoinGecko (market value); DefiLlama (fees, revenue)","{""livelli"": ""2026-10-05"", ""somme"": ""2026-10-04""}",CC BY 4.0,https://creativecommons.org/licenses/by/4.0/,Luca Valente,"CC BY 4.0 applies to the original compilation and editorial work by Luca Valente. Underlying third-party data retain their source terms, including Coin Metrics CC BY-NC 4.0 where indicated; this export does not replace those terms."
listino,2026-10-05,/blocchi/0/serie/0/punti/280/1,2.450334,"CoinGecko (market value); DefiLlama (fees, revenue)","{""livelli"": ""2026-10-05"", ""somme"": ""2026-10-04""}",CC BY 4.0,https://creativecommons.org/licenses/by/4.0/,Luca Valente,"CC BY 4.0 applies to the original compilation and editorial work by Luca Valente. Underlying third-party data retain their source terms, including Coin Metrics CC BY-NC 4.0 where indicated; this export does not replace those terms."
listino,2026-10-05,/blocchi/0/serie/0/punti/281/0,"""2026-07-14""","CoinGecko (market value); DefiLlama (fees, revenue)","{""livelli"": ""2026-10-05"", ""somme"": ""2026-10-04""}",CC BY 4.0,https://creativecommons.org/licenses/by/4.0/,Luca Valente,"CC BY 4.0 applies to the original compilation and editorial work by Luca Valente. Underlying third-party data retain their source terms, including Coin Metrics CC BY-NC 4.0 where indicated; this export does not replace those terms."
listino,2026-10-05,/blocchi/0/serie/0/punti/281/1,2.549632,"CoinGecko (market value); DefiLlama (fees, revenue)","{""livelli"": ""2026-10-05"", ""somme"": ""2026-10-04""}",CC BY 4.0,https://creativecommons.org/licenses/by/4.0/,Luca Valente,"CC BY 4.0 applies to the original compilation and editorial work by Luca Valente. Underlying third-party data retain their source terms, including Coin Metrics CC BY-NC 4.0 where indicated; this export does not replace those terms."
listino,2026-10-05,/blocchi/0/serie/0/punti/282/0,"""2026-07-15""","CoinGecko (market value); DefiLlama (fees, revenue)","{""livelli"": ""2026-10-05"", ""somme"": ""2026-10-04""}",CC BY 4.0,https://creativecommons.org/licenses/by/4.0/,Luca Valente,"CC BY 4.0 applies to the original compilation and editorial work by Luca Valente. Underlying third-party data retain their source terms, including Coin Metrics CC BY-NC 4.0 where indicated; this export does not replace those terms."
listino,2026-10-05,/blocchi/0/serie/0/punti/282/1,2.570766,"CoinGecko (market value); DefiLlama (fees, revenue)","{""livelli"": ""2026-10-05"", ""somme"": ""2026-10-04""}",CC BY 4.0,https://creativecommons.org/licenses/by/4.0/,Luca Valente,"CC BY 4.0 applies to the original compilation and editorial work by Luca Valente. Underlying third-party data retain their source terms, including Coin Metrics CC BY-NC 4.0 where indicated; this export does not replace those terms."
listino,2026-10-05,/blocchi/0/serie/0/punti/283/0,"""2026-07-16""","CoinGecko (market value); DefiLlama (fees, revenue)","{""livelli"": ""2026-10-05"", ""somme"": ""2026-10-04""}",CC BY 4.0,https://creativecommons.org/licenses/by/4.0/,Luca Valente,"CC BY 4.0 applies to the original compilation and editorial work by Luca Valente. Underlying third-party data retain their source terms, including Coin Metrics CC BY-NC 4.0 where indicated; this export does not replace those terms."
listino,2026-10-05,/blocchi/0/serie/0/punti/283/1,2.509685,"CoinGecko (market value); DefiLlama (fees, revenue)","{""livelli"": ""2026-10-05"", ""somme"": ""2026-10-04""}",CC BY 4.0,https://creativecommons.org/licenses/by/4.0/,Luca Valente,"CC BY 4.0 applies to the original compilation and editorial work by Luca Valente. Underlying third-party data retain their source terms, including Coin Metrics CC BY-NC 4.0 where indicated; this export does not replace those terms."
listino,2026-10-05,/blocchi/0/serie/0/punti/284/0,"""2026-07-17""","CoinGecko (market value); DefiLlama (fees, revenue)","{""livelli"": ""2026-10-05"", ""somme"": ""2026-10-04""}",CC BY 4.0,https://creativecommons.org/licenses/by/4.0/,Luca Valente,"CC BY 4.0 applies to the original compilation and editorial work by Luca Valente. Underlying third-party data retain their source terms, including Coin Metrics CC BY-NC 4.0 where indicated; this export does not replace those terms."
listino,2026-10-05,/blocchi/0/serie/0/punti/284/1,2.356889,"CoinGecko (market value); DefiLlama (fees, revenue)","{""livelli"": ""2026-10-05"", ""somme"": ""2026-10-04""}",CC BY 4.0,https://creativecommons.org/licenses/by/4.0/,Luca Valente,"CC BY 4.0 applies to the original compilation and editorial work by Luca Valente. Underlying third-party data retain their source terms, including Coin Metrics CC BY-NC 4.0 where indicated; this export does not replace those terms."
listino,2026-10-05,/blocchi/0/serie/0/punti/285/0,"""2026-07-18""","CoinGecko (market value); DefiLlama (fees, revenue)","{""livelli"": ""2026-10-05"", ""somme"": ""2026-10-04""}",CC BY 4.0,https://creativecommons.org/licenses/by/4.0/,Luca Valente,"CC BY 4.0 applies to the original compilation and editorial work by Luca Valente. Underlying third-party data retain their source terms, including Coin Metrics CC BY-NC 4.0 where indicated; this export does not replace those terms."
listino,2026-10-05,/blocchi/0/serie/0/punti/285/1,2.363588,"CoinGecko (market value); DefiLlama (fees, revenue)","{""livelli"": ""2026-10-05"", ""somme"": ""2026-10-04""}",CC BY 4.0,https://creativecommons.org/licenses/by/4.0/,Luca Valente,"CC BY 4.0 applies to the original compilation and editorial work by Luca Valente. Underlying third-party data retain their source terms, including Coin Metrics CC BY-NC 4.0 where indicated; this export does not replace those terms."
listino,2026-10-05,/blocchi/0/serie/0/punti/286/0,"""2026-07-19""","CoinGecko (market value); DefiLlama (fees, revenue)","{""livelli"": ""2026-10-05"", ""somme"": ""2026-10-04""}",CC BY 4.0,https://creativecommons.org/licenses/by/4.0/,Luca Valente,"CC BY 4.0 applies to the original compilation and editorial work by Luca Valente. Underlying third-party data retain their source terms, including Coin Metrics CC BY-NC 4.0 where indicated; this export does not replace those terms."
listino,2026-10-05,/blocchi/0/serie/0/punti/286/1,2.282896,"CoinGecko (market value); DefiLlama (fees, revenue)","{""livelli"": ""2026-10-05"", ""somme"": ""2026-10-04""}",CC BY 4.0,https://creativecommons.org/licenses/by/4.0/,Luca Valente,"CC BY 4.0 applies to the original compilation and editorial work by Luca Valente. Underlying third-party data retain their source terms, including Coin Metrics CC BY-NC 4.0 where indicated; this export does not replace those terms."
listino,2026-10-05,/blocchi/0/serie/0/punti/287/0,"""2026-07-20""","CoinGecko (market value); DefiLlama (fees, revenue)","{""livelli"": ""2026-10-05"", ""somme"": ""2026-10-04""}",CC BY 4.0,https://creativecommons.org/licenses/by/4.0/,Luca Valente,"CC BY 4.0 applies to the original compilation and editorial work by Luca Valente. Underlying third-party data retain their source terms, including Coin Metrics CC BY-NC 4.0 where indicated; this export does not replace those terms."
listino,2026-10-05,/blocchi/0/serie/0/punti/287/1,2.35444,"CoinGecko (market value); DefiLlama (fees, revenue)","{""livelli"": ""2026-10-05"", ""somme"": ""2026-10-04""}",CC BY 4.0,https://creativecommons.org/licenses/by/4.0/,Luca Valente,"CC BY 4.0 applies to the original compilation and editorial work by Luca Valente. Underlying third-party data retain their source terms, including Coin Metrics CC BY-NC 4.0 where indicated; this export does not replace those terms."
listino,2026-10-05,/blocchi/0/serie/0/punti/288/0,"""2026-07-21""","CoinGecko (market value); DefiLlama (fees, revenue)","{""livelli"": ""2026-10-05"", ""somme"": ""2026-10-04""}",CC BY 4.0,https://creativecommons.org/licenses/by/4.0/,Luca Valente,"CC BY 4.0 applies to the original compilation and editorial work by Luca Valente. Underlying third-party data retain their source terms, including Coin Metrics CC BY-NC 4.0 where indicated; this export does not replace those terms."
listino,2026-10-05,/blocchi/0/serie/0/punti/288/1,2.514084,"CoinGecko (market value); DefiLlama (fees, revenue)","{""livelli"": ""2026-10-05"", ""somme"": ""2026-10-04""}",CC BY 4.0,https://creativecommons.org/licenses/by/4.0/,Luca Valente,"CC BY 4.0 applies to the original compilation and editorial work by Luca Valente. Underlying third-party data retain their source terms, including Coin Metrics CC BY-NC 4.0 where indicated; this export does not replace those terms."
listino,2026-10-05,/blocchi/0/serie/0/punti/289/0,"""2026-07-22""","CoinGecko (market value); DefiLlama (fees, revenue)","{""livelli"": ""2026-10-05"", ""somme"": ""2026-10-04""}",CC BY 4.0,https://creativecommons.org/licenses/by/4.0/,Luca Valente,"CC BY 4.0 applies to the original compilation and editorial work by Luca Valente. Underlying third-party data retain their source terms, including Coin Metrics CC BY-NC 4.0 where indicated; this export does not replace those terms."
listino,2026-10-05,/blocchi/0/serie/0/punti/289/1,2.52369,"CoinGecko (market value); DefiLlama (fees, revenue)","{""livelli"": ""2026-10-05"", ""somme"": ""2026-10-04""}",CC BY 4.0,https://creativecommons.org/licenses/by/4.0/,Luca Valente,"CC BY 4.0 applies to the original compilation and editorial work by Luca Valente. Underlying third-party data retain their source terms, including Coin Metrics CC BY-NC 4.0 where indicated; this export does not replace those terms."
listino,2026-10-05,/blocchi/0/serie/0/punti/290/0,"""2026-07-23""","CoinGecko (market value); DefiLlama (fees, revenue)","{""livelli"": ""2026-10-05"", ""somme"": ""2026-10-04""}",CC BY 4.0,https://creativecommons.org/licenses/by/4.0/,Luca Valente,"CC BY 4.0 applies to the original compilation and editorial work by Luca Valente. Underlying third-party data retain their source terms, including Coin Metrics CC BY-NC 4.0 where indicated; this export does not replace those terms."
listino,2026-10-05,/blocchi/0/serie/0/punti/290/1,2.507225,"CoinGecko (market value); DefiLlama (fees, revenue)","{""livelli"": ""2026-10-05"", ""somme"": ""2026-10-04""}",CC BY 4.0,https://creativecommons.org/licenses/by/4.0/,Luca Valente,"CC BY 4.0 applies to the original compilation and editorial work by Luca Valente. Underlying third-party data retain their source terms, including Coin Metrics CC BY-NC 4.0 where indicated; this export does not replace those terms."
listino,2026-10-05,/blocchi/0/serie/0/punti/291/0,"""2026-07-24""","CoinGecko (market value); DefiLlama (fees, revenue)","{""livelli"": ""2026-10-05"", ""somme"": ""2026-10-04""}",CC BY 4.0,https://creativecommons.org/licenses/by/4.0/,Luca Valente,"CC BY 4.0 applies to the original compilation and editorial work by Luca Valente. Underlying third-party data retain their source terms, including Coin Metrics CC BY-NC 4.0 where indicated; this export does not replace those terms."
listino,2026-10-05,/blocchi/0/serie/0/punti/291/1,2.504269,"CoinGecko (market value); DefiLlama (fees, revenue)","{""livelli"": ""2026-10-05"", ""somme"": ""2026-10-04""}",CC BY 4.0,https://creativecommons.org/licenses/by/4.0/,Luca Valente,"CC BY 4.0 applies to the original compilation and editorial work by Luca Valente. Underlying third-party data retain their source terms, including Coin Metrics CC BY-NC 4.0 where indicated; this export does not replace those terms."
listino,2026-10-05,/blocchi/0/serie/0/punti/292/0,"""2026-07-25""","CoinGecko (market value); DefiLlama (fees, revenue)","{""livelli"": ""2026-10-05"", ""somme"": ""2026-10-04""}",CC BY 4.0,https://creativecommons.org/licenses/by/4.0/,Luca Valente,"CC BY 4.0 applies to the original compilation and editorial work by Luca Valente. Underlying third-party data retain their source terms, including Coin Metrics CC BY-NC 4.0 where indicated; this export does not replace those terms."
listino,2026-10-05,/blocchi/0/serie/0/punti/292/1,2.423838,"CoinGecko (market value); DefiLlama (fees, revenue)","{""livelli"": ""2026-10-05"", ""somme"": ""2026-10-04""}",CC BY 4.0,https://creativecommons.org/licenses/by/4.0/,Luca Valente,"CC BY 4.0 applies to the original compilation and editorial work by Luca Valente. Underlying third-party data retain their source terms, including Coin Metrics CC BY-NC 4.0 where indicated; this export does not replace those terms."
listino,2026-10-05,/blocchi/0/serie/0/punti/293/0,"""2026-07-26""","CoinGecko (market value); DefiLlama (fees, revenue)","{""livelli"": ""2026-10-05"", ""somme"": ""2026-10-04""}",CC BY 4.0,https://creativecommons.org/licenses/by/4.0/,Luca Valente,"CC BY 4.0 applies to the original compilation and editorial work by Luca Valente. Underlying third-party data retain their source terms, including Coin Metrics CC BY-NC 4.0 where indicated; this export does not replace those terms."
listino,2026-10-05,/blocchi/0/serie/0/punti/293/1,2.389258,"CoinGecko (market value); DefiLlama (fees, revenue)","{""livelli"": ""2026-10-05"", ""somme"": ""2026-10-04""}",CC BY 4.0,https://creativecommons.org/licenses/by/4.0/,Luca Valente,"CC BY 4.0 applies to the original compilation and editorial work by Luca Valente. Underlying third-party data retain their source terms, including Coin Metrics CC BY-NC 4.0 where indicated; this export does not replace those terms."
listino,2026-10-05,/blocchi/0/serie/0/punti/294/0,"""2026-07-27""","CoinGecko (market value); DefiLlama (fees, revenue)","{""livelli"": ""2026-10-05"", ""somme"": ""2026-10-04""}",CC BY 4.0,https://creativecommons.org/licenses/by/4.0/,Luca Valente,"CC BY 4.0 applies to the original compilation and editorial work by Luca Valente. Underlying third-party data retain their source terms, including Coin Metrics CC BY-NC 4.0 where indicated; this export does not replace those terms."
listino,2026-10-05,/blocchi/0/serie/0/punti/294/1,2.404818,"CoinGecko (market value); DefiLlama (fees, revenue)","{""livelli"": ""2026-10-05"", ""somme"": ""2026-10-04""}",CC BY 4.0,https://creativecommons.org/licenses/by/4.0/,Luca Valente,"CC BY 4.0 applies to the original compilation and editorial work by Luca Valente. Underlying third-party data retain their source terms, including Coin Metrics CC BY-NC 4.0 where indicated; this export does not replace those terms."
listino,2026-10-05,/blocchi/0/serie/0/punti/295/0,"""2026-07-28""","CoinGecko (market value); DefiLlama (fees, revenue)","{""livelli"": ""2026-10-05"", ""somme"": ""2026-10-04""}",CC BY 4.0,https://creativecommons.org/licenses/by/4.0/,Luca Valente,"CC BY 4.0 applies to the original compilation and editorial work by Luca Valente. Underlying third-party data retain their source terms, including Coin Metrics CC BY-NC 4.0 where indicated; this export does not replace those terms."
listino,2026-10-05,/blocchi/0/serie/0/punti/295/1,2.323794,"CoinGecko (market value); DefiLlama (fees, revenue)","{""livelli"": ""2026-10-05"", ""somme"": ""2026-10-04""}",CC BY 4.0,https://creativecommons.org/licenses/by/4.0/,Luca Valente,"CC BY 4.0 applies to the original compilation and editorial work by Luca Valente. Underlying third-party data retain their source terms, including Coin Metrics CC BY-NC 4.0 where indicated; this export does not replace those terms."
listino,2026-10-05,/blocchi/0/serie/0/punti/296/0,"""2026-07-29""","CoinGecko (market value); DefiLlama (fees, revenue)","{""livelli"": ""2026-10-05"", ""somme"": ""2026-10-04""}",CC BY 4.0,https://creativecommons.org/licenses/by/4.0/,Luca Valente,"CC BY 4.0 applies to the original compilation and editorial work by Luca Valente. Underlying third-party data retain their source terms, including Coin Metrics CC BY-NC 4.0 where indicated; this export does not replace those terms."
listino,2026-10-05,/blocchi/0/serie/0/punti/296/1,2.260506,"CoinGecko (market value); DefiLlama (fees, revenue)","{""livelli"": ""2026-10-05"", ""somme"": ""2026-10-04""}",CC BY 4.0,https://creativecommons.org/licenses/by/4.0/,Luca Valente,"CC BY 4.0 applies to the original compilation and editorial work by Luca Valente. Underlying third-party data retain their source terms, including Coin Metrics CC BY-NC 4.0 where indicated; this export does not replace those terms."
listino,2026-10-05,/blocchi/0/serie/0/punti/297/0,"""2026-07-30""","CoinGecko (market value); DefiLlama (fees, revenue)","{""livelli"": ""2026-10-05"", ""somme"": ""2026-10-04""}",CC BY 4.0,https://creativecommons.org/licenses/by/4.0/,Luca Valente,"CC BY 4.0 applies to the original compilation and editorial work by Luca Valente. Underlying third-party data retain their source terms, including Coin Metrics CC BY-NC 4.0 where indicated; this export does not replace those terms."
listino,2026-10-05,/blocchi/0/serie/0/punti/297/1,2.279396,"CoinGecko (market value); DefiLlama (fees, revenue)","{""livelli"": ""2026-10-05"", ""somme"": ""2026-10-04""}",CC BY 4.0,https://creativecommons.org/licenses/by/4.0/,Luca Valente,"CC BY 4.0 applies to the original compilation and editorial work by Luca Valente. Underlying third-party data retain their source terms, including Coin Metrics CC BY-NC 4.0 where indicated; this export does not replace those terms."
listino,2026-10-05,/blocchi/0/serie/0/punti/298/0,"""2026-07-31""","CoinGecko (market value); DefiLlama (fees, revenue)","{""livelli"": ""2026-10-05"", ""somme"": ""2026-10-04""}",CC BY 4.0,https://creativecommons.org/licenses/by/4.0/,Luca Valente,"CC BY 4.0 applies to the original compilation and editorial work by Luca Valente. Underlying third-party data retain their source terms, including Coin Metrics CC BY-NC 4.0 where indicated; this export does not replace those terms."
listino,2026-10-05,/blocchi/0/serie/0/punti/298/1,2.15517,"CoinGecko (market value); DefiLlama (fees, revenue)","{""livelli"": ""2026-10-05"", ""somme"": ""2026-10-04""}",CC BY 4.0,https://creativecommons.org/licenses/by/4.0/,Luca Valente,"CC BY 4.0 applies to the original compilation and editorial work by Luca Valente. Underlying third-party data retain their source terms, including Coin Metrics CC BY-NC 4.0 where indicated; this export does not replace those terms."
listino,2026-10-05,/blocchi/0/serie/0/punti/299/0,"""2026-08-01""","CoinGecko (market value); DefiLlama (fees, revenue)","{""livelli"": ""2026-10-05"", ""somme"": ""2026-10-04""}",CC BY 4.0,https://creativecommons.org/licenses/by/4.0/,Luca Valente,"CC BY 4.0 applies to the original compilation and editorial work by Luca Valente. Underlying third-party data retain their source terms, including Coin Metrics CC BY-NC 4.0 where indicated; this export does not replace those terms."
listino,2026-10-05,/blocchi/0/serie/0/punti/299/1,2.182779,"CoinGecko (market value); DefiLlama (fees, revenue)","{""livelli"": ""2026-10-05"", ""somme"": ""2026-10-04""}",CC BY 4.0,https://creativecommons.org/licenses/by/4.0/,Luca Valente,"CC BY 4.0 applies to the original compilation and editorial work by Luca Valente. Underlying third-party data retain their source terms, including Coin Metrics CC BY-NC 4.0 where indicated; this export does not replace those terms."
listino,2026-10-05,/blocchi/0/serie/0/punti/300/0,"""2026-08-02""","CoinGecko (market value); DefiLlama (fees, revenue)","{""livelli"": ""2026-10-05"", ""somme"": ""2026-10-04""}",CC BY 4.0,https://creativecommons.org/licenses/by/4.0/,Luca Valente,"CC BY 4.0 applies to the original compilation and editorial work by Luca Valente. Underlying third-party data retain their source terms, including Coin Metrics CC BY-NC 4.0 where indicated; this export does not replace those terms."
listino,2026-10-05,/blocchi/0/serie/0/punti/300/1,2.133066,"CoinGecko (market value); DefiLlama (fees, revenue)","{""livelli"": ""2026-10-05"", ""somme"": ""2026-10-04""}",CC BY 4.0,https://creativecommons.org/licenses/by/4.0/,Luca Valente,"CC BY 4.0 applies to the original compilation and editorial work by Luca Valente. Underlying third-party data retain their source terms, including Coin Metrics CC BY-NC 4.0 where indicated; this export does not replace those terms."
listino,2026-10-05,/blocchi/0/serie/0/punti/301/0,"""2026-08-03""","CoinGecko (market value); DefiLlama (fees, revenue)","{""livelli"": ""2026-10-05"", ""somme"": ""2026-10-04""}",CC BY 4.0,https://creativecommons.org/licenses/by/4.0/,Luca Valente,"CC BY 4.0 applies to the original compilation and editorial work by Luca Valente. Underlying third-party data retain their source terms, including Coin Metrics CC BY-NC 4.0 where indicated; this export does not replace those terms."
listino,2026-10-05,/blocchi/0/serie/0/punti/301/1,2.128115,"CoinGecko (market value); DefiLlama (fees, revenue)","{""livelli"": ""2026-10-05"", ""somme"": ""2026-10-04""}",CC BY 4.0,https://creativecommons.org/licenses/by/4.0/,Luca Valente,"CC BY 4.0 applies to the original compilation and editorial work by Luca Valente. Underlying third-party data retain their source terms, including Coin Metrics CC BY-NC 4.0 where indicated; this export does not replace those terms."
listino,2026-10-05,/blocchi/0/serie/0/punti/302/0,"""2026-08-04""","CoinGecko (market value); DefiLlama (fees, revenue)","{""livelli"": ""2026-10-05"", ""somme"": ""2026-10-04""}",CC BY 4.0,https://creativecommons.org/licenses/by/4.0/,Luca Valente,"CC BY 4.0 applies to the original compilation and editorial work by Luca Valente. Underlying third-party data retain their source terms, including Coin Metrics CC BY-NC 4.0 where indicated; this export does not replace those terms."
listino,2026-10-05,/blocchi/0/serie/0/punti/302/1,2.193683,"CoinGecko (market value); DefiLlama (fees, revenue)","{""livelli"": ""2026-10-05"", ""somme"": ""2026-10-04""}",CC BY 4.0,https://creativecommons.org/licenses/by/4.0/,Luca Valente,"CC BY 4.0 applies to the original compilation and editorial work by Luca Valente. Underlying third-party data retain their source terms, including Coin Metrics CC BY-NC 4.0 where indicated; this export does not replace those terms."
listino,2026-10-05,/blocchi/0/serie/0/punti/303/0,"""2026-08-05""","CoinGecko (market value); DefiLlama (fees, revenue)","{""livelli"": ""2026-10-05"", ""somme"": ""2026-10-04""}",CC BY 4.0,https://creativecommons.org/licenses/by/4.0/,Luca Valente,"CC BY 4.0 applies to the original compilation and editorial work by Luca Valente. Underlying third-party data retain their source terms, including Coin Metrics CC BY-NC 4.0 where indicated; this export does not replace those terms."
listino,2026-10-05,/blocchi/0/serie/0/punti/303/1,2.158805,"CoinGecko (market value); DefiLlama (fees, revenue)","{""livelli"": ""2026-10-05"", ""somme"": ""2026-10-04""}",CC BY 4.0,https://creativecommons.org/licenses/by/4.0/,Luca Valente,"CC BY 4.0 applies to the original compilation and editorial work by Luca Valente. Underlying third-party data retain their source terms, including Coin Metrics CC BY-NC 4.0 where indicated; this export does not replace those terms."
listino,2026-10-05,/blocchi/0/serie/0/punti/304/0,"""2026-08-06""","CoinGecko (market value); DefiLlama (fees, revenue)","{""livelli"": ""2026-10-05"", ""somme"": ""2026-10-04""}",CC BY 4.0,https://creativecommons.org/licenses/by/4.0/,Luca Valente,"CC BY 4.0 applies to the original compilation and editorial work by Luca Valente. Underlying third-party data retain their source terms, including Coin Metrics CC BY-NC 4.0 where indicated; this export does not replace those terms."
listino,2026-10-05,/blocchi/0/serie/0/punti/304/1,2.229519,"CoinGecko (market value); DefiLlama (fees, revenue)","{""livelli"": ""2026-10-05"", ""somme"": ""2026-10-04""}",CC BY 4.0,https://creativecommons.org/licenses/by/4.0/,Luca Valente,"CC BY 4.0 applies to the original compilation and editorial work by Luca Valente. Underlying third-party data retain their source terms, including Coin Metrics CC BY-NC 4.0 where indicated; this export does not replace those terms."
listino,2026-10-05,/blocchi/0/serie/0/punti/305/0,"""2026-08-07""","CoinGecko (market value); DefiLlama (fees, revenue)","{""livelli"": ""2026-10-05"", ""somme"": ""2026-10-04""}",CC BY 4.0,https://creativecommons.org/licenses/by/4.0/,Luca Valente,"CC BY 4.0 applies to the original compilation and editorial work by Luca Valente. Underlying third-party data retain their source terms, including Coin Metrics CC BY-NC 4.0 where indicated; this export does not replace those terms."
listino,2026-10-05,/blocchi/0/serie/0/punti/305/1,2.098693,"CoinGecko (market value); DefiLlama (fees, revenue)","{""livelli"": ""2026-10-05"", ""somme"": ""2026-10-04""}",CC BY 4.0,https://creativecommons.org/licenses/by/4.0/,Luca Valente,"CC BY 4.0 applies to the original compilation and editorial work by Luca Valente. Underlying third-party data retain their source terms, including Coin Metrics CC BY-NC 4.0 where indicated; this export does not replace those terms."
listino,2026-10-05,/blocchi/0/serie/0/punti/306/0,"""2026-08-08""","CoinGecko (market value); DefiLlama (fees, revenue)","{""livelli"": ""2026-10-05"", ""somme"": ""2026-10-04""}",CC BY 4.0,https://creativecommons.org/licenses/by/4.0/,Luca Valente,"CC BY 4.0 applies to the original compilation and editorial work by Luca Valente. Underlying third-party data retain their source terms, including Coin Metrics CC BY-NC 4.0 where indicated; this export does not replace those terms."
listino,2026-10-05,/blocchi/0/serie/0/punti/306/1,2.113959,"CoinGecko (market value); DefiLlama (fees, revenue)","{""livelli"": ""2026-10-05"", ""somme"": ""2026-10-04""}",CC BY 4.0,https://creativecommons.org/licenses/by/4.0/,Luca Valente,"CC BY 4.0 applies to the original compilation and editorial work by Luca Valente. Underlying third-party data retain their source terms, including Coin Metrics CC BY-NC 4.0 where indicated; this export does not replace those terms."
listino,2026-10-05,/blocchi/0/serie/0/punti/307/0,"""2026-08-09""","CoinGecko (market value); DefiLlama (fees, revenue)","{""livelli"": ""2026-10-05"", ""somme"": ""2026-10-04""}",CC BY 4.0,https://creativecommons.org/licenses/by/4.0/,Luca Valente,"CC BY 4.0 applies to the original compilation and editorial work by Luca Valente. Underlying third-party data retain their source terms, including Coin Metrics CC BY-NC 4.0 where indicated; this export does not replace those terms."
listino,2026-10-05,/blocchi/0/serie/0/punti/307/1,2.168692,"CoinGecko (market value); DefiLlama (fees, revenue)","{""livelli"": ""2026-10-05"", ""somme"": ""2026-10-04""}",CC BY 4.0,https://creativecommons.org/licenses/by/4.0/,Luca Valente,"CC BY 4.0 applies to the original compilation and editorial work by Luca Valente. Underlying third-party data retain their source terms, including Coin Metrics CC BY-NC 4.0 where indicated; this export does not replace those terms."
listino,2026-10-05,/blocchi/0/serie/0/punti/308/0,"""2026-08-10""","CoinGecko (market value); DefiLlama (fees, revenue)","{""livelli"": ""2026-10-05"", ""somme"": ""2026-10-04""}",CC BY 4.0,https://creativecommons.org/licenses/by/4.0/,Luca Valente,"CC BY 4.0 applies to the original compilation and editorial work by Luca Valente. Underlying third-party data retain their source terms, including Coin Metrics CC BY-NC 4.0 where indicated; this export does not replace those terms."
listino,2026-10-05,/blocchi/0/serie/0/punti/308/1,2.203702,"CoinGecko (market value); DefiLlama (fees, revenue)","{""livelli"": ""2026-10-05"", ""somme"": ""2026-10-04""}",CC BY 4.0,https://creativecommons.org/licenses/by/4.0/,Luca Valente,"CC BY 4.0 applies to the original compilation and editorial work by Luca Valente. Underlying third-party data retain their source terms, including Coin Metrics CC BY-NC 4.0 where indicated; this export does not replace those terms."
listino,2026-10-05,/blocchi/0/serie/0/punti/309/0,"""2026-08-11""","CoinGecko (market value); DefiLlama (fees, revenue)","{""livelli"": ""2026-10-05"", ""somme"": ""2026-10-04""}",CC BY 4.0,https://creativecommons.org/licenses/by/4.0/,Luca Valente,"CC BY 4.0 applies to the original compilation and editorial work by Luca Valente. Underlying third-party data retain their source terms, including Coin Metrics CC BY-NC 4.0 where indicated; this export does not replace those terms."
listino,2026-10-05,/blocchi/0/serie/0/punti/309/1,2.257693,"CoinGecko (market value); DefiLlama (fees, revenue)","{""livelli"": ""2026-10-05"", ""somme"": ""2026-10-04""}",CC BY 4.0,https://creativecommons.org/licenses/by/4.0/,Luca Valente,"CC BY 4.0 applies to the original compilation and editorial work by Luca Valente. Underlying third-party data retain their source terms, including Coin Metrics CC BY-NC 4.0 where indicated; this export does not replace those terms."
listino,2026-10-05,/blocchi/0/serie/0/punti/310/0,"""2026-08-12""","CoinGecko (market value); DefiLlama (fees, revenue)","{""livelli"": ""2026-10-05"", ""somme"": ""2026-10-04""}",CC BY 4.0,https://creativecommons.org/licenses/by/4.0/,Luca Valente,"CC BY 4.0 applies to the original compilation and editorial work by Luca Valente. Underlying third-party data retain their source terms, including Coin Metrics CC BY-NC 4.0 where indicated; this export does not replace those terms."
listino,2026-10-05,/blocchi/0/serie/0/punti/310/1,2.264412,"CoinGecko (market value); DefiLlama (fees, revenue)","{""livelli"": ""2026-10-05"", ""somme"": ""2026-10-04""}",CC BY 4.0,https://creativecommons.org/licenses/by/4.0/,Luca Valente,"CC BY 4.0 applies to the original compilation and editorial work by Luca Valente. Underlying third-party data retain their source terms, including Coin Metrics CC BY-NC 4.0 where indicated; this export does not replace those terms."
listino,2026-10-05,/blocchi/0/serie/0/punti/311/0,"""2026-08-13""","CoinGecko (market value); DefiLlama (fees, revenue)","{""livelli"": ""2026-10-05"", ""somme"": ""2026-10-04""}",CC BY 4.0,https://creativecommons.org/licenses/by/4.0/,Luca Valente,"CC BY 4.0 applies to the original compilation and editorial work by Luca Valente. Underlying third-party data retain their source terms, including Coin Metrics CC BY-NC 4.0 where indicated; this export does not replace those terms."
listino,2026-10-05,/blocchi/0/serie/0/punti/311/1,2.252447,"CoinGecko (market value); DefiLlama (fees, revenue)","{""livelli"": ""2026-10-05"", ""somme"": ""2026-10-04""}",CC BY 4.0,https://creativecommons.org/licenses/by/4.0/,Luca Valente,"CC BY 4.0 applies to the original compilation and editorial work by Luca Valente. Underlying third-party data retain their source terms, including Coin Metrics CC BY-NC 4.0 where indicated; this export does not replace those terms."
listino,2026-10-05,/blocchi/0/serie/0/punti/312/0,"""2026-08-14""","CoinGecko (market value); DefiLlama (fees, revenue)","{""livelli"": ""2026-10-05"", ""somme"": ""2026-10-04""}",CC BY 4.0,https://creativecommons.org/licenses/by/4.0/,Luca Valente,"CC BY 4.0 applies to the original compilation and editorial work by Luca Valente. Underlying third-party data retain their source terms, including Coin Metrics CC BY-NC 4.0 where indicated; this export does not replace those terms."
listino,2026-10-05,/blocchi/0/serie/0/punti/312/1,2.275795,"CoinGecko (market value); DefiLlama (fees, revenue)","{""livelli"": ""2026-10-05"", ""somme"": ""2026-10-04""}",CC BY 4.0,https://creativecommons.org/licenses/by/4.0/,Luca Valente,"CC BY 4.0 applies to the original compilation and editorial work by Luca Valente. Underlying third-party data retain their source terms, including Coin Metrics CC BY-NC 4.0 where indicated; this export does not replace those terms."
listino,2026-10-05,/blocchi/0/serie/0/punti/313/0,"""2026-08-15""","CoinGecko (market value); DefiLlama (fees, revenue)","{""livelli"": ""2026-10-05"", ""somme"": ""2026-10-04""}",CC BY 4.0,https://creativecommons.org/licenses/by/4.0/,Luca Valente,"CC BY 4.0 applies to the original compilation and editorial work by Luca Valente. Underlying third-party data retain their source terms, including Coin Metrics CC BY-NC 4.0 where indicated; this export does not replace those terms."
listino,2026-10-05,/blocchi/0/serie/0/punti/313/1,2.316015,"CoinGecko (market value); DefiLlama (fees, revenue)","{""livelli"": ""2026-10-05"", ""somme"": ""2026-10-04""}",CC BY 4.0,https://creativecommons.org/licenses/by/4.0/,Luca Valente,"CC BY 4.0 applies to the original compilation and editorial work by Luca Valente. Underlying third-party data retain their source terms, including Coin Metrics CC BY-NC 4.0 where indicated; this export does not replace those terms."
listino,2026-10-05,/blocchi/0/serie/0/punti/314/0,"""2026-08-16""","CoinGecko (market value); DefiLlama (fees, revenue)","{""livelli"": ""2026-10-05"", ""somme"": ""2026-10-04""}",CC BY 4.0,https://creativecommons.org/licenses/by/4.0/,Luca Valente,"CC BY 4.0 applies to the original compilation and editorial work by Luca Valente. Underlying third-party data retain their source terms, including Coin Metrics CC BY-NC 4.0 where indicated; this export does not replace those terms."
listino,2026-10-05,/blocchi/0/serie/0/punti/314/1,2.395602,"CoinGecko (market value); DefiLlama (fees, revenue)","{""livelli"": ""2026-10-05"", ""somme"": ""2026-10-04""}",CC BY 4.0,https://creativecommons.org/licenses/by/4.0/,Luca Valente,"CC BY 4.0 applies to the original compilation and editorial work by Luca Valente. Underlying third-party data retain their source terms, including Coin Metrics CC BY-NC 4.0 where indicated; this export does not replace those terms."
listino,2026-10-05,/blocchi/0/serie/0/punti/315/0,"""2026-08-17""","CoinGecko (market value); DefiLlama (fees, revenue)","{""livelli"": ""2026-10-05"", ""somme"": ""2026-10-04""}",CC BY 4.0,https://creativecommons.org/licenses/by/4.0/,Luca Valente,"CC BY 4.0 applies to the original compilation and editorial work by Luca Valente. Underlying third-party data retain their source terms, including Coin Metrics CC BY-NC 4.0 where indicated; this export does not replace those terms."
listino,2026-10-05,/blocchi/0/serie/0/punti/315/1,2.410595,"CoinGecko (market value); DefiLlama (fees, revenue)","{""livelli"": ""2026-10-05"", ""somme"": ""2026-10-04""}",CC BY 4.0,https://creativecommons.org/licenses/by/4.0/,Luca Valente,"CC BY 4.0 applies to the original compilation and editorial work by Luca Valente. Underlying third-party data retain their source terms, including Coin Metrics CC BY-NC 4.0 where indicated; this export does not replace those terms."
listino,2026-10-05,/blocchi/0/serie/0/punti/316/0,"""2026-08-18""","CoinGecko (market value); DefiLlama (fees, revenue)","{""livelli"": ""2026-10-05"", ""somme"": ""2026-10-04""}",CC BY 4.0,https://creativecommons.org/licenses/by/4.0/,Luca Valente,"CC BY 4.0 applies to the original compilation and editorial work by Luca Valente. Underlying third-party data retain their source terms, including Coin Metrics CC BY-NC 4.0 where indicated; this export does not replace those terms."
listino,2026-10-05,/blocchi/0/serie/0/punti/316/1,2.428436,"CoinGecko (market value); DefiLlama (fees, revenue)","{""livelli"": ""2026-10-05"", ""somme"": ""2026-10-04""}",CC BY 4.0,https://creativecommons.org/licenses/by/4.0/,Luca Valente,"CC BY 4.0 applies to the original compilation and editorial work by Luca Valente. Underlying third-party data retain their source terms, including Coin Metrics CC BY-NC 4.0 where indicated; this export does not replace those terms."
listino,2026-10-05,/blocchi/0/serie/0/punti/317/0,"""2026-08-19""","CoinGecko (market value); DefiLlama (fees, revenue)","{""livelli"": ""2026-10-05"", ""somme"": ""2026-10-04""}",CC BY 4.0,https://creativecommons.org/licenses/by/4.0/,Luca Valente,"CC BY 4.0 applies to the original compilation and editorial work by Luca Valente. Underlying third-party data retain their source terms, including Coin Metrics CC BY-NC 4.0 where indicated; this export does not replace those terms."
listino,2026-10-05,/blocchi/0/serie/0/punti/317/1,2.32405,"CoinGecko (market value); DefiLlama (fees, revenue)","{""livelli"": ""2026-10-05"", ""somme"": ""2026-10-04""}",CC BY 4.0,https://creativecommons.org/licenses/by/4.0/,Luca Valente,"CC BY 4.0 applies to the original compilation and editorial work by Luca Valente. Underlying third-party data retain their source terms, including Coin Metrics CC BY-NC 4.0 where indicated; this export does not replace those terms."
listino,2026-10-05,/blocchi/0/serie/0/punti/318/0,"""2026-08-20""","CoinGecko (market value); DefiLlama (fees, revenue)","{""livelli"": ""2026-10-05"", ""somme"": ""2026-10-04""}",CC BY 4.0,https://creativecommons.org/licenses/by/4.0/,Luca Valente,"CC BY 4.0 applies to the original compilation and editorial work by Luca Valente. Underlying third-party data retain their source terms, including Coin Metrics CC BY-NC 4.0 where indicated; this export does not replace those terms."
listino,2026-10-05,/blocchi/0/serie/0/punti/318/1,2.446045,"CoinGecko (market value); DefiLlama (fees, revenue)","{""livelli"": ""2026-10-05"", ""somme"": ""2026-10-04""}",CC BY 4.0,https://creativecommons.org/licenses/by/4.0/,Luca Valente,"CC BY 4.0 applies to the original compilation and editorial work by Luca Valente. Underlying third-party data retain their source terms, including Coin Metrics CC BY-NC 4.0 where indicated; this export does not replace those terms."
listino,2026-10-05,/blocchi/0/serie/0/punti/319/0,"""2026-08-21""","CoinGecko (market value); DefiLlama (fees, revenue)","{""livelli"": ""2026-10-05"", ""somme"": ""2026-10-04""}",CC BY 4.0,https://creativecommons.org/licenses/by/4.0/,Luca Valente,"CC BY 4.0 applies to the original compilation and editorial work by Luca Valente. Underlying third-party data retain their source terms, including Coin Metrics CC BY-NC 4.0 where indicated; this export does not replace those terms."
listino,2026-10-05,/blocchi/0/serie/0/punti/319/1,2.510903,"CoinGecko (market value); DefiLlama (fees, revenue)","{""livelli"": ""2026-10-05"", ""somme"": ""2026-10-04""}",CC BY 4.0,https://creativecommons.org/licenses/by/4.0/,Luca Valente,"CC BY 4.0 applies to the original compilation and editorial work by Luca Valente. Underlying third-party data retain their source terms, including Coin Metrics CC BY-NC 4.0 where indicated; this export does not replace those terms."
listino,2026-10-05,/blocchi/0/serie/0/punti/320/0,"""2026-08-22""","CoinGecko (market value); DefiLlama (fees, revenue)","{""livelli"": ""2026-10-05"", ""somme"": ""2026-10-04""}",CC BY 4.0,https://creativecommons.org/licenses/by/4.0/,Luca Valente,"CC BY 4.0 applies to the original compilation and editorial work by Luca Valente. Underlying third-party data retain their source terms, including Coin Metrics CC BY-NC 4.0 where indicated; this export does not replace those terms."
listino,2026-10-05,/blocchi/0/serie/0/punti/320/1,2.869617,"CoinGecko (market value); DefiLlama (fees, revenue)","{""livelli"": ""2026-10-05"", ""somme"": ""2026-10-04""}",CC BY 4.0,https://creativecommons.org/licenses/by/4.0/,Luca Valente,"CC BY 4.0 applies to the original compilation and editorial work by Luca Valente. Underlying third-party data retain their source terms, including Coin Metrics CC BY-NC 4.0 where indicated; this export does not replace those terms."
listino,2026-10-05,/blocchi/0/serie/0/punti/321/0,"""2026-08-23""","CoinGecko (market value); DefiLlama (fees, revenue)","{""livelli"": ""2026-10-05"", ""somme"": ""2026-10-04""}",CC BY 4.0,https://creativecommons.org/licenses/by/4.0/,Luca Valente,"CC BY 4.0 applies to the original compilation and editorial work by Luca Valente. Underlying third-party data retain their source terms, including Coin Metrics CC BY-NC 4.0 where indicated; this export does not replace those terms."
listino,2026-10-05,/blocchi/0/serie/0/punti/321/1,2.638218,"CoinGecko (market value); DefiLlama (fees, revenue)","{""livelli"": ""2026-10-05"", ""somme"": ""2026-10-04""}",CC BY 4.0,https://creativecommons.org/licenses/by/4.0/,Luca Valente,"CC BY 4.0 applies to the original compilation and editorial work by Luca Valente. Underlying third-party data retain their source terms, including Coin Metrics CC BY-NC 4.0 where indicated; this export does not replace those terms."
listino,2026-10-05,/blocchi/0/serie/0/punti/322/0,"""2026-08-24""","CoinGecko (market value); DefiLlama (fees, revenue)","{""livelli"": ""2026-10-05"", ""somme"": ""2026-10-04""}",CC BY 4.0,https://creativecommons.org/licenses/by/4.0/,Luca Valente,"CC BY 4.0 applies to the original compilation and editorial work by Luca Valente. Underlying third-party data retain their source terms, including Coin Metrics CC BY-NC 4.0 where indicated; this export does not replace those terms."
listino,2026-10-05,/blocchi/0/serie/0/punti/322/1,2.729944,"CoinGecko (market value); DefiLlama (fees, revenue)","{""livelli"": ""2026-10-05"", ""somme"": ""2026-10-04""}",CC BY 4.0,https://creativecommons.org/licenses/by/4.0/,Luca Valente,"CC BY 4.0 applies to the original compilation and editorial work by Luca Valente. Underlying third-party data retain their source terms, including Coin Metrics CC BY-NC 4.0 where indicated; this export does not replace those terms."
listino,2026-10-05,/blocchi/0/serie/0/punti/323/0,"""2026-08-25""","CoinGecko (market value); DefiLlama (fees, revenue)","{""livelli"": ""2026-10-05"", ""somme"": ""2026-10-04""}",CC BY 4.0,https://creativecommons.org/licenses/by/4.0/,Luca Valente,"CC BY 4.0 applies to the original compilation and editorial work by Luca Valente. Underlying third-party data retain their source terms, including Coin Metrics CC BY-NC 4.0 where indicated; this export does not replace those terms."
listino,2026-10-05,/blocchi/0/serie/0/punti/323/1,2.627225,"CoinGecko (market value); DefiLlama (fees, revenue)","{""livelli"": ""2026-10-05"", ""somme"": ""2026-10-04""}",CC BY 4.0,https://creativecommons.org/licenses/by/4.0/,Luca Valente,"CC BY 4.0 applies to the original compilation and editorial work by Luca Valente. Underlying third-party data retain their source terms, including Coin Metrics CC BY-NC 4.0 where indicated; this export does not replace those terms."
listino,2026-10-05,/blocchi/0/serie/0/punti/324/0,"""2026-08-26""","CoinGecko (market value); DefiLlama (fees, revenue)","{""livelli"": ""2026-10-05"", ""somme"": ""2026-10-04""}",CC BY 4.0,https://creativecommons.org/licenses/by/4.0/,Luca Valente,"CC BY 4.0 applies to the original compilation and editorial work by Luca Valente. Underlying third-party data retain their source terms, including Coin Metrics CC BY-NC 4.0 where indicated; this export does not replace those terms."
listino,2026-10-05,/blocchi/0/serie/0/punti/324/1,2.485488,"CoinGecko (market value); DefiLlama (fees, revenue)","{""livelli"": ""2026-10-05"", ""somme"": ""2026-10-04""}",CC BY 4.0,https://creativecommons.org/licenses/by/4.0/,Luca Valente,"CC BY 4.0 applies to the original compilation and editorial work by Luca Valente. Underlying third-party data retain their source terms, including Coin Metrics CC BY-NC 4.0 where indicated; this export does not replace those terms."
listino,2026-10-05,/blocchi/0/serie/0/punti/325/0,"""2026-08-27""","CoinGecko (market value); DefiLlama (fees, revenue)","{""livelli"": ""2026-10-05"", ""somme"": ""2026-10-04""}",CC BY 4.0,https://creativecommons.org/licenses/by/4.0/,Luca Valente,"CC BY 4.0 applies to the original compilation and editorial work by Luca Valente. Underlying third-party data retain their source terms, including Coin Metrics CC BY-NC 4.0 where indicated; this export does not replace those terms."
listino,2026-10-05,/blocchi/0/serie/0/punti/325/1,2.532687,"CoinGecko (market value); DefiLlama (fees, revenue)","{""livelli"": ""2026-10-05"", ""somme"": ""2026-10-04""}",CC BY 4.0,https://creativecommons.org/licenses/by/4.0/,Luca Valente,"CC BY 4.0 applies to the original compilation and editorial work by Luca Valente. Underlying third-party data retain their source terms, including Coin Metrics CC BY-NC 4.0 where indicated; this export does not replace those terms."
listino,2026-10-05,/blocchi/0/serie/0/punti/326/0,"""2026-08-28""","CoinGecko (market value); DefiLlama (fees, revenue)","{""livelli"": ""2026-10-05"", ""somme"": ""2026-10-04""}",CC BY 4.0,https://creativecommons.org/licenses/by/4.0/,Luca Valente,"CC BY 4.0 applies to the original compilation and editorial work by Luca Valente. Underlying third-party data retain their source terms, including Coin Metrics CC BY-NC 4.0 where indicated; this export does not replace those terms."
listino,2026-10-05,/blocchi/0/serie/0/punti/326/1,2.600399,"CoinGecko (market value); DefiLlama (fees, revenue)","{""livelli"": ""2026-10-05"", ""somme"": ""2026-10-04""}",CC BY 4.0,https://creativecommons.org/licenses/by/4.0/,Luca Valente,"CC BY 4.0 applies to the original compilation and editorial work by Luca Valente. Underlying third-party data retain their source terms, including Coin Metrics CC BY-NC 4.0 where indicated; this export does not replace those terms."
listino,2026-10-05,/blocchi/0/serie/0/punti/327/0,"""2026-08-29""","CoinGecko (market value); DefiLlama (fees, revenue)","{""livelli"": ""2026-10-05"", ""somme"": ""2026-10-04""}",CC BY 4.0,https://creativecommons.org/licenses/by/4.0/,Luca Valente,"CC BY 4.0 applies to the original compilation and editorial work by Luca Valente. Underlying third-party data retain their source terms, including Coin Metrics CC BY-NC 4.0 where indicated; this export does not replace those terms."
listino,2026-10-05,/blocchi/0/serie/0/punti/327/1,2.362928,"CoinGecko (market value); DefiLlama (fees, revenue)","{""livelli"": ""2026-10-05"", ""somme"": ""2026-10-04""}",CC BY 4.0,https://creativecommons.org/licenses/by/4.0/,Luca Valente,"CC BY 4.0 applies to the original compilation and editorial work by Luca Valente. Underlying third-party data retain their source terms, including Coin Metrics CC BY-NC 4.0 where indicated; this export does not replace those terms."
listino,2026-10-05,/blocchi/0/serie/0/punti/328/0,"""2026-08-30""","CoinGecko (market value); DefiLlama (fees, revenue)","{""livelli"": ""2026-10-05"", ""somme"": ""2026-10-04""}",CC BY 4.0,https://creativecommons.org/licenses/by/4.0/,Luca Valente,"CC BY 4.0 applies to the original compilation and editorial work by Luca Valente. Underlying third-party data retain their source terms, including Coin Metrics CC BY-NC 4.0 where indicated; this export does not replace those terms."
listino,2026-10-05,/blocchi/0/serie/0/punti/328/1,2.411554,"CoinGecko (market value); DefiLlama (fees, revenue)","{""livelli"": ""2026-10-05"", ""somme"": ""2026-10-04""}",CC BY 4.0,https://creativecommons.org/licenses/by/4.0/,Luca Valente,"CC BY 4.0 applies to the original compilation and editorial work by Luca Valente. Underlying third-party data retain their source terms, including Coin Metrics CC BY-NC 4.0 where indicated; this export does not replace those terms."
listino,2026-10-05,/blocchi/0/serie/0/punti/329/0,"""2026-08-31""","CoinGecko (market value); DefiLlama (fees, revenue)","{""livelli"": ""2026-10-05"", ""somme"": ""2026-10-04""}",CC BY 4.0,https://creativecommons.org/licenses/by/4.0/,Luca Valente,"CC BY 4.0 applies to the original compilation and editorial work by Luca Valente. Underlying third-party data retain their source terms, including Coin Metrics CC BY-NC 4.0 where indicated; this export does not replace those terms."
listino,2026-10-05,/blocchi/0/serie/0/punti/329/1,2.272981,"CoinGecko (market value); DefiLlama (fees, revenue)","{""livelli"": ""2026-10-05"", ""somme"": ""2026-10-04""}",CC BY 4.0,https://creativecommons.org/licenses/by/4.0/,Luca Valente,"CC BY 4.0 applies to the original compilation and editorial work by Luca Valente. Underlying third-party data retain their source terms, including Coin Metrics CC BY-NC 4.0 where indicated; this export does not replace those terms."
listino,2026-10-05,/blocchi/0/serie/0/punti/330/0,"""2026-09-01""","CoinGecko (market value); DefiLlama (fees, revenue)","{""livelli"": ""2026-10-05"", ""somme"": ""2026-10-04""}",CC BY 4.0,https://creativecommons.org/licenses/by/4.0/,Luca Valente,"CC BY 4.0 applies to the original compilation and editorial work by Luca Valente. Underlying third-party data retain their source terms, including Coin Metrics CC BY-NC 4.0 where indicated; this export does not replace those terms."
listino,2026-10-05,/blocchi/0/serie/0/punti/330/1,2.252049,"CoinGecko (market value); DefiLlama (fees, revenue)","{""livelli"": ""2026-10-05"", ""somme"": ""2026-10-04""}",CC BY 4.0,https://creativecommons.org/licenses/by/4.0/,Luca Valente,"CC BY 4.0 applies to the original compilation and editorial work by Luca Valente. Underlying third-party data retain their source terms, including Coin Metrics CC BY-NC 4.0 where indicated; this export does not replace those terms."
listino,2026-10-05,/blocchi/0/serie/0/punti/331/0,"""2026-09-02""","CoinGecko (market value); DefiLlama (fees, revenue)","{""livelli"": ""2026-10-05"", ""somme"": ""2026-10-04""}",CC BY 4.0,https://creativecommons.org/licenses/by/4.0/,Luca Valente,"CC BY 4.0 applies to the original compilation and editorial work by Luca Valente. Underlying third-party data retain their source terms, including Coin Metrics CC BY-NC 4.0 where indicated; this export does not replace those terms."
listino,2026-10-05,/blocchi/0/serie/0/punti/331/1,2.220325,"CoinGecko (market value); DefiLlama (fees, revenue)","{""livelli"": ""2026-10-05"", ""somme"": ""2026-10-04""}",CC BY 4.0,https://creativecommons.org/licenses/by/4.0/,Luca Valente,"CC BY 4.0 applies to the original compilation and editorial work by Luca Valente. Underlying third-party data retain their source terms, including Coin Metrics CC BY-NC 4.0 where indicated; this export does not replace those terms."
listino,2026-10-05,/blocchi/0/serie/0/punti/332/0,"""2026-09-03""","CoinGecko (market value); DefiLlama (fees, revenue)","{""livelli"": ""2026-10-05"", ""somme"": ""2026-10-04""}",CC BY 4.0,https://creativecommons.org/licenses/by/4.0/,Luca Valente,"CC BY 4.0 applies to the original compilation and editorial work by Luca Valente. Underlying third-party data retain their source terms, including Coin Metrics CC BY-NC 4.0 where indicated; this export does not replace those terms."
listino,2026-10-05,/blocchi/0/serie/0/punti/332/1,2.281415,"CoinGecko (market value); DefiLlama (fees, revenue)","{""livelli"": ""2026-10-05"", ""somme"": ""2026-10-04""}",CC BY 4.0,https://creativecommons.org/licenses/by/4.0/,Luca Valente,"CC BY 4.0 applies to the original compilation and editorial work by Luca Valente. Underlying third-party data retain their source terms, including Coin Metrics CC BY-NC 4.0 where indicated; this export does not replace those terms."
listino,2026-10-05,/blocchi/0/serie/0/punti/333/0,"""2026-09-04""","CoinGecko (market value); DefiLlama (fees, revenue)","{""livelli"": ""2026-10-05"", ""somme"": ""2026-10-04""}",CC BY 4.0,https://creativecommons.org/licenses/by/4.0/,Luca Valente,"CC BY 4.0 applies to the original compilation and editorial work by Luca Valente. Underlying third-party data retain their source terms, including Coin Metrics CC BY-NC 4.0 where indicated; this export does not replace those terms."
listino,2026-10-05,/blocchi/0/serie/0/punti/333/1,2.403958,"CoinGecko (market value); DefiLlama (fees, revenue)","{""livelli"": ""2026-10-05"", ""somme"": ""2026-10-04""}",CC BY 4.0,https://creativecommons.org/licenses/by/4.0/,Luca Valente,"CC BY 4.0 applies to the original compilation and editorial work by Luca Valente. Underlying third-party data retain their source terms, including Coin Metrics CC BY-NC 4.0 where indicated; this export does not replace those terms."
listino,2026-10-05,/blocchi/0/serie/0/punti/334/0,"""2026-09-05""","CoinGecko (market value); DefiLlama (fees, revenue)","{""livelli"": ""2026-10-05"", ""somme"": ""2026-10-04""}",CC BY 4.0,https://creativecommons.org/licenses/by/4.0/,Luca Valente,"CC BY 4.0 applies to the original compilation and editorial work by Luca Valente. Underlying third-party data retain their source terms, including Coin Metrics CC BY-NC 4.0 where indicated; this export does not replace those terms."
listino,2026-10-05,/blocchi/0/serie/0/punti/334/1,2.323288,"CoinGecko (market value); DefiLlama (fees, revenue)","{""livelli"": ""2026-10-05"", ""somme"": ""2026-10-04""}",CC BY 4.0,https://creativecommons.org/licenses/by/4.0/,Luca Valente,"CC BY 4.0 applies to the original compilation and editorial work by Luca Valente. Underlying third-party data retain their source terms, including Coin Metrics CC BY-NC 4.0 where indicated; this export does not replace those terms."
listino,2026-10-05,/blocchi/0/serie/0/punti/335/0,"""2026-09-06""","CoinGecko (market value); DefiLlama (fees, revenue)","{""livelli"": ""2026-10-05"", ""somme"": ""2026-10-04""}",CC BY 4.0,https://creativecommons.org/licenses/by/4.0/,Luca Valente,"CC BY 4.0 applies to the original compilation and editorial work by Luca Valente. Underlying third-party data retain their source terms, including Coin Metrics CC BY-NC 4.0 where indicated; this export does not replace those terms."
listino,2026-10-05,/blocchi/0/serie/0/punti/335/1,2.343085,"CoinGecko (market value); DefiLlama (fees, revenue)","{""livelli"": ""2026-10-05"", ""somme"": ""2026-10-04""}",CC BY 4.0,https://creativecommons.org/licenses/by/4.0/,Luca Valente,"CC BY 4.0 applies to the original compilation and editorial work by Luca Valente. Underlying third-party data retain their source terms, including Coin Metrics CC BY-NC 4.0 where indicated; this export does not replace those terms."
listino,2026-10-05,/blocchi/0/serie/0/punti/336/0,"""2026-09-07""","CoinGecko (market value); DefiLlama (fees, revenue)","{""livelli"": ""2026-10-05"", ""somme"": ""2026-10-04""}",CC BY 4.0,https://creativecommons.org/licenses/by/4.0/,Luca Valente,"CC BY 4.0 applies to the original compilation and editorial work by Luca Valente. Underlying third-party data retain their source terms, including Coin Metrics CC BY-NC 4.0 where indicated; this export does not replace those terms."
listino,2026-10-05,/blocchi/0/serie/0/punti/336/1,2.556542,"CoinGecko (market value); DefiLlama (fees, revenue)","{""livelli"": ""2026-10-05"", ""somme"": ""2026-10-04""}",CC BY 4.0,https://creativecommons.org/licenses/by/4.0/,Luca Valente,"CC BY 4.0 applies to the original compilation and editorial work by Luca Valente. Underlying third-party data retain their source terms, including Coin Metrics CC BY-NC 4.0 where indicated; this export does not replace those terms."
listino,2026-10-05,/blocchi/0/serie/0/punti/337/0,"""2026-09-08""","CoinGecko (market value); DefiLlama (fees, revenue)","{""livelli"": ""2026-10-05"", ""somme"": ""2026-10-04""}",CC BY 4.0,https://creativecommons.org/licenses/by/4.0/,Luca Valente,"CC BY 4.0 applies to the original compilation and editorial work by Luca Valente. Underlying third-party data retain their source terms, including Coin Metrics CC BY-NC 4.0 where indicated; this export does not replace those terms."
listino,2026-10-05,/blocchi/0/serie/0/punti/337/1,2.463879,"CoinGecko (market value); DefiLlama (fees, revenue)","{""livelli"": ""2026-10-05"", ""somme"": ""2026-10-04""}",CC BY 4.0,https://creativecommons.org/licenses/by/4.0/,Luca Valente,"CC BY 4.0 applies to the original compilation and editorial work by Luca Valente. Underlying third-party data retain their source terms, including Coin Metrics CC BY-NC 4.0 where indicated; this export does not replace those terms."
listino,2026-10-05,/blocchi/0/serie/0/punti/338/0,"""2026-09-09""","CoinGecko (market value); DefiLlama (fees, revenue)","{""livelli"": ""2026-10-05"", ""somme"": ""2026-10-04""}",CC BY 4.0,https://creativecommons.org/licenses/by/4.0/,Luca Valente,"CC BY 4.0 applies to the original compilation and editorial work by Luca Valente. Underlying third-party data retain their source terms, including Coin Metrics CC BY-NC 4.0 where indicated; this export does not replace those terms."
listino,2026-10-05,/blocchi/0/serie/0/punti/338/1,2.510125,"CoinGecko (market value); DefiLlama (fees, revenue)","{""livelli"": ""2026-10-05"", ""somme"": ""2026-10-04""}",CC BY 4.0,https://creativecommons.org/licenses/by/4.0/,Luca Valente,"CC BY 4.0 applies to the original compilation and editorial work by Luca Valente. Underlying third-party data retain their source terms, including Coin Metrics CC BY-NC 4.0 where indicated; this export does not replace those terms."
listino,2026-10-05,/blocchi/0/serie/0/punti/339/0,"""2026-09-10""","CoinGecko (market value); DefiLlama (fees, revenue)","{""livelli"": ""2026-10-05"", ""somme"": ""2026-10-04""}",CC BY 4.0,https://creativecommons.org/licenses/by/4.0/,Luca Valente,"CC BY 4.0 applies to the original compilation and editorial work by Luca Valente. Underlying third-party data retain their source terms, including Coin Metrics CC BY-NC 4.0 where indicated; this export does not replace those terms."
listino,2026-10-05,/blocchi/0/serie/0/punti/339/1,2.38154,"CoinGecko (market value); DefiLlama (fees, revenue)","{""livelli"": ""2026-10-05"", ""somme"": ""2026-10-04""}",CC BY 4.0,https://creativecommons.org/licenses/by/4.0/,Luca Valente,"CC BY 4.0 applies to the original compilation and editorial work by Luca Valente. Underlying third-party data retain their source terms, including Coin Metrics CC BY-NC 4.0 where indicated; this export does not replace those terms."
listino,2026-10-05,/blocchi/0/serie/0/punti/340/0,"""2026-09-11""","CoinGecko (market value); DefiLlama (fees, revenue)","{""livelli"": ""2026-10-05"", ""somme"": ""2026-10-04""}",CC BY 4.0,https://creativecommons.org/licenses/by/4.0/,Luca Valente,"CC BY 4.0 applies to the original compilation and editorial work by Luca Valente. Underlying third-party data retain their source terms, including Coin Metrics CC BY-NC 4.0 where indicated; this export does not replace those terms."
listino,2026-10-05,/blocchi/0/serie/0/punti/340/1,2.395032,"CoinGecko (market value); DefiLlama (fees, revenue)","{""livelli"": ""2026-10-05"", ""somme"": ""2026-10-04""}",CC BY 4.0,https://creativecommons.org/licenses/by/4.0/,Luca Valente,"CC BY 4.0 applies to the original compilation and editorial work by Luca Valente. Underlying third-party data retain their source terms, including Coin Metrics CC BY-NC 4.0 where indicated; this export does not replace those terms."
listino,2026-10-05,/blocchi/0/serie/0/punti/341/0,"""2026-09-12""","CoinGecko (market value); DefiLlama (fees, revenue)","{""livelli"": ""2026-10-05"", ""somme"": ""2026-10-04""}",CC BY 4.0,https://creativecommons.org/licenses/by/4.0/,Luca Valente,"CC BY 4.0 applies to the original compilation and editorial work by Luca Valente. Underlying third-party data retain their source terms, including Coin Metrics CC BY-NC 4.0 where indicated; this export does not replace those terms."
listino,2026-10-05,/blocchi/0/serie/0/punti/341/1,2.454211,"CoinGecko (market value); DefiLlama (fees, revenue)","{""livelli"": ""2026-10-05"", ""somme"": ""2026-10-04""}",CC BY 4.0,https://creativecommons.org/licenses/by/4.0/,Luca Valente,"CC BY 4.0 applies to the original compilation and editorial work by Luca Valente. Underlying third-party data retain their source terms, including Coin Metrics CC BY-NC 4.0 where indicated; this export does not replace those terms."
listino,2026-10-05,/blocchi/0/serie/0/punti/342/0,"""2026-09-13""","CoinGecko (market value); DefiLlama (fees, revenue)","{""livelli"": ""2026-10-05"", ""somme"": ""2026-10-04""}",CC BY 4.0,https://creativecommons.org/licenses/by/4.0/,Luca Valente,"CC BY 4.0 applies to the original compilation and editorial work by Luca Valente. Underlying third-party data retain their source terms, including Coin Metrics CC BY-NC 4.0 where indicated; this export does not replace those terms."
listino,2026-10-05,/blocchi/0/serie/0/punti/342/1,2.507081,"CoinGecko (market value); DefiLlama (fees, revenue)","{""livelli"": ""2026-10-05"", ""somme"": ""2026-10-04""}",CC BY 4.0,https://creativecommons.org/licenses/by/4.0/,Luca Valente,"CC BY 4.0 applies to the original compilation and editorial work by Luca Valente. Underlying third-party data retain their source terms, including Coin Metrics CC BY-NC 4.0 where indicated; this export does not replace those terms."
listino,2026-10-05,/blocchi/0/serie/0/punti/343/0,"""2026-09-14""","CoinGecko (market value); DefiLlama (fees, revenue)","{""livelli"": ""2026-10-05"", ""somme"": ""2026-10-04""}",CC BY 4.0,https://creativecommons.org/licenses/by/4.0/,Luca Valente,"CC BY 4.0 applies to the original compilation and editorial work by Luca Valente. Underlying third-party data retain their source terms, including Coin Metrics CC BY-NC 4.0 where indicated; this export does not replace those terms."
listino,2026-10-05,/blocchi/0/serie/0/punti/343/1,2.393452,"CoinGecko (market value); DefiLlama (fees, revenue)","{""livelli"": ""2026-10-05"", ""somme"": ""2026-10-04""}",CC BY 4.0,https://creativecommons.org/licenses/by/4.0/,Luca Valente,"CC BY 4.0 applies to the original compilation and editorial work by Luca Valente. Underlying third-party data retain their source terms, including Coin Metrics CC BY-NC 4.0 where indicated; this export does not replace those terms."
listino,2026-10-05,/blocchi/0/serie/0/punti/344/0,"""2026-09-15""","CoinGecko (market value); DefiLlama (fees, revenue)","{""livelli"": ""2026-10-05"", ""somme"": ""2026-10-04""}",CC BY 4.0,https://creativecommons.org/licenses/by/4.0/,Luca Valente,"CC BY 4.0 applies to the original compilation and editorial work by Luca Valente. Underlying third-party data retain their source terms, including Coin Metrics CC BY-NC 4.0 where indicated; this export does not replace those terms."
listino,2026-10-05,/blocchi/0/serie/0/punti/344/1,2.550644,"CoinGecko (market value); DefiLlama (fees, revenue)","{""livelli"": ""2026-10-05"", ""somme"": ""2026-10-04""}",CC BY 4.0,https://creativecommons.org/licenses/by/4.0/,Luca Valente,"CC BY 4.0 applies to the original compilation and editorial work by Luca Valente. Underlying third-party data retain their source terms, including Coin Metrics CC BY-NC 4.0 where indicated; this export does not replace those terms."
listino,2026-10-05,/blocchi/0/serie/0/punti/345/0,"""2026-09-16""","CoinGecko (market value); DefiLlama (fees, revenue)","{""livelli"": ""2026-10-05"", ""somme"": ""2026-10-04""}",CC BY 4.0,https://creativecommons.org/licenses/by/4.0/,Luca Valente,"CC BY 4.0 applies to the original compilation and editorial work by Luca Valente. Underlying third-party data retain their source terms, including Coin Metrics CC BY-NC 4.0 where indicated; this export does not replace those terms."
listino,2026-10-05,/blocchi/0/serie/0/punti/345/1,2.344565,"CoinGecko (market value); DefiLlama (fees, revenue)","{""livelli"": ""2026-10-05"", ""somme"": ""2026-10-04""}",CC BY 4.0,https://creativecommons.org/licenses/by/4.0/,Luca Valente,"CC BY 4.0 applies to the original compilation and editorial work by Luca Valente. Underlying third-party data retain their source terms, including Coin Metrics CC BY-NC 4.0 where indicated; this export does not replace those terms."
listino,2026-10-05,/blocchi/0/serie/0/punti/346/0,"""2026-09-17""","CoinGecko (market value); DefiLlama (fees, revenue)","{""livelli"": ""2026-10-05"", ""somme"": ""2026-10-04""}",CC BY 4.0,https://creativecommons.org/licenses/by/4.0/,Luca Valente,"CC BY 4.0 applies to the original compilation and editorial work by Luca Valente. Underlying third-party data retain their source terms, including Coin Metrics CC BY-NC 4.0 where indicated; this export does not replace those terms."
listino,2026-10-05,/blocchi/0/serie/0/punti/346/1,2.408296,"CoinGecko (market value); DefiLlama (fees, revenue)","{""livelli"": ""2026-10-05"", ""somme"": ""2026-10-04""}",CC BY 4.0,https://creativecommons.org/licenses/by/4.0/,Luca Valente,"CC BY 4.0 applies to the original compilation and editorial work by Luca Valente. Underlying third-party data retain their source terms, including Coin Metrics CC BY-NC 4.0 where indicated; this export does not replace those terms."
listino,2026-10-05,/blocchi/0/serie/0/punti/347/0,"""2026-09-18""","CoinGecko (market value); DefiLlama (fees, revenue)","{""livelli"": ""2026-10-05"", ""somme"": ""2026-10-04""}",CC BY 4.0,https://creativecommons.org/licenses/by/4.0/,Luca Valente,"CC BY 4.0 applies to the original compilation and editorial work by Luca Valente. Underlying third-party data retain their source terms, including Coin Metrics CC BY-NC 4.0 where indicated; this export does not replace those terms."
listino,2026-10-05,/blocchi/0/serie/0/punti/347/1,2.583068,"CoinGecko (market value); DefiLlama (fees, revenue)","{""livelli"": ""2026-10-05"", ""somme"": ""2026-10-04""}",CC BY 4.0,https://creativecommons.org/licenses/by/4.0/,Luca Valente,"CC BY 4.0 applies to the original compilation and editorial work by Luca Valente. Underlying third-party data retain their source terms, including Coin Metrics CC BY-NC 4.0 where indicated; this export does not replace those terms."
listino,2026-10-05,/blocchi/0/serie/0/punti/348/0,"""2026-09-19""","CoinGecko (market value); DefiLlama (fees, revenue)","{""livelli"": ""2026-10-05"", ""somme"": ""2026-10-04""}",CC BY 4.0,https://creativecommons.org/licenses/by/4.0/,Luca Valente,"CC BY 4.0 applies to the original compilation and editorial work by Luca Valente. Underlying third-party data retain their source terms, including Coin Metrics CC BY-NC 4.0 where indicated; this export does not replace those terms."
listino,2026-10-05,/blocchi/0/serie/0/punti/348/1,2.665535,"CoinGecko (market value); DefiLlama (fees, revenue)","{""livelli"": ""2026-10-05"", ""somme"": ""2026-10-04""}",CC BY 4.0,https://creativecommons.org/licenses/by/4.0/,Luca Valente,"CC BY 4.0 applies to the original compilation and editorial work by Luca Valente. Underlying third-party data retain their source terms, including Coin Metrics CC BY-NC 4.0 where indicated; this export does not replace those terms."
listino,2026-10-05,/blocchi/0/serie/0/punti/349/0,"""2026-09-20""","CoinGecko (market value); DefiLlama (fees, revenue)","{""livelli"": ""2026-10-05"", ""somme"": ""2026-10-04""}",CC BY 4.0,https://creativecommons.org/licenses/by/4.0/,Luca Valente,"CC BY 4.0 applies to the original compilation and editorial work by Luca Valente. Underlying third-party data retain their source terms, including Coin Metrics CC BY-NC 4.0 where indicated; this export does not replace those terms."
listino,2026-10-05,/blocchi/0/serie/0/punti/349/1,2.715396,"CoinGecko (market value); DefiLlama (fees, revenue)","{""livelli"": ""2026-10-05"", ""somme"": ""2026-10-04""}",CC BY 4.0,https://creativecommons.org/licenses/by/4.0/,Luca Valente,"CC BY 4.0 applies to the original compilation and editorial work by Luca Valente. Underlying third-party data retain their source terms, including Coin Metrics CC BY-NC 4.0 where indicated; this export does not replace those terms."
listino,2026-10-05,/blocchi/0/serie/0/punti/350/0,"""2026-09-21""","CoinGecko (market value); DefiLlama (fees, revenue)","{""livelli"": ""2026-10-05"", ""somme"": ""2026-10-04""}",CC BY 4.0,https://creativecommons.org/licenses/by/4.0/,Luca Valente,"CC BY 4.0 applies to the original compilation and editorial work by Luca Valente. Underlying third-party data retain their source terms, including Coin Metrics CC BY-NC 4.0 where indicated; this export does not replace those terms."
listino,2026-10-05,/blocchi/0/serie/0/punti/350/1,3.0002,"CoinGecko (market value); DefiLlama (fees, revenue)","{""livelli"": ""2026-10-05"", ""somme"": ""2026-10-04""}",CC BY 4.0,https://creativecommons.org/licenses/by/4.0/,Luca Valente,"CC BY 4.0 applies to the original compilation and editorial work by Luca Valente. Underlying third-party data retain their source terms, including Coin Metrics CC BY-NC 4.0 where indicated; this export does not replace those terms."
listino,2026-10-05,/blocchi/0/serie/0/punti/351/0,"""2026-09-22""","CoinGecko (market value); DefiLlama (fees, revenue)","{""livelli"": ""2026-10-05"", ""somme"": ""2026-10-04""}",CC BY 4.0,https://creativecommons.org/licenses/by/4.0/,Luca Valente,"CC BY 4.0 applies to the original compilation and editorial work by Luca Valente. Underlying third-party data retain their source terms, including Coin Metrics CC BY-NC 4.0 where indicated; this export does not replace those terms."
listino,2026-10-05,/blocchi/0/serie/0/punti/351/1,3.117858,"CoinGecko (market value); DefiLlama (fees, revenue)","{""livelli"": ""2026-10-05"", ""somme"": ""2026-10-04""}",CC BY 4.0,https://creativecommons.org/licenses/by/4.0/,Luca Valente,"CC BY 4.0 applies to the original compilation and editorial work by Luca Valente. Underlying third-party data retain their source terms, including Coin Metrics CC BY-NC 4.0 where indicated; this export does not replace those terms."
listino,2026-10-05,/blocchi/0/serie/0/punti/352/0,"""2026-09-23""","CoinGecko (market value); DefiLlama (fees, revenue)","{""livelli"": ""2026-10-05"", ""somme"": ""2026-10-04""}",CC BY 4.0,https://creativecommons.org/licenses/by/4.0/,Luca Valente,"CC BY 4.0 applies to the original compilation and editorial work by Luca Valente. Underlying third-party data retain their source terms, including Coin Metrics CC BY-NC 4.0 where indicated; this export does not replace those terms."
listino,2026-10-05,/blocchi/0/serie/0/punti/352/1,3.178927,"CoinGecko (market value); DefiLlama (fees, revenue)","{""livelli"": ""2026-10-05"", ""somme"": ""2026-10-04""}",CC BY 4.0,https://creativecommons.org/licenses/by/4.0/,Luca Valente,"CC BY 4.0 applies to the original compilation and editorial work by Luca Valente. Underlying third-party data retain their source terms, including Coin Metrics CC BY-NC 4.0 where indicated; this export does not replace those terms."
listino,2026-10-05,/blocchi/0/serie/0/punti/353/0,"""2026-09-24""","CoinGecko (market value); DefiLlama (fees, revenue)","{""livelli"": ""2026-10-05"", ""somme"": ""2026-10-04""}",CC BY 4.0,https://creativecommons.org/licenses/by/4.0/,Luca Valente,"CC BY 4.0 applies to the original compilation and editorial work by Luca Valente. Underlying third-party data retain their source terms, including Coin Metrics CC BY-NC 4.0 where indicated; this export does not replace those terms."
listino,2026-10-05,/blocchi/0/serie/0/punti/353/1,2.998224,"CoinGecko (market value); DefiLlama (fees, revenue)","{""livelli"": ""2026-10-05"", ""somme"": ""2026-10-04""}",CC BY 4.0,https://creativecommons.org/licenses/by/4.0/,Luca Valente,"CC BY 4.0 applies to the original compilation and editorial work by Luca Valente. Underlying third-party data retain their source terms, including Coin Metrics CC BY-NC 4.0 where indicated; this export does not replace those terms."
listino,2026-10-05,/blocchi/0/serie/0/punti/354/0,"""2026-09-25""","CoinGecko (market value); DefiLlama (fees, revenue)","{""livelli"": ""2026-10-05"", ""somme"": ""2026-10-04""}",CC BY 4.0,https://creativecommons.org/licenses/by/4.0/,Luca Valente,"CC BY 4.0 applies to the original compilation and editorial work by Luca Valente. Underlying third-party data retain their source terms, including Coin Metrics CC BY-NC 4.0 where indicated; this export does not replace those terms."
listino,2026-10-05,/blocchi/0/serie/0/punti/354/1,3.26075,"CoinGecko (market value); DefiLlama (fees, revenue)","{""livelli"": ""2026-10-05"", ""somme"": ""2026-10-04""}",CC BY 4.0,https://creativecommons.org/licenses/by/4.0/,Luca Valente,"CC BY 4.0 applies to the original compilation and editorial work by Luca Valente. Underlying third-party data retain their source terms, including Coin Metrics CC BY-NC 4.0 where indicated; this export does not replace those terms."
listino,2026-10-05,/blocchi/0/serie/0/punti/355/0,"""2026-09-26""","CoinGecko (market value); DefiLlama (fees, revenue)","{""livelli"": ""2026-10-05"", ""somme"": ""2026-10-04""}",CC BY 4.0,https://creativecommons.org/licenses/by/4.0/,Luca Valente,"CC BY 4.0 applies to the original compilation and editorial work by Luca Valente. Underlying third-party data retain their source terms, including Coin Metrics CC BY-NC 4.0 where indicated; this export does not replace those terms."
listino,2026-10-05,/blocchi/0/serie/0/punti/355/1,3.71389,"CoinGecko (market value); DefiLlama (fees, revenue)","{""livelli"": ""2026-10-05"", ""somme"": ""2026-10-04""}",CC BY 4.0,https://creativecommons.org/licenses/by/4.0/,Luca Valente,"CC BY 4.0 applies to the original compilation and editorial work by Luca Valente. Underlying third-party data retain their source terms, including Coin Metrics CC BY-NC 4.0 where indicated; this export does not replace those terms."
listino,2026-10-05,/blocchi/0/serie/0/punti/356/0,"""2026-09-27""","CoinGecko (market value); DefiLlama (fees, revenue)","{""livelli"": ""2026-10-05"", ""somme"": ""2026-10-04""}",CC BY 4.0,https://creativecommons.org/licenses/by/4.0/,Luca Valente,"CC BY 4.0 applies to the original compilation and editorial work by Luca Valente. Underlying third-party data retain their source terms, including Coin Metrics CC BY-NC 4.0 where indicated; this export does not replace those terms."
listino,2026-10-05,/blocchi/0/serie/0/punti/356/1,4.198581,"CoinGecko (market value); DefiLlama (fees, revenue)","{""livelli"": ""2026-10-05"", ""somme"": ""2026-10-04""}",CC BY 4.0,https://creativecommons.org/licenses/by/4.0/,Luca Valente,"CC BY 4.0 applies to the original compilation and editorial work by Luca Valente. Underlying third-party data retain their source terms, including Coin Metrics CC BY-NC 4.0 where indicated; this export does not replace those terms."
listino,2026-10-05,/blocchi/0/serie/0/punti/357/0,"""2026-09-28""","CoinGecko (market value); DefiLlama (fees, revenue)","{""livelli"": ""2026-10-05"", ""somme"": ""2026-10-04""}",CC BY 4.0,https://creativecommons.org/licenses/by/4.0/,Luca Valente,"CC BY 4.0 applies to the original compilation and editorial work by Luca Valente. Underlying third-party data retain their source terms, including Coin Metrics CC BY-NC 4.0 where indicated; this export does not replace those terms."
listino,2026-10-05,/blocchi/0/serie/0/punti/357/1,4.123494,"CoinGecko (market value); DefiLlama (fees, revenue)","{""livelli"": ""2026-10-05"", ""somme"": ""2026-10-04""}",CC BY 4.0,https://creativecommons.org/licenses/by/4.0/,Luca Valente,"CC BY 4.0 applies to the original compilation and editorial work by Luca Valente. Underlying third-party data retain their source terms, including Coin Metrics CC BY-NC 4.0 where indicated; this export does not replace those terms."
listino,2026-10-05,/blocchi/0/serie/0/punti/358/0,"""2026-09-29""","CoinGecko (market value); DefiLlama (fees, revenue)","{""livelli"": ""2026-10-05"", ""somme"": ""2026-10-04""}",CC BY 4.0,https://creativecommons.org/licenses/by/4.0/,Luca Valente,"CC BY 4.0 applies to the original compilation and editorial work by Luca Valente. Underlying third-party data retain their source terms, including Coin Metrics CC BY-NC 4.0 where indicated; this export does not replace those terms."
listino,2026-10-05,/blocchi/0/serie/0/punti/358/1,3.789356,"CoinGecko (market value); DefiLlama (fees, revenue)","{""livelli"": ""2026-10-05"", ""somme"": ""2026-10-04""}",CC BY 4.0,https://creativecommons.org/licenses/by/4.0/,Luca Valente,"CC BY 4.0 applies to the original compilation and editorial work by Luca Valente. Underlying third-party data retain their source terms, including Coin Metrics CC BY-NC 4.0 where indicated; this export does not replace those terms."
listino,2026-10-05,/blocchi/0/serie/0/punti/359/0,"""2026-09-30""","CoinGecko (market value); DefiLlama (fees, revenue)","{""livelli"": ""2026-10-05"", ""somme"": ""2026-10-04""}",CC BY 4.0,https://creativecommons.org/licenses/by/4.0/,Luca Valente,"CC BY 4.0 applies to the original compilation and editorial work by Luca Valente. Underlying third-party data retain their source terms, including Coin Metrics CC BY-NC 4.0 where indicated; this export does not replace those terms."
listino,2026-10-05,/blocchi/0/serie/0/punti/359/1,3.805715,"CoinGecko (market value); DefiLlama (fees, revenue)","{""livelli"": ""2026-10-05"", ""somme"": ""2026-10-04""}",CC BY 4.0,https://creativecommons.org/licenses/by/4.0/,Luca Valente,"CC BY 4.0 applies to the original compilation and editorial work by Luca Valente. Underlying third-party data retain their source terms, including Coin Metrics CC BY-NC 4.0 where indicated; this export does not replace those terms."
listino,2026-10-05,/blocchi/0/serie/0/punti/360/0,"""2026-10-01""","CoinGecko (market value); DefiLlama (fees, revenue)","{""livelli"": ""2026-10-05"", ""somme"": ""2026-10-04""}",CC BY 4.0,https://creativecommons.org/licenses/by/4.0/,Luca Valente,"CC BY 4.0 applies to the original compilation and editorial work by Luca Valente. Underlying third-party data retain their source terms, including Coin Metrics CC BY-NC 4.0 where indicated; this export does not replace those terms."
listino,2026-10-05,/blocchi/0/serie/0/punti/360/1,3.722205,"CoinGecko (market value); DefiLlama (fees, revenue)","{""livelli"": ""2026-10-05"", ""somme"": ""2026-10-04""}",CC BY 4.0,https://creativecommons.org/licenses/by/4.0/,Luca Valente,"CC BY 4.0 applies to the original compilation and editorial work by Luca Valente. Underlying third-party data retain their source terms, including Coin Metrics CC BY-NC 4.0 where indicated; this export does not replace those terms."
listino,2026-10-05,/blocchi/0/serie/0/punti/361/0,"""2026-10-02""","CoinGecko (market value); DefiLlama (fees, revenue)","{""livelli"": ""2026-10-05"", ""somme"": ""2026-10-04""}",CC BY 4.0,https://creativecommons.org/licenses/by/4.0/,Luca Valente,"CC BY 4.0 applies to the original compilation and editorial work by Luca Valente. Underlying third-party data retain their source terms, including Coin Metrics CC BY-NC 4.0 where indicated; this export does not replace those terms."
listino,2026-10-05,/blocchi/0/serie/0/punti/361/1,3.677054,"CoinGecko (market value); DefiLlama (fees, revenue)","{""livelli"": ""2026-10-05"", ""somme"": ""2026-10-04""}",CC BY 4.0,https://creativecommons.org/licenses/by/4.0/,Luca Valente,"CC BY 4.0 applies to the original compilation and editorial work by Luca Valente. Underlying third-party data retain their source terms, including Coin Metrics CC BY-NC 4.0 where indicated; this export does not replace those terms."
listino,2026-10-05,/blocchi/0/serie/0/punti/362/0,"""2026-10-03""","CoinGecko (market value); DefiLlama (fees, revenue)","{""livelli"": ""2026-10-05"", ""somme"": ""2026-10-04""}",CC BY 4.0,https://creativecommons.org/licenses/by/4.0/,Luca Valente,"CC BY 4.0 applies to the original compilation and editorial work by Luca Valente. Underlying third-party data retain their source terms, including Coin Metrics CC BY-NC 4.0 where indicated; this export does not replace those terms."
listino,2026-10-05,/blocchi/0/serie/0/punti/362/1,3.603958,"CoinGecko (market value); DefiLlama (fees, revenue)","{""livelli"": ""2026-10-05"", ""somme"": ""2026-10-04""}",CC BY 4.0,https://creativecommons.org/licenses/by/4.0/,Luca Valente,"CC BY 4.0 applies to the original compilation and editorial work by Luca Valente. Underlying third-party data retain their source terms, including Coin Metrics CC BY-NC 4.0 where indicated; this export does not replace those terms."
listino,2026-10-05,/blocchi/0/serie/0/punti/363/0,"""2026-10-04""","CoinGecko (market value); DefiLlama (fees, revenue)","{""livelli"": ""2026-10-05"", ""somme"": ""2026-10-04""}",CC BY 4.0,https://creativecommons.org/licenses/by/4.0/,Luca Valente,"CC BY 4.0 applies to the original compilation and editorial work by Luca Valente. Underlying third-party data retain their source terms, including Coin Metrics CC BY-NC 4.0 where indicated; this export does not replace those terms."
listino,2026-10-05,/blocchi/0/serie/0/punti/363/1,3.779036,"CoinGecko (market value); DefiLlama (fees, revenue)","{""livelli"": ""2026-10-05"", ""somme"": ""2026-10-04""}",CC BY 4.0,https://creativecommons.org/licenses/by/4.0/,Luca Valente,"CC BY 4.0 applies to the original compilation and editorial work by Luca Valente. Underlying third-party data retain their source terms, including Coin Metrics CC BY-NC 4.0 where indicated; this export does not replace those terms."
listino,2026-10-05,/blocchi/0/serie/0/punti/364/0,"""2026-10-05""","CoinGecko (market value); DefiLlama (fees, revenue)","{""livelli"": ""2026-10-05"", ""somme"": ""2026-10-04""}",CC BY 4.0,https://creativecommons.org/licenses/by/4.0/,Luca Valente,"CC BY 4.0 applies to the original compilation and editorial work by Luca Valente. Underlying third-party data retain their source terms, including Coin Metrics CC BY-NC 4.0 where indicated; this export does not replace those terms."
listino,2026-10-05,/blocchi/0/serie/0/punti/364/1,3.843152,"CoinGecko (market value); DefiLlama (fees, revenue)","{""livelli"": ""2026-10-05"", ""somme"": ""2026-10-04""}",CC BY 4.0,https://creativecommons.org/licenses/by/4.0/,Luca Valente,"CC BY 4.0 applies to the original compilation and editorial work by Luca Valente. Underlying third-party data retain their source terms, including Coin Metrics CC BY-NC 4.0 where indicated; this export does not replace those terms."
listino,2026-10-05,/blocchi/1/id,"""settori""","CoinGecko (market value); DefiLlama (fees, revenue)","{""livelli"": ""2026-10-05"", ""somme"": ""2026-10-04""}",CC BY 4.0,https://creativecommons.org/licenses/by/4.0/,Luca Valente,"CC BY 4.0 applies to the original compilation and editorial work by Luca Valente. Underlying third-party data retain their source terms, including Coin Metrics CC BY-NC 4.0 where indicated; this export does not replace those terms."
listino,2026-10-05,/blocchi/1/titolo,"""Sector medians (at least 5 tokens)""","CoinGecko (market value); DefiLlama (fees, revenue)","{""livelli"": ""2026-10-05"", ""somme"": ""2026-10-04""}",CC BY 4.0,https://creativecommons.org/licenses/by/4.0/,Luca Valente,"CC BY 4.0 applies to the original compilation and editorial work by Luca Valente. Underlying third-party data retain their source terms, including Coin Metrics CC BY-NC 4.0 where indicated; this export does not replace those terms."
listino,2026-10-05,/blocchi/1/tabella/colonne/0,"""Sector""","CoinGecko (market value); DefiLlama (fees, revenue)","{""livelli"": ""2026-10-05"", ""somme"": ""2026-10-04""}",CC BY 4.0,https://creativecommons.org/licenses/by/4.0/,Luca Valente,"CC BY 4.0 applies to the original compilation and editorial work by Luca Valente. Underlying third-party data retain their source terms, including Coin Metrics CC BY-NC 4.0 where indicated; this export does not replace those terms."
listino,2026-10-05,/blocchi/1/tabella/colonne/1,"""Tokens""","CoinGecko (market value); DefiLlama (fees, revenue)","{""livelli"": ""2026-10-05"", ""somme"": ""2026-10-04""}",CC BY 4.0,https://creativecommons.org/licenses/by/4.0/,Luca Valente,"CC BY 4.0 applies to the original compilation and editorial work by Luca Valente. Underlying third-party data retain their source terms, including Coin Metrics CC BY-NC 4.0 where indicated; this export does not replace those terms."
listino,2026-10-05,/blocchi/1/tabella/colonne/2,"""Median price to annual fees (x)""","CoinGecko (market value); DefiLlama (fees, revenue)","{""livelli"": ""2026-10-05"", ""somme"": ""2026-10-04""}",CC BY 4.0,https://creativecommons.org/licenses/by/4.0/,Luca Valente,"CC BY 4.0 applies to the original compilation and editorial work by Luca Valente. Underlying third-party data retain their source terms, including Coin Metrics CC BY-NC 4.0 where indicated; this export does not replace those terms."
listino,2026-10-05,/blocchi/1/tabella/colonne/3,"""90 days earlier (x)""","CoinGecko (market value); DefiLlama (fees, revenue)","{""livelli"": ""2026-10-05"", ""somme"": ""2026-10-04""}",CC BY 4.0,https://creativecommons.org/licenses/by/4.0/,Luca Valente,"CC BY 4.0 applies to the original compilation and editorial work by Luca Valente. Underlying third-party data retain their source terms, including Coin Metrics CC BY-NC 4.0 where indicated; this export does not replace those terms."
listino,2026-10-05,/blocchi/1/tabella/colonne/4,"""Median price to annual revenue (x)""","CoinGecko (market value); DefiLlama (fees, revenue)","{""livelli"": ""2026-10-05"", ""somme"": ""2026-10-04""}",CC BY 4.0,https://creativecommons.org/licenses/by/4.0/,Luca Valente,"CC BY 4.0 applies to the original compilation and editorial work by Luca Valente. Underlying third-party data retain their source terms, including Coin Metrics CC BY-NC 4.0 where indicated; this export does not replace those terms."
listino,2026-10-05,/blocchi/1/tabella/righe,[],"CoinGecko (market value); DefiLlama (fees, revenue)","{""livelli"": ""2026-10-05"", ""somme"": ""2026-10-04""}",CC BY 4.0,https://creativecommons.org/licenses/by/4.0/,Luca Valente,"CC BY 4.0 applies to the original compilation and editorial work by Luca Valente. Underlying third-party data retain their source terms, including Coin Metrics CC BY-NC 4.0 where indicated; this export does not replace those terms."
listino,2026-10-05,/blocchi/2/id,"""listino""","CoinGecko (market value); DefiLlama (fees, revenue)","{""livelli"": ""2026-10-05"", ""somme"": ""2026-10-04""}",CC BY 4.0,https://creativecommons.org/licenses/by/4.0/,Luca Valente,"CC BY 4.0 applies to the original compilation and editorial work by Luca Valente. Underlying third-party data retain their source terms, including Coin Metrics CC BY-NC 4.0 where indicated; this export does not replace those terms."
listino,2026-10-05,/blocchi/2/titolo,"""The list""","CoinGecko (market value); DefiLlama (fees, revenue)","{""livelli"": ""2026-10-05"", ""somme"": ""2026-10-04""}",CC BY 4.0,https://creativecommons.org/licenses/by/4.0/,Luca Valente,"CC BY 4.0 applies to the original compilation and editorial work by Luca Valente. Underlying third-party data retain their source terms, including Coin Metrics CC BY-NC 4.0 where indicated; this export does not replace those terms."
listino,2026-10-05,/blocchi/2/tabella/colonne/0,"""Token""","CoinGecko (market value); DefiLlama (fees, revenue)","{""livelli"": ""2026-10-05"", ""somme"": ""2026-10-04""}",CC BY 4.0,https://creativecommons.org/licenses/by/4.0/,Luca Valente,"CC BY 4.0 applies to the original compilation and editorial work by Luca Valente. Underlying third-party data retain their source terms, including Coin Metrics CC BY-NC 4.0 where indicated; this export does not replace those terms."
listino,2026-10-05,/blocchi/2/tabella/colonne/1,"""Protocol""","CoinGecko (market value); DefiLlama (fees, revenue)","{""livelli"": ""2026-10-05"", ""somme"": ""2026-10-04""}",CC BY 4.0,https://creativecommons.org/licenses/by/4.0/,Luca Valente,"CC BY 4.0 applies to the original compilation and editorial work by Luca Valente. Underlying third-party data retain their source terms, including Coin Metrics CC BY-NC 4.0 where indicated; this export does not replace those terms."
listino,2026-10-05,/blocchi/2/tabella/colonne/2,"""Sector""","CoinGecko (market value); DefiLlama (fees, revenue)","{""livelli"": ""2026-10-05"", ""somme"": ""2026-10-04""}",CC BY 4.0,https://creativecommons.org/licenses/by/4.0/,Luca Valente,"CC BY 4.0 applies to the original compilation and editorial work by Luca Valente. Underlying third-party data retain their source terms, including Coin Metrics CC BY-NC 4.0 where indicated; this export does not replace those terms."
listino,2026-10-05,/blocchi/2/tabella/colonne/3,"""Market value (usd)""","CoinGecko (market value); DefiLlama (fees, revenue)","{""livelli"": ""2026-10-05"", ""somme"": ""2026-10-04""}",CC BY 4.0,https://creativecommons.org/licenses/by/4.0/,Luca Valente,"CC BY 4.0 applies to the original compilation and editorial work by Luca Valente. Underlying third-party data retain their source terms, including Coin Metrics CC BY-NC 4.0 where indicated; this export does not replace those terms."
listino,2026-10-05,/blocchi/2/tabella/colonne/4,"""Fees, 365 days (usd)""","CoinGecko (market value); DefiLlama (fees, revenue)","{""livelli"": ""2026-10-05"", ""somme"": ""2026-10-04""}",CC BY 4.0,https://creativecommons.org/licenses/by/4.0/,Luca Valente,"CC BY 4.0 applies to the original compilation and editorial work by Luca Valente. Underlying third-party data retain their source terms, including Coin Metrics CC BY-NC 4.0 where indicated; this export does not replace those terms."
listino,2026-10-05,/blocchi/2/tabella/colonne/5,"""Price to annual fees (x)""","CoinGecko (market value); DefiLlama (fees, revenue)","{""livelli"": ""2026-10-05"", ""somme"": ""2026-10-04""}",CC BY 4.0,https://creativecommons.org/licenses/by/4.0/,Luca Valente,"CC BY 4.0 applies to the original compilation and editorial work by Luca Valente. Underlying third-party data retain their source terms, including Coin Metrics CC BY-NC 4.0 where indicated; this export does not replace those terms."
listino,2026-10-05,/blocchi/2/tabella/colonne/6,"""Percentile of its own last year""","CoinGecko (market value); DefiLlama (fees, revenue)","{""livelli"": ""2026-10-05"", ""somme"": ""2026-10-04""}",CC BY 4.0,https://creativecommons.org/licenses/by/4.0/,Luca Valente,"CC BY 4.0 applies to the original compilation and editorial work by Luca Valente. Underlying third-party data retain their source terms, including Coin Metrics CC BY-NC 4.0 where indicated; this export does not replace those terms."
listino,2026-10-05,/blocchi/2/tabella/colonne/7,"""Own one-year median (x)""","CoinGecko (market value); DefiLlama (fees, revenue)","{""livelli"": ""2026-10-05"", ""somme"": ""2026-10-04""}",CC BY 4.0,https://creativecommons.org/licenses/by/4.0/,Luca Valente,"CC BY 4.0 applies to the original compilation and editorial work by Luca Valente. Underlying third-party data retain their source terms, including Coin Metrics CC BY-NC 4.0 where indicated; this export does not replace those terms."
listino,2026-10-05,/blocchi/2/tabella/colonne/8,"""Price to annual revenue (x)""","CoinGecko (market value); DefiLlama (fees, revenue)","{""livelli"": ""2026-10-05"", ""somme"": ""2026-10-04""}",CC BY 4.0,https://creativecommons.org/licenses/by/4.0/,Luca Valente,"CC BY 4.0 applies to the original compilation and editorial work by Luca Valente. Underlying third-party data retain their source terms, including Coin Metrics CC BY-NC 4.0 where indicated; this export does not replace those terms."
listino,2026-10-05,/blocchi/2/tabella/colonne/9,"""Partial coverage""","CoinGecko (market value); DefiLlama (fees, revenue)","{""livelli"": ""2026-10-05"", ""somme"": ""2026-10-04""}",CC BY 4.0,https://creativecommons.org/licenses/by/4.0/,Luca Valente,"CC BY 4.0 applies to the original compilation and editorial work by Luca Valente. Underlying third-party data retain their source terms, including Coin Metrics CC BY-NC 4.0 where indicated; this export does not replace those terms."
listino,2026-10-05,/blocchi/2/tabella/colonne/10,"""Fees are staking rewards""","CoinGecko (market value); DefiLlama (fees, revenue)","{""livelli"": ""2026-10-05"", ""somme"": ""2026-10-04""}",CC BY 4.0,https://creativecommons.org/licenses/by/4.0/,Luca Valente,"CC BY 4.0 applies to the original compilation and editorial work by Luca Valente. Underlying third-party data retain their source terms, including Coin Metrics CC BY-NC 4.0 where indicated; this export does not replace those terms."
listino,2026-10-05,/blocchi/2/tabella/righe/0/0,"""hyperliquid""","CoinGecko (market value); DefiLlama (fees, revenue)","{""livelli"": ""2026-10-05"", ""somme"": ""2026-10-04""}",CC BY 4.0,https://creativecommons.org/licenses/by/4.0/,Luca Valente,"CC BY 4.0 applies to the original compilation and editorial work by Luca Valente. Underlying third-party data retain their source terms, including Coin Metrics CC BY-NC 4.0 where indicated; this export does not replace those terms."
listino,2026-10-05,/blocchi/2/tabella/righe/0/1,"""Hyperliquid""","CoinGecko (market value); DefiLlama (fees, revenue)","{""livelli"": ""2026-10-05"", ""somme"": ""2026-10-04""}",CC BY 4.0,https://creativecommons.org/licenses/by/4.0/,Luca Valente,"CC BY 4.0 applies to the original compilation and editorial work by Luca Valente. Underlying third-party data retain their source terms, including Coin Metrics CC BY-NC 4.0 where indicated; this export does not replace those terms."
listino,2026-10-05,/blocchi/2/tabella/righe/0/2,"""Derivatives""","CoinGecko (market value); DefiLlama (fees, revenue)","{""livelli"": ""2026-10-05"", ""somme"": ""2026-10-04""}",CC BY 4.0,https://creativecommons.org/licenses/by/4.0/,Luca Valente,"CC BY 4.0 applies to the original compilation and editorial work by Luca Valente. Underlying third-party data retain their source terms, including Coin Metrics CC BY-NC 4.0 where indicated; this export does not replace those terms."
listino,2026-10-05,/blocchi/2/tabella/righe/0/3,20134955845,"CoinGecko (market value); DefiLlama (fees, revenue)","{""livelli"": ""2026-10-05"", ""somme"": ""2026-10-04""}",CC BY 4.0,https://creativecommons.org/licenses/by/4.0/,Luca Valente,"CC BY 4.0 applies to the original compilation and editorial work by Luca Valente. Underlying third-party data retain their source terms, including Coin Metrics CC BY-NC 4.0 where indicated; this export does not replace those terms."
listino,2026-10-05,/blocchi/2/tabella/righe/0/4,933951984,"CoinGecko (market value); DefiLlama (fees, revenue)","{""livelli"": ""2026-10-05"", ""somme"": ""2026-10-04""}",CC BY 4.0,https://creativecommons.org/licenses/by/4.0/,Luca Valente,"CC BY 4.0 applies to the original compilation and editorial work by Luca Valente. Underlying third-party data retain their source terms, including Coin Metrics CC BY-NC 4.0 where indicated; this export does not replace those terms."
listino,2026-10-05,/blocchi/2/tabella/righe/0/5,21.56,"CoinGecko (market value); DefiLlama (fees, revenue)","{""livelli"": ""2026-10-05"", ""somme"": ""2026-10-04""}",CC BY 4.0,https://creativecommons.org/licenses/by/4.0/,Luca Valente,"CC BY 4.0 applies to the original compilation and editorial work by Luca Valente. Underlying third-party data retain their source terms, including Coin Metrics CC BY-NC 4.0 where indicated; this export does not replace those terms."
listino,2026-10-05,/blocchi/2/tabella/righe/0/6,96.6,"CoinGecko (market value); DefiLlama (fees, revenue)","{""livelli"": ""2026-10-05"", ""somme"": ""2026-10-04""}",CC BY 4.0,https://creativecommons.org/licenses/by/4.0/,Luca Valente,"CC BY 4.0 applies to the original compilation and editorial work by Luca Valente. Underlying third-party data retain their source terms, including Coin Metrics CC BY-NC 4.0 where indicated; this export does not replace those terms."
listino,2026-10-05,/blocchi/2/tabella/righe/0/7,9.52,"CoinGecko (market value); DefiLlama (fees, revenue)","{""livelli"": ""2026-10-05"", ""somme"": ""2026-10-04""}",CC BY 4.0,https://creativecommons.org/licenses/by/4.0/,Luca Valente,"CC BY 4.0 applies to the original compilation and editorial work by Luca Valente. Underlying third-party data retain their source terms, including Coin Metrics CC BY-NC 4.0 where indicated; this export does not replace those terms."
listino,2026-10-05,/blocchi/2/tabella/righe/0/8,28.33,"CoinGecko (market value); DefiLlama (fees, revenue)","{""livelli"": ""2026-10-05"", ""somme"": ""2026-10-04""}",CC BY 4.0,https://creativecommons.org/licenses/by/4.0/,Luca Valente,"CC BY 4.0 applies to the original compilation and editorial work by Luca Valente. Underlying third-party data retain their source terms, including Coin Metrics CC BY-NC 4.0 where indicated; this export does not replace those terms."
listino,2026-10-05,/blocchi/2/tabella/righe/0/9,"""yes""","CoinGecko (market value); DefiLlama (fees, revenue)","{""livelli"": ""2026-10-05"", ""somme"": ""2026-10-04""}",CC BY 4.0,https://creativecommons.org/licenses/by/4.0/,Luca Valente,"CC BY 4.0 applies to the original compilation and editorial work by Luca Valente. Underlying third-party data retain their source terms, including Coin Metrics CC BY-NC 4.0 where indicated; this export does not replace those terms."
listino,2026-10-05,/blocchi/2/tabella/righe/0/10,"""""","CoinGecko (market value); DefiLlama (fees, revenue)","{""livelli"": ""2026-10-05"", ""somme"": ""2026-10-04""}",CC BY 4.0,https://creativecommons.org/licenses/by/4.0/,Luca Valente,"CC BY 4.0 applies to the original compilation and editorial work by Luca Valente. Underlying third-party data retain their source terms, including Coin Metrics CC BY-NC 4.0 where indicated; this export does not replace those terms."
listino,2026-10-05,/blocchi/2/tabella/righe/1/0,"""UNI""","CoinGecko (market value); DefiLlama (fees, revenue)","{""livelli"": ""2026-10-05"", ""somme"": ""2026-10-04""}",CC BY 4.0,https://creativecommons.org/licenses/by/4.0/,Luca Valente,"CC BY 4.0 applies to the original compilation and editorial work by Luca Valente. Underlying third-party data retain their source terms, including Coin Metrics CC BY-NC 4.0 where indicated; this export does not replace those terms."
listino,2026-10-05,/blocchi/2/tabella/righe/1/1,"""Uniswap V3""","CoinGecko (market value); DefiLlama (fees, revenue)","{""livelli"": ""2026-10-05"", ""somme"": ""2026-10-04""}",CC BY 4.0,https://creativecommons.org/licenses/by/4.0/,Luca Valente,"CC BY 4.0 applies to the original compilation and editorial work by Luca Valente. Underlying third-party data retain their source terms, including Coin Metrics CC BY-NC 4.0 where indicated; this export does not replace those terms."
listino,2026-10-05,/blocchi/2/tabella/righe/1/2,"""DEXs""","CoinGecko (market value); DefiLlama (fees, revenue)","{""livelli"": ""2026-10-05"", ""somme"": ""2026-10-04""}",CC BY 4.0,https://creativecommons.org/licenses/by/4.0/,Luca Valente,"CC BY 4.0 applies to the original compilation and editorial work by Luca Valente. Underlying third-party data retain their source terms, including Coin Metrics CC BY-NC 4.0 where indicated; this export does not replace those terms."
listino,2026-10-05,/blocchi/2/tabella/righe/1/3,5674854354,"CoinGecko (market value); DefiLlama (fees, revenue)","{""livelli"": ""2026-10-05"", ""somme"": ""2026-10-04""}",CC BY 4.0,https://creativecommons.org/licenses/by/4.0/,Luca Valente,"CC BY 4.0 applies to the original compilation and editorial work by Luca Valente. Underlying third-party data retain their source terms, including Coin Metrics CC BY-NC 4.0 where indicated; this export does not replace those terms."
listino,2026-10-05,/blocchi/2/tabella/righe/1/4,490268655,"CoinGecko (market value); DefiLlama (fees, revenue)","{""livelli"": ""2026-10-05"", ""somme"": ""2026-10-04""}",CC BY 4.0,https://creativecommons.org/licenses/by/4.0/,Luca Valente,"CC BY 4.0 applies to the original compilation and editorial work by Luca Valente. Underlying third-party data retain their source terms, including Coin Metrics CC BY-NC 4.0 where indicated; this export does not replace those terms."
listino,2026-10-05,/blocchi/2/tabella/righe/1/5,11.57,"CoinGecko (market value); DefiLlama (fees, revenue)","{""livelli"": ""2026-10-05"", ""somme"": ""2026-10-04""}",CC BY 4.0,https://creativecommons.org/licenses/by/4.0/,Luca Valente,"CC BY 4.0 applies to the original compilation and editorial work by Luca Valente. Underlying third-party data retain their source terms, including Coin Metrics CC BY-NC 4.0 where indicated; this export does not replace those terms."
listino,2026-10-05,/blocchi/2/tabella/righe/1/6,98.9,"CoinGecko (market value); DefiLlama (fees, revenue)","{""livelli"": ""2026-10-05"", ""somme"": ""2026-10-04""}",CC BY 4.0,https://creativecommons.org/licenses/by/4.0/,Luca Valente,"CC BY 4.0 applies to the original compilation and editorial work by Luca Valente. Underlying third-party data retain their source terms, including Coin Metrics CC BY-NC 4.0 where indicated; this export does not replace those terms."
listino,2026-10-05,/blocchi/2/tabella/righe/1/7,4.3,"CoinGecko (market value); DefiLlama (fees, revenue)","{""livelli"": ""2026-10-05"", ""somme"": ""2026-10-04""}",CC BY 4.0,https://creativecommons.org/licenses/by/4.0/,Luca Valente,"CC BY 4.0 applies to the original compilation and editorial work by Luca Valente. Underlying third-party data retain their source terms, including Coin Metrics CC BY-NC 4.0 where indicated; this export does not replace those terms."
listino,2026-10-05,/blocchi/2/tabella/righe/1/8,105.72,"CoinGecko (market value); DefiLlama (fees, revenue)","{""livelli"": ""2026-10-05"", ""somme"": ""2026-10-04""}",CC BY 4.0,https://creativecommons.org/licenses/by/4.0/,Luca Valente,"CC BY 4.0 applies to the original compilation and editorial work by Luca Valente. Underlying third-party data retain their source terms, including Coin Metrics CC BY-NC 4.0 where indicated; this export does not replace those terms."
listino,2026-10-05,/blocchi/2/tabella/righe/1/9,"""yes""","CoinGecko (market value); DefiLlama (fees, revenue)","{""livelli"": ""2026-10-05"", ""somme"": ""2026-10-04""}",CC BY 4.0,https://creativecommons.org/licenses/by/4.0/,Luca Valente,"CC BY 4.0 applies to the original compilation and editorial work by Luca Valente. Underlying third-party data retain their source terms, including Coin Metrics CC BY-NC 4.0 where indicated; this export does not replace those terms."
listino,2026-10-05,/blocchi/2/tabella/righe/1/10,"""""","CoinGecko (market value); DefiLlama (fees, revenue)","{""livelli"": ""2026-10-05"", ""somme"": ""2026-10-04""}",CC BY 4.0,https://creativecommons.org/licenses/by/4.0/,Luca Valente,"CC BY 4.0 applies to the original compilation and editorial work by Luca Valente. Underlying third-party data retain their source terms, including Coin Metrics CC BY-NC 4.0 where indicated; this export does not replace those terms."
listino,2026-10-05,/blocchi/2/tabella/righe/2/0,"""ENA""","CoinGecko (market value); DefiLlama (fees, revenue)","{""livelli"": ""2026-10-05"", ""somme"": ""2026-10-04""}",CC BY 4.0,https://creativecommons.org/licenses/by/4.0/,Luca Valente,"CC BY 4.0 applies to the original compilation and editorial work by Luca Valente. Underlying third-party data retain their source terms, including Coin Metrics CC BY-NC 4.0 where indicated; this export does not replace those terms."
listino,2026-10-05,/blocchi/2/tabella/righe/2/1,"""Ethena USDe""","CoinGecko (market value); DefiLlama (fees, revenue)","{""livelli"": ""2026-10-05"", ""somme"": ""2026-10-04""}",CC BY 4.0,https://creativecommons.org/licenses/by/4.0/,Luca Valente,"CC BY 4.0 applies to the original compilation and editorial work by Luca Valente. Underlying third-party data retain their source terms, including Coin Metrics CC BY-NC 4.0 where indicated; this export does not replace those terms."
listino,2026-10-05,/blocchi/2/tabella/righe/2/2,"""Basis trading""","CoinGecko (market value); DefiLlama (fees, revenue)","{""livelli"": ""2026-10-05"", ""somme"": ""2026-10-04""}",CC BY 4.0,https://creativecommons.org/licenses/by/4.0/,Luca Valente,"CC BY 4.0 applies to the original compilation and editorial work by Luca Valente. Underlying third-party data retain their source terms, including Coin Metrics CC BY-NC 4.0 where indicated; this export does not replace those terms."
listino,2026-10-05,/blocchi/2/tabella/righe/2/3,4910971077,"CoinGecko (market value); DefiLlama (fees, revenue)","{""livelli"": ""2026-10-05"", ""somme"": ""2026-10-04""}",CC BY 4.0,https://creativecommons.org/licenses/by/4.0/,Luca Valente,"CC BY 4.0 applies to the original compilation and editorial work by Luca Valente. Underlying third-party data retain their source terms, including Coin Metrics CC BY-NC 4.0 where indicated; this export does not replace those terms."
listino,2026-10-05,/blocchi/2/tabella/righe/2/4,257948573,"CoinGecko (market value); DefiLlama (fees, revenue)","{""livelli"": ""2026-10-05"", ""somme"": ""2026-10-04""}",CC BY 4.0,https://creativecommons.org/licenses/by/4.0/,Luca Valente,"CC BY 4.0 applies to the original compilation and editorial work by Luca Valente. Underlying third-party data retain their source terms, including Coin Metrics CC BY-NC 4.0 where indicated; this export does not replace those terms."
listino,2026-10-05,/blocchi/2/tabella/righe/2/5,19.04,"CoinGecko (market value); DefiLlama (fees, revenue)","{""livelli"": ""2026-10-05"", ""somme"": ""2026-10-04""}",CC BY 4.0,https://creativecommons.org/licenses/by/4.0/,Luca Valente,"CC BY 4.0 applies to the original compilation and editorial work by Luca Valente. Underlying third-party data retain their source terms, including Coin Metrics CC BY-NC 4.0 where indicated; this export does not replace those terms."
listino,2026-10-05,/blocchi/2/tabella/righe/2/6,90.7,"CoinGecko (market value); DefiLlama (fees, revenue)","{""livelli"": ""2026-10-05"", ""somme"": ""2026-10-04""}",CC BY 4.0,https://creativecommons.org/licenses/by/4.0/,Luca Valente,"CC BY 4.0 applies to the original compilation and editorial work by Luca Valente. Underlying third-party data retain their source terms, including Coin Metrics CC BY-NC 4.0 where indicated; this export does not replace those terms."
listino,2026-10-05,/blocchi/2/tabella/righe/2/7,16.28,"CoinGecko (market value); DefiLlama (fees, revenue)","{""livelli"": ""2026-10-05"", ""somme"": ""2026-10-04""}",CC BY 4.0,https://creativecommons.org/licenses/by/4.0/,Luca Valente,"CC BY 4.0 applies to the original compilation and editorial work by Luca Valente. Underlying third-party data retain their source terms, including Coin Metrics CC BY-NC 4.0 where indicated; this export does not replace those terms."
listino,2026-10-05,/blocchi/2/tabella/righe/2/8,2426.31,"CoinGecko (market value); DefiLlama (fees, revenue)","{""livelli"": ""2026-10-05"", ""somme"": ""2026-10-04""}",CC BY 4.0,https://creativecommons.org/licenses/by/4.0/,Luca Valente,"CC BY 4.0 applies to the original compilation and editorial work by Luca Valente. Underlying third-party data retain their source terms, including Coin Metrics CC BY-NC 4.0 where indicated; this export does not replace those terms."
listino,2026-10-05,/blocchi/2/tabella/righe/2/9,"""""","CoinGecko (market value); DefiLlama (fees, revenue)","{""livelli"": ""2026-10-05"", ""somme"": ""2026-10-04""}",CC BY 4.0,https://creativecommons.org/licenses/by/4.0/,Luca Valente,"CC BY 4.0 applies to the original compilation and editorial work by Luca Valente. Underlying third-party data retain their source terms, including Coin Metrics CC BY-NC 4.0 where indicated; this export does not replace those terms."
listino,2026-10-05,/blocchi/2/tabella/righe/2/10,"""""","CoinGecko (market value); DefiLlama (fees, revenue)","{""livelli"": ""2026-10-05"", ""somme"": ""2026-10-04""}",CC BY 4.0,https://creativecommons.org/licenses/by/4.0/,Luca Valente,"CC BY 4.0 applies to the original compilation and editorial work by Luca Valente. Underlying third-party data retain their source terms, including Coin Metrics CC BY-NC 4.0 where indicated; this export does not replace those terms."
listino,2026-10-05,/blocchi/2/tabella/righe/3/0,"""pump-fun""","CoinGecko (market value); DefiLlama (fees, revenue)","{""livelli"": ""2026-10-05"", ""somme"": ""2026-10-04""}",CC BY 4.0,https://creativecommons.org/licenses/by/4.0/,Luca Valente,"CC BY 4.0 applies to the original compilation and editorial work by Luca Valente. Underlying third-party data retain their source terms, including Coin Metrics CC BY-NC 4.0 where indicated; this export does not replace those terms."
listino,2026-10-05,/blocchi/2/tabella/righe/3/1,"""Pump.fun""","CoinGecko (market value); DefiLlama (fees, revenue)","{""livelli"": ""2026-10-05"", ""somme"": ""2026-10-04""}",CC BY 4.0,https://creativecommons.org/licenses/by/4.0/,Luca Valente,"CC BY 4.0 applies to the original compilation and editorial work by Luca Valente. Underlying third-party data retain their source terms, including Coin Metrics CC BY-NC 4.0 where indicated; this export does not replace those terms."
listino,2026-10-05,/blocchi/2/tabella/righe/3/2,"""Launchpad""","CoinGecko (market value); DefiLlama (fees, revenue)","{""livelli"": ""2026-10-05"", ""somme"": ""2026-10-04""}",CC BY 4.0,https://creativecommons.org/licenses/by/4.0/,Luca Valente,"CC BY 4.0 applies to the original compilation and editorial work by Luca Valente. Underlying third-party data retain their source terms, including Coin Metrics CC BY-NC 4.0 where indicated; this export does not replace those terms."
listino,2026-10-05,/blocchi/2/tabella/righe/3/3,3027288013,"CoinGecko (market value); DefiLlama (fees, revenue)","{""livelli"": ""2026-10-05"", ""somme"": ""2026-10-04""}",CC BY 4.0,https://creativecommons.org/licenses/by/4.0/,Luca Valente,"CC BY 4.0 applies to the original compilation and editorial work by Luca Valente. Underlying third-party data retain their source terms, including Coin Metrics CC BY-NC 4.0 where indicated; this export does not replace those terms."
listino,2026-10-05,/blocchi/2/tabella/righe/3/4,1169921014,"CoinGecko (market value); DefiLlama (fees, revenue)","{""livelli"": ""2026-10-05"", ""somme"": ""2026-10-04""}",CC BY 4.0,https://creativecommons.org/licenses/by/4.0/,Luca Valente,"CC BY 4.0 applies to the original compilation and editorial work by Luca Valente. Underlying third-party data retain their source terms, including Coin Metrics CC BY-NC 4.0 where indicated; this export does not replace those terms."
listino,2026-10-05,/blocchi/2/tabella/righe/3/5,2.59,"CoinGecko (market value); DefiLlama (fees, revenue)","{""livelli"": ""2026-10-05"", ""somme"": ""2026-10-04""}",CC BY 4.0,https://creativecommons.org/licenses/by/4.0/,Luca Valente,"CC BY 4.0 applies to the original compilation and editorial work by Luca Valente. Underlying third-party data retain their source terms, including Coin Metrics CC BY-NC 4.0 where indicated; this export does not replace those terms."
listino,2026-10-05,/blocchi/2/tabella/righe/3/6,100.0,"CoinGecko (market value); DefiLlama (fees, revenue)","{""livelli"": ""2026-10-05"", ""somme"": ""2026-10-04""}",CC BY 4.0,https://creativecommons.org/licenses/by/4.0/,Luca Valente,"CC BY 4.0 applies to the original compilation and editorial work by Luca Valente. Underlying third-party data retain their source terms, including Coin Metrics CC BY-NC 4.0 where indicated; this export does not replace those terms."
listino,2026-10-05,/blocchi/2/tabella/righe/3/7,1.17,"CoinGecko (market value); DefiLlama (fees, revenue)","{""livelli"": ""2026-10-05"", ""somme"": ""2026-10-04""}",CC BY 4.0,https://creativecommons.org/licenses/by/4.0/,Luca Valente,"CC BY 4.0 applies to the original compilation and editorial work by Luca Valente. Underlying third-party data retain their source terms, including Coin Metrics CC BY-NC 4.0 where indicated; this export does not replace those terms."
listino,2026-10-05,/blocchi/2/tabella/righe/3/8,6.45,"CoinGecko (market value); DefiLlama (fees, revenue)","{""livelli"": ""2026-10-05"", ""somme"": ""2026-10-04""}",CC BY 4.0,https://creativecommons.org/licenses/by/4.0/,Luca Valente,"CC BY 4.0 applies to the original compilation and editorial work by Luca Valente. Underlying third-party data retain their source terms, including Coin Metrics CC BY-NC 4.0 where indicated; this export does not replace those terms."
listino,2026-10-05,/blocchi/2/tabella/righe/3/9,"""yes""","CoinGecko (market value); DefiLlama (fees, revenue)","{""livelli"": ""2026-10-05"", ""somme"": ""2026-10-04""}",CC BY 4.0,https://creativecommons.org/licenses/by/4.0/,Luca Valente,"CC BY 4.0 applies to the original compilation and editorial work by Luca Valente. Underlying third-party data retain their source terms, including Coin Metrics CC BY-NC 4.0 where indicated; this export does not replace those terms."
listino,2026-10-05,/blocchi/2/tabella/righe/3/10,"""""","CoinGecko (market value); DefiLlama (fees, revenue)","{""livelli"": ""2026-10-05"", ""somme"": ""2026-10-04""}",CC BY 4.0,https://creativecommons.org/licenses/by/4.0/,Luca Valente,"CC BY 4.0 applies to the original compilation and editorial work by Luca Valente. Underlying third-party data retain their source terms, including Coin Metrics CC BY-NC 4.0 where indicated; this export does not replace those terms."
listino,2026-10-05,/blocchi/2/tabella/righe/4/0,"""AAVE""","CoinGecko (market value); DefiLlama (fees, revenue)","{""livelli"": ""2026-10-05"", ""somme"": ""2026-10-04""}",CC BY 4.0,https://creativecommons.org/licenses/by/4.0/,Luca Valente,"CC BY 4.0 applies to the original compilation and editorial work by Luca Valente. Underlying third-party data retain their source terms, including Coin Metrics CC BY-NC 4.0 where indicated; this export does not replace those terms."
listino,2026-10-05,/blocchi/2/tabella/righe/4/1,"""Aave V3""","CoinGecko (market value); DefiLlama (fees, revenue)","{""livelli"": ""2026-10-05"", ""somme"": ""2026-10-04""}",CC BY 4.0,https://creativecommons.org/licenses/by/4.0/,Luca Valente,"CC BY 4.0 applies to the original compilation and editorial work by Luca Valente. Underlying third-party data retain their source terms, including Coin Metrics CC BY-NC 4.0 where indicated; this export does not replace those terms."
listino,2026-10-05,/blocchi/2/tabella/righe/4/2,"""Lending""","CoinGecko (market value); DefiLlama (fees, revenue)","{""livelli"": ""2026-10-05"", ""somme"": ""2026-10-04""}",CC BY 4.0,https://creativecommons.org/licenses/by/4.0/,Luca Valente,"CC BY 4.0 applies to the original compilation and editorial work by Luca Valente. Underlying third-party data retain their source terms, including Coin Metrics CC BY-NC 4.0 where indicated; this export does not replace those terms."
listino,2026-10-05,/blocchi/2/tabella/righe/4/3,2763875216,"CoinGecko (market value); DefiLlama (fees, revenue)","{""livelli"": ""2026-10-05"", ""somme"": ""2026-10-04""}",CC BY 4.0,https://creativecommons.org/licenses/by/4.0/,Luca Valente,"CC BY 4.0 applies to the original compilation and editorial work by Luca Valente. Underlying third-party data retain their source terms, including Coin Metrics CC BY-NC 4.0 where indicated; this export does not replace those terms."
listino,2026-10-05,/blocchi/2/tabella/righe/4/4,720804317,"CoinGecko (market value); DefiLlama (fees, revenue)","{""livelli"": ""2026-10-05"", ""somme"": ""2026-10-04""}",CC BY 4.0,https://creativecommons.org/licenses/by/4.0/,Luca Valente,"CC BY 4.0 applies to the original compilation and editorial work by Luca Valente. Underlying third-party data retain their source terms, including Coin Metrics CC BY-NC 4.0 where indicated; this export does not replace those terms."
listino,2026-10-05,/blocchi/2/tabella/righe/4/5,3.83,"CoinGecko (market value); DefiLlama (fees, revenue)","{""livelli"": ""2026-10-05"", ""somme"": ""2026-10-04""}",CC BY 4.0,https://creativecommons.org/licenses/by/4.0/,Luca Valente,"CC BY 4.0 applies to the original compilation and editorial work by Luca Valente. Underlying third-party data retain their source terms, including Coin Metrics CC BY-NC 4.0 where indicated; this export does not replace those terms."
listino,2026-10-05,/blocchi/2/tabella/righe/4/6,92.1,"CoinGecko (market value); DefiLlama (fees, revenue)","{""livelli"": ""2026-10-05"", ""somme"": ""2026-10-04""}",CC BY 4.0,https://creativecommons.org/licenses/by/4.0/,Luca Valente,"CC BY 4.0 applies to the original compilation and editorial work by Luca Valente. Underlying third-party data retain their source terms, including Coin Metrics CC BY-NC 4.0 where indicated; this export does not replace those terms."
listino,2026-10-05,/blocchi/2/tabella/righe/4/7,1.99,"CoinGecko (market value); DefiLlama (fees, revenue)","{""livelli"": ""2026-10-05"", ""somme"": ""2026-10-04""}",CC BY 4.0,https://creativecommons.org/licenses/by/4.0/,Luca Valente,"CC BY 4.0 applies to the original compilation and editorial work by Luca Valente. Underlying third-party data retain their source terms, including Coin Metrics CC BY-NC 4.0 where indicated; this export does not replace those terms."
listino,2026-10-05,/blocchi/2/tabella/righe/4/8,30.09,"CoinGecko (market value); DefiLlama (fees, revenue)","{""livelli"": ""2026-10-05"", ""somme"": ""2026-10-04""}",CC BY 4.0,https://creativecommons.org/licenses/by/4.0/,Luca Valente,"CC BY 4.0 applies to the original compilation and editorial work by Luca Valente. Underlying third-party data retain their source terms, including Coin Metrics CC BY-NC 4.0 where indicated; this export does not replace those terms."
listino,2026-10-05,/blocchi/2/tabella/righe/4/9,"""yes""","CoinGecko (market value); DefiLlama (fees, revenue)","{""livelli"": ""2026-10-05"", ""somme"": ""2026-10-04""}",CC BY 4.0,https://creativecommons.org/licenses/by/4.0/,Luca Valente,"CC BY 4.0 applies to the original compilation and editorial work by Luca Valente. Underlying third-party data retain their source terms, including Coin Metrics CC BY-NC 4.0 where indicated; this export does not replace those terms."
listino,2026-10-05,/blocchi/2/tabella/righe/4/10,"""""","CoinGecko (market value); DefiLlama (fees, revenue)","{""livelli"": ""2026-10-05"", ""somme"": ""2026-10-04""}",CC BY 4.0,https://creativecommons.org/licenses/by/4.0/,Luca Valente,"CC BY 4.0 applies to the original compilation and editorial work by Luca Valente. Underlying third-party data retain their source terms, including Coin Metrics CC BY-NC 4.0 where indicated; this export does not replace those terms."
listino,2026-10-05,/blocchi/2/tabella/righe/5/0,"""SKY""","CoinGecko (market value); DefiLlama (fees, revenue)","{""livelli"": ""2026-10-05"", ""somme"": ""2026-10-04""}",CC BY 4.0,https://creativecommons.org/licenses/by/4.0/,Luca Valente,"CC BY 4.0 applies to the original compilation and editorial work by Luca Valente. Underlying third-party data retain their source terms, including Coin Metrics CC BY-NC 4.0 where indicated; this export does not replace those terms."
listino,2026-10-05,/blocchi/2/tabella/righe/5/1,"""Sky Lending""","CoinGecko (market value); DefiLlama (fees, revenue)","{""livelli"": ""2026-10-05"", ""somme"": ""2026-10-04""}",CC BY 4.0,https://creativecommons.org/licenses/by/4.0/,Luca Valente,"CC BY 4.0 applies to the original compilation and editorial work by Luca Valente. Underlying third-party data retain their source terms, including Coin Metrics CC BY-NC 4.0 where indicated; this export does not replace those terms."
listino,2026-10-05,/blocchi/2/tabella/righe/5/2,"""Collateralised debt""","CoinGecko (market value); DefiLlama (fees, revenue)","{""livelli"": ""2026-10-05"", ""somme"": ""2026-10-04""}",CC BY 4.0,https://creativecommons.org/licenses/by/4.0/,Luca Valente,"CC BY 4.0 applies to the original compilation and editorial work by Luca Valente. Underlying third-party data retain their source terms, including Coin Metrics CC BY-NC 4.0 where indicated; this export does not replace those terms."
listino,2026-10-05,/blocchi/2/tabella/righe/5/3,2286328029,"CoinGecko (market value); DefiLlama (fees, revenue)","{""livelli"": ""2026-10-05"", ""somme"": ""2026-10-04""}",CC BY 4.0,https://creativecommons.org/licenses/by/4.0/,Luca Valente,"CC BY 4.0 applies to the original compilation and editorial work by Luca Valente. Underlying third-party data retain their source terms, including Coin Metrics CC BY-NC 4.0 where indicated; this export does not replace those terms."
listino,2026-10-05,/blocchi/2/tabella/righe/5/4,391573686,"CoinGecko (market value); DefiLlama (fees, revenue)","{""livelli"": ""2026-10-05"", ""somme"": ""2026-10-04""}",CC BY 4.0,https://creativecommons.org/licenses/by/4.0/,Luca Valente,"CC BY 4.0 applies to the original compilation and editorial work by Luca Valente. Underlying third-party data retain their source terms, including Coin Metrics CC BY-NC 4.0 where indicated; this export does not replace those terms."
listino,2026-10-05,/blocchi/2/tabella/righe/5/5,5.84,"CoinGecko (market value); DefiLlama (fees, revenue)","{""livelli"": ""2026-10-05"", ""somme"": ""2026-10-04""}",CC BY 4.0,https://creativecommons.org/licenses/by/4.0/,Luca Valente,"CC BY 4.0 applies to the original compilation and editorial work by Luca Valente. Underlying third-party data retain their source terms, including Coin Metrics CC BY-NC 4.0 where indicated; this export does not replace those terms."
listino,2026-10-05,/blocchi/2/tabella/righe/5/6,100.0,"CoinGecko (market value); DefiLlama (fees, revenue)","{""livelli"": ""2026-10-05"", ""somme"": ""2026-10-04""}",CC BY 4.0,https://creativecommons.org/licenses/by/4.0/,Luca Valente,"CC BY 4.0 applies to the original compilation and editorial work by Luca Valente. Underlying third-party data retain their source terms, including Coin Metrics CC BY-NC 4.0 where indicated; this export does not replace those terms."
listino,2026-10-05,/blocchi/2/tabella/righe/5/7,3.62,"CoinGecko (market value); DefiLlama (fees, revenue)","{""livelli"": ""2026-10-05"", ""somme"": ""2026-10-04""}",CC BY 4.0,https://creativecommons.org/licenses/by/4.0/,Luca Valente,"CC BY 4.0 applies to the original compilation and editorial work by Luca Valente. Underlying third-party data retain their source terms, including Coin Metrics CC BY-NC 4.0 where indicated; this export does not replace those terms."
listino,2026-10-05,/blocchi/2/tabella/righe/5/8,11.24,"CoinGecko (market value); DefiLlama (fees, revenue)","{""livelli"": ""2026-10-05"", ""somme"": ""2026-10-04""}",CC BY 4.0,https://creativecommons.org/licenses/by/4.0/,Luca Valente,"CC BY 4.0 applies to the original compilation and editorial work by Luca Valente. Underlying third-party data retain their source terms, including Coin Metrics CC BY-NC 4.0 where indicated; this export does not replace those terms."
listino,2026-10-05,/blocchi/2/tabella/righe/5/9,"""yes""","CoinGecko (market value); DefiLlama (fees, revenue)","{""livelli"": ""2026-10-05"", ""somme"": ""2026-10-04""}",CC BY 4.0,https://creativecommons.org/licenses/by/4.0/,Luca Valente,"CC BY 4.0 applies to the original compilation and editorial work by Luca Valente. Underlying third-party data retain their source terms, including Coin Metrics CC BY-NC 4.0 where indicated; this export does not replace those terms."
listino,2026-10-05,/blocchi/2/tabella/righe/5/10,"""""","CoinGecko (market value); DefiLlama (fees, revenue)","{""livelli"": ""2026-10-05"", ""somme"": ""2026-10-04""}",CC BY 4.0,https://creativecommons.org/licenses/by/4.0/,Luca Valente,"CC BY 4.0 applies to the original compilation and editorial work by Luca Valente. Underlying third-party data retain their source terms, including Coin Metrics CC BY-NC 4.0 where indicated; this export does not replace those terms."
listino,2026-10-05,/blocchi/2/tabella/righe/6/0,"""MORPHO""","CoinGecko (market value); DefiLlama (fees, revenue)","{""livelli"": ""2026-10-05"", ""somme"": ""2026-10-04""}",CC BY 4.0,https://creativecommons.org/licenses/by/4.0/,Luca Valente,"CC BY 4.0 applies to the original compilation and editorial work by Luca Valente. Underlying third-party data retain their source terms, including Coin Metrics CC BY-NC 4.0 where indicated; this export does not replace those terms."
listino,2026-10-05,/blocchi/2/tabella/righe/6/1,"""Morpho Blue""","CoinGecko (market value); DefiLlama (fees, revenue)","{""livelli"": ""2026-10-05"", ""somme"": ""2026-10-04""}",CC BY 4.0,https://creativecommons.org/licenses/by/4.0/,Luca Valente,"CC BY 4.0 applies to the original compilation and editorial work by Luca Valente. Underlying third-party data retain their source terms, including Coin Metrics CC BY-NC 4.0 where indicated; this export does not replace those terms."
listino,2026-10-05,/blocchi/2/tabella/righe/6/2,"""Lending""","CoinGecko (market value); DefiLlama (fees, revenue)","{""livelli"": ""2026-10-05"", ""somme"": ""2026-10-04""}",CC BY 4.0,https://creativecommons.org/licenses/by/4.0/,Luca Valente,"CC BY 4.0 applies to the original compilation and editorial work by Luca Valente. Underlying third-party data retain their source terms, including Coin Metrics CC BY-NC 4.0 where indicated; this export does not replace those terms."
listino,2026-10-05,/blocchi/2/tabella/righe/6/3,1918411691,"CoinGecko (market value); DefiLlama (fees, revenue)","{""livelli"": ""2026-10-05"", ""somme"": ""2026-10-04""}",CC BY 4.0,https://creativecommons.org/licenses/by/4.0/,Luca Valente,"CC BY 4.0 applies to the original compilation and editorial work by Luca Valente. Underlying third-party data retain their source terms, including Coin Metrics CC BY-NC 4.0 where indicated; this export does not replace those terms."
listino,2026-10-05,/blocchi/2/tabella/righe/6/4,205569645,"CoinGecko (market value); DefiLlama (fees, revenue)","{""livelli"": ""2026-10-05"", ""somme"": ""2026-10-04""}",CC BY 4.0,https://creativecommons.org/licenses/by/4.0/,Luca Valente,"CC BY 4.0 applies to the original compilation and editorial work by Luca Valente. Underlying third-party data retain their source terms, including Coin Metrics CC BY-NC 4.0 where indicated; this export does not replace those terms."
listino,2026-10-05,/blocchi/2/tabella/righe/6/5,9.33,"CoinGecko (market value); DefiLlama (fees, revenue)","{""livelli"": ""2026-10-05"", ""somme"": ""2026-10-04""}",CC BY 4.0,https://creativecommons.org/licenses/by/4.0/,Luca Valente,"CC BY 4.0 applies to the original compilation and editorial work by Luca Valente. Underlying third-party data retain their source terms, including Coin Metrics CC BY-NC 4.0 where indicated; this export does not replace those terms."
listino,2026-10-05,/blocchi/2/tabella/righe/6/6,99.5,"CoinGecko (market value); DefiLlama (fees, revenue)","{""livelli"": ""2026-10-05"", ""somme"": ""2026-10-04""}",CC BY 4.0,https://creativecommons.org/licenses/by/4.0/,Luca Valente,"CC BY 4.0 applies to the original compilation and editorial work by Luca Valente. Underlying third-party data retain their source terms, including Coin Metrics CC BY-NC 4.0 where indicated; this export does not replace those terms."
listino,2026-10-05,/blocchi/2/tabella/righe/6/7,6.02,"CoinGecko (market value); DefiLlama (fees, revenue)","{""livelli"": ""2026-10-05"", ""somme"": ""2026-10-04""}",CC BY 4.0,https://creativecommons.org/licenses/by/4.0/,Luca Valente,"CC BY 4.0 applies to the original compilation and editorial work by Luca Valente. Underlying third-party data retain their source terms, including Coin Metrics CC BY-NC 4.0 where indicated; this export does not replace those terms."
listino,2026-10-05,/blocchi/2/tabella/righe/6/8,null,"CoinGecko (market value); DefiLlama (fees, revenue)","{""livelli"": ""2026-10-05"", ""somme"": ""2026-10-04""}",CC BY 4.0,https://creativecommons.org/licenses/by/4.0/,Luca Valente,"CC BY 4.0 applies to the original compilation and editorial work by Luca Valente. Underlying third-party data retain their source terms, including Coin Metrics CC BY-NC 4.0 where indicated; this export does not replace those terms."
listino,2026-10-05,/blocchi/2/tabella/righe/6/9,"""yes""","CoinGecko (market value); DefiLlama (fees, revenue)","{""livelli"": ""2026-10-05"", ""somme"": ""2026-10-04""}",CC BY 4.0,https://creativecommons.org/licenses/by/4.0/,Luca Valente,"CC BY 4.0 applies to the original compilation and editorial work by Luca Valente. Underlying third-party data retain their source terms, including Coin Metrics CC BY-NC 4.0 where indicated; this export does not replace those terms."
listino,2026-10-05,/blocchi/2/tabella/righe/6/10,"""""","CoinGecko (market value); DefiLlama (fees, revenue)","{""livelli"": ""2026-10-05"", ""somme"": ""2026-10-04""}",CC BY 4.0,https://creativecommons.org/licenses/by/4.0/,Luca Valente,"CC BY 4.0 applies to the original compilation and editorial work by Luca Valente. Underlying third-party data retain their source terms, including Coin Metrics CC BY-NC 4.0 where indicated; this export does not replace those terms."
listino,2026-10-05,/blocchi/2/tabella/righe/7/0,"""JST""","CoinGecko (market value); DefiLlama (fees, revenue)","{""livelli"": ""2026-10-05"", ""somme"": ""2026-10-04""}",CC BY 4.0,https://creativecommons.org/licenses/by/4.0/,Luca Valente,"CC BY 4.0 applies to the original compilation and editorial work by Luca Valente. Underlying third-party data retain their source terms, including Coin Metrics CC BY-NC 4.0 where indicated; this export does not replace those terms."
listino,2026-10-05,/blocchi/2/tabella/righe/7/1,"""JustLend V1""","CoinGecko (market value); DefiLlama (fees, revenue)","{""livelli"": ""2026-10-05"", ""somme"": ""2026-10-04""}",CC BY 4.0,https://creativecommons.org/licenses/by/4.0/,Luca Valente,"CC BY 4.0 applies to the original compilation and editorial work by Luca Valente. Underlying third-party data retain their source terms, including Coin Metrics CC BY-NC 4.0 where indicated; this export does not replace those terms."
listino,2026-10-05,/blocchi/2/tabella/righe/7/2,"""Lending""","CoinGecko (market value); DefiLlama (fees, revenue)","{""livelli"": ""2026-10-05"", ""somme"": ""2026-10-04""}",CC BY 4.0,https://creativecommons.org/licenses/by/4.0/,Luca Valente,"CC BY 4.0 applies to the original compilation and editorial work by Luca Valente. Underlying third-party data retain their source terms, including Coin Metrics CC BY-NC 4.0 where indicated; this export does not replace those terms."
listino,2026-10-05,/blocchi/2/tabella/righe/7/3,1145467384,"CoinGecko (market value); DefiLlama (fees, revenue)","{""livelli"": ""2026-10-05"", ""somme"": ""2026-10-04""}",CC BY 4.0,https://creativecommons.org/licenses/by/4.0/,Luca Valente,"CC BY 4.0 applies to the original compilation and editorial work by Luca Valente. Underlying third-party data retain their source terms, including Coin Metrics CC BY-NC 4.0 where indicated; this export does not replace those terms."
listino,2026-10-05,/blocchi/2/tabella/righe/7/4,13088732,"CoinGecko (market value); DefiLlama (fees, revenue)","{""livelli"": ""2026-10-05"", ""somme"": ""2026-10-04""}",CC BY 4.0,https://creativecommons.org/licenses/by/4.0/,Luca Valente,"CC BY 4.0 applies to the original compilation and editorial work by Luca Valente. Underlying third-party data retain their source terms, including Coin Metrics CC BY-NC 4.0 where indicated; this export does not replace those terms."
listino,2026-10-05,/blocchi/2/tabella/righe/7/5,87.52,"CoinGecko (market value); DefiLlama (fees, revenue)","{""livelli"": ""2026-10-05"", ""somme"": ""2026-10-04""}",CC BY 4.0,https://creativecommons.org/licenses/by/4.0/,Luca Valente,"CC BY 4.0 applies to the original compilation and editorial work by Luca Valente. Underlying third-party data retain their source terms, including Coin Metrics CC BY-NC 4.0 where indicated; this export does not replace those terms."
listino,2026-10-05,/blocchi/2/tabella/righe/7/6,87.7,"CoinGecko (market value); DefiLlama (fees, revenue)","{""livelli"": ""2026-10-05"", ""somme"": ""2026-10-04""}",CC BY 4.0,https://creativecommons.org/licenses/by/4.0/,Luca Valente,"CC BY 4.0 applies to the original compilation and editorial work by Luca Valente. Underlying third-party data retain their source terms, including Coin Metrics CC BY-NC 4.0 where indicated; this export does not replace those terms."
listino,2026-10-05,/blocchi/2/tabella/righe/7/7,70.02,"CoinGecko (market value); DefiLlama (fees, revenue)","{""livelli"": ""2026-10-05"", ""somme"": ""2026-10-04""}",CC BY 4.0,https://creativecommons.org/licenses/by/4.0/,Luca Valente,"CC BY 4.0 applies to the original compilation and editorial work by Luca Valente. Underlying third-party data retain their source terms, including Coin Metrics CC BY-NC 4.0 where indicated; this export does not replace those terms."
listino,2026-10-05,/blocchi/2/tabella/righe/7/8,2195.46,"CoinGecko (market value); DefiLlama (fees, revenue)","{""livelli"": ""2026-10-05"", ""somme"": ""2026-10-04""}",CC BY 4.0,https://creativecommons.org/licenses/by/4.0/,Luca Valente,"CC BY 4.0 applies to the original compilation and editorial work by Luca Valente. Underlying third-party data retain their source terms, including Coin Metrics CC BY-NC 4.0 where indicated; this export does not replace those terms."
listino,2026-10-05,/blocchi/2/tabella/righe/7/9,"""""","CoinGecko (market value); DefiLlama (fees, revenue)","{""livelli"": ""2026-10-05"", ""somme"": ""2026-10-04""}",CC BY 4.0,https://creativecommons.org/licenses/by/4.0/,Luca Valente,"CC BY 4.0 applies to the original compilation and editorial work by Luca Valente. Underlying third-party data retain their source terms, including Coin Metrics CC BY-NC 4.0 where indicated; this export does not replace those terms."
listino,2026-10-05,/blocchi/2/tabella/righe/7/10,"""""","CoinGecko (market value); DefiLlama (fees, revenue)","{""livelli"": ""2026-10-05"", ""somme"": ""2026-10-04""}",CC BY 4.0,https://creativecommons.org/licenses/by/4.0/,Luca Valente,"CC BY 4.0 applies to the original compilation and editorial work by Luca Valente. Underlying third-party data retain their source terms, including Coin Metrics CC BY-NC 4.0 where indicated; this export does not replace those terms."
listino,2026-10-05,/blocchi/2/tabella/righe/8/0,"""JUP""","CoinGecko (market value); DefiLlama (fees, revenue)","{""livelli"": ""2026-10-05"", ""somme"": ""2026-10-04""}",CC BY 4.0,https://creativecommons.org/licenses/by/4.0/,Luca Valente,"CC BY 4.0 applies to the original compilation and editorial work by Luca Valente. Underlying third-party data retain their source terms, including Coin Metrics CC BY-NC 4.0 where indicated; this export does not replace those terms."
listino,2026-10-05,/blocchi/2/tabella/righe/8/1,"""Jupiter""","CoinGecko (market value); DefiLlama (fees, revenue)","{""livelli"": ""2026-10-05"", ""somme"": ""2026-10-04""}",CC BY 4.0,https://creativecommons.org/licenses/by/4.0/,Luca Valente,"CC BY 4.0 applies to the original compilation and editorial work by Luca Valente. Underlying third-party data retain their source terms, including Coin Metrics CC BY-NC 4.0 where indicated; this export does not replace those terms."
listino,2026-10-05,/blocchi/2/tabella/righe/8/2,"""DEX Aggregator""","CoinGecko (market value); DefiLlama (fees, revenue)","{""livelli"": ""2026-10-05"", ""somme"": ""2026-10-04""}",CC BY 4.0,https://creativecommons.org/licenses/by/4.0/,Luca Valente,"CC BY 4.0 applies to the original compilation and editorial work by Luca Valente. Underlying third-party data retain their source terms, including Coin Metrics CC BY-NC 4.0 where indicated; this export does not replace those terms."
listino,2026-10-05,/blocchi/2/tabella/righe/8/3,1111764885,"CoinGecko (market value); DefiLlama (fees, revenue)","{""livelli"": ""2026-10-05"", ""somme"": ""2026-10-04""}",CC BY 4.0,https://creativecommons.org/licenses/by/4.0/,Luca Valente,"CC BY 4.0 applies to the original compilation and editorial work by Luca Valente. Underlying third-party data retain their source terms, including Coin Metrics CC BY-NC 4.0 where indicated; this export does not replace those terms."
listino,2026-10-05,/blocchi/2/tabella/righe/8/4,276130858,"CoinGecko (market value); DefiLlama (fees, revenue)","{""livelli"": ""2026-10-05"", ""somme"": ""2026-10-04""}",CC BY 4.0,https://creativecommons.org/licenses/by/4.0/,Luca Valente,"CC BY 4.0 applies to the original compilation and editorial work by Luca Valente. Underlying third-party data retain their source terms, including Coin Metrics CC BY-NC 4.0 where indicated; this export does not replace those terms."
listino,2026-10-05,/blocchi/2/tabella/righe/8/5,4.03,"CoinGecko (market value); DefiLlama (fees, revenue)","{""livelli"": ""2026-10-05"", ""somme"": ""2026-10-04""}",CC BY 4.0,https://creativecommons.org/licenses/by/4.0/,Luca Valente,"CC BY 4.0 applies to the original compilation and editorial work by Luca Valente. Underlying third-party data retain their source terms, including Coin Metrics CC BY-NC 4.0 where indicated; this export does not replace those terms."
listino,2026-10-05,/blocchi/2/tabella/righe/8/6,99.7,"CoinGecko (market value); DefiLlama (fees, revenue)","{""livelli"": ""2026-10-05"", ""somme"": ""2026-10-04""}",CC BY 4.0,https://creativecommons.org/licenses/by/4.0/,Luca Valente,"CC BY 4.0 applies to the original compilation and editorial work by Luca Valente. Underlying third-party data retain their source terms, including Coin Metrics CC BY-NC 4.0 where indicated; this export does not replace those terms."
listino,2026-10-05,/blocchi/2/tabella/righe/8/7,1.42,"CoinGecko (market value); DefiLlama (fees, revenue)","{""livelli"": ""2026-10-05"", ""somme"": ""2026-10-04""}",CC BY 4.0,https://creativecommons.org/licenses/by/4.0/,Luca Valente,"CC BY 4.0 applies to the original compilation and editorial work by Luca Valente. Underlying third-party data retain their source terms, including Coin Metrics CC BY-NC 4.0 where indicated; this export does not replace those terms."
listino,2026-10-05,/blocchi/2/tabella/righe/8/8,13.22,"CoinGecko (market value); DefiLlama (fees, revenue)","{""livelli"": ""2026-10-05"", ""somme"": ""2026-10-04""}",CC BY 4.0,https://creativecommons.org/licenses/by/4.0/,Luca Valente,"CC BY 4.0 applies to the original compilation and editorial work by Luca Valente. Underlying third-party data retain their source terms, including Coin Metrics CC BY-NC 4.0 where indicated; this export does not replace those terms."
listino,2026-10-05,/blocchi/2/tabella/righe/8/9,"""yes""","CoinGecko (market value); DefiLlama (fees, revenue)","{""livelli"": ""2026-10-05"", ""somme"": ""2026-10-04""}",CC BY 4.0,https://creativecommons.org/licenses/by/4.0/,Luca Valente,"CC BY 4.0 applies to the original compilation and editorial work by Luca Valente. Underlying third-party data retain their source terms, including Coin Metrics CC BY-NC 4.0 where indicated; this export does not replace those terms."
listino,2026-10-05,/blocchi/2/tabella/righe/8/10,"""""","CoinGecko (market value); DefiLlama (fees, revenue)","{""livelli"": ""2026-10-05"", ""somme"": ""2026-10-04""}",CC BY 4.0,https://creativecommons.org/licenses/by/4.0/,Luca Valente,"CC BY 4.0 applies to the original compilation and editorial work by Luca Valente. Underlying third-party data retain their source terms, including Coin Metrics CC BY-NC 4.0 where indicated; this export does not replace those terms."
listino,2026-10-05,/blocchi/2/tabella/righe/9/0,"""aerodrome-finance""","CoinGecko (market value); DefiLlama (fees, revenue)","{""livelli"": ""2026-10-05"", ""somme"": ""2026-10-04""}",CC BY 4.0,https://creativecommons.org/licenses/by/4.0/,Luca Valente,"CC BY 4.0 applies to the original compilation and editorial work by Luca Valente. Underlying third-party data retain their source terms, including Coin Metrics CC BY-NC 4.0 where indicated; this export does not replace those terms."
listino,2026-10-05,/blocchi/2/tabella/righe/9/1,"""Aerodrome Finance""","CoinGecko (market value); DefiLlama (fees, revenue)","{""livelli"": ""2026-10-05"", ""somme"": ""2026-10-04""}",CC BY 4.0,https://creativecommons.org/licenses/by/4.0/,Luca Valente,"CC BY 4.0 applies to the original compilation and editorial work by Luca Valente. Underlying third-party data retain their source terms, including Coin Metrics CC BY-NC 4.0 where indicated; this export does not replace those terms."
listino,2026-10-05,/blocchi/2/tabella/righe/9/2,"""DEXs""","CoinGecko (market value); DefiLlama (fees, revenue)","{""livelli"": ""2026-10-05"", ""somme"": ""2026-10-04""}",CC BY 4.0,https://creativecommons.org/licenses/by/4.0/,Luca Valente,"CC BY 4.0 applies to the original compilation and editorial work by Luca Valente. Underlying third-party data retain their source terms, including Coin Metrics CC BY-NC 4.0 where indicated; this export does not replace those terms."
listino,2026-10-05,/blocchi/2/tabella/righe/9/3,877852056,"CoinGecko (market value); DefiLlama (fees, revenue)","{""livelli"": ""2026-10-05"", ""somme"": ""2026-10-04""}",CC BY 4.0,https://creativecommons.org/licenses/by/4.0/,Luca Valente,"CC BY 4.0 applies to the original compilation and editorial work by Luca Valente. Underlying third-party data retain their source terms, including Coin Metrics CC BY-NC 4.0 where indicated; this export does not replace those terms."
listino,2026-10-05,/blocchi/2/tabella/righe/9/4,129074140,"CoinGecko (market value); DefiLlama (fees, revenue)","{""livelli"": ""2026-10-05"", ""somme"": ""2026-10-04""}",CC BY 4.0,https://creativecommons.org/licenses/by/4.0/,Luca Valente,"CC BY 4.0 applies to the original compilation and editorial work by Luca Valente. Underlying third-party data retain their source terms, including Coin Metrics CC BY-NC 4.0 where indicated; this export does not replace those terms."
listino,2026-10-05,/blocchi/2/tabella/righe/9/5,6.8,"CoinGecko (market value); DefiLlama (fees, revenue)","{""livelli"": ""2026-10-05"", ""somme"": ""2026-10-04""}",CC BY 4.0,https://creativecommons.org/licenses/by/4.0/,Luca Valente,"CC BY 4.0 applies to the original compilation and editorial work by Luca Valente. Underlying third-party data retain their source terms, including Coin Metrics CC BY-NC 4.0 where indicated; this export does not replace those terms."
listino,2026-10-05,/blocchi/2/tabella/righe/9/6,100.0,"CoinGecko (market value); DefiLlama (fees, revenue)","{""livelli"": ""2026-10-05"", ""somme"": ""2026-10-04""}",CC BY 4.0,https://creativecommons.org/licenses/by/4.0/,Luca Valente,"CC BY 4.0 applies to the original compilation and editorial work by Luca Valente. Underlying third-party data retain their source terms, including Coin Metrics CC BY-NC 4.0 where indicated; this export does not replace those terms."
listino,2026-10-05,/blocchi/2/tabella/righe/9/7,2.38,"CoinGecko (market value); DefiLlama (fees, revenue)","{""livelli"": ""2026-10-05"", ""somme"": ""2026-10-04""}",CC BY 4.0,https://creativecommons.org/licenses/by/4.0/,Luca Valente,"CC BY 4.0 applies to the original compilation and editorial work by Luca Valente. Underlying third-party data retain their source terms, including Coin Metrics CC BY-NC 4.0 where indicated; this export does not replace those terms."
listino,2026-10-05,/blocchi/2/tabella/righe/9/8,9.54,"CoinGecko (market value); DefiLlama (fees, revenue)","{""livelli"": ""2026-10-05"", ""somme"": ""2026-10-04""}",CC BY 4.0,https://creativecommons.org/licenses/by/4.0/,Luca Valente,"CC BY 4.0 applies to the original compilation and editorial work by Luca Valente. Underlying third-party data retain their source terms, including Coin Metrics CC BY-NC 4.0 where indicated; this export does not replace those terms."
listino,2026-10-05,/blocchi/2/tabella/righe/9/9,"""yes""","CoinGecko (market value); DefiLlama (fees, revenue)","{""livelli"": ""2026-10-05"", ""somme"": ""2026-10-04""}",CC BY 4.0,https://creativecommons.org/licenses/by/4.0/,Luca Valente,"CC BY 4.0 applies to the original compilation and editorial work by Luca Valente. Underlying third-party data retain their source terms, including Coin Metrics CC BY-NC 4.0 where indicated; this export does not replace those terms."
listino,2026-10-05,/blocchi/2/tabella/righe/9/10,"""""","CoinGecko (market value); DefiLlama (fees, revenue)","{""livelli"": ""2026-10-05"", ""somme"": ""2026-10-04""}",CC BY 4.0,https://creativecommons.org/licenses/by/4.0/,Luca Valente,"CC BY 4.0 applies to the original compilation and editorial work by Luca Valente. Underlying third-party data retain their source terms, including Coin Metrics CC BY-NC 4.0 where indicated; this export does not replace those terms."
listino,2026-10-05,/blocchi/2/tabella/righe/10/0,"""pancakeswap-token""","CoinGecko (market value); DefiLlama (fees, revenue)","{""livelli"": ""2026-10-05"", ""somme"": ""2026-10-04""}",CC BY 4.0,https://creativecommons.org/licenses/by/4.0/,Luca Valente,"CC BY 4.0 applies to the original compilation and editorial work by Luca Valente. Underlying third-party data retain their source terms, including Coin Metrics CC BY-NC 4.0 where indicated; this export does not replace those terms."
listino,2026-10-05,/blocchi/2/tabella/righe/10/1,"""PancakeSwap""","CoinGecko (market value); DefiLlama (fees, revenue)","{""livelli"": ""2026-10-05"", ""somme"": ""2026-10-04""}",CC BY 4.0,https://creativecommons.org/licenses/by/4.0/,Luca Valente,"CC BY 4.0 applies to the original compilation and editorial work by Luca Valente. Underlying third-party data retain their source terms, including Coin Metrics CC BY-NC 4.0 where indicated; this export does not replace those terms."
listino,2026-10-05,/blocchi/2/tabella/righe/10/2,"""DEXs""","CoinGecko (market value); DefiLlama (fees, revenue)","{""livelli"": ""2026-10-05"", ""somme"": ""2026-10-04""}",CC BY 4.0,https://creativecommons.org/licenses/by/4.0/,Luca Valente,"CC BY 4.0 applies to the original compilation and editorial work by Luca Valente. Underlying third-party data retain their source terms, including Coin Metrics CC BY-NC 4.0 where indicated; this export does not replace those terms."
listino,2026-10-05,/blocchi/2/tabella/righe/10/3,829063561,"CoinGecko (market value); DefiLlama (fees, revenue)","{""livelli"": ""2026-10-05"", ""somme"": ""2026-10-04""}",CC BY 4.0,https://creativecommons.org/licenses/by/4.0/,Luca Valente,"CC BY 4.0 applies to the original compilation and editorial work by Luca Valente. Underlying third-party data retain their source terms, including Coin Metrics CC BY-NC 4.0 where indicated; this export does not replace those terms."
listino,2026-10-05,/blocchi/2/tabella/righe/10/4,241029372,"CoinGecko (market value); DefiLlama (fees, revenue)","{""livelli"": ""2026-10-05"", ""somme"": ""2026-10-04""}",CC BY 4.0,https://creativecommons.org/licenses/by/4.0/,Luca Valente,"CC BY 4.0 applies to the original compilation and editorial work by Luca Valente. Underlying third-party data retain their source terms, including Coin Metrics CC BY-NC 4.0 where indicated; this export does not replace those terms."
listino,2026-10-05,/blocchi/2/tabella/righe/10/5,3.44,"CoinGecko (market value); DefiLlama (fees, revenue)","{""livelli"": ""2026-10-05"", ""somme"": ""2026-10-04""}",CC BY 4.0,https://creativecommons.org/licenses/by/4.0/,Luca Valente,"CC BY 4.0 applies to the original compilation and editorial work by Luca Valente. Underlying third-party data retain their source terms, including Coin Metrics CC BY-NC 4.0 where indicated; this export does not replace those terms."
listino,2026-10-05,/blocchi/2/tabella/righe/10/6,96.4,"CoinGecko (market value); DefiLlama (fees, revenue)","{""livelli"": ""2026-10-05"", ""somme"": ""2026-10-04""}",CC BY 4.0,https://creativecommons.org/licenses/by/4.0/,Luca Valente,"CC BY 4.0 applies to the original compilation and editorial work by Luca Valente. Underlying third-party data retain their source terms, including Coin Metrics CC BY-NC 4.0 where indicated; this export does not replace those terms."
listino,2026-10-05,/blocchi/2/tabella/righe/10/7,1.65,"CoinGecko (market value); DefiLlama (fees, revenue)","{""livelli"": ""2026-10-05"", ""somme"": ""2026-10-04""}",CC BY 4.0,https://creativecommons.org/licenses/by/4.0/,Luca Valente,"CC BY 4.0 applies to the original compilation and editorial work by Luca Valente. Underlying third-party data retain their source terms, including Coin Metrics CC BY-NC 4.0 where indicated; this export does not replace those terms."
listino,2026-10-05,/blocchi/2/tabella/righe/10/8,10.28,"CoinGecko (market value); DefiLlama (fees, revenue)","{""livelli"": ""2026-10-05"", ""somme"": ""2026-10-04""}",CC BY 4.0,https://creativecommons.org/licenses/by/4.0/,Luca Valente,"CC BY 4.0 applies to the original compilation and editorial work by Luca Valente. Underlying third-party data retain their source terms, including Coin Metrics CC BY-NC 4.0 where indicated; this export does not replace those terms."
listino,2026-10-05,/blocchi/2/tabella/righe/10/9,"""yes""","CoinGecko (market value); DefiLlama (fees, revenue)","{""livelli"": ""2026-10-05"", ""somme"": ""2026-10-04""}",CC BY 4.0,https://creativecommons.org/licenses/by/4.0/,Luca Valente,"CC BY 4.0 applies to the original compilation and editorial work by Luca Valente. Underlying third-party data retain their source terms, including Coin Metrics CC BY-NC 4.0 where indicated; this export does not replace those terms."
listino,2026-10-05,/blocchi/2/tabella/righe/10/10,"""""","CoinGecko (market value); DefiLlama (fees, revenue)","{""livelli"": ""2026-10-05"", ""somme"": ""2026-10-04""}",CC BY 4.0,https://creativecommons.org/licenses/by/4.0/,Luca Valente,"CC BY 4.0 applies to the original compilation and editorial work by Luca Valente. Underlying third-party data retain their source terms, including Coin Metrics CC BY-NC 4.0 where indicated; this export does not replace those terms."
listino,2026-10-05,/blocchi/2/tabella/righe/11/0,"""ETHFI""","CoinGecko (market value); DefiLlama (fees, revenue)","{""livelli"": ""2026-10-05"", ""somme"": ""2026-10-04""}",CC BY 4.0,https://creativecommons.org/licenses/by/4.0/,Luca Valente,"CC BY 4.0 applies to the original compilation and editorial work by Luca Valente. Underlying third-party data retain their source terms, including Coin Metrics CC BY-NC 4.0 where indicated; this export does not replace those terms."
listino,2026-10-05,/blocchi/2/tabella/righe/11/1,"""ether.fi Stake""","CoinGecko (market value); DefiLlama (fees, revenue)","{""livelli"": ""2026-10-05"", ""somme"": ""2026-10-04""}",CC BY 4.0,https://creativecommons.org/licenses/by/4.0/,Luca Valente,"CC BY 4.0 applies to the original compilation and editorial work by Luca Valente. Underlying third-party data retain their source terms, including Coin Metrics CC BY-NC 4.0 where indicated; this export does not replace those terms."
listino,2026-10-05,/blocchi/2/tabella/righe/11/2,"""Liquid staking""","CoinGecko (market value); DefiLlama (fees, revenue)","{""livelli"": ""2026-10-05"", ""somme"": ""2026-10-04""}",CC BY 4.0,https://creativecommons.org/licenses/by/4.0/,Luca Valente,"CC BY 4.0 applies to the original compilation and editorial work by Luca Valente. Underlying third-party data retain their source terms, including Coin Metrics CC BY-NC 4.0 where indicated; this export does not replace those terms."
listino,2026-10-05,/blocchi/2/tabella/righe/11/3,721024874,"CoinGecko (market value); DefiLlama (fees, revenue)","{""livelli"": ""2026-10-05"", ""somme"": ""2026-10-04""}",CC BY 4.0,https://creativecommons.org/licenses/by/4.0/,Luca Valente,"CC BY 4.0 applies to the original compilation and editorial work by Luca Valente. Underlying third-party data retain their source terms, including Coin Metrics CC BY-NC 4.0 where indicated; this export does not replace those terms."
listino,2026-10-05,/blocchi/2/tabella/righe/11/4,157532310,"CoinGecko (market value); DefiLlama (fees, revenue)","{""livelli"": ""2026-10-05"", ""somme"": ""2026-10-04""}",CC BY 4.0,https://creativecommons.org/licenses/by/4.0/,Luca Valente,"CC BY 4.0 applies to the original compilation and editorial work by Luca Valente. Underlying third-party data retain their source terms, including Coin Metrics CC BY-NC 4.0 where indicated; this export does not replace those terms."
listino,2026-10-05,/blocchi/2/tabella/righe/11/5,4.58,"CoinGecko (market value); DefiLlama (fees, revenue)","{""livelli"": ""2026-10-05"", ""somme"": ""2026-10-04""}",CC BY 4.0,https://creativecommons.org/licenses/by/4.0/,Luca Valente,"CC BY 4.0 applies to the original compilation and editorial work by Luca Valente. Underlying third-party data retain their source terms, including Coin Metrics CC BY-NC 4.0 where indicated; this export does not replace those terms."
listino,2026-10-05,/blocchi/2/tabella/righe/11/6,99.5,"CoinGecko (market value); DefiLlama (fees, revenue)","{""livelli"": ""2026-10-05"", ""somme"": ""2026-10-04""}",CC BY 4.0,https://creativecommons.org/licenses/by/4.0/,Luca Valente,"CC BY 4.0 applies to the original compilation and editorial work by Luca Valente. Underlying third-party data retain their source terms, including Coin Metrics CC BY-NC 4.0 where indicated; this export does not replace those terms."
listino,2026-10-05,/blocchi/2/tabella/righe/11/7,2.02,"CoinGecko (market value); DefiLlama (fees, revenue)","{""livelli"": ""2026-10-05"", ""somme"": ""2026-10-04""}",CC BY 4.0,https://creativecommons.org/licenses/by/4.0/,Luca Valente,"CC BY 4.0 applies to the original compilation and editorial work by Luca Valente. Underlying third-party data retain their source terms, including Coin Metrics CC BY-NC 4.0 where indicated; this export does not replace those terms."
listino,2026-10-05,/blocchi/2/tabella/righe/11/8,23.19,"CoinGecko (market value); DefiLlama (fees, revenue)","{""livelli"": ""2026-10-05"", ""somme"": ""2026-10-04""}",CC BY 4.0,https://creativecommons.org/licenses/by/4.0/,Luca Valente,"CC BY 4.0 applies to the original compilation and editorial work by Luca Valente. Underlying third-party data retain their source terms, including Coin Metrics CC BY-NC 4.0 where indicated; this export does not replace those terms."
listino,2026-10-05,/blocchi/2/tabella/righe/11/9,"""yes""","CoinGecko (market value); DefiLlama (fees, revenue)","{""livelli"": ""2026-10-05"", ""somme"": ""2026-10-04""}",CC BY 4.0,https://creativecommons.org/licenses/by/4.0/,Luca Valente,"CC BY 4.0 applies to the original compilation and editorial work by Luca Valente. Underlying third-party data retain their source terms, including Coin Metrics CC BY-NC 4.0 where indicated; this export does not replace those terms."
listino,2026-10-05,/blocchi/2/tabella/righe/11/10,"""""","CoinGecko (market value); DefiLlama (fees, revenue)","{""livelli"": ""2026-10-05"", ""somme"": ""2026-10-04""}",CC BY 4.0,https://creativecommons.org/licenses/by/4.0/,Luca Valente,"CC BY 4.0 applies to the original compilation and editorial work by Luca Valente. Underlying third-party data retain their source terms, including Coin Metrics CC BY-NC 4.0 where indicated; this export does not replace those terms."
listino,2026-10-05,/blocchi/2/tabella/righe/12/0,"""CRV""","CoinGecko (market value); DefiLlama (fees, revenue)","{""livelli"": ""2026-10-05"", ""somme"": ""2026-10-04""}",CC BY 4.0,https://creativecommons.org/licenses/by/4.0/,Luca Valente,"CC BY 4.0 applies to the original compilation and editorial work by Luca Valente. Underlying third-party data retain their source terms, including Coin Metrics CC BY-NC 4.0 where indicated; this export does not replace those terms."
listino,2026-10-05,/blocchi/2/tabella/righe/12/1,"""Curve DEX""","CoinGecko (market value); DefiLlama (fees, revenue)","{""livelli"": ""2026-10-05"", ""somme"": ""2026-10-04""}",CC BY 4.0,https://creativecommons.org/licenses/by/4.0/,Luca Valente,"CC BY 4.0 applies to the original compilation and editorial work by Luca Valente. Underlying third-party data retain their source terms, including Coin Metrics CC BY-NC 4.0 where indicated; this export does not replace those terms."
listino,2026-10-05,/blocchi/2/tabella/righe/12/2,"""DEXs""","CoinGecko (market value); DefiLlama (fees, revenue)","{""livelli"": ""2026-10-05"", ""somme"": ""2026-10-04""}",CC BY 4.0,https://creativecommons.org/licenses/by/4.0/,Luca Valente,"CC BY 4.0 applies to the original compilation and editorial work by Luca Valente. Underlying third-party data retain their source terms, including Coin Metrics CC BY-NC 4.0 where indicated; this export does not replace those terms."
listino,2026-10-05,/blocchi/2/tabella/righe/12/3,595044346,"CoinGecko (market value); DefiLlama (fees, revenue)","{""livelli"": ""2026-10-05"", ""somme"": ""2026-10-04""}",CC BY 4.0,https://creativecommons.org/licenses/by/4.0/,Luca Valente,"CC BY 4.0 applies to the original compilation and editorial work by Luca Valente. Underlying third-party data retain their source terms, including Coin Metrics CC BY-NC 4.0 where indicated; this export does not replace those terms."
listino,2026-10-05,/blocchi/2/tabella/righe/12/4,57944830,"CoinGecko (market value); DefiLlama (fees, revenue)","{""livelli"": ""2026-10-05"", ""somme"": ""2026-10-04""}",CC BY 4.0,https://creativecommons.org/licenses/by/4.0/,Luca Valente,"CC BY 4.0 applies to the original compilation and editorial work by Luca Valente. Underlying third-party data retain their source terms, including Coin Metrics CC BY-NC 4.0 where indicated; this export does not replace those terms."
listino,2026-10-05,/blocchi/2/tabella/righe/12/5,10.27,"CoinGecko (market value); DefiLlama (fees, revenue)","{""livelli"": ""2026-10-05"", ""somme"": ""2026-10-04""}",CC BY 4.0,https://creativecommons.org/licenses/by/4.0/,Luca Valente,"CC BY 4.0 applies to the original compilation and editorial work by Luca Valente. Underlying third-party data retain their source terms, including Coin Metrics CC BY-NC 4.0 where indicated; this export does not replace those terms."
listino,2026-10-05,/blocchi/2/tabella/righe/12/6,75.1,"CoinGecko (market value); DefiLlama (fees, revenue)","{""livelli"": ""2026-10-05"", ""somme"": ""2026-10-04""}",CC BY 4.0,https://creativecommons.org/licenses/by/4.0/,Luca Valente,"CC BY 4.0 applies to the original compilation and editorial work by Luca Valente. Underlying third-party data retain their source terms, including Coin Metrics CC BY-NC 4.0 where indicated; this export does not replace those terms."
listino,2026-10-05,/blocchi/2/tabella/righe/12/7,6.5,"CoinGecko (market value); DefiLlama (fees, revenue)","{""livelli"": ""2026-10-05"", ""somme"": ""2026-10-04""}",CC BY 4.0,https://creativecommons.org/licenses/by/4.0/,Luca Valente,"CC BY 4.0 applies to the original compilation and editorial work by Luca Valente. Underlying third-party data retain their source terms, including Coin Metrics CC BY-NC 4.0 where indicated; this export does not replace those terms."
listino,2026-10-05,/blocchi/2/tabella/righe/12/8,21.64,"CoinGecko (market value); DefiLlama (fees, revenue)","{""livelli"": ""2026-10-05"", ""somme"": ""2026-10-04""}",CC BY 4.0,https://creativecommons.org/licenses/by/4.0/,Luca Valente,"CC BY 4.0 applies to the original compilation and editorial work by Luca Valente. Underlying third-party data retain their source terms, including Coin Metrics CC BY-NC 4.0 where indicated; this export does not replace those terms."
listino,2026-10-05,/blocchi/2/tabella/righe/12/9,"""""","CoinGecko (market value); DefiLlama (fees, revenue)","{""livelli"": ""2026-10-05"", ""somme"": ""2026-10-04""}",CC BY 4.0,https://creativecommons.org/licenses/by/4.0/,Luca Valente,"CC BY 4.0 applies to the original compilation and editorial work by Luca Valente. Underlying third-party data retain their source terms, including Coin Metrics CC BY-NC 4.0 where indicated; this export does not replace those terms."
listino,2026-10-05,/blocchi/2/tabella/righe/12/10,"""""","CoinGecko (market value); DefiLlama (fees, revenue)","{""livelli"": ""2026-10-05"", ""somme"": ""2026-10-04""}",CC BY 4.0,https://creativecommons.org/licenses/by/4.0/,Luca Valente,"CC BY 4.0 applies to the original compilation and editorial work by Luca Valente. Underlying third-party data retain their source terms, including Coin Metrics CC BY-NC 4.0 where indicated; this export does not replace those terms."
listino,2026-10-05,/blocchi/2/tabella/righe/13/0,"""raydium""","CoinGecko (market value); DefiLlama (fees, revenue)","{""livelli"": ""2026-10-05"", ""somme"": ""2026-10-04""}",CC BY 4.0,https://creativecommons.org/licenses/by/4.0/,Luca Valente,"CC BY 4.0 applies to the original compilation and editorial work by Luca Valente. Underlying third-party data retain their source terms, including Coin Metrics CC BY-NC 4.0 where indicated; this export does not replace those terms."
listino,2026-10-05,/blocchi/2/tabella/righe/13/1,"""Raydium""","CoinGecko (market value); DefiLlama (fees, revenue)","{""livelli"": ""2026-10-05"", ""somme"": ""2026-10-04""}",CC BY 4.0,https://creativecommons.org/licenses/by/4.0/,Luca Valente,"CC BY 4.0 applies to the original compilation and editorial work by Luca Valente. Underlying third-party data retain their source terms, including Coin Metrics CC BY-NC 4.0 where indicated; this export does not replace those terms."
listino,2026-10-05,/blocchi/2/tabella/righe/13/2,"""DEXs""","CoinGecko (market value); DefiLlama (fees, revenue)","{""livelli"": ""2026-10-05"", ""somme"": ""2026-10-04""}",CC BY 4.0,https://creativecommons.org/licenses/by/4.0/,Luca Valente,"CC BY 4.0 applies to the original compilation and editorial work by Luca Valente. Underlying third-party data retain their source terms, including Coin Metrics CC BY-NC 4.0 where indicated; this export does not replace those terms."
listino,2026-10-05,/blocchi/2/tabella/righe/13/3,569457055,"CoinGecko (market value); DefiLlama (fees, revenue)","{""livelli"": ""2026-10-05"", ""somme"": ""2026-10-04""}",CC BY 4.0,https://creativecommons.org/licenses/by/4.0/,Luca Valente,"CC BY 4.0 applies to the original compilation and editorial work by Luca Valente. Underlying third-party data retain their source terms, including Coin Metrics CC BY-NC 4.0 where indicated; this export does not replace those terms."
listino,2026-10-05,/blocchi/2/tabella/righe/13/4,157670907,"CoinGecko (market value); DefiLlama (fees, revenue)","{""livelli"": ""2026-10-05"", ""somme"": ""2026-10-04""}",CC BY 4.0,https://creativecommons.org/licenses/by/4.0/,Luca Valente,"CC BY 4.0 applies to the original compilation and editorial work by Luca Valente. Underlying third-party data retain their source terms, including Coin Metrics CC BY-NC 4.0 where indicated; this export does not replace those terms."
listino,2026-10-05,/blocchi/2/tabella/righe/13/5,3.61,"CoinGecko (market value); DefiLlama (fees, revenue)","{""livelli"": ""2026-10-05"", ""somme"": ""2026-10-04""}",CC BY 4.0,https://creativecommons.org/licenses/by/4.0/,Luca Valente,"CC BY 4.0 applies to the original compilation and editorial work by Luca Valente. Underlying third-party data retain their source terms, including Coin Metrics CC BY-NC 4.0 where indicated; this export does not replace those terms."
listino,2026-10-05,/blocchi/2/tabella/righe/13/6,99.2,"CoinGecko (market value); DefiLlama (fees, revenue)","{""livelli"": ""2026-10-05"", ""somme"": ""2026-10-04""}",CC BY 4.0,https://creativecommons.org/licenses/by/4.0/,Luca Valente,"CC BY 4.0 applies to the original compilation and editorial work by Luca Valente. Underlying third-party data retain their source terms, including Coin Metrics CC BY-NC 4.0 where indicated; this export does not replace those terms."
listino,2026-10-05,/blocchi/2/tabella/righe/13/7,0.78,"CoinGecko (market value); DefiLlama (fees, revenue)","{""livelli"": ""2026-10-05"", ""somme"": ""2026-10-04""}",CC BY 4.0,https://creativecommons.org/licenses/by/4.0/,Luca Valente,"CC BY 4.0 applies to the original compilation and editorial work by Luca Valente. Underlying third-party data retain their source terms, including Coin Metrics CC BY-NC 4.0 where indicated; this export does not replace those terms."
listino,2026-10-05,/blocchi/2/tabella/righe/13/8,22.73,"CoinGecko (market value); DefiLlama (fees, revenue)","{""livelli"": ""2026-10-05"", ""somme"": ""2026-10-04""}",CC BY 4.0,https://creativecommons.org/licenses/by/4.0/,Luca Valente,"CC BY 4.0 applies to the original compilation and editorial work by Luca Valente. Underlying third-party data retain their source terms, including Coin Metrics CC BY-NC 4.0 where indicated; this export does not replace those terms."
listino,2026-10-05,/blocchi/2/tabella/righe/13/9,"""yes""","CoinGecko (market value); DefiLlama (fees, revenue)","{""livelli"": ""2026-10-05"", ""somme"": ""2026-10-04""}",CC BY 4.0,https://creativecommons.org/licenses/by/4.0/,Luca Valente,"CC BY 4.0 applies to the original compilation and editorial work by Luca Valente. Underlying third-party data retain their source terms, including Coin Metrics CC BY-NC 4.0 where indicated; this export does not replace those terms."
listino,2026-10-05,/blocchi/2/tabella/righe/13/10,"""""","CoinGecko (market value); DefiLlama (fees, revenue)","{""livelli"": ""2026-10-05"", ""somme"": ""2026-10-04""}",CC BY 4.0,https://creativecommons.org/licenses/by/4.0/,Luca Valente,"CC BY 4.0 applies to the original compilation and editorial work by Luca Valente. Underlying third-party data retain their source terms, including Coin Metrics CC BY-NC 4.0 where indicated; this export does not replace those terms."
listino,2026-10-05,/blocchi/2/tabella/righe/14/0,"""PENDLE""","CoinGecko (market value); DefiLlama (fees, revenue)","{""livelli"": ""2026-10-05"", ""somme"": ""2026-10-04""}",CC BY 4.0,https://creativecommons.org/licenses/by/4.0/,Luca Valente,"CC BY 4.0 applies to the original compilation and editorial work by Luca Valente. Underlying third-party data retain their source terms, including Coin Metrics CC BY-NC 4.0 where indicated; this export does not replace those terms."
listino,2026-10-05,/blocchi/2/tabella/righe/14/1,"""Pendle V2""","CoinGecko (market value); DefiLlama (fees, revenue)","{""livelli"": ""2026-10-05"", ""somme"": ""2026-10-04""}",CC BY 4.0,https://creativecommons.org/licenses/by/4.0/,Luca Valente,"CC BY 4.0 applies to the original compilation and editorial work by Luca Valente. Underlying third-party data retain their source terms, including Coin Metrics CC BY-NC 4.0 where indicated; this export does not replace those terms."
listino,2026-10-05,/blocchi/2/tabella/righe/14/2,"""Yield""","CoinGecko (market value); DefiLlama (fees, revenue)","{""livelli"": ""2026-10-05"", ""somme"": ""2026-10-04""}",CC BY 4.0,https://creativecommons.org/licenses/by/4.0/,Luca Valente,"CC BY 4.0 applies to the original compilation and editorial work by Luca Valente. Underlying third-party data retain their source terms, including Coin Metrics CC BY-NC 4.0 where indicated; this export does not replace those terms."
listino,2026-10-05,/blocchi/2/tabella/righe/14/3,424695539,"CoinGecko (market value); DefiLlama (fees, revenue)","{""livelli"": ""2026-10-05"", ""somme"": ""2026-10-04""}",CC BY 4.0,https://creativecommons.org/licenses/by/4.0/,Luca Valente,"CC BY 4.0 applies to the original compilation and editorial work by Luca Valente. Underlying third-party data retain their source terms, including Coin Metrics CC BY-NC 4.0 where indicated; this export does not replace those terms."
listino,2026-10-05,/blocchi/2/tabella/righe/14/4,16570642,"CoinGecko (market value); DefiLlama (fees, revenue)","{""livelli"": ""2026-10-05"", ""somme"": ""2026-10-04""}",CC BY 4.0,https://creativecommons.org/licenses/by/4.0/,Luca Valente,"CC BY 4.0 applies to the original compilation and editorial work by Luca Valente. Underlying third-party data retain their source terms, including Coin Metrics CC BY-NC 4.0 where indicated; this export does not replace those terms."
listino,2026-10-05,/blocchi/2/tabella/righe/14/5,25.63,"CoinGecko (market value); DefiLlama (fees, revenue)","{""livelli"": ""2026-10-05"", ""somme"": ""2026-10-04""}",CC BY 4.0,https://creativecommons.org/licenses/by/4.0/,Luca Valente,"CC BY 4.0 applies to the original compilation and editorial work by Luca Valente. Underlying third-party data retain their source terms, including Coin Metrics CC BY-NC 4.0 where indicated; this export does not replace those terms."
listino,2026-10-05,/blocchi/2/tabella/righe/14/6,99.2,"CoinGecko (market value); DefiLlama (fees, revenue)","{""livelli"": ""2026-10-05"", ""somme"": ""2026-10-04""}",CC BY 4.0,https://creativecommons.org/licenses/by/4.0/,Luca Valente,"CC BY 4.0 applies to the original compilation and editorial work by Luca Valente. Underlying third-party data retain their source terms, including Coin Metrics CC BY-NC 4.0 where indicated; this export does not replace those terms."
listino,2026-10-05,/blocchi/2/tabella/righe/14/7,10.19,"CoinGecko (market value); DefiLlama (fees, revenue)","{""livelli"": ""2026-10-05"", ""somme"": ""2026-10-04""}",CC BY 4.0,https://creativecommons.org/licenses/by/4.0/,Luca Valente,"CC BY 4.0 applies to the original compilation and editorial work by Luca Valente. Underlying third-party data retain their source terms, including Coin Metrics CC BY-NC 4.0 where indicated; this export does not replace those terms."
listino,2026-10-05,/blocchi/2/tabella/righe/14/8,26.15,"CoinGecko (market value); DefiLlama (fees, revenue)","{""livelli"": ""2026-10-05"", ""somme"": ""2026-10-04""}",CC BY 4.0,https://creativecommons.org/licenses/by/4.0/,Luca Valente,"CC BY 4.0 applies to the original compilation and editorial work by Luca Valente. Underlying third-party data retain their source terms, including Coin Metrics CC BY-NC 4.0 where indicated; this export does not replace those terms."
listino,2026-10-05,/blocchi/2/tabella/righe/14/9,"""yes""","CoinGecko (market value); DefiLlama (fees, revenue)","{""livelli"": ""2026-10-05"", ""somme"": ""2026-10-04""}",CC BY 4.0,https://creativecommons.org/licenses/by/4.0/,Luca Valente,"CC BY 4.0 applies to the original compilation and editorial work by Luca Valente. Underlying third-party data retain their source terms, including Coin Metrics CC BY-NC 4.0 where indicated; this export does not replace those terms."
listino,2026-10-05,/blocchi/2/tabella/righe/14/10,"""""","CoinGecko (market value); DefiLlama (fees, revenue)","{""livelli"": ""2026-10-05"", ""somme"": ""2026-10-04""}",CC BY 4.0,https://creativecommons.org/licenses/by/4.0/,Luca Valente,"CC BY 4.0 applies to the original compilation and editorial work by Luca Valente. Underlying third-party data retain their source terms, including Coin Metrics CC BY-NC 4.0 where indicated; this export does not replace those terms."
listino,2026-10-05,/blocchi/2/tabella/righe/15/0,"""LDO""","CoinGecko (market value); DefiLlama (fees, revenue)","{""livelli"": ""2026-10-05"", ""somme"": ""2026-10-04""}",CC BY 4.0,https://creativecommons.org/licenses/by/4.0/,Luca Valente,"CC BY 4.0 applies to the original compilation and editorial work by Luca Valente. Underlying third-party data retain their source terms, including Coin Metrics CC BY-NC 4.0 where indicated; this export does not replace those terms."
listino,2026-10-05,/blocchi/2/tabella/righe/15/1,"""Lido""","CoinGecko (market value); DefiLlama (fees, revenue)","{""livelli"": ""2026-10-05"", ""somme"": ""2026-10-04""}",CC BY 4.0,https://creativecommons.org/licenses/by/4.0/,Luca Valente,"CC BY 4.0 applies to the original compilation and editorial work by Luca Valente. Underlying third-party data retain their source terms, including Coin Metrics CC BY-NC 4.0 where indicated; this export does not replace those terms."
listino,2026-10-05,/blocchi/2/tabella/righe/15/2,"""Liquid staking""","CoinGecko (market value); DefiLlama (fees, revenue)","{""livelli"": ""2026-10-05"", ""somme"": ""2026-10-04""}",CC BY 4.0,https://creativecommons.org/licenses/by/4.0/,Luca Valente,"CC BY 4.0 applies to the original compilation and editorial work by Luca Valente. Underlying third-party data retain their source terms, including Coin Metrics CC BY-NC 4.0 where indicated; this export does not replace those terms."
listino,2026-10-05,/blocchi/2/tabella/righe/15/3,385346217,"CoinGecko (market value); DefiLlama (fees, revenue)","{""livelli"": ""2026-10-05"", ""somme"": ""2026-10-04""}",CC BY 4.0,https://creativecommons.org/licenses/by/4.0/,Luca Valente,"CC BY 4.0 applies to the original compilation and editorial work by Luca Valente. Underlying third-party data retain their source terms, including Coin Metrics CC BY-NC 4.0 where indicated; this export does not replace those terms."
listino,2026-10-05,/blocchi/2/tabella/righe/15/4,620018559,"CoinGecko (market value); DefiLlama (fees, revenue)","{""livelli"": ""2026-10-05"", ""somme"": ""2026-10-04""}",CC BY 4.0,https://creativecommons.org/licenses/by/4.0/,Luca Valente,"CC BY 4.0 applies to the original compilation and editorial work by Luca Valente. Underlying third-party data retain their source terms, including Coin Metrics CC BY-NC 4.0 where indicated; this export does not replace those terms."
listino,2026-10-05,/blocchi/2/tabella/righe/15/5,0.62,"CoinGecko (market value); DefiLlama (fees, revenue)","{""livelli"": ""2026-10-05"", ""somme"": ""2026-10-04""}",CC BY 4.0,https://creativecommons.org/licenses/by/4.0/,Luca Valente,"CC BY 4.0 applies to the original compilation and editorial work by Luca Valente. Underlying third-party data retain their source terms, including Coin Metrics CC BY-NC 4.0 where indicated; this export does not replace those terms."
listino,2026-10-05,/blocchi/2/tabella/righe/15/6,75.1,"CoinGecko (market value); DefiLlama (fees, revenue)","{""livelli"": ""2026-10-05"", ""somme"": ""2026-10-04""}",CC BY 4.0,https://creativecommons.org/licenses/by/4.0/,Luca Valente,"CC BY 4.0 applies to the original compilation and editorial work by Luca Valente. Underlying third-party data retain their source terms, including Coin Metrics CC BY-NC 4.0 where indicated; this export does not replace those terms."
listino,2026-10-05,/blocchi/2/tabella/righe/15/7,0.5,"CoinGecko (market value); DefiLlama (fees, revenue)","{""livelli"": ""2026-10-05"", ""somme"": ""2026-10-04""}",CC BY 4.0,https://creativecommons.org/licenses/by/4.0/,Luca Valente,"CC BY 4.0 applies to the original compilation and editorial work by Luca Valente. Underlying third-party data retain their source terms, including Coin Metrics CC BY-NC 4.0 where indicated; this export does not replace those terms."
listino,2026-10-05,/blocchi/2/tabella/righe/15/8,10.78,"CoinGecko (market value); DefiLlama (fees, revenue)","{""livelli"": ""2026-10-05"", ""somme"": ""2026-10-04""}",CC BY 4.0,https://creativecommons.org/licenses/by/4.0/,Luca Valente,"CC BY 4.0 applies to the original compilation and editorial work by Luca Valente. Underlying third-party data retain their source terms, including Coin Metrics CC BY-NC 4.0 where indicated; this export does not replace those terms."
listino,2026-10-05,/blocchi/2/tabella/righe/15/9,"""""","CoinGecko (market value); DefiLlama (fees, revenue)","{""livelli"": ""2026-10-05"", ""somme"": ""2026-10-04""}",CC BY 4.0,https://creativecommons.org/licenses/by/4.0/,Luca Valente,"CC BY 4.0 applies to the original compilation and editorial work by Luca Valente. Underlying third-party data retain their source terms, including Coin Metrics CC BY-NC 4.0 where indicated; this export does not replace those terms."
listino,2026-10-05,/blocchi/2/tabella/righe/15/10,"""yes""","CoinGecko (market value); DefiLlama (fees, revenue)","{""livelli"": ""2026-10-05"", ""somme"": ""2026-10-04""}",CC BY 4.0,https://creativecommons.org/licenses/by/4.0/,Luca Valente,"CC BY 4.0 applies to the original compilation and editorial work by Luca Valente. Underlying third-party data retain their source terms, including Coin Metrics CC BY-NC 4.0 where indicated; this export does not replace those terms."
listino,2026-10-05,/blocchi/2/tabella/righe/16/0,"""JTO""","CoinGecko (market value); DefiLlama (fees, revenue)","{""livelli"": ""2026-10-05"", ""somme"": ""2026-10-04""}",CC BY 4.0,https://creativecommons.org/licenses/by/4.0/,Luca Valente,"CC BY 4.0 applies to the original compilation and editorial work by Luca Valente. Underlying third-party data retain their source terms, including Coin Metrics CC BY-NC 4.0 where indicated; this export does not replace those terms."
listino,2026-10-05,/blocchi/2/tabella/righe/16/1,"""Jito Liquid Staking""","CoinGecko (market value); DefiLlama (fees, revenue)","{""livelli"": ""2026-10-05"", ""somme"": ""2026-10-04""}",CC BY 4.0,https://creativecommons.org/licenses/by/4.0/,Luca Valente,"CC BY 4.0 applies to the original compilation and editorial work by Luca Valente. Underlying third-party data retain their source terms, including Coin Metrics CC BY-NC 4.0 where indicated; this export does not replace those terms."
listino,2026-10-05,/blocchi/2/tabella/righe/16/2,"""Liquid staking""","CoinGecko (market value); DefiLlama (fees, revenue)","{""livelli"": ""2026-10-05"", ""somme"": ""2026-10-04""}",CC BY 4.0,https://creativecommons.org/licenses/by/4.0/,Luca Valente,"CC BY 4.0 applies to the original compilation and editorial work by Luca Valente. Underlying third-party data retain their source terms, including Coin Metrics CC BY-NC 4.0 where indicated; this export does not replace those terms."
listino,2026-10-05,/blocchi/2/tabella/righe/16/3,305254658,"CoinGecko (market value); DefiLlama (fees, revenue)","{""livelli"": ""2026-10-05"", ""somme"": ""2026-10-04""}",CC BY 4.0,https://creativecommons.org/licenses/by/4.0/,Luca Valente,"CC BY 4.0 applies to the original compilation and editorial work by Luca Valente. Underlying third-party data retain their source terms, including Coin Metrics CC BY-NC 4.0 where indicated; this export does not replace those terms."
listino,2026-10-05,/blocchi/2/tabella/righe/16/4,75425239,"CoinGecko (market value); DefiLlama (fees, revenue)","{""livelli"": ""2026-10-05"", ""somme"": ""2026-10-04""}",CC BY 4.0,https://creativecommons.org/licenses/by/4.0/,Luca Valente,"CC BY 4.0 applies to the original compilation and editorial work by Luca Valente. Underlying third-party data retain their source terms, including Coin Metrics CC BY-NC 4.0 where indicated; this export does not replace those terms."
listino,2026-10-05,/blocchi/2/tabella/righe/16/5,4.05,"CoinGecko (market value); DefiLlama (fees, revenue)","{""livelli"": ""2026-10-05"", ""somme"": ""2026-10-04""}",CC BY 4.0,https://creativecommons.org/licenses/by/4.0/,Luca Valente,"CC BY 4.0 applies to the original compilation and editorial work by Luca Valente. Underlying third-party data retain their source terms, including Coin Metrics CC BY-NC 4.0 where indicated; this export does not replace those terms."
listino,2026-10-05,/blocchi/2/tabella/righe/16/6,100.0,"CoinGecko (market value); DefiLlama (fees, revenue)","{""livelli"": ""2026-10-05"", ""somme"": ""2026-10-04""}",CC BY 4.0,https://creativecommons.org/licenses/by/4.0/,Luca Valente,"CC BY 4.0 applies to the original compilation and editorial work by Luca Valente. Underlying third-party data retain their source terms, including Coin Metrics CC BY-NC 4.0 where indicated; this export does not replace those terms."
listino,2026-10-05,/blocchi/2/tabella/righe/16/7,1.58,"CoinGecko (market value); DefiLlama (fees, revenue)","{""livelli"": ""2026-10-05"", ""somme"": ""2026-10-04""}",CC BY 4.0,https://creativecommons.org/licenses/by/4.0/,Luca Valente,"CC BY 4.0 applies to the original compilation and editorial work by Luca Valente. Underlying third-party data retain their source terms, including Coin Metrics CC BY-NC 4.0 where indicated; this export does not replace those terms."
listino,2026-10-05,/blocchi/2/tabella/righe/16/8,null,"CoinGecko (market value); DefiLlama (fees, revenue)","{""livelli"": ""2026-10-05"", ""somme"": ""2026-10-04""}",CC BY 4.0,https://creativecommons.org/licenses/by/4.0/,Luca Valente,"CC BY 4.0 applies to the original compilation and editorial work by Luca Valente. Underlying third-party data retain their source terms, including Coin Metrics CC BY-NC 4.0 where indicated; this export does not replace those terms."
listino,2026-10-05,/blocchi/2/tabella/righe/16/9,"""""","CoinGecko (market value); DefiLlama (fees, revenue)","{""livelli"": ""2026-10-05"", ""somme"": ""2026-10-04""}",CC BY 4.0,https://creativecommons.org/licenses/by/4.0/,Luca Valente,"CC BY 4.0 applies to the original compilation and editorial work by Luca Valente. Underlying third-party data retain their source terms, including Coin Metrics CC BY-NC 4.0 where indicated; this export does not replace those terms."
listino,2026-10-05,/blocchi/2/tabella/righe/16/10,"""yes""","CoinGecko (market value); DefiLlama (fees, revenue)","{""livelli"": ""2026-10-05"", ""somme"": ""2026-10-04""}",CC BY 4.0,https://creativecommons.org/licenses/by/4.0/,Luca Valente,"CC BY 4.0 applies to the original compilation and editorial work by Luca Valente. Underlying third-party data retain their source terms, including Coin Metrics CC BY-NC 4.0 where indicated; this export does not replace those terms."
listino,2026-10-05,/blocchi/2/tabella/righe/17/0,"""SYRUP""","CoinGecko (market value); DefiLlama (fees, revenue)","{""livelli"": ""2026-10-05"", ""somme"": ""2026-10-04""}",CC BY 4.0,https://creativecommons.org/licenses/by/4.0/,Luca Valente,"CC BY 4.0 applies to the original compilation and editorial work by Luca Valente. Underlying third-party data retain their source terms, including Coin Metrics CC BY-NC 4.0 where indicated; this export does not replace those terms."
listino,2026-10-05,/blocchi/2/tabella/righe/17/1,"""Maple""","CoinGecko (market value); DefiLlama (fees, revenue)","{""livelli"": ""2026-10-05"", ""somme"": ""2026-10-04""}",CC BY 4.0,https://creativecommons.org/licenses/by/4.0/,Luca Valente,"CC BY 4.0 applies to the original compilation and editorial work by Luca Valente. Underlying third-party data retain their source terms, including Coin Metrics CC BY-NC 4.0 where indicated; this export does not replace those terms."
listino,2026-10-05,/blocchi/2/tabella/righe/17/2,"""Lending""","CoinGecko (market value); DefiLlama (fees, revenue)","{""livelli"": ""2026-10-05"", ""somme"": ""2026-10-04""}",CC BY 4.0,https://creativecommons.org/licenses/by/4.0/,Luca Valente,"CC BY 4.0 applies to the original compilation and editorial work by Luca Valente. Underlying third-party data retain their source terms, including Coin Metrics CC BY-NC 4.0 where indicated; this export does not replace those terms."
listino,2026-10-05,/blocchi/2/tabella/righe/17/3,302278004,"CoinGecko (market value); DefiLlama (fees, revenue)","{""livelli"": ""2026-10-05"", ""somme"": ""2026-10-04""}",CC BY 4.0,https://creativecommons.org/licenses/by/4.0/,Luca Valente,"CC BY 4.0 applies to the original compilation and editorial work by Luca Valente. Underlying third-party data retain their source terms, including Coin Metrics CC BY-NC 4.0 where indicated; this export does not replace those terms."
listino,2026-10-05,/blocchi/2/tabella/righe/17/4,112283328,"CoinGecko (market value); DefiLlama (fees, revenue)","{""livelli"": ""2026-10-05"", ""somme"": ""2026-10-04""}",CC BY 4.0,https://creativecommons.org/licenses/by/4.0/,Luca Valente,"CC BY 4.0 applies to the original compilation and editorial work by Luca Valente. Underlying third-party data retain their source terms, including Coin Metrics CC BY-NC 4.0 where indicated; this export does not replace those terms."
listino,2026-10-05,/blocchi/2/tabella/righe/17/5,2.69,"CoinGecko (market value); DefiLlama (fees, revenue)","{""livelli"": ""2026-10-05"", ""somme"": ""2026-10-04""}",CC BY 4.0,https://creativecommons.org/licenses/by/4.0/,Luca Valente,"CC BY 4.0 applies to the original compilation and editorial work by Luca Valente. Underlying third-party data retain their source terms, including Coin Metrics CC BY-NC 4.0 where indicated; this export does not replace those terms."
listino,2026-10-05,/blocchi/2/tabella/righe/17/6,46.8,"CoinGecko (market value); DefiLlama (fees, revenue)","{""livelli"": ""2026-10-05"", ""somme"": ""2026-10-04""}",CC BY 4.0,https://creativecommons.org/licenses/by/4.0/,Luca Valente,"CC BY 4.0 applies to the original compilation and editorial work by Luca Valente. Underlying third-party data retain their source terms, including Coin Metrics CC BY-NC 4.0 where indicated; this export does not replace those terms."
listino,2026-10-05,/blocchi/2/tabella/righe/17/7,2.75,"CoinGecko (market value); DefiLlama (fees, revenue)","{""livelli"": ""2026-10-05"", ""somme"": ""2026-10-04""}",CC BY 4.0,https://creativecommons.org/licenses/by/4.0/,Luca Valente,"CC BY 4.0 applies to the original compilation and editorial work by Luca Valente. Underlying third-party data retain their source terms, including Coin Metrics CC BY-NC 4.0 where indicated; this export does not replace those terms."
listino,2026-10-05,/blocchi/2/tabella/righe/17/8,21.08,"CoinGecko (market value); DefiLlama (fees, revenue)","{""livelli"": ""2026-10-05"", ""somme"": ""2026-10-04""}",CC BY 4.0,https://creativecommons.org/licenses/by/4.0/,Luca Valente,"CC BY 4.0 applies to the original compilation and editorial work by Luca Valente. Underlying third-party data retain their source terms, including Coin Metrics CC BY-NC 4.0 where indicated; this export does not replace those terms."
listino,2026-10-05,/blocchi/2/tabella/righe/17/9,"""""","CoinGecko (market value); DefiLlama (fees, revenue)","{""livelli"": ""2026-10-05"", ""somme"": ""2026-10-04""}",CC BY 4.0,https://creativecommons.org/licenses/by/4.0/,Luca Valente,"CC BY 4.0 applies to the original compilation and editorial work by Luca Valente. Underlying third-party data retain their source terms, including Coin Metrics CC BY-NC 4.0 where indicated; this export does not replace those terms."
listino,2026-10-05,/blocchi/2/tabella/righe/17/10,"""""","CoinGecko (market value); DefiLlama (fees, revenue)","{""livelli"": ""2026-10-05"", ""somme"": ""2026-10-04""}",CC BY 4.0,https://creativecommons.org/licenses/by/4.0/,Luca Valente,"CC BY 4.0 applies to the original compilation and editorial work by Luca Valente. Underlying third-party data retain their source terms, including Coin Metrics CC BY-NC 4.0 where indicated; this export does not replace those terms."
listino,2026-10-05,/blocchi/2/tabella/righe/18/0,"""EIGEN""","CoinGecko (market value); DefiLlama (fees, revenue)","{""livelli"": ""2026-10-05"", ""somme"": ""2026-10-04""}",CC BY 4.0,https://creativecommons.org/licenses/by/4.0/,Luca Valente,"CC BY 4.0 applies to the original compilation and editorial work by Luca Valente. Underlying third-party data retain their source terms, including Coin Metrics CC BY-NC 4.0 where indicated; this export does not replace those terms."
listino,2026-10-05,/blocchi/2/tabella/righe/18/1,"""EigenCloud""","CoinGecko (market value); DefiLlama (fees, revenue)","{""livelli"": ""2026-10-05"", ""somme"": ""2026-10-04""}",CC BY 4.0,https://creativecommons.org/licenses/by/4.0/,Luca Valente,"CC BY 4.0 applies to the original compilation and editorial work by Luca Valente. Underlying third-party data retain their source terms, including Coin Metrics CC BY-NC 4.0 where indicated; this export does not replace those terms."
listino,2026-10-05,/blocchi/2/tabella/righe/18/2,"""Restaking""","CoinGecko (market value); DefiLlama (fees, revenue)","{""livelli"": ""2026-10-05"", ""somme"": ""2026-10-04""}",CC BY 4.0,https://creativecommons.org/licenses/by/4.0/,Luca Valente,"CC BY 4.0 applies to the original compilation and editorial work by Luca Valente. Underlying third-party data retain their source terms, including Coin Metrics CC BY-NC 4.0 where indicated; this export does not replace those terms."
listino,2026-10-05,/blocchi/2/tabella/righe/18/3,251124322,"CoinGecko (market value); DefiLlama (fees, revenue)","{""livelli"": ""2026-10-05"", ""somme"": ""2026-10-04""}",CC BY 4.0,https://creativecommons.org/licenses/by/4.0/,Luca Valente,"CC BY 4.0 applies to the original compilation and editorial work by Luca Valente. Underlying third-party data retain their source terms, including Coin Metrics CC BY-NC 4.0 where indicated; this export does not replace those terms."
listino,2026-10-05,/blocchi/2/tabella/righe/18/4,27804671,"CoinGecko (market value); DefiLlama (fees, revenue)","{""livelli"": ""2026-10-05"", ""somme"": ""2026-10-04""}",CC BY 4.0,https://creativecommons.org/licenses/by/4.0/,Luca Valente,"CC BY 4.0 applies to the original compilation and editorial work by Luca Valente. Underlying third-party data retain their source terms, including Coin Metrics CC BY-NC 4.0 where indicated; this export does not replace those terms."
listino,2026-10-05,/blocchi/2/tabella/righe/18/5,9.03,"CoinGecko (market value); DefiLlama (fees, revenue)","{""livelli"": ""2026-10-05"", ""somme"": ""2026-10-04""}",CC BY 4.0,https://creativecommons.org/licenses/by/4.0/,Luca Valente,"CC BY 4.0 applies to the original compilation and editorial work by Luca Valente. Underlying third-party data retain their source terms, including Coin Metrics CC BY-NC 4.0 where indicated; this export does not replace those terms."
listino,2026-10-05,/blocchi/2/tabella/righe/18/6,100.0,"CoinGecko (market value); DefiLlama (fees, revenue)","{""livelli"": ""2026-10-05"", ""somme"": ""2026-10-04""}",CC BY 4.0,https://creativecommons.org/licenses/by/4.0/,Luca Valente,"CC BY 4.0 applies to the original compilation and editorial work by Luca Valente. Underlying third-party data retain their source terms, including Coin Metrics CC BY-NC 4.0 where indicated; this export does not replace those terms."
listino,2026-10-05,/blocchi/2/tabella/righe/18/7,3.26,"CoinGecko (market value); DefiLlama (fees, revenue)","{""livelli"": ""2026-10-05"", ""somme"": ""2026-10-04""}",CC BY 4.0,https://creativecommons.org/licenses/by/4.0/,Luca Valente,"CC BY 4.0 applies to the original compilation and editorial work by Luca Valente. Underlying third-party data retain their source terms, including Coin Metrics CC BY-NC 4.0 where indicated; this export does not replace those terms."
listino,2026-10-05,/blocchi/2/tabella/righe/18/8,null,"CoinGecko (market value); DefiLlama (fees, revenue)","{""livelli"": ""2026-10-05"", ""somme"": ""2026-10-04""}",CC BY 4.0,https://creativecommons.org/licenses/by/4.0/,Luca Valente,"CC BY 4.0 applies to the original compilation and editorial work by Luca Valente. Underlying third-party data retain their source terms, including Coin Metrics CC BY-NC 4.0 where indicated; this export does not replace those terms."
listino,2026-10-05,/blocchi/2/tabella/righe/18/9,"""""","CoinGecko (market value); DefiLlama (fees, revenue)","{""livelli"": ""2026-10-05"", ""somme"": ""2026-10-04""}",CC BY 4.0,https://creativecommons.org/licenses/by/4.0/,Luca Valente,"CC BY 4.0 applies to the original compilation and editorial work by Luca Valente. Underlying third-party data retain their source terms, including Coin Metrics CC BY-NC 4.0 where indicated; this export does not replace those terms."
listino,2026-10-05,/blocchi/2/tabella/righe/18/10,"""""","CoinGecko (market value); DefiLlama (fees, revenue)","{""livelli"": ""2026-10-05"", ""somme"": ""2026-10-04""}",CC BY 4.0,https://creativecommons.org/licenses/by/4.0/,Luca Valente,"CC BY 4.0 applies to the original compilation and editorial work by Luca Valente. Underlying third-party data retain their source terms, including Coin Metrics CC BY-NC 4.0 where indicated; this export does not replace those terms."
listino,2026-10-05,/blocchi/2/tabella/righe/19/0,"""COMP""","CoinGecko (market value); DefiLlama (fees, revenue)","{""livelli"": ""2026-10-05"", ""somme"": ""2026-10-04""}",CC BY 4.0,https://creativecommons.org/licenses/by/4.0/,Luca Valente,"CC BY 4.0 applies to the original compilation and editorial work by Luca Valente. Underlying third-party data retain their source terms, including Coin Metrics CC BY-NC 4.0 where indicated; this export does not replace those terms."
listino,2026-10-05,/blocchi/2/tabella/righe/19/1,"""Compound V3""","CoinGecko (market value); DefiLlama (fees, revenue)","{""livelli"": ""2026-10-05"", ""somme"": ""2026-10-04""}",CC BY 4.0,https://creativecommons.org/licenses/by/4.0/,Luca Valente,"CC BY 4.0 applies to the original compilation and editorial work by Luca Valente. Underlying third-party data retain their source terms, including Coin Metrics CC BY-NC 4.0 where indicated; this export does not replace those terms."
listino,2026-10-05,/blocchi/2/tabella/righe/19/2,"""Lending""","CoinGecko (market value); DefiLlama (fees, revenue)","{""livelli"": ""2026-10-05"", ""somme"": ""2026-10-04""}",CC BY 4.0,https://creativecommons.org/licenses/by/4.0/,Luca Valente,"CC BY 4.0 applies to the original compilation and editorial work by Luca Valente. Underlying third-party data retain their source terms, including Coin Metrics CC BY-NC 4.0 where indicated; this export does not replace those terms."
listino,2026-10-05,/blocchi/2/tabella/righe/19/3,250545074,"CoinGecko (market value); DefiLlama (fees, revenue)","{""livelli"": ""2026-10-05"", ""somme"": ""2026-10-04""}",CC BY 4.0,https://creativecommons.org/licenses/by/4.0/,Luca Valente,"CC BY 4.0 applies to the original compilation and editorial work by Luca Valente. Underlying third-party data retain their source terms, including Coin Metrics CC BY-NC 4.0 where indicated; this export does not replace those terms."
listino,2026-10-05,/blocchi/2/tabella/righe/19/4,26240798,"CoinGecko (market value); DefiLlama (fees, revenue)","{""livelli"": ""2026-10-05"", ""somme"": ""2026-10-04""}",CC BY 4.0,https://creativecommons.org/licenses/by/4.0/,Luca Valente,"CC BY 4.0 applies to the original compilation and editorial work by Luca Valente. Underlying third-party data retain their source terms, including Coin Metrics CC BY-NC 4.0 where indicated; this export does not replace those terms."
listino,2026-10-05,/blocchi/2/tabella/righe/19/5,9.55,"CoinGecko (market value); DefiLlama (fees, revenue)","{""livelli"": ""2026-10-05"", ""somme"": ""2026-10-04""}",CC BY 4.0,https://creativecommons.org/licenses/by/4.0/,Luca Valente,"CC BY 4.0 applies to the original compilation and editorial work by Luca Valente. Underlying third-party data retain their source terms, including Coin Metrics CC BY-NC 4.0 where indicated; this export does not replace those terms."
listino,2026-10-05,/blocchi/2/tabella/righe/19/6,99.6,"CoinGecko (market value); DefiLlama (fees, revenue)","{""livelli"": ""2026-10-05"", ""somme"": ""2026-10-04""}",CC BY 4.0,https://creativecommons.org/licenses/by/4.0/,Luca Valente,"CC BY 4.0 applies to the original compilation and editorial work by Luca Valente. Underlying third-party data retain their source terms, including Coin Metrics CC BY-NC 4.0 where indicated; this export does not replace those terms."
listino,2026-10-05,/blocchi/2/tabella/righe/19/7,5.52,"CoinGecko (market value); DefiLlama (fees, revenue)","{""livelli"": ""2026-10-05"", ""somme"": ""2026-10-04""}",CC BY 4.0,https://creativecommons.org/licenses/by/4.0/,Luca Valente,"CC BY 4.0 applies to the original compilation and editorial work by Luca Valente. Underlying third-party data retain their source terms, including Coin Metrics CC BY-NC 4.0 where indicated; this export does not replace those terms."
listino,2026-10-05,/blocchi/2/tabella/righe/19/8,380.1,"CoinGecko (market value); DefiLlama (fees, revenue)","{""livelli"": ""2026-10-05"", ""somme"": ""2026-10-04""}",CC BY 4.0,https://creativecommons.org/licenses/by/4.0/,Luca Valente,"CC BY 4.0 applies to the original compilation and editorial work by Luca Valente. Underlying third-party data retain their source terms, including Coin Metrics CC BY-NC 4.0 where indicated; this export does not replace those terms."
listino,2026-10-05,/blocchi/2/tabella/righe/19/9,"""yes""","CoinGecko (market value); DefiLlama (fees, revenue)","{""livelli"": ""2026-10-05"", ""somme"": ""2026-10-04""}",CC BY 4.0,https://creativecommons.org/licenses/by/4.0/,Luca Valente,"CC BY 4.0 applies to the original compilation and editorial work by Luca Valente. Underlying third-party data retain their source terms, including Coin Metrics CC BY-NC 4.0 where indicated; this export does not replace those terms."
listino,2026-10-05,/blocchi/2/tabella/righe/19/10,"""""","CoinGecko (market value); DefiLlama (fees, revenue)","{""livelli"": ""2026-10-05"", ""somme"": ""2026-10-04""}",CC BY 4.0,https://creativecommons.org/licenses/by/4.0/,Luca Valente,"CC BY 4.0 applies to the original compilation and editorial work by Luca Valente. Underlying third-party data retain their source terms, including Coin Metrics CC BY-NC 4.0 where indicated; this export does not replace those terms."
listino,2026-10-05,/blocchi/2/tabella/righe/20/0,"""KMNO""","CoinGecko (market value); DefiLlama (fees, revenue)","{""livelli"": ""2026-10-05"", ""somme"": ""2026-10-04""}",CC BY 4.0,https://creativecommons.org/licenses/by/4.0/,Luca Valente,"CC BY 4.0 applies to the original compilation and editorial work by Luca Valente. Underlying third-party data retain their source terms, including Coin Metrics CC BY-NC 4.0 where indicated; this export does not replace those terms."
listino,2026-10-05,/blocchi/2/tabella/righe/20/1,"""Kamino Lend""","CoinGecko (market value); DefiLlama (fees, revenue)","{""livelli"": ""2026-10-05"", ""somme"": ""2026-10-04""}",CC BY 4.0,https://creativecommons.org/licenses/by/4.0/,Luca Valente,"CC BY 4.0 applies to the original compilation and editorial work by Luca Valente. Underlying third-party data retain their source terms, including Coin Metrics CC BY-NC 4.0 where indicated; this export does not replace those terms."
listino,2026-10-05,/blocchi/2/tabella/righe/20/2,"""Lending""","CoinGecko (market value); DefiLlama (fees, revenue)","{""livelli"": ""2026-10-05"", ""somme"": ""2026-10-04""}",CC BY 4.0,https://creativecommons.org/licenses/by/4.0/,Luca Valente,"CC BY 4.0 applies to the original compilation and editorial work by Luca Valente. Underlying third-party data retain their source terms, including Coin Metrics CC BY-NC 4.0 where indicated; this export does not replace those terms."
listino,2026-10-05,/blocchi/2/tabella/righe/20/3,229751420,"CoinGecko (market value); DefiLlama (fees, revenue)","{""livelli"": ""2026-10-05"", ""somme"": ""2026-10-04""}",CC BY 4.0,https://creativecommons.org/licenses/by/4.0/,Luca Valente,"CC BY 4.0 applies to the original compilation and editorial work by Luca Valente. Underlying third-party data retain their source terms, including Coin Metrics CC BY-NC 4.0 where indicated; this export does not replace those terms."
listino,2026-10-05,/blocchi/2/tabella/righe/20/4,63132588,"CoinGecko (market value); DefiLlama (fees, revenue)","{""livelli"": ""2026-10-05"", ""somme"": ""2026-10-04""}",CC BY 4.0,https://creativecommons.org/licenses/by/4.0/,Luca Valente,"CC BY 4.0 applies to the original compilation and editorial work by Luca Valente. Underlying third-party data retain their source terms, including Coin Metrics CC BY-NC 4.0 where indicated; this export does not replace those terms."
listino,2026-10-05,/blocchi/2/tabella/righe/20/5,3.64,"CoinGecko (market value); DefiLlama (fees, revenue)","{""livelli"": ""2026-10-05"", ""somme"": ""2026-10-04""}",CC BY 4.0,https://creativecommons.org/licenses/by/4.0/,Luca Valente,"CC BY 4.0 applies to the original compilation and editorial work by Luca Valente. Underlying third-party data retain their source terms, including Coin Metrics CC BY-NC 4.0 where indicated; this export does not replace those terms."
listino,2026-10-05,/blocchi/2/tabella/righe/20/6,97.8,"CoinGecko (market value); DefiLlama (fees, revenue)","{""livelli"": ""2026-10-05"", ""somme"": ""2026-10-04""}",CC BY 4.0,https://creativecommons.org/licenses/by/4.0/,Luca Valente,"CC BY 4.0 applies to the original compilation and editorial work by Luca Valente. Underlying third-party data retain their source terms, including Coin Metrics CC BY-NC 4.0 where indicated; this export does not replace those terms."
listino,2026-10-05,/blocchi/2/tabella/righe/20/7,1.33,"CoinGecko (market value); DefiLlama (fees, revenue)","{""livelli"": ""2026-10-05"", ""somme"": ""2026-10-04""}",CC BY 4.0,https://creativecommons.org/licenses/by/4.0/,Luca Valente,"CC BY 4.0 applies to the original compilation and editorial work by Luca Valente. Underlying third-party data retain their source terms, including Coin Metrics CC BY-NC 4.0 where indicated; this export does not replace those terms."
listino,2026-10-05,/blocchi/2/tabella/righe/20/8,25.29,"CoinGecko (market value); DefiLlama (fees, revenue)","{""livelli"": ""2026-10-05"", ""somme"": ""2026-10-04""}",CC BY 4.0,https://creativecommons.org/licenses/by/4.0/,Luca Valente,"CC BY 4.0 applies to the original compilation and editorial work by Luca Valente. Underlying third-party data retain their source terms, including Coin Metrics CC BY-NC 4.0 where indicated; this export does not replace those terms."
listino,2026-10-05,/blocchi/2/tabella/righe/20/9,"""""","CoinGecko (market value); DefiLlama (fees, revenue)","{""livelli"": ""2026-10-05"", ""somme"": ""2026-10-04""}",CC BY 4.0,https://creativecommons.org/licenses/by/4.0/,Luca Valente,"CC BY 4.0 applies to the original compilation and editorial work by Luca Valente. Underlying third-party data retain their source terms, including Coin Metrics CC BY-NC 4.0 where indicated; this export does not replace those terms."
listino,2026-10-05,/blocchi/2/tabella/righe/20/10,"""""","CoinGecko (market value); DefiLlama (fees, revenue)","{""livelli"": ""2026-10-05"", ""somme"": ""2026-10-04""}",CC BY 4.0,https://creativecommons.org/licenses/by/4.0/,Luca Valente,"CC BY 4.0 applies to the original compilation and editorial work by Luca Valente. Underlying third-party data retain their source terms, including Coin Metrics CC BY-NC 4.0 where indicated; this export does not replace those terms."
listino,2026-10-05,/blocchi/2/tabella/righe/21/0,"""CVX""","CoinGecko (market value); DefiLlama (fees, revenue)","{""livelli"": ""2026-10-05"", ""somme"": ""2026-10-04""}",CC BY 4.0,https://creativecommons.org/licenses/by/4.0/,Luca Valente,"CC BY 4.0 applies to the original compilation and editorial work by Luca Valente. Underlying third-party data retain their source terms, including Coin Metrics CC BY-NC 4.0 where indicated; this export does not replace those terms."
listino,2026-10-05,/blocchi/2/tabella/righe/21/1,"""Convex Finance""","CoinGecko (market value); DefiLlama (fees, revenue)","{""livelli"": ""2026-10-05"", ""somme"": ""2026-10-04""}",CC BY 4.0,https://creativecommons.org/licenses/by/4.0/,Luca Valente,"CC BY 4.0 applies to the original compilation and editorial work by Luca Valente. Underlying third-party data retain their source terms, including Coin Metrics CC BY-NC 4.0 where indicated; this export does not replace those terms."
listino,2026-10-05,/blocchi/2/tabella/righe/21/2,"""Yield""","CoinGecko (market value); DefiLlama (fees, revenue)","{""livelli"": ""2026-10-05"", ""somme"": ""2026-10-04""}",CC BY 4.0,https://creativecommons.org/licenses/by/4.0/,Luca Valente,"CC BY 4.0 applies to the original compilation and editorial work by Luca Valente. Underlying third-party data retain their source terms, including Coin Metrics CC BY-NC 4.0 where indicated; this export does not replace those terms."
listino,2026-10-05,/blocchi/2/tabella/righe/21/3,214318783,"CoinGecko (market value); DefiLlama (fees, revenue)","{""livelli"": ""2026-10-05"", ""somme"": ""2026-10-04""}",CC BY 4.0,https://creativecommons.org/licenses/by/4.0/,Luca Valente,"CC BY 4.0 applies to the original compilation and editorial work by Luca Valente. Underlying third-party data retain their source terms, including Coin Metrics CC BY-NC 4.0 where indicated; this export does not replace those terms."
listino,2026-10-05,/blocchi/2/tabella/righe/21/4,17549189,"CoinGecko (market value); DefiLlama (fees, revenue)","{""livelli"": ""2026-10-05"", ""somme"": ""2026-10-04""}",CC BY 4.0,https://creativecommons.org/licenses/by/4.0/,Luca Valente,"CC BY 4.0 applies to the original compilation and editorial work by Luca Valente. Underlying third-party data retain their source terms, including Coin Metrics CC BY-NC 4.0 where indicated; this export does not replace those terms."
listino,2026-10-05,/blocchi/2/tabella/righe/21/5,12.21,"CoinGecko (market value); DefiLlama (fees, revenue)","{""livelli"": ""2026-10-05"", ""somme"": ""2026-10-04""}",CC BY 4.0,https://creativecommons.org/licenses/by/4.0/,Luca Valente,"CC BY 4.0 applies to the original compilation and editorial work by Luca Valente. Underlying third-party data retain their source terms, including Coin Metrics CC BY-NC 4.0 where indicated; this export does not replace those terms."
listino,2026-10-05,/blocchi/2/tabella/righe/21/6,99.5,"CoinGecko (market value); DefiLlama (fees, revenue)","{""livelli"": ""2026-10-05"", ""somme"": ""2026-10-04""}",CC BY 4.0,https://creativecommons.org/licenses/by/4.0/,Luca Valente,"CC BY 4.0 applies to the original compilation and editorial work by Luca Valente. Underlying third-party data retain their source terms, including Coin Metrics CC BY-NC 4.0 where indicated; this export does not replace those terms."
listino,2026-10-05,/blocchi/2/tabella/righe/21/7,5.03,"CoinGecko (market value); DefiLlama (fees, revenue)","{""livelli"": ""2026-10-05"", ""somme"": ""2026-10-04""}",CC BY 4.0,https://creativecommons.org/licenses/by/4.0/,Luca Valente,"CC BY 4.0 applies to the original compilation and editorial work by Luca Valente. Underlying third-party data retain their source terms, including Coin Metrics CC BY-NC 4.0 where indicated; this export does not replace those terms."
listino,2026-10-05,/blocchi/2/tabella/righe/21/8,14.16,"CoinGecko (market value); DefiLlama (fees, revenue)","{""livelli"": ""2026-10-05"", ""somme"": ""2026-10-04""}",CC BY 4.0,https://creativecommons.org/licenses/by/4.0/,Luca Valente,"CC BY 4.0 applies to the original compilation and editorial work by Luca Valente. Underlying third-party data retain their source terms, including Coin Metrics CC BY-NC 4.0 where indicated; this export does not replace those terms."
listino,2026-10-05,/blocchi/2/tabella/righe/21/9,"""""","CoinGecko (market value); DefiLlama (fees, revenue)","{""livelli"": ""2026-10-05"", ""somme"": ""2026-10-04""}",CC BY 4.0,https://creativecommons.org/licenses/by/4.0/,Luca Valente,"CC BY 4.0 applies to the original compilation and editorial work by Luca Valente. Underlying third-party data retain their source terms, including Coin Metrics CC BY-NC 4.0 where indicated; this export does not replace those terms."
listino,2026-10-05,/blocchi/2/tabella/righe/21/10,"""""","CoinGecko (market value); DefiLlama (fees, revenue)","{""livelli"": ""2026-10-05"", ""somme"": ""2026-10-04""}",CC BY 4.0,https://creativecommons.org/licenses/by/4.0/,Luca Valente,"CC BY 4.0 applies to the original compilation and editorial work by Luca Valente. Underlying third-party data retain their source terms, including Coin Metrics CC BY-NC 4.0 where indicated; this export does not replace those terms."
listino,2026-10-05,/blocchi/2/tabella/righe/22/0,"""meteora""","CoinGecko (market value); DefiLlama (fees, revenue)","{""livelli"": ""2026-10-05"", ""somme"": ""2026-10-04""}",CC BY 4.0,https://creativecommons.org/licenses/by/4.0/,Luca Valente,"CC BY 4.0 applies to the original compilation and editorial work by Luca Valente. Underlying third-party data retain their source terms, including Coin Metrics CC BY-NC 4.0 where indicated; this export does not replace those terms."
listino,2026-10-05,/blocchi/2/tabella/righe/22/1,"""Meteora""","CoinGecko (market value); DefiLlama (fees, revenue)","{""livelli"": ""2026-10-05"", ""somme"": ""2026-10-04""}",CC BY 4.0,https://creativecommons.org/licenses/by/4.0/,Luca Valente,"CC BY 4.0 applies to the original compilation and editorial work by Luca Valente. Underlying third-party data retain their source terms, including Coin Metrics CC BY-NC 4.0 where indicated; this export does not replace those terms."
listino,2026-10-05,/blocchi/2/tabella/righe/22/2,"""DEXs""","CoinGecko (market value); DefiLlama (fees, revenue)","{""livelli"": ""2026-10-05"", ""somme"": ""2026-10-04""}",CC BY 4.0,https://creativecommons.org/licenses/by/4.0/,Luca Valente,"CC BY 4.0 applies to the original compilation and editorial work by Luca Valente. Underlying third-party data retain their source terms, including Coin Metrics CC BY-NC 4.0 where indicated; this export does not replace those terms."
listino,2026-10-05,/blocchi/2/tabella/righe/22/3,168563220,"CoinGecko (market value); DefiLlama (fees, revenue)","{""livelli"": ""2026-10-05"", ""somme"": ""2026-10-04""}",CC BY 4.0,https://creativecommons.org/licenses/by/4.0/,Luca Valente,"CC BY 4.0 applies to the original compilation and editorial work by Luca Valente. Underlying third-party data retain their source terms, including Coin Metrics CC BY-NC 4.0 where indicated; this export does not replace those terms."
listino,2026-10-05,/blocchi/2/tabella/righe/22/4,431790981,"CoinGecko (market value); DefiLlama (fees, revenue)","{""livelli"": ""2026-10-05"", ""somme"": ""2026-10-04""}",CC BY 4.0,https://creativecommons.org/licenses/by/4.0/,Luca Valente,"CC BY 4.0 applies to the original compilation and editorial work by Luca Valente. Underlying third-party data retain their source terms, including Coin Metrics CC BY-NC 4.0 where indicated; this export does not replace those terms."
listino,2026-10-05,/blocchi/2/tabella/righe/22/5,0.39,"CoinGecko (market value); DefiLlama (fees, revenue)","{""livelli"": ""2026-10-05"", ""somme"": ""2026-10-04""}",CC BY 4.0,https://creativecommons.org/licenses/by/4.0/,Luca Valente,"CC BY 4.0 applies to the original compilation and editorial work by Luca Valente. Underlying third-party data retain their source terms, including Coin Metrics CC BY-NC 4.0 where indicated; this export does not replace those terms."
listino,2026-10-05,/blocchi/2/tabella/righe/22/6,96.6,"CoinGecko (market value); DefiLlama (fees, revenue)","{""livelli"": ""2026-10-05"", ""somme"": ""2026-10-04""}",CC BY 4.0,https://creativecommons.org/licenses/by/4.0/,Luca Valente,"CC BY 4.0 applies to the original compilation and editorial work by Luca Valente. Underlying third-party data retain their source terms, including Coin Metrics CC BY-NC 4.0 where indicated; this export does not replace those terms."
listino,2026-10-05,/blocchi/2/tabella/righe/22/7,0.1,"CoinGecko (market value); DefiLlama (fees, revenue)","{""livelli"": ""2026-10-05"", ""somme"": ""2026-10-04""}",CC BY 4.0,https://creativecommons.org/licenses/by/4.0/,Luca Valente,"CC BY 4.0 applies to the original compilation and editorial work by Luca Valente. Underlying third-party data retain their source terms, including Coin Metrics CC BY-NC 4.0 where indicated; this export does not replace those terms."
listino,2026-10-05,/blocchi/2/tabella/righe/22/8,3.56,"CoinGecko (market value); DefiLlama (fees, revenue)","{""livelli"": ""2026-10-05"", ""somme"": ""2026-10-04""}",CC BY 4.0,https://creativecommons.org/licenses/by/4.0/,Luca Valente,"CC BY 4.0 applies to the original compilation and editorial work by Luca Valente. Underlying third-party data retain their source terms, including Coin Metrics CC BY-NC 4.0 where indicated; this export does not replace those terms."
listino,2026-10-05,/blocchi/2/tabella/righe/22/9,"""yes""","CoinGecko (market value); DefiLlama (fees, revenue)","{""livelli"": ""2026-10-05"", ""somme"": ""2026-10-04""}",CC BY 4.0,https://creativecommons.org/licenses/by/4.0/,Luca Valente,"CC BY 4.0 applies to the original compilation and editorial work by Luca Valente. Underlying third-party data retain their source terms, including Coin Metrics CC BY-NC 4.0 where indicated; this export does not replace those terms."
listino,2026-10-05,/blocchi/2/tabella/righe/22/10,"""""","CoinGecko (market value); DefiLlama (fees, revenue)","{""livelli"": ""2026-10-05"", ""somme"": ""2026-10-04""}",CC BY 4.0,https://creativecommons.org/licenses/by/4.0/,Luca Valente,"CC BY 4.0 applies to the original compilation and editorial work by Luca Valente. Underlying third-party data retain their source terms, including Coin Metrics CC BY-NC 4.0 where indicated; this export does not replace those terms."
listino,2026-10-05,/blocchi/2/tabella/righe/23/0,"""FLUID""","CoinGecko (market value); DefiLlama (fees, revenue)","{""livelli"": ""2026-10-05"", ""somme"": ""2026-10-04""}",CC BY 4.0,https://creativecommons.org/licenses/by/4.0/,Luca Valente,"CC BY 4.0 applies to the original compilation and editorial work by Luca Valente. Underlying third-party data retain their source terms, including Coin Metrics CC BY-NC 4.0 where indicated; this export does not replace those terms."
listino,2026-10-05,/blocchi/2/tabella/righe/23/1,"""Fluid Lending""","CoinGecko (market value); DefiLlama (fees, revenue)","{""livelli"": ""2026-10-05"", ""somme"": ""2026-10-04""}",CC BY 4.0,https://creativecommons.org/licenses/by/4.0/,Luca Valente,"CC BY 4.0 applies to the original compilation and editorial work by Luca Valente. Underlying third-party data retain their source terms, including Coin Metrics CC BY-NC 4.0 where indicated; this export does not replace those terms."
listino,2026-10-05,/blocchi/2/tabella/righe/23/2,"""Lending""","CoinGecko (market value); DefiLlama (fees, revenue)","{""livelli"": ""2026-10-05"", ""somme"": ""2026-10-04""}",CC BY 4.0,https://creativecommons.org/licenses/by/4.0/,Luca Valente,"CC BY 4.0 applies to the original compilation and editorial work by Luca Valente. Underlying third-party data retain their source terms, including Coin Metrics CC BY-NC 4.0 where indicated; this export does not replace those terms."
listino,2026-10-05,/blocchi/2/tabella/righe/23/3,148487410,"CoinGecko (market value); DefiLlama (fees, revenue)","{""livelli"": ""2026-10-05"", ""somme"": ""2026-10-04""}",CC BY 4.0,https://creativecommons.org/licenses/by/4.0/,Luca Valente,"CC BY 4.0 applies to the original compilation and editorial work by Luca Valente. Underlying third-party data retain their source terms, including Coin Metrics CC BY-NC 4.0 where indicated; this export does not replace those terms."
listino,2026-10-05,/blocchi/2/tabella/righe/23/4,50470527,"CoinGecko (market value); DefiLlama (fees, revenue)","{""livelli"": ""2026-10-05"", ""somme"": ""2026-10-04""}",CC BY 4.0,https://creativecommons.org/licenses/by/4.0/,Luca Valente,"CC BY 4.0 applies to the original compilation and editorial work by Luca Valente. Underlying third-party data retain their source terms, including Coin Metrics CC BY-NC 4.0 where indicated; this export does not replace those terms."
listino,2026-10-05,/blocchi/2/tabella/righe/23/5,2.94,"CoinGecko (market value); DefiLlama (fees, revenue)","{""livelli"": ""2026-10-05"", ""somme"": ""2026-10-04""}",CC BY 4.0,https://creativecommons.org/licenses/by/4.0/,Luca Valente,"CC BY 4.0 applies to the original compilation and editorial work by Luca Valente. Underlying third-party data retain their source terms, including Coin Metrics CC BY-NC 4.0 where indicated; this export does not replace those terms."
listino,2026-10-05,/blocchi/2/tabella/righe/23/6,55.9,"CoinGecko (market value); DefiLlama (fees, revenue)","{""livelli"": ""2026-10-05"", ""somme"": ""2026-10-04""}",CC BY 4.0,https://creativecommons.org/licenses/by/4.0/,Luca Valente,"CC BY 4.0 applies to the original compilation and editorial work by Luca Valente. Underlying third-party data retain their source terms, including Coin Metrics CC BY-NC 4.0 where indicated; this export does not replace those terms."
listino,2026-10-05,/blocchi/2/tabella/righe/23/7,2.33,"CoinGecko (market value); DefiLlama (fees, revenue)","{""livelli"": ""2026-10-05"", ""somme"": ""2026-10-04""}",CC BY 4.0,https://creativecommons.org/licenses/by/4.0/,Luca Valente,"CC BY 4.0 applies to the original compilation and editorial work by Luca Valente. Underlying third-party data retain their source terms, including Coin Metrics CC BY-NC 4.0 where indicated; this export does not replace those terms."
listino,2026-10-05,/blocchi/2/tabella/righe/23/8,21.48,"CoinGecko (market value); DefiLlama (fees, revenue)","{""livelli"": ""2026-10-05"", ""somme"": ""2026-10-04""}",CC BY 4.0,https://creativecommons.org/licenses/by/4.0/,Luca Valente,"CC BY 4.0 applies to the original compilation and editorial work by Luca Valente. Underlying third-party data retain their source terms, including Coin Metrics CC BY-NC 4.0 where indicated; this export does not replace those terms."
listino,2026-10-05,/blocchi/2/tabella/righe/23/9,"""yes""","CoinGecko (market value); DefiLlama (fees, revenue)","{""livelli"": ""2026-10-05"", ""somme"": ""2026-10-04""}",CC BY 4.0,https://creativecommons.org/licenses/by/4.0/,Luca Valente,"CC BY 4.0 applies to the original compilation and editorial work by Luca Valente. Underlying third-party data retain their source terms, including Coin Metrics CC BY-NC 4.0 where indicated; this export does not replace those terms."
listino,2026-10-05,/blocchi/2/tabella/righe/23/10,"""""","CoinGecko (market value); DefiLlama (fees, revenue)","{""livelli"": ""2026-10-05"", ""somme"": ""2026-10-04""}",CC BY 4.0,https://creativecommons.org/licenses/by/4.0/,Luca Valente,"CC BY 4.0 applies to the original compilation and editorial work by Luca Valente. Underlying third-party data retain their source terms, including Coin Metrics CC BY-NC 4.0 where indicated; this export does not replace those terms."
listino,2026-10-05,/blocchi/2/tabella/righe/24/0,"""ORCA""","CoinGecko (market value); DefiLlama (fees, revenue)","{""livelli"": ""2026-10-05"", ""somme"": ""2026-10-04""}",CC BY 4.0,https://creativecommons.org/licenses/by/4.0/,Luca Valente,"CC BY 4.0 applies to the original compilation and editorial work by Luca Valente. Underlying third-party data retain their source terms, including Coin Metrics CC BY-NC 4.0 where indicated; this export does not replace those terms."
listino,2026-10-05,/blocchi/2/tabella/righe/24/1,"""Orca DEX""","CoinGecko (market value); DefiLlama (fees, revenue)","{""livelli"": ""2026-10-05"", ""somme"": ""2026-10-04""}",CC BY 4.0,https://creativecommons.org/licenses/by/4.0/,Luca Valente,"CC BY 4.0 applies to the original compilation and editorial work by Luca Valente. Underlying third-party data retain their source terms, including Coin Metrics CC BY-NC 4.0 where indicated; this export does not replace those terms."
listino,2026-10-05,/blocchi/2/tabella/righe/24/2,"""DEXs""","CoinGecko (market value); DefiLlama (fees, revenue)","{""livelli"": ""2026-10-05"", ""somme"": ""2026-10-04""}",CC BY 4.0,https://creativecommons.org/licenses/by/4.0/,Luca Valente,"CC BY 4.0 applies to the original compilation and editorial work by Luca Valente. Underlying third-party data retain their source terms, including Coin Metrics CC BY-NC 4.0 where indicated; this export does not replace those terms."
listino,2026-10-05,/blocchi/2/tabella/righe/24/3,122243773,"CoinGecko (market value); DefiLlama (fees, revenue)","{""livelli"": ""2026-10-05"", ""somme"": ""2026-10-04""}",CC BY 4.0,https://creativecommons.org/licenses/by/4.0/,Luca Valente,"CC BY 4.0 applies to the original compilation and editorial work by Luca Valente. Underlying third-party data retain their source terms, including Coin Metrics CC BY-NC 4.0 where indicated; this export does not replace those terms."
listino,2026-10-05,/blocchi/2/tabella/righe/24/4,70453606,"CoinGecko (market value); DefiLlama (fees, revenue)","{""livelli"": ""2026-10-05"", ""somme"": ""2026-10-04""}",CC BY 4.0,https://creativecommons.org/licenses/by/4.0/,Luca Valente,"CC BY 4.0 applies to the original compilation and editorial work by Luca Valente. Underlying third-party data retain their source terms, including Coin Metrics CC BY-NC 4.0 where indicated; this export does not replace those terms."
listino,2026-10-05,/blocchi/2/tabella/righe/24/5,1.74,"CoinGecko (market value); DefiLlama (fees, revenue)","{""livelli"": ""2026-10-05"", ""somme"": ""2026-10-04""}",CC BY 4.0,https://creativecommons.org/licenses/by/4.0/,Luca Valente,"CC BY 4.0 applies to the original compilation and editorial work by Luca Valente. Underlying third-party data retain their source terms, including Coin Metrics CC BY-NC 4.0 where indicated; this export does not replace those terms."
listino,2026-10-05,/blocchi/2/tabella/righe/24/6,100.0,"CoinGecko (market value); DefiLlama (fees, revenue)","{""livelli"": ""2026-10-05"", ""somme"": ""2026-10-04""}",CC BY 4.0,https://creativecommons.org/licenses/by/4.0/,Luca Valente,"CC BY 4.0 applies to the original compilation and editorial work by Luca Valente. Underlying third-party data retain their source terms, including Coin Metrics CC BY-NC 4.0 where indicated; this export does not replace those terms."
listino,2026-10-05,/blocchi/2/tabella/righe/24/7,0.62,"CoinGecko (market value); DefiLlama (fees, revenue)","{""livelli"": ""2026-10-05"", ""somme"": ""2026-10-04""}",CC BY 4.0,https://creativecommons.org/licenses/by/4.0/,Luca Valente,"CC BY 4.0 applies to the original compilation and editorial work by Luca Valente. Underlying third-party data retain their source terms, including Coin Metrics CC BY-NC 4.0 where indicated; this export does not replace those terms."
listino,2026-10-05,/blocchi/2/tabella/righe/24/8,14.2,"CoinGecko (market value); DefiLlama (fees, revenue)","{""livelli"": ""2026-10-05"", ""somme"": ""2026-10-04""}",CC BY 4.0,https://creativecommons.org/licenses/by/4.0/,Luca Valente,"CC BY 4.0 applies to the original compilation and editorial work by Luca Valente. Underlying third-party data retain their source terms, including Coin Metrics CC BY-NC 4.0 where indicated; this export does not replace those terms."
listino,2026-10-05,/blocchi/2/tabella/righe/24/9,"""""","CoinGecko (market value); DefiLlama (fees, revenue)","{""livelli"": ""2026-10-05"", ""somme"": ""2026-10-04""}",CC BY 4.0,https://creativecommons.org/licenses/by/4.0/,Luca Valente,"CC BY 4.0 applies to the original compilation and editorial work by Luca Valente. Underlying third-party data retain their source terms, including Coin Metrics CC BY-NC 4.0 where indicated; this export does not replace those terms."
listino,2026-10-05,/blocchi/2/tabella/righe/24/10,"""""","CoinGecko (market value); DefiLlama (fees, revenue)","{""livelli"": ""2026-10-05"", ""somme"": ""2026-10-04""}",CC BY 4.0,https://creativecommons.org/licenses/by/4.0/,Luca Valente,"CC BY 4.0 applies to the original compilation and editorial work by Luca Valente. Underlying third-party data retain their source terms, including Coin Metrics CC BY-NC 4.0 where indicated; this export does not replace those terms."
listino,2026-10-05,/blocchi/2/tabella/righe/25/0,"""SSV""","CoinGecko (market value); DefiLlama (fees, revenue)","{""livelli"": ""2026-10-05"", ""somme"": ""2026-10-04""}",CC BY 4.0,https://creativecommons.org/licenses/by/4.0/,Luca Valente,"CC BY 4.0 applies to the original compilation and editorial work by Luca Valente. Underlying third-party data retain their source terms, including Coin Metrics CC BY-NC 4.0 where indicated; this export does not replace those terms."
listino,2026-10-05,/blocchi/2/tabella/righe/25/1,"""SSV Network""","CoinGecko (market value); DefiLlama (fees, revenue)","{""livelli"": ""2026-10-05"", ""somme"": ""2026-10-04""}",CC BY 4.0,https://creativecommons.org/licenses/by/4.0/,Luca Valente,"CC BY 4.0 applies to the original compilation and editorial work by Luca Valente. Underlying third-party data retain their source terms, including Coin Metrics CC BY-NC 4.0 where indicated; this export does not replace those terms."
listino,2026-10-05,/blocchi/2/tabella/righe/25/2,"""Staking pools""","CoinGecko (market value); DefiLlama (fees, revenue)","{""livelli"": ""2026-10-05"", ""somme"": ""2026-10-04""}",CC BY 4.0,https://creativecommons.org/licenses/by/4.0/,Luca Valente,"CC BY 4.0 applies to the original compilation and editorial work by Luca Valente. Underlying third-party data retain their source terms, including Coin Metrics CC BY-NC 4.0 where indicated; this export does not replace those terms."
listino,2026-10-05,/blocchi/2/tabella/righe/25/3,46099229,"CoinGecko (market value); DefiLlama (fees, revenue)","{""livelli"": ""2026-10-05"", ""somme"": ""2026-10-04""}",CC BY 4.0,https://creativecommons.org/licenses/by/4.0/,Luca Valente,"CC BY 4.0 applies to the original compilation and editorial work by Luca Valente. Underlying third-party data retain their source terms, including Coin Metrics CC BY-NC 4.0 where indicated; this export does not replace those terms."
listino,2026-10-05,/blocchi/2/tabella/righe/25/4,2449978,"CoinGecko (market value); DefiLlama (fees, revenue)","{""livelli"": ""2026-10-05"", ""somme"": ""2026-10-04""}",CC BY 4.0,https://creativecommons.org/licenses/by/4.0/,Luca Valente,"CC BY 4.0 applies to the original compilation and editorial work by Luca Valente. Underlying third-party data retain their source terms, including Coin Metrics CC BY-NC 4.0 where indicated; this export does not replace those terms."
listino,2026-10-05,/blocchi/2/tabella/righe/25/5,18.82,"CoinGecko (market value); DefiLlama (fees, revenue)","{""livelli"": ""2026-10-05"", ""somme"": ""2026-10-04""}",CC BY 4.0,https://creativecommons.org/licenses/by/4.0/,Luca Valente,"CC BY 4.0 applies to the original compilation and editorial work by Luca Valente. Underlying third-party data retain their source terms, including Coin Metrics CC BY-NC 4.0 where indicated; this export does not replace those terms."
listino,2026-10-05,/blocchi/2/tabella/righe/25/6,75.3,"CoinGecko (market value); DefiLlama (fees, revenue)","{""livelli"": ""2026-10-05"", ""somme"": ""2026-10-04""}",CC BY 4.0,https://creativecommons.org/licenses/by/4.0/,Luca Valente,"CC BY 4.0 applies to the original compilation and editorial work by Luca Valente. Underlying third-party data retain their source terms, including Coin Metrics CC BY-NC 4.0 where indicated; this export does not replace those terms."
listino,2026-10-05,/blocchi/2/tabella/righe/25/7,14.72,"CoinGecko (market value); DefiLlama (fees, revenue)","{""livelli"": ""2026-10-05"", ""somme"": ""2026-10-04""}",CC BY 4.0,https://creativecommons.org/licenses/by/4.0/,Luca Valente,"CC BY 4.0 applies to the original compilation and editorial work by Luca Valente. Underlying third-party data retain their source terms, including Coin Metrics CC BY-NC 4.0 where indicated; this export does not replace those terms."
listino,2026-10-05,/blocchi/2/tabella/righe/25/8,19.06,"CoinGecko (market value); DefiLlama (fees, revenue)","{""livelli"": ""2026-10-05"", ""somme"": ""2026-10-04""}",CC BY 4.0,https://creativecommons.org/licenses/by/4.0/,Luca Valente,"CC BY 4.0 applies to the original compilation and editorial work by Luca Valente. Underlying third-party data retain their source terms, including Coin Metrics CC BY-NC 4.0 where indicated; this export does not replace those terms."
listino,2026-10-05,/blocchi/2/tabella/righe/25/9,"""""","CoinGecko (market value); DefiLlama (fees, revenue)","{""livelli"": ""2026-10-05"", ""somme"": ""2026-10-04""}",CC BY 4.0,https://creativecommons.org/licenses/by/4.0/,Luca Valente,"CC BY 4.0 applies to the original compilation and editorial work by Luca Valente. Underlying third-party data retain their source terms, including Coin Metrics CC BY-NC 4.0 where indicated; this export does not replace those terms."
listino,2026-10-05,/blocchi/2/tabella/righe/25/10,"""""","CoinGecko (market value); DefiLlama (fees, revenue)","{""livelli"": ""2026-10-05"", ""somme"": ""2026-10-04""}",CC BY 4.0,https://creativecommons.org/licenses/by/4.0/,Luca Valente,"CC BY 4.0 applies to the original compilation and editorial work by Luca Valente. Underlying third-party data retain their source terms, including Coin Metrics CC BY-NC 4.0 where indicated; this export does not replace those terms."
listino,2026-10-05,/blocchi/2/tabella/righe/26/0,"""RPL""","CoinGecko (market value); DefiLlama (fees, revenue)","{""livelli"": ""2026-10-05"", ""somme"": ""2026-10-04""}",CC BY 4.0,https://creativecommons.org/licenses/by/4.0/,Luca Valente,"CC BY 4.0 applies to the original compilation and editorial work by Luca Valente. Underlying third-party data retain their source terms, including Coin Metrics CC BY-NC 4.0 where indicated; this export does not replace those terms."
listino,2026-10-05,/blocchi/2/tabella/righe/26/1,"""Rocket Pool""","CoinGecko (market value); DefiLlama (fees, revenue)","{""livelli"": ""2026-10-05"", ""somme"": ""2026-10-04""}",CC BY 4.0,https://creativecommons.org/licenses/by/4.0/,Luca Valente,"CC BY 4.0 applies to the original compilation and editorial work by Luca Valente. Underlying third-party data retain their source terms, including Coin Metrics CC BY-NC 4.0 where indicated; this export does not replace those terms."
listino,2026-10-05,/blocchi/2/tabella/righe/26/2,"""Liquid staking""","CoinGecko (market value); DefiLlama (fees, revenue)","{""livelli"": ""2026-10-05"", ""somme"": ""2026-10-04""}",CC BY 4.0,https://creativecommons.org/licenses/by/4.0/,Luca Valente,"CC BY 4.0 applies to the original compilation and editorial work by Luca Valente. Underlying third-party data retain their source terms, including Coin Metrics CC BY-NC 4.0 where indicated; this export does not replace those terms."
listino,2026-10-05,/blocchi/2/tabella/righe/26/3,44104444,"CoinGecko (market value); DefiLlama (fees, revenue)","{""livelli"": ""2026-10-05"", ""somme"": ""2026-10-04""}",CC BY 4.0,https://creativecommons.org/licenses/by/4.0/,Luca Valente,"CC BY 4.0 applies to the original compilation and editorial work by Luca Valente. Underlying third-party data retain their source terms, including Coin Metrics CC BY-NC 4.0 where indicated; this export does not replace those terms."
listino,2026-10-05,/blocchi/2/tabella/righe/26/4,33464286,"CoinGecko (market value); DefiLlama (fees, revenue)","{""livelli"": ""2026-10-05"", ""somme"": ""2026-10-04""}",CC BY 4.0,https://creativecommons.org/licenses/by/4.0/,Luca Valente,"CC BY 4.0 applies to the original compilation and editorial work by Luca Valente. Underlying third-party data retain their source terms, including Coin Metrics CC BY-NC 4.0 where indicated; this export does not replace those terms."
listino,2026-10-05,/blocchi/2/tabella/righe/26/5,1.32,"CoinGecko (market value); DefiLlama (fees, revenue)","{""livelli"": ""2026-10-05"", ""somme"": ""2026-10-04""}",CC BY 4.0,https://creativecommons.org/licenses/by/4.0/,Luca Valente,"CC BY 4.0 applies to the original compilation and editorial work by Luca Valente. Underlying third-party data retain their source terms, including Coin Metrics CC BY-NC 4.0 where indicated; this export does not replace those terms."
listino,2026-10-05,/blocchi/2/tabella/righe/26/6,97.8,"CoinGecko (market value); DefiLlama (fees, revenue)","{""livelli"": ""2026-10-05"", ""somme"": ""2026-10-04""}",CC BY 4.0,https://creativecommons.org/licenses/by/4.0/,Luca Valente,"CC BY 4.0 applies to the original compilation and editorial work by Luca Valente. Underlying third-party data retain their source terms, including Coin Metrics CC BY-NC 4.0 where indicated; this export does not replace those terms."
listino,2026-10-05,/blocchi/2/tabella/righe/26/7,0.89,"CoinGecko (market value); DefiLlama (fees, revenue)","{""livelli"": ""2026-10-05"", ""somme"": ""2026-10-04""}",CC BY 4.0,https://creativecommons.org/licenses/by/4.0/,Luca Valente,"CC BY 4.0 applies to the original compilation and editorial work by Luca Valente. Underlying third-party data retain their source terms, including Coin Metrics CC BY-NC 4.0 where indicated; this export does not replace those terms."
listino,2026-10-05,/blocchi/2/tabella/righe/26/8,null,"CoinGecko (market value); DefiLlama (fees, revenue)","{""livelli"": ""2026-10-05"", ""somme"": ""2026-10-04""}",CC BY 4.0,https://creativecommons.org/licenses/by/4.0/,Luca Valente,"CC BY 4.0 applies to the original compilation and editorial work by Luca Valente. Underlying third-party data retain their source terms, including Coin Metrics CC BY-NC 4.0 where indicated; this export does not replace those terms."
listino,2026-10-05,/blocchi/2/tabella/righe/26/9,"""""","CoinGecko (market value); DefiLlama (fees, revenue)","{""livelli"": ""2026-10-05"", ""somme"": ""2026-10-04""}",CC BY 4.0,https://creativecommons.org/licenses/by/4.0/,Luca Valente,"CC BY 4.0 applies to the original compilation and editorial work by Luca Valente. Underlying third-party data retain their source terms, including Coin Metrics CC BY-NC 4.0 where indicated; this export does not replace those terms."
listino,2026-10-05,/blocchi/2/tabella/righe/26/10,"""yes""","CoinGecko (market value); DefiLlama (fees, revenue)","{""livelli"": ""2026-10-05"", ""somme"": ""2026-10-04""}",CC BY 4.0,https://creativecommons.org/licenses/by/4.0/,Luca Valente,"CC BY 4.0 applies to the original compilation and editorial work by Luca Valente. Underlying third-party data retain their source terms, including Coin Metrics CC BY-NC 4.0 where indicated; this export does not replace those terms."
listino,2026-10-05,/blocchi/2/tabella/righe/27/0,"""QI""","CoinGecko (market value); DefiLlama (fees, revenue)","{""livelli"": ""2026-10-05"", ""somme"": ""2026-10-04""}",CC BY 4.0,https://creativecommons.org/licenses/by/4.0/,Luca Valente,"CC BY 4.0 applies to the original compilation and editorial work by Luca Valente. Underlying third-party data retain their source terms, including Coin Metrics CC BY-NC 4.0 where indicated; this export does not replace those terms."
listino,2026-10-05,/blocchi/2/tabella/righe/27/1,"""Benqi Staked Avax""","CoinGecko (market value); DefiLlama (fees, revenue)","{""livelli"": ""2026-10-05"", ""somme"": ""2026-10-04""}",CC BY 4.0,https://creativecommons.org/licenses/by/4.0/,Luca Valente,"CC BY 4.0 applies to the original compilation and editorial work by Luca Valente. Underlying third-party data retain their source terms, including Coin Metrics CC BY-NC 4.0 where indicated; this export does not replace those terms."
listino,2026-10-05,/blocchi/2/tabella/righe/27/2,"""Liquid staking""","CoinGecko (market value); DefiLlama (fees, revenue)","{""livelli"": ""2026-10-05"", ""somme"": ""2026-10-04""}",CC BY 4.0,https://creativecommons.org/licenses/by/4.0/,Luca Valente,"CC BY 4.0 applies to the original compilation and editorial work by Luca Valente. Underlying third-party data retain their source terms, including Coin Metrics CC BY-NC 4.0 where indicated; this export does not replace those terms."
listino,2026-10-05,/blocchi/2/tabella/righe/27/3,21778390,"CoinGecko (market value); DefiLlama (fees, revenue)","{""livelli"": ""2026-10-05"", ""somme"": ""2026-10-04""}",CC BY 4.0,https://creativecommons.org/licenses/by/4.0/,Luca Valente,"CC BY 4.0 applies to the original compilation and editorial work by Luca Valente. Underlying third-party data retain their source terms, including Coin Metrics CC BY-NC 4.0 where indicated; this export does not replace those terms."
listino,2026-10-05,/blocchi/2/tabella/righe/27/4,13503374,"CoinGecko (market value); DefiLlama (fees, revenue)","{""livelli"": ""2026-10-05"", ""somme"": ""2026-10-04""}",CC BY 4.0,https://creativecommons.org/licenses/by/4.0/,Luca Valente,"CC BY 4.0 applies to the original compilation and editorial work by Luca Valente. Underlying third-party data retain their source terms, including Coin Metrics CC BY-NC 4.0 where indicated; this export does not replace those terms."
listino,2026-10-05,/blocchi/2/tabella/righe/27/5,1.61,"CoinGecko (market value); DefiLlama (fees, revenue)","{""livelli"": ""2026-10-05"", ""somme"": ""2026-10-04""}",CC BY 4.0,https://creativecommons.org/licenses/by/4.0/,Luca Valente,"CC BY 4.0 applies to the original compilation and editorial work by Luca Valente. Underlying third-party data retain their source terms, including Coin Metrics CC BY-NC 4.0 where indicated; this export does not replace those terms."
listino,2026-10-05,/blocchi/2/tabella/righe/27/6,68.8,"CoinGecko (market value); DefiLlama (fees, revenue)","{""livelli"": ""2026-10-05"", ""somme"": ""2026-10-04""}",CC BY 4.0,https://creativecommons.org/licenses/by/4.0/,Luca Valente,"CC BY 4.0 applies to the original compilation and editorial work by Luca Valente. Underlying third-party data retain their source terms, including Coin Metrics CC BY-NC 4.0 where indicated; this export does not replace those terms."
listino,2026-10-05,/blocchi/2/tabella/righe/27/7,0.84,"CoinGecko (market value); DefiLlama (fees, revenue)","{""livelli"": ""2026-10-05"", ""somme"": ""2026-10-04""}",CC BY 4.0,https://creativecommons.org/licenses/by/4.0/,Luca Valente,"CC BY 4.0 applies to the original compilation and editorial work by Luca Valente. Underlying third-party data retain their source terms, including Coin Metrics CC BY-NC 4.0 where indicated; this export does not replace those terms."
listino,2026-10-05,/blocchi/2/tabella/righe/27/8,16.13,"CoinGecko (market value); DefiLlama (fees, revenue)","{""livelli"": ""2026-10-05"", ""somme"": ""2026-10-04""}",CC BY 4.0,https://creativecommons.org/licenses/by/4.0/,Luca Valente,"CC BY 4.0 applies to the original compilation and editorial work by Luca Valente. Underlying third-party data retain their source terms, including Coin Metrics CC BY-NC 4.0 where indicated; this export does not replace those terms."
listino,2026-10-05,/blocchi/2/tabella/righe/27/9,"""yes""","CoinGecko (market value); DefiLlama (fees, revenue)","{""livelli"": ""2026-10-05"", ""somme"": ""2026-10-04""}",CC BY 4.0,https://creativecommons.org/licenses/by/4.0/,Luca Valente,"CC BY 4.0 applies to the original compilation and editorial work by Luca Valente. Underlying third-party data retain their source terms, including Coin Metrics CC BY-NC 4.0 where indicated; this export does not replace those terms."
listino,2026-10-05,/blocchi/2/tabella/righe/27/10,"""""","CoinGecko (market value); DefiLlama (fees, revenue)","{""livelli"": ""2026-10-05"", ""somme"": ""2026-10-04""}",CC BY 4.0,https://creativecommons.org/licenses/by/4.0/,Luca Valente,"CC BY 4.0 applies to the original compilation and editorial work by Luca Valente. Underlying third-party data retain their source terms, including Coin Metrics CC BY-NC 4.0 where indicated; this export does not replace those terms."
listino,2026-10-05,/blocchi/2/tabella/righe/28/0,"""DOLO""","CoinGecko (market value); DefiLlama (fees, revenue)","{""livelli"": ""2026-10-05"", ""somme"": ""2026-10-04""}",CC BY 4.0,https://creativecommons.org/licenses/by/4.0/,Luca Valente,"CC BY 4.0 applies to the original compilation and editorial work by Luca Valente. Underlying third-party data retain their source terms, including Coin Metrics CC BY-NC 4.0 where indicated; this export does not replace those terms."
listino,2026-10-05,/blocchi/2/tabella/righe/28/1,"""Dolomite""","CoinGecko (market value); DefiLlama (fees, revenue)","{""livelli"": ""2026-10-05"", ""somme"": ""2026-10-04""}",CC BY 4.0,https://creativecommons.org/licenses/by/4.0/,Luca Valente,"CC BY 4.0 applies to the original compilation and editorial work by Luca Valente. Underlying third-party data retain their source terms, including Coin Metrics CC BY-NC 4.0 where indicated; this export does not replace those terms."
listino,2026-10-05,/blocchi/2/tabella/righe/28/2,"""Lending""","CoinGecko (market value); DefiLlama (fees, revenue)","{""livelli"": ""2026-10-05"", ""somme"": ""2026-10-04""}",CC BY 4.0,https://creativecommons.org/licenses/by/4.0/,Luca Valente,"CC BY 4.0 applies to the original compilation and editorial work by Luca Valente. Underlying third-party data retain their source terms, including Coin Metrics CC BY-NC 4.0 where indicated; this export does not replace those terms."
listino,2026-10-05,/blocchi/2/tabella/righe/28/3,15895496,"CoinGecko (market value); DefiLlama (fees, revenue)","{""livelli"": ""2026-10-05"", ""somme"": ""2026-10-04""}",CC BY 4.0,https://creativecommons.org/licenses/by/4.0/,Luca Valente,"CC BY 4.0 applies to the original compilation and editorial work by Luca Valente. Underlying third-party data retain their source terms, including Coin Metrics CC BY-NC 4.0 where indicated; this export does not replace those terms."
listino,2026-10-05,/blocchi/2/tabella/righe/28/4,11208540,"CoinGecko (market value); DefiLlama (fees, revenue)","{""livelli"": ""2026-10-05"", ""somme"": ""2026-10-04""}",CC BY 4.0,https://creativecommons.org/licenses/by/4.0/,Luca Valente,"CC BY 4.0 applies to the original compilation and editorial work by Luca Valente. Underlying third-party data retain their source terms, including Coin Metrics CC BY-NC 4.0 where indicated; this export does not replace those terms."
listino,2026-10-05,/blocchi/2/tabella/righe/28/5,1.42,"CoinGecko (market value); DefiLlama (fees, revenue)","{""livelli"": ""2026-10-05"", ""somme"": ""2026-10-04""}",CC BY 4.0,https://creativecommons.org/licenses/by/4.0/,Luca Valente,"CC BY 4.0 applies to the original compilation and editorial work by Luca Valente. Underlying third-party data retain their source terms, including Coin Metrics CC BY-NC 4.0 where indicated; this export does not replace those terms."
listino,2026-10-05,/blocchi/2/tabella/righe/28/6,36.9,"CoinGecko (market value); DefiLlama (fees, revenue)","{""livelli"": ""2026-10-05"", ""somme"": ""2026-10-04""}",CC BY 4.0,https://creativecommons.org/licenses/by/4.0/,Luca Valente,"CC BY 4.0 applies to the original compilation and editorial work by Luca Valente. Underlying third-party data retain their source terms, including Coin Metrics CC BY-NC 4.0 where indicated; this export does not replace those terms."
listino,2026-10-05,/blocchi/2/tabella/righe/28/7,1.6,"CoinGecko (market value); DefiLlama (fees, revenue)","{""livelli"": ""2026-10-05"", ""somme"": ""2026-10-04""}",CC BY 4.0,https://creativecommons.org/licenses/by/4.0/,Luca Valente,"CC BY 4.0 applies to the original compilation and editorial work by Luca Valente. Underlying third-party data retain their source terms, including Coin Metrics CC BY-NC 4.0 where indicated; this export does not replace those terms."
listino,2026-10-05,/blocchi/2/tabella/righe/28/8,7.09,"CoinGecko (market value); DefiLlama (fees, revenue)","{""livelli"": ""2026-10-05"", ""somme"": ""2026-10-04""}",CC BY 4.0,https://creativecommons.org/licenses/by/4.0/,Luca Valente,"CC BY 4.0 applies to the original compilation and editorial work by Luca Valente. Underlying third-party data retain their source terms, including Coin Metrics CC BY-NC 4.0 where indicated; this export does not replace those terms."
listino,2026-10-05,/blocchi/2/tabella/righe/28/9,"""""","CoinGecko (market value); DefiLlama (fees, revenue)","{""livelli"": ""2026-10-05"", ""somme"": ""2026-10-04""}",CC BY 4.0,https://creativecommons.org/licenses/by/4.0/,Luca Valente,"CC BY 4.0 applies to the original compilation and editorial work by Luca Valente. Underlying third-party data retain their source terms, including Coin Metrics CC BY-NC 4.0 where indicated; this export does not replace those terms."
listino,2026-10-05,/blocchi/2/tabella/righe/28/10,"""""","CoinGecko (market value); DefiLlama (fees, revenue)","{""livelli"": ""2026-10-05"", ""somme"": ""2026-10-04""}",CC BY 4.0,https://creativecommons.org/licenses/by/4.0/,Luca Valente,"CC BY 4.0 applies to the original compilation and editorial work by Luca Valente. Underlying third-party data retain their source terms, including Coin Metrics CC BY-NC 4.0 where indicated; this export does not replace those terms."
listino,2026-10-05,/blocchi/2/tabella/righe/29/0,"""COOK""","CoinGecko (market value); DefiLlama (fees, revenue)","{""livelli"": ""2026-10-05"", ""somme"": ""2026-10-04""}",CC BY 4.0,https://creativecommons.org/licenses/by/4.0/,Luca Valente,"CC BY 4.0 applies to the original compilation and editorial work by Luca Valente. Underlying third-party data retain their source terms, including Coin Metrics CC BY-NC 4.0 where indicated; this export does not replace those terms."
listino,2026-10-05,/blocchi/2/tabella/righe/29/1,"""mETH Protocol""","CoinGecko (market value); DefiLlama (fees, revenue)","{""livelli"": ""2026-10-05"", ""somme"": ""2026-10-04""}",CC BY 4.0,https://creativecommons.org/licenses/by/4.0/,Luca Valente,"CC BY 4.0 applies to the original compilation and editorial work by Luca Valente. Underlying third-party data retain their source terms, including Coin Metrics CC BY-NC 4.0 where indicated; this export does not replace those terms."
listino,2026-10-05,/blocchi/2/tabella/righe/29/2,"""Liquid staking""","CoinGecko (market value); DefiLlama (fees, revenue)","{""livelli"": ""2026-10-05"", ""somme"": ""2026-10-04""}",CC BY 4.0,https://creativecommons.org/licenses/by/4.0/,Luca Valente,"CC BY 4.0 applies to the original compilation and editorial work by Luca Valente. Underlying third-party data retain their source terms, including Coin Metrics CC BY-NC 4.0 where indicated; this export does not replace those terms."
listino,2026-10-05,/blocchi/2/tabella/righe/29/3,1961904,"CoinGecko (market value); DefiLlama (fees, revenue)","{""livelli"": ""2026-10-05"", ""somme"": ""2026-10-04""}",CC BY 4.0,https://creativecommons.org/licenses/by/4.0/,Luca Valente,"CC BY 4.0 applies to the original compilation and editorial work by Luca Valente. Underlying third-party data retain their source terms, including Coin Metrics CC BY-NC 4.0 where indicated; this export does not replace those terms."
listino,2026-10-05,/blocchi/2/tabella/righe/29/4,16758073,"CoinGecko (market value); DefiLlama (fees, revenue)","{""livelli"": ""2026-10-05"", ""somme"": ""2026-10-04""}",CC BY 4.0,https://creativecommons.org/licenses/by/4.0/,Luca Valente,"CC BY 4.0 applies to the original compilation and editorial work by Luca Valente. Underlying third-party data retain their source terms, including Coin Metrics CC BY-NC 4.0 where indicated; this export does not replace those terms."
listino,2026-10-05,/blocchi/2/tabella/righe/29/5,0.12,"CoinGecko (market value); DefiLlama (fees, revenue)","{""livelli"": ""2026-10-05"", ""somme"": ""2026-10-04""}",CC BY 4.0,https://creativecommons.org/licenses/by/4.0/,Luca Valente,"CC BY 4.0 applies to the original compilation and editorial work by Luca Valente. Underlying third-party data retain their source terms, including Coin Metrics CC BY-NC 4.0 where indicated; this export does not replace those terms."
listino,2026-10-05,/blocchi/2/tabella/righe/29/6,67.1,"CoinGecko (market value); DefiLlama (fees, revenue)","{""livelli"": ""2026-10-05"", ""somme"": ""2026-10-04""}",CC BY 4.0,https://creativecommons.org/licenses/by/4.0/,Luca Valente,"CC BY 4.0 applies to the original compilation and editorial work by Luca Valente. Underlying third-party data retain their source terms, including Coin Metrics CC BY-NC 4.0 where indicated; this export does not replace those terms."
listino,2026-10-05,/blocchi/2/tabella/righe/29/7,0.11,"CoinGecko (market value); DefiLlama (fees, revenue)","{""livelli"": ""2026-10-05"", ""somme"": ""2026-10-04""}",CC BY 4.0,https://creativecommons.org/licenses/by/4.0/,Luca Valente,"CC BY 4.0 applies to the original compilation and editorial work by Luca Valente. Underlying third-party data retain their source terms, including Coin Metrics CC BY-NC 4.0 where indicated; this export does not replace those terms."
listino,2026-10-05,/blocchi/2/tabella/righe/29/8,1.17,"CoinGecko (market value); DefiLlama (fees, revenue)","{""livelli"": ""2026-10-05"", ""somme"": ""2026-10-04""}",CC BY 4.0,https://creativecommons.org/licenses/by/4.0/,Luca Valente,"CC BY 4.0 applies to the original compilation and editorial work by Luca Valente. Underlying third-party data retain their source terms, including Coin Metrics CC BY-NC 4.0 where indicated; this export does not replace those terms."
listino,2026-10-05,/blocchi/2/tabella/righe/29/9,"""""","CoinGecko (market value); DefiLlama (fees, revenue)","{""livelli"": ""2026-10-05"", ""somme"": ""2026-10-04""}",CC BY 4.0,https://creativecommons.org/licenses/by/4.0/,Luca Valente,"CC BY 4.0 applies to the original compilation and editorial work by Luca Valente. Underlying third-party data retain their source terms, including Coin Metrics CC BY-NC 4.0 where indicated; this export does not replace those terms."
listino,2026-10-05,/blocchi/2/tabella/righe/29/10,"""""","CoinGecko (market value); DefiLlama (fees, revenue)","{""livelli"": ""2026-10-05"", ""somme"": ""2026-10-04""}",CC BY 4.0,https://creativecommons.org/licenses/by/4.0/,Luca Valente,"CC BY 4.0 applies to the original compilation and editorial work by Luca Valente. Underlying third-party data retain their source terms, including Coin Metrics CC BY-NC 4.0 where indicated; this export does not replace those terms."
listino,2026-10-05,/blocchi/2/nota,"""one row per token; 'partial coverage' = the token's family has fee-earning products outside the public list, or more than one fee series for the same token: coverage is incomplete or ambiguous and the multiple is not directly comparable; these rows are left out of medians and sentences""","CoinGecko (market value); DefiLlama (fees, revenue)","{""livelli"": ""2026-10-05"", ""somme"": ""2026-10-04""}",CC BY 4.0,https://creativecommons.org/licenses/by/4.0/,Luca Valente,"CC BY 4.0 applies to the original compilation and editorial work by Luca Valente. Underlying third-party data retain their source terms, including Coin Metrics CC BY-NC 4.0 where indicated; this export does not replace those terms."
listino,2026-10-05,/righe/0/token,"""hyperliquid""","CoinGecko (market value); DefiLlama (fees, revenue)","{""livelli"": ""2026-10-05"", ""somme"": ""2026-10-04""}",CC BY 4.0,https://creativecommons.org/licenses/by/4.0/,Luca Valente,"CC BY 4.0 applies to the original compilation and editorial work by Luca Valente. Underlying third-party data retain their source terms, including Coin Metrics CC BY-NC 4.0 where indicated; this export does not replace those terms."
listino,2026-10-05,/righe/0/coingecko_id,"""hyperliquid""","CoinGecko (market value); DefiLlama (fees, revenue)","{""livelli"": ""2026-10-05"", ""somme"": ""2026-10-04""}",CC BY 4.0,https://creativecommons.org/licenses/by/4.0/,Luca Valente,"CC BY 4.0 applies to the original compilation and editorial work by Luca Valente. Underlying third-party data retain their source terms, including Coin Metrics CC BY-NC 4.0 where indicated; this export does not replace those terms."
listino,2026-10-05,/righe/0/nome,"""Hyperliquid""","CoinGecko (market value); DefiLlama (fees, revenue)","{""livelli"": ""2026-10-05"", ""somme"": ""2026-10-04""}",CC BY 4.0,https://creativecommons.org/licenses/by/4.0/,Luca Valente,"CC BY 4.0 applies to the original compilation and editorial work by Luca Valente. Underlying third-party data retain their source terms, including Coin Metrics CC BY-NC 4.0 where indicated; this export does not replace those terms."
listino,2026-10-05,/righe/0/settore,"""Derivatives""","CoinGecko (market value); DefiLlama (fees, revenue)","{""livelli"": ""2026-10-05"", ""somme"": ""2026-10-04""}",CC BY 4.0,https://creativecommons.org/licenses/by/4.0/,Luca Valente,"CC BY 4.0 applies to the original compilation and editorial work by Luca Valente. Underlying third-party data retain their source terms, including Coin Metrics CC BY-NC 4.0 where indicated; this export does not replace those terms."
listino,2026-10-05,/righe/0/entita/0,"""hyperliquid""","CoinGecko (market value); DefiLlama (fees, revenue)","{""livelli"": ""2026-10-05"", ""somme"": ""2026-10-04""}",CC BY 4.0,https://creativecommons.org/licenses/by/4.0/,Luca Valente,"CC BY 4.0 applies to the original compilation and editorial work by Luca Valente. Underlying third-party data retain their source terms, including Coin Metrics CC BY-NC 4.0 where indicated; this export does not replace those terms."
listino,2026-10-05,/righe/0/capitalizzazione_usd,20134955845,"CoinGecko (market value); DefiLlama (fees, revenue)","{""livelli"": ""2026-10-05"", ""somme"": ""2026-10-04""}",CC BY 4.0,https://creativecommons.org/licenses/by/4.0/,Luca Valente,"CC BY 4.0 applies to the original compilation and editorial work by Luca Valente. Underlying third-party data retain their source terms, including Coin Metrics CC BY-NC 4.0 where indicated; this export does not replace those terms."
listino,2026-10-05,/righe/0/commissioni_365g_usd,933951984,"CoinGecko (market value); DefiLlama (fees, revenue)","{""livelli"": ""2026-10-05"", ""somme"": ""2026-10-04""}",CC BY 4.0,https://creativecommons.org/licenses/by/4.0/,Luca Valente,"CC BY 4.0 applies to the original compilation and editorial work by Luca Valente. Underlying third-party data retain their source terms, including Coin Metrics CC BY-NC 4.0 where indicated; this export does not replace those terms."
listino,2026-10-05,/righe/0/ricavi_365g_usd,710812265,"CoinGecko (market value); DefiLlama (fees, revenue)","{""livelli"": ""2026-10-05"", ""somme"": ""2026-10-04""}",CC BY 4.0,https://creativecommons.org/licenses/by/4.0/,Luca Valente,"CC BY 4.0 applies to the original compilation and editorial work by Luca Valente. Underlying third-party data retain their source terms, including Coin Metrics CC BY-NC 4.0 where indicated; this export does not replace those terms."
listino,2026-10-05,/righe/0/prezzo_su_commissioni,21.56,"CoinGecko (market value); DefiLlama (fees, revenue)","{""livelli"": ""2026-10-05"", ""somme"": ""2026-10-04""}",CC BY 4.0,https://creativecommons.org/licenses/by/4.0/,Luca Valente,"CC BY 4.0 applies to the original compilation and editorial work by Luca Valente. Underlying third-party data retain their source terms, including Coin Metrics CC BY-NC 4.0 where indicated; this export does not replace those terms."
listino,2026-10-05,/righe/0/percentile_1a,96.6,"CoinGecko (market value); DefiLlama (fees, revenue)","{""livelli"": ""2026-10-05"", ""somme"": ""2026-10-04""}",CC BY 4.0,https://creativecommons.org/licenses/by/4.0/,Luca Valente,"CC BY 4.0 applies to the original compilation and editorial work by Luca Valente. Underlying third-party data retain their source terms, including Coin Metrics CC BY-NC 4.0 where indicated; this export does not replace those terms."
listino,2026-10-05,/righe/0/mediana_1a,9.52,"CoinGecko (market value); DefiLlama (fees, revenue)","{""livelli"": ""2026-10-05"", ""somme"": ""2026-10-04""}",CC BY 4.0,https://creativecommons.org/licenses/by/4.0/,Luca Valente,"CC BY 4.0 applies to the original compilation and editorial work by Luca Valente. Underlying third-party data retain their source terms, including Coin Metrics CC BY-NC 4.0 where indicated; this export does not replace those terms."
listino,2026-10-05,/righe/0/prezzo_su_ricavi,28.33,"CoinGecko (market value); DefiLlama (fees, revenue)","{""livelli"": ""2026-10-05"", ""somme"": ""2026-10-04""}",CC BY 4.0,https://creativecommons.org/licenses/by/4.0/,Luca Valente,"CC BY 4.0 applies to the original compilation and editorial work by Luca Valente. Underlying third-party data retain their source terms, including Coin Metrics CC BY-NC 4.0 where indicated; this export does not replace those terms."
listino,2026-10-05,/righe/0/percentile_ricavi_1a,96.6,"CoinGecko (market value); DefiLlama (fees, revenue)","{""livelli"": ""2026-10-05"", ""somme"": ""2026-10-04""}",CC BY 4.0,https://creativecommons.org/licenses/by/4.0/,Luca Valente,"CC BY 4.0 applies to the original compilation and editorial work by Luca Valente. Underlying third-party data retain their source terms, including Coin Metrics CC BY-NC 4.0 where indicated; this export does not replace those terms."
listino,2026-10-05,/righe/0/giorni_di_multiplo,319,"CoinGecko (market value); DefiLlama (fees, revenue)","{""livelli"": ""2026-10-05"", ""somme"": ""2026-10-04""}",CC BY 4.0,https://creativecommons.org/licenses/by/4.0/,Luca Valente,"CC BY 4.0 applies to the original compilation and editorial work by Luca Valente. Underlying third-party data retain their source terms, including Coin Metrics CC BY-NC 4.0 where indicated; this export does not replace those terms."
listino,2026-10-05,/righe/0/copertura_parziale,true,"CoinGecko (market value); DefiLlama (fees, revenue)","{""livelli"": ""2026-10-05"", ""somme"": ""2026-10-04""}",CC BY 4.0,https://creativecommons.org/licenses/by/4.0/,Luca Valente,"CC BY 4.0 applies to the original compilation and editorial work by Luca Valente. Underlying third-party data retain their source terms, including Coin Metrics CC BY-NC 4.0 where indicated; this export does not replace those terms."
listino,2026-10-05,/righe/0/prodotti_fuori_universo,2,"CoinGecko (market value); DefiLlama (fees, revenue)","{""livelli"": ""2026-10-05"", ""somme"": ""2026-10-04""}",CC BY 4.0,https://creativecommons.org/licenses/by/4.0/,Luca Valente,"CC BY 4.0 applies to the original compilation and editorial work by Luca Valente. Underlying third-party data retain their source terms, including Coin Metrics CC BY-NC 4.0 where indicated; this export does not replace those terms."
listino,2026-10-05,/righe/0/voci_dello_stesso_token,1,"CoinGecko (market value); DefiLlama (fees, revenue)","{""livelli"": ""2026-10-05"", ""somme"": ""2026-10-04""}",CC BY 4.0,https://creativecommons.org/licenses/by/4.0/,Luca Valente,"CC BY 4.0 applies to the original compilation and editorial work by Luca Valente. Underlying third-party data retain their source terms, including Coin Metrics CC BY-NC 4.0 where indicated; this export does not replace those terms."
listino,2026-10-05,/righe/0/commissioni_sono_ricompense,false,"CoinGecko (market value); DefiLlama (fees, revenue)","{""livelli"": ""2026-10-05"", ""somme"": ""2026-10-04""}",CC BY 4.0,https://creativecommons.org/licenses/by/4.0/,Luca Valente,"CC BY 4.0 applies to the original compilation and editorial work by Luca Valente. Underlying third-party data retain their source terms, including Coin Metrics CC BY-NC 4.0 where indicated; this export does not replace those terms."
listino,2026-10-05,/righe/1/token,"""UNI""","CoinGecko (market value); DefiLlama (fees, revenue)","{""livelli"": ""2026-10-05"", ""somme"": ""2026-10-04""}",CC BY 4.0,https://creativecommons.org/licenses/by/4.0/,Luca Valente,"CC BY 4.0 applies to the original compilation and editorial work by Luca Valente. Underlying third-party data retain their source terms, including Coin Metrics CC BY-NC 4.0 where indicated; this export does not replace those terms."
listino,2026-10-05,/righe/1/coingecko_id,"""uniswap""","CoinGecko (market value); DefiLlama (fees, revenue)","{""livelli"": ""2026-10-05"", ""somme"": ""2026-10-04""}",CC BY 4.0,https://creativecommons.org/licenses/by/4.0/,Luca Valente,"CC BY 4.0 applies to the original compilation and editorial work by Luca Valente. Underlying third-party data retain their source terms, including Coin Metrics CC BY-NC 4.0 where indicated; this export does not replace those terms."
listino,2026-10-05,/righe/1/nome,"""Uniswap V3""","CoinGecko (market value); DefiLlama (fees, revenue)","{""livelli"": ""2026-10-05"", ""somme"": ""2026-10-04""}",CC BY 4.0,https://creativecommons.org/licenses/by/4.0/,Luca Valente,"CC BY 4.0 applies to the original compilation and editorial work by Luca Valente. Underlying third-party data retain their source terms, including Coin Metrics CC BY-NC 4.0 where indicated; this export does not replace those terms."
listino,2026-10-05,/righe/1/settore,"""DEXs""","CoinGecko (market value); DefiLlama (fees, revenue)","{""livelli"": ""2026-10-05"", ""somme"": ""2026-10-04""}",CC BY 4.0,https://creativecommons.org/licenses/by/4.0/,Luca Valente,"CC BY 4.0 applies to the original compilation and editorial work by Luca Valente. Underlying third-party data retain their source terms, including Coin Metrics CC BY-NC 4.0 where indicated; this export does not replace those terms."
listino,2026-10-05,/righe/1/entita/0,"""uniswap""","CoinGecko (market value); DefiLlama (fees, revenue)","{""livelli"": ""2026-10-05"", ""somme"": ""2026-10-04""}",CC BY 4.0,https://creativecommons.org/licenses/by/4.0/,Luca Valente,"CC BY 4.0 applies to the original compilation and editorial work by Luca Valente. Underlying third-party data retain their source terms, including Coin Metrics CC BY-NC 4.0 where indicated; this export does not replace those terms."
listino,2026-10-05,/righe/1/capitalizzazione_usd,5674854354,"CoinGecko (market value); DefiLlama (fees, revenue)","{""livelli"": ""2026-10-05"", ""somme"": ""2026-10-04""}",CC BY 4.0,https://creativecommons.org/licenses/by/4.0/,Luca Valente,"CC BY 4.0 applies to the original compilation and editorial work by Luca Valente. Underlying third-party data retain their source terms, including Coin Metrics CC BY-NC 4.0 where indicated; this export does not replace those terms."
listino,2026-10-05,/righe/1/commissioni_365g_usd,490268655,"CoinGecko (market value); DefiLlama (fees, revenue)","{""livelli"": ""2026-10-05"", ""somme"": ""2026-10-04""}",CC BY 4.0,https://creativecommons.org/licenses/by/4.0/,Luca Valente,"CC BY 4.0 applies to the original compilation and editorial work by Luca Valente. Underlying third-party data retain their source terms, including Coin Metrics CC BY-NC 4.0 where indicated; this export does not replace those terms."
listino,2026-10-05,/righe/1/ricavi_365g_usd,53679274,"CoinGecko (market value); DefiLlama (fees, revenue)","{""livelli"": ""2026-10-05"", ""somme"": ""2026-10-04""}",CC BY 4.0,https://creativecommons.org/licenses/by/4.0/,Luca Valente,"CC BY 4.0 applies to the original compilation and editorial work by Luca Valente. Underlying third-party data retain their source terms, including Coin Metrics CC BY-NC 4.0 where indicated; this export does not replace those terms."
listino,2026-10-05,/righe/1/prezzo_su_commissioni,11.57,"CoinGecko (market value); DefiLlama (fees, revenue)","{""livelli"": ""2026-10-05"", ""somme"": ""2026-10-04""}",CC BY 4.0,https://creativecommons.org/licenses/by/4.0/,Luca Valente,"CC BY 4.0 applies to the original compilation and editorial work by Luca Valente. Underlying third-party data retain their source terms, including Coin Metrics CC BY-NC 4.0 where indicated; this export does not replace those terms."
listino,2026-10-05,/righe/1/percentile_1a,98.9,"CoinGecko (market value); DefiLlama (fees, revenue)","{""livelli"": ""2026-10-05"", ""somme"": ""2026-10-04""}",CC BY 4.0,https://creativecommons.org/licenses/by/4.0/,Luca Valente,"CC BY 4.0 applies to the original compilation and editorial work by Luca Valente. Underlying third-party data retain their source terms, including Coin Metrics CC BY-NC 4.0 where indicated; this export does not replace those terms."
listino,2026-10-05,/righe/1/mediana_1a,4.3,"CoinGecko (market value); DefiLlama (fees, revenue)","{""livelli"": ""2026-10-05"", ""somme"": ""2026-10-04""}",CC BY 4.0,https://creativecommons.org/licenses/by/4.0/,Luca Valente,"CC BY 4.0 applies to the original compilation and editorial work by Luca Valente. Underlying third-party data retain their source terms, including Coin Metrics CC BY-NC 4.0 where indicated; this export does not replace those terms."
listino,2026-10-05,/righe/1/prezzo_su_ricavi,105.72,"CoinGecko (market value); DefiLlama (fees, revenue)","{""livelli"": ""2026-10-05"", ""somme"": ""2026-10-04""}",CC BY 4.0,https://creativecommons.org/licenses/by/4.0/,Luca Valente,"CC BY 4.0 applies to the original compilation and editorial work by Luca Valente. Underlying third-party data retain their source terms, including Coin Metrics CC BY-NC 4.0 where indicated; this export does not replace those terms."
listino,2026-10-05,/righe/1/percentile_ricavi_1a,58.8,"CoinGecko (market value); DefiLlama (fees, revenue)","{""livelli"": ""2026-10-05"", ""somme"": ""2026-10-04""}",CC BY 4.0,https://creativecommons.org/licenses/by/4.0/,Luca Valente,"CC BY 4.0 applies to the original compilation and editorial work by Luca Valente. Underlying third-party data retain their source terms, including Coin Metrics CC BY-NC 4.0 where indicated; this export does not replace those terms."
listino,2026-10-05,/righe/1/giorni_di_multiplo,365,"CoinGecko (market value); DefiLlama (fees, revenue)","{""livelli"": ""2026-10-05"", ""somme"": ""2026-10-04""}",CC BY 4.0,https://creativecommons.org/licenses/by/4.0/,Luca Valente,"CC BY 4.0 applies to the original compilation and editorial work by Luca Valente. Underlying third-party data retain their source terms, including Coin Metrics CC BY-NC 4.0 where indicated; this export does not replace those terms."
listino,2026-10-05,/righe/1/copertura_parziale,true,"CoinGecko (market value); DefiLlama (fees, revenue)","{""livelli"": ""2026-10-05"", ""somme"": ""2026-10-04""}",CC BY 4.0,https://creativecommons.org/licenses/by/4.0/,Luca Valente,"CC BY 4.0 applies to the original compilation and editorial work by Luca Valente. Underlying third-party data retain their source terms, including Coin Metrics CC BY-NC 4.0 where indicated; this export does not replace those terms."
listino,2026-10-05,/righe/1/prodotti_fuori_universo,1,"CoinGecko (market value); DefiLlama (fees, revenue)","{""livelli"": ""2026-10-05"", ""somme"": ""2026-10-04""}",CC BY 4.0,https://creativecommons.org/licenses/by/4.0/,Luca Valente,"CC BY 4.0 applies to the original compilation and editorial work by Luca Valente. Underlying third-party data retain their source terms, including Coin Metrics CC BY-NC 4.0 where indicated; this export does not replace those terms."
listino,2026-10-05,/righe/1/voci_dello_stesso_token,2,"CoinGecko (market value); DefiLlama (fees, revenue)","{""livelli"": ""2026-10-05"", ""somme"": ""2026-10-04""}",CC BY 4.0,https://creativecommons.org/licenses/by/4.0/,Luca Valente,"CC BY 4.0 applies to the original compilation and editorial work by Luca Valente. Underlying third-party data retain their source terms, including Coin Metrics CC BY-NC 4.0 where indicated; this export does not replace those terms."
listino,2026-10-05,/righe/1/commissioni_sono_ricompense,false,"CoinGecko (market value); DefiLlama (fees, revenue)","{""livelli"": ""2026-10-05"", ""somme"": ""2026-10-04""}",CC BY 4.0,https://creativecommons.org/licenses/by/4.0/,Luca Valente,"CC BY 4.0 applies to the original compilation and editorial work by Luca Valente. Underlying third-party data retain their source terms, including Coin Metrics CC BY-NC 4.0 where indicated; this export does not replace those terms."
listino,2026-10-05,/righe/2/token,"""ENA""","CoinGecko (market value); DefiLlama (fees, revenue)","{""livelli"": ""2026-10-05"", ""somme"": ""2026-10-04""}",CC BY 4.0,https://creativecommons.org/licenses/by/4.0/,Luca Valente,"CC BY 4.0 applies to the original compilation and editorial work by Luca Valente. Underlying third-party data retain their source terms, including Coin Metrics CC BY-NC 4.0 where indicated; this export does not replace those terms."
listino,2026-10-05,/righe/2/coingecko_id,"""ethena-usde""","CoinGecko (market value); DefiLlama (fees, revenue)","{""livelli"": ""2026-10-05"", ""somme"": ""2026-10-04""}",CC BY 4.0,https://creativecommons.org/licenses/by/4.0/,Luca Valente,"CC BY 4.0 applies to the original compilation and editorial work by Luca Valente. Underlying third-party data retain their source terms, including Coin Metrics CC BY-NC 4.0 where indicated; this export does not replace those terms."
listino,2026-10-05,/righe/2/nome,"""Ethena USDe""","CoinGecko (market value); DefiLlama (fees, revenue)","{""livelli"": ""2026-10-05"", ""somme"": ""2026-10-04""}",CC BY 4.0,https://creativecommons.org/licenses/by/4.0/,Luca Valente,"CC BY 4.0 applies to the original compilation and editorial work by Luca Valente. Underlying third-party data retain their source terms, including Coin Metrics CC BY-NC 4.0 where indicated; this export does not replace those terms."
listino,2026-10-05,/righe/2/settore,"""Basis trading""","CoinGecko (market value); DefiLlama (fees, revenue)","{""livelli"": ""2026-10-05"", ""somme"": ""2026-10-04""}",CC BY 4.0,https://creativecommons.org/licenses/by/4.0/,Luca Valente,"CC BY 4.0 applies to the original compilation and editorial work by Luca Valente. Underlying third-party data retain their source terms, including Coin Metrics CC BY-NC 4.0 where indicated; this export does not replace those terms."
listino,2026-10-05,/righe/2/entita/0,"""ethena-usde""","CoinGecko (market value); DefiLlama (fees, revenue)","{""livelli"": ""2026-10-05"", ""somme"": ""2026-10-04""}",CC BY 4.0,https://creativecommons.org/licenses/by/4.0/,Luca Valente,"CC BY 4.0 applies to the original compilation and editorial work by Luca Valente. Underlying third-party data retain their source terms, including Coin Metrics CC BY-NC 4.0 where indicated; this export does not replace those terms."
listino,2026-10-05,/righe/2/capitalizzazione_usd,4910971077,"CoinGecko (market value); DefiLlama (fees, revenue)","{""livelli"": ""2026-10-05"", ""somme"": ""2026-10-04""}",CC BY 4.0,https://creativecommons.org/licenses/by/4.0/,Luca Valente,"CC BY 4.0 applies to the original compilation and editorial work by Luca Valente. Underlying third-party data retain their source terms, including Coin Metrics CC BY-NC 4.0 where indicated; this export does not replace those terms."
listino,2026-10-05,/righe/2/commissioni_365g_usd,257948573,"CoinGecko (market value); DefiLlama (fees, revenue)","{""livelli"": ""2026-10-05"", ""somme"": ""2026-10-04""}",CC BY 4.0,https://creativecommons.org/licenses/by/4.0/,Luca Valente,"CC BY 4.0 applies to the original compilation and editorial work by Luca Valente. Underlying third-party data retain their source terms, including Coin Metrics CC BY-NC 4.0 where indicated; this export does not replace those terms."
listino,2026-10-05,/righe/2/ricavi_365g_usd,2024047,"CoinGecko (market value); DefiLlama (fees, revenue)","{""livelli"": ""2026-10-05"", ""somme"": ""2026-10-04""}",CC BY 4.0,https://creativecommons.org/licenses/by/4.0/,Luca Valente,"CC BY 4.0 applies to the original compilation and editorial work by Luca Valente. Underlying third-party data retain their source terms, including Coin Metrics CC BY-NC 4.0 where indicated; this export does not replace those terms."
listino,2026-10-05,/righe/2/prezzo_su_commissioni,19.04,"CoinGecko (market value); DefiLlama (fees, revenue)","{""livelli"": ""2026-10-05"", ""somme"": ""2026-10-04""}",CC BY 4.0,https://creativecommons.org/licenses/by/4.0/,Luca Valente,"CC BY 4.0 applies to the original compilation and editorial work by Luca Valente. Underlying third-party data retain their source terms, including Coin Metrics CC BY-NC 4.0 where indicated; this export does not replace those terms."
listino,2026-10-05,/righe/2/percentile_1a,90.7,"CoinGecko (market value); DefiLlama (fees, revenue)","{""livelli"": ""2026-10-05"", ""somme"": ""2026-10-04""}",CC BY 4.0,https://creativecommons.org/licenses/by/4.0/,Luca Valente,"CC BY 4.0 applies to the original compilation and editorial work by Luca Valente. Underlying third-party data retain their source terms, including Coin Metrics CC BY-NC 4.0 where indicated; this export does not replace those terms."
listino,2026-10-05,/righe/2/mediana_1a,16.28,"CoinGecko (market value); DefiLlama (fees, revenue)","{""livelli"": ""2026-10-05"", ""somme"": ""2026-10-04""}",CC BY 4.0,https://creativecommons.org/licenses/by/4.0/,Luca Valente,"CC BY 4.0 applies to the original compilation and editorial work by Luca Valente. Underlying third-party data retain their source terms, including Coin Metrics CC BY-NC 4.0 where indicated; this export does not replace those terms."
listino,2026-10-05,/righe/2/prezzo_su_ricavi,2426.31,"CoinGecko (market value); DefiLlama (fees, revenue)","{""livelli"": ""2026-10-05"", ""somme"": ""2026-10-04""}",CC BY 4.0,https://creativecommons.org/licenses/by/4.0/,Luca Valente,"CC BY 4.0 applies to the original compilation and editorial work by Luca Valente. Underlying third-party data retain their source terms, including Coin Metrics CC BY-NC 4.0 where indicated; this export does not replace those terms."
listino,2026-10-05,/righe/2/percentile_ricavi_1a,100.0,"CoinGecko (market value); DefiLlama (fees, revenue)","{""livelli"": ""2026-10-05"", ""somme"": ""2026-10-04""}",CC BY 4.0,https://creativecommons.org/licenses/by/4.0/,Luca Valente,"CC BY 4.0 applies to the original compilation and editorial work by Luca Valente. Underlying third-party data retain their source terms, including Coin Metrics CC BY-NC 4.0 where indicated; this export does not replace those terms."
listino,2026-10-05,/righe/2/giorni_di_multiplo,365,"CoinGecko (market value); DefiLlama (fees, revenue)","{""livelli"": ""2026-10-05"", ""somme"": ""2026-10-04""}",CC BY 4.0,https://creativecommons.org/licenses/by/4.0/,Luca Valente,"CC BY 4.0 applies to the original compilation and editorial work by Luca Valente. Underlying third-party data retain their source terms, including Coin Metrics CC BY-NC 4.0 where indicated; this export does not replace those terms."
listino,2026-10-05,/righe/2/copertura_parziale,false,"CoinGecko (market value); DefiLlama (fees, revenue)","{""livelli"": ""2026-10-05"", ""somme"": ""2026-10-04""}",CC BY 4.0,https://creativecommons.org/licenses/by/4.0/,Luca Valente,"CC BY 4.0 applies to the original compilation and editorial work by Luca Valente. Underlying third-party data retain their source terms, including Coin Metrics CC BY-NC 4.0 where indicated; this export does not replace those terms."
listino,2026-10-05,/righe/2/prodotti_fuori_universo,0,"CoinGecko (market value); DefiLlama (fees, revenue)","{""livelli"": ""2026-10-05"", ""somme"": ""2026-10-04""}",CC BY 4.0,https://creativecommons.org/licenses/by/4.0/,Luca Valente,"CC BY 4.0 applies to the original compilation and editorial work by Luca Valente. Underlying third-party data retain their source terms, including Coin Metrics CC BY-NC 4.0 where indicated; this export does not replace those terms."
listino,2026-10-05,/righe/2/voci_dello_stesso_token,1,"CoinGecko (market value); DefiLlama (fees, revenue)","{""livelli"": ""2026-10-05"", ""somme"": ""2026-10-04""}",CC BY 4.0,https://creativecommons.org/licenses/by/4.0/,Luca Valente,"CC BY 4.0 applies to the original compilation and editorial work by Luca Valente. Underlying third-party data retain their source terms, including Coin Metrics CC BY-NC 4.0 where indicated; this export does not replace those terms."
listino,2026-10-05,/righe/2/commissioni_sono_ricompense,false,"CoinGecko (market value); DefiLlama (fees, revenue)","{""livelli"": ""2026-10-05"", ""somme"": ""2026-10-04""}",CC BY 4.0,https://creativecommons.org/licenses/by/4.0/,Luca Valente,"CC BY 4.0 applies to the original compilation and editorial work by Luca Valente. Underlying third-party data retain their source terms, including Coin Metrics CC BY-NC 4.0 where indicated; this export does not replace those terms."
listino,2026-10-05,/righe/3/token,"""pump-fun""","CoinGecko (market value); DefiLlama (fees, revenue)","{""livelli"": ""2026-10-05"", ""somme"": ""2026-10-04""}",CC BY 4.0,https://creativecommons.org/licenses/by/4.0/,Luca Valente,"CC BY 4.0 applies to the original compilation and editorial work by Luca Valente. Underlying third-party data retain their source terms, including Coin Metrics CC BY-NC 4.0 where indicated; this export does not replace those terms."
listino,2026-10-05,/righe/3/coingecko_id,"""pump-fun""","CoinGecko (market value); DefiLlama (fees, revenue)","{""livelli"": ""2026-10-05"", ""somme"": ""2026-10-04""}",CC BY 4.0,https://creativecommons.org/licenses/by/4.0/,Luca Valente,"CC BY 4.0 applies to the original compilation and editorial work by Luca Valente. Underlying third-party data retain their source terms, including Coin Metrics CC BY-NC 4.0 where indicated; this export does not replace those terms."
listino,2026-10-05,/righe/3/nome,"""Pump.fun""","CoinGecko (market value); DefiLlama (fees, revenue)","{""livelli"": ""2026-10-05"", ""somme"": ""2026-10-04""}",CC BY 4.0,https://creativecommons.org/licenses/by/4.0/,Luca Valente,"CC BY 4.0 applies to the original compilation and editorial work by Luca Valente. Underlying third-party data retain their source terms, including Coin Metrics CC BY-NC 4.0 where indicated; this export does not replace those terms."
listino,2026-10-05,/righe/3/settore,"""Launchpad""","CoinGecko (market value); DefiLlama (fees, revenue)","{""livelli"": ""2026-10-05"", ""somme"": ""2026-10-04""}",CC BY 4.0,https://creativecommons.org/licenses/by/4.0/,Luca Valente,"CC BY 4.0 applies to the original compilation and editorial work by Luca Valente. Underlying third-party data retain their source terms, including Coin Metrics CC BY-NC 4.0 where indicated; this export does not replace those terms."
listino,2026-10-05,/righe/3/entita/0,"""pump-fun""","CoinGecko (market value); DefiLlama (fees, revenue)","{""livelli"": ""2026-10-05"", ""somme"": ""2026-10-04""}",CC BY 4.0,https://creativecommons.org/licenses/by/4.0/,Luca Valente,"CC BY 4.0 applies to the original compilation and editorial work by Luca Valente. Underlying third-party data retain their source terms, including Coin Metrics CC BY-NC 4.0 where indicated; this export does not replace those terms."
listino,2026-10-05,/righe/3/capitalizzazione_usd,3027288013,"CoinGecko (market value); DefiLlama (fees, revenue)","{""livelli"": ""2026-10-05"", ""somme"": ""2026-10-04""}",CC BY 4.0,https://creativecommons.org/licenses/by/4.0/,Luca Valente,"CC BY 4.0 applies to the original compilation and editorial work by Luca Valente. Underlying third-party data retain their source terms, including Coin Metrics CC BY-NC 4.0 where indicated; this export does not replace those terms."
listino,2026-10-05,/righe/3/commissioni_365g_usd,1169921014,"CoinGecko (market value); DefiLlama (fees, revenue)","{""livelli"": ""2026-10-05"", ""somme"": ""2026-10-04""}",CC BY 4.0,https://creativecommons.org/licenses/by/4.0/,Luca Valente,"CC BY 4.0 applies to the original compilation and editorial work by Luca Valente. Underlying third-party data retain their source terms, including Coin Metrics CC BY-NC 4.0 where indicated; this export does not replace those terms."
listino,2026-10-05,/righe/3/ricavi_365g_usd,469357945,"CoinGecko (market value); DefiLlama (fees, revenue)","{""livelli"": ""2026-10-05"", ""somme"": ""2026-10-04""}",CC BY 4.0,https://creativecommons.org/licenses/by/4.0/,Luca Valente,"CC BY 4.0 applies to the original compilation and editorial work by Luca Valente. Underlying third-party data retain their source terms, including Coin Metrics CC BY-NC 4.0 where indicated; this export does not replace those terms."
listino,2026-10-05,/righe/3/prezzo_su_commissioni,2.59,"CoinGecko (market value); DefiLlama (fees, revenue)","{""livelli"": ""2026-10-05"", ""somme"": ""2026-10-04""}",CC BY 4.0,https://creativecommons.org/licenses/by/4.0/,Luca Valente,"CC BY 4.0 applies to the original compilation and editorial work by Luca Valente. Underlying third-party data retain their source terms, including Coin Metrics CC BY-NC 4.0 where indicated; this export does not replace those terms."
listino,2026-10-05,/righe/3/percentile_1a,100.0,"CoinGecko (market value); DefiLlama (fees, revenue)","{""livelli"": ""2026-10-05"", ""somme"": ""2026-10-04""}",CC BY 4.0,https://creativecommons.org/licenses/by/4.0/,Luca Valente,"CC BY 4.0 applies to the original compilation and editorial work by Luca Valente. Underlying third-party data retain their source terms, including Coin Metrics CC BY-NC 4.0 where indicated; this export does not replace those terms."
listino,2026-10-05,/righe/3/mediana_1a,1.17,"CoinGecko (market value); DefiLlama (fees, revenue)","{""livelli"": ""2026-10-05"", ""somme"": ""2026-10-04""}",CC BY 4.0,https://creativecommons.org/licenses/by/4.0/,Luca Valente,"CC BY 4.0 applies to the original compilation and editorial work by Luca Valente. Underlying third-party data retain their source terms, including Coin Metrics CC BY-NC 4.0 where indicated; this export does not replace those terms."
listino,2026-10-05,/righe/3/prezzo_su_ricavi,6.45,"CoinGecko (market value); DefiLlama (fees, revenue)","{""livelli"": ""2026-10-05"", ""somme"": ""2026-10-04""}",CC BY 4.0,https://creativecommons.org/licenses/by/4.0/,Luca Valente,"CC BY 4.0 applies to the original compilation and editorial work by Luca Valente. Underlying third-party data retain their source terms, including Coin Metrics CC BY-NC 4.0 where indicated; this export does not replace those terms."
listino,2026-10-05,/righe/3/percentile_ricavi_1a,100.0,"CoinGecko (market value); DefiLlama (fees, revenue)","{""livelli"": ""2026-10-05"", ""somme"": ""2026-10-04""}",CC BY 4.0,https://creativecommons.org/licenses/by/4.0/,Luca Valente,"CC BY 4.0 applies to the original compilation and editorial work by Luca Valente. Underlying third-party data retain their source terms, including Coin Metrics CC BY-NC 4.0 where indicated; this export does not replace those terms."
listino,2026-10-05,/righe/3/giorni_di_multiplo,365,"CoinGecko (market value); DefiLlama (fees, revenue)","{""livelli"": ""2026-10-05"", ""somme"": ""2026-10-04""}",CC BY 4.0,https://creativecommons.org/licenses/by/4.0/,Luca Valente,"CC BY 4.0 applies to the original compilation and editorial work by Luca Valente. Underlying third-party data retain their source terms, including Coin Metrics CC BY-NC 4.0 where indicated; this export does not replace those terms."
listino,2026-10-05,/righe/3/copertura_parziale,true,"CoinGecko (market value); DefiLlama (fees, revenue)","{""livelli"": ""2026-10-05"", ""somme"": ""2026-10-04""}",CC BY 4.0,https://creativecommons.org/licenses/by/4.0/,Luca Valente,"CC BY 4.0 applies to the original compilation and editorial work by Luca Valente. Underlying third-party data retain their source terms, including Coin Metrics CC BY-NC 4.0 where indicated; this export does not replace those terms."
listino,2026-10-05,/righe/3/prodotti_fuori_universo,0,"CoinGecko (market value); DefiLlama (fees, revenue)","{""livelli"": ""2026-10-05"", ""somme"": ""2026-10-04""}",CC BY 4.0,https://creativecommons.org/licenses/by/4.0/,Luca Valente,"CC BY 4.0 applies to the original compilation and editorial work by Luca Valente. Underlying third-party data retain their source terms, including Coin Metrics CC BY-NC 4.0 where indicated; this export does not replace those terms."
listino,2026-10-05,/righe/3/voci_dello_stesso_token,2,"CoinGecko (market value); DefiLlama (fees, revenue)","{""livelli"": ""2026-10-05"", ""somme"": ""2026-10-04""}",CC BY 4.0,https://creativecommons.org/licenses/by/4.0/,Luca Valente,"CC BY 4.0 applies to the original compilation and editorial work by Luca Valente. Underlying third-party data retain their source terms, including Coin Metrics CC BY-NC 4.0 where indicated; this export does not replace those terms."
listino,2026-10-05,/righe/3/commissioni_sono_ricompense,false,"CoinGecko (market value); DefiLlama (fees, revenue)","{""livelli"": ""2026-10-05"", ""somme"": ""2026-10-04""}",CC BY 4.0,https://creativecommons.org/licenses/by/4.0/,Luca Valente,"CC BY 4.0 applies to the original compilation and editorial work by Luca Valente. Underlying third-party data retain their source terms, including Coin Metrics CC BY-NC 4.0 where indicated; this export does not replace those terms."
listino,2026-10-05,/righe/4/token,"""AAVE""","CoinGecko (market value); DefiLlama (fees, revenue)","{""livelli"": ""2026-10-05"", ""somme"": ""2026-10-04""}",CC BY 4.0,https://creativecommons.org/licenses/by/4.0/,Luca Valente,"CC BY 4.0 applies to the original compilation and editorial work by Luca Valente. Underlying third-party data retain their source terms, including Coin Metrics CC BY-NC 4.0 where indicated; this export does not replace those terms."
listino,2026-10-05,/righe/4/coingecko_id,"""aave""","CoinGecko (market value); DefiLlama (fees, revenue)","{""livelli"": ""2026-10-05"", ""somme"": ""2026-10-04""}",CC BY 4.0,https://creativecommons.org/licenses/by/4.0/,Luca Valente,"CC BY 4.0 applies to the original compilation and editorial work by Luca Valente. Underlying third-party data retain their source terms, including Coin Metrics CC BY-NC 4.0 where indicated; this export does not replace those terms."
listino,2026-10-05,/righe/4/nome,"""Aave V3""","CoinGecko (market value); DefiLlama (fees, revenue)","{""livelli"": ""2026-10-05"", ""somme"": ""2026-10-04""}",CC BY 4.0,https://creativecommons.org/licenses/by/4.0/,Luca Valente,"CC BY 4.0 applies to the original compilation and editorial work by Luca Valente. Underlying third-party data retain their source terms, including Coin Metrics CC BY-NC 4.0 where indicated; this export does not replace those terms."
listino,2026-10-05,/righe/4/settore,"""Lending""","CoinGecko (market value); DefiLlama (fees, revenue)","{""livelli"": ""2026-10-05"", ""somme"": ""2026-10-04""}",CC BY 4.0,https://creativecommons.org/licenses/by/4.0/,Luca Valente,"CC BY 4.0 applies to the original compilation and editorial work by Luca Valente. Underlying third-party data retain their source terms, including Coin Metrics CC BY-NC 4.0 where indicated; this export does not replace those terms."
listino,2026-10-05,/righe/4/entita/0,"""aave""","CoinGecko (market value); DefiLlama (fees, revenue)","{""livelli"": ""2026-10-05"", ""somme"": ""2026-10-04""}",CC BY 4.0,https://creativecommons.org/licenses/by/4.0/,Luca Valente,"CC BY 4.0 applies to the original compilation and editorial work by Luca Valente. Underlying third-party data retain their source terms, including Coin Metrics CC BY-NC 4.0 where indicated; this export does not replace those terms."
listino,2026-10-05,/righe/4/capitalizzazione_usd,2763875216,"CoinGecko (market value); DefiLlama (fees, revenue)","{""livelli"": ""2026-10-05"", ""somme"": ""2026-10-04""}",CC BY 4.0,https://creativecommons.org/licenses/by/4.0/,Luca Valente,"CC BY 4.0 applies to the original compilation and editorial work by Luca Valente. Underlying third-party data retain their source terms, including Coin Metrics CC BY-NC 4.0 where indicated; this export does not replace those terms."
listino,2026-10-05,/righe/4/commissioni_365g_usd,720804317,"CoinGecko (market value); DefiLlama (fees, revenue)","{""livelli"": ""2026-10-05"", ""somme"": ""2026-10-04""}",CC BY 4.0,https://creativecommons.org/licenses/by/4.0/,Luca Valente,"CC BY 4.0 applies to the original compilation and editorial work by Luca Valente. Underlying third-party data retain their source terms, including Coin Metrics CC BY-NC 4.0 where indicated; this export does not replace those terms."
listino,2026-10-05,/righe/4/ricavi_365g_usd,91841245,"CoinGecko (market value); DefiLlama (fees, revenue)","{""livelli"": ""2026-10-05"", ""somme"": ""2026-10-04""}",CC BY 4.0,https://creativecommons.org/licenses/by/4.0/,Luca Valente,"CC BY 4.0 applies to the original compilation and editorial work by Luca Valente. Underlying third-party data retain their source terms, including Coin Metrics CC BY-NC 4.0 where indicated; this export does not replace those terms."
listino,2026-10-05,/righe/4/prezzo_su_commissioni,3.83,"CoinGecko (market value); DefiLlama (fees, revenue)","{""livelli"": ""2026-10-05"", ""somme"": ""2026-10-04""}",CC BY 4.0,https://creativecommons.org/licenses/by/4.0/,Luca Valente,"CC BY 4.0 applies to the original compilation and editorial work by Luca Valente. Underlying third-party data retain their source terms, including Coin Metrics CC BY-NC 4.0 where indicated; this export does not replace those terms."
listino,2026-10-05,/righe/4/percentile_1a,92.1,"CoinGecko (market value); DefiLlama (fees, revenue)","{""livelli"": ""2026-10-05"", ""somme"": ""2026-10-04""}",CC BY 4.0,https://creativecommons.org/licenses/by/4.0/,Luca Valente,"CC BY 4.0 applies to the original compilation and editorial work by Luca Valente. Underlying third-party data retain their source terms, including Coin Metrics CC BY-NC 4.0 where indicated; this export does not replace those terms."
listino,2026-10-05,/righe/4/mediana_1a,1.99,"CoinGecko (market value); DefiLlama (fees, revenue)","{""livelli"": ""2026-10-05"", ""somme"": ""2026-10-04""}",CC BY 4.0,https://creativecommons.org/licenses/by/4.0/,Luca Valente,"CC BY 4.0 applies to the original compilation and editorial work by Luca Valente. Underlying third-party data retain their source terms, including Coin Metrics CC BY-NC 4.0 where indicated; this export does not replace those terms."
listino,2026-10-05,/righe/4/prezzo_su_ricavi,30.09,"CoinGecko (market value); DefiLlama (fees, revenue)","{""livelli"": ""2026-10-05"", ""somme"": ""2026-10-04""}",CC BY 4.0,https://creativecommons.org/licenses/by/4.0/,Luca Valente,"CC BY 4.0 applies to the original compilation and editorial work by Luca Valente. Underlying third-party data retain their source terms, including Coin Metrics CC BY-NC 4.0 where indicated; this export does not replace those terms."
listino,2026-10-05,/righe/4/percentile_ricavi_1a,96.7,"CoinGecko (market value); DefiLlama (fees, revenue)","{""livelli"": ""2026-10-05"", ""somme"": ""2026-10-04""}",CC BY 4.0,https://creativecommons.org/licenses/by/4.0/,Luca Valente,"CC BY 4.0 applies to the original compilation and editorial work by Luca Valente. Underlying third-party data retain their source terms, including Coin Metrics CC BY-NC 4.0 where indicated; this export does not replace those terms."
listino,2026-10-05,/righe/4/giorni_di_multiplo,365,"CoinGecko (market value); DefiLlama (fees, revenue)","{""livelli"": ""2026-10-05"", ""somme"": ""2026-10-04""}",CC BY 4.0,https://creativecommons.org/licenses/by/4.0/,Luca Valente,"CC BY 4.0 applies to the original compilation and editorial work by Luca Valente. Underlying third-party data retain their source terms, including Coin Metrics CC BY-NC 4.0 where indicated; this export does not replace those terms."
listino,2026-10-05,/righe/4/copertura_parziale,true,"CoinGecko (market value); DefiLlama (fees, revenue)","{""livelli"": ""2026-10-05"", ""somme"": ""2026-10-04""}",CC BY 4.0,https://creativecommons.org/licenses/by/4.0/,Luca Valente,"CC BY 4.0 applies to the original compilation and editorial work by Luca Valente. Underlying third-party data retain their source terms, including Coin Metrics CC BY-NC 4.0 where indicated; this export does not replace those terms."
listino,2026-10-05,/righe/4/prodotti_fuori_universo,2,"CoinGecko (market value); DefiLlama (fees, revenue)","{""livelli"": ""2026-10-05"", ""somme"": ""2026-10-04""}",CC BY 4.0,https://creativecommons.org/licenses/by/4.0/,Luca Valente,"CC BY 4.0 applies to the original compilation and editorial work by Luca Valente. Underlying third-party data retain their source terms, including Coin Metrics CC BY-NC 4.0 where indicated; this export does not replace those terms."
listino,2026-10-05,/righe/4/voci_dello_stesso_token,1,"CoinGecko (market value); DefiLlama (fees, revenue)","{""livelli"": ""2026-10-05"", ""somme"": ""2026-10-04""}",CC BY 4.0,https://creativecommons.org/licenses/by/4.0/,Luca Valente,"CC BY 4.0 applies to the original compilation and editorial work by Luca Valente. Underlying third-party data retain their source terms, including Coin Metrics CC BY-NC 4.0 where indicated; this export does not replace those terms."
listino,2026-10-05,/righe/4/commissioni_sono_ricompense,false,"CoinGecko (market value); DefiLlama (fees, revenue)","{""livelli"": ""2026-10-05"", ""somme"": ""2026-10-04""}",CC BY 4.0,https://creativecommons.org/licenses/by/4.0/,Luca Valente,"CC BY 4.0 applies to the original compilation and editorial work by Luca Valente. Underlying third-party data retain their source terms, including Coin Metrics CC BY-NC 4.0 where indicated; this export does not replace those terms."
listino,2026-10-05,/righe/5/token,"""SKY""","CoinGecko (market value); DefiLlama (fees, revenue)","{""livelli"": ""2026-10-05"", ""somme"": ""2026-10-04""}",CC BY 4.0,https://creativecommons.org/licenses/by/4.0/,Luca Valente,"CC BY 4.0 applies to the original compilation and editorial work by Luca Valente. Underlying third-party data retain their source terms, including Coin Metrics CC BY-NC 4.0 where indicated; this export does not replace those terms."
listino,2026-10-05,/righe/5/coingecko_id,"""sky""","CoinGecko (market value); DefiLlama (fees, revenue)","{""livelli"": ""2026-10-05"", ""somme"": ""2026-10-04""}",CC BY 4.0,https://creativecommons.org/licenses/by/4.0/,Luca Valente,"CC BY 4.0 applies to the original compilation and editorial work by Luca Valente. Underlying third-party data retain their source terms, including Coin Metrics CC BY-NC 4.0 where indicated; this export does not replace those terms."
listino,2026-10-05,/righe/5/nome,"""Sky Lending""","CoinGecko (market value); DefiLlama (fees, revenue)","{""livelli"": ""2026-10-05"", ""somme"": ""2026-10-04""}",CC BY 4.0,https://creativecommons.org/licenses/by/4.0/,Luca Valente,"CC BY 4.0 applies to the original compilation and editorial work by Luca Valente. Underlying third-party data retain their source terms, including Coin Metrics CC BY-NC 4.0 where indicated; this export does not replace those terms."
listino,2026-10-05,/righe/5/settore,"""Collateralised debt""","CoinGecko (market value); DefiLlama (fees, revenue)","{""livelli"": ""2026-10-05"", ""somme"": ""2026-10-04""}",CC BY 4.0,https://creativecommons.org/licenses/by/4.0/,Luca Valente,"CC BY 4.0 applies to the original compilation and editorial work by Luca Valente. Underlying third-party data retain their source terms, including Coin Metrics CC BY-NC 4.0 where indicated; this export does not replace those terms."
listino,2026-10-05,/righe/5/entita/0,"""sky-lending""","CoinGecko (market value); DefiLlama (fees, revenue)","{""livelli"": ""2026-10-05"", ""somme"": ""2026-10-04""}",CC BY 4.0,https://creativecommons.org/licenses/by/4.0/,Luca Valente,"CC BY 4.0 applies to the original compilation and editorial work by Luca Valente. Underlying third-party data retain their source terms, including Coin Metrics CC BY-NC 4.0 where indicated; this export does not replace those terms."
listino,2026-10-05,/righe/5/capitalizzazione_usd,2286328029,"CoinGecko (market value); DefiLlama (fees, revenue)","{""livelli"": ""2026-10-05"", ""somme"": ""2026-10-04""}",CC BY 4.0,https://creativecommons.org/licenses/by/4.0/,Luca Valente,"CC BY 4.0 applies to the original compilation and editorial work by Luca Valente. Underlying third-party data retain their source terms, including Coin Metrics CC BY-NC 4.0 where indicated; this export does not replace those terms."
listino,2026-10-05,/righe/5/commissioni_365g_usd,391573686,"CoinGecko (market value); DefiLlama (fees, revenue)","{""livelli"": ""2026-10-05"", ""somme"": ""2026-10-04""}",CC BY 4.0,https://creativecommons.org/licenses/by/4.0/,Luca Valente,"CC BY 4.0 applies to the original compilation and editorial work by Luca Valente. Underlying third-party data retain their source terms, including Coin Metrics CC BY-NC 4.0 where indicated; this export does not replace those terms."
listino,2026-10-05,/righe/5/ricavi_365g_usd,203492257,"CoinGecko (market value); DefiLlama (fees, revenue)","{""livelli"": ""2026-10-05"", ""somme"": ""2026-10-04""}",CC BY 4.0,https://creativecommons.org/licenses/by/4.0/,Luca Valente,"CC BY 4.0 applies to the original compilation and editorial work by Luca Valente. Underlying third-party data retain their source terms, including Coin Metrics CC BY-NC 4.0 where indicated; this export does not replace those terms."
listino,2026-10-05,/righe/5/prezzo_su_commissioni,5.84,"CoinGecko (market value); DefiLlama (fees, revenue)","{""livelli"": ""2026-10-05"", ""somme"": ""2026-10-04""}",CC BY 4.0,https://creativecommons.org/licenses/by/4.0/,Luca Valente,"CC BY 4.0 applies to the original compilation and editorial work by Luca Valente. Underlying third-party data retain their source terms, including Coin Metrics CC BY-NC 4.0 where indicated; this export does not replace those terms."
listino,2026-10-05,/righe/5/percentile_1a,100.0,"CoinGecko (market value); DefiLlama (fees, revenue)","{""livelli"": ""2026-10-05"", ""somme"": ""2026-10-04""}",CC BY 4.0,https://creativecommons.org/licenses/by/4.0/,Luca Valente,"CC BY 4.0 applies to the original compilation and editorial work by Luca Valente. Underlying third-party data retain their source terms, including Coin Metrics CC BY-NC 4.0 where indicated; this export does not replace those terms."
listino,2026-10-05,/righe/5/mediana_1a,3.62,"CoinGecko (market value); DefiLlama (fees, revenue)","{""livelli"": ""2026-10-05"", ""somme"": ""2026-10-04""}",CC BY 4.0,https://creativecommons.org/licenses/by/4.0/,Luca Valente,"CC BY 4.0 applies to the original compilation and editorial work by Luca Valente. Underlying third-party data retain their source terms, including Coin Metrics CC BY-NC 4.0 where indicated; this export does not replace those terms."
listino,2026-10-05,/righe/5/prezzo_su_ricavi,11.24,"CoinGecko (market value); DefiLlama (fees, revenue)","{""livelli"": ""2026-10-05"", ""somme"": ""2026-10-04""}",CC BY 4.0,https://creativecommons.org/licenses/by/4.0/,Luca Valente,"CC BY 4.0 applies to the original compilation and editorial work by Luca Valente. Underlying third-party data retain their source terms, including Coin Metrics CC BY-NC 4.0 where indicated; this export does not replace those terms."
listino,2026-10-05,/righe/5/percentile_ricavi_1a,100.0,"CoinGecko (market value); DefiLlama (fees, revenue)","{""livelli"": ""2026-10-05"", ""somme"": ""2026-10-04""}",CC BY 4.0,https://creativecommons.org/licenses/by/4.0/,Luca Valente,"CC BY 4.0 applies to the original compilation and editorial work by Luca Valente. Underlying third-party data retain their source terms, including Coin Metrics CC BY-NC 4.0 where indicated; this export does not replace those terms."
listino,2026-10-05,/righe/5/giorni_di_multiplo,365,"CoinGecko (market value); DefiLlama (fees, revenue)","{""livelli"": ""2026-10-05"", ""somme"": ""2026-10-04""}",CC BY 4.0,https://creativecommons.org/licenses/by/4.0/,Luca Valente,"CC BY 4.0 applies to the original compilation and editorial work by Luca Valente. Underlying third-party data retain their source terms, including Coin Metrics CC BY-NC 4.0 where indicated; this export does not replace those terms."
listino,2026-10-05,/righe/5/copertura_parziale,true,"CoinGecko (market value); DefiLlama (fees, revenue)","{""livelli"": ""2026-10-05"", ""somme"": ""2026-10-04""}",CC BY 4.0,https://creativecommons.org/licenses/by/4.0/,Luca Valente,"CC BY 4.0 applies to the original compilation and editorial work by Luca Valente. Underlying third-party data retain their source terms, including Coin Metrics CC BY-NC 4.0 where indicated; this export does not replace those terms."
listino,2026-10-05,/righe/5/prodotti_fuori_universo,1,"CoinGecko (market value); DefiLlama (fees, revenue)","{""livelli"": ""2026-10-05"", ""somme"": ""2026-10-04""}",CC BY 4.0,https://creativecommons.org/licenses/by/4.0/,Luca Valente,"CC BY 4.0 applies to the original compilation and editorial work by Luca Valente. Underlying third-party data retain their source terms, including Coin Metrics CC BY-NC 4.0 where indicated; this export does not replace those terms."
listino,2026-10-05,/righe/5/voci_dello_stesso_token,1,"CoinGecko (market value); DefiLlama (fees, revenue)","{""livelli"": ""2026-10-05"", ""somme"": ""2026-10-04""}",CC BY 4.0,https://creativecommons.org/licenses/by/4.0/,Luca Valente,"CC BY 4.0 applies to the original compilation and editorial work by Luca Valente. Underlying third-party data retain their source terms, including Coin Metrics CC BY-NC 4.0 where indicated; this export does not replace those terms."
listino,2026-10-05,/righe/5/commissioni_sono_ricompense,false,"CoinGecko (market value); DefiLlama (fees, revenue)","{""livelli"": ""2026-10-05"", ""somme"": ""2026-10-04""}",CC BY 4.0,https://creativecommons.org/licenses/by/4.0/,Luca Valente,"CC BY 4.0 applies to the original compilation and editorial work by Luca Valente. Underlying third-party data retain their source terms, including Coin Metrics CC BY-NC 4.0 where indicated; this export does not replace those terms."
listino,2026-10-05,/righe/6/token,"""MORPHO""","CoinGecko (market value); DefiLlama (fees, revenue)","{""livelli"": ""2026-10-05"", ""somme"": ""2026-10-04""}",CC BY 4.0,https://creativecommons.org/licenses/by/4.0/,Luca Valente,"CC BY 4.0 applies to the original compilation and editorial work by Luca Valente. Underlying third-party data retain their source terms, including Coin Metrics CC BY-NC 4.0 where indicated; this export does not replace those terms."
listino,2026-10-05,/righe/6/coingecko_id,"""morpho""","CoinGecko (market value); DefiLlama (fees, revenue)","{""livelli"": ""2026-10-05"", ""somme"": ""2026-10-04""}",CC BY 4.0,https://creativecommons.org/licenses/by/4.0/,Luca Valente,"CC BY 4.0 applies to the original compilation and editorial work by Luca Valente. Underlying third-party data retain their source terms, including Coin Metrics CC BY-NC 4.0 where indicated; this export does not replace those terms."
listino,2026-10-05,/righe/6/nome,"""Morpho Blue""","CoinGecko (market value); DefiLlama (fees, revenue)","{""livelli"": ""2026-10-05"", ""somme"": ""2026-10-04""}",CC BY 4.0,https://creativecommons.org/licenses/by/4.0/,Luca Valente,"CC BY 4.0 applies to the original compilation and editorial work by Luca Valente. Underlying third-party data retain their source terms, including Coin Metrics CC BY-NC 4.0 where indicated; this export does not replace those terms."
listino,2026-10-05,/righe/6/settore,"""Lending""","CoinGecko (market value); DefiLlama (fees, revenue)","{""livelli"": ""2026-10-05"", ""somme"": ""2026-10-04""}",CC BY 4.0,https://creativecommons.org/licenses/by/4.0/,Luca Valente,"CC BY 4.0 applies to the original compilation and editorial work by Luca Valente. Underlying third-party data retain their source terms, including Coin Metrics CC BY-NC 4.0 where indicated; this export does not replace those terms."
listino,2026-10-05,/righe/6/entita/0,"""morpho-blue""","CoinGecko (market value); DefiLlama (fees, revenue)","{""livelli"": ""2026-10-05"", ""somme"": ""2026-10-04""}",CC BY 4.0,https://creativecommons.org/licenses/by/4.0/,Luca Valente,"CC BY 4.0 applies to the original compilation and editorial work by Luca Valente. Underlying third-party data retain their source terms, including Coin Metrics CC BY-NC 4.0 where indicated; this export does not replace those terms."
listino,2026-10-05,/righe/6/capitalizzazione_usd,1918411691,"CoinGecko (market value); DefiLlama (fees, revenue)","{""livelli"": ""2026-10-05"", ""somme"": ""2026-10-04""}",CC BY 4.0,https://creativecommons.org/licenses/by/4.0/,Luca Valente,"CC BY 4.0 applies to the original compilation and editorial work by Luca Valente. Underlying third-party data retain their source terms, including Coin Metrics CC BY-NC 4.0 where indicated; this export does not replace those terms."
listino,2026-10-05,/righe/6/commissioni_365g_usd,205569645,"CoinGecko (market value); DefiLlama (fees, revenue)","{""livelli"": ""2026-10-05"", ""somme"": ""2026-10-04""}",CC BY 4.0,https://creativecommons.org/licenses/by/4.0/,Luca Valente,"CC BY 4.0 applies to the original compilation and editorial work by Luca Valente. Underlying third-party data retain their source terms, including Coin Metrics CC BY-NC 4.0 where indicated; this export does not replace those terms."
listino,2026-10-05,/righe/6/ricavi_365g_usd,null,"CoinGecko (market value); DefiLlama (fees, revenue)","{""livelli"": ""2026-10-05"", ""somme"": ""2026-10-04""}",CC BY 4.0,https://creativecommons.org/licenses/by/4.0/,Luca Valente,"CC BY 4.0 applies to the original compilation and editorial work by Luca Valente. Underlying third-party data retain their source terms, including Coin Metrics CC BY-NC 4.0 where indicated; this export does not replace those terms."
listino,2026-10-05,/righe/6/prezzo_su_commissioni,9.33,"CoinGecko (market value); DefiLlama (fees, revenue)","{""livelli"": ""2026-10-05"", ""somme"": ""2026-10-04""}",CC BY 4.0,https://creativecommons.org/licenses/by/4.0/,Luca Valente,"CC BY 4.0 applies to the original compilation and editorial work by Luca Valente. Underlying third-party data retain their source terms, including Coin Metrics CC BY-NC 4.0 where indicated; this export does not replace those terms."
listino,2026-10-05,/righe/6/percentile_1a,99.5,"CoinGecko (market value); DefiLlama (fees, revenue)","{""livelli"": ""2026-10-05"", ""somme"": ""2026-10-04""}",CC BY 4.0,https://creativecommons.org/licenses/by/4.0/,Luca Valente,"CC BY 4.0 applies to the original compilation and editorial work by Luca Valente. Underlying third-party data retain their source terms, including Coin Metrics CC BY-NC 4.0 where indicated; this export does not replace those terms."
listino,2026-10-05,/righe/6/mediana_1a,6.02,"CoinGecko (market value); DefiLlama (fees, revenue)","{""livelli"": ""2026-10-05"", ""somme"": ""2026-10-04""}",CC BY 4.0,https://creativecommons.org/licenses/by/4.0/,Luca Valente,"CC BY 4.0 applies to the original compilation and editorial work by Luca Valente. Underlying third-party data retain their source terms, including Coin Metrics CC BY-NC 4.0 where indicated; this export does not replace those terms."
listino,2026-10-05,/righe/6/prezzo_su_ricavi,null,"CoinGecko (market value); DefiLlama (fees, revenue)","{""livelli"": ""2026-10-05"", ""somme"": ""2026-10-04""}",CC BY 4.0,https://creativecommons.org/licenses/by/4.0/,Luca Valente,"CC BY 4.0 applies to the original compilation and editorial work by Luca Valente. Underlying third-party data retain their source terms, including Coin Metrics CC BY-NC 4.0 where indicated; this export does not replace those terms."
listino,2026-10-05,/righe/6/percentile_ricavi_1a,null,"CoinGecko (market value); DefiLlama (fees, revenue)","{""livelli"": ""2026-10-05"", ""somme"": ""2026-10-04""}",CC BY 4.0,https://creativecommons.org/licenses/by/4.0/,Luca Valente,"CC BY 4.0 applies to the original compilation and editorial work by Luca Valente. Underlying third-party data retain their source terms, including Coin Metrics CC BY-NC 4.0 where indicated; this export does not replace those terms."
listino,2026-10-05,/righe/6/giorni_di_multiplo,365,"CoinGecko (market value); DefiLlama (fees, revenue)","{""livelli"": ""2026-10-05"", ""somme"": ""2026-10-04""}",CC BY 4.0,https://creativecommons.org/licenses/by/4.0/,Luca Valente,"CC BY 4.0 applies to the original compilation and editorial work by Luca Valente. Underlying third-party data retain their source terms, including Coin Metrics CC BY-NC 4.0 where indicated; this export does not replace those terms."
listino,2026-10-05,/righe/6/copertura_parziale,true,"CoinGecko (market value); DefiLlama (fees, revenue)","{""livelli"": ""2026-10-05"", ""somme"": ""2026-10-04""}",CC BY 4.0,https://creativecommons.org/licenses/by/4.0/,Luca Valente,"CC BY 4.0 applies to the original compilation and editorial work by Luca Valente. Underlying third-party data retain their source terms, including Coin Metrics CC BY-NC 4.0 where indicated; this export does not replace those terms."
listino,2026-10-05,/righe/6/prodotti_fuori_universo,1,"CoinGecko (market value); DefiLlama (fees, revenue)","{""livelli"": ""2026-10-05"", ""somme"": ""2026-10-04""}",CC BY 4.0,https://creativecommons.org/licenses/by/4.0/,Luca Valente,"CC BY 4.0 applies to the original compilation and editorial work by Luca Valente. Underlying third-party data retain their source terms, including Coin Metrics CC BY-NC 4.0 where indicated; this export does not replace those terms."
listino,2026-10-05,/righe/6/voci_dello_stesso_token,1,"CoinGecko (market value); DefiLlama (fees, revenue)","{""livelli"": ""2026-10-05"", ""somme"": ""2026-10-04""}",CC BY 4.0,https://creativecommons.org/licenses/by/4.0/,Luca Valente,"CC BY 4.0 applies to the original compilation and editorial work by Luca Valente. Underlying third-party data retain their source terms, including Coin Metrics CC BY-NC 4.0 where indicated; this export does not replace those terms."
listino,2026-10-05,/righe/6/commissioni_sono_ricompense,false,"CoinGecko (market value); DefiLlama (fees, revenue)","{""livelli"": ""2026-10-05"", ""somme"": ""2026-10-04""}",CC BY 4.0,https://creativecommons.org/licenses/by/4.0/,Luca Valente,"CC BY 4.0 applies to the original compilation and editorial work by Luca Valente. Underlying third-party data retain their source terms, including Coin Metrics CC BY-NC 4.0 where indicated; this export does not replace those terms."
listino,2026-10-05,/righe/7/token,"""JST""","CoinGecko (market value); DefiLlama (fees, revenue)","{""livelli"": ""2026-10-05"", ""somme"": ""2026-10-04""}",CC BY 4.0,https://creativecommons.org/licenses/by/4.0/,Luca Valente,"CC BY 4.0 applies to the original compilation and editorial work by Luca Valente. Underlying third-party data retain their source terms, including Coin Metrics CC BY-NC 4.0 where indicated; this export does not replace those terms."
listino,2026-10-05,/righe/7/coingecko_id,"""just""","CoinGecko (market value); DefiLlama (fees, revenue)","{""livelli"": ""2026-10-05"", ""somme"": ""2026-10-04""}",CC BY 4.0,https://creativecommons.org/licenses/by/4.0/,Luca Valente,"CC BY 4.0 applies to the original compilation and editorial work by Luca Valente. Underlying third-party data retain their source terms, including Coin Metrics CC BY-NC 4.0 where indicated; this export does not replace those terms."
listino,2026-10-05,/righe/7/nome,"""JustLend V1""","CoinGecko (market value); DefiLlama (fees, revenue)","{""livelli"": ""2026-10-05"", ""somme"": ""2026-10-04""}",CC BY 4.0,https://creativecommons.org/licenses/by/4.0/,Luca Valente,"CC BY 4.0 applies to the original compilation and editorial work by Luca Valente. Underlying third-party data retain their source terms, including Coin Metrics CC BY-NC 4.0 where indicated; this export does not replace those terms."
listino,2026-10-05,/righe/7/settore,"""Lending""","CoinGecko (market value); DefiLlama (fees, revenue)","{""livelli"": ""2026-10-05"", ""somme"": ""2026-10-04""}",CC BY 4.0,https://creativecommons.org/licenses/by/4.0/,Luca Valente,"CC BY 4.0 applies to the original compilation and editorial work by Luca Valente. Underlying third-party data retain their source terms, including Coin Metrics CC BY-NC 4.0 where indicated; this export does not replace those terms."
listino,2026-10-05,/righe/7/entita/0,"""justlend-v1""","CoinGecko (market value); DefiLlama (fees, revenue)","{""livelli"": ""2026-10-05"", ""somme"": ""2026-10-04""}",CC BY 4.0,https://creativecommons.org/licenses/by/4.0/,Luca Valente,"CC BY 4.0 applies to the original compilation and editorial work by Luca Valente. Underlying third-party data retain their source terms, including Coin Metrics CC BY-NC 4.0 where indicated; this export does not replace those terms."
listino,2026-10-05,/righe/7/capitalizzazione_usd,1145467384,"CoinGecko (market value); DefiLlama (fees, revenue)","{""livelli"": ""2026-10-05"", ""somme"": ""2026-10-04""}",CC BY 4.0,https://creativecommons.org/licenses/by/4.0/,Luca Valente,"CC BY 4.0 applies to the original compilation and editorial work by Luca Valente. Underlying third-party data retain their source terms, including Coin Metrics CC BY-NC 4.0 where indicated; this export does not replace those terms."
listino,2026-10-05,/righe/7/commissioni_365g_usd,13088732,"CoinGecko (market value); DefiLlama (fees, revenue)","{""livelli"": ""2026-10-05"", ""somme"": ""2026-10-04""}",CC BY 4.0,https://creativecommons.org/licenses/by/4.0/,Luca Valente,"CC BY 4.0 applies to the original compilation and editorial work by Luca Valente. Underlying third-party data retain their source terms, including Coin Metrics CC BY-NC 4.0 where indicated; this export does not replace those terms."
listino,2026-10-05,/righe/7/ricavi_365g_usd,521744,"CoinGecko (market value); DefiLlama (fees, revenue)","{""livelli"": ""2026-10-05"", ""somme"": ""2026-10-04""}",CC BY 4.0,https://creativecommons.org/licenses/by/4.0/,Luca Valente,"CC BY 4.0 applies to the original compilation and editorial work by Luca Valente. Underlying third-party data retain their source terms, including Coin Metrics CC BY-NC 4.0 where indicated; this export does not replace those terms."
listino,2026-10-05,/righe/7/prezzo_su_commissioni,87.52,"CoinGecko (market value); DefiLlama (fees, revenue)","{""livelli"": ""2026-10-05"", ""somme"": ""2026-10-04""}",CC BY 4.0,https://creativecommons.org/licenses/by/4.0/,Luca Valente,"CC BY 4.0 applies to the original compilation and editorial work by Luca Valente. Underlying third-party data retain their source terms, including Coin Metrics CC BY-NC 4.0 where indicated; this export does not replace those terms."
listino,2026-10-05,/righe/7/percentile_1a,87.7,"CoinGecko (market value); DefiLlama (fees, revenue)","{""livelli"": ""2026-10-05"", ""somme"": ""2026-10-04""}",CC BY 4.0,https://creativecommons.org/licenses/by/4.0/,Luca Valente,"CC BY 4.0 applies to the original compilation and editorial work by Luca Valente. Underlying third-party data retain their source terms, including Coin Metrics CC BY-NC 4.0 where indicated; this export does not replace those terms."
listino,2026-10-05,/righe/7/mediana_1a,70.02,"CoinGecko (market value); DefiLlama (fees, revenue)","{""livelli"": ""2026-10-05"", ""somme"": ""2026-10-04""}",CC BY 4.0,https://creativecommons.org/licenses/by/4.0/,Luca Valente,"CC BY 4.0 applies to the original compilation and editorial work by Luca Valente. Underlying third-party data retain their source terms, including Coin Metrics CC BY-NC 4.0 where indicated; this export does not replace those terms."
listino,2026-10-05,/righe/7/prezzo_su_ricavi,2195.46,"CoinGecko (market value); DefiLlama (fees, revenue)","{""livelli"": ""2026-10-05"", ""somme"": ""2026-10-04""}",CC BY 4.0,https://creativecommons.org/licenses/by/4.0/,Luca Valente,"CC BY 4.0 applies to the original compilation and editorial work by Luca Valente. Underlying third-party data retain their source terms, including Coin Metrics CC BY-NC 4.0 where indicated; this export does not replace those terms."
listino,2026-10-05,/righe/7/percentile_ricavi_1a,100.0,"CoinGecko (market value); DefiLlama (fees, revenue)","{""livelli"": ""2026-10-05"", ""somme"": ""2026-10-04""}",CC BY 4.0,https://creativecommons.org/licenses/by/4.0/,Luca Valente,"CC BY 4.0 applies to the original compilation and editorial work by Luca Valente. Underlying third-party data retain their source terms, including Coin Metrics CC BY-NC 4.0 where indicated; this export does not replace those terms."
listino,2026-10-05,/righe/7/giorni_di_multiplo,365,"CoinGecko (market value); DefiLlama (fees, revenue)","{""livelli"": ""2026-10-05"", ""somme"": ""2026-10-04""}",CC BY 4.0,https://creativecommons.org/licenses/by/4.0/,Luca Valente,"CC BY 4.0 applies to the original compilation and editorial work by Luca Valente. Underlying third-party data retain their source terms, including Coin Metrics CC BY-NC 4.0 where indicated; this export does not replace those terms."
listino,2026-10-05,/righe/7/copertura_parziale,false,"CoinGecko (market value); DefiLlama (fees, revenue)","{""livelli"": ""2026-10-05"", ""somme"": ""2026-10-04""}",CC BY 4.0,https://creativecommons.org/licenses/by/4.0/,Luca Valente,"CC BY 4.0 applies to the original compilation and editorial work by Luca Valente. Underlying third-party data retain their source terms, including Coin Metrics CC BY-NC 4.0 where indicated; this export does not replace those terms."
listino,2026-10-05,/righe/7/prodotti_fuori_universo,0,"CoinGecko (market value); DefiLlama (fees, revenue)","{""livelli"": ""2026-10-05"", ""somme"": ""2026-10-04""}",CC BY 4.0,https://creativecommons.org/licenses/by/4.0/,Luca Valente,"CC BY 4.0 applies to the original compilation and editorial work by Luca Valente. Underlying third-party data retain their source terms, including Coin Metrics CC BY-NC 4.0 where indicated; this export does not replace those terms."
listino,2026-10-05,/righe/7/voci_dello_stesso_token,1,"CoinGecko (market value); DefiLlama (fees, revenue)","{""livelli"": ""2026-10-05"", ""somme"": ""2026-10-04""}",CC BY 4.0,https://creativecommons.org/licenses/by/4.0/,Luca Valente,"CC BY 4.0 applies to the original compilation and editorial work by Luca Valente. Underlying third-party data retain their source terms, including Coin Metrics CC BY-NC 4.0 where indicated; this export does not replace those terms."
listino,2026-10-05,/righe/7/commissioni_sono_ricompense,false,"CoinGecko (market value); DefiLlama (fees, revenue)","{""livelli"": ""2026-10-05"", ""somme"": ""2026-10-04""}",CC BY 4.0,https://creativecommons.org/licenses/by/4.0/,Luca Valente,"CC BY 4.0 applies to the original compilation and editorial work by Luca Valente. Underlying third-party data retain their source terms, including Coin Metrics CC BY-NC 4.0 where indicated; this export does not replace those terms."
listino,2026-10-05,/righe/8/token,"""JUP""","CoinGecko (market value); DefiLlama (fees, revenue)","{""livelli"": ""2026-10-05"", ""somme"": ""2026-10-04""}",CC BY 4.0,https://creativecommons.org/licenses/by/4.0/,Luca Valente,"CC BY 4.0 applies to the original compilation and editorial work by Luca Valente. Underlying third-party data retain their source terms, including Coin Metrics CC BY-NC 4.0 where indicated; this export does not replace those terms."
listino,2026-10-05,/righe/8/coingecko_id,"""jupiter-exchange-solana""","CoinGecko (market value); DefiLlama (fees, revenue)","{""livelli"": ""2026-10-05"", ""somme"": ""2026-10-04""}",CC BY 4.0,https://creativecommons.org/licenses/by/4.0/,Luca Valente,"CC BY 4.0 applies to the original compilation and editorial work by Luca Valente. Underlying third-party data retain their source terms, including Coin Metrics CC BY-NC 4.0 where indicated; this export does not replace those terms."
listino,2026-10-05,/righe/8/nome,"""Jupiter""","CoinGecko (market value); DefiLlama (fees, revenue)","{""livelli"": ""2026-10-05"", ""somme"": ""2026-10-04""}",CC BY 4.0,https://creativecommons.org/licenses/by/4.0/,Luca Valente,"CC BY 4.0 applies to the original compilation and editorial work by Luca Valente. Underlying third-party data retain their source terms, including Coin Metrics CC BY-NC 4.0 where indicated; this export does not replace those terms."
listino,2026-10-05,/righe/8/settore,"""DEX Aggregator""","CoinGecko (market value); DefiLlama (fees, revenue)","{""livelli"": ""2026-10-05"", ""somme"": ""2026-10-04""}",CC BY 4.0,https://creativecommons.org/licenses/by/4.0/,Luca Valente,"CC BY 4.0 applies to the original compilation and editorial work by Luca Valente. Underlying third-party data retain their source terms, including Coin Metrics CC BY-NC 4.0 where indicated; this export does not replace those terms."
listino,2026-10-05,/righe/8/entita/0,"""jupiter-exchange-solana""","CoinGecko (market value); DefiLlama (fees, revenue)","{""livelli"": ""2026-10-05"", ""somme"": ""2026-10-04""}",CC BY 4.0,https://creativecommons.org/licenses/by/4.0/,Luca Valente,"CC BY 4.0 applies to the original compilation and editorial work by Luca Valente. Underlying third-party data retain their source terms, including Coin Metrics CC BY-NC 4.0 where indicated; this export does not replace those terms."
listino,2026-10-05,/righe/8/capitalizzazione_usd,1111764885,"CoinGecko (market value); DefiLlama (fees, revenue)","{""livelli"": ""2026-10-05"", ""somme"": ""2026-10-04""}",CC BY 4.0,https://creativecommons.org/licenses/by/4.0/,Luca Valente,"CC BY 4.0 applies to the original compilation and editorial work by Luca Valente. Underlying third-party data retain their source terms, including Coin Metrics CC BY-NC 4.0 where indicated; this export does not replace those terms."
listino,2026-10-05,/righe/8/commissioni_365g_usd,276130858,"CoinGecko (market value); DefiLlama (fees, revenue)","{""livelli"": ""2026-10-05"", ""somme"": ""2026-10-04""}",CC BY 4.0,https://creativecommons.org/licenses/by/4.0/,Luca Valente,"CC BY 4.0 applies to the original compilation and editorial work by Luca Valente. Underlying third-party data retain their source terms, including Coin Metrics CC BY-NC 4.0 where indicated; this export does not replace those terms."
listino,2026-10-05,/righe/8/ricavi_365g_usd,84094626,"CoinGecko (market value); DefiLlama (fees, revenue)","{""livelli"": ""2026-10-05"", ""somme"": ""2026-10-04""}",CC BY 4.0,https://creativecommons.org/licenses/by/4.0/,Luca Valente,"CC BY 4.0 applies to the original compilation and editorial work by Luca Valente. Underlying third-party data retain their source terms, including Coin Metrics CC BY-NC 4.0 where indicated; this export does not replace those terms."
listino,2026-10-05,/righe/8/prezzo_su_commissioni,4.03,"CoinGecko (market value); DefiLlama (fees, revenue)","{""livelli"": ""2026-10-05"", ""somme"": ""2026-10-04""}",CC BY 4.0,https://creativecommons.org/licenses/by/4.0/,Luca Valente,"CC BY 4.0 applies to the original compilation and editorial work by Luca Valente. Underlying third-party data retain their source terms, including Coin Metrics CC BY-NC 4.0 where indicated; this export does not replace those terms."
listino,2026-10-05,/righe/8/percentile_1a,99.7,"CoinGecko (market value); DefiLlama (fees, revenue)","{""livelli"": ""2026-10-05"", ""somme"": ""2026-10-04""}",CC BY 4.0,https://creativecommons.org/licenses/by/4.0/,Luca Valente,"CC BY 4.0 applies to the original compilation and editorial work by Luca Valente. Underlying third-party data retain their source terms, including Coin Metrics CC BY-NC 4.0 where indicated; this export does not replace those terms."
listino,2026-10-05,/righe/8/mediana_1a,1.42,"CoinGecko (market value); DefiLlama (fees, revenue)","{""livelli"": ""2026-10-05"", ""somme"": ""2026-10-04""}",CC BY 4.0,https://creativecommons.org/licenses/by/4.0/,Luca Valente,"CC BY 4.0 applies to the original compilation and editorial work by Luca Valente. Underlying third-party data retain their source terms, including Coin Metrics CC BY-NC 4.0 where indicated; this export does not replace those terms."
listino,2026-10-05,/righe/8/prezzo_su_ricavi,13.22,"CoinGecko (market value); DefiLlama (fees, revenue)","{""livelli"": ""2026-10-05"", ""somme"": ""2026-10-04""}",CC BY 4.0,https://creativecommons.org/licenses/by/4.0/,Luca Valente,"CC BY 4.0 applies to the original compilation and editorial work by Luca Valente. Underlying third-party data retain their source terms, including Coin Metrics CC BY-NC 4.0 where indicated; this export does not replace those terms."
listino,2026-10-05,/righe/8/percentile_ricavi_1a,99.7,"CoinGecko (market value); DefiLlama (fees, revenue)","{""livelli"": ""2026-10-05"", ""somme"": ""2026-10-04""}",CC BY 4.0,https://creativecommons.org/licenses/by/4.0/,Luca Valente,"CC BY 4.0 applies to the original compilation and editorial work by Luca Valente. Underlying third-party data retain their source terms, including Coin Metrics CC BY-NC 4.0 where indicated; this export does not replace those terms."
listino,2026-10-05,/righe/8/giorni_di_multiplo,365,"CoinGecko (market value); DefiLlama (fees, revenue)","{""livelli"": ""2026-10-05"", ""somme"": ""2026-10-04""}",CC BY 4.0,https://creativecommons.org/licenses/by/4.0/,Luca Valente,"CC BY 4.0 applies to the original compilation and editorial work by Luca Valente. Underlying third-party data retain their source terms, including Coin Metrics CC BY-NC 4.0 where indicated; this export does not replace those terms."
listino,2026-10-05,/righe/8/copertura_parziale,true,"CoinGecko (market value); DefiLlama (fees, revenue)","{""livelli"": ""2026-10-05"", ""somme"": ""2026-10-04""}",CC BY 4.0,https://creativecommons.org/licenses/by/4.0/,Luca Valente,"CC BY 4.0 applies to the original compilation and editorial work by Luca Valente. Underlying third-party data retain their source terms, including Coin Metrics CC BY-NC 4.0 where indicated; this export does not replace those terms."
listino,2026-10-05,/righe/8/prodotti_fuori_universo,1,"CoinGecko (market value); DefiLlama (fees, revenue)","{""livelli"": ""2026-10-05"", ""somme"": ""2026-10-04""}",CC BY 4.0,https://creativecommons.org/licenses/by/4.0/,Luca Valente,"CC BY 4.0 applies to the original compilation and editorial work by Luca Valente. Underlying third-party data retain their source terms, including Coin Metrics CC BY-NC 4.0 where indicated; this export does not replace those terms."
listino,2026-10-05,/righe/8/voci_dello_stesso_token,3,"CoinGecko (market value); DefiLlama (fees, revenue)","{""livelli"": ""2026-10-05"", ""somme"": ""2026-10-04""}",CC BY 4.0,https://creativecommons.org/licenses/by/4.0/,Luca Valente,"CC BY 4.0 applies to the original compilation and editorial work by Luca Valente. Underlying third-party data retain their source terms, including Coin Metrics CC BY-NC 4.0 where indicated; this export does not replace those terms."
listino,2026-10-05,/righe/8/commissioni_sono_ricompense,false,"CoinGecko (market value); DefiLlama (fees, revenue)","{""livelli"": ""2026-10-05"", ""somme"": ""2026-10-04""}",CC BY 4.0,https://creativecommons.org/licenses/by/4.0/,Luca Valente,"CC BY 4.0 applies to the original compilation and editorial work by Luca Valente. Underlying third-party data retain their source terms, including Coin Metrics CC BY-NC 4.0 where indicated; this export does not replace those terms."
listino,2026-10-05,/righe/9/token,"""aerodrome-finance""","CoinGecko (market value); DefiLlama (fees, revenue)","{""livelli"": ""2026-10-05"", ""somme"": ""2026-10-04""}",CC BY 4.0,https://creativecommons.org/licenses/by/4.0/,Luca Valente,"CC BY 4.0 applies to the original compilation and editorial work by Luca Valente. Underlying third-party data retain their source terms, including Coin Metrics CC BY-NC 4.0 where indicated; this export does not replace those terms."
listino,2026-10-05,/righe/9/coingecko_id,"""aerodrome-finance""","CoinGecko (market value); DefiLlama (fees, revenue)","{""livelli"": ""2026-10-05"", ""somme"": ""2026-10-04""}",CC BY 4.0,https://creativecommons.org/licenses/by/4.0/,Luca Valente,"CC BY 4.0 applies to the original compilation and editorial work by Luca Valente. Underlying third-party data retain their source terms, including Coin Metrics CC BY-NC 4.0 where indicated; this export does not replace those terms."
listino,2026-10-05,/righe/9/nome,"""Aerodrome Finance""","CoinGecko (market value); DefiLlama (fees, revenue)","{""livelli"": ""2026-10-05"", ""somme"": ""2026-10-04""}",CC BY 4.0,https://creativecommons.org/licenses/by/4.0/,Luca Valente,"CC BY 4.0 applies to the original compilation and editorial work by Luca Valente. Underlying third-party data retain their source terms, including Coin Metrics CC BY-NC 4.0 where indicated; this export does not replace those terms."
listino,2026-10-05,/righe/9/settore,"""DEXs""","CoinGecko (market value); DefiLlama (fees, revenue)","{""livelli"": ""2026-10-05"", ""somme"": ""2026-10-04""}",CC BY 4.0,https://creativecommons.org/licenses/by/4.0/,Luca Valente,"CC BY 4.0 applies to the original compilation and editorial work by Luca Valente. Underlying third-party data retain their source terms, including Coin Metrics CC BY-NC 4.0 where indicated; this export does not replace those terms."
listino,2026-10-05,/righe/9/entita/0,"""aerodrome-finance""","CoinGecko (market value); DefiLlama (fees, revenue)","{""livelli"": ""2026-10-05"", ""somme"": ""2026-10-04""}",CC BY 4.0,https://creativecommons.org/licenses/by/4.0/,Luca Valente,"CC BY 4.0 applies to the original compilation and editorial work by Luca Valente. Underlying third-party data retain their source terms, including Coin Metrics CC BY-NC 4.0 where indicated; this export does not replace those terms."
listino,2026-10-05,/righe/9/capitalizzazione_usd,877852056,"CoinGecko (market value); DefiLlama (fees, revenue)","{""livelli"": ""2026-10-05"", ""somme"": ""2026-10-04""}",CC BY 4.0,https://creativecommons.org/licenses/by/4.0/,Luca Valente,"CC BY 4.0 applies to the original compilation and editorial work by Luca Valente. Underlying third-party data retain their source terms, including Coin Metrics CC BY-NC 4.0 where indicated; this export does not replace those terms."
listino,2026-10-05,/righe/9/commissioni_365g_usd,129074140,"CoinGecko (market value); DefiLlama (fees, revenue)","{""livelli"": ""2026-10-05"", ""somme"": ""2026-10-04""}",CC BY 4.0,https://creativecommons.org/licenses/by/4.0/,Luca Valente,"CC BY 4.0 applies to the original compilation and editorial work by Luca Valente. Underlying third-party data retain their source terms, including Coin Metrics CC BY-NC 4.0 where indicated; this export does not replace those terms."
listino,2026-10-05,/righe/9/ricavi_365g_usd,92053954,"CoinGecko (market value); DefiLlama (fees, revenue)","{""livelli"": ""2026-10-05"", ""somme"": ""2026-10-04""}",CC BY 4.0,https://creativecommons.org/licenses/by/4.0/,Luca Valente,"CC BY 4.0 applies to the original compilation and editorial work by Luca Valente. Underlying third-party data retain their source terms, including Coin Metrics CC BY-NC 4.0 where indicated; this export does not replace those terms."
listino,2026-10-05,/righe/9/prezzo_su_commissioni,6.8,"CoinGecko (market value); DefiLlama (fees, revenue)","{""livelli"": ""2026-10-05"", ""somme"": ""2026-10-04""}",CC BY 4.0,https://creativecommons.org/licenses/by/4.0/,Luca Valente,"CC BY 4.0 applies to the original compilation and editorial work by Luca Valente. Underlying third-party data retain their source terms, including Coin Metrics CC BY-NC 4.0 where indicated; this export does not replace those terms."
listino,2026-10-05,/righe/9/percentile_1a,100.0,"CoinGecko (market value); DefiLlama (fees, revenue)","{""livelli"": ""2026-10-05"", ""somme"": ""2026-10-04""}",CC BY 4.0,https://creativecommons.org/licenses/by/4.0/,Luca Valente,"CC BY 4.0 applies to the original compilation and editorial work by Luca Valente. Underlying third-party data retain their source terms, including Coin Metrics CC BY-NC 4.0 where indicated; this export does not replace those terms."
listino,2026-10-05,/righe/9/mediana_1a,2.38,"CoinGecko (market value); DefiLlama (fees, revenue)","{""livelli"": ""2026-10-05"", ""somme"": ""2026-10-04""}",CC BY 4.0,https://creativecommons.org/licenses/by/4.0/,Luca Valente,"CC BY 4.0 applies to the original compilation and editorial work by Luca Valente. Underlying third-party data retain their source terms, including Coin Metrics CC BY-NC 4.0 where indicated; this export does not replace those terms."
listino,2026-10-05,/righe/9/prezzo_su_ricavi,9.54,"CoinGecko (market value); DefiLlama (fees, revenue)","{""livelli"": ""2026-10-05"", ""somme"": ""2026-10-04""}",CC BY 4.0,https://creativecommons.org/licenses/by/4.0/,Luca Valente,"CC BY 4.0 applies to the original compilation and editorial work by Luca Valente. Underlying third-party data retain their source terms, including Coin Metrics CC BY-NC 4.0 where indicated; this export does not replace those terms."
listino,2026-10-05,/righe/9/percentile_ricavi_1a,100.0,"CoinGecko (market value); DefiLlama (fees, revenue)","{""livelli"": ""2026-10-05"", ""somme"": ""2026-10-04""}",CC BY 4.0,https://creativecommons.org/licenses/by/4.0/,Luca Valente,"CC BY 4.0 applies to the original compilation and editorial work by Luca Valente. Underlying third-party data retain their source terms, including Coin Metrics CC BY-NC 4.0 where indicated; this export does not replace those terms."
listino,2026-10-05,/righe/9/giorni_di_multiplo,365,"CoinGecko (market value); DefiLlama (fees, revenue)","{""livelli"": ""2026-10-05"", ""somme"": ""2026-10-04""}",CC BY 4.0,https://creativecommons.org/licenses/by/4.0/,Luca Valente,"CC BY 4.0 applies to the original compilation and editorial work by Luca Valente. Underlying third-party data retain their source terms, including Coin Metrics CC BY-NC 4.0 where indicated; this export does not replace those terms."
listino,2026-10-05,/righe/9/copertura_parziale,true,"CoinGecko (market value); DefiLlama (fees, revenue)","{""livelli"": ""2026-10-05"", ""somme"": ""2026-10-04""}",CC BY 4.0,https://creativecommons.org/licenses/by/4.0/,Luca Valente,"CC BY 4.0 applies to the original compilation and editorial work by Luca Valente. Underlying third-party data retain their source terms, including Coin Metrics CC BY-NC 4.0 where indicated; this export does not replace those terms."
listino,2026-10-05,/righe/9/prodotti_fuori_universo,2,"CoinGecko (market value); DefiLlama (fees, revenue)","{""livelli"": ""2026-10-05"", ""somme"": ""2026-10-04""}",CC BY 4.0,https://creativecommons.org/licenses/by/4.0/,Luca Valente,"CC BY 4.0 applies to the original compilation and editorial work by Luca Valente. Underlying third-party data retain their source terms, including Coin Metrics CC BY-NC 4.0 where indicated; this export does not replace those terms."
listino,2026-10-05,/righe/9/voci_dello_stesso_token,1,"CoinGecko (market value); DefiLlama (fees, revenue)","{""livelli"": ""2026-10-05"", ""somme"": ""2026-10-04""}",CC BY 4.0,https://creativecommons.org/licenses/by/4.0/,Luca Valente,"CC BY 4.0 applies to the original compilation and editorial work by Luca Valente. Underlying third-party data retain their source terms, including Coin Metrics CC BY-NC 4.0 where indicated; this export does not replace those terms."
listino,2026-10-05,/righe/9/commissioni_sono_ricompense,false,"CoinGecko (market value); DefiLlama (fees, revenue)","{""livelli"": ""2026-10-05"", ""somme"": ""2026-10-04""}",CC BY 4.0,https://creativecommons.org/licenses/by/4.0/,Luca Valente,"CC BY 4.0 applies to the original compilation and editorial work by Luca Valente. Underlying third-party data retain their source terms, including Coin Metrics CC BY-NC 4.0 where indicated; this export does not replace those terms."
listino,2026-10-05,/righe/10/token,"""pancakeswap-token""","CoinGecko (market value); DefiLlama (fees, revenue)","{""livelli"": ""2026-10-05"", ""somme"": ""2026-10-04""}",CC BY 4.0,https://creativecommons.org/licenses/by/4.0/,Luca Valente,"CC BY 4.0 applies to the original compilation and editorial work by Luca Valente. Underlying third-party data retain their source terms, including Coin Metrics CC BY-NC 4.0 where indicated; this export does not replace those terms."
listino,2026-10-05,/righe/10/coingecko_id,"""pancakeswap-token""","CoinGecko (market value); DefiLlama (fees, revenue)","{""livelli"": ""2026-10-05"", ""somme"": ""2026-10-04""}",CC BY 4.0,https://creativecommons.org/licenses/by/4.0/,Luca Valente,"CC BY 4.0 applies to the original compilation and editorial work by Luca Valente. Underlying third-party data retain their source terms, including Coin Metrics CC BY-NC 4.0 where indicated; this export does not replace those terms."
listino,2026-10-05,/righe/10/nome,"""PancakeSwap""","CoinGecko (market value); DefiLlama (fees, revenue)","{""livelli"": ""2026-10-05"", ""somme"": ""2026-10-04""}",CC BY 4.0,https://creativecommons.org/licenses/by/4.0/,Luca Valente,"CC BY 4.0 applies to the original compilation and editorial work by Luca Valente. Underlying third-party data retain their source terms, including Coin Metrics CC BY-NC 4.0 where indicated; this export does not replace those terms."
listino,2026-10-05,/righe/10/settore,"""DEXs""","CoinGecko (market value); DefiLlama (fees, revenue)","{""livelli"": ""2026-10-05"", ""somme"": ""2026-10-04""}",CC BY 4.0,https://creativecommons.org/licenses/by/4.0/,Luca Valente,"CC BY 4.0 applies to the original compilation and editorial work by Luca Valente. Underlying third-party data retain their source terms, including Coin Metrics CC BY-NC 4.0 where indicated; this export does not replace those terms."
listino,2026-10-05,/righe/10/entita/0,"""pancakeswap-token""","CoinGecko (market value); DefiLlama (fees, revenue)","{""livelli"": ""2026-10-05"", ""somme"": ""2026-10-04""}",CC BY 4.0,https://creativecommons.org/licenses/by/4.0/,Luca Valente,"CC BY 4.0 applies to the original compilation and editorial work by Luca Valente. Underlying third-party data retain their source terms, including Coin Metrics CC BY-NC 4.0 where indicated; this export does not replace those terms."
listino,2026-10-05,/righe/10/capitalizzazione_usd,829063561,"CoinGecko (market value); DefiLlama (fees, revenue)","{""livelli"": ""2026-10-05"", ""somme"": ""2026-10-04""}",CC BY 4.0,https://creativecommons.org/licenses/by/4.0/,Luca Valente,"CC BY 4.0 applies to the original compilation and editorial work by Luca Valente. Underlying third-party data retain their source terms, including Coin Metrics CC BY-NC 4.0 where indicated; this export does not replace those terms."
listino,2026-10-05,/righe/10/commissioni_365g_usd,241029372,"CoinGecko (market value); DefiLlama (fees, revenue)","{""livelli"": ""2026-10-05"", ""somme"": ""2026-10-04""}",CC BY 4.0,https://creativecommons.org/licenses/by/4.0/,Luca Valente,"CC BY 4.0 applies to the original compilation and editorial work by Luca Valente. Underlying third-party data retain their source terms, including Coin Metrics CC BY-NC 4.0 where indicated; this export does not replace those terms."
listino,2026-10-05,/righe/10/ricavi_365g_usd,80659515,"CoinGecko (market value); DefiLlama (fees, revenue)","{""livelli"": ""2026-10-05"", ""somme"": ""2026-10-04""}",CC BY 4.0,https://creativecommons.org/licenses/by/4.0/,Luca Valente,"CC BY 4.0 applies to the original compilation and editorial work by Luca Valente. Underlying third-party data retain their source terms, including Coin Metrics CC BY-NC 4.0 where indicated; this export does not replace those terms."
listino,2026-10-05,/righe/10/prezzo_su_commissioni,3.44,"CoinGecko (market value); DefiLlama (fees, revenue)","{""livelli"": ""2026-10-05"", ""somme"": ""2026-10-04""}",CC BY 4.0,https://creativecommons.org/licenses/by/4.0/,Luca Valente,"CC BY 4.0 applies to the original compilation and editorial work by Luca Valente. Underlying third-party data retain their source terms, including Coin Metrics CC BY-NC 4.0 where indicated; this export does not replace those terms."
listino,2026-10-05,/righe/10/percentile_1a,96.4,"CoinGecko (market value); DefiLlama (fees, revenue)","{""livelli"": ""2026-10-05"", ""somme"": ""2026-10-04""}",CC BY 4.0,https://creativecommons.org/licenses/by/4.0/,Luca Valente,"CC BY 4.0 applies to the original compilation and editorial work by Luca Valente. Underlying third-party data retain their source terms, including Coin Metrics CC BY-NC 4.0 where indicated; this export does not replace those terms."
listino,2026-10-05,/righe/10/mediana_1a,1.65,"CoinGecko (market value); DefiLlama (fees, revenue)","{""livelli"": ""2026-10-05"", ""somme"": ""2026-10-04""}",CC BY 4.0,https://creativecommons.org/licenses/by/4.0/,Luca Valente,"CC BY 4.0 applies to the original compilation and editorial work by Luca Valente. Underlying third-party data retain their source terms, including Coin Metrics CC BY-NC 4.0 where indicated; this export does not replace those terms."
listino,2026-10-05,/righe/10/prezzo_su_ricavi,10.28,"CoinGecko (market value); DefiLlama (fees, revenue)","{""livelli"": ""2026-10-05"", ""somme"": ""2026-10-04""}",CC BY 4.0,https://creativecommons.org/licenses/by/4.0/,Luca Valente,"CC BY 4.0 applies to the original compilation and editorial work by Luca Valente. Underlying third-party data retain their source terms, including Coin Metrics CC BY-NC 4.0 where indicated; this export does not replace those terms."
listino,2026-10-05,/righe/10/percentile_ricavi_1a,96.7,"CoinGecko (market value); DefiLlama (fees, revenue)","{""livelli"": ""2026-10-05"", ""somme"": ""2026-10-04""}",CC BY 4.0,https://creativecommons.org/licenses/by/4.0/,Luca Valente,"CC BY 4.0 applies to the original compilation and editorial work by Luca Valente. Underlying third-party data retain their source terms, including Coin Metrics CC BY-NC 4.0 where indicated; this export does not replace those terms."
listino,2026-10-05,/righe/10/giorni_di_multiplo,365,"CoinGecko (market value); DefiLlama (fees, revenue)","{""livelli"": ""2026-10-05"", ""somme"": ""2026-10-04""}",CC BY 4.0,https://creativecommons.org/licenses/by/4.0/,Luca Valente,"CC BY 4.0 applies to the original compilation and editorial work by Luca Valente. Underlying third-party data retain their source terms, including Coin Metrics CC BY-NC 4.0 where indicated; this export does not replace those terms."
listino,2026-10-05,/righe/10/copertura_parziale,true,"CoinGecko (market value); DefiLlama (fees, revenue)","{""livelli"": ""2026-10-05"", ""somme"": ""2026-10-04""}",CC BY 4.0,https://creativecommons.org/licenses/by/4.0/,Luca Valente,"CC BY 4.0 applies to the original compilation and editorial work by Luca Valente. Underlying third-party data retain their source terms, including Coin Metrics CC BY-NC 4.0 where indicated; this export does not replace those terms."
listino,2026-10-05,/righe/10/prodotti_fuori_universo,2,"CoinGecko (market value); DefiLlama (fees, revenue)","{""livelli"": ""2026-10-05"", ""somme"": ""2026-10-04""}",CC BY 4.0,https://creativecommons.org/licenses/by/4.0/,Luca Valente,"CC BY 4.0 applies to the original compilation and editorial work by Luca Valente. Underlying third-party data retain their source terms, including Coin Metrics CC BY-NC 4.0 where indicated; this export does not replace those terms."
listino,2026-10-05,/righe/10/voci_dello_stesso_token,1,"CoinGecko (market value); DefiLlama (fees, revenue)","{""livelli"": ""2026-10-05"", ""somme"": ""2026-10-04""}",CC BY 4.0,https://creativecommons.org/licenses/by/4.0/,Luca Valente,"CC BY 4.0 applies to the original compilation and editorial work by Luca Valente. Underlying third-party data retain their source terms, including Coin Metrics CC BY-NC 4.0 where indicated; this export does not replace those terms."
listino,2026-10-05,/righe/10/commissioni_sono_ricompense,false,"CoinGecko (market value); DefiLlama (fees, revenue)","{""livelli"": ""2026-10-05"", ""somme"": ""2026-10-04""}",CC BY 4.0,https://creativecommons.org/licenses/by/4.0/,Luca Valente,"CC BY 4.0 applies to the original compilation and editorial work by Luca Valente. Underlying third-party data retain their source terms, including Coin Metrics CC BY-NC 4.0 where indicated; this export does not replace those terms."
listino,2026-10-05,/righe/11/token,"""ETHFI""","CoinGecko (market value); DefiLlama (fees, revenue)","{""livelli"": ""2026-10-05"", ""somme"": ""2026-10-04""}",CC BY 4.0,https://creativecommons.org/licenses/by/4.0/,Luca Valente,"CC BY 4.0 applies to the original compilation and editorial work by Luca Valente. Underlying third-party data retain their source terms, including Coin Metrics CC BY-NC 4.0 where indicated; this export does not replace those terms."
listino,2026-10-05,/righe/11/coingecko_id,"""ether-fi""","CoinGecko (market value); DefiLlama (fees, revenue)","{""livelli"": ""2026-10-05"", ""somme"": ""2026-10-04""}",CC BY 4.0,https://creativecommons.org/licenses/by/4.0/,Luca Valente,"CC BY 4.0 applies to the original compilation and editorial work by Luca Valente. Underlying third-party data retain their source terms, including Coin Metrics CC BY-NC 4.0 where indicated; this export does not replace those terms."
listino,2026-10-05,/righe/11/nome,"""ether.fi Stake""","CoinGecko (market value); DefiLlama (fees, revenue)","{""livelli"": ""2026-10-05"", ""somme"": ""2026-10-04""}",CC BY 4.0,https://creativecommons.org/licenses/by/4.0/,Luca Valente,"CC BY 4.0 applies to the original compilation and editorial work by Luca Valente. Underlying third-party data retain their source terms, including Coin Metrics CC BY-NC 4.0 where indicated; this export does not replace those terms."
listino,2026-10-05,/righe/11/settore,"""Liquid staking""","CoinGecko (market value); DefiLlama (fees, revenue)","{""livelli"": ""2026-10-05"", ""somme"": ""2026-10-04""}",CC BY 4.0,https://creativecommons.org/licenses/by/4.0/,Luca Valente,"CC BY 4.0 applies to the original compilation and editorial work by Luca Valente. Underlying third-party data retain their source terms, including Coin Metrics CC BY-NC 4.0 where indicated; this export does not replace those terms."
listino,2026-10-05,/righe/11/entita/0,"""ether.fi-stake""","CoinGecko (market value); DefiLlama (fees, revenue)","{""livelli"": ""2026-10-05"", ""somme"": ""2026-10-04""}",CC BY 4.0,https://creativecommons.org/licenses/by/4.0/,Luca Valente,"CC BY 4.0 applies to the original compilation and editorial work by Luca Valente. Underlying third-party data retain their source terms, including Coin Metrics CC BY-NC 4.0 where indicated; this export does not replace those terms."
listino,2026-10-05,/righe/11/capitalizzazione_usd,721024874,"CoinGecko (market value); DefiLlama (fees, revenue)","{""livelli"": ""2026-10-05"", ""somme"": ""2026-10-04""}",CC BY 4.0,https://creativecommons.org/licenses/by/4.0/,Luca Valente,"CC BY 4.0 applies to the original compilation and editorial work by Luca Valente. Underlying third-party data retain their source terms, including Coin Metrics CC BY-NC 4.0 where indicated; this export does not replace those terms."
listino,2026-10-05,/righe/11/commissioni_365g_usd,157532310,"CoinGecko (market value); DefiLlama (fees, revenue)","{""livelli"": ""2026-10-05"", ""somme"": ""2026-10-04""}",CC BY 4.0,https://creativecommons.org/licenses/by/4.0/,Luca Valente,"CC BY 4.0 applies to the original compilation and editorial work by Luca Valente. Underlying third-party data retain their source terms, including Coin Metrics CC BY-NC 4.0 where indicated; this export does not replace those terms."
listino,2026-10-05,/righe/11/ricavi_365g_usd,31091213,"CoinGecko (market value); DefiLlama (fees, revenue)","{""livelli"": ""2026-10-05"", ""somme"": ""2026-10-04""}",CC BY 4.0,https://creativecommons.org/licenses/by/4.0/,Luca Valente,"CC BY 4.0 applies to the original compilation and editorial work by Luca Valente. Underlying third-party data retain their source terms, including Coin Metrics CC BY-NC 4.0 where indicated; this export does not replace those terms."
listino,2026-10-05,/righe/11/prezzo_su_commissioni,4.58,"CoinGecko (market value); DefiLlama (fees, revenue)","{""livelli"": ""2026-10-05"", ""somme"": ""2026-10-04""}",CC BY 4.0,https://creativecommons.org/licenses/by/4.0/,Luca Valente,"CC BY 4.0 applies to the original compilation and editorial work by Luca Valente. Underlying third-party data retain their source terms, including Coin Metrics CC BY-NC 4.0 where indicated; this export does not replace those terms."
listino,2026-10-05,/righe/11/percentile_1a,99.5,"CoinGecko (market value); DefiLlama (fees, revenue)","{""livelli"": ""2026-10-05"", ""somme"": ""2026-10-04""}",CC BY 4.0,https://creativecommons.org/licenses/by/4.0/,Luca Valente,"CC BY 4.0 applies to the original compilation and editorial work by Luca Valente. Underlying third-party data retain their source terms, including Coin Metrics CC BY-NC 4.0 where indicated; this export does not replace those terms."
listino,2026-10-05,/righe/11/mediana_1a,2.02,"CoinGecko (market value); DefiLlama (fees, revenue)","{""livelli"": ""2026-10-05"", ""somme"": ""2026-10-04""}",CC BY 4.0,https://creativecommons.org/licenses/by/4.0/,Luca Valente,"CC BY 4.0 applies to the original compilation and editorial work by Luca Valente. Underlying third-party data retain their source terms, including Coin Metrics CC BY-NC 4.0 where indicated; this export does not replace those terms."
listino,2026-10-05,/righe/11/prezzo_su_ricavi,23.19,"CoinGecko (market value); DefiLlama (fees, revenue)","{""livelli"": ""2026-10-05"", ""somme"": ""2026-10-04""}",CC BY 4.0,https://creativecommons.org/licenses/by/4.0/,Luca Valente,"CC BY 4.0 applies to the original compilation and editorial work by Luca Valente. Underlying third-party data retain their source terms, including Coin Metrics CC BY-NC 4.0 where indicated; this export does not replace those terms."
listino,2026-10-05,/righe/11/percentile_ricavi_1a,99.5,"CoinGecko (market value); DefiLlama (fees, revenue)","{""livelli"": ""2026-10-05"", ""somme"": ""2026-10-04""}",CC BY 4.0,https://creativecommons.org/licenses/by/4.0/,Luca Valente,"CC BY 4.0 applies to the original compilation and editorial work by Luca Valente. Underlying third-party data retain their source terms, including Coin Metrics CC BY-NC 4.0 where indicated; this export does not replace those terms."
listino,2026-10-05,/righe/11/giorni_di_multiplo,365,"CoinGecko (market value); DefiLlama (fees, revenue)","{""livelli"": ""2026-10-05"", ""somme"": ""2026-10-04""}",CC BY 4.0,https://creativecommons.org/licenses/by/4.0/,Luca Valente,"CC BY 4.0 applies to the original compilation and editorial work by Luca Valente. Underlying third-party data retain their source terms, including Coin Metrics CC BY-NC 4.0 where indicated; this export does not replace those terms."
listino,2026-10-05,/righe/11/copertura_parziale,true,"CoinGecko (market value); DefiLlama (fees, revenue)","{""livelli"": ""2026-10-05"", ""somme"": ""2026-10-04""}",CC BY 4.0,https://creativecommons.org/licenses/by/4.0/,Luca Valente,"CC BY 4.0 applies to the original compilation and editorial work by Luca Valente. Underlying third-party data retain their source terms, including Coin Metrics CC BY-NC 4.0 where indicated; this export does not replace those terms."
listino,2026-10-05,/righe/11/prodotti_fuori_universo,3,"CoinGecko (market value); DefiLlama (fees, revenue)","{""livelli"": ""2026-10-05"", ""somme"": ""2026-10-04""}",CC BY 4.0,https://creativecommons.org/licenses/by/4.0/,Luca Valente,"CC BY 4.0 applies to the original compilation and editorial work by Luca Valente. Underlying third-party data retain their source terms, including Coin Metrics CC BY-NC 4.0 where indicated; this export does not replace those terms."
listino,2026-10-05,/righe/11/voci_dello_stesso_token,1,"CoinGecko (market value); DefiLlama (fees, revenue)","{""livelli"": ""2026-10-05"", ""somme"": ""2026-10-04""}",CC BY 4.0,https://creativecommons.org/licenses/by/4.0/,Luca Valente,"CC BY 4.0 applies to the original compilation and editorial work by Luca Valente. Underlying third-party data retain their source terms, including Coin Metrics CC BY-NC 4.0 where indicated; this export does not replace those terms."
listino,2026-10-05,/righe/11/commissioni_sono_ricompense,false,"CoinGecko (market value); DefiLlama (fees, revenue)","{""livelli"": ""2026-10-05"", ""somme"": ""2026-10-04""}",CC BY 4.0,https://creativecommons.org/licenses/by/4.0/,Luca Valente,"CC BY 4.0 applies to the original compilation and editorial work by Luca Valente. Underlying third-party data retain their source terms, including Coin Metrics CC BY-NC 4.0 where indicated; this export does not replace those terms."
listino,2026-10-05,/righe/12/token,"""CRV""","CoinGecko (market value); DefiLlama (fees, revenue)","{""livelli"": ""2026-10-05"", ""somme"": ""2026-10-04""}",CC BY 4.0,https://creativecommons.org/licenses/by/4.0/,Luca Valente,"CC BY 4.0 applies to the original compilation and editorial work by Luca Valente. Underlying third-party data retain their source terms, including Coin Metrics CC BY-NC 4.0 where indicated; this export does not replace those terms."
listino,2026-10-05,/righe/12/coingecko_id,"""curve-dao-token""","CoinGecko (market value); DefiLlama (fees, revenue)","{""livelli"": ""2026-10-05"", ""somme"": ""2026-10-04""}",CC BY 4.0,https://creativecommons.org/licenses/by/4.0/,Luca Valente,"CC BY 4.0 applies to the original compilation and editorial work by Luca Valente. Underlying third-party data retain their source terms, including Coin Metrics CC BY-NC 4.0 where indicated; this export does not replace those terms."
listino,2026-10-05,/righe/12/nome,"""Curve DEX""","CoinGecko (market value); DefiLlama (fees, revenue)","{""livelli"": ""2026-10-05"", ""somme"": ""2026-10-04""}",CC BY 4.0,https://creativecommons.org/licenses/by/4.0/,Luca Valente,"CC BY 4.0 applies to the original compilation and editorial work by Luca Valente. Underlying third-party data retain their source terms, including Coin Metrics CC BY-NC 4.0 where indicated; this export does not replace those terms."
listino,2026-10-05,/righe/12/settore,"""DEXs""","CoinGecko (market value); DefiLlama (fees, revenue)","{""livelli"": ""2026-10-05"", ""somme"": ""2026-10-04""}",CC BY 4.0,https://creativecommons.org/licenses/by/4.0/,Luca Valente,"CC BY 4.0 applies to the original compilation and editorial work by Luca Valente. Underlying third-party data retain their source terms, including Coin Metrics CC BY-NC 4.0 where indicated; this export does not replace those terms."
listino,2026-10-05,/righe/12/entita/0,"""curve-dex""","CoinGecko (market value); DefiLlama (fees, revenue)","{""livelli"": ""2026-10-05"", ""somme"": ""2026-10-04""}",CC BY 4.0,https://creativecommons.org/licenses/by/4.0/,Luca Valente,"CC BY 4.0 applies to the original compilation and editorial work by Luca Valente. Underlying third-party data retain their source terms, including Coin Metrics CC BY-NC 4.0 where indicated; this export does not replace those terms."
listino,2026-10-05,/righe/12/capitalizzazione_usd,595044346,"CoinGecko (market value); DefiLlama (fees, revenue)","{""livelli"": ""2026-10-05"", ""somme"": ""2026-10-04""}",CC BY 4.0,https://creativecommons.org/licenses/by/4.0/,Luca Valente,"CC BY 4.0 applies to the original compilation and editorial work by Luca Valente. Underlying third-party data retain their source terms, including Coin Metrics CC BY-NC 4.0 where indicated; this export does not replace those terms."
listino,2026-10-05,/righe/12/commissioni_365g_usd,57944830,"CoinGecko (market value); DefiLlama (fees, revenue)","{""livelli"": ""2026-10-05"", ""somme"": ""2026-10-04""}",CC BY 4.0,https://creativecommons.org/licenses/by/4.0/,Luca Valente,"CC BY 4.0 applies to the original compilation and editorial work by Luca Valente. Underlying third-party data retain their source terms, including Coin Metrics CC BY-NC 4.0 where indicated; this export does not replace those terms."
listino,2026-10-05,/righe/12/ricavi_365g_usd,27491936,"CoinGecko (market value); DefiLlama (fees, revenue)","{""livelli"": ""2026-10-05"", ""somme"": ""2026-10-04""}",CC BY 4.0,https://creativecommons.org/licenses/by/4.0/,Luca Valente,"CC BY 4.0 applies to the original compilation and editorial work by Luca Valente. Underlying third-party data retain their source terms, including Coin Metrics CC BY-NC 4.0 where indicated; this export does not replace those terms."
listino,2026-10-05,/righe/12/prezzo_su_commissioni,10.27,"CoinGecko (market value); DefiLlama (fees, revenue)","{""livelli"": ""2026-10-05"", ""somme"": ""2026-10-04""}",CC BY 4.0,https://creativecommons.org/licenses/by/4.0/,Luca Valente,"CC BY 4.0 applies to the original compilation and editorial work by Luca Valente. Underlying third-party data retain their source terms, including Coin Metrics CC BY-NC 4.0 where indicated; this export does not replace those terms."
listino,2026-10-05,/righe/12/percentile_1a,75.1,"CoinGecko (market value); DefiLlama (fees, revenue)","{""livelli"": ""2026-10-05"", ""somme"": ""2026-10-04""}",CC BY 4.0,https://creativecommons.org/licenses/by/4.0/,Luca Valente,"CC BY 4.0 applies to the original compilation and editorial work by Luca Valente. Underlying third-party data retain their source terms, including Coin Metrics CC BY-NC 4.0 where indicated; this export does not replace those terms."
listino,2026-10-05,/righe/12/mediana_1a,6.5,"CoinGecko (market value); DefiLlama (fees, revenue)","{""livelli"": ""2026-10-05"", ""somme"": ""2026-10-04""}",CC BY 4.0,https://creativecommons.org/licenses/by/4.0/,Luca Valente,"CC BY 4.0 applies to the original compilation and editorial work by Luca Valente. Underlying third-party data retain their source terms, including Coin Metrics CC BY-NC 4.0 where indicated; this export does not replace those terms."
listino,2026-10-05,/righe/12/prezzo_su_ricavi,21.64,"CoinGecko (market value); DefiLlama (fees, revenue)","{""livelli"": ""2026-10-05"", ""somme"": ""2026-10-04""}",CC BY 4.0,https://creativecommons.org/licenses/by/4.0/,Luca Valente,"CC BY 4.0 applies to the original compilation and editorial work by Luca Valente. Underlying third-party data retain their source terms, including Coin Metrics CC BY-NC 4.0 where indicated; this export does not replace those terms."
listino,2026-10-05,/righe/12/percentile_ricavi_1a,97.3,"CoinGecko (market value); DefiLlama (fees, revenue)","{""livelli"": ""2026-10-05"", ""somme"": ""2026-10-04""}",CC BY 4.0,https://creativecommons.org/licenses/by/4.0/,Luca Valente,"CC BY 4.0 applies to the original compilation and editorial work by Luca Valente. Underlying third-party data retain their source terms, including Coin Metrics CC BY-NC 4.0 where indicated; this export does not replace those terms."
listino,2026-10-05,/righe/12/giorni_di_multiplo,365,"CoinGecko (market value); DefiLlama (fees, revenue)","{""livelli"": ""2026-10-05"", ""somme"": ""2026-10-04""}",CC BY 4.0,https://creativecommons.org/licenses/by/4.0/,Luca Valente,"CC BY 4.0 applies to the original compilation and editorial work by Luca Valente. Underlying third-party data retain their source terms, including Coin Metrics CC BY-NC 4.0 where indicated; this export does not replace those terms."
listino,2026-10-05,/righe/12/copertura_parziale,false,"CoinGecko (market value); DefiLlama (fees, revenue)","{""livelli"": ""2026-10-05"", ""somme"": ""2026-10-04""}",CC BY 4.0,https://creativecommons.org/licenses/by/4.0/,Luca Valente,"CC BY 4.0 applies to the original compilation and editorial work by Luca Valente. Underlying third-party data retain their source terms, including Coin Metrics CC BY-NC 4.0 where indicated; this export does not replace those terms."
listino,2026-10-05,/righe/12/prodotti_fuori_universo,0,"CoinGecko (market value); DefiLlama (fees, revenue)","{""livelli"": ""2026-10-05"", ""somme"": ""2026-10-04""}",CC BY 4.0,https://creativecommons.org/licenses/by/4.0/,Luca Valente,"CC BY 4.0 applies to the original compilation and editorial work by Luca Valente. Underlying third-party data retain their source terms, including Coin Metrics CC BY-NC 4.0 where indicated; this export does not replace those terms."
listino,2026-10-05,/righe/12/voci_dello_stesso_token,1,"CoinGecko (market value); DefiLlama (fees, revenue)","{""livelli"": ""2026-10-05"", ""somme"": ""2026-10-04""}",CC BY 4.0,https://creativecommons.org/licenses/by/4.0/,Luca Valente,"CC BY 4.0 applies to the original compilation and editorial work by Luca Valente. Underlying third-party data retain their source terms, including Coin Metrics CC BY-NC 4.0 where indicated; this export does not replace those terms."
listino,2026-10-05,/righe/12/commissioni_sono_ricompense,false,"CoinGecko (market value); DefiLlama (fees, revenue)","{""livelli"": ""2026-10-05"", ""somme"": ""2026-10-04""}",CC BY 4.0,https://creativecommons.org/licenses/by/4.0/,Luca Valente,"CC BY 4.0 applies to the original compilation and editorial work by Luca Valente. Underlying third-party data retain their source terms, including Coin Metrics CC BY-NC 4.0 where indicated; this export does not replace those terms."
listino,2026-10-05,/righe/13/token,"""raydium""","CoinGecko (market value); DefiLlama (fees, revenue)","{""livelli"": ""2026-10-05"", ""somme"": ""2026-10-04""}",CC BY 4.0,https://creativecommons.org/licenses/by/4.0/,Luca Valente,"CC BY 4.0 applies to the original compilation and editorial work by Luca Valente. Underlying third-party data retain their source terms, including Coin Metrics CC BY-NC 4.0 where indicated; this export does not replace those terms."
listino,2026-10-05,/righe/13/coingecko_id,"""raydium""","CoinGecko (market value); DefiLlama (fees, revenue)","{""livelli"": ""2026-10-05"", ""somme"": ""2026-10-04""}",CC BY 4.0,https://creativecommons.org/licenses/by/4.0/,Luca Valente,"CC BY 4.0 applies to the original compilation and editorial work by Luca Valente. Underlying third-party data retain their source terms, including Coin Metrics CC BY-NC 4.0 where indicated; this export does not replace those terms."
listino,2026-10-05,/righe/13/nome,"""Raydium""","CoinGecko (market value); DefiLlama (fees, revenue)","{""livelli"": ""2026-10-05"", ""somme"": ""2026-10-04""}",CC BY 4.0,https://creativecommons.org/licenses/by/4.0/,Luca Valente,"CC BY 4.0 applies to the original compilation and editorial work by Luca Valente. Underlying third-party data retain their source terms, including Coin Metrics CC BY-NC 4.0 where indicated; this export does not replace those terms."
listino,2026-10-05,/righe/13/settore,"""DEXs""","CoinGecko (market value); DefiLlama (fees, revenue)","{""livelli"": ""2026-10-05"", ""somme"": ""2026-10-04""}",CC BY 4.0,https://creativecommons.org/licenses/by/4.0/,Luca Valente,"CC BY 4.0 applies to the original compilation and editorial work by Luca Valente. Underlying third-party data retain their source terms, including Coin Metrics CC BY-NC 4.0 where indicated; this export does not replace those terms."
listino,2026-10-05,/righe/13/entita/0,"""raydium""","CoinGecko (market value); DefiLlama (fees, revenue)","{""livelli"": ""2026-10-05"", ""somme"": ""2026-10-04""}",CC BY 4.0,https://creativecommons.org/licenses/by/4.0/,Luca Valente,"CC BY 4.0 applies to the original compilation and editorial work by Luca Valente. Underlying third-party data retain their source terms, including Coin Metrics CC BY-NC 4.0 where indicated; this export does not replace those terms."
listino,2026-10-05,/righe/13/capitalizzazione_usd,569457055,"CoinGecko (market value); DefiLlama (fees, revenue)","{""livelli"": ""2026-10-05"", ""somme"": ""2026-10-04""}",CC BY 4.0,https://creativecommons.org/licenses/by/4.0/,Luca Valente,"CC BY 4.0 applies to the original compilation and editorial work by Luca Valente. Underlying third-party data retain their source terms, including Coin Metrics CC BY-NC 4.0 where indicated; this export does not replace those terms."
listino,2026-10-05,/righe/13/commissioni_365g_usd,157670907,"CoinGecko (market value); DefiLlama (fees, revenue)","{""livelli"": ""2026-10-05"", ""somme"": ""2026-10-04""}",CC BY 4.0,https://creativecommons.org/licenses/by/4.0/,Luca Valente,"CC BY 4.0 applies to the original compilation and editorial work by Luca Valente. Underlying third-party data retain their source terms, including Coin Metrics CC BY-NC 4.0 where indicated; this export does not replace those terms."
listino,2026-10-05,/righe/13/ricavi_365g_usd,25051193,"CoinGecko (market value); DefiLlama (fees, revenue)","{""livelli"": ""2026-10-05"", ""somme"": ""2026-10-04""}",CC BY 4.0,https://creativecommons.org/licenses/by/4.0/,Luca Valente,"CC BY 4.0 applies to the original compilation and editorial work by Luca Valente. Underlying third-party data retain their source terms, including Coin Metrics CC BY-NC 4.0 where indicated; this export does not replace those terms."
listino,2026-10-05,/righe/13/prezzo_su_commissioni,3.61,"CoinGecko (market value); DefiLlama (fees, revenue)","{""livelli"": ""2026-10-05"", ""somme"": ""2026-10-04""}",CC BY 4.0,https://creativecommons.org/licenses/by/4.0/,Luca Valente,"CC BY 4.0 applies to the original compilation and editorial work by Luca Valente. Underlying third-party data retain their source terms, including Coin Metrics CC BY-NC 4.0 where indicated; this export does not replace those terms."
listino,2026-10-05,/righe/13/percentile_1a,99.2,"CoinGecko (market value); DefiLlama (fees, revenue)","{""livelli"": ""2026-10-05"", ""somme"": ""2026-10-04""}",CC BY 4.0,https://creativecommons.org/licenses/by/4.0/,Luca Valente,"CC BY 4.0 applies to the original compilation and editorial work by Luca Valente. Underlying third-party data retain their source terms, including Coin Metrics CC BY-NC 4.0 where indicated; this export does not replace those terms."
listino,2026-10-05,/righe/13/mediana_1a,0.78,"CoinGecko (market value); DefiLlama (fees, revenue)","{""livelli"": ""2026-10-05"", ""somme"": ""2026-10-04""}",CC BY 4.0,https://creativecommons.org/licenses/by/4.0/,Luca Valente,"CC BY 4.0 applies to the original compilation and editorial work by Luca Valente. Underlying third-party data retain their source terms, including Coin Metrics CC BY-NC 4.0 where indicated; this export does not replace those terms."
listino,2026-10-05,/righe/13/prezzo_su_ricavi,22.73,"CoinGecko (market value); DefiLlama (fees, revenue)","{""livelli"": ""2026-10-05"", ""somme"": ""2026-10-04""}",CC BY 4.0,https://creativecommons.org/licenses/by/4.0/,Luca Valente,"CC BY 4.0 applies to the original compilation and editorial work by Luca Valente. Underlying third-party data retain their source terms, including Coin Metrics CC BY-NC 4.0 where indicated; this export does not replace those terms."
listino,2026-10-05,/righe/13/percentile_ricavi_1a,99.2,"CoinGecko (market value); DefiLlama (fees, revenue)","{""livelli"": ""2026-10-05"", ""somme"": ""2026-10-04""}",CC BY 4.0,https://creativecommons.org/licenses/by/4.0/,Luca Valente,"CC BY 4.0 applies to the original compilation and editorial work by Luca Valente. Underlying third-party data retain their source terms, including Coin Metrics CC BY-NC 4.0 where indicated; this export does not replace those terms."
listino,2026-10-05,/righe/13/giorni_di_multiplo,365,"CoinGecko (market value); DefiLlama (fees, revenue)","{""livelli"": ""2026-10-05"", ""somme"": ""2026-10-04""}",CC BY 4.0,https://creativecommons.org/licenses/by/4.0/,Luca Valente,"CC BY 4.0 applies to the original compilation and editorial work by Luca Valente. Underlying third-party data retain their source terms, including Coin Metrics CC BY-NC 4.0 where indicated; this export does not replace those terms."
listino,2026-10-05,/righe/13/copertura_parziale,true,"CoinGecko (market value); DefiLlama (fees, revenue)","{""livelli"": ""2026-10-05"", ""somme"": ""2026-10-04""}",CC BY 4.0,https://creativecommons.org/licenses/by/4.0/,Luca Valente,"CC BY 4.0 applies to the original compilation and editorial work by Luca Valente. Underlying third-party data retain their source terms, including Coin Metrics CC BY-NC 4.0 where indicated; this export does not replace those terms."
listino,2026-10-05,/righe/13/prodotti_fuori_universo,1,"CoinGecko (market value); DefiLlama (fees, revenue)","{""livelli"": ""2026-10-05"", ""somme"": ""2026-10-04""}",CC BY 4.0,https://creativecommons.org/licenses/by/4.0/,Luca Valente,"CC BY 4.0 applies to the original compilation and editorial work by Luca Valente. Underlying third-party data retain their source terms, including Coin Metrics CC BY-NC 4.0 where indicated; this export does not replace those terms."
listino,2026-10-05,/righe/13/voci_dello_stesso_token,1,"CoinGecko (market value); DefiLlama (fees, revenue)","{""livelli"": ""2026-10-05"", ""somme"": ""2026-10-04""}",CC BY 4.0,https://creativecommons.org/licenses/by/4.0/,Luca Valente,"CC BY 4.0 applies to the original compilation and editorial work by Luca Valente. Underlying third-party data retain their source terms, including Coin Metrics CC BY-NC 4.0 where indicated; this export does not replace those terms."
listino,2026-10-05,/righe/13/commissioni_sono_ricompense,false,"CoinGecko (market value); DefiLlama (fees, revenue)","{""livelli"": ""2026-10-05"", ""somme"": ""2026-10-04""}",CC BY 4.0,https://creativecommons.org/licenses/by/4.0/,Luca Valente,"CC BY 4.0 applies to the original compilation and editorial work by Luca Valente. Underlying third-party data retain their source terms, including Coin Metrics CC BY-NC 4.0 where indicated; this export does not replace those terms."
listino,2026-10-05,/righe/14/token,"""PENDLE""","CoinGecko (market value); DefiLlama (fees, revenue)","{""livelli"": ""2026-10-05"", ""somme"": ""2026-10-04""}",CC BY 4.0,https://creativecommons.org/licenses/by/4.0/,Luca Valente,"CC BY 4.0 applies to the original compilation and editorial work by Luca Valente. Underlying third-party data retain their source terms, including Coin Metrics CC BY-NC 4.0 where indicated; this export does not replace those terms."
listino,2026-10-05,/righe/14/coingecko_id,"""pendle""","CoinGecko (market value); DefiLlama (fees, revenue)","{""livelli"": ""2026-10-05"", ""somme"": ""2026-10-04""}",CC BY 4.0,https://creativecommons.org/licenses/by/4.0/,Luca Valente,"CC BY 4.0 applies to the original compilation and editorial work by Luca Valente. Underlying third-party data retain their source terms, including Coin Metrics CC BY-NC 4.0 where indicated; this export does not replace those terms."
listino,2026-10-05,/righe/14/nome,"""Pendle V2""","CoinGecko (market value); DefiLlama (fees, revenue)","{""livelli"": ""2026-10-05"", ""somme"": ""2026-10-04""}",CC BY 4.0,https://creativecommons.org/licenses/by/4.0/,Luca Valente,"CC BY 4.0 applies to the original compilation and editorial work by Luca Valente. Underlying third-party data retain their source terms, including Coin Metrics CC BY-NC 4.0 where indicated; this export does not replace those terms."
listino,2026-10-05,/righe/14/settore,"""Yield""","CoinGecko (market value); DefiLlama (fees, revenue)","{""livelli"": ""2026-10-05"", ""somme"": ""2026-10-04""}",CC BY 4.0,https://creativecommons.org/licenses/by/4.0/,Luca Valente,"CC BY 4.0 applies to the original compilation and editorial work by Luca Valente. Underlying third-party data retain their source terms, including Coin Metrics CC BY-NC 4.0 where indicated; this export does not replace those terms."
listino,2026-10-05,/righe/14/entita/0,"""pendle-v2""","CoinGecko (market value); DefiLlama (fees, revenue)","{""livelli"": ""2026-10-05"", ""somme"": ""2026-10-04""}",CC BY 4.0,https://creativecommons.org/licenses/by/4.0/,Luca Valente,"CC BY 4.0 applies to the original compilation and editorial work by Luca Valente. Underlying third-party data retain their source terms, including Coin Metrics CC BY-NC 4.0 where indicated; this export does not replace those terms."
listino,2026-10-05,/righe/14/capitalizzazione_usd,424695539,"CoinGecko (market value); DefiLlama (fees, revenue)","{""livelli"": ""2026-10-05"", ""somme"": ""2026-10-04""}",CC BY 4.0,https://creativecommons.org/licenses/by/4.0/,Luca Valente,"CC BY 4.0 applies to the original compilation and editorial work by Luca Valente. Underlying third-party data retain their source terms, including Coin Metrics CC BY-NC 4.0 where indicated; this export does not replace those terms."
listino,2026-10-05,/righe/14/commissioni_365g_usd,16570642,"CoinGecko (market value); DefiLlama (fees, revenue)","{""livelli"": ""2026-10-05"", ""somme"": ""2026-10-04""}",CC BY 4.0,https://creativecommons.org/licenses/by/4.0/,Luca Valente,"CC BY 4.0 applies to the original compilation and editorial work by Luca Valente. Underlying third-party data retain their source terms, including Coin Metrics CC BY-NC 4.0 where indicated; this export does not replace those terms."
listino,2026-10-05,/righe/14/ricavi_365g_usd,16241738,"CoinGecko (market value); DefiLlama (fees, revenue)","{""livelli"": ""2026-10-05"", ""somme"": ""2026-10-04""}",CC BY 4.0,https://creativecommons.org/licenses/by/4.0/,Luca Valente,"CC BY 4.0 applies to the original compilation and editorial work by Luca Valente. Underlying third-party data retain their source terms, including Coin Metrics CC BY-NC 4.0 where indicated; this export does not replace those terms."
listino,2026-10-05,/righe/14/prezzo_su_commissioni,25.63,"CoinGecko (market value); DefiLlama (fees, revenue)","{""livelli"": ""2026-10-05"", ""somme"": ""2026-10-04""}",CC BY 4.0,https://creativecommons.org/licenses/by/4.0/,Luca Valente,"CC BY 4.0 applies to the original compilation and editorial work by Luca Valente. Underlying third-party data retain their source terms, including Coin Metrics CC BY-NC 4.0 where indicated; this export does not replace those terms."
listino,2026-10-05,/righe/14/percentile_1a,99.2,"CoinGecko (market value); DefiLlama (fees, revenue)","{""livelli"": ""2026-10-05"", ""somme"": ""2026-10-04""}",CC BY 4.0,https://creativecommons.org/licenses/by/4.0/,Luca Valente,"CC BY 4.0 applies to the original compilation and editorial work by Luca Valente. Underlying third-party data retain their source terms, including Coin Metrics CC BY-NC 4.0 where indicated; this export does not replace those terms."
listino,2026-10-05,/righe/14/mediana_1a,10.19,"CoinGecko (market value); DefiLlama (fees, revenue)","{""livelli"": ""2026-10-05"", ""somme"": ""2026-10-04""}",CC BY 4.0,https://creativecommons.org/licenses/by/4.0/,Luca Valente,"CC BY 4.0 applies to the original compilation and editorial work by Luca Valente. Underlying third-party data retain their source terms, including Coin Metrics CC BY-NC 4.0 where indicated; this export does not replace those terms."
listino,2026-10-05,/righe/14/prezzo_su_ricavi,26.15,"CoinGecko (market value); DefiLlama (fees, revenue)","{""livelli"": ""2026-10-05"", ""somme"": ""2026-10-04""}",CC BY 4.0,https://creativecommons.org/licenses/by/4.0/,Luca Valente,"CC BY 4.0 applies to the original compilation and editorial work by Luca Valente. Underlying third-party data retain their source terms, including Coin Metrics CC BY-NC 4.0 where indicated; this export does not replace those terms."
listino,2026-10-05,/righe/14/percentile_ricavi_1a,99.2,"CoinGecko (market value); DefiLlama (fees, revenue)","{""livelli"": ""2026-10-05"", ""somme"": ""2026-10-04""}",CC BY 4.0,https://creativecommons.org/licenses/by/4.0/,Luca Valente,"CC BY 4.0 applies to the original compilation and editorial work by Luca Valente. Underlying third-party data retain their source terms, including Coin Metrics CC BY-NC 4.0 where indicated; this export does not replace those terms."
listino,2026-10-05,/righe/14/giorni_di_multiplo,365,"CoinGecko (market value); DefiLlama (fees, revenue)","{""livelli"": ""2026-10-05"", ""somme"": ""2026-10-04""}",CC BY 4.0,https://creativecommons.org/licenses/by/4.0/,Luca Valente,"CC BY 4.0 applies to the original compilation and editorial work by Luca Valente. Underlying third-party data retain their source terms, including Coin Metrics CC BY-NC 4.0 where indicated; this export does not replace those terms."
listino,2026-10-05,/righe/14/copertura_parziale,true,"CoinGecko (market value); DefiLlama (fees, revenue)","{""livelli"": ""2026-10-05"", ""somme"": ""2026-10-04""}",CC BY 4.0,https://creativecommons.org/licenses/by/4.0/,Luca Valente,"CC BY 4.0 applies to the original compilation and editorial work by Luca Valente. Underlying third-party data retain their source terms, including Coin Metrics CC BY-NC 4.0 where indicated; this export does not replace those terms."
listino,2026-10-05,/righe/14/prodotti_fuori_universo,1,"CoinGecko (market value); DefiLlama (fees, revenue)","{""livelli"": ""2026-10-05"", ""somme"": ""2026-10-04""}",CC BY 4.0,https://creativecommons.org/licenses/by/4.0/,Luca Valente,"CC BY 4.0 applies to the original compilation and editorial work by Luca Valente. Underlying third-party data retain their source terms, including Coin Metrics CC BY-NC 4.0 where indicated; this export does not replace those terms."
listino,2026-10-05,/righe/14/voci_dello_stesso_token,1,"CoinGecko (market value); DefiLlama (fees, revenue)","{""livelli"": ""2026-10-05"", ""somme"": ""2026-10-04""}",CC BY 4.0,https://creativecommons.org/licenses/by/4.0/,Luca Valente,"CC BY 4.0 applies to the original compilation and editorial work by Luca Valente. Underlying third-party data retain their source terms, including Coin Metrics CC BY-NC 4.0 where indicated; this export does not replace those terms."
listino,2026-10-05,/righe/14/commissioni_sono_ricompense,false,"CoinGecko (market value); DefiLlama (fees, revenue)","{""livelli"": ""2026-10-05"", ""somme"": ""2026-10-04""}",CC BY 4.0,https://creativecommons.org/licenses/by/4.0/,Luca Valente,"CC BY 4.0 applies to the original compilation and editorial work by Luca Valente. Underlying third-party data retain their source terms, including Coin Metrics CC BY-NC 4.0 where indicated; this export does not replace those terms."
listino,2026-10-05,/righe/15/token,"""LDO""","CoinGecko (market value); DefiLlama (fees, revenue)","{""livelli"": ""2026-10-05"", ""somme"": ""2026-10-04""}",CC BY 4.0,https://creativecommons.org/licenses/by/4.0/,Luca Valente,"CC BY 4.0 applies to the original compilation and editorial work by Luca Valente. Underlying third-party data retain their source terms, including Coin Metrics CC BY-NC 4.0 where indicated; this export does not replace those terms."
listino,2026-10-05,/righe/15/coingecko_id,"""lido-dao""","CoinGecko (market value); DefiLlama (fees, revenue)","{""livelli"": ""2026-10-05"", ""somme"": ""2026-10-04""}",CC BY 4.0,https://creativecommons.org/licenses/by/4.0/,Luca Valente,"CC BY 4.0 applies to the original compilation and editorial work by Luca Valente. Underlying third-party data retain their source terms, including Coin Metrics CC BY-NC 4.0 where indicated; this export does not replace those terms."
listino,2026-10-05,/righe/15/nome,"""Lido""","CoinGecko (market value); DefiLlama (fees, revenue)","{""livelli"": ""2026-10-05"", ""somme"": ""2026-10-04""}",CC BY 4.0,https://creativecommons.org/licenses/by/4.0/,Luca Valente,"CC BY 4.0 applies to the original compilation and editorial work by Luca Valente. Underlying third-party data retain their source terms, including Coin Metrics CC BY-NC 4.0 where indicated; this export does not replace those terms."
listino,2026-10-05,/righe/15/settore,"""Liquid staking""","CoinGecko (market value); DefiLlama (fees, revenue)","{""livelli"": ""2026-10-05"", ""somme"": ""2026-10-04""}",CC BY 4.0,https://creativecommons.org/licenses/by/4.0/,Luca Valente,"CC BY 4.0 applies to the original compilation and editorial work by Luca Valente. Underlying third-party data retain their source terms, including Coin Metrics CC BY-NC 4.0 where indicated; this export does not replace those terms."
listino,2026-10-05,/righe/15/entita/0,"""lido""","CoinGecko (market value); DefiLlama (fees, revenue)","{""livelli"": ""2026-10-05"", ""somme"": ""2026-10-04""}",CC BY 4.0,https://creativecommons.org/licenses/by/4.0/,Luca Valente,"CC BY 4.0 applies to the original compilation and editorial work by Luca Valente. Underlying third-party data retain their source terms, including Coin Metrics CC BY-NC 4.0 where indicated; this export does not replace those terms."
listino,2026-10-05,/righe/15/capitalizzazione_usd,385346217,"CoinGecko (market value); DefiLlama (fees, revenue)","{""livelli"": ""2026-10-05"", ""somme"": ""2026-10-04""}",CC BY 4.0,https://creativecommons.org/licenses/by/4.0/,Luca Valente,"CC BY 4.0 applies to the original compilation and editorial work by Luca Valente. Underlying third-party data retain their source terms, including Coin Metrics CC BY-NC 4.0 where indicated; this export does not replace those terms."
listino,2026-10-05,/righe/15/commissioni_365g_usd,620018559,"CoinGecko (market value); DefiLlama (fees, revenue)","{""livelli"": ""2026-10-05"", ""somme"": ""2026-10-04""}",CC BY 4.0,https://creativecommons.org/licenses/by/4.0/,Luca Valente,"CC BY 4.0 applies to the original compilation and editorial work by Luca Valente. Underlying third-party data retain their source terms, including Coin Metrics CC BY-NC 4.0 where indicated; this export does not replace those terms."
listino,2026-10-05,/righe/15/ricavi_365g_usd,35730245,"CoinGecko (market value); DefiLlama (fees, revenue)","{""livelli"": ""2026-10-05"", ""somme"": ""2026-10-04""}",CC BY 4.0,https://creativecommons.org/licenses/by/4.0/,Luca Valente,"CC BY 4.0 applies to the original compilation and editorial work by Luca Valente. Underlying third-party data retain their source terms, including Coin Metrics CC BY-NC 4.0 where indicated; this export does not replace those terms."
listino,2026-10-05,/righe/15/prezzo_su_commissioni,0.62,"CoinGecko (market value); DefiLlama (fees, revenue)","{""livelli"": ""2026-10-05"", ""somme"": ""2026-10-04""}",CC BY 4.0,https://creativecommons.org/licenses/by/4.0/,Luca Valente,"CC BY 4.0 applies to the original compilation and editorial work by Luca Valente. Underlying third-party data retain their source terms, including Coin Metrics CC BY-NC 4.0 where indicated; this export does not replace those terms."
listino,2026-10-05,/righe/15/percentile_1a,75.1,"CoinGecko (market value); DefiLlama (fees, revenue)","{""livelli"": ""2026-10-05"", ""somme"": ""2026-10-04""}",CC BY 4.0,https://creativecommons.org/licenses/by/4.0/,Luca Valente,"CC BY 4.0 applies to the original compilation and editorial work by Luca Valente. Underlying third-party data retain their source terms, including Coin Metrics CC BY-NC 4.0 where indicated; this export does not replace those terms."
listino,2026-10-05,/righe/15/mediana_1a,0.5,"CoinGecko (market value); DefiLlama (fees, revenue)","{""livelli"": ""2026-10-05"", ""somme"": ""2026-10-04""}",CC BY 4.0,https://creativecommons.org/licenses/by/4.0/,Luca Valente,"CC BY 4.0 applies to the original compilation and editorial work by Luca Valente. Underlying third-party data retain their source terms, including Coin Metrics CC BY-NC 4.0 where indicated; this export does not replace those terms."
listino,2026-10-05,/righe/15/prezzo_su_ricavi,10.78,"CoinGecko (market value); DefiLlama (fees, revenue)","{""livelli"": ""2026-10-05"", ""somme"": ""2026-10-04""}",CC BY 4.0,https://creativecommons.org/licenses/by/4.0/,Luca Valente,"CC BY 4.0 applies to the original compilation and editorial work by Luca Valente. Underlying third-party data retain their source terms, including Coin Metrics CC BY-NC 4.0 where indicated; this export does not replace those terms."
listino,2026-10-05,/righe/15/percentile_ricavi_1a,57.3,"CoinGecko (market value); DefiLlama (fees, revenue)","{""livelli"": ""2026-10-05"", ""somme"": ""2026-10-04""}",CC BY 4.0,https://creativecommons.org/licenses/by/4.0/,Luca Valente,"CC BY 4.0 applies to the original compilation and editorial work by Luca Valente. Underlying third-party data retain their source terms, including Coin Metrics CC BY-NC 4.0 where indicated; this export does not replace those terms."
listino,2026-10-05,/righe/15/giorni_di_multiplo,365,"CoinGecko (market value); DefiLlama (fees, revenue)","{""livelli"": ""2026-10-05"", ""somme"": ""2026-10-04""}",CC BY 4.0,https://creativecommons.org/licenses/by/4.0/,Luca Valente,"CC BY 4.0 applies to the original compilation and editorial work by Luca Valente. Underlying third-party data retain their source terms, including Coin Metrics CC BY-NC 4.0 where indicated; this export does not replace those terms."
listino,2026-10-05,/righe/15/copertura_parziale,false,"CoinGecko (market value); DefiLlama (fees, revenue)","{""livelli"": ""2026-10-05"", ""somme"": ""2026-10-04""}",CC BY 4.0,https://creativecommons.org/licenses/by/4.0/,Luca Valente,"CC BY 4.0 applies to the original compilation and editorial work by Luca Valente. Underlying third-party data retain their source terms, including Coin Metrics CC BY-NC 4.0 where indicated; this export does not replace those terms."
listino,2026-10-05,/righe/15/prodotti_fuori_universo,0,"CoinGecko (market value); DefiLlama (fees, revenue)","{""livelli"": ""2026-10-05"", ""somme"": ""2026-10-04""}",CC BY 4.0,https://creativecommons.org/licenses/by/4.0/,Luca Valente,"CC BY 4.0 applies to the original compilation and editorial work by Luca Valente. Underlying third-party data retain their source terms, including Coin Metrics CC BY-NC 4.0 where indicated; this export does not replace those terms."
listino,2026-10-05,/righe/15/voci_dello_stesso_token,1,"CoinGecko (market value); DefiLlama (fees, revenue)","{""livelli"": ""2026-10-05"", ""somme"": ""2026-10-04""}",CC BY 4.0,https://creativecommons.org/licenses/by/4.0/,Luca Valente,"CC BY 4.0 applies to the original compilation and editorial work by Luca Valente. Underlying third-party data retain their source terms, including Coin Metrics CC BY-NC 4.0 where indicated; this export does not replace those terms."
listino,2026-10-05,/righe/15/commissioni_sono_ricompense,true,"CoinGecko (market value); DefiLlama (fees, revenue)","{""livelli"": ""2026-10-05"", ""somme"": ""2026-10-04""}",CC BY 4.0,https://creativecommons.org/licenses/by/4.0/,Luca Valente,"CC BY 4.0 applies to the original compilation and editorial work by Luca Valente. Underlying third-party data retain their source terms, including Coin Metrics CC BY-NC 4.0 where indicated; this export does not replace those terms."
listino,2026-10-05,/righe/16/token,"""JTO""","CoinGecko (market value); DefiLlama (fees, revenue)","{""livelli"": ""2026-10-05"", ""somme"": ""2026-10-04""}",CC BY 4.0,https://creativecommons.org/licenses/by/4.0/,Luca Valente,"CC BY 4.0 applies to the original compilation and editorial work by Luca Valente. Underlying third-party data retain their source terms, including Coin Metrics CC BY-NC 4.0 where indicated; this export does not replace those terms."
listino,2026-10-05,/righe/16/coingecko_id,"""jito-governance-token""","CoinGecko (market value); DefiLlama (fees, revenue)","{""livelli"": ""2026-10-05"", ""somme"": ""2026-10-04""}",CC BY 4.0,https://creativecommons.org/licenses/by/4.0/,Luca Valente,"CC BY 4.0 applies to the original compilation and editorial work by Luca Valente. Underlying third-party data retain their source terms, including Coin Metrics CC BY-NC 4.0 where indicated; this export does not replace those terms."
listino,2026-10-05,/righe/16/nome,"""Jito Liquid Staking""","CoinGecko (market value); DefiLlama (fees, revenue)","{""livelli"": ""2026-10-05"", ""somme"": ""2026-10-04""}",CC BY 4.0,https://creativecommons.org/licenses/by/4.0/,Luca Valente,"CC BY 4.0 applies to the original compilation and editorial work by Luca Valente. Underlying third-party data retain their source terms, including Coin Metrics CC BY-NC 4.0 where indicated; this export does not replace those terms."
listino,2026-10-05,/righe/16/settore,"""Liquid staking""","CoinGecko (market value); DefiLlama (fees, revenue)","{""livelli"": ""2026-10-05"", ""somme"": ""2026-10-04""}",CC BY 4.0,https://creativecommons.org/licenses/by/4.0/,Luca Valente,"CC BY 4.0 applies to the original compilation and editorial work by Luca Valente. Underlying third-party data retain their source terms, including Coin Metrics CC BY-NC 4.0 where indicated; this export does not replace those terms."
listino,2026-10-05,/righe/16/entita/0,"""jito-liquid-staking""","CoinGecko (market value); DefiLlama (fees, revenue)","{""livelli"": ""2026-10-05"", ""somme"": ""2026-10-04""}",CC BY 4.0,https://creativecommons.org/licenses/by/4.0/,Luca Valente,"CC BY 4.0 applies to the original compilation and editorial work by Luca Valente. Underlying third-party data retain their source terms, including Coin Metrics CC BY-NC 4.0 where indicated; this export does not replace those terms."
listino,2026-10-05,/righe/16/capitalizzazione_usd,305254658,"CoinGecko (market value); DefiLlama (fees, revenue)","{""livelli"": ""2026-10-05"", ""somme"": ""2026-10-04""}",CC BY 4.0,https://creativecommons.org/licenses/by/4.0/,Luca Valente,"CC BY 4.0 applies to the original compilation and editorial work by Luca Valente. Underlying third-party data retain their source terms, including Coin Metrics CC BY-NC 4.0 where indicated; this export does not replace those terms."
listino,2026-10-05,/righe/16/commissioni_365g_usd,75425239,"CoinGecko (market value); DefiLlama (fees, revenue)","{""livelli"": ""2026-10-05"", ""somme"": ""2026-10-04""}",CC BY 4.0,https://creativecommons.org/licenses/by/4.0/,Luca Valente,"CC BY 4.0 applies to the original compilation and editorial work by Luca Valente. Underlying third-party data retain their source terms, including Coin Metrics CC BY-NC 4.0 where indicated; this export does not replace those terms."
listino,2026-10-05,/righe/16/ricavi_365g_usd,null,"CoinGecko (market value); DefiLlama (fees, revenue)","{""livelli"": ""2026-10-05"", ""somme"": ""2026-10-04""}",CC BY 4.0,https://creativecommons.org/licenses/by/4.0/,Luca Valente,"CC BY 4.0 applies to the original compilation and editorial work by Luca Valente. Underlying third-party data retain their source terms, including Coin Metrics CC BY-NC 4.0 where indicated; this export does not replace those terms."
listino,2026-10-05,/righe/16/prezzo_su_commissioni,4.05,"CoinGecko (market value); DefiLlama (fees, revenue)","{""livelli"": ""2026-10-05"", ""somme"": ""2026-10-04""}",CC BY 4.0,https://creativecommons.org/licenses/by/4.0/,Luca Valente,"CC BY 4.0 applies to the original compilation and editorial work by Luca Valente. Underlying third-party data retain their source terms, including Coin Metrics CC BY-NC 4.0 where indicated; this export does not replace those terms."
listino,2026-10-05,/righe/16/percentile_1a,100.0,"CoinGecko (market value); DefiLlama (fees, revenue)","{""livelli"": ""2026-10-05"", ""somme"": ""2026-10-04""}",CC BY 4.0,https://creativecommons.org/licenses/by/4.0/,Luca Valente,"CC BY 4.0 applies to the original compilation and editorial work by Luca Valente. Underlying third-party data retain their source terms, including Coin Metrics CC BY-NC 4.0 where indicated; this export does not replace those terms."
listino,2026-10-05,/righe/16/mediana_1a,1.58,"CoinGecko (market value); DefiLlama (fees, revenue)","{""livelli"": ""2026-10-05"", ""somme"": ""2026-10-04""}",CC BY 4.0,https://creativecommons.org/licenses/by/4.0/,Luca Valente,"CC BY 4.0 applies to the original compilation and editorial work by Luca Valente. Underlying third-party data retain their source terms, including Coin Metrics CC BY-NC 4.0 where indicated; this export does not replace those terms."
listino,2026-10-05,/righe/16/prezzo_su_ricavi,null,"CoinGecko (market value); DefiLlama (fees, revenue)","{""livelli"": ""2026-10-05"", ""somme"": ""2026-10-04""}",CC BY 4.0,https://creativecommons.org/licenses/by/4.0/,Luca Valente,"CC BY 4.0 applies to the original compilation and editorial work by Luca Valente. Underlying third-party data retain their source terms, including Coin Metrics CC BY-NC 4.0 where indicated; this export does not replace those terms."
listino,2026-10-05,/righe/16/percentile_ricavi_1a,null,"CoinGecko (market value); DefiLlama (fees, revenue)","{""livelli"": ""2026-10-05"", ""somme"": ""2026-10-04""}",CC BY 4.0,https://creativecommons.org/licenses/by/4.0/,Luca Valente,"CC BY 4.0 applies to the original compilation and editorial work by Luca Valente. Underlying third-party data retain their source terms, including Coin Metrics CC BY-NC 4.0 where indicated; this export does not replace those terms."
listino,2026-10-05,/righe/16/giorni_di_multiplo,365,"CoinGecko (market value); DefiLlama (fees, revenue)","{""livelli"": ""2026-10-05"", ""somme"": ""2026-10-04""}",CC BY 4.0,https://creativecommons.org/licenses/by/4.0/,Luca Valente,"CC BY 4.0 applies to the original compilation and editorial work by Luca Valente. Underlying third-party data retain their source terms, including Coin Metrics CC BY-NC 4.0 where indicated; this export does not replace those terms."
listino,2026-10-05,/righe/16/copertura_parziale,false,"CoinGecko (market value); DefiLlama (fees, revenue)","{""livelli"": ""2026-10-05"", ""somme"": ""2026-10-04""}",CC BY 4.0,https://creativecommons.org/licenses/by/4.0/,Luca Valente,"CC BY 4.0 applies to the original compilation and editorial work by Luca Valente. Underlying third-party data retain their source terms, including Coin Metrics CC BY-NC 4.0 where indicated; this export does not replace those terms."
listino,2026-10-05,/righe/16/prodotti_fuori_universo,0,"CoinGecko (market value); DefiLlama (fees, revenue)","{""livelli"": ""2026-10-05"", ""somme"": ""2026-10-04""}",CC BY 4.0,https://creativecommons.org/licenses/by/4.0/,Luca Valente,"CC BY 4.0 applies to the original compilation and editorial work by Luca Valente. Underlying third-party data retain their source terms, including Coin Metrics CC BY-NC 4.0 where indicated; this export does not replace those terms."
listino,2026-10-05,/righe/16/voci_dello_stesso_token,1,"CoinGecko (market value); DefiLlama (fees, revenue)","{""livelli"": ""2026-10-05"", ""somme"": ""2026-10-04""}",CC BY 4.0,https://creativecommons.org/licenses/by/4.0/,Luca Valente,"CC BY 4.0 applies to the original compilation and editorial work by Luca Valente. Underlying third-party data retain their source terms, including Coin Metrics CC BY-NC 4.0 where indicated; this export does not replace those terms."
listino,2026-10-05,/righe/16/commissioni_sono_ricompense,true,"CoinGecko (market value); DefiLlama (fees, revenue)","{""livelli"": ""2026-10-05"", ""somme"": ""2026-10-04""}",CC BY 4.0,https://creativecommons.org/licenses/by/4.0/,Luca Valente,"CC BY 4.0 applies to the original compilation and editorial work by Luca Valente. Underlying third-party data retain their source terms, including Coin Metrics CC BY-NC 4.0 where indicated; this export does not replace those terms."
listino,2026-10-05,/righe/17/token,"""SYRUP""","CoinGecko (market value); DefiLlama (fees, revenue)","{""livelli"": ""2026-10-05"", ""somme"": ""2026-10-04""}",CC BY 4.0,https://creativecommons.org/licenses/by/4.0/,Luca Valente,"CC BY 4.0 applies to the original compilation and editorial work by Luca Valente. Underlying third-party data retain their source terms, including Coin Metrics CC BY-NC 4.0 where indicated; this export does not replace those terms."
listino,2026-10-05,/righe/17/coingecko_id,"""syrup""","CoinGecko (market value); DefiLlama (fees, revenue)","{""livelli"": ""2026-10-05"", ""somme"": ""2026-10-04""}",CC BY 4.0,https://creativecommons.org/licenses/by/4.0/,Luca Valente,"CC BY 4.0 applies to the original compilation and editorial work by Luca Valente. Underlying third-party data retain their source terms, including Coin Metrics CC BY-NC 4.0 where indicated; this export does not replace those terms."
listino,2026-10-05,/righe/17/nome,"""Maple""","CoinGecko (market value); DefiLlama (fees, revenue)","{""livelli"": ""2026-10-05"", ""somme"": ""2026-10-04""}",CC BY 4.0,https://creativecommons.org/licenses/by/4.0/,Luca Valente,"CC BY 4.0 applies to the original compilation and editorial work by Luca Valente. Underlying third-party data retain their source terms, including Coin Metrics CC BY-NC 4.0 where indicated; this export does not replace those terms."
listino,2026-10-05,/righe/17/settore,"""Lending""","CoinGecko (market value); DefiLlama (fees, revenue)","{""livelli"": ""2026-10-05"", ""somme"": ""2026-10-04""}",CC BY 4.0,https://creativecommons.org/licenses/by/4.0/,Luca Valente,"CC BY 4.0 applies to the original compilation and editorial work by Luca Valente. Underlying third-party data retain their source terms, including Coin Metrics CC BY-NC 4.0 where indicated; this export does not replace those terms."
listino,2026-10-05,/righe/17/entita/0,"""maple""","CoinGecko (market value); DefiLlama (fees, revenue)","{""livelli"": ""2026-10-05"", ""somme"": ""2026-10-04""}",CC BY 4.0,https://creativecommons.org/licenses/by/4.0/,Luca Valente,"CC BY 4.0 applies to the original compilation and editorial work by Luca Valente. Underlying third-party data retain their source terms, including Coin Metrics CC BY-NC 4.0 where indicated; this export does not replace those terms."
listino,2026-10-05,/righe/17/capitalizzazione_usd,302278004,"CoinGecko (market value); DefiLlama (fees, revenue)","{""livelli"": ""2026-10-05"", ""somme"": ""2026-10-04""}",CC BY 4.0,https://creativecommons.org/licenses/by/4.0/,Luca Valente,"CC BY 4.0 applies to the original compilation and editorial work by Luca Valente. Underlying third-party data retain their source terms, including Coin Metrics CC BY-NC 4.0 where indicated; this export does not replace those terms."
listino,2026-10-05,/righe/17/commissioni_365g_usd,112283328,"CoinGecko (market value); DefiLlama (fees, revenue)","{""livelli"": ""2026-10-05"", ""somme"": ""2026-10-04""}",CC BY 4.0,https://creativecommons.org/licenses/by/4.0/,Luca Valente,"CC BY 4.0 applies to the original compilation and editorial work by Luca Valente. Underlying third-party data retain their source terms, including Coin Metrics CC BY-NC 4.0 where indicated; this export does not replace those terms."
listino,2026-10-05,/righe/17/ricavi_365g_usd,14338514,"CoinGecko (market value); DefiLlama (fees, revenue)","{""livelli"": ""2026-10-05"", ""somme"": ""2026-10-04""}",CC BY 4.0,https://creativecommons.org/licenses/by/4.0/,Luca Valente,"CC BY 4.0 applies to the original compilation and editorial work by Luca Valente. Underlying third-party data retain their source terms, including Coin Metrics CC BY-NC 4.0 where indicated; this export does not replace those terms."
listino,2026-10-05,/righe/17/prezzo_su_commissioni,2.69,"CoinGecko (market value); DefiLlama (fees, revenue)","{""livelli"": ""2026-10-05"", ""somme"": ""2026-10-04""}",CC BY 4.0,https://creativecommons.org/licenses/by/4.0/,Luca Valente,"CC BY 4.0 applies to the original compilation and editorial work by Luca Valente. Underlying third-party data retain their source terms, including Coin Metrics CC BY-NC 4.0 where indicated; this export does not replace those terms."
listino,2026-10-05,/righe/17/percentile_1a,46.8,"CoinGecko (market value); DefiLlama (fees, revenue)","{""livelli"": ""2026-10-05"", ""somme"": ""2026-10-04""}",CC BY 4.0,https://creativecommons.org/licenses/by/4.0/,Luca Valente,"CC BY 4.0 applies to the original compilation and editorial work by Luca Valente. Underlying third-party data retain their source terms, including Coin Metrics CC BY-NC 4.0 where indicated; this export does not replace those terms."
listino,2026-10-05,/righe/17/mediana_1a,2.75,"CoinGecko (market value); DefiLlama (fees, revenue)","{""livelli"": ""2026-10-05"", ""somme"": ""2026-10-04""}",CC BY 4.0,https://creativecommons.org/licenses/by/4.0/,Luca Valente,"CC BY 4.0 applies to the original compilation and editorial work by Luca Valente. Underlying third-party data retain their source terms, including Coin Metrics CC BY-NC 4.0 where indicated; this export does not replace those terms."
listino,2026-10-05,/righe/17/prezzo_su_ricavi,21.08,"CoinGecko (market value); DefiLlama (fees, revenue)","{""livelli"": ""2026-10-05"", ""somme"": ""2026-10-04""}",CC BY 4.0,https://creativecommons.org/licenses/by/4.0/,Luca Valente,"CC BY 4.0 applies to the original compilation and editorial work by Luca Valente. Underlying third-party data retain their source terms, including Coin Metrics CC BY-NC 4.0 where indicated; this export does not replace those terms."
listino,2026-10-05,/righe/17/percentile_ricavi_1a,63.6,"CoinGecko (market value); DefiLlama (fees, revenue)","{""livelli"": ""2026-10-05"", ""somme"": ""2026-10-04""}",CC BY 4.0,https://creativecommons.org/licenses/by/4.0/,Luca Valente,"CC BY 4.0 applies to the original compilation and editorial work by Luca Valente. Underlying third-party data retain their source terms, including Coin Metrics CC BY-NC 4.0 where indicated; this export does not replace those terms."
listino,2026-10-05,/righe/17/giorni_di_multiplo,365,"CoinGecko (market value); DefiLlama (fees, revenue)","{""livelli"": ""2026-10-05"", ""somme"": ""2026-10-04""}",CC BY 4.0,https://creativecommons.org/licenses/by/4.0/,Luca Valente,"CC BY 4.0 applies to the original compilation and editorial work by Luca Valente. Underlying third-party data retain their source terms, including Coin Metrics CC BY-NC 4.0 where indicated; this export does not replace those terms."
listino,2026-10-05,/righe/17/copertura_parziale,false,"CoinGecko (market value); DefiLlama (fees, revenue)","{""livelli"": ""2026-10-05"", ""somme"": ""2026-10-04""}",CC BY 4.0,https://creativecommons.org/licenses/by/4.0/,Luca Valente,"CC BY 4.0 applies to the original compilation and editorial work by Luca Valente. Underlying third-party data retain their source terms, including Coin Metrics CC BY-NC 4.0 where indicated; this export does not replace those terms."
listino,2026-10-05,/righe/17/prodotti_fuori_universo,0,"CoinGecko (market value); DefiLlama (fees, revenue)","{""livelli"": ""2026-10-05"", ""somme"": ""2026-10-04""}",CC BY 4.0,https://creativecommons.org/licenses/by/4.0/,Luca Valente,"CC BY 4.0 applies to the original compilation and editorial work by Luca Valente. Underlying third-party data retain their source terms, including Coin Metrics CC BY-NC 4.0 where indicated; this export does not replace those terms."
listino,2026-10-05,/righe/17/voci_dello_stesso_token,1,"CoinGecko (market value); DefiLlama (fees, revenue)","{""livelli"": ""2026-10-05"", ""somme"": ""2026-10-04""}",CC BY 4.0,https://creativecommons.org/licenses/by/4.0/,Luca Valente,"CC BY 4.0 applies to the original compilation and editorial work by Luca Valente. Underlying third-party data retain their source terms, including Coin Metrics CC BY-NC 4.0 where indicated; this export does not replace those terms."
listino,2026-10-05,/righe/17/commissioni_sono_ricompense,false,"CoinGecko (market value); DefiLlama (fees, revenue)","{""livelli"": ""2026-10-05"", ""somme"": ""2026-10-04""}",CC BY 4.0,https://creativecommons.org/licenses/by/4.0/,Luca Valente,"CC BY 4.0 applies to the original compilation and editorial work by Luca Valente. Underlying third-party data retain their source terms, including Coin Metrics CC BY-NC 4.0 where indicated; this export does not replace those terms."
listino,2026-10-05,/righe/18/token,"""EIGEN""","CoinGecko (market value); DefiLlama (fees, revenue)","{""livelli"": ""2026-10-05"", ""somme"": ""2026-10-04""}",CC BY 4.0,https://creativecommons.org/licenses/by/4.0/,Luca Valente,"CC BY 4.0 applies to the original compilation and editorial work by Luca Valente. Underlying third-party data retain their source terms, including Coin Metrics CC BY-NC 4.0 where indicated; this export does not replace those terms."
listino,2026-10-05,/righe/18/coingecko_id,"""eigenlayer""","CoinGecko (market value); DefiLlama (fees, revenue)","{""livelli"": ""2026-10-05"", ""somme"": ""2026-10-04""}",CC BY 4.0,https://creativecommons.org/licenses/by/4.0/,Luca Valente,"CC BY 4.0 applies to the original compilation and editorial work by Luca Valente. Underlying third-party data retain their source terms, including Coin Metrics CC BY-NC 4.0 where indicated; this export does not replace those terms."
listino,2026-10-05,/righe/18/nome,"""EigenCloud""","CoinGecko (market value); DefiLlama (fees, revenue)","{""livelli"": ""2026-10-05"", ""somme"": ""2026-10-04""}",CC BY 4.0,https://creativecommons.org/licenses/by/4.0/,Luca Valente,"CC BY 4.0 applies to the original compilation and editorial work by Luca Valente. Underlying third-party data retain their source terms, including Coin Metrics CC BY-NC 4.0 where indicated; this export does not replace those terms."
listino,2026-10-05,/righe/18/settore,"""Restaking""","CoinGecko (market value); DefiLlama (fees, revenue)","{""livelli"": ""2026-10-05"", ""somme"": ""2026-10-04""}",CC BY 4.0,https://creativecommons.org/licenses/by/4.0/,Luca Valente,"CC BY 4.0 applies to the original compilation and editorial work by Luca Valente. Underlying third-party data retain their source terms, including Coin Metrics CC BY-NC 4.0 where indicated; this export does not replace those terms."
listino,2026-10-05,/righe/18/entita/0,"""eigencloud""","CoinGecko (market value); DefiLlama (fees, revenue)","{""livelli"": ""2026-10-05"", ""somme"": ""2026-10-04""}",CC BY 4.0,https://creativecommons.org/licenses/by/4.0/,Luca Valente,"CC BY 4.0 applies to the original compilation and editorial work by Luca Valente. Underlying third-party data retain their source terms, including Coin Metrics CC BY-NC 4.0 where indicated; this export does not replace those terms."
listino,2026-10-05,/righe/18/capitalizzazione_usd,251124322,"CoinGecko (market value); DefiLlama (fees, revenue)","{""livelli"": ""2026-10-05"", ""somme"": ""2026-10-04""}",CC BY 4.0,https://creativecommons.org/licenses/by/4.0/,Luca Valente,"CC BY 4.0 applies to the original compilation and editorial work by Luca Valente. Underlying third-party data retain their source terms, including Coin Metrics CC BY-NC 4.0 where indicated; this export does not replace those terms."
listino,2026-10-05,/righe/18/commissioni_365g_usd,27804671,"CoinGecko (market value); DefiLlama (fees, revenue)","{""livelli"": ""2026-10-05"", ""somme"": ""2026-10-04""}",CC BY 4.0,https://creativecommons.org/licenses/by/4.0/,Luca Valente,"CC BY 4.0 applies to the original compilation and editorial work by Luca Valente. Underlying third-party data retain their source terms, including Coin Metrics CC BY-NC 4.0 where indicated; this export does not replace those terms."
listino,2026-10-05,/righe/18/ricavi_365g_usd,null,"CoinGecko (market value); DefiLlama (fees, revenue)","{""livelli"": ""2026-10-05"", ""somme"": ""2026-10-04""}",CC BY 4.0,https://creativecommons.org/licenses/by/4.0/,Luca Valente,"CC BY 4.0 applies to the original compilation and editorial work by Luca Valente. Underlying third-party data retain their source terms, including Coin Metrics CC BY-NC 4.0 where indicated; this export does not replace those terms."
listino,2026-10-05,/righe/18/prezzo_su_commissioni,9.03,"CoinGecko (market value); DefiLlama (fees, revenue)","{""livelli"": ""2026-10-05"", ""somme"": ""2026-10-04""}",CC BY 4.0,https://creativecommons.org/licenses/by/4.0/,Luca Valente,"CC BY 4.0 applies to the original compilation and editorial work by Luca Valente. Underlying third-party data retain their source terms, including Coin Metrics CC BY-NC 4.0 where indicated; this export does not replace those terms."
listino,2026-10-05,/righe/18/percentile_1a,100.0,"CoinGecko (market value); DefiLlama (fees, revenue)","{""livelli"": ""2026-10-05"", ""somme"": ""2026-10-04""}",CC BY 4.0,https://creativecommons.org/licenses/by/4.0/,Luca Valente,"CC BY 4.0 applies to the original compilation and editorial work by Luca Valente. Underlying third-party data retain their source terms, including Coin Metrics CC BY-NC 4.0 where indicated; this export does not replace those terms."
listino,2026-10-05,/righe/18/mediana_1a,3.26,"CoinGecko (market value); DefiLlama (fees, revenue)","{""livelli"": ""2026-10-05"", ""somme"": ""2026-10-04""}",CC BY 4.0,https://creativecommons.org/licenses/by/4.0/,Luca Valente,"CC BY 4.0 applies to the original compilation and editorial work by Luca Valente. Underlying third-party data retain their source terms, including Coin Metrics CC BY-NC 4.0 where indicated; this export does not replace those terms."
listino,2026-10-05,/righe/18/prezzo_su_ricavi,null,"CoinGecko (market value); DefiLlama (fees, revenue)","{""livelli"": ""2026-10-05"", ""somme"": ""2026-10-04""}",CC BY 4.0,https://creativecommons.org/licenses/by/4.0/,Luca Valente,"CC BY 4.0 applies to the original compilation and editorial work by Luca Valente. Underlying third-party data retain their source terms, including Coin Metrics CC BY-NC 4.0 where indicated; this export does not replace those terms."
listino,2026-10-05,/righe/18/percentile_ricavi_1a,null,"CoinGecko (market value); DefiLlama (fees, revenue)","{""livelli"": ""2026-10-05"", ""somme"": ""2026-10-04""}",CC BY 4.0,https://creativecommons.org/licenses/by/4.0/,Luca Valente,"CC BY 4.0 applies to the original compilation and editorial work by Luca Valente. Underlying third-party data retain their source terms, including Coin Metrics CC BY-NC 4.0 where indicated; this export does not replace those terms."
listino,2026-10-05,/righe/18/giorni_di_multiplo,365,"CoinGecko (market value); DefiLlama (fees, revenue)","{""livelli"": ""2026-10-05"", ""somme"": ""2026-10-04""}",CC BY 4.0,https://creativecommons.org/licenses/by/4.0/,Luca Valente,"CC BY 4.0 applies to the original compilation and editorial work by Luca Valente. Underlying third-party data retain their source terms, including Coin Metrics CC BY-NC 4.0 where indicated; this export does not replace those terms."
listino,2026-10-05,/righe/18/copertura_parziale,false,"CoinGecko (market value); DefiLlama (fees, revenue)","{""livelli"": ""2026-10-05"", ""somme"": ""2026-10-04""}",CC BY 4.0,https://creativecommons.org/licenses/by/4.0/,Luca Valente,"CC BY 4.0 applies to the original compilation and editorial work by Luca Valente. Underlying third-party data retain their source terms, including Coin Metrics CC BY-NC 4.0 where indicated; this export does not replace those terms."
listino,2026-10-05,/righe/18/prodotti_fuori_universo,0,"CoinGecko (market value); DefiLlama (fees, revenue)","{""livelli"": ""2026-10-05"", ""somme"": ""2026-10-04""}",CC BY 4.0,https://creativecommons.org/licenses/by/4.0/,Luca Valente,"CC BY 4.0 applies to the original compilation and editorial work by Luca Valente. Underlying third-party data retain their source terms, including Coin Metrics CC BY-NC 4.0 where indicated; this export does not replace those terms."
listino,2026-10-05,/righe/18/voci_dello_stesso_token,1,"CoinGecko (market value); DefiLlama (fees, revenue)","{""livelli"": ""2026-10-05"", ""somme"": ""2026-10-04""}",CC BY 4.0,https://creativecommons.org/licenses/by/4.0/,Luca Valente,"CC BY 4.0 applies to the original compilation and editorial work by Luca Valente. Underlying third-party data retain their source terms, including Coin Metrics CC BY-NC 4.0 where indicated; this export does not replace those terms."
listino,2026-10-05,/righe/18/commissioni_sono_ricompense,false,"CoinGecko (market value); DefiLlama (fees, revenue)","{""livelli"": ""2026-10-05"", ""somme"": ""2026-10-04""}",CC BY 4.0,https://creativecommons.org/licenses/by/4.0/,Luca Valente,"CC BY 4.0 applies to the original compilation and editorial work by Luca Valente. Underlying third-party data retain their source terms, including Coin Metrics CC BY-NC 4.0 where indicated; this export does not replace those terms."
listino,2026-10-05,/righe/19/token,"""COMP""","CoinGecko (market value); DefiLlama (fees, revenue)","{""livelli"": ""2026-10-05"", ""somme"": ""2026-10-04""}",CC BY 4.0,https://creativecommons.org/licenses/by/4.0/,Luca Valente,"CC BY 4.0 applies to the original compilation and editorial work by Luca Valente. Underlying third-party data retain their source terms, including Coin Metrics CC BY-NC 4.0 where indicated; this export does not replace those terms."
listino,2026-10-05,/righe/19/coingecko_id,"""compound-governance-token""","CoinGecko (market value); DefiLlama (fees, revenue)","{""livelli"": ""2026-10-05"", ""somme"": ""2026-10-04""}",CC BY 4.0,https://creativecommons.org/licenses/by/4.0/,Luca Valente,"CC BY 4.0 applies to the original compilation and editorial work by Luca Valente. Underlying third-party data retain their source terms, including Coin Metrics CC BY-NC 4.0 where indicated; this export does not replace those terms."
listino,2026-10-05,/righe/19/nome,"""Compound V3""","CoinGecko (market value); DefiLlama (fees, revenue)","{""livelli"": ""2026-10-05"", ""somme"": ""2026-10-04""}",CC BY 4.0,https://creativecommons.org/licenses/by/4.0/,Luca Valente,"CC BY 4.0 applies to the original compilation and editorial work by Luca Valente. Underlying third-party data retain their source terms, including Coin Metrics CC BY-NC 4.0 where indicated; this export does not replace those terms."
listino,2026-10-05,/righe/19/settore,"""Lending""","CoinGecko (market value); DefiLlama (fees, revenue)","{""livelli"": ""2026-10-05"", ""somme"": ""2026-10-04""}",CC BY 4.0,https://creativecommons.org/licenses/by/4.0/,Luca Valente,"CC BY 4.0 applies to the original compilation and editorial work by Luca Valente. Underlying third-party data retain their source terms, including Coin Metrics CC BY-NC 4.0 where indicated; this export does not replace those terms."
listino,2026-10-05,/righe/19/entita/0,"""compound-v3""","CoinGecko (market value); DefiLlama (fees, revenue)","{""livelli"": ""2026-10-05"", ""somme"": ""2026-10-04""}",CC BY 4.0,https://creativecommons.org/licenses/by/4.0/,Luca Valente,"CC BY 4.0 applies to the original compilation and editorial work by Luca Valente. Underlying third-party data retain their source terms, including Coin Metrics CC BY-NC 4.0 where indicated; this export does not replace those terms."
listino,2026-10-05,/righe/19/capitalizzazione_usd,250545074,"CoinGecko (market value); DefiLlama (fees, revenue)","{""livelli"": ""2026-10-05"", ""somme"": ""2026-10-04""}",CC BY 4.0,https://creativecommons.org/licenses/by/4.0/,Luca Valente,"CC BY 4.0 applies to the original compilation and editorial work by Luca Valente. Underlying third-party data retain their source terms, including Coin Metrics CC BY-NC 4.0 where indicated; this export does not replace those terms."
listino,2026-10-05,/righe/19/commissioni_365g_usd,26240798,"CoinGecko (market value); DefiLlama (fees, revenue)","{""livelli"": ""2026-10-05"", ""somme"": ""2026-10-04""}",CC BY 4.0,https://creativecommons.org/licenses/by/4.0/,Luca Valente,"CC BY 4.0 applies to the original compilation and editorial work by Luca Valente. Underlying third-party data retain their source terms, including Coin Metrics CC BY-NC 4.0 where indicated; this export does not replace those terms."
listino,2026-10-05,/righe/19/ricavi_365g_usd,659156,"CoinGecko (market value); DefiLlama (fees, revenue)","{""livelli"": ""2026-10-05"", ""somme"": ""2026-10-04""}",CC BY 4.0,https://creativecommons.org/licenses/by/4.0/,Luca Valente,"CC BY 4.0 applies to the original compilation and editorial work by Luca Valente. Underlying third-party data retain their source terms, including Coin Metrics CC BY-NC 4.0 where indicated; this export does not replace those terms."
listino,2026-10-05,/righe/19/prezzo_su_commissioni,9.55,"CoinGecko (market value); DefiLlama (fees, revenue)","{""livelli"": ""2026-10-05"", ""somme"": ""2026-10-04""}",CC BY 4.0,https://creativecommons.org/licenses/by/4.0/,Luca Valente,"CC BY 4.0 applies to the original compilation and editorial work by Luca Valente. Underlying third-party data retain their source terms, including Coin Metrics CC BY-NC 4.0 where indicated; this export does not replace those terms."
listino,2026-10-05,/righe/19/percentile_1a,99.6,"CoinGecko (market value); DefiLlama (fees, revenue)","{""livelli"": ""2026-10-05"", ""somme"": ""2026-10-04""}",CC BY 4.0,https://creativecommons.org/licenses/by/4.0/,Luca Valente,"CC BY 4.0 applies to the original compilation and editorial work by Luca Valente. Underlying third-party data retain their source terms, including Coin Metrics CC BY-NC 4.0 where indicated; this export does not replace those terms."
listino,2026-10-05,/righe/19/mediana_1a,5.52,"CoinGecko (market value); DefiLlama (fees, revenue)","{""livelli"": ""2026-10-05"", ""somme"": ""2026-10-04""}",CC BY 4.0,https://creativecommons.org/licenses/by/4.0/,Luca Valente,"CC BY 4.0 applies to the original compilation and editorial work by Luca Valente. Underlying third-party data retain their source terms, including Coin Metrics CC BY-NC 4.0 where indicated; this export does not replace those terms."
listino,2026-10-05,/righe/19/prezzo_su_ricavi,380.1,"CoinGecko (market value); DefiLlama (fees, revenue)","{""livelli"": ""2026-10-05"", ""somme"": ""2026-10-04""}",CC BY 4.0,https://creativecommons.org/licenses/by/4.0/,Luca Valente,"CC BY 4.0 applies to the original compilation and editorial work by Luca Valente. Underlying third-party data retain their source terms, including Coin Metrics CC BY-NC 4.0 where indicated; this export does not replace those terms."
listino,2026-10-05,/righe/19/percentile_ricavi_1a,null,"CoinGecko (market value); DefiLlama (fees, revenue)","{""livelli"": ""2026-10-05"", ""somme"": ""2026-10-04""}",CC BY 4.0,https://creativecommons.org/licenses/by/4.0/,Luca Valente,"CC BY 4.0 applies to the original compilation and editorial work by Luca Valente. Underlying third-party data retain their source terms, including Coin Metrics CC BY-NC 4.0 where indicated; this export does not replace those terms."
listino,2026-10-05,/righe/19/giorni_di_multiplo,273,"CoinGecko (market value); DefiLlama (fees, revenue)","{""livelli"": ""2026-10-05"", ""somme"": ""2026-10-04""}",CC BY 4.0,https://creativecommons.org/licenses/by/4.0/,Luca Valente,"CC BY 4.0 applies to the original compilation and editorial work by Luca Valente. Underlying third-party data retain their source terms, including Coin Metrics CC BY-NC 4.0 where indicated; this export does not replace those terms."
listino,2026-10-05,/righe/19/copertura_parziale,true,"CoinGecko (market value); DefiLlama (fees, revenue)","{""livelli"": ""2026-10-05"", ""somme"": ""2026-10-04""}",CC BY 4.0,https://creativecommons.org/licenses/by/4.0/,Luca Valente,"CC BY 4.0 applies to the original compilation and editorial work by Luca Valente. Underlying third-party data retain their source terms, including Coin Metrics CC BY-NC 4.0 where indicated; this export does not replace those terms."
listino,2026-10-05,/righe/19/prodotti_fuori_universo,1,"CoinGecko (market value); DefiLlama (fees, revenue)","{""livelli"": ""2026-10-05"", ""somme"": ""2026-10-04""}",CC BY 4.0,https://creativecommons.org/licenses/by/4.0/,Luca Valente,"CC BY 4.0 applies to the original compilation and editorial work by Luca Valente. Underlying third-party data retain their source terms, including Coin Metrics CC BY-NC 4.0 where indicated; this export does not replace those terms."
listino,2026-10-05,/righe/19/voci_dello_stesso_token,1,"CoinGecko (market value); DefiLlama (fees, revenue)","{""livelli"": ""2026-10-05"", ""somme"": ""2026-10-04""}",CC BY 4.0,https://creativecommons.org/licenses/by/4.0/,Luca Valente,"CC BY 4.0 applies to the original compilation and editorial work by Luca Valente. Underlying third-party data retain their source terms, including Coin Metrics CC BY-NC 4.0 where indicated; this export does not replace those terms."
listino,2026-10-05,/righe/19/commissioni_sono_ricompense,false,"CoinGecko (market value); DefiLlama (fees, revenue)","{""livelli"": ""2026-10-05"", ""somme"": ""2026-10-04""}",CC BY 4.0,https://creativecommons.org/licenses/by/4.0/,Luca Valente,"CC BY 4.0 applies to the original compilation and editorial work by Luca Valente. Underlying third-party data retain their source terms, including Coin Metrics CC BY-NC 4.0 where indicated; this export does not replace those terms."
listino,2026-10-05,/righe/20/token,"""KMNO""","CoinGecko (market value); DefiLlama (fees, revenue)","{""livelli"": ""2026-10-05"", ""somme"": ""2026-10-04""}",CC BY 4.0,https://creativecommons.org/licenses/by/4.0/,Luca Valente,"CC BY 4.0 applies to the original compilation and editorial work by Luca Valente. Underlying third-party data retain their source terms, including Coin Metrics CC BY-NC 4.0 where indicated; this export does not replace those terms."
listino,2026-10-05,/righe/20/coingecko_id,"""kamino""","CoinGecko (market value); DefiLlama (fees, revenue)","{""livelli"": ""2026-10-05"", ""somme"": ""2026-10-04""}",CC BY 4.0,https://creativecommons.org/licenses/by/4.0/,Luca Valente,"CC BY 4.0 applies to the original compilation and editorial work by Luca Valente. Underlying third-party data retain their source terms, including Coin Metrics CC BY-NC 4.0 where indicated; this export does not replace those terms."
listino,2026-10-05,/righe/20/nome,"""Kamino Lend""","CoinGecko (market value); DefiLlama (fees, revenue)","{""livelli"": ""2026-10-05"", ""somme"": ""2026-10-04""}",CC BY 4.0,https://creativecommons.org/licenses/by/4.0/,Luca Valente,"CC BY 4.0 applies to the original compilation and editorial work by Luca Valente. Underlying third-party data retain their source terms, including Coin Metrics CC BY-NC 4.0 where indicated; this export does not replace those terms."
listino,2026-10-05,/righe/20/settore,"""Lending""","CoinGecko (market value); DefiLlama (fees, revenue)","{""livelli"": ""2026-10-05"", ""somme"": ""2026-10-04""}",CC BY 4.0,https://creativecommons.org/licenses/by/4.0/,Luca Valente,"CC BY 4.0 applies to the original compilation and editorial work by Luca Valente. Underlying third-party data retain their source terms, including Coin Metrics CC BY-NC 4.0 where indicated; this export does not replace those terms."
listino,2026-10-05,/righe/20/entita/0,"""kamino-lend""","CoinGecko (market value); DefiLlama (fees, revenue)","{""livelli"": ""2026-10-05"", ""somme"": ""2026-10-04""}",CC BY 4.0,https://creativecommons.org/licenses/by/4.0/,Luca Valente,"CC BY 4.0 applies to the original compilation and editorial work by Luca Valente. Underlying third-party data retain their source terms, including Coin Metrics CC BY-NC 4.0 where indicated; this export does not replace those terms."
listino,2026-10-05,/righe/20/capitalizzazione_usd,229751420,"CoinGecko (market value); DefiLlama (fees, revenue)","{""livelli"": ""2026-10-05"", ""somme"": ""2026-10-04""}",CC BY 4.0,https://creativecommons.org/licenses/by/4.0/,Luca Valente,"CC BY 4.0 applies to the original compilation and editorial work by Luca Valente. Underlying third-party data retain their source terms, including Coin Metrics CC BY-NC 4.0 where indicated; this export does not replace those terms."
listino,2026-10-05,/righe/20/commissioni_365g_usd,63132588,"CoinGecko (market value); DefiLlama (fees, revenue)","{""livelli"": ""2026-10-05"", ""somme"": ""2026-10-04""}",CC BY 4.0,https://creativecommons.org/licenses/by/4.0/,Luca Valente,"CC BY 4.0 applies to the original compilation and editorial work by Luca Valente. Underlying third-party data retain their source terms, including Coin Metrics CC BY-NC 4.0 where indicated; this export does not replace those terms."
listino,2026-10-05,/righe/20/ricavi_365g_usd,9084326,"CoinGecko (market value); DefiLlama (fees, revenue)","{""livelli"": ""2026-10-05"", ""somme"": ""2026-10-04""}",CC BY 4.0,https://creativecommons.org/licenses/by/4.0/,Luca Valente,"CC BY 4.0 applies to the original compilation and editorial work by Luca Valente. Underlying third-party data retain their source terms, including Coin Metrics CC BY-NC 4.0 where indicated; this export does not replace those terms."
listino,2026-10-05,/righe/20/prezzo_su_commissioni,3.64,"CoinGecko (market value); DefiLlama (fees, revenue)","{""livelli"": ""2026-10-05"", ""somme"": ""2026-10-04""}",CC BY 4.0,https://creativecommons.org/licenses/by/4.0/,Luca Valente,"CC BY 4.0 applies to the original compilation and editorial work by Luca Valente. Underlying third-party data retain their source terms, including Coin Metrics CC BY-NC 4.0 where indicated; this export does not replace those terms."
listino,2026-10-05,/righe/20/percentile_1a,97.8,"CoinGecko (market value); DefiLlama (fees, revenue)","{""livelli"": ""2026-10-05"", ""somme"": ""2026-10-04""}",CC BY 4.0,https://creativecommons.org/licenses/by/4.0/,Luca Valente,"CC BY 4.0 applies to the original compilation and editorial work by Luca Valente. Underlying third-party data retain their source terms, including Coin Metrics CC BY-NC 4.0 where indicated; this export does not replace those terms."
listino,2026-10-05,/righe/20/mediana_1a,1.33,"CoinGecko (market value); DefiLlama (fees, revenue)","{""livelli"": ""2026-10-05"", ""somme"": ""2026-10-04""}",CC BY 4.0,https://creativecommons.org/licenses/by/4.0/,Luca Valente,"CC BY 4.0 applies to the original compilation and editorial work by Luca Valente. Underlying third-party data retain their source terms, including Coin Metrics CC BY-NC 4.0 where indicated; this export does not replace those terms."
listino,2026-10-05,/righe/20/prezzo_su_ricavi,25.29,"CoinGecko (market value); DefiLlama (fees, revenue)","{""livelli"": ""2026-10-05"", ""somme"": ""2026-10-04""}",CC BY 4.0,https://creativecommons.org/licenses/by/4.0/,Luca Valente,"CC BY 4.0 applies to the original compilation and editorial work by Luca Valente. Underlying third-party data retain their source terms, including Coin Metrics CC BY-NC 4.0 where indicated; this export does not replace those terms."
listino,2026-10-05,/righe/20/percentile_ricavi_1a,98.1,"CoinGecko (market value); DefiLlama (fees, revenue)","{""livelli"": ""2026-10-05"", ""somme"": ""2026-10-04""}",CC BY 4.0,https://creativecommons.org/licenses/by/4.0/,Luca Valente,"CC BY 4.0 applies to the original compilation and editorial work by Luca Valente. Underlying third-party data retain their source terms, including Coin Metrics CC BY-NC 4.0 where indicated; this export does not replace those terms."
listino,2026-10-05,/righe/20/giorni_di_multiplo,365,"CoinGecko (market value); DefiLlama (fees, revenue)","{""livelli"": ""2026-10-05"", ""somme"": ""2026-10-04""}",CC BY 4.0,https://creativecommons.org/licenses/by/4.0/,Luca Valente,"CC BY 4.0 applies to the original compilation and editorial work by Luca Valente. Underlying third-party data retain their source terms, including Coin Metrics CC BY-NC 4.0 where indicated; this export does not replace those terms."
listino,2026-10-05,/righe/20/copertura_parziale,false,"CoinGecko (market value); DefiLlama (fees, revenue)","{""livelli"": ""2026-10-05"", ""somme"": ""2026-10-04""}",CC BY 4.0,https://creativecommons.org/licenses/by/4.0/,Luca Valente,"CC BY 4.0 applies to the original compilation and editorial work by Luca Valente. Underlying third-party data retain their source terms, including Coin Metrics CC BY-NC 4.0 where indicated; this export does not replace those terms."
listino,2026-10-05,/righe/20/prodotti_fuori_universo,0,"CoinGecko (market value); DefiLlama (fees, revenue)","{""livelli"": ""2026-10-05"", ""somme"": ""2026-10-04""}",CC BY 4.0,https://creativecommons.org/licenses/by/4.0/,Luca Valente,"CC BY 4.0 applies to the original compilation and editorial work by Luca Valente. Underlying third-party data retain their source terms, including Coin Metrics CC BY-NC 4.0 where indicated; this export does not replace those terms."
listino,2026-10-05,/righe/20/voci_dello_stesso_token,1,"CoinGecko (market value); DefiLlama (fees, revenue)","{""livelli"": ""2026-10-05"", ""somme"": ""2026-10-04""}",CC BY 4.0,https://creativecommons.org/licenses/by/4.0/,Luca Valente,"CC BY 4.0 applies to the original compilation and editorial work by Luca Valente. Underlying third-party data retain their source terms, including Coin Metrics CC BY-NC 4.0 where indicated; this export does not replace those terms."
listino,2026-10-05,/righe/20/commissioni_sono_ricompense,false,"CoinGecko (market value); DefiLlama (fees, revenue)","{""livelli"": ""2026-10-05"", ""somme"": ""2026-10-04""}",CC BY 4.0,https://creativecommons.org/licenses/by/4.0/,Luca Valente,"CC BY 4.0 applies to the original compilation and editorial work by Luca Valente. Underlying third-party data retain their source terms, including Coin Metrics CC BY-NC 4.0 where indicated; this export does not replace those terms."
listino,2026-10-05,/righe/21/token,"""CVX""","CoinGecko (market value); DefiLlama (fees, revenue)","{""livelli"": ""2026-10-05"", ""somme"": ""2026-10-04""}",CC BY 4.0,https://creativecommons.org/licenses/by/4.0/,Luca Valente,"CC BY 4.0 applies to the original compilation and editorial work by Luca Valente. Underlying third-party data retain their source terms, including Coin Metrics CC BY-NC 4.0 where indicated; this export does not replace those terms."
listino,2026-10-05,/righe/21/coingecko_id,"""convex-finance""","CoinGecko (market value); DefiLlama (fees, revenue)","{""livelli"": ""2026-10-05"", ""somme"": ""2026-10-04""}",CC BY 4.0,https://creativecommons.org/licenses/by/4.0/,Luca Valente,"CC BY 4.0 applies to the original compilation and editorial work by Luca Valente. Underlying third-party data retain their source terms, including Coin Metrics CC BY-NC 4.0 where indicated; this export does not replace those terms."
listino,2026-10-05,/righe/21/nome,"""Convex Finance""","CoinGecko (market value); DefiLlama (fees, revenue)","{""livelli"": ""2026-10-05"", ""somme"": ""2026-10-04""}",CC BY 4.0,https://creativecommons.org/licenses/by/4.0/,Luca Valente,"CC BY 4.0 applies to the original compilation and editorial work by Luca Valente. Underlying third-party data retain their source terms, including Coin Metrics CC BY-NC 4.0 where indicated; this export does not replace those terms."
listino,2026-10-05,/righe/21/settore,"""Yield""","CoinGecko (market value); DefiLlama (fees, revenue)","{""livelli"": ""2026-10-05"", ""somme"": ""2026-10-04""}",CC BY 4.0,https://creativecommons.org/licenses/by/4.0/,Luca Valente,"CC BY 4.0 applies to the original compilation and editorial work by Luca Valente. Underlying third-party data retain their source terms, including Coin Metrics CC BY-NC 4.0 where indicated; this export does not replace those terms."
listino,2026-10-05,/righe/21/entita/0,"""convex-finance""","CoinGecko (market value); DefiLlama (fees, revenue)","{""livelli"": ""2026-10-05"", ""somme"": ""2026-10-04""}",CC BY 4.0,https://creativecommons.org/licenses/by/4.0/,Luca Valente,"CC BY 4.0 applies to the original compilation and editorial work by Luca Valente. Underlying third-party data retain their source terms, including Coin Metrics CC BY-NC 4.0 where indicated; this export does not replace those terms."
listino,2026-10-05,/righe/21/capitalizzazione_usd,214318783,"CoinGecko (market value); DefiLlama (fees, revenue)","{""livelli"": ""2026-10-05"", ""somme"": ""2026-10-04""}",CC BY 4.0,https://creativecommons.org/licenses/by/4.0/,Luca Valente,"CC BY 4.0 applies to the original compilation and editorial work by Luca Valente. Underlying third-party data retain their source terms, including Coin Metrics CC BY-NC 4.0 where indicated; this export does not replace those terms."
listino,2026-10-05,/righe/21/commissioni_365g_usd,17549189,"CoinGecko (market value); DefiLlama (fees, revenue)","{""livelli"": ""2026-10-05"", ""somme"": ""2026-10-04""}",CC BY 4.0,https://creativecommons.org/licenses/by/4.0/,Luca Valente,"CC BY 4.0 applies to the original compilation and editorial work by Luca Valente. Underlying third-party data retain their source terms, including Coin Metrics CC BY-NC 4.0 where indicated; this export does not replace those terms."
listino,2026-10-05,/righe/21/ricavi_365g_usd,15137028,"CoinGecko (market value); DefiLlama (fees, revenue)","{""livelli"": ""2026-10-05"", ""somme"": ""2026-10-04""}",CC BY 4.0,https://creativecommons.org/licenses/by/4.0/,Luca Valente,"CC BY 4.0 applies to the original compilation and editorial work by Luca Valente. Underlying third-party data retain their source terms, including Coin Metrics CC BY-NC 4.0 where indicated; this export does not replace those terms."
listino,2026-10-05,/righe/21/prezzo_su_commissioni,12.21,"CoinGecko (market value); DefiLlama (fees, revenue)","{""livelli"": ""2026-10-05"", ""somme"": ""2026-10-04""}",CC BY 4.0,https://creativecommons.org/licenses/by/4.0/,Luca Valente,"CC BY 4.0 applies to the original compilation and editorial work by Luca Valente. Underlying third-party data retain their source terms, including Coin Metrics CC BY-NC 4.0 where indicated; this export does not replace those terms."
listino,2026-10-05,/righe/21/percentile_1a,99.5,"CoinGecko (market value); DefiLlama (fees, revenue)","{""livelli"": ""2026-10-05"", ""somme"": ""2026-10-04""}",CC BY 4.0,https://creativecommons.org/licenses/by/4.0/,Luca Valente,"CC BY 4.0 applies to the original compilation and editorial work by Luca Valente. Underlying third-party data retain their source terms, including Coin Metrics CC BY-NC 4.0 where indicated; this export does not replace those terms."
listino,2026-10-05,/righe/21/mediana_1a,5.03,"CoinGecko (market value); DefiLlama (fees, revenue)","{""livelli"": ""2026-10-05"", ""somme"": ""2026-10-04""}",CC BY 4.0,https://creativecommons.org/licenses/by/4.0/,Luca Valente,"CC BY 4.0 applies to the original compilation and editorial work by Luca Valente. Underlying third-party data retain their source terms, including Coin Metrics CC BY-NC 4.0 where indicated; this export does not replace those terms."
listino,2026-10-05,/righe/21/prezzo_su_ricavi,14.16,"CoinGecko (market value); DefiLlama (fees, revenue)","{""livelli"": ""2026-10-05"", ""somme"": ""2026-10-04""}",CC BY 4.0,https://creativecommons.org/licenses/by/4.0/,Luca Valente,"CC BY 4.0 applies to the original compilation and editorial work by Luca Valente. Underlying third-party data retain their source terms, including Coin Metrics CC BY-NC 4.0 where indicated; this export does not replace those terms."
listino,2026-10-05,/righe/21/percentile_ricavi_1a,100.0,"CoinGecko (market value); DefiLlama (fees, revenue)","{""livelli"": ""2026-10-05"", ""somme"": ""2026-10-04""}",CC BY 4.0,https://creativecommons.org/licenses/by/4.0/,Luca Valente,"CC BY 4.0 applies to the original compilation and editorial work by Luca Valente. Underlying third-party data retain their source terms, including Coin Metrics CC BY-NC 4.0 where indicated; this export does not replace those terms."
listino,2026-10-05,/righe/21/giorni_di_multiplo,365,"CoinGecko (market value); DefiLlama (fees, revenue)","{""livelli"": ""2026-10-05"", ""somme"": ""2026-10-04""}",CC BY 4.0,https://creativecommons.org/licenses/by/4.0/,Luca Valente,"CC BY 4.0 applies to the original compilation and editorial work by Luca Valente. Underlying third-party data retain their source terms, including Coin Metrics CC BY-NC 4.0 where indicated; this export does not replace those terms."
listino,2026-10-05,/righe/21/copertura_parziale,false,"CoinGecko (market value); DefiLlama (fees, revenue)","{""livelli"": ""2026-10-05"", ""somme"": ""2026-10-04""}",CC BY 4.0,https://creativecommons.org/licenses/by/4.0/,Luca Valente,"CC BY 4.0 applies to the original compilation and editorial work by Luca Valente. Underlying third-party data retain their source terms, including Coin Metrics CC BY-NC 4.0 where indicated; this export does not replace those terms."
listino,2026-10-05,/righe/21/prodotti_fuori_universo,0,"CoinGecko (market value); DefiLlama (fees, revenue)","{""livelli"": ""2026-10-05"", ""somme"": ""2026-10-04""}",CC BY 4.0,https://creativecommons.org/licenses/by/4.0/,Luca Valente,"CC BY 4.0 applies to the original compilation and editorial work by Luca Valente. Underlying third-party data retain their source terms, including Coin Metrics CC BY-NC 4.0 where indicated; this export does not replace those terms."
listino,2026-10-05,/righe/21/voci_dello_stesso_token,1,"CoinGecko (market value); DefiLlama (fees, revenue)","{""livelli"": ""2026-10-05"", ""somme"": ""2026-10-04""}",CC BY 4.0,https://creativecommons.org/licenses/by/4.0/,Luca Valente,"CC BY 4.0 applies to the original compilation and editorial work by Luca Valente. Underlying third-party data retain their source terms, including Coin Metrics CC BY-NC 4.0 where indicated; this export does not replace those terms."
listino,2026-10-05,/righe/21/commissioni_sono_ricompense,false,"CoinGecko (market value); DefiLlama (fees, revenue)","{""livelli"": ""2026-10-05"", ""somme"": ""2026-10-04""}",CC BY 4.0,https://creativecommons.org/licenses/by/4.0/,Luca Valente,"CC BY 4.0 applies to the original compilation and editorial work by Luca Valente. Underlying third-party data retain their source terms, including Coin Metrics CC BY-NC 4.0 where indicated; this export does not replace those terms."
listino,2026-10-05,/righe/22/token,"""meteora""","CoinGecko (market value); DefiLlama (fees, revenue)","{""livelli"": ""2026-10-05"", ""somme"": ""2026-10-04""}",CC BY 4.0,https://creativecommons.org/licenses/by/4.0/,Luca Valente,"CC BY 4.0 applies to the original compilation and editorial work by Luca Valente. Underlying third-party data retain their source terms, including Coin Metrics CC BY-NC 4.0 where indicated; this export does not replace those terms."
listino,2026-10-05,/righe/22/coingecko_id,"""meteora""","CoinGecko (market value); DefiLlama (fees, revenue)","{""livelli"": ""2026-10-05"", ""somme"": ""2026-10-04""}",CC BY 4.0,https://creativecommons.org/licenses/by/4.0/,Luca Valente,"CC BY 4.0 applies to the original compilation and editorial work by Luca Valente. Underlying third-party data retain their source terms, including Coin Metrics CC BY-NC 4.0 where indicated; this export does not replace those terms."
listino,2026-10-05,/righe/22/nome,"""Meteora""","CoinGecko (market value); DefiLlama (fees, revenue)","{""livelli"": ""2026-10-05"", ""somme"": ""2026-10-04""}",CC BY 4.0,https://creativecommons.org/licenses/by/4.0/,Luca Valente,"CC BY 4.0 applies to the original compilation and editorial work by Luca Valente. Underlying third-party data retain their source terms, including Coin Metrics CC BY-NC 4.0 where indicated; this export does not replace those terms."
listino,2026-10-05,/righe/22/settore,"""DEXs""","CoinGecko (market value); DefiLlama (fees, revenue)","{""livelli"": ""2026-10-05"", ""somme"": ""2026-10-04""}",CC BY 4.0,https://creativecommons.org/licenses/by/4.0/,Luca Valente,"CC BY 4.0 applies to the original compilation and editorial work by Luca Valente. Underlying third-party data retain their source terms, including Coin Metrics CC BY-NC 4.0 where indicated; this export does not replace those terms."
listino,2026-10-05,/righe/22/entita/0,"""meteora""","CoinGecko (market value); DefiLlama (fees, revenue)","{""livelli"": ""2026-10-05"", ""somme"": ""2026-10-04""}",CC BY 4.0,https://creativecommons.org/licenses/by/4.0/,Luca Valente,"CC BY 4.0 applies to the original compilation and editorial work by Luca Valente. Underlying third-party data retain their source terms, including Coin Metrics CC BY-NC 4.0 where indicated; this export does not replace those terms."
listino,2026-10-05,/righe/22/capitalizzazione_usd,168563220,"CoinGecko (market value); DefiLlama (fees, revenue)","{""livelli"": ""2026-10-05"", ""somme"": ""2026-10-04""}",CC BY 4.0,https://creativecommons.org/licenses/by/4.0/,Luca Valente,"CC BY 4.0 applies to the original compilation and editorial work by Luca Valente. Underlying third-party data retain their source terms, including Coin Metrics CC BY-NC 4.0 where indicated; this export does not replace those terms."
listino,2026-10-05,/righe/22/commissioni_365g_usd,431790981,"CoinGecko (market value); DefiLlama (fees, revenue)","{""livelli"": ""2026-10-05"", ""somme"": ""2026-10-04""}",CC BY 4.0,https://creativecommons.org/licenses/by/4.0/,Luca Valente,"CC BY 4.0 applies to the original compilation and editorial work by Luca Valente. Underlying third-party data retain their source terms, including Coin Metrics CC BY-NC 4.0 where indicated; this export does not replace those terms."
listino,2026-10-05,/righe/22/ricavi_365g_usd,47348359,"CoinGecko (market value); DefiLlama (fees, revenue)","{""livelli"": ""2026-10-05"", ""somme"": ""2026-10-04""}",CC BY 4.0,https://creativecommons.org/licenses/by/4.0/,Luca Valente,"CC BY 4.0 applies to the original compilation and editorial work by Luca Valente. Underlying third-party data retain their source terms, including Coin Metrics CC BY-NC 4.0 where indicated; this export does not replace those terms."
listino,2026-10-05,/righe/22/prezzo_su_commissioni,0.39,"CoinGecko (market value); DefiLlama (fees, revenue)","{""livelli"": ""2026-10-05"", ""somme"": ""2026-10-04""}",CC BY 4.0,https://creativecommons.org/licenses/by/4.0/,Luca Valente,"CC BY 4.0 applies to the original compilation and editorial work by Luca Valente. Underlying third-party data retain their source terms, including Coin Metrics CC BY-NC 4.0 where indicated; this export does not replace those terms."
listino,2026-10-05,/righe/22/percentile_1a,96.6,"CoinGecko (market value); DefiLlama (fees, revenue)","{""livelli"": ""2026-10-05"", ""somme"": ""2026-10-04""}",CC BY 4.0,https://creativecommons.org/licenses/by/4.0/,Luca Valente,"CC BY 4.0 applies to the original compilation and editorial work by Luca Valente. Underlying third-party data retain their source terms, including Coin Metrics CC BY-NC 4.0 where indicated; this export does not replace those terms."
listino,2026-10-05,/righe/22/mediana_1a,0.1,"CoinGecko (market value); DefiLlama (fees, revenue)","{""livelli"": ""2026-10-05"", ""somme"": ""2026-10-04""}",CC BY 4.0,https://creativecommons.org/licenses/by/4.0/,Luca Valente,"CC BY 4.0 applies to the original compilation and editorial work by Luca Valente. Underlying third-party data retain their source terms, including Coin Metrics CC BY-NC 4.0 where indicated; this export does not replace those terms."
listino,2026-10-05,/righe/22/prezzo_su_ricavi,3.56,"CoinGecko (market value); DefiLlama (fees, revenue)","{""livelli"": ""2026-10-05"", ""somme"": ""2026-10-04""}",CC BY 4.0,https://creativecommons.org/licenses/by/4.0/,Luca Valente,"CC BY 4.0 applies to the original compilation and editorial work by Luca Valente. Underlying third-party data retain their source terms, including Coin Metrics CC BY-NC 4.0 where indicated; this export does not replace those terms."
listino,2026-10-05,/righe/22/percentile_ricavi_1a,95.0,"CoinGecko (market value); DefiLlama (fees, revenue)","{""livelli"": ""2026-10-05"", ""somme"": ""2026-10-04""}",CC BY 4.0,https://creativecommons.org/licenses/by/4.0/,Luca Valente,"CC BY 4.0 applies to the original compilation and editorial work by Luca Valente. Underlying third-party data retain their source terms, including Coin Metrics CC BY-NC 4.0 where indicated; this export does not replace those terms."
listino,2026-10-05,/righe/22/giorni_di_multiplo,295,"CoinGecko (market value); DefiLlama (fees, revenue)","{""livelli"": ""2026-10-05"", ""somme"": ""2026-10-04""}",CC BY 4.0,https://creativecommons.org/licenses/by/4.0/,Luca Valente,"CC BY 4.0 applies to the original compilation and editorial work by Luca Valente. Underlying third-party data retain their source terms, including Coin Metrics CC BY-NC 4.0 where indicated; this export does not replace those terms."
listino,2026-10-05,/righe/22/copertura_parziale,true,"CoinGecko (market value); DefiLlama (fees, revenue)","{""livelli"": ""2026-10-05"", ""somme"": ""2026-10-04""}",CC BY 4.0,https://creativecommons.org/licenses/by/4.0/,Luca Valente,"CC BY 4.0 applies to the original compilation and editorial work by Luca Valente. Underlying third-party data retain their source terms, including Coin Metrics CC BY-NC 4.0 where indicated; this export does not replace those terms."
listino,2026-10-05,/righe/22/prodotti_fuori_universo,1,"CoinGecko (market value); DefiLlama (fees, revenue)","{""livelli"": ""2026-10-05"", ""somme"": ""2026-10-04""}",CC BY 4.0,https://creativecommons.org/licenses/by/4.0/,Luca Valente,"CC BY 4.0 applies to the original compilation and editorial work by Luca Valente. Underlying third-party data retain their source terms, including Coin Metrics CC BY-NC 4.0 where indicated; this export does not replace those terms."
listino,2026-10-05,/righe/22/voci_dello_stesso_token,1,"CoinGecko (market value); DefiLlama (fees, revenue)","{""livelli"": ""2026-10-05"", ""somme"": ""2026-10-04""}",CC BY 4.0,https://creativecommons.org/licenses/by/4.0/,Luca Valente,"CC BY 4.0 applies to the original compilation and editorial work by Luca Valente. Underlying third-party data retain their source terms, including Coin Metrics CC BY-NC 4.0 where indicated; this export does not replace those terms."
listino,2026-10-05,/righe/22/commissioni_sono_ricompense,false,"CoinGecko (market value); DefiLlama (fees, revenue)","{""livelli"": ""2026-10-05"", ""somme"": ""2026-10-04""}",CC BY 4.0,https://creativecommons.org/licenses/by/4.0/,Luca Valente,"CC BY 4.0 applies to the original compilation and editorial work by Luca Valente. Underlying third-party data retain their source terms, including Coin Metrics CC BY-NC 4.0 where indicated; this export does not replace those terms."
listino,2026-10-05,/righe/23/token,"""FLUID""","CoinGecko (market value); DefiLlama (fees, revenue)","{""livelli"": ""2026-10-05"", ""somme"": ""2026-10-04""}",CC BY 4.0,https://creativecommons.org/licenses/by/4.0/,Luca Valente,"CC BY 4.0 applies to the original compilation and editorial work by Luca Valente. Underlying third-party data retain their source terms, including Coin Metrics CC BY-NC 4.0 where indicated; this export does not replace those terms."
listino,2026-10-05,/righe/23/coingecko_id,"""instadapp""","CoinGecko (market value); DefiLlama (fees, revenue)","{""livelli"": ""2026-10-05"", ""somme"": ""2026-10-04""}",CC BY 4.0,https://creativecommons.org/licenses/by/4.0/,Luca Valente,"CC BY 4.0 applies to the original compilation and editorial work by Luca Valente. Underlying third-party data retain their source terms, including Coin Metrics CC BY-NC 4.0 where indicated; this export does not replace those terms."
listino,2026-10-05,/righe/23/nome,"""Fluid Lending""","CoinGecko (market value); DefiLlama (fees, revenue)","{""livelli"": ""2026-10-05"", ""somme"": ""2026-10-04""}",CC BY 4.0,https://creativecommons.org/licenses/by/4.0/,Luca Valente,"CC BY 4.0 applies to the original compilation and editorial work by Luca Valente. Underlying third-party data retain their source terms, including Coin Metrics CC BY-NC 4.0 where indicated; this export does not replace those terms."
listino,2026-10-05,/righe/23/settore,"""Lending""","CoinGecko (market value); DefiLlama (fees, revenue)","{""livelli"": ""2026-10-05"", ""somme"": ""2026-10-04""}",CC BY 4.0,https://creativecommons.org/licenses/by/4.0/,Luca Valente,"CC BY 4.0 applies to the original compilation and editorial work by Luca Valente. Underlying third-party data retain their source terms, including Coin Metrics CC BY-NC 4.0 where indicated; this export does not replace those terms."
listino,2026-10-05,/righe/23/entita/0,"""fluid-lending""","CoinGecko (market value); DefiLlama (fees, revenue)","{""livelli"": ""2026-10-05"", ""somme"": ""2026-10-04""}",CC BY 4.0,https://creativecommons.org/licenses/by/4.0/,Luca Valente,"CC BY 4.0 applies to the original compilation and editorial work by Luca Valente. Underlying third-party data retain their source terms, including Coin Metrics CC BY-NC 4.0 where indicated; this export does not replace those terms."
listino,2026-10-05,/righe/23/capitalizzazione_usd,148487410,"CoinGecko (market value); DefiLlama (fees, revenue)","{""livelli"": ""2026-10-05"", ""somme"": ""2026-10-04""}",CC BY 4.0,https://creativecommons.org/licenses/by/4.0/,Luca Valente,"CC BY 4.0 applies to the original compilation and editorial work by Luca Valente. Underlying third-party data retain their source terms, including Coin Metrics CC BY-NC 4.0 where indicated; this export does not replace those terms."
listino,2026-10-05,/righe/23/commissioni_365g_usd,50470527,"CoinGecko (market value); DefiLlama (fees, revenue)","{""livelli"": ""2026-10-05"", ""somme"": ""2026-10-04""}",CC BY 4.0,https://creativecommons.org/licenses/by/4.0/,Luca Valente,"CC BY 4.0 applies to the original compilation and editorial work by Luca Valente. Underlying third-party data retain their source terms, including Coin Metrics CC BY-NC 4.0 where indicated; this export does not replace those terms."
listino,2026-10-05,/righe/23/ricavi_365g_usd,6914391,"CoinGecko (market value); DefiLlama (fees, revenue)","{""livelli"": ""2026-10-05"", ""somme"": ""2026-10-04""}",CC BY 4.0,https://creativecommons.org/licenses/by/4.0/,Luca Valente,"CC BY 4.0 applies to the original compilation and editorial work by Luca Valente. Underlying third-party data retain their source terms, including Coin Metrics CC BY-NC 4.0 where indicated; this export does not replace those terms."
listino,2026-10-05,/righe/23/prezzo_su_commissioni,2.94,"CoinGecko (market value); DefiLlama (fees, revenue)","{""livelli"": ""2026-10-05"", ""somme"": ""2026-10-04""}",CC BY 4.0,https://creativecommons.org/licenses/by/4.0/,Luca Valente,"CC BY 4.0 applies to the original compilation and editorial work by Luca Valente. Underlying third-party data retain their source terms, including Coin Metrics CC BY-NC 4.0 where indicated; this export does not replace those terms."
listino,2026-10-05,/righe/23/percentile_1a,55.9,"CoinGecko (market value); DefiLlama (fees, revenue)","{""livelli"": ""2026-10-05"", ""somme"": ""2026-10-04""}",CC BY 4.0,https://creativecommons.org/licenses/by/4.0/,Luca Valente,"CC BY 4.0 applies to the original compilation and editorial work by Luca Valente. Underlying third-party data retain their source terms, including Coin Metrics CC BY-NC 4.0 where indicated; this export does not replace those terms."
listino,2026-10-05,/righe/23/mediana_1a,2.33,"CoinGecko (market value); DefiLlama (fees, revenue)","{""livelli"": ""2026-10-05"", ""somme"": ""2026-10-04""}",CC BY 4.0,https://creativecommons.org/licenses/by/4.0/,Luca Valente,"CC BY 4.0 applies to the original compilation and editorial work by Luca Valente. Underlying third-party data retain their source terms, including Coin Metrics CC BY-NC 4.0 where indicated; this export does not replace those terms."
listino,2026-10-05,/righe/23/prezzo_su_ricavi,21.48,"CoinGecko (market value); DefiLlama (fees, revenue)","{""livelli"": ""2026-10-05"", ""somme"": ""2026-10-04""}",CC BY 4.0,https://creativecommons.org/licenses/by/4.0/,Luca Valente,"CC BY 4.0 applies to the original compilation and editorial work by Luca Valente. Underlying third-party data retain their source terms, including Coin Metrics CC BY-NC 4.0 where indicated; this export does not replace those terms."
listino,2026-10-05,/righe/23/percentile_ricavi_1a,54.2,"CoinGecko (market value); DefiLlama (fees, revenue)","{""livelli"": ""2026-10-05"", ""somme"": ""2026-10-04""}",CC BY 4.0,https://creativecommons.org/licenses/by/4.0/,Luca Valente,"CC BY 4.0 applies to the original compilation and editorial work by Luca Valente. Underlying third-party data retain their source terms, including Coin Metrics CC BY-NC 4.0 where indicated; this export does not replace those terms."
listino,2026-10-05,/righe/23/giorni_di_multiplo,365,"CoinGecko (market value); DefiLlama (fees, revenue)","{""livelli"": ""2026-10-05"", ""somme"": ""2026-10-04""}",CC BY 4.0,https://creativecommons.org/licenses/by/4.0/,Luca Valente,"CC BY 4.0 applies to the original compilation and editorial work by Luca Valente. Underlying third-party data retain their source terms, including Coin Metrics CC BY-NC 4.0 where indicated; this export does not replace those terms."
listino,2026-10-05,/righe/23/copertura_parziale,true,"CoinGecko (market value); DefiLlama (fees, revenue)","{""livelli"": ""2026-10-05"", ""somme"": ""2026-10-04""}",CC BY 4.0,https://creativecommons.org/licenses/by/4.0/,Luca Valente,"CC BY 4.0 applies to the original compilation and editorial work by Luca Valente. Underlying third-party data retain their source terms, including Coin Metrics CC BY-NC 4.0 where indicated; this export does not replace those terms."
listino,2026-10-05,/righe/23/prodotti_fuori_universo,2,"CoinGecko (market value); DefiLlama (fees, revenue)","{""livelli"": ""2026-10-05"", ""somme"": ""2026-10-04""}",CC BY 4.0,https://creativecommons.org/licenses/by/4.0/,Luca Valente,"CC BY 4.0 applies to the original compilation and editorial work by Luca Valente. Underlying third-party data retain their source terms, including Coin Metrics CC BY-NC 4.0 where indicated; this export does not replace those terms."
listino,2026-10-05,/righe/23/voci_dello_stesso_token,1,"CoinGecko (market value); DefiLlama (fees, revenue)","{""livelli"": ""2026-10-05"", ""somme"": ""2026-10-04""}",CC BY 4.0,https://creativecommons.org/licenses/by/4.0/,Luca Valente,"CC BY 4.0 applies to the original compilation and editorial work by Luca Valente. Underlying third-party data retain their source terms, including Coin Metrics CC BY-NC 4.0 where indicated; this export does not replace those terms."
listino,2026-10-05,/righe/23/commissioni_sono_ricompense,false,"CoinGecko (market value); DefiLlama (fees, revenue)","{""livelli"": ""2026-10-05"", ""somme"": ""2026-10-04""}",CC BY 4.0,https://creativecommons.org/licenses/by/4.0/,Luca Valente,"CC BY 4.0 applies to the original compilation and editorial work by Luca Valente. Underlying third-party data retain their source terms, including Coin Metrics CC BY-NC 4.0 where indicated; this export does not replace those terms."
listino,2026-10-05,/righe/24/token,"""ORCA""","CoinGecko (market value); DefiLlama (fees, revenue)","{""livelli"": ""2026-10-05"", ""somme"": ""2026-10-04""}",CC BY 4.0,https://creativecommons.org/licenses/by/4.0/,Luca Valente,"CC BY 4.0 applies to the original compilation and editorial work by Luca Valente. Underlying third-party data retain their source terms, including Coin Metrics CC BY-NC 4.0 where indicated; this export does not replace those terms."
listino,2026-10-05,/righe/24/coingecko_id,"""orca""","CoinGecko (market value); DefiLlama (fees, revenue)","{""livelli"": ""2026-10-05"", ""somme"": ""2026-10-04""}",CC BY 4.0,https://creativecommons.org/licenses/by/4.0/,Luca Valente,"CC BY 4.0 applies to the original compilation and editorial work by Luca Valente. Underlying third-party data retain their source terms, including Coin Metrics CC BY-NC 4.0 where indicated; this export does not replace those terms."
listino,2026-10-05,/righe/24/nome,"""Orca DEX""","CoinGecko (market value); DefiLlama (fees, revenue)","{""livelli"": ""2026-10-05"", ""somme"": ""2026-10-04""}",CC BY 4.0,https://creativecommons.org/licenses/by/4.0/,Luca Valente,"CC BY 4.0 applies to the original compilation and editorial work by Luca Valente. Underlying third-party data retain their source terms, including Coin Metrics CC BY-NC 4.0 where indicated; this export does not replace those terms."
listino,2026-10-05,/righe/24/settore,"""DEXs""","CoinGecko (market value); DefiLlama (fees, revenue)","{""livelli"": ""2026-10-05"", ""somme"": ""2026-10-04""}",CC BY 4.0,https://creativecommons.org/licenses/by/4.0/,Luca Valente,"CC BY 4.0 applies to the original compilation and editorial work by Luca Valente. Underlying third-party data retain their source terms, including Coin Metrics CC BY-NC 4.0 where indicated; this export does not replace those terms."
listino,2026-10-05,/righe/24/entita/0,"""orca-dex""","CoinGecko (market value); DefiLlama (fees, revenue)","{""livelli"": ""2026-10-05"", ""somme"": ""2026-10-04""}",CC BY 4.0,https://creativecommons.org/licenses/by/4.0/,Luca Valente,"CC BY 4.0 applies to the original compilation and editorial work by Luca Valente. Underlying third-party data retain their source terms, including Coin Metrics CC BY-NC 4.0 where indicated; this export does not replace those terms."
listino,2026-10-05,/righe/24/capitalizzazione_usd,122243773,"CoinGecko (market value); DefiLlama (fees, revenue)","{""livelli"": ""2026-10-05"", ""somme"": ""2026-10-04""}",CC BY 4.0,https://creativecommons.org/licenses/by/4.0/,Luca Valente,"CC BY 4.0 applies to the original compilation and editorial work by Luca Valente. Underlying third-party data retain their source terms, including Coin Metrics CC BY-NC 4.0 where indicated; this export does not replace those terms."
listino,2026-10-05,/righe/24/commissioni_365g_usd,70453606,"CoinGecko (market value); DefiLlama (fees, revenue)","{""livelli"": ""2026-10-05"", ""somme"": ""2026-10-04""}",CC BY 4.0,https://creativecommons.org/licenses/by/4.0/,Luca Valente,"CC BY 4.0 applies to the original compilation and editorial work by Luca Valente. Underlying third-party data retain their source terms, including Coin Metrics CC BY-NC 4.0 where indicated; this export does not replace those terms."
listino,2026-10-05,/righe/24/ricavi_365g_usd,8611668,"CoinGecko (market value); DefiLlama (fees, revenue)","{""livelli"": ""2026-10-05"", ""somme"": ""2026-10-04""}",CC BY 4.0,https://creativecommons.org/licenses/by/4.0/,Luca Valente,"CC BY 4.0 applies to the original compilation and editorial work by Luca Valente. Underlying third-party data retain their source terms, including Coin Metrics CC BY-NC 4.0 where indicated; this export does not replace those terms."
listino,2026-10-05,/righe/24/prezzo_su_commissioni,1.74,"CoinGecko (market value); DefiLlama (fees, revenue)","{""livelli"": ""2026-10-05"", ""somme"": ""2026-10-04""}",CC BY 4.0,https://creativecommons.org/licenses/by/4.0/,Luca Valente,"CC BY 4.0 applies to the original compilation and editorial work by Luca Valente. Underlying third-party data retain their source terms, including Coin Metrics CC BY-NC 4.0 where indicated; this export does not replace those terms."
listino,2026-10-05,/righe/24/percentile_1a,100.0,"CoinGecko (market value); DefiLlama (fees, revenue)","{""livelli"": ""2026-10-05"", ""somme"": ""2026-10-04""}",CC BY 4.0,https://creativecommons.org/licenses/by/4.0/,Luca Valente,"CC BY 4.0 applies to the original compilation and editorial work by Luca Valente. Underlying third-party data retain their source terms, including Coin Metrics CC BY-NC 4.0 where indicated; this export does not replace those terms."
listino,2026-10-05,/righe/24/mediana_1a,0.62,"CoinGecko (market value); DefiLlama (fees, revenue)","{""livelli"": ""2026-10-05"", ""somme"": ""2026-10-04""}",CC BY 4.0,https://creativecommons.org/licenses/by/4.0/,Luca Valente,"CC BY 4.0 applies to the original compilation and editorial work by Luca Valente. Underlying third-party data retain their source terms, including Coin Metrics CC BY-NC 4.0 where indicated; this export does not replace those terms."
listino,2026-10-05,/righe/24/prezzo_su_ricavi,14.2,"CoinGecko (market value); DefiLlama (fees, revenue)","{""livelli"": ""2026-10-05"", ""somme"": ""2026-10-04""}",CC BY 4.0,https://creativecommons.org/licenses/by/4.0/,Luca Valente,"CC BY 4.0 applies to the original compilation and editorial work by Luca Valente. Underlying third-party data retain their source terms, including Coin Metrics CC BY-NC 4.0 where indicated; this export does not replace those terms."
listino,2026-10-05,/righe/24/percentile_ricavi_1a,100.0,"CoinGecko (market value); DefiLlama (fees, revenue)","{""livelli"": ""2026-10-05"", ""somme"": ""2026-10-04""}",CC BY 4.0,https://creativecommons.org/licenses/by/4.0/,Luca Valente,"CC BY 4.0 applies to the original compilation and editorial work by Luca Valente. Underlying third-party data retain their source terms, including Coin Metrics CC BY-NC 4.0 where indicated; this export does not replace those terms."
listino,2026-10-05,/righe/24/giorni_di_multiplo,364,"CoinGecko (market value); DefiLlama (fees, revenue)","{""livelli"": ""2026-10-05"", ""somme"": ""2026-10-04""}",CC BY 4.0,https://creativecommons.org/licenses/by/4.0/,Luca Valente,"CC BY 4.0 applies to the original compilation and editorial work by Luca Valente. Underlying third-party data retain their source terms, including Coin Metrics CC BY-NC 4.0 where indicated; this export does not replace those terms."
listino,2026-10-05,/righe/24/copertura_parziale,false,"CoinGecko (market value); DefiLlama (fees, revenue)","{""livelli"": ""2026-10-05"", ""somme"": ""2026-10-04""}",CC BY 4.0,https://creativecommons.org/licenses/by/4.0/,Luca Valente,"CC BY 4.0 applies to the original compilation and editorial work by Luca Valente. Underlying third-party data retain their source terms, including Coin Metrics CC BY-NC 4.0 where indicated; this export does not replace those terms."
listino,2026-10-05,/righe/24/prodotti_fuori_universo,0,"CoinGecko (market value); DefiLlama (fees, revenue)","{""livelli"": ""2026-10-05"", ""somme"": ""2026-10-04""}",CC BY 4.0,https://creativecommons.org/licenses/by/4.0/,Luca Valente,"CC BY 4.0 applies to the original compilation and editorial work by Luca Valente. Underlying third-party data retain their source terms, including Coin Metrics CC BY-NC 4.0 where indicated; this export does not replace those terms."
listino,2026-10-05,/righe/24/voci_dello_stesso_token,1,"CoinGecko (market value); DefiLlama (fees, revenue)","{""livelli"": ""2026-10-05"", ""somme"": ""2026-10-04""}",CC BY 4.0,https://creativecommons.org/licenses/by/4.0/,Luca Valente,"CC BY 4.0 applies to the original compilation and editorial work by Luca Valente. Underlying third-party data retain their source terms, including Coin Metrics CC BY-NC 4.0 where indicated; this export does not replace those terms."
listino,2026-10-05,/righe/24/commissioni_sono_ricompense,false,"CoinGecko (market value); DefiLlama (fees, revenue)","{""livelli"": ""2026-10-05"", ""somme"": ""2026-10-04""}",CC BY 4.0,https://creativecommons.org/licenses/by/4.0/,Luca Valente,"CC BY 4.0 applies to the original compilation and editorial work by Luca Valente. Underlying third-party data retain their source terms, including Coin Metrics CC BY-NC 4.0 where indicated; this export does not replace those terms."
listino,2026-10-05,/righe/25/token,"""SSV""","CoinGecko (market value); DefiLlama (fees, revenue)","{""livelli"": ""2026-10-05"", ""somme"": ""2026-10-04""}",CC BY 4.0,https://creativecommons.org/licenses/by/4.0/,Luca Valente,"CC BY 4.0 applies to the original compilation and editorial work by Luca Valente. Underlying third-party data retain their source terms, including Coin Metrics CC BY-NC 4.0 where indicated; this export does not replace those terms."
listino,2026-10-05,/righe/25/coingecko_id,"""ssv-network""","CoinGecko (market value); DefiLlama (fees, revenue)","{""livelli"": ""2026-10-05"", ""somme"": ""2026-10-04""}",CC BY 4.0,https://creativecommons.org/licenses/by/4.0/,Luca Valente,"CC BY 4.0 applies to the original compilation and editorial work by Luca Valente. Underlying third-party data retain their source terms, including Coin Metrics CC BY-NC 4.0 where indicated; this export does not replace those terms."
listino,2026-10-05,/righe/25/nome,"""SSV Network""","CoinGecko (market value); DefiLlama (fees, revenue)","{""livelli"": ""2026-10-05"", ""somme"": ""2026-10-04""}",CC BY 4.0,https://creativecommons.org/licenses/by/4.0/,Luca Valente,"CC BY 4.0 applies to the original compilation and editorial work by Luca Valente. Underlying third-party data retain their source terms, including Coin Metrics CC BY-NC 4.0 where indicated; this export does not replace those terms."
listino,2026-10-05,/righe/25/settore,"""Staking pools""","CoinGecko (market value); DefiLlama (fees, revenue)","{""livelli"": ""2026-10-05"", ""somme"": ""2026-10-04""}",CC BY 4.0,https://creativecommons.org/licenses/by/4.0/,Luca Valente,"CC BY 4.0 applies to the original compilation and editorial work by Luca Valente. Underlying third-party data retain their source terms, including Coin Metrics CC BY-NC 4.0 where indicated; this export does not replace those terms."
listino,2026-10-05,/righe/25/entita/0,"""ssv-network""","CoinGecko (market value); DefiLlama (fees, revenue)","{""livelli"": ""2026-10-05"", ""somme"": ""2026-10-04""}",CC BY 4.0,https://creativecommons.org/licenses/by/4.0/,Luca Valente,"CC BY 4.0 applies to the original compilation and editorial work by Luca Valente. Underlying third-party data retain their source terms, including Coin Metrics CC BY-NC 4.0 where indicated; this export does not replace those terms."
listino,2026-10-05,/righe/25/capitalizzazione_usd,46099229,"CoinGecko (market value); DefiLlama (fees, revenue)","{""livelli"": ""2026-10-05"", ""somme"": ""2026-10-04""}",CC BY 4.0,https://creativecommons.org/licenses/by/4.0/,Luca Valente,"CC BY 4.0 applies to the original compilation and editorial work by Luca Valente. Underlying third-party data retain their source terms, including Coin Metrics CC BY-NC 4.0 where indicated; this export does not replace those terms."
listino,2026-10-05,/righe/25/commissioni_365g_usd,2449978,"CoinGecko (market value); DefiLlama (fees, revenue)","{""livelli"": ""2026-10-05"", ""somme"": ""2026-10-04""}",CC BY 4.0,https://creativecommons.org/licenses/by/4.0/,Luca Valente,"CC BY 4.0 applies to the original compilation and editorial work by Luca Valente. Underlying third-party data retain their source terms, including Coin Metrics CC BY-NC 4.0 where indicated; this export does not replace those terms."
listino,2026-10-05,/righe/25/ricavi_365g_usd,2418099,"CoinGecko (market value); DefiLlama (fees, revenue)","{""livelli"": ""2026-10-05"", ""somme"": ""2026-10-04""}",CC BY 4.0,https://creativecommons.org/licenses/by/4.0/,Luca Valente,"CC BY 4.0 applies to the original compilation and editorial work by Luca Valente. Underlying third-party data retain their source terms, including Coin Metrics CC BY-NC 4.0 where indicated; this export does not replace those terms."
listino,2026-10-05,/righe/25/prezzo_su_commissioni,18.82,"CoinGecko (market value); DefiLlama (fees, revenue)","{""livelli"": ""2026-10-05"", ""somme"": ""2026-10-04""}",CC BY 4.0,https://creativecommons.org/licenses/by/4.0/,Luca Valente,"CC BY 4.0 applies to the original compilation and editorial work by Luca Valente. Underlying third-party data retain their source terms, including Coin Metrics CC BY-NC 4.0 where indicated; this export does not replace those terms."
listino,2026-10-05,/righe/25/percentile_1a,75.3,"CoinGecko (market value); DefiLlama (fees, revenue)","{""livelli"": ""2026-10-05"", ""somme"": ""2026-10-04""}",CC BY 4.0,https://creativecommons.org/licenses/by/4.0/,Luca Valente,"CC BY 4.0 applies to the original compilation and editorial work by Luca Valente. Underlying third-party data retain their source terms, including Coin Metrics CC BY-NC 4.0 where indicated; this export does not replace those terms."
listino,2026-10-05,/righe/25/mediana_1a,14.72,"CoinGecko (market value); DefiLlama (fees, revenue)","{""livelli"": ""2026-10-05"", ""somme"": ""2026-10-04""}",CC BY 4.0,https://creativecommons.org/licenses/by/4.0/,Luca Valente,"CC BY 4.0 applies to the original compilation and editorial work by Luca Valente. Underlying third-party data retain their source terms, including Coin Metrics CC BY-NC 4.0 where indicated; this export does not replace those terms."
listino,2026-10-05,/righe/25/prezzo_su_ricavi,19.06,"CoinGecko (market value); DefiLlama (fees, revenue)","{""livelli"": ""2026-10-05"", ""somme"": ""2026-10-04""}",CC BY 4.0,https://creativecommons.org/licenses/by/4.0/,Luca Valente,"CC BY 4.0 applies to the original compilation and editorial work by Luca Valente. Underlying third-party data retain their source terms, including Coin Metrics CC BY-NC 4.0 where indicated; this export does not replace those terms."
listino,2026-10-05,/righe/25/percentile_ricavi_1a,71.2,"CoinGecko (market value); DefiLlama (fees, revenue)","{""livelli"": ""2026-10-05"", ""somme"": ""2026-10-04""}",CC BY 4.0,https://creativecommons.org/licenses/by/4.0/,Luca Valente,"CC BY 4.0 applies to the original compilation and editorial work by Luca Valente. Underlying third-party data retain their source terms, including Coin Metrics CC BY-NC 4.0 where indicated; this export does not replace those terms."
listino,2026-10-05,/righe/25/giorni_di_multiplo,365,"CoinGecko (market value); DefiLlama (fees, revenue)","{""livelli"": ""2026-10-05"", ""somme"": ""2026-10-04""}",CC BY 4.0,https://creativecommons.org/licenses/by/4.0/,Luca Valente,"CC BY 4.0 applies to the original compilation and editorial work by Luca Valente. Underlying third-party data retain their source terms, including Coin Metrics CC BY-NC 4.0 where indicated; this export does not replace those terms."
listino,2026-10-05,/righe/25/copertura_parziale,false,"CoinGecko (market value); DefiLlama (fees, revenue)","{""livelli"": ""2026-10-05"", ""somme"": ""2026-10-04""}",CC BY 4.0,https://creativecommons.org/licenses/by/4.0/,Luca Valente,"CC BY 4.0 applies to the original compilation and editorial work by Luca Valente. Underlying third-party data retain their source terms, including Coin Metrics CC BY-NC 4.0 where indicated; this export does not replace those terms."
listino,2026-10-05,/righe/25/prodotti_fuori_universo,0,"CoinGecko (market value); DefiLlama (fees, revenue)","{""livelli"": ""2026-10-05"", ""somme"": ""2026-10-04""}",CC BY 4.0,https://creativecommons.org/licenses/by/4.0/,Luca Valente,"CC BY 4.0 applies to the original compilation and editorial work by Luca Valente. Underlying third-party data retain their source terms, including Coin Metrics CC BY-NC 4.0 where indicated; this export does not replace those terms."
listino,2026-10-05,/righe/25/voci_dello_stesso_token,1,"CoinGecko (market value); DefiLlama (fees, revenue)","{""livelli"": ""2026-10-05"", ""somme"": ""2026-10-04""}",CC BY 4.0,https://creativecommons.org/licenses/by/4.0/,Luca Valente,"CC BY 4.0 applies to the original compilation and editorial work by Luca Valente. Underlying third-party data retain their source terms, including Coin Metrics CC BY-NC 4.0 where indicated; this export does not replace those terms."
listino,2026-10-05,/righe/25/commissioni_sono_ricompense,false,"CoinGecko (market value); DefiLlama (fees, revenue)","{""livelli"": ""2026-10-05"", ""somme"": ""2026-10-04""}",CC BY 4.0,https://creativecommons.org/licenses/by/4.0/,Luca Valente,"CC BY 4.0 applies to the original compilation and editorial work by Luca Valente. Underlying third-party data retain their source terms, including Coin Metrics CC BY-NC 4.0 where indicated; this export does not replace those terms."
listino,2026-10-05,/righe/26/token,"""RPL""","CoinGecko (market value); DefiLlama (fees, revenue)","{""livelli"": ""2026-10-05"", ""somme"": ""2026-10-04""}",CC BY 4.0,https://creativecommons.org/licenses/by/4.0/,Luca Valente,"CC BY 4.0 applies to the original compilation and editorial work by Luca Valente. Underlying third-party data retain their source terms, including Coin Metrics CC BY-NC 4.0 where indicated; this export does not replace those terms."
listino,2026-10-05,/righe/26/coingecko_id,"""rocket-pool""","CoinGecko (market value); DefiLlama (fees, revenue)","{""livelli"": ""2026-10-05"", ""somme"": ""2026-10-04""}",CC BY 4.0,https://creativecommons.org/licenses/by/4.0/,Luca Valente,"CC BY 4.0 applies to the original compilation and editorial work by Luca Valente. Underlying third-party data retain their source terms, including Coin Metrics CC BY-NC 4.0 where indicated; this export does not replace those terms."
listino,2026-10-05,/righe/26/nome,"""Rocket Pool""","CoinGecko (market value); DefiLlama (fees, revenue)","{""livelli"": ""2026-10-05"", ""somme"": ""2026-10-04""}",CC BY 4.0,https://creativecommons.org/licenses/by/4.0/,Luca Valente,"CC BY 4.0 applies to the original compilation and editorial work by Luca Valente. Underlying third-party data retain their source terms, including Coin Metrics CC BY-NC 4.0 where indicated; this export does not replace those terms."
listino,2026-10-05,/righe/26/settore,"""Liquid staking""","CoinGecko (market value); DefiLlama (fees, revenue)","{""livelli"": ""2026-10-05"", ""somme"": ""2026-10-04""}",CC BY 4.0,https://creativecommons.org/licenses/by/4.0/,Luca Valente,"CC BY 4.0 applies to the original compilation and editorial work by Luca Valente. Underlying third-party data retain their source terms, including Coin Metrics CC BY-NC 4.0 where indicated; this export does not replace those terms."
listino,2026-10-05,/righe/26/entita/0,"""rocket-pool""","CoinGecko (market value); DefiLlama (fees, revenue)","{""livelli"": ""2026-10-05"", ""somme"": ""2026-10-04""}",CC BY 4.0,https://creativecommons.org/licenses/by/4.0/,Luca Valente,"CC BY 4.0 applies to the original compilation and editorial work by Luca Valente. Underlying third-party data retain their source terms, including Coin Metrics CC BY-NC 4.0 where indicated; this export does not replace those terms."
listino,2026-10-05,/righe/26/capitalizzazione_usd,44104444,"CoinGecko (market value); DefiLlama (fees, revenue)","{""livelli"": ""2026-10-05"", ""somme"": ""2026-10-04""}",CC BY 4.0,https://creativecommons.org/licenses/by/4.0/,Luca Valente,"CC BY 4.0 applies to the original compilation and editorial work by Luca Valente. Underlying third-party data retain their source terms, including Coin Metrics CC BY-NC 4.0 where indicated; this export does not replace those terms."
listino,2026-10-05,/righe/26/commissioni_365g_usd,33464286,"CoinGecko (market value); DefiLlama (fees, revenue)","{""livelli"": ""2026-10-05"", ""somme"": ""2026-10-04""}",CC BY 4.0,https://creativecommons.org/licenses/by/4.0/,Luca Valente,"CC BY 4.0 applies to the original compilation and editorial work by Luca Valente. Underlying third-party data retain their source terms, including Coin Metrics CC BY-NC 4.0 where indicated; this export does not replace those terms."
listino,2026-10-05,/righe/26/ricavi_365g_usd,null,"CoinGecko (market value); DefiLlama (fees, revenue)","{""livelli"": ""2026-10-05"", ""somme"": ""2026-10-04""}",CC BY 4.0,https://creativecommons.org/licenses/by/4.0/,Luca Valente,"CC BY 4.0 applies to the original compilation and editorial work by Luca Valente. Underlying third-party data retain their source terms, including Coin Metrics CC BY-NC 4.0 where indicated; this export does not replace those terms."
listino,2026-10-05,/righe/26/prezzo_su_commissioni,1.32,"CoinGecko (market value); DefiLlama (fees, revenue)","{""livelli"": ""2026-10-05"", ""somme"": ""2026-10-04""}",CC BY 4.0,https://creativecommons.org/licenses/by/4.0/,Luca Valente,"CC BY 4.0 applies to the original compilation and editorial work by Luca Valente. Underlying third-party data retain their source terms, including Coin Metrics CC BY-NC 4.0 where indicated; this export does not replace those terms."
listino,2026-10-05,/righe/26/percentile_1a,97.8,"CoinGecko (market value); DefiLlama (fees, revenue)","{""livelli"": ""2026-10-05"", ""somme"": ""2026-10-04""}",CC BY 4.0,https://creativecommons.org/licenses/by/4.0/,Luca Valente,"CC BY 4.0 applies to the original compilation and editorial work by Luca Valente. Underlying third-party data retain their source terms, including Coin Metrics CC BY-NC 4.0 where indicated; this export does not replace those terms."
listino,2026-10-05,/righe/26/mediana_1a,0.89,"CoinGecko (market value); DefiLlama (fees, revenue)","{""livelli"": ""2026-10-05"", ""somme"": ""2026-10-04""}",CC BY 4.0,https://creativecommons.org/licenses/by/4.0/,Luca Valente,"CC BY 4.0 applies to the original compilation and editorial work by Luca Valente. Underlying third-party data retain their source terms, including Coin Metrics CC BY-NC 4.0 where indicated; this export does not replace those terms."
listino,2026-10-05,/righe/26/prezzo_su_ricavi,null,"CoinGecko (market value); DefiLlama (fees, revenue)","{""livelli"": ""2026-10-05"", ""somme"": ""2026-10-04""}",CC BY 4.0,https://creativecommons.org/licenses/by/4.0/,Luca Valente,"CC BY 4.0 applies to the original compilation and editorial work by Luca Valente. Underlying third-party data retain their source terms, including Coin Metrics CC BY-NC 4.0 where indicated; this export does not replace those terms."
listino,2026-10-05,/righe/26/percentile_ricavi_1a,null,"CoinGecko (market value); DefiLlama (fees, revenue)","{""livelli"": ""2026-10-05"", ""somme"": ""2026-10-04""}",CC BY 4.0,https://creativecommons.org/licenses/by/4.0/,Luca Valente,"CC BY 4.0 applies to the original compilation and editorial work by Luca Valente. Underlying third-party data retain their source terms, including Coin Metrics CC BY-NC 4.0 where indicated; this export does not replace those terms."
listino,2026-10-05,/righe/26/giorni_di_multiplo,365,"CoinGecko (market value); DefiLlama (fees, revenue)","{""livelli"": ""2026-10-05"", ""somme"": ""2026-10-04""}",CC BY 4.0,https://creativecommons.org/licenses/by/4.0/,Luca Valente,"CC BY 4.0 applies to the original compilation and editorial work by Luca Valente. Underlying third-party data retain their source terms, including Coin Metrics CC BY-NC 4.0 where indicated; this export does not replace those terms."
listino,2026-10-05,/righe/26/copertura_parziale,false,"CoinGecko (market value); DefiLlama (fees, revenue)","{""livelli"": ""2026-10-05"", ""somme"": ""2026-10-04""}",CC BY 4.0,https://creativecommons.org/licenses/by/4.0/,Luca Valente,"CC BY 4.0 applies to the original compilation and editorial work by Luca Valente. Underlying third-party data retain their source terms, including Coin Metrics CC BY-NC 4.0 where indicated; this export does not replace those terms."
listino,2026-10-05,/righe/26/prodotti_fuori_universo,0,"CoinGecko (market value); DefiLlama (fees, revenue)","{""livelli"": ""2026-10-05"", ""somme"": ""2026-10-04""}",CC BY 4.0,https://creativecommons.org/licenses/by/4.0/,Luca Valente,"CC BY 4.0 applies to the original compilation and editorial work by Luca Valente. Underlying third-party data retain their source terms, including Coin Metrics CC BY-NC 4.0 where indicated; this export does not replace those terms."
listino,2026-10-05,/righe/26/voci_dello_stesso_token,1,"CoinGecko (market value); DefiLlama (fees, revenue)","{""livelli"": ""2026-10-05"", ""somme"": ""2026-10-04""}",CC BY 4.0,https://creativecommons.org/licenses/by/4.0/,Luca Valente,"CC BY 4.0 applies to the original compilation and editorial work by Luca Valente. Underlying third-party data retain their source terms, including Coin Metrics CC BY-NC 4.0 where indicated; this export does not replace those terms."
listino,2026-10-05,/righe/26/commissioni_sono_ricompense,true,"CoinGecko (market value); DefiLlama (fees, revenue)","{""livelli"": ""2026-10-05"", ""somme"": ""2026-10-04""}",CC BY 4.0,https://creativecommons.org/licenses/by/4.0/,Luca Valente,"CC BY 4.0 applies to the original compilation and editorial work by Luca Valente. Underlying third-party data retain their source terms, including Coin Metrics CC BY-NC 4.0 where indicated; this export does not replace those terms."
listino,2026-10-05,/righe/27/token,"""QI""","CoinGecko (market value); DefiLlama (fees, revenue)","{""livelli"": ""2026-10-05"", ""somme"": ""2026-10-04""}",CC BY 4.0,https://creativecommons.org/licenses/by/4.0/,Luca Valente,"CC BY 4.0 applies to the original compilation and editorial work by Luca Valente. Underlying third-party data retain their source terms, including Coin Metrics CC BY-NC 4.0 where indicated; this export does not replace those terms."
listino,2026-10-05,/righe/27/coingecko_id,"""benqi""","CoinGecko (market value); DefiLlama (fees, revenue)","{""livelli"": ""2026-10-05"", ""somme"": ""2026-10-04""}",CC BY 4.0,https://creativecommons.org/licenses/by/4.0/,Luca Valente,"CC BY 4.0 applies to the original compilation and editorial work by Luca Valente. Underlying third-party data retain their source terms, including Coin Metrics CC BY-NC 4.0 where indicated; this export does not replace those terms."
listino,2026-10-05,/righe/27/nome,"""Benqi Staked Avax""","CoinGecko (market value); DefiLlama (fees, revenue)","{""livelli"": ""2026-10-05"", ""somme"": ""2026-10-04""}",CC BY 4.0,https://creativecommons.org/licenses/by/4.0/,Luca Valente,"CC BY 4.0 applies to the original compilation and editorial work by Luca Valente. Underlying third-party data retain their source terms, including Coin Metrics CC BY-NC 4.0 where indicated; this export does not replace those terms."
listino,2026-10-05,/righe/27/settore,"""Liquid staking""","CoinGecko (market value); DefiLlama (fees, revenue)","{""livelli"": ""2026-10-05"", ""somme"": ""2026-10-04""}",CC BY 4.0,https://creativecommons.org/licenses/by/4.0/,Luca Valente,"CC BY 4.0 applies to the original compilation and editorial work by Luca Valente. Underlying third-party data retain their source terms, including Coin Metrics CC BY-NC 4.0 where indicated; this export does not replace those terms."
listino,2026-10-05,/righe/27/entita/0,"""benqi-staked-avax""","CoinGecko (market value); DefiLlama (fees, revenue)","{""livelli"": ""2026-10-05"", ""somme"": ""2026-10-04""}",CC BY 4.0,https://creativecommons.org/licenses/by/4.0/,Luca Valente,"CC BY 4.0 applies to the original compilation and editorial work by Luca Valente. Underlying third-party data retain their source terms, including Coin Metrics CC BY-NC 4.0 where indicated; this export does not replace those terms."
listino,2026-10-05,/righe/27/capitalizzazione_usd,21778390,"CoinGecko (market value); DefiLlama (fees, revenue)","{""livelli"": ""2026-10-05"", ""somme"": ""2026-10-04""}",CC BY 4.0,https://creativecommons.org/licenses/by/4.0/,Luca Valente,"CC BY 4.0 applies to the original compilation and editorial work by Luca Valente. Underlying third-party data retain their source terms, including Coin Metrics CC BY-NC 4.0 where indicated; this export does not replace those terms."
listino,2026-10-05,/righe/27/commissioni_365g_usd,13503374,"CoinGecko (market value); DefiLlama (fees, revenue)","{""livelli"": ""2026-10-05"", ""somme"": ""2026-10-04""}",CC BY 4.0,https://creativecommons.org/licenses/by/4.0/,Luca Valente,"CC BY 4.0 applies to the original compilation and editorial work by Luca Valente. Underlying third-party data retain their source terms, including Coin Metrics CC BY-NC 4.0 where indicated; this export does not replace those terms."
listino,2026-10-05,/righe/27/ricavi_365g_usd,1350332,"CoinGecko (market value); DefiLlama (fees, revenue)","{""livelli"": ""2026-10-05"", ""somme"": ""2026-10-04""}",CC BY 4.0,https://creativecommons.org/licenses/by/4.0/,Luca Valente,"CC BY 4.0 applies to the original compilation and editorial work by Luca Valente. Underlying third-party data retain their source terms, including Coin Metrics CC BY-NC 4.0 where indicated; this export does not replace those terms."
listino,2026-10-05,/righe/27/prezzo_su_commissioni,1.61,"CoinGecko (market value); DefiLlama (fees, revenue)","{""livelli"": ""2026-10-05"", ""somme"": ""2026-10-04""}",CC BY 4.0,https://creativecommons.org/licenses/by/4.0/,Luca Valente,"CC BY 4.0 applies to the original compilation and editorial work by Luca Valente. Underlying third-party data retain their source terms, including Coin Metrics CC BY-NC 4.0 where indicated; this export does not replace those terms."
listino,2026-10-05,/righe/27/percentile_1a,68.8,"CoinGecko (market value); DefiLlama (fees, revenue)","{""livelli"": ""2026-10-05"", ""somme"": ""2026-10-04""}",CC BY 4.0,https://creativecommons.org/licenses/by/4.0/,Luca Valente,"CC BY 4.0 applies to the original compilation and editorial work by Luca Valente. Underlying third-party data retain their source terms, including Coin Metrics CC BY-NC 4.0 where indicated; this export does not replace those terms."
listino,2026-10-05,/righe/27/mediana_1a,0.84,"CoinGecko (market value); DefiLlama (fees, revenue)","{""livelli"": ""2026-10-05"", ""somme"": ""2026-10-04""}",CC BY 4.0,https://creativecommons.org/licenses/by/4.0/,Luca Valente,"CC BY 4.0 applies to the original compilation and editorial work by Luca Valente. Underlying third-party data retain their source terms, including Coin Metrics CC BY-NC 4.0 where indicated; this export does not replace those terms."
listino,2026-10-05,/righe/27/prezzo_su_ricavi,16.13,"CoinGecko (market value); DefiLlama (fees, revenue)","{""livelli"": ""2026-10-05"", ""somme"": ""2026-10-04""}",CC BY 4.0,https://creativecommons.org/licenses/by/4.0/,Luca Valente,"CC BY 4.0 applies to the original compilation and editorial work by Luca Valente. Underlying third-party data retain their source terms, including Coin Metrics CC BY-NC 4.0 where indicated; this export does not replace those terms."
listino,2026-10-05,/righe/27/percentile_ricavi_1a,68.8,"CoinGecko (market value); DefiLlama (fees, revenue)","{""livelli"": ""2026-10-05"", ""somme"": ""2026-10-04""}",CC BY 4.0,https://creativecommons.org/licenses/by/4.0/,Luca Valente,"CC BY 4.0 applies to the original compilation and editorial work by Luca Valente. Underlying third-party data retain their source terms, including Coin Metrics CC BY-NC 4.0 where indicated; this export does not replace those terms."
listino,2026-10-05,/righe/27/giorni_di_multiplo,365,"CoinGecko (market value); DefiLlama (fees, revenue)","{""livelli"": ""2026-10-05"", ""somme"": ""2026-10-04""}",CC BY 4.0,https://creativecommons.org/licenses/by/4.0/,Luca Valente,"CC BY 4.0 applies to the original compilation and editorial work by Luca Valente. Underlying third-party data retain their source terms, including Coin Metrics CC BY-NC 4.0 where indicated; this export does not replace those terms."
listino,2026-10-05,/righe/27/copertura_parziale,true,"CoinGecko (market value); DefiLlama (fees, revenue)","{""livelli"": ""2026-10-05"", ""somme"": ""2026-10-04""}",CC BY 4.0,https://creativecommons.org/licenses/by/4.0/,Luca Valente,"CC BY 4.0 applies to the original compilation and editorial work by Luca Valente. Underlying third-party data retain their source terms, including Coin Metrics CC BY-NC 4.0 where indicated; this export does not replace those terms."
listino,2026-10-05,/righe/27/prodotti_fuori_universo,1,"CoinGecko (market value); DefiLlama (fees, revenue)","{""livelli"": ""2026-10-05"", ""somme"": ""2026-10-04""}",CC BY 4.0,https://creativecommons.org/licenses/by/4.0/,Luca Valente,"CC BY 4.0 applies to the original compilation and editorial work by Luca Valente. Underlying third-party data retain their source terms, including Coin Metrics CC BY-NC 4.0 where indicated; this export does not replace those terms."
listino,2026-10-05,/righe/27/voci_dello_stesso_token,1,"CoinGecko (market value); DefiLlama (fees, revenue)","{""livelli"": ""2026-10-05"", ""somme"": ""2026-10-04""}",CC BY 4.0,https://creativecommons.org/licenses/by/4.0/,Luca Valente,"CC BY 4.0 applies to the original compilation and editorial work by Luca Valente. Underlying third-party data retain their source terms, including Coin Metrics CC BY-NC 4.0 where indicated; this export does not replace those terms."
listino,2026-10-05,/righe/27/commissioni_sono_ricompense,false,"CoinGecko (market value); DefiLlama (fees, revenue)","{""livelli"": ""2026-10-05"", ""somme"": ""2026-10-04""}",CC BY 4.0,https://creativecommons.org/licenses/by/4.0/,Luca Valente,"CC BY 4.0 applies to the original compilation and editorial work by Luca Valente. Underlying third-party data retain their source terms, including Coin Metrics CC BY-NC 4.0 where indicated; this export does not replace those terms."
listino,2026-10-05,/righe/28/token,"""DOLO""","CoinGecko (market value); DefiLlama (fees, revenue)","{""livelli"": ""2026-10-05"", ""somme"": ""2026-10-04""}",CC BY 4.0,https://creativecommons.org/licenses/by/4.0/,Luca Valente,"CC BY 4.0 applies to the original compilation and editorial work by Luca Valente. Underlying third-party data retain their source terms, including Coin Metrics CC BY-NC 4.0 where indicated; this export does not replace those terms."
listino,2026-10-05,/righe/28/coingecko_id,"""dolomite""","CoinGecko (market value); DefiLlama (fees, revenue)","{""livelli"": ""2026-10-05"", ""somme"": ""2026-10-04""}",CC BY 4.0,https://creativecommons.org/licenses/by/4.0/,Luca Valente,"CC BY 4.0 applies to the original compilation and editorial work by Luca Valente. Underlying third-party data retain their source terms, including Coin Metrics CC BY-NC 4.0 where indicated; this export does not replace those terms."
listino,2026-10-05,/righe/28/nome,"""Dolomite""","CoinGecko (market value); DefiLlama (fees, revenue)","{""livelli"": ""2026-10-05"", ""somme"": ""2026-10-04""}",CC BY 4.0,https://creativecommons.org/licenses/by/4.0/,Luca Valente,"CC BY 4.0 applies to the original compilation and editorial work by Luca Valente. Underlying third-party data retain their source terms, including Coin Metrics CC BY-NC 4.0 where indicated; this export does not replace those terms."
listino,2026-10-05,/righe/28/settore,"""Lending""","CoinGecko (market value); DefiLlama (fees, revenue)","{""livelli"": ""2026-10-05"", ""somme"": ""2026-10-04""}",CC BY 4.0,https://creativecommons.org/licenses/by/4.0/,Luca Valente,"CC BY 4.0 applies to the original compilation and editorial work by Luca Valente. Underlying third-party data retain their source terms, including Coin Metrics CC BY-NC 4.0 where indicated; this export does not replace those terms."
listino,2026-10-05,/righe/28/entita/0,"""dolomite""","CoinGecko (market value); DefiLlama (fees, revenue)","{""livelli"": ""2026-10-05"", ""somme"": ""2026-10-04""}",CC BY 4.0,https://creativecommons.org/licenses/by/4.0/,Luca Valente,"CC BY 4.0 applies to the original compilation and editorial work by Luca Valente. Underlying third-party data retain their source terms, including Coin Metrics CC BY-NC 4.0 where indicated; this export does not replace those terms."
listino,2026-10-05,/righe/28/capitalizzazione_usd,15895496,"CoinGecko (market value); DefiLlama (fees, revenue)","{""livelli"": ""2026-10-05"", ""somme"": ""2026-10-04""}",CC BY 4.0,https://creativecommons.org/licenses/by/4.0/,Luca Valente,"CC BY 4.0 applies to the original compilation and editorial work by Luca Valente. Underlying third-party data retain their source terms, including Coin Metrics CC BY-NC 4.0 where indicated; this export does not replace those terms."
listino,2026-10-05,/righe/28/commissioni_365g_usd,11208540,"CoinGecko (market value); DefiLlama (fees, revenue)","{""livelli"": ""2026-10-05"", ""somme"": ""2026-10-04""}",CC BY 4.0,https://creativecommons.org/licenses/by/4.0/,Luca Valente,"CC BY 4.0 applies to the original compilation and editorial work by Luca Valente. Underlying third-party data retain their source terms, including Coin Metrics CC BY-NC 4.0 where indicated; this export does not replace those terms."
listino,2026-10-05,/righe/28/ricavi_365g_usd,2241003,"CoinGecko (market value); DefiLlama (fees, revenue)","{""livelli"": ""2026-10-05"", ""somme"": ""2026-10-04""}",CC BY 4.0,https://creativecommons.org/licenses/by/4.0/,Luca Valente,"CC BY 4.0 applies to the original compilation and editorial work by Luca Valente. Underlying third-party data retain their source terms, including Coin Metrics CC BY-NC 4.0 where indicated; this export does not replace those terms."
listino,2026-10-05,/righe/28/prezzo_su_commissioni,1.42,"CoinGecko (market value); DefiLlama (fees, revenue)","{""livelli"": ""2026-10-05"", ""somme"": ""2026-10-04""}",CC BY 4.0,https://creativecommons.org/licenses/by/4.0/,Luca Valente,"CC BY 4.0 applies to the original compilation and editorial work by Luca Valente. Underlying third-party data retain their source terms, including Coin Metrics CC BY-NC 4.0 where indicated; this export does not replace those terms."
listino,2026-10-05,/righe/28/percentile_1a,36.9,"CoinGecko (market value); DefiLlama (fees, revenue)","{""livelli"": ""2026-10-05"", ""somme"": ""2026-10-04""}",CC BY 4.0,https://creativecommons.org/licenses/by/4.0/,Luca Valente,"CC BY 4.0 applies to the original compilation and editorial work by Luca Valente. Underlying third-party data retain their source terms, including Coin Metrics CC BY-NC 4.0 where indicated; this export does not replace those terms."
listino,2026-10-05,/righe/28/mediana_1a,1.6,"CoinGecko (market value); DefiLlama (fees, revenue)","{""livelli"": ""2026-10-05"", ""somme"": ""2026-10-04""}",CC BY 4.0,https://creativecommons.org/licenses/by/4.0/,Luca Valente,"CC BY 4.0 applies to the original compilation and editorial work by Luca Valente. Underlying third-party data retain their source terms, including Coin Metrics CC BY-NC 4.0 where indicated; this export does not replace those terms."
listino,2026-10-05,/righe/28/prezzo_su_ricavi,7.09,"CoinGecko (market value); DefiLlama (fees, revenue)","{""livelli"": ""2026-10-05"", ""somme"": ""2026-10-04""}",CC BY 4.0,https://creativecommons.org/licenses/by/4.0/,Luca Valente,"CC BY 4.0 applies to the original compilation and editorial work by Luca Valente. Underlying third-party data retain their source terms, including Coin Metrics CC BY-NC 4.0 where indicated; this export does not replace those terms."
listino,2026-10-05,/righe/28/percentile_ricavi_1a,40.8,"CoinGecko (market value); DefiLlama (fees, revenue)","{""livelli"": ""2026-10-05"", ""somme"": ""2026-10-04""}",CC BY 4.0,https://creativecommons.org/licenses/by/4.0/,Luca Valente,"CC BY 4.0 applies to the original compilation and editorial work by Luca Valente. Underlying third-party data retain their source terms, including Coin Metrics CC BY-NC 4.0 where indicated; this export does not replace those terms."
listino,2026-10-05,/righe/28/giorni_di_multiplo,336,"CoinGecko (market value); DefiLlama (fees, revenue)","{""livelli"": ""2026-10-05"", ""somme"": ""2026-10-04""}",CC BY 4.0,https://creativecommons.org/licenses/by/4.0/,Luca Valente,"CC BY 4.0 applies to the original compilation and editorial work by Luca Valente. Underlying third-party data retain their source terms, including Coin Metrics CC BY-NC 4.0 where indicated; this export does not replace those terms."
listino,2026-10-05,/righe/28/copertura_parziale,false,"CoinGecko (market value); DefiLlama (fees, revenue)","{""livelli"": ""2026-10-05"", ""somme"": ""2026-10-04""}",CC BY 4.0,https://creativecommons.org/licenses/by/4.0/,Luca Valente,"CC BY 4.0 applies to the original compilation and editorial work by Luca Valente. Underlying third-party data retain their source terms, including Coin Metrics CC BY-NC 4.0 where indicated; this export does not replace those terms."
listino,2026-10-05,/righe/28/prodotti_fuori_universo,0,"CoinGecko (market value); DefiLlama (fees, revenue)","{""livelli"": ""2026-10-05"", ""somme"": ""2026-10-04""}",CC BY 4.0,https://creativecommons.org/licenses/by/4.0/,Luca Valente,"CC BY 4.0 applies to the original compilation and editorial work by Luca Valente. Underlying third-party data retain their source terms, including Coin Metrics CC BY-NC 4.0 where indicated; this export does not replace those terms."
listino,2026-10-05,/righe/28/voci_dello_stesso_token,1,"CoinGecko (market value); DefiLlama (fees, revenue)","{""livelli"": ""2026-10-05"", ""somme"": ""2026-10-04""}",CC BY 4.0,https://creativecommons.org/licenses/by/4.0/,Luca Valente,"CC BY 4.0 applies to the original compilation and editorial work by Luca Valente. Underlying third-party data retain their source terms, including Coin Metrics CC BY-NC 4.0 where indicated; this export does not replace those terms."
listino,2026-10-05,/righe/28/commissioni_sono_ricompense,false,"CoinGecko (market value); DefiLlama (fees, revenue)","{""livelli"": ""2026-10-05"", ""somme"": ""2026-10-04""}",CC BY 4.0,https://creativecommons.org/licenses/by/4.0/,Luca Valente,"CC BY 4.0 applies to the original compilation and editorial work by Luca Valente. Underlying third-party data retain their source terms, including Coin Metrics CC BY-NC 4.0 where indicated; this export does not replace those terms."
listino,2026-10-05,/righe/29/token,"""COOK""","CoinGecko (market value); DefiLlama (fees, revenue)","{""livelli"": ""2026-10-05"", ""somme"": ""2026-10-04""}",CC BY 4.0,https://creativecommons.org/licenses/by/4.0/,Luca Valente,"CC BY 4.0 applies to the original compilation and editorial work by Luca Valente. Underlying third-party data retain their source terms, including Coin Metrics CC BY-NC 4.0 where indicated; this export does not replace those terms."
listino,2026-10-05,/righe/29/coingecko_id,"""meth-protocol""","CoinGecko (market value); DefiLlama (fees, revenue)","{""livelli"": ""2026-10-05"", ""somme"": ""2026-10-04""}",CC BY 4.0,https://creativecommons.org/licenses/by/4.0/,Luca Valente,"CC BY 4.0 applies to the original compilation and editorial work by Luca Valente. Underlying third-party data retain their source terms, including Coin Metrics CC BY-NC 4.0 where indicated; this export does not replace those terms."
listino,2026-10-05,/righe/29/nome,"""mETH Protocol""","CoinGecko (market value); DefiLlama (fees, revenue)","{""livelli"": ""2026-10-05"", ""somme"": ""2026-10-04""}",CC BY 4.0,https://creativecommons.org/licenses/by/4.0/,Luca Valente,"CC BY 4.0 applies to the original compilation and editorial work by Luca Valente. Underlying third-party data retain their source terms, including Coin Metrics CC BY-NC 4.0 where indicated; this export does not replace those terms."
listino,2026-10-05,/righe/29/settore,"""Liquid staking""","CoinGecko (market value); DefiLlama (fees, revenue)","{""livelli"": ""2026-10-05"", ""somme"": ""2026-10-04""}",CC BY 4.0,https://creativecommons.org/licenses/by/4.0/,Luca Valente,"CC BY 4.0 applies to the original compilation and editorial work by Luca Valente. Underlying third-party data retain their source terms, including Coin Metrics CC BY-NC 4.0 where indicated; this export does not replace those terms."
listino,2026-10-05,/righe/29/entita/0,"""meth-protocol""","CoinGecko (market value); DefiLlama (fees, revenue)","{""livelli"": ""2026-10-05"", ""somme"": ""2026-10-04""}",CC BY 4.0,https://creativecommons.org/licenses/by/4.0/,Luca Valente,"CC BY 4.0 applies to the original compilation and editorial work by Luca Valente. Underlying third-party data retain their source terms, including Coin Metrics CC BY-NC 4.0 where indicated; this export does not replace those terms."
listino,2026-10-05,/righe/29/capitalizzazione_usd,1961904,"CoinGecko (market value); DefiLlama (fees, revenue)","{""livelli"": ""2026-10-05"", ""somme"": ""2026-10-04""}",CC BY 4.0,https://creativecommons.org/licenses/by/4.0/,Luca Valente,"CC BY 4.0 applies to the original compilation and editorial work by Luca Valente. Underlying third-party data retain their source terms, including Coin Metrics CC BY-NC 4.0 where indicated; this export does not replace those terms."
listino,2026-10-05,/righe/29/commissioni_365g_usd,16758073,"CoinGecko (market value); DefiLlama (fees, revenue)","{""livelli"": ""2026-10-05"", ""somme"": ""2026-10-04""}",CC BY 4.0,https://creativecommons.org/licenses/by/4.0/,Luca Valente,"CC BY 4.0 applies to the original compilation and editorial work by Luca Valente. Underlying third-party data retain their source terms, including Coin Metrics CC BY-NC 4.0 where indicated; this export does not replace those terms."
listino,2026-10-05,/righe/29/ricavi_365g_usd,1675772,"CoinGecko (market value); DefiLlama (fees, revenue)","{""livelli"": ""2026-10-05"", ""somme"": ""2026-10-04""}",CC BY 4.0,https://creativecommons.org/licenses/by/4.0/,Luca Valente,"CC BY 4.0 applies to the original compilation and editorial work by Luca Valente. Underlying third-party data retain their source terms, including Coin Metrics CC BY-NC 4.0 where indicated; this export does not replace those terms."
listino,2026-10-05,/righe/29/prezzo_su_commissioni,0.12,"CoinGecko (market value); DefiLlama (fees, revenue)","{""livelli"": ""2026-10-05"", ""somme"": ""2026-10-04""}",CC BY 4.0,https://creativecommons.org/licenses/by/4.0/,Luca Valente,"CC BY 4.0 applies to the original compilation and editorial work by Luca Valente. Underlying third-party data retain their source terms, including Coin Metrics CC BY-NC 4.0 where indicated; this export does not replace those terms."
listino,2026-10-05,/righe/29/percentile_1a,67.1,"CoinGecko (market value); DefiLlama (fees, revenue)","{""livelli"": ""2026-10-05"", ""somme"": ""2026-10-04""}",CC BY 4.0,https://creativecommons.org/licenses/by/4.0/,Luca Valente,"CC BY 4.0 applies to the original compilation and editorial work by Luca Valente. Underlying third-party data retain their source terms, including Coin Metrics CC BY-NC 4.0 where indicated; this export does not replace those terms."
listino,2026-10-05,/righe/29/mediana_1a,0.11,"CoinGecko (market value); DefiLlama (fees, revenue)","{""livelli"": ""2026-10-05"", ""somme"": ""2026-10-04""}",CC BY 4.0,https://creativecommons.org/licenses/by/4.0/,Luca Valente,"CC BY 4.0 applies to the original compilation and editorial work by Luca Valente. Underlying third-party data retain their source terms, including Coin Metrics CC BY-NC 4.0 where indicated; this export does not replace those terms."
listino,2026-10-05,/righe/29/prezzo_su_ricavi,1.17,"CoinGecko (market value); DefiLlama (fees, revenue)","{""livelli"": ""2026-10-05"", ""somme"": ""2026-10-04""}",CC BY 4.0,https://creativecommons.org/licenses/by/4.0/,Luca Valente,"CC BY 4.0 applies to the original compilation and editorial work by Luca Valente. Underlying third-party data retain their source terms, including Coin Metrics CC BY-NC 4.0 where indicated; this export does not replace those terms."
listino,2026-10-05,/righe/29/percentile_ricavi_1a,67.1,"CoinGecko (market value); DefiLlama (fees, revenue)","{""livelli"": ""2026-10-05"", ""somme"": ""2026-10-04""}",CC BY 4.0,https://creativecommons.org/licenses/by/4.0/,Luca Valente,"CC BY 4.0 applies to the original compilation and editorial work by Luca Valente. Underlying third-party data retain their source terms, including Coin Metrics CC BY-NC 4.0 where indicated; this export does not replace those terms."
listino,2026-10-05,/righe/29/giorni_di_multiplo,365,"CoinGecko (market value); DefiLlama (fees, revenue)","{""livelli"": ""2026-10-05"", ""somme"": ""2026-10-04""}",CC BY 4.0,https://creativecommons.org/licenses/by/4.0/,Luca Valente,"CC BY 4.0 applies to the original compilation and editorial work by Luca Valente. Underlying third-party data retain their source terms, including Coin Metrics CC BY-NC 4.0 where indicated; this export does not replace those terms."
listino,2026-10-05,/righe/29/copertura_parziale,false,"CoinGecko (market value); DefiLlama (fees, revenue)","{""livelli"": ""2026-10-05"", ""somme"": ""2026-10-04""}",CC BY 4.0,https://creativecommons.org/licenses/by/4.0/,Luca Valente,"CC BY 4.0 applies to the original compilation and editorial work by Luca Valente. Underlying third-party data retain their source terms, including Coin Metrics CC BY-NC 4.0 where indicated; this export does not replace those terms."
listino,2026-10-05,/righe/29/prodotti_fuori_universo,0,"CoinGecko (market value); DefiLlama (fees, revenue)","{""livelli"": ""2026-10-05"", ""somme"": ""2026-10-04""}",CC BY 4.0,https://creativecommons.org/licenses/by/4.0/,Luca Valente,"CC BY 4.0 applies to the original compilation and editorial work by Luca Valente. Underlying third-party data retain their source terms, including Coin Metrics CC BY-NC 4.0 where indicated; this export does not replace those terms."
listino,2026-10-05,/righe/29/voci_dello_stesso_token,1,"CoinGecko (market value); DefiLlama (fees, revenue)","{""livelli"": ""2026-10-05"", ""somme"": ""2026-10-04""}",CC BY 4.0,https://creativecommons.org/licenses/by/4.0/,Luca Valente,"CC BY 4.0 applies to the original compilation and editorial work by Luca Valente. Underlying third-party data retain their source terms, including Coin Metrics CC BY-NC 4.0 where indicated; this export does not replace those terms."
listino,2026-10-05,/righe/29/commissioni_sono_ricompense,false,"CoinGecko (market value); DefiLlama (fees, revenue)","{""livelli"": ""2026-10-05"", ""somme"": ""2026-10-04""}",CC BY 4.0,https://creativecommons.org/licenses/by/4.0/,Luca Valente,"CC BY 4.0 applies to the original compilation and editorial work by Luca Valente. Underlying third-party data retain their source terms, including Coin Metrics CC BY-NC 4.0 where indicated; this export does not replace those terms."
listino,2026-10-05,/frasi/0/id,"""conteggio""","CoinGecko (market value); DefiLlama (fees, revenue)","{""livelli"": ""2026-10-05"", ""somme"": ""2026-10-04""}",CC BY 4.0,https://creativecommons.org/licenses/by/4.0/,Luca Valente,"CC BY 4.0 applies to the original compilation and editorial work by Luca Valente. Underlying third-party data retain their source terms, including Coin Metrics CC BY-NC 4.0 where indicated; this export does not replace those terms."
listino,2026-10-05,/frasi/0/testo,"""2 of 14 tokens traded below their own one-year median multiple of fees""","CoinGecko (market value); DefiLlama (fees, revenue)","{""livelli"": ""2026-10-05"", ""somme"": ""2026-10-04""}",CC BY 4.0,https://creativecommons.org/licenses/by/4.0/,Luca Valente,"CC BY 4.0 applies to the original compilation and editorial work by Luca Valente. Underlying third-party data retain their source terms, including Coin Metrics CC BY-NC 4.0 where indicated; this export does not replace those terms."
listino,2026-10-05,/frasi/0/modello,"""cruscotti.listino.conteggio""","CoinGecko (market value); DefiLlama (fees, revenue)","{""livelli"": ""2026-10-05"", ""somme"": ""2026-10-04""}",CC BY 4.0,https://creativecommons.org/licenses/by/4.0/,Luca Valente,"CC BY 4.0 applies to the original compilation and editorial work by Luca Valente. Underlying third-party data retain their source terms, including Coin Metrics CC BY-NC 4.0 where indicated; this export does not replace those terms."
listino,2026-10-05,/frasi/0/contratto,"""contratto""","CoinGecko (market value); DefiLlama (fees, revenue)","{""livelli"": ""2026-10-05"", ""somme"": ""2026-10-04""}",CC BY 4.0,https://creativecommons.org/licenses/by/4.0/,Luca Valente,"CC BY 4.0 applies to the original compilation and editorial work by Luca Valente. Underlying third-party data retain their source terms, including Coin Metrics CC BY-NC 4.0 where indicated; this export does not replace those terms."
listino,2026-10-05,/frasi/0/numeri/sotto_la_propria_mediana,2,"CoinGecko (market value); DefiLlama (fees, revenue)","{""livelli"": ""2026-10-05"", ""somme"": ""2026-10-04""}",CC BY 4.0,https://creativecommons.org/licenses/by/4.0/,Luca Valente,"CC BY 4.0 applies to the original compilation and editorial work by Luca Valente. Underlying third-party data retain their source terms, including Coin Metrics CC BY-NC 4.0 where indicated; this export does not replace those terms."
listino,2026-10-05,/frasi/0/numeri/token,14,"CoinGecko (market value); DefiLlama (fees, revenue)","{""livelli"": ""2026-10-05"", ""somme"": ""2026-10-04""}",CC BY 4.0,https://creativecommons.org/licenses/by/4.0/,Luca Valente,"CC BY 4.0 applies to the original compilation and editorial work by Luca Valente. Underlying third-party data retain their source terms, including Coin Metrics CC BY-NC 4.0 where indicated; this export does not replace those terms."
listino,2026-10-05,/frasi/0/misura,"""prezzo_su_commissioni""","CoinGecko (market value); DefiLlama (fees, revenue)","{""livelli"": ""2026-10-05"", ""somme"": ""2026-10-04""}",CC BY 4.0,https://creativecommons.org/licenses/by/4.0/,Luca Valente,"CC BY 4.0 applies to the original compilation and editorial work by Luca Valente. Underlying third-party data retain their source terms, including Coin Metrics CC BY-NC 4.0 where indicated; this export does not replace those terms."
listino,2026-10-05,/frasi/0/finestra_giorni,365,"CoinGecko (market value); DefiLlama (fees, revenue)","{""livelli"": ""2026-10-05"", ""somme"": ""2026-10-04""}",CC BY 4.0,https://creativecommons.org/licenses/by/4.0/,Luca Valente,"CC BY 4.0 applies to the original compilation and editorial work by Luca Valente. Underlying third-party data retain their source terms, including Coin Metrics CC BY-NC 4.0 where indicated; this export does not replace those terms."
listino,2026-10-05,/frasi/0/base,14,"CoinGecko (market value); DefiLlama (fees, revenue)","{""livelli"": ""2026-10-05"", ""somme"": ""2026-10-04""}",CC BY 4.0,https://creativecommons.org/licenses/by/4.0/,Luca Valente,"CC BY 4.0 applies to the original compilation and editorial work by Luca Valente. Underlying third-party data retain their source terms, including Coin Metrics CC BY-NC 4.0 where indicated; this export does not replace those terms."
listino,2026-10-05,/frasi/0/base_minima,10,"CoinGecko (market value); DefiLlama (fees, revenue)","{""livelli"": ""2026-10-05"", ""somme"": ""2026-10-04""}",CC BY 4.0,https://creativecommons.org/licenses/by/4.0/,Luca Valente,"CC BY 4.0 applies to the original compilation and editorial work by Luca Valente. Underlying third-party data retain their source terms, including Coin Metrics CC BY-NC 4.0 where indicated; this export does not replace those terms."
listino,2026-10-05,/frasi/0/cancello,"""passa""","CoinGecko (market value); DefiLlama (fees, revenue)","{""livelli"": ""2026-10-05"", ""somme"": ""2026-10-04""}",CC BY 4.0,https://creativecommons.org/licenses/by/4.0/,Luca Valente,"CC BY 4.0 applies to the original compilation and editorial work by Luca Valente. Underlying third-party data retain their source terms, including Coin Metrics CC BY-NC 4.0 where indicated; this export does not replace those terms."
listino,2026-10-05,/fonti/0,"""CoinGecko (market value)""","CoinGecko (market value); DefiLlama (fees, revenue)","{""livelli"": ""2026-10-05"", ""somme"": ""2026-10-04""}",CC BY 4.0,https://creativecommons.org/licenses/by/4.0/,Luca Valente,"CC BY 4.0 applies to the original compilation and editorial work by Luca Valente. Underlying third-party data retain their source terms, including Coin Metrics CC BY-NC 4.0 where indicated; this export does not replace those terms."
listino,2026-10-05,/fonti/1,"""DefiLlama (fees, revenue)""","CoinGecko (market value); DefiLlama (fees, revenue)","{""livelli"": ""2026-10-05"", ""somme"": ""2026-10-04""}",CC BY 4.0,https://creativecommons.org/licenses/by/4.0/,Luca Valente,"CC BY 4.0 applies to the original compilation and editorial work by Luca Valente. Underlying third-party data retain their source terms, including Coin Metrics CC BY-NC 4.0 where indicated; this export does not replace those terms."
listino,2026-10-05,/metodo,"""a multiple of market value over protocol fees, not price over earnings: the token may have no claim on those fees; the fee series and the tokens with full coverage are today's selection, applied to the whole history; market value on 2026-10-05 divided by the sum of 365 days of fees (or revenue) through 2026-10-04; percentile of today's multiple among its own daily values of the past year""","CoinGecko (market value); DefiLlama (fees, revenue)","{""livelli"": ""2026-10-05"", ""somme"": ""2026-10-04""}",CC BY 4.0,https://creativecommons.org/licenses/by/4.0/,Luca Valente,"CC BY 4.0 applies to the original compilation and editorial work by Luca Valente. Underlying third-party data retain their source terms, including Coin Metrics CC BY-NC 4.0 where indicated; this export does not replace those terms."
listino,2026-10-05,/cancello,"""ok""","CoinGecko (market value); DefiLlama (fees, revenue)","{""livelli"": ""2026-10-05"", ""somme"": ""2026-10-04""}",CC BY 4.0,https://creativecommons.org/licenses/by/4.0/,Luca Valente,"CC BY 4.0 applies to the original compilation and editorial work by Luca Valente. Underlying third-party data retain their source terms, including Coin Metrics CC BY-NC 4.0 where indicated; this export does not replace those terms."
listino,2026-10-05,/cancello_nota,"""gate result for the sentences: ok = at least one sentence passed; each sentence carries its own result; the values in tables and history are not certified one by one""","CoinGecko (market value); DefiLlama (fees, revenue)","{""livelli"": ""2026-10-05"", ""somme"": ""2026-10-04""}",CC BY 4.0,https://creativecommons.org/licenses/by/4.0/,Luca Valente,"CC BY 4.0 applies to the original compilation and editorial work by Luca Valente. Underlying third-party data retain their source terms, including Coin Metrics CC BY-NC 4.0 where indicated; this export does not replace those terms."
listino,2026-10-05,/motivi,[],"CoinGecko (market value); DefiLlama (fees, revenue)","{""livelli"": ""2026-10-05"", ""somme"": ""2026-10-04""}",CC BY 4.0,https://creativecommons.org/licenses/by/4.0/,Luca Valente,"CC BY 4.0 applies to the original compilation and editorial work by Luca Valente. Underlying third-party data retain their source terms, including Coin Metrics CC BY-NC 4.0 where indicated; this export does not replace those terms."
listino,2026-10-05,/immagini/1600x900,"""immagine_2026-10-05_1600x900.png""","CoinGecko (market value); DefiLlama (fees, revenue)","{""livelli"": ""2026-10-05"", ""somme"": ""2026-10-04""}",CC BY 4.0,https://creativecommons.org/licenses/by/4.0/,Luca Valente,"CC BY 4.0 applies to the original compilation and editorial work by Luca Valente. Underlying third-party data retain their source terms, including Coin Metrics CC BY-NC 4.0 where indicated; this export does not replace those terms."
listino,2026-10-05,/immagini/1080x1350,"""immagine_2026-10-05_1080x1350.png""","CoinGecko (market value); DefiLlama (fees, revenue)","{""livelli"": ""2026-10-05"", ""somme"": ""2026-10-04""}",CC BY 4.0,https://creativecommons.org/licenses/by/4.0/,Luca Valente,"CC BY 4.0 applies to the original compilation and editorial work by Luca Valente. Underlying third-party data retain their source terms, including Coin Metrics CC BY-NC 4.0 where indicated; this export does not replace those terms."
listino,2026-10-05,/immagine_titolo,"""2 of 14 tokens traded below their own one-year median multiple of fees""","CoinGecko (market value); DefiLlama (fees, revenue)","{""livelli"": ""2026-10-05"", ""somme"": ""2026-10-04""}",CC BY 4.0,https://creativecommons.org/licenses/by/4.0/,Luca Valente,"CC BY 4.0 applies to the original compilation and editorial work by Luca Valente. Underlying third-party data retain their source terms, including Coin Metrics CC BY-NC 4.0 where indicated; this export does not replace those terms."
listino,2026-10-05,/carta_x/file,"""x_card.png""","CoinGecko (market value); DefiLlama (fees, revenue)","{""livelli"": ""2026-10-05"", ""somme"": ""2026-10-04""}",CC BY 4.0,https://creativecommons.org/licenses/by/4.0/,Luca Valente,"CC BY 4.0 applies to the original compilation and editorial work by Luca Valente. Underlying third-party data retain their source terms, including Coin Metrics CC BY-NC 4.0 where indicated; this export does not replace those terms."
listino,2026-10-05,/carta_x/formato,"""1200x675""","CoinGecko (market value); DefiLlama (fees, revenue)","{""livelli"": ""2026-10-05"", ""somme"": ""2026-10-04""}",CC BY 4.0,https://creativecommons.org/licenses/by/4.0/,Luca Valente,"CC BY 4.0 applies to the original compilation and editorial work by Luca Valente. Underlying third-party data retain their source terms, including Coin Metrics CC BY-NC 4.0 where indicated; this export does not replace those terms."
listino,2026-10-05,/carta_x/data,"""2026-10-05""","CoinGecko (market value); DefiLlama (fees, revenue)","{""livelli"": ""2026-10-05"", ""somme"": ""2026-10-04""}",CC BY 4.0,https://creativecommons.org/licenses/by/4.0/,Luca Valente,"CC BY 4.0 applies to the original compilation and editorial work by Luca Valente. Underlying third-party data retain their source terms, including Coin Metrics CC BY-NC 4.0 where indicated; this export does not replace those terms."
listino,2026-10-05,/carta_x/nuova,true,"CoinGecko (market value); DefiLlama (fees, revenue)","{""livelli"": ""2026-10-05"", ""somme"": ""2026-10-04""}",CC BY 4.0,https://creativecommons.org/licenses/by/4.0/,Luca Valente,"CC BY 4.0 applies to the original compilation and editorial work by Luca Valente. Underlying third-party data retain their source terms, including Coin Metrics CC BY-NC 4.0 where indicated; this export does not replace those terms."
listino,2026-10-05,/carta_x/modello,"""B""","CoinGecko (market value); DefiLlama (fees, revenue)","{""livelli"": ""2026-10-05"", ""somme"": ""2026-10-04""}",CC BY 4.0,https://creativecommons.org/licenses/by/4.0/,Luca Valente,"CC BY 4.0 applies to the original compilation and editorial work by Luca Valente. Underlying third-party data retain their source terms, including Coin Metrics CC BY-NC 4.0 where indicated; this export does not replace those terms."
listino,2026-10-05,/carta_x/frase_id,"""conteggio""","CoinGecko (market value); DefiLlama (fees, revenue)","{""livelli"": ""2026-10-05"", ""somme"": ""2026-10-04""}",CC BY 4.0,https://creativecommons.org/licenses/by/4.0/,Luca Valente,"CC BY 4.0 applies to the original compilation and editorial work by Luca Valente. Underlying third-party data retain their source terms, including Coin Metrics CC BY-NC 4.0 where indicated; this export does not replace those terms."
listino,2026-10-05,/carta_x/titolo,"""Tokens trade at 3.8 times their yearly fees""","CoinGecko (market value); DefiLlama (fees, revenue)","{""livelli"": ""2026-10-05"", ""somme"": ""2026-10-04""}",CC BY 4.0,https://creativecommons.org/licenses/by/4.0/,Luca Valente,"CC BY 4.0 applies to the original compilation and editorial work by Luca Valente. Underlying third-party data retain their source terms, including Coin Metrics CC BY-NC 4.0 where indicated; this export does not replace those terms."
listino,2026-10-05,/carta_x/note/0,"""6 Oct 2025: 6.5x""","CoinGecko (market value); DefiLlama (fees, revenue)","{""livelli"": ""2026-10-05"", ""somme"": ""2026-10-04""}",CC BY 4.0,https://creativecommons.org/licenses/by/4.0/,Luca Valente,"CC BY 4.0 applies to the original compilation and editorial work by Luca Valente. Underlying third-party data retain their source terms, including Coin Metrics CC BY-NC 4.0 where indicated; this export does not replace those terms."
listino,2026-10-05,/carta_x/note/1,"""Low: 1.6x, 13 Apr 2026""","CoinGecko (market value); DefiLlama (fees, revenue)","{""livelli"": ""2026-10-05"", ""somme"": ""2026-10-04""}",CC BY 4.0,https://creativecommons.org/licenses/by/4.0/,Luca Valente,"CC BY 4.0 applies to the original compilation and editorial work by Luca Valente. Underlying third-party data retain their source terms, including Coin Metrics CC BY-NC 4.0 where indicated; this export does not replace those terms."
listino,2026-10-05,/carta_x/note/2,"""5 Oct: 3.8x""","CoinGecko (market value); DefiLlama (fees, revenue)","{""livelli"": ""2026-10-05"", ""somme"": ""2026-10-04""}",CC BY 4.0,https://creativecommons.org/licenses/by/4.0/,Luca Valente,"CC BY 4.0 applies to the original compilation and editorial work by Luca Valente. Underlying third-party data retain their source terms, including Coin Metrics CC BY-NC 4.0 where indicated; this export does not replace those terms."
listino,2026-10-05,/immagini_problemi,0,"CoinGecko (market value); DefiLlama (fees, revenue)","{""livelli"": ""2026-10-05"", ""somme"": ""2026-10-04""}",CC BY 4.0,https://creativecommons.org/licenses/by/4.0/,Luca Valente,"CC BY 4.0 applies to the original compilation and editorial work by Luca Valente. Underlying third-party data retain their source terms, including Coin Metrics CC BY-NC 4.0 where indicated; this export does not replace those terms."
listino,2026-10-05,/generato_il,"""2026-10-06T03:55:33Z""","CoinGecko (market value); DefiLlama (fees, revenue)","{""livelli"": ""2026-10-05"", ""somme"": ""2026-10-04""}",CC BY 4.0,https://creativecommons.org/licenses/by/4.0/,Luca Valente,"CC BY 4.0 applies to the original compilation and editorial work by Luca Valente. Underlying third-party data retain their source terms, including Coin Metrics CC BY-NC 4.0 where indicated; this export does not replace those terms."
