cruscotto,data,percorso,valore_json,fonte,dati_fino_a_json,licenza,licenza_url,attribuzione,nota_licenza_fonti
riserve_exchange,2026-10-04,/0/id,"""2269""",https://api.llama.fi/cexs,"""Snapshot al momento del prelievo; non ricostruisce lo stato di ieri.""",Licenza dei dati terzi non verificata come aperta: valgono i termini della fonte; accesso pubblico non equivale a diritto di ripubblicazione. Codice locale originale CC0; nessuna nuova licenza applicata ai dati.,,Fonti originali,Licenza dei dati terzi non verificata come aperta: valgono i termini della fonte; accesso pubblico non equivale a diritto di ripubblicazione. Codice locale originale CC0; nessuna nuova licenza applicata ai dati.
riserve_exchange,2026-10-04,/0/name,"""Binance""",https://api.llama.fi/cexs,"""Snapshot al momento del prelievo; non ricostruisce lo stato di ieri.""",Licenza dei dati terzi non verificata come aperta: valgono i termini della fonte; accesso pubblico non equivale a diritto di ripubblicazione. Codice locale originale CC0; nessuna nuova licenza applicata ai dati.,,Fonti originali,Licenza dei dati terzi non verificata come aperta: valgono i termini della fonte; accesso pubblico non equivale a diritto di ripubblicazione. Codice locale originale CC0; nessuna nuova licenza applicata ai dati.
riserve_exchange,2026-10-04,/0/walletsLink,"""https://www.binance.com/en/blog/community/our-commitment-to-transparency-2895840147147652626""",https://api.llama.fi/cexs,"""Snapshot al momento del prelievo; non ricostruisce lo stato di ieri.""",Licenza dei dati terzi non verificata come aperta: valgono i termini della fonte; accesso pubblico non equivale a diritto di ripubblicazione. Codice locale originale CC0; nessuna nuova licenza applicata ai dati.,,Fonti originali,Licenza dei dati terzi non verificata come aperta: valgono i termini della fonte; accesso pubblico non equivale a diritto di ripubblicazione. Codice locale originale CC0; nessuna nuova licenza applicata ai dati.
riserve_exchange,2026-10-04,/0/currentTvl,180296756813.2193,https://api.llama.fi/cexs,"""Snapshot al momento del prelievo; non ricostruisce lo stato di ieri.""",Licenza dei dati terzi non verificata come aperta: valgono i termini della fonte; accesso pubblico non equivale a diritto di ripubblicazione. Codice locale originale CC0; nessuna nuova licenza applicata ai dati.,,Fonti originali,Licenza dei dati terzi non verificata come aperta: valgono i termini della fonte; accesso pubblico non equivale a diritto di ripubblicazione. Codice locale originale CC0; nessuna nuova licenza applicata ai dati.
riserve_exchange,2026-10-04,/0/cleanAssetsTvl,152239865503.81622,https://api.llama.fi/cexs,"""Snapshot al momento del prelievo; non ricostruisce lo stato di ieri.""",Licenza dei dati terzi non verificata come aperta: valgono i termini della fonte; accesso pubblico non equivale a diritto di ripubblicazione. Codice locale originale CC0; nessuna nuova licenza applicata ai dati.,,Fonti originali,Licenza dei dati terzi non verificata come aperta: valgono i termini della fonte; accesso pubblico non equivale a diritto di ripubblicazione. Codice locale originale CC0; nessuna nuova licenza applicata ai dati.
riserve_exchange,2026-10-04,/0/inflows_24h,6020342.067493219,https://api.llama.fi/cexs,"""Snapshot al momento del prelievo; non ricostruisce lo stato di ieri.""",Licenza dei dati terzi non verificata come aperta: valgono i termini della fonte; accesso pubblico non equivale a diritto di ripubblicazione. Codice locale originale CC0; nessuna nuova licenza applicata ai dati.,,Fonti originali,Licenza dei dati terzi non verificata come aperta: valgono i termini della fonte; accesso pubblico non equivale a diritto di ripubblicazione. Codice locale originale CC0; nessuna nuova licenza applicata ai dati.
riserve_exchange,2026-10-04,/0/inflows_1w,-79692953.55844529,https://api.llama.fi/cexs,"""Snapshot al momento del prelievo; non ricostruisce lo stato di ieri.""",Licenza dei dati terzi non verificata come aperta: valgono i termini della fonte; accesso pubblico non equivale a diritto di ripubblicazione. Codice locale originale CC0; nessuna nuova licenza applicata ai dati.,,Fonti originali,Licenza dei dati terzi non verificata come aperta: valgono i termini della fonte; accesso pubblico non equivale a diritto di ripubblicazione. Codice locale originale CC0; nessuna nuova licenza applicata ai dati.
riserve_exchange,2026-10-04,/0/inflows_1m,549428603.1874528,https://api.llama.fi/cexs,"""Snapshot al momento del prelievo; non ricostruisce lo stato di ieri.""",Licenza dei dati terzi non verificata come aperta: valgono i termini della fonte; accesso pubblico non equivale a diritto di ripubblicazione. Codice locale originale CC0; nessuna nuova licenza applicata ai dati.,,Fonti originali,Licenza dei dati terzi non verificata come aperta: valgono i termini della fonte; accesso pubblico non equivale a diritto di ripubblicazione. Codice locale originale CC0; nessuna nuova licenza applicata ai dati.
riserve_exchange,2026-10-04,/1/id,"""2272""",https://api.llama.fi/cexs,"""Snapshot al momento del prelievo; non ricostruisce lo stato di ieri.""",Licenza dei dati terzi non verificata come aperta: valgono i termini della fonte; accesso pubblico non equivale a diritto di ripubblicazione. Codice locale originale CC0; nessuna nuova licenza applicata ai dati.,,Fonti originali,Licenza dei dati terzi non verificata come aperta: valgono i termini della fonte; accesso pubblico non equivale a diritto di ripubblicazione. Codice locale originale CC0; nessuna nuova licenza applicata ai dati.
riserve_exchange,2026-10-04,/1/name,"""OKX""",https://api.llama.fi/cexs,"""Snapshot al momento del prelievo; non ricostruisce lo stato di ieri.""",Licenza dei dati terzi non verificata come aperta: valgono i termini della fonte; accesso pubblico non equivale a diritto di ripubblicazione. Codice locale originale CC0; nessuna nuova licenza applicata ai dati.,,Fonti originali,Licenza dei dati terzi non verificata come aperta: valgono i termini della fonte; accesso pubblico non equivale a diritto di ripubblicazione. Codice locale originale CC0; nessuna nuova licenza applicata ai dati.
riserve_exchange,2026-10-04,/1/walletsLink,"""https://twitter.com/okx/status/1590812545346330624""",https://api.llama.fi/cexs,"""Snapshot al momento del prelievo; non ricostruisce lo stato di ieri.""",Licenza dei dati terzi non verificata come aperta: valgono i termini della fonte; accesso pubblico non equivale a diritto di ripubblicazione. Codice locale originale CC0; nessuna nuova licenza applicata ai dati.,,Fonti originali,Licenza dei dati terzi non verificata come aperta: valgono i termini della fonte; accesso pubblico non equivale a diritto di ripubblicazione. Codice locale originale CC0; nessuna nuova licenza applicata ai dati.
riserve_exchange,2026-10-04,/1/currentTvl,32003356210.36375,https://api.llama.fi/cexs,"""Snapshot al momento del prelievo; non ricostruisce lo stato di ieri.""",Licenza dei dati terzi non verificata come aperta: valgono i termini della fonte; accesso pubblico non equivale a diritto di ripubblicazione. Codice locale originale CC0; nessuna nuova licenza applicata ai dati.,,Fonti originali,Licenza dei dati terzi non verificata come aperta: valgono i termini della fonte; accesso pubblico non equivale a diritto di ripubblicazione. Codice locale originale CC0; nessuna nuova licenza applicata ai dati.
riserve_exchange,2026-10-04,/1/cleanAssetsTvl,30441901495.687744,https://api.llama.fi/cexs,"""Snapshot al momento del prelievo; non ricostruisce lo stato di ieri.""",Licenza dei dati terzi non verificata come aperta: valgono i termini della fonte; accesso pubblico non equivale a diritto di ripubblicazione. Codice locale originale CC0; nessuna nuova licenza applicata ai dati.,,Fonti originali,Licenza dei dati terzi non verificata come aperta: valgono i termini della fonte; accesso pubblico non equivale a diritto di ripubblicazione. Codice locale originale CC0; nessuna nuova licenza applicata ai dati.
riserve_exchange,2026-10-04,/1/inflows_24h,-94999953.46828407,https://api.llama.fi/cexs,"""Snapshot al momento del prelievo; non ricostruisce lo stato di ieri.""",Licenza dei dati terzi non verificata come aperta: valgono i termini della fonte; accesso pubblico non equivale a diritto di ripubblicazione. Codice locale originale CC0; nessuna nuova licenza applicata ai dati.,,Fonti originali,Licenza dei dati terzi non verificata come aperta: valgono i termini della fonte; accesso pubblico non equivale a diritto di ripubblicazione. Codice locale originale CC0; nessuna nuova licenza applicata ai dati.
riserve_exchange,2026-10-04,/1/inflows_1w,-242134328.5657463,https://api.llama.fi/cexs,"""Snapshot al momento del prelievo; non ricostruisce lo stato di ieri.""",Licenza dei dati terzi non verificata come aperta: valgono i termini della fonte; accesso pubblico non equivale a diritto di ripubblicazione. Codice locale originale CC0; nessuna nuova licenza applicata ai dati.,,Fonti originali,Licenza dei dati terzi non verificata come aperta: valgono i termini della fonte; accesso pubblico non equivale a diritto di ripubblicazione. Codice locale originale CC0; nessuna nuova licenza applicata ai dati.
riserve_exchange,2026-10-04,/1/inflows_1m,58177045.26244286,https://api.llama.fi/cexs,"""Snapshot al momento del prelievo; non ricostruisce lo stato di ieri.""",Licenza dei dati terzi non verificata come aperta: valgono i termini della fonte; accesso pubblico non equivale a diritto di ripubblicazione. Codice locale originale CC0; nessuna nuova licenza applicata ai dati.,,Fonti originali,Licenza dei dati terzi non verificata come aperta: valgono i termini della fonte; accesso pubblico non equivale a diritto di ripubblicazione. Codice locale originale CC0; nessuna nuova licenza applicata ai dati.
riserve_exchange,2026-10-04,/2/id,"""2275""",https://api.llama.fi/cexs,"""Snapshot al momento del prelievo; non ricostruisce lo stato di ieri.""",Licenza dei dati terzi non verificata come aperta: valgono i termini della fonte; accesso pubblico non equivale a diritto di ripubblicazione. Codice locale originale CC0; nessuna nuova licenza applicata ai dati.,,Fonti originali,Licenza dei dati terzi non verificata come aperta: valgono i termini della fonte; accesso pubblico non equivale a diritto di ripubblicazione. Codice locale originale CC0; nessuna nuova licenza applicata ai dati.
riserve_exchange,2026-10-04,/2/name,"""Bitfinex""",https://api.llama.fi/cexs,"""Snapshot al momento del prelievo; non ricostruisce lo stato di ieri.""",Licenza dei dati terzi non verificata come aperta: valgono i termini della fonte; accesso pubblico non equivale a diritto di ripubblicazione. Codice locale originale CC0; nessuna nuova licenza applicata ai dati.,,Fonti originali,Licenza dei dati terzi non verificata come aperta: valgono i termini della fonte; accesso pubblico non equivale a diritto di ripubblicazione. Codice locale originale CC0; nessuna nuova licenza applicata ai dati.
riserve_exchange,2026-10-04,/2/walletsLink,"""https://github.com/bitfinexcom/pub/blob/main/wallets.txt""",https://api.llama.fi/cexs,"""Snapshot al momento del prelievo; non ricostruisce lo stato di ieri.""",Licenza dei dati terzi non verificata come aperta: valgono i termini della fonte; accesso pubblico non equivale a diritto di ripubblicazione. Codice locale originale CC0; nessuna nuova licenza applicata ai dati.,,Fonti originali,Licenza dei dati terzi non verificata come aperta: valgono i termini della fonte; accesso pubblico non equivale a diritto di ripubblicazione. Codice locale originale CC0; nessuna nuova licenza applicata ai dati.
riserve_exchange,2026-10-04,/2/currentTvl,21017259107.897125,https://api.llama.fi/cexs,"""Snapshot al momento del prelievo; non ricostruisce lo stato di ieri.""",Licenza dei dati terzi non verificata come aperta: valgono i termini della fonte; accesso pubblico non equivale a diritto di ripubblicazione. Codice locale originale CC0; nessuna nuova licenza applicata ai dati.,,Fonti originali,Licenza dei dati terzi non verificata come aperta: valgono i termini della fonte; accesso pubblico non equivale a diritto di ripubblicazione. Codice locale originale CC0; nessuna nuova licenza applicata ai dati.
riserve_exchange,2026-10-04,/2/cleanAssetsTvl,15131877878.797932,https://api.llama.fi/cexs,"""Snapshot al momento del prelievo; non ricostruisce lo stato di ieri.""",Licenza dei dati terzi non verificata come aperta: valgono i termini della fonte; accesso pubblico non equivale a diritto di ripubblicazione. Codice locale originale CC0; nessuna nuova licenza applicata ai dati.,,Fonti originali,Licenza dei dati terzi non verificata come aperta: valgono i termini della fonte; accesso pubblico non equivale a diritto di ripubblicazione. Codice locale originale CC0; nessuna nuova licenza applicata ai dati.
riserve_exchange,2026-10-04,/2/inflows_24h,35659060.679959916,https://api.llama.fi/cexs,"""Snapshot al momento del prelievo; non ricostruisce lo stato di ieri.""",Licenza dei dati terzi non verificata come aperta: valgono i termini della fonte; accesso pubblico non equivale a diritto di ripubblicazione. Codice locale originale CC0; nessuna nuova licenza applicata ai dati.,,Fonti originali,Licenza dei dati terzi non verificata come aperta: valgono i termini della fonte; accesso pubblico non equivale a diritto di ripubblicazione. Codice locale originale CC0; nessuna nuova licenza applicata ai dati.
riserve_exchange,2026-10-04,/2/inflows_1w,359326491.4754813,https://api.llama.fi/cexs,"""Snapshot al momento del prelievo; non ricostruisce lo stato di ieri.""",Licenza dei dati terzi non verificata come aperta: valgono i termini della fonte; accesso pubblico non equivale a diritto di ripubblicazione. Codice locale originale CC0; nessuna nuova licenza applicata ai dati.,,Fonti originali,Licenza dei dati terzi non verificata come aperta: valgono i termini della fonte; accesso pubblico non equivale a diritto di ripubblicazione. Codice locale originale CC0; nessuna nuova licenza applicata ai dati.
riserve_exchange,2026-10-04,/2/inflows_1m,1022789508.2520741,https://api.llama.fi/cexs,"""Snapshot al momento del prelievo; non ricostruisce lo stato di ieri.""",Licenza dei dati terzi non verificata come aperta: valgono i termini della fonte; accesso pubblico non equivale a diritto di ripubblicazione. Codice locale originale CC0; nessuna nuova licenza applicata ai dati.,,Fonti originali,Licenza dei dati terzi non verificata come aperta: valgono i termini della fonte; accesso pubblico non equivale a diritto di ripubblicazione. Codice locale originale CC0; nessuna nuova licenza applicata ai dati.
riserve_exchange,2026-10-04,/3/id,"""3732""",https://api.llama.fi/cexs,"""Snapshot al momento del prelievo; non ricostruisce lo stato di ieri.""",Licenza dei dati terzi non verificata come aperta: valgono i termini della fonte; accesso pubblico non equivale a diritto di ripubblicazione. Codice locale originale CC0; nessuna nuova licenza applicata ai dati.,,Fonti originali,Licenza dei dati terzi non verificata come aperta: valgono i termini della fonte; accesso pubblico non equivale a diritto di ripubblicazione. Codice locale originale CC0; nessuna nuova licenza applicata ai dati.
riserve_exchange,2026-10-04,/3/name,"""Robinhood""",https://api.llama.fi/cexs,"""Snapshot al momento del prelievo; non ricostruisce lo stato di ieri.""",Licenza dei dati terzi non verificata come aperta: valgono i termini della fonte; accesso pubblico non equivale a diritto di ripubblicazione. Codice locale originale CC0; nessuna nuova licenza applicata ai dati.,,Fonti originali,Licenza dei dati terzi non verificata come aperta: valgono i termini della fonte; accesso pubblico non equivale a diritto di ripubblicazione. Codice locale originale CC0; nessuna nuova licenza applicata ai dati.
riserve_exchange,2026-10-04,/3/walletsLink,null,https://api.llama.fi/cexs,"""Snapshot al momento del prelievo; non ricostruisce lo stato di ieri.""",Licenza dei dati terzi non verificata come aperta: valgono i termini della fonte; accesso pubblico non equivale a diritto di ripubblicazione. Codice locale originale CC0; nessuna nuova licenza applicata ai dati.,,Fonti originali,Licenza dei dati terzi non verificata come aperta: valgono i termini della fonte; accesso pubblico non equivale a diritto di ripubblicazione. Codice locale originale CC0; nessuna nuova licenza applicata ai dati.
riserve_exchange,2026-10-04,/3/currentTvl,15812826409.828545,https://api.llama.fi/cexs,"""Snapshot al momento del prelievo; non ricostruisce lo stato di ieri.""",Licenza dei dati terzi non verificata come aperta: valgono i termini della fonte; accesso pubblico non equivale a diritto di ripubblicazione. Codice locale originale CC0; nessuna nuova licenza applicata ai dati.,,Fonti originali,Licenza dei dati terzi non verificata come aperta: valgono i termini della fonte; accesso pubblico non equivale a diritto di ripubblicazione. Codice locale originale CC0; nessuna nuova licenza applicata ai dati.
riserve_exchange,2026-10-04,/3/cleanAssetsTvl,15812826409.828545,https://api.llama.fi/cexs,"""Snapshot al momento del prelievo; non ricostruisce lo stato di ieri.""",Licenza dei dati terzi non verificata come aperta: valgono i termini della fonte; accesso pubblico non equivale a diritto di ripubblicazione. Codice locale originale CC0; nessuna nuova licenza applicata ai dati.,,Fonti originali,Licenza dei dati terzi non verificata come aperta: valgono i termini della fonte; accesso pubblico non equivale a diritto di ripubblicazione. Codice locale originale CC0; nessuna nuova licenza applicata ai dati.
riserve_exchange,2026-10-04,/3/inflows_24h,2631.282083957646,https://api.llama.fi/cexs,"""Snapshot al momento del prelievo; non ricostruisce lo stato di ieri.""",Licenza dei dati terzi non verificata come aperta: valgono i termini della fonte; accesso pubblico non equivale a diritto di ripubblicazione. Codice locale originale CC0; nessuna nuova licenza applicata ai dati.,,Fonti originali,Licenza dei dati terzi non verificata come aperta: valgono i termini della fonte; accesso pubblico non equivale a diritto di ripubblicazione. Codice locale originale CC0; nessuna nuova licenza applicata ai dati.
riserve_exchange,2026-10-04,/3/inflows_1w,39123.98723040394,https://api.llama.fi/cexs,"""Snapshot al momento del prelievo; non ricostruisce lo stato di ieri.""",Licenza dei dati terzi non verificata come aperta: valgono i termini della fonte; accesso pubblico non equivale a diritto di ripubblicazione. Codice locale originale CC0; nessuna nuova licenza applicata ai dati.,,Fonti originali,Licenza dei dati terzi non verificata come aperta: valgono i termini della fonte; accesso pubblico non equivale a diritto di ripubblicazione. Codice locale originale CC0; nessuna nuova licenza applicata ai dati.
riserve_exchange,2026-10-04,/3/inflows_1m,122529.17170654426,https://api.llama.fi/cexs,"""Snapshot al momento del prelievo; non ricostruisce lo stato di ieri.""",Licenza dei dati terzi non verificata come aperta: valgono i termini della fonte; accesso pubblico non equivale a diritto di ripubblicazione. Codice locale originale CC0; nessuna nuova licenza applicata ai dati.,,Fonti originali,Licenza dei dati terzi non verificata come aperta: valgono i termini della fonte; accesso pubblico non equivale a diritto di ripubblicazione. Codice locale originale CC0; nessuna nuova licenza applicata ai dati.
riserve_exchange,2026-10-04,/4/id,"""6469""",https://api.llama.fi/cexs,"""Snapshot al momento del prelievo; non ricostruisce lo stato di ieri.""",Licenza dei dati terzi non verificata come aperta: valgono i termini della fonte; accesso pubblico non equivale a diritto di ripubblicazione. Codice locale originale CC0; nessuna nuova licenza applicata ai dati.,,Fonti originali,Licenza dei dati terzi non verificata come aperta: valgono i termini della fonte; accesso pubblico non equivale a diritto di ripubblicazione. Codice locale originale CC0; nessuna nuova licenza applicata ai dati.
riserve_exchange,2026-10-04,/4/name,"""Gemini""",https://api.llama.fi/cexs,"""Snapshot al momento del prelievo; non ricostruisce lo stato di ieri.""",Licenza dei dati terzi non verificata come aperta: valgono i termini della fonte; accesso pubblico non equivale a diritto di ripubblicazione. Codice locale originale CC0; nessuna nuova licenza applicata ai dati.,,Fonti originali,Licenza dei dati terzi non verificata come aperta: valgono i termini della fonte; accesso pubblico non equivale a diritto di ripubblicazione. Codice locale originale CC0; nessuna nuova licenza applicata ai dati.
riserve_exchange,2026-10-04,/4/walletsLink,"""https://www.gemini.com/trust-center/""",https://api.llama.fi/cexs,"""Snapshot al momento del prelievo; non ricostruisce lo stato di ieri.""",Licenza dei dati terzi non verificata come aperta: valgono i termini della fonte; accesso pubblico non equivale a diritto di ripubblicazione. Codice locale originale CC0; nessuna nuova licenza applicata ai dati.,,Fonti originali,Licenza dei dati terzi non verificata come aperta: valgono i termini della fonte; accesso pubblico non equivale a diritto di ripubblicazione. Codice locale originale CC0; nessuna nuova licenza applicata ai dati.
riserve_exchange,2026-10-04,/4/currentTvl,5762057356.441604,https://api.llama.fi/cexs,"""Snapshot al momento del prelievo; non ricostruisce lo stato di ieri.""",Licenza dei dati terzi non verificata come aperta: valgono i termini della fonte; accesso pubblico non equivale a diritto di ripubblicazione. Codice locale originale CC0; nessuna nuova licenza applicata ai dati.,,Fonti originali,Licenza dei dati terzi non verificata come aperta: valgono i termini della fonte; accesso pubblico non equivale a diritto di ripubblicazione. Codice locale originale CC0; nessuna nuova licenza applicata ai dati.
riserve_exchange,2026-10-04,/4/cleanAssetsTvl,5762057356.441604,https://api.llama.fi/cexs,"""Snapshot al momento del prelievo; non ricostruisce lo stato di ieri.""",Licenza dei dati terzi non verificata come aperta: valgono i termini della fonte; accesso pubblico non equivale a diritto di ripubblicazione. Codice locale originale CC0; nessuna nuova licenza applicata ai dati.,,Fonti originali,Licenza dei dati terzi non verificata come aperta: valgono i termini della fonte; accesso pubblico non equivale a diritto di ripubblicazione. Codice locale originale CC0; nessuna nuova licenza applicata ai dati.
riserve_exchange,2026-10-04,/4/inflows_24h,5258868.278029744,https://api.llama.fi/cexs,"""Snapshot al momento del prelievo; non ricostruisce lo stato di ieri.""",Licenza dei dati terzi non verificata come aperta: valgono i termini della fonte; accesso pubblico non equivale a diritto di ripubblicazione. Codice locale originale CC0; nessuna nuova licenza applicata ai dati.,,Fonti originali,Licenza dei dati terzi non verificata come aperta: valgono i termini della fonte; accesso pubblico non equivale a diritto di ripubblicazione. Codice locale originale CC0; nessuna nuova licenza applicata ai dati.
riserve_exchange,2026-10-04,/4/inflows_1w,-10236267.230440121,https://api.llama.fi/cexs,"""Snapshot al momento del prelievo; non ricostruisce lo stato di ieri.""",Licenza dei dati terzi non verificata come aperta: valgono i termini della fonte; accesso pubblico non equivale a diritto di ripubblicazione. Codice locale originale CC0; nessuna nuova licenza applicata ai dati.,,Fonti originali,Licenza dei dati terzi non verificata come aperta: valgono i termini della fonte; accesso pubblico non equivale a diritto di ripubblicazione. Codice locale originale CC0; nessuna nuova licenza applicata ai dati.
riserve_exchange,2026-10-04,/4/inflows_1m,-7874517.589071044,https://api.llama.fi/cexs,"""Snapshot al momento del prelievo; non ricostruisce lo stato di ieri.""",Licenza dei dati terzi non verificata come aperta: valgono i termini della fonte; accesso pubblico non equivale a diritto di ripubblicazione. Codice locale originale CC0; nessuna nuova licenza applicata ai dati.,,Fonti originali,Licenza dei dati terzi non verificata come aperta: valgono i termini della fonte; accesso pubblico non equivale a diritto di ripubblicazione. Codice locale originale CC0; nessuna nuova licenza applicata ai dati.
riserve_exchange,2026-10-04,/5/id,"""2286""",https://api.llama.fi/cexs,"""Snapshot al momento del prelievo; non ricostruisce lo stato di ieri.""",Licenza dei dati terzi non verificata come aperta: valgono i termini della fonte; accesso pubblico non equivale a diritto di ripubblicazione. Codice locale originale CC0; nessuna nuova licenza applicata ai dati.,,Fonti originali,Licenza dei dati terzi non verificata come aperta: valgono i termini della fonte; accesso pubblico non equivale a diritto di ripubblicazione. Codice locale originale CC0; nessuna nuova licenza applicata ai dati.
riserve_exchange,2026-10-04,/5/name,"""Bybit""",https://api.llama.fi/cexs,"""Snapshot al momento del prelievo; non ricostruisce lo stato di ieri.""",Licenza dei dati terzi non verificata come aperta: valgono i termini della fonte; accesso pubblico non equivale a diritto di ripubblicazione. Codice locale originale CC0; nessuna nuova licenza applicata ai dati.,,Fonti originali,Licenza dei dati terzi non verificata come aperta: valgono i termini della fonte; accesso pubblico non equivale a diritto di ripubblicazione. Codice locale originale CC0; nessuna nuova licenza applicata ai dati.
riserve_exchange,2026-10-04,/5/walletsLink,"""https://twitter.com/benbybit/status/1592797790518018048""",https://api.llama.fi/cexs,"""Snapshot al momento del prelievo; non ricostruisce lo stato di ieri.""",Licenza dei dati terzi non verificata come aperta: valgono i termini della fonte; accesso pubblico non equivale a diritto di ripubblicazione. Codice locale originale CC0; nessuna nuova licenza applicata ai dati.,,Fonti originali,Licenza dei dati terzi non verificata come aperta: valgono i termini della fonte; accesso pubblico non equivale a diritto di ripubblicazione. Codice locale originale CC0; nessuna nuova licenza applicata ai dati.
riserve_exchange,2026-10-04,/5/currentTvl,17024653357.828703,https://api.llama.fi/cexs,"""Snapshot al momento del prelievo; non ricostruisce lo stato di ieri.""",Licenza dei dati terzi non verificata come aperta: valgono i termini della fonte; accesso pubblico non equivale a diritto di ripubblicazione. Codice locale originale CC0; nessuna nuova licenza applicata ai dati.,,Fonti originali,Licenza dei dati terzi non verificata come aperta: valgono i termini della fonte; accesso pubblico non equivale a diritto di ripubblicazione. Codice locale originale CC0; nessuna nuova licenza applicata ai dati.
riserve_exchange,2026-10-04,/5/cleanAssetsTvl,16303140080.703974,https://api.llama.fi/cexs,"""Snapshot al momento del prelievo; non ricostruisce lo stato di ieri.""",Licenza dei dati terzi non verificata come aperta: valgono i termini della fonte; accesso pubblico non equivale a diritto di ripubblicazione. Codice locale originale CC0; nessuna nuova licenza applicata ai dati.,,Fonti originali,Licenza dei dati terzi non verificata come aperta: valgono i termini della fonte; accesso pubblico non equivale a diritto di ripubblicazione. Codice locale originale CC0; nessuna nuova licenza applicata ai dati.
riserve_exchange,2026-10-04,/5/inflows_24h,-420567.87435722025,https://api.llama.fi/cexs,"""Snapshot al momento del prelievo; non ricostruisce lo stato di ieri.""",Licenza dei dati terzi non verificata come aperta: valgono i termini della fonte; accesso pubblico non equivale a diritto di ripubblicazione. Codice locale originale CC0; nessuna nuova licenza applicata ai dati.,,Fonti originali,Licenza dei dati terzi non verificata come aperta: valgono i termini della fonte; accesso pubblico non equivale a diritto di ripubblicazione. Codice locale originale CC0; nessuna nuova licenza applicata ai dati.
riserve_exchange,2026-10-04,/5/inflows_1w,-60965152.37022837,https://api.llama.fi/cexs,"""Snapshot al momento del prelievo; non ricostruisce lo stato di ieri.""",Licenza dei dati terzi non verificata come aperta: valgono i termini della fonte; accesso pubblico non equivale a diritto di ripubblicazione. Codice locale originale CC0; nessuna nuova licenza applicata ai dati.,,Fonti originali,Licenza dei dati terzi non verificata come aperta: valgono i termini della fonte; accesso pubblico non equivale a diritto di ripubblicazione. Codice locale originale CC0; nessuna nuova licenza applicata ai dati.
riserve_exchange,2026-10-04,/5/inflows_1m,-299591725.53169805,https://api.llama.fi/cexs,"""Snapshot al momento del prelievo; non ricostruisce lo stato di ieri.""",Licenza dei dati terzi non verificata come aperta: valgono i termini della fonte; accesso pubblico non equivale a diritto di ripubblicazione. Codice locale originale CC0; nessuna nuova licenza applicata ai dati.,,Fonti originali,Licenza dei dati terzi non verificata come aperta: valgono i termini della fonte; accesso pubblico non equivale a diritto di ripubblicazione. Codice locale originale CC0; nessuna nuova licenza applicata ai dati.
riserve_exchange,2026-10-04,/6/id,"""2270""",https://api.llama.fi/cexs,"""Snapshot al momento del prelievo; non ricostruisce lo stato di ieri.""",Licenza dei dati terzi non verificata come aperta: valgono i termini della fonte; accesso pubblico non equivale a diritto di ripubblicazione. Codice locale originale CC0; nessuna nuova licenza applicata ai dati.,,Fonti originali,Licenza dei dati terzi non verificata come aperta: valgono i termini della fonte; accesso pubblico non equivale a diritto di ripubblicazione. Codice locale originale CC0; nessuna nuova licenza applicata ai dati.
riserve_exchange,2026-10-04,/6/name,"""Crypto.com""",https://api.llama.fi/cexs,"""Snapshot al momento del prelievo; non ricostruisce lo stato di ieri.""",Licenza dei dati terzi non verificata come aperta: valgono i termini della fonte; accesso pubblico non equivale a diritto di ripubblicazione. Codice locale originale CC0; nessuna nuova licenza applicata ai dati.,,Fonti originali,Licenza dei dati terzi non verificata come aperta: valgono i termini della fonte; accesso pubblico non equivale a diritto di ripubblicazione. Codice locale originale CC0; nessuna nuova licenza applicata ai dati.
riserve_exchange,2026-10-04,/6/walletsLink,"""https://crypto.com/document/proof-of-reserves""",https://api.llama.fi/cexs,"""Snapshot al momento del prelievo; non ricostruisce lo stato di ieri.""",Licenza dei dati terzi non verificata come aperta: valgono i termini della fonte; accesso pubblico non equivale a diritto di ripubblicazione. Codice locale originale CC0; nessuna nuova licenza applicata ai dati.,,Fonti originali,Licenza dei dati terzi non verificata come aperta: valgono i termini della fonte; accesso pubblico non equivale a diritto di ripubblicazione. Codice locale originale CC0; nessuna nuova licenza applicata ai dati.
riserve_exchange,2026-10-04,/6/currentTvl,2620618938.55725,https://api.llama.fi/cexs,"""Snapshot al momento del prelievo; non ricostruisce lo stato di ieri.""",Licenza dei dati terzi non verificata come aperta: valgono i termini della fonte; accesso pubblico non equivale a diritto di ripubblicazione. Codice locale originale CC0; nessuna nuova licenza applicata ai dati.,,Fonti originali,Licenza dei dati terzi non verificata come aperta: valgono i termini della fonte; accesso pubblico non equivale a diritto di ripubblicazione. Codice locale originale CC0; nessuna nuova licenza applicata ai dati.
riserve_exchange,2026-10-04,/6/cleanAssetsTvl,2614261908.356794,https://api.llama.fi/cexs,"""Snapshot al momento del prelievo; non ricostruisce lo stato di ieri.""",Licenza dei dati terzi non verificata come aperta: valgono i termini della fonte; accesso pubblico non equivale a diritto di ripubblicazione. Codice locale originale CC0; nessuna nuova licenza applicata ai dati.,,Fonti originali,Licenza dei dati terzi non verificata come aperta: valgono i termini della fonte; accesso pubblico non equivale a diritto di ripubblicazione. Codice locale originale CC0; nessuna nuova licenza applicata ai dati.
riserve_exchange,2026-10-04,/6/inflows_24h,3812611.876846944,https://api.llama.fi/cexs,"""Snapshot al momento del prelievo; non ricostruisce lo stato di ieri.""",Licenza dei dati terzi non verificata come aperta: valgono i termini della fonte; accesso pubblico non equivale a diritto di ripubblicazione. Codice locale originale CC0; nessuna nuova licenza applicata ai dati.,,Fonti originali,Licenza dei dati terzi non verificata come aperta: valgono i termini della fonte; accesso pubblico non equivale a diritto di ripubblicazione. Codice locale originale CC0; nessuna nuova licenza applicata ai dati.
riserve_exchange,2026-10-04,/6/inflows_1w,56829718.19818347,https://api.llama.fi/cexs,"""Snapshot al momento del prelievo; non ricostruisce lo stato di ieri.""",Licenza dei dati terzi non verificata come aperta: valgono i termini della fonte; accesso pubblico non equivale a diritto di ripubblicazione. Codice locale originale CC0; nessuna nuova licenza applicata ai dati.,,Fonti originali,Licenza dei dati terzi non verificata come aperta: valgono i termini della fonte; accesso pubblico non equivale a diritto di ripubblicazione. Codice locale originale CC0; nessuna nuova licenza applicata ai dati.
riserve_exchange,2026-10-04,/6/inflows_1m,-64010792.907083526,https://api.llama.fi/cexs,"""Snapshot al momento del prelievo; non ricostruisce lo stato di ieri.""",Licenza dei dati terzi non verificata come aperta: valgono i termini della fonte; accesso pubblico non equivale a diritto di ripubblicazione. Codice locale originale CC0; nessuna nuova licenza applicata ai dati.,,Fonti originali,Licenza dei dati terzi non verificata come aperta: valgono i termini della fonte; accesso pubblico non equivale a diritto di ripubblicazione. Codice locale originale CC0; nessuna nuova licenza applicata ai dati.
riserve_exchange,2026-10-04,/7/id,"""2276""",https://api.llama.fi/cexs,"""Snapshot al momento del prelievo; non ricostruisce lo stato di ieri.""",Licenza dei dati terzi non verificata come aperta: valgono i termini della fonte; accesso pubblico non equivale a diritto di ripubblicazione. Codice locale originale CC0; nessuna nuova licenza applicata ai dati.,,Fonti originali,Licenza dei dati terzi non verificata come aperta: valgono i termini della fonte; accesso pubblico non equivale a diritto di ripubblicazione. Codice locale originale CC0; nessuna nuova licenza applicata ai dati.
riserve_exchange,2026-10-04,/7/name,"""HTX""",https://api.llama.fi/cexs,"""Snapshot al momento del prelievo; non ricostruisce lo stato di ieri.""",Licenza dei dati terzi non verificata come aperta: valgono i termini della fonte; accesso pubblico non equivale a diritto di ripubblicazione. Codice locale originale CC0; nessuna nuova licenza applicata ai dati.,,Fonti originali,Licenza dei dati terzi non verificata come aperta: valgono i termini della fonte; accesso pubblico non equivale a diritto di ripubblicazione. Codice locale originale CC0; nessuna nuova licenza applicata ai dati.
riserve_exchange,2026-10-04,/7/walletsLink,"""https://www.huobi.com/support/en-us/detail/24922606430831""",https://api.llama.fi/cexs,"""Snapshot al momento del prelievo; non ricostruisce lo stato di ieri.""",Licenza dei dati terzi non verificata come aperta: valgono i termini della fonte; accesso pubblico non equivale a diritto di ripubblicazione. Codice locale originale CC0; nessuna nuova licenza applicata ai dati.,,Fonti originali,Licenza dei dati terzi non verificata come aperta: valgono i termini della fonte; accesso pubblico non equivale a diritto di ripubblicazione. Codice locale originale CC0; nessuna nuova licenza applicata ai dati.
riserve_exchange,2026-10-04,/7/currentTvl,4269103966.3825107,https://api.llama.fi/cexs,"""Snapshot al momento del prelievo; non ricostruisce lo stato di ieri.""",Licenza dei dati terzi non verificata come aperta: valgono i termini della fonte; accesso pubblico non equivale a diritto di ripubblicazione. Codice locale originale CC0; nessuna nuova licenza applicata ai dati.,,Fonti originali,Licenza dei dati terzi non verificata come aperta: valgono i termini della fonte; accesso pubblico non equivale a diritto di ripubblicazione. Codice locale originale CC0; nessuna nuova licenza applicata ai dati.
riserve_exchange,2026-10-04,/7/cleanAssetsTvl,4254414375.6150002,https://api.llama.fi/cexs,"""Snapshot al momento del prelievo; non ricostruisce lo stato di ieri.""",Licenza dei dati terzi non verificata come aperta: valgono i termini della fonte; accesso pubblico non equivale a diritto di ripubblicazione. Codice locale originale CC0; nessuna nuova licenza applicata ai dati.,,Fonti originali,Licenza dei dati terzi non verificata come aperta: valgono i termini della fonte; accesso pubblico non equivale a diritto di ripubblicazione. Codice locale originale CC0; nessuna nuova licenza applicata ai dati.
riserve_exchange,2026-10-04,/7/inflows_24h,74038.795125161,https://api.llama.fi/cexs,"""Snapshot al momento del prelievo; non ricostruisce lo stato di ieri.""",Licenza dei dati terzi non verificata come aperta: valgono i termini della fonte; accesso pubblico non equivale a diritto di ripubblicazione. Codice locale originale CC0; nessuna nuova licenza applicata ai dati.,,Fonti originali,Licenza dei dati terzi non verificata come aperta: valgono i termini della fonte; accesso pubblico non equivale a diritto di ripubblicazione. Codice locale originale CC0; nessuna nuova licenza applicata ai dati.
riserve_exchange,2026-10-04,/7/inflows_1w,-11597424.480268132,https://api.llama.fi/cexs,"""Snapshot al momento del prelievo; non ricostruisce lo stato di ieri.""",Licenza dei dati terzi non verificata come aperta: valgono i termini della fonte; accesso pubblico non equivale a diritto di ripubblicazione. Codice locale originale CC0; nessuna nuova licenza applicata ai dati.,,Fonti originali,Licenza dei dati terzi non verificata come aperta: valgono i termini della fonte; accesso pubblico non equivale a diritto di ripubblicazione. Codice locale originale CC0; nessuna nuova licenza applicata ai dati.
riserve_exchange,2026-10-04,/7/inflows_1m,421267838.2938166,https://api.llama.fi/cexs,"""Snapshot al momento del prelievo; non ricostruisce lo stato di ieri.""",Licenza dei dati terzi non verificata come aperta: valgono i termini della fonte; accesso pubblico non equivale a diritto di ripubblicazione. Codice locale originale CC0; nessuna nuova licenza applicata ai dati.,,Fonti originali,Licenza dei dati terzi non verificata come aperta: valgono i termini della fonte; accesso pubblico non equivale a diritto di ripubblicazione. Codice locale originale CC0; nessuna nuova licenza applicata ai dati.
riserve_exchange,2026-10-04,/8/id,"""2274""",https://api.llama.fi/cexs,"""Snapshot al momento del prelievo; non ricostruisce lo stato di ieri.""",Licenza dei dati terzi non verificata come aperta: valgono i termini della fonte; accesso pubblico non equivale a diritto di ripubblicazione. Codice locale originale CC0; nessuna nuova licenza applicata ai dati.,,Fonti originali,Licenza dei dati terzi non verificata come aperta: valgono i termini della fonte; accesso pubblico non equivale a diritto di ripubblicazione. Codice locale originale CC0; nessuna nuova licenza applicata ai dati.
riserve_exchange,2026-10-04,/8/name,"""KuCoin""",https://api.llama.fi/cexs,"""Snapshot al momento del prelievo; non ricostruisce lo stato di ieri.""",Licenza dei dati terzi non verificata come aperta: valgono i termini della fonte; accesso pubblico non equivale a diritto di ripubblicazione. Codice locale originale CC0; nessuna nuova licenza applicata ai dati.,,Fonti originali,Licenza dei dati terzi non verificata come aperta: valgono i termini della fonte; accesso pubblico non equivale a diritto di ripubblicazione. Codice locale originale CC0; nessuna nuova licenza applicata ai dati.
riserve_exchange,2026-10-04,/8/walletsLink,"""https://www.kucoin.com/blog/transparency-and-trust-a-detailed-list-of-kucoin-s-wallets""",https://api.llama.fi/cexs,"""Snapshot al momento del prelievo; non ricostruisce lo stato di ieri.""",Licenza dei dati terzi non verificata come aperta: valgono i termini della fonte; accesso pubblico non equivale a diritto di ripubblicazione. Codice locale originale CC0; nessuna nuova licenza applicata ai dati.,,Fonti originali,Licenza dei dati terzi non verificata come aperta: valgono i termini della fonte; accesso pubblico non equivale a diritto di ripubblicazione. Codice locale originale CC0; nessuna nuova licenza applicata ai dati.
riserve_exchange,2026-10-04,/8/currentTvl,3613358087.3535185,https://api.llama.fi/cexs,"""Snapshot al momento del prelievo; non ricostruisce lo stato di ieri.""",Licenza dei dati terzi non verificata come aperta: valgono i termini della fonte; accesso pubblico non equivale a diritto di ripubblicazione. Codice locale originale CC0; nessuna nuova licenza applicata ai dati.,,Fonti originali,Licenza dei dati terzi non verificata come aperta: valgono i termini della fonte; accesso pubblico non equivale a diritto di ripubblicazione. Codice locale originale CC0; nessuna nuova licenza applicata ai dati.
riserve_exchange,2026-10-04,/8/cleanAssetsTvl,3078859852.8117805,https://api.llama.fi/cexs,"""Snapshot al momento del prelievo; non ricostruisce lo stato di ieri.""",Licenza dei dati terzi non verificata come aperta: valgono i termini della fonte; accesso pubblico non equivale a diritto di ripubblicazione. Codice locale originale CC0; nessuna nuova licenza applicata ai dati.,,Fonti originali,Licenza dei dati terzi non verificata come aperta: valgono i termini della fonte; accesso pubblico non equivale a diritto di ripubblicazione. Codice locale originale CC0; nessuna nuova licenza applicata ai dati.
riserve_exchange,2026-10-04,/8/inflows_24h,-34731373.54667642,https://api.llama.fi/cexs,"""Snapshot al momento del prelievo; non ricostruisce lo stato di ieri.""",Licenza dei dati terzi non verificata come aperta: valgono i termini della fonte; accesso pubblico non equivale a diritto di ripubblicazione. Codice locale originale CC0; nessuna nuova licenza applicata ai dati.,,Fonti originali,Licenza dei dati terzi non verificata come aperta: valgono i termini della fonte; accesso pubblico non equivale a diritto di ripubblicazione. Codice locale originale CC0; nessuna nuova licenza applicata ai dati.
riserve_exchange,2026-10-04,/8/inflows_1w,-6832941.0940075,https://api.llama.fi/cexs,"""Snapshot al momento del prelievo; non ricostruisce lo stato di ieri.""",Licenza dei dati terzi non verificata come aperta: valgono i termini della fonte; accesso pubblico non equivale a diritto di ripubblicazione. Codice locale originale CC0; nessuna nuova licenza applicata ai dati.,,Fonti originali,Licenza dei dati terzi non verificata come aperta: valgono i termini della fonte; accesso pubblico non equivale a diritto di ripubblicazione. Codice locale originale CC0; nessuna nuova licenza applicata ai dati.
riserve_exchange,2026-10-04,/8/inflows_1m,35524281.42430535,https://api.llama.fi/cexs,"""Snapshot al momento del prelievo; non ricostruisce lo stato di ieri.""",Licenza dei dati terzi non verificata come aperta: valgono i termini della fonte; accesso pubblico non equivale a diritto di ripubblicazione. Codice locale originale CC0; nessuna nuova licenza applicata ai dati.,,Fonti originali,Licenza dei dati terzi non verificata come aperta: valgono i termini della fonte; accesso pubblico non equivale a diritto di ripubblicazione. Codice locale originale CC0; nessuna nuova licenza applicata ai dati.
riserve_exchange,2026-10-04,/9/id,"""3543""",https://api.llama.fi/cexs,"""Snapshot al momento del prelievo; non ricostruisce lo stato di ieri.""",Licenza dei dati terzi non verificata come aperta: valgono i termini della fonte; accesso pubblico non equivale a diritto di ripubblicazione. Codice locale originale CC0; nessuna nuova licenza applicata ai dati.,,Fonti originali,Licenza dei dati terzi non verificata come aperta: valgono i termini della fonte; accesso pubblico non equivale a diritto di ripubblicazione. Codice locale originale CC0; nessuna nuova licenza applicata ai dati.
riserve_exchange,2026-10-04,/9/name,"""Bitstamp""",https://api.llama.fi/cexs,"""Snapshot al momento del prelievo; non ricostruisce lo stato di ieri.""",Licenza dei dati terzi non verificata come aperta: valgono i termini della fonte; accesso pubblico non equivale a diritto di ripubblicazione. Codice locale originale CC0; nessuna nuova licenza applicata ai dati.,,Fonti originali,Licenza dei dati terzi non verificata come aperta: valgono i termini della fonte; accesso pubblico non equivale a diritto di ripubblicazione. Codice locale originale CC0; nessuna nuova licenza applicata ai dati.
riserve_exchange,2026-10-04,/9/walletsLink,null,https://api.llama.fi/cexs,"""Snapshot al momento del prelievo; non ricostruisce lo stato di ieri.""",Licenza dei dati terzi non verificata come aperta: valgono i termini della fonte; accesso pubblico non equivale a diritto di ripubblicazione. Codice locale originale CC0; nessuna nuova licenza applicata ai dati.,,Fonti originali,Licenza dei dati terzi non verificata come aperta: valgono i termini della fonte; accesso pubblico non equivale a diritto di ripubblicazione. Codice locale originale CC0; nessuna nuova licenza applicata ai dati.
riserve_exchange,2026-10-04,/9/currentTvl,3769701796.522053,https://api.llama.fi/cexs,"""Snapshot al momento del prelievo; non ricostruisce lo stato di ieri.""",Licenza dei dati terzi non verificata come aperta: valgono i termini della fonte; accesso pubblico non equivale a diritto di ripubblicazione. Codice locale originale CC0; nessuna nuova licenza applicata ai dati.,,Fonti originali,Licenza dei dati terzi non verificata come aperta: valgono i termini della fonte; accesso pubblico non equivale a diritto di ripubblicazione. Codice locale originale CC0; nessuna nuova licenza applicata ai dati.
riserve_exchange,2026-10-04,/9/cleanAssetsTvl,3769701796.522053,https://api.llama.fi/cexs,"""Snapshot al momento del prelievo; non ricostruisce lo stato di ieri.""",Licenza dei dati terzi non verificata come aperta: valgono i termini della fonte; accesso pubblico non equivale a diritto di ripubblicazione. Codice locale originale CC0; nessuna nuova licenza applicata ai dati.,,Fonti originali,Licenza dei dati terzi non verificata come aperta: valgono i termini della fonte; accesso pubblico non equivale a diritto di ripubblicazione. Codice locale originale CC0; nessuna nuova licenza applicata ai dati.
riserve_exchange,2026-10-04,/9/inflows_24h,-2008942.616809709,https://api.llama.fi/cexs,"""Snapshot al momento del prelievo; non ricostruisce lo stato di ieri.""",Licenza dei dati terzi non verificata come aperta: valgono i termini della fonte; accesso pubblico non equivale a diritto di ripubblicazione. Codice locale originale CC0; nessuna nuova licenza applicata ai dati.,,Fonti originali,Licenza dei dati terzi non verificata come aperta: valgono i termini della fonte; accesso pubblico non equivale a diritto di ripubblicazione. Codice locale originale CC0; nessuna nuova licenza applicata ai dati.
riserve_exchange,2026-10-04,/9/inflows_1w,-51851074.028711975,https://api.llama.fi/cexs,"""Snapshot al momento del prelievo; non ricostruisce lo stato di ieri.""",Licenza dei dati terzi non verificata come aperta: valgono i termini della fonte; accesso pubblico non equivale a diritto di ripubblicazione. Codice locale originale CC0; nessuna nuova licenza applicata ai dati.,,Fonti originali,Licenza dei dati terzi non verificata come aperta: valgono i termini della fonte; accesso pubblico non equivale a diritto di ripubblicazione. Codice locale originale CC0; nessuna nuova licenza applicata ai dati.
riserve_exchange,2026-10-04,/9/inflows_1m,-1241307751.9631376,https://api.llama.fi/cexs,"""Snapshot al momento del prelievo; non ricostruisce lo stato di ieri.""",Licenza dei dati terzi non verificata come aperta: valgono i termini della fonte; accesso pubblico non equivale a diritto di ripubblicazione. Codice locale originale CC0; nessuna nuova licenza applicata ai dati.,,Fonti originali,Licenza dei dati terzi non verificata come aperta: valgono i termini della fonte; accesso pubblico non equivale a diritto di ripubblicazione. Codice locale originale CC0; nessuna nuova licenza applicata ai dati.
riserve_exchange,2026-10-04,/10/id,"""2273""",https://api.llama.fi/cexs,"""Snapshot al momento del prelievo; non ricostruisce lo stato di ieri.""",Licenza dei dati terzi non verificata come aperta: valgono i termini della fonte; accesso pubblico non equivale a diritto di ripubblicazione. Codice locale originale CC0; nessuna nuova licenza applicata ai dati.,,Fonti originali,Licenza dei dati terzi non verificata come aperta: valgono i termini della fonte; accesso pubblico non equivale a diritto di ripubblicazione. Codice locale originale CC0; nessuna nuova licenza applicata ai dati.
riserve_exchange,2026-10-04,/10/name,"""Deribit""",https://api.llama.fi/cexs,"""Snapshot al momento del prelievo; non ricostruisce lo stato di ieri.""",Licenza dei dati terzi non verificata come aperta: valgono i termini della fonte; accesso pubblico non equivale a diritto di ripubblicazione. Codice locale originale CC0; nessuna nuova licenza applicata ai dati.,,Fonti originali,Licenza dei dati terzi non verificata come aperta: valgono i termini della fonte; accesso pubblico non equivale a diritto di ripubblicazione. Codice locale originale CC0; nessuna nuova licenza applicata ai dati.
riserve_exchange,2026-10-04,/10/walletsLink,"""https://insights.deribit.com/exchange-updates/proof-of-reserves-deribit/""",https://api.llama.fi/cexs,"""Snapshot al momento del prelievo; non ricostruisce lo stato di ieri.""",Licenza dei dati terzi non verificata come aperta: valgono i termini della fonte; accesso pubblico non equivale a diritto di ripubblicazione. Codice locale originale CC0; nessuna nuova licenza applicata ai dati.,,Fonti originali,Licenza dei dati terzi non verificata come aperta: valgono i termini della fonte; accesso pubblico non equivale a diritto di ripubblicazione. Codice locale originale CC0; nessuna nuova licenza applicata ai dati.
riserve_exchange,2026-10-04,/10/currentTvl,4275550314.0137987,https://api.llama.fi/cexs,"""Snapshot al momento del prelievo; non ricostruisce lo stato di ieri.""",Licenza dei dati terzi non verificata come aperta: valgono i termini della fonte; accesso pubblico non equivale a diritto di ripubblicazione. Codice locale originale CC0; nessuna nuova licenza applicata ai dati.,,Fonti originali,Licenza dei dati terzi non verificata come aperta: valgono i termini della fonte; accesso pubblico non equivale a diritto di ripubblicazione. Codice locale originale CC0; nessuna nuova licenza applicata ai dati.
riserve_exchange,2026-10-04,/10/cleanAssetsTvl,4275550314.0137987,https://api.llama.fi/cexs,"""Snapshot al momento del prelievo; non ricostruisce lo stato di ieri.""",Licenza dei dati terzi non verificata come aperta: valgono i termini della fonte; accesso pubblico non equivale a diritto di ripubblicazione. Codice locale originale CC0; nessuna nuova licenza applicata ai dati.,,Fonti originali,Licenza dei dati terzi non verificata come aperta: valgono i termini della fonte; accesso pubblico non equivale a diritto di ripubblicazione. Codice locale originale CC0; nessuna nuova licenza applicata ai dati.
riserve_exchange,2026-10-04,/10/inflows_24h,-16321515.61239594,https://api.llama.fi/cexs,"""Snapshot al momento del prelievo; non ricostruisce lo stato di ieri.""",Licenza dei dati terzi non verificata come aperta: valgono i termini della fonte; accesso pubblico non equivale a diritto di ripubblicazione. Codice locale originale CC0; nessuna nuova licenza applicata ai dati.,,Fonti originali,Licenza dei dati terzi non verificata come aperta: valgono i termini della fonte; accesso pubblico non equivale a diritto di ripubblicazione. Codice locale originale CC0; nessuna nuova licenza applicata ai dati.
riserve_exchange,2026-10-04,/10/inflows_1w,-939054077.8263322,https://api.llama.fi/cexs,"""Snapshot al momento del prelievo; non ricostruisce lo stato di ieri.""",Licenza dei dati terzi non verificata come aperta: valgono i termini della fonte; accesso pubblico non equivale a diritto di ripubblicazione. Codice locale originale CC0; nessuna nuova licenza applicata ai dati.,,Fonti originali,Licenza dei dati terzi non verificata come aperta: valgono i termini della fonte; accesso pubblico non equivale a diritto di ripubblicazione. Codice locale originale CC0; nessuna nuova licenza applicata ai dati.
riserve_exchange,2026-10-04,/10/inflows_1m,-1145425376.7359724,https://api.llama.fi/cexs,"""Snapshot al momento del prelievo; non ricostruisce lo stato di ieri.""",Licenza dei dati terzi non verificata come aperta: valgono i termini della fonte; accesso pubblico non equivale a diritto di ripubblicazione. Codice locale originale CC0; nessuna nuova licenza applicata ai dati.,,Fonti originali,Licenza dei dati terzi non verificata come aperta: valgono i termini della fonte; accesso pubblico non equivale a diritto di ripubblicazione. Codice locale originale CC0; nessuna nuova licenza applicata ai dati.
riserve_exchange,2026-10-04,/11/id,"""5517""",https://api.llama.fi/cexs,"""Snapshot al momento del prelievo; non ricostruisce lo stato di ieri.""",Licenza dei dati terzi non verificata come aperta: valgono i termini della fonte; accesso pubblico non equivale a diritto di ripubblicazione. Codice locale originale CC0; nessuna nuova licenza applicata ai dati.,,Fonti originali,Licenza dei dati terzi non verificata come aperta: valgono i termini della fonte; accesso pubblico non equivale a diritto di ripubblicazione. Codice locale originale CC0; nessuna nuova licenza applicata ai dati.
riserve_exchange,2026-10-04,/11/name,"""Bitkub""",https://api.llama.fi/cexs,"""Snapshot al momento del prelievo; non ricostruisce lo stato di ieri.""",Licenza dei dati terzi non verificata come aperta: valgono i termini della fonte; accesso pubblico non equivale a diritto di ripubblicazione. Codice locale originale CC0; nessuna nuova licenza applicata ai dati.,,Fonti originali,Licenza dei dati terzi non verificata come aperta: valgono i termini della fonte; accesso pubblico non equivale a diritto di ripubblicazione. Codice locale originale CC0; nessuna nuova licenza applicata ai dati.
riserve_exchange,2026-10-04,/11/walletsLink,null,https://api.llama.fi/cexs,"""Snapshot al momento del prelievo; non ricostruisce lo stato di ieri.""",Licenza dei dati terzi non verificata come aperta: valgono i termini della fonte; accesso pubblico non equivale a diritto di ripubblicazione. Codice locale originale CC0; nessuna nuova licenza applicata ai dati.,,Fonti originali,Licenza dei dati terzi non verificata come aperta: valgono i termini della fonte; accesso pubblico non equivale a diritto di ripubblicazione. Codice locale originale CC0; nessuna nuova licenza applicata ai dati.
riserve_exchange,2026-10-04,/11/currentTvl,1602224913.736993,https://api.llama.fi/cexs,"""Snapshot al momento del prelievo; non ricostruisce lo stato di ieri.""",Licenza dei dati terzi non verificata come aperta: valgono i termini della fonte; accesso pubblico non equivale a diritto di ripubblicazione. Codice locale originale CC0; nessuna nuova licenza applicata ai dati.,,Fonti originali,Licenza dei dati terzi non verificata come aperta: valgono i termini della fonte; accesso pubblico non equivale a diritto di ripubblicazione. Codice locale originale CC0; nessuna nuova licenza applicata ai dati.
riserve_exchange,2026-10-04,/11/cleanAssetsTvl,1602224913.736993,https://api.llama.fi/cexs,"""Snapshot al momento del prelievo; non ricostruisce lo stato di ieri.""",Licenza dei dati terzi non verificata come aperta: valgono i termini della fonte; accesso pubblico non equivale a diritto di ripubblicazione. Codice locale originale CC0; nessuna nuova licenza applicata ai dati.,,Fonti originali,Licenza dei dati terzi non verificata come aperta: valgono i termini della fonte; accesso pubblico non equivale a diritto di ripubblicazione. Codice locale originale CC0; nessuna nuova licenza applicata ai dati.
riserve_exchange,2026-10-04,/11/inflows_24h,-607331.5337795137,https://api.llama.fi/cexs,"""Snapshot al momento del prelievo; non ricostruisce lo stato di ieri.""",Licenza dei dati terzi non verificata come aperta: valgono i termini della fonte; accesso pubblico non equivale a diritto di ripubblicazione. Codice locale originale CC0; nessuna nuova licenza applicata ai dati.,,Fonti originali,Licenza dei dati terzi non verificata come aperta: valgono i termini della fonte; accesso pubblico non equivale a diritto di ripubblicazione. Codice locale originale CC0; nessuna nuova licenza applicata ai dati.
riserve_exchange,2026-10-04,/11/inflows_1w,6981554.826051807,https://api.llama.fi/cexs,"""Snapshot al momento del prelievo; non ricostruisce lo stato di ieri.""",Licenza dei dati terzi non verificata come aperta: valgono i termini della fonte; accesso pubblico non equivale a diritto di ripubblicazione. Codice locale originale CC0; nessuna nuova licenza applicata ai dati.,,Fonti originali,Licenza dei dati terzi non verificata come aperta: valgono i termini della fonte; accesso pubblico non equivale a diritto di ripubblicazione. Codice locale originale CC0; nessuna nuova licenza applicata ai dati.
riserve_exchange,2026-10-04,/11/inflows_1m,15845337.346466206,https://api.llama.fi/cexs,"""Snapshot al momento del prelievo; non ricostruisce lo stato di ieri.""",Licenza dei dati terzi non verificata come aperta: valgono i termini della fonte; accesso pubblico non equivale a diritto di ripubblicazione. Codice locale originale CC0; nessuna nuova licenza applicata ai dati.,,Fonti originali,Licenza dei dati terzi non verificata come aperta: valgono i termini della fonte; accesso pubblico non equivale a diritto di ripubblicazione. Codice locale originale CC0; nessuna nuova licenza applicata ai dati.
riserve_exchange,2026-10-04,/12/id,"""2314""",https://api.llama.fi/cexs,"""Snapshot al momento del prelievo; non ricostruisce lo stato di ieri.""",Licenza dei dati terzi non verificata come aperta: valgono i termini della fonte; accesso pubblico non equivale a diritto di ripubblicazione. Codice locale originale CC0; nessuna nuova licenza applicata ai dati.,,Fonti originali,Licenza dei dati terzi non verificata come aperta: valgono i termini della fonte; accesso pubblico non equivale a diritto di ripubblicazione. Codice locale originale CC0; nessuna nuova licenza applicata ai dati.
riserve_exchange,2026-10-04,/12/name,"""Gate""",https://api.llama.fi/cexs,"""Snapshot al momento del prelievo; non ricostruisce lo stato di ieri.""",Licenza dei dati terzi non verificata come aperta: valgono i termini della fonte; accesso pubblico non equivale a diritto di ripubblicazione. Codice locale originale CC0; nessuna nuova licenza applicata ai dati.,,Fonti originali,Licenza dei dati terzi non verificata come aperta: valgono i termini della fonte; accesso pubblico non equivale a diritto di ripubblicazione. Codice locale originale CC0; nessuna nuova licenza applicata ai dati.
riserve_exchange,2026-10-04,/12/walletsLink,"""https://github.com/gateio/proof-of-reserves""",https://api.llama.fi/cexs,"""Snapshot al momento del prelievo; non ricostruisce lo stato di ieri.""",Licenza dei dati terzi non verificata come aperta: valgono i termini della fonte; accesso pubblico non equivale a diritto di ripubblicazione. Codice locale originale CC0; nessuna nuova licenza applicata ai dati.,,Fonti originali,Licenza dei dati terzi non verificata come aperta: valgono i termini della fonte; accesso pubblico non equivale a diritto di ripubblicazione. Codice locale originale CC0; nessuna nuova licenza applicata ai dati.
riserve_exchange,2026-10-04,/12/currentTvl,7696943443.874819,https://api.llama.fi/cexs,"""Snapshot al momento del prelievo; non ricostruisce lo stato di ieri.""",Licenza dei dati terzi non verificata come aperta: valgono i termini della fonte; accesso pubblico non equivale a diritto di ripubblicazione. Codice locale originale CC0; nessuna nuova licenza applicata ai dati.,,Fonti originali,Licenza dei dati terzi non verificata come aperta: valgono i termini della fonte; accesso pubblico non equivale a diritto di ripubblicazione. Codice locale originale CC0; nessuna nuova licenza applicata ai dati.
riserve_exchange,2026-10-04,/12/cleanAssetsTvl,6450260762.567375,https://api.llama.fi/cexs,"""Snapshot al momento del prelievo; non ricostruisce lo stato di ieri.""",Licenza dei dati terzi non verificata come aperta: valgono i termini della fonte; accesso pubblico non equivale a diritto di ripubblicazione. Codice locale originale CC0; nessuna nuova licenza applicata ai dati.,,Fonti originali,Licenza dei dati terzi non verificata come aperta: valgono i termini della fonte; accesso pubblico non equivale a diritto di ripubblicazione. Codice locale originale CC0; nessuna nuova licenza applicata ai dati.
riserve_exchange,2026-10-04,/12/inflows_24h,-19892483.215511195,https://api.llama.fi/cexs,"""Snapshot al momento del prelievo; non ricostruisce lo stato di ieri.""",Licenza dei dati terzi non verificata come aperta: valgono i termini della fonte; accesso pubblico non equivale a diritto di ripubblicazione. Codice locale originale CC0; nessuna nuova licenza applicata ai dati.,,Fonti originali,Licenza dei dati terzi non verificata come aperta: valgono i termini della fonte; accesso pubblico non equivale a diritto di ripubblicazione. Codice locale originale CC0; nessuna nuova licenza applicata ai dati.
riserve_exchange,2026-10-04,/12/inflows_1w,982256.4452177283,https://api.llama.fi/cexs,"""Snapshot al momento del prelievo; non ricostruisce lo stato di ieri.""",Licenza dei dati terzi non verificata come aperta: valgono i termini della fonte; accesso pubblico non equivale a diritto di ripubblicazione. Codice locale originale CC0; nessuna nuova licenza applicata ai dati.,,Fonti originali,Licenza dei dati terzi non verificata come aperta: valgono i termini della fonte; accesso pubblico non equivale a diritto di ripubblicazione. Codice locale originale CC0; nessuna nuova licenza applicata ai dati.
riserve_exchange,2026-10-04,/12/inflows_1m,72063985.75653078,https://api.llama.fi/cexs,"""Snapshot al momento del prelievo; non ricostruisce lo stato di ieri.""",Licenza dei dati terzi non verificata come aperta: valgono i termini della fonte; accesso pubblico non equivale a diritto di ripubblicazione. Codice locale originale CC0; nessuna nuova licenza applicata ai dati.,,Fonti originali,Licenza dei dati terzi non verificata come aperta: valgono i termini della fonte; accesso pubblico non equivale a diritto di ripubblicazione. Codice locale originale CC0; nessuna nuova licenza applicata ai dati.
riserve_exchange,2026-10-04,/13/id,"""2352""",https://api.llama.fi/cexs,"""Snapshot al momento del prelievo; non ricostruisce lo stato di ieri.""",Licenza dei dati terzi non verificata come aperta: valgono i termini della fonte; accesso pubblico non equivale a diritto di ripubblicazione. Codice locale originale CC0; nessuna nuova licenza applicata ai dati.,,Fonti originali,Licenza dei dati terzi non verificata come aperta: valgono i termini della fonte; accesso pubblico non equivale a diritto di ripubblicazione. Codice locale originale CC0; nessuna nuova licenza applicata ai dati.
riserve_exchange,2026-10-04,/13/name,"""Bitget""",https://api.llama.fi/cexs,"""Snapshot al momento del prelievo; non ricostruisce lo stato di ieri.""",Licenza dei dati terzi non verificata come aperta: valgono i termini della fonte; accesso pubblico non equivale a diritto di ripubblicazione. Codice locale originale CC0; nessuna nuova licenza applicata ai dati.,,Fonti originali,Licenza dei dati terzi non verificata come aperta: valgono i termini della fonte; accesso pubblico non equivale a diritto di ripubblicazione. Codice locale originale CC0; nessuna nuova licenza applicata ai dati.
riserve_exchange,2026-10-04,/13/walletsLink,"""https://twitter.com/bitgetglobal/status/1602256957376794624""",https://api.llama.fi/cexs,"""Snapshot al momento del prelievo; non ricostruisce lo stato di ieri.""",Licenza dei dati terzi non verificata come aperta: valgono i termini della fonte; accesso pubblico non equivale a diritto di ripubblicazione. Codice locale originale CC0; nessuna nuova licenza applicata ai dati.,,Fonti originali,Licenza dei dati terzi non verificata come aperta: valgono i termini della fonte; accesso pubblico non equivale a diritto di ripubblicazione. Codice locale originale CC0; nessuna nuova licenza applicata ai dati.
riserve_exchange,2026-10-04,/13/currentTvl,6397350851.754673,https://api.llama.fi/cexs,"""Snapshot al momento del prelievo; non ricostruisce lo stato di ieri.""",Licenza dei dati terzi non verificata come aperta: valgono i termini della fonte; accesso pubblico non equivale a diritto di ripubblicazione. Codice locale originale CC0; nessuna nuova licenza applicata ai dati.,,Fonti originali,Licenza dei dati terzi non verificata come aperta: valgono i termini della fonte; accesso pubblico non equivale a diritto di ripubblicazione. Codice locale originale CC0; nessuna nuova licenza applicata ai dati.
riserve_exchange,2026-10-04,/13/cleanAssetsTvl,5893974344.917249,https://api.llama.fi/cexs,"""Snapshot al momento del prelievo; non ricostruisce lo stato di ieri.""",Licenza dei dati terzi non verificata come aperta: valgono i termini della fonte; accesso pubblico non equivale a diritto di ripubblicazione. Codice locale originale CC0; nessuna nuova licenza applicata ai dati.,,Fonti originali,Licenza dei dati terzi non verificata come aperta: valgono i termini della fonte; accesso pubblico non equivale a diritto di ripubblicazione. Codice locale originale CC0; nessuna nuova licenza applicata ai dati.
riserve_exchange,2026-10-04,/13/inflows_24h,27364234.164192118,https://api.llama.fi/cexs,"""Snapshot al momento del prelievo; non ricostruisce lo stato di ieri.""",Licenza dei dati terzi non verificata come aperta: valgono i termini della fonte; accesso pubblico non equivale a diritto di ripubblicazione. Codice locale originale CC0; nessuna nuova licenza applicata ai dati.,,Fonti originali,Licenza dei dati terzi non verificata come aperta: valgono i termini della fonte; accesso pubblico non equivale a diritto di ripubblicazione. Codice locale originale CC0; nessuna nuova licenza applicata ai dati.
riserve_exchange,2026-10-04,/13/inflows_1w,26429999.645963635,https://api.llama.fi/cexs,"""Snapshot al momento del prelievo; non ricostruisce lo stato di ieri.""",Licenza dei dati terzi non verificata come aperta: valgono i termini della fonte; accesso pubblico non equivale a diritto di ripubblicazione. Codice locale originale CC0; nessuna nuova licenza applicata ai dati.,,Fonti originali,Licenza dei dati terzi non verificata come aperta: valgono i termini della fonte; accesso pubblico non equivale a diritto di ripubblicazione. Codice locale originale CC0; nessuna nuova licenza applicata ai dati.
riserve_exchange,2026-10-04,/13/inflows_1m,21811814.26649635,https://api.llama.fi/cexs,"""Snapshot al momento del prelievo; non ricostruisce lo stato di ieri.""",Licenza dei dati terzi non verificata come aperta: valgono i termini della fonte; accesso pubblico non equivale a diritto di ripubblicazione. Codice locale originale CC0; nessuna nuova licenza applicata ai dati.,,Fonti originali,Licenza dei dati terzi non verificata come aperta: valgono i termini della fonte; accesso pubblico non equivale a diritto di ripubblicazione. Codice locale originale CC0; nessuna nuova licenza applicata ai dati.
riserve_exchange,2026-10-04,/14/id,"""3075""",https://api.llama.fi/cexs,"""Snapshot al momento del prelievo; non ricostruisce lo stato di ieri.""",Licenza dei dati terzi non verificata come aperta: valgono i termini della fonte; accesso pubblico non equivale a diritto di ripubblicazione. Codice locale originale CC0; nessuna nuova licenza applicata ai dati.,,Fonti originali,Licenza dei dati terzi non verificata come aperta: valgono i termini della fonte; accesso pubblico non equivale a diritto di ripubblicazione. Codice locale originale CC0; nessuna nuova licenza applicata ai dati.
riserve_exchange,2026-10-04,/14/name,"""MEXC""",https://api.llama.fi/cexs,"""Snapshot al momento del prelievo; non ricostruisce lo stato di ieri.""",Licenza dei dati terzi non verificata come aperta: valgono i termini della fonte; accesso pubblico non equivale a diritto di ripubblicazione. Codice locale originale CC0; nessuna nuova licenza applicata ai dati.,,Fonti originali,Licenza dei dati terzi non verificata come aperta: valgono i termini della fonte; accesso pubblico non equivale a diritto di ripubblicazione. Codice locale originale CC0; nessuna nuova licenza applicata ai dati.
riserve_exchange,2026-10-04,/14/walletsLink,null,https://api.llama.fi/cexs,"""Snapshot al momento del prelievo; non ricostruisce lo stato di ieri.""",Licenza dei dati terzi non verificata come aperta: valgono i termini della fonte; accesso pubblico non equivale a diritto di ripubblicazione. Codice locale originale CC0; nessuna nuova licenza applicata ai dati.,,Fonti originali,Licenza dei dati terzi non verificata come aperta: valgono i termini della fonte; accesso pubblico non equivale a diritto di ripubblicazione. Codice locale originale CC0; nessuna nuova licenza applicata ai dati.
riserve_exchange,2026-10-04,/14/currentTvl,5494327256.289968,https://api.llama.fi/cexs,"""Snapshot al momento del prelievo; non ricostruisce lo stato di ieri.""",Licenza dei dati terzi non verificata come aperta: valgono i termini della fonte; accesso pubblico non equivale a diritto di ripubblicazione. Codice locale originale CC0; nessuna nuova licenza applicata ai dati.,,Fonti originali,Licenza dei dati terzi non verificata come aperta: valgono i termini della fonte; accesso pubblico non equivale a diritto di ripubblicazione. Codice locale originale CC0; nessuna nuova licenza applicata ai dati.
riserve_exchange,2026-10-04,/14/cleanAssetsTvl,4864227466.638127,https://api.llama.fi/cexs,"""Snapshot al momento del prelievo; non ricostruisce lo stato di ieri.""",Licenza dei dati terzi non verificata come aperta: valgono i termini della fonte; accesso pubblico non equivale a diritto di ripubblicazione. Codice locale originale CC0; nessuna nuova licenza applicata ai dati.,,Fonti originali,Licenza dei dati terzi non verificata come aperta: valgono i termini della fonte; accesso pubblico non equivale a diritto di ripubblicazione. Codice locale originale CC0; nessuna nuova licenza applicata ai dati.
riserve_exchange,2026-10-04,/14/inflows_24h,4941508.401467189,https://api.llama.fi/cexs,"""Snapshot al momento del prelievo; non ricostruisce lo stato di ieri.""",Licenza dei dati terzi non verificata come aperta: valgono i termini della fonte; accesso pubblico non equivale a diritto di ripubblicazione. Codice locale originale CC0; nessuna nuova licenza applicata ai dati.,,Fonti originali,Licenza dei dati terzi non verificata come aperta: valgono i termini della fonte; accesso pubblico non equivale a diritto di ripubblicazione. Codice locale originale CC0; nessuna nuova licenza applicata ai dati.
riserve_exchange,2026-10-04,/14/inflows_1w,-27837624.17266296,https://api.llama.fi/cexs,"""Snapshot al momento del prelievo; non ricostruisce lo stato di ieri.""",Licenza dei dati terzi non verificata come aperta: valgono i termini della fonte; accesso pubblico non equivale a diritto di ripubblicazione. Codice locale originale CC0; nessuna nuova licenza applicata ai dati.,,Fonti originali,Licenza dei dati terzi non verificata come aperta: valgono i termini della fonte; accesso pubblico non equivale a diritto di ripubblicazione. Codice locale originale CC0; nessuna nuova licenza applicata ai dati.
riserve_exchange,2026-10-04,/14/inflows_1m,-28364156.737556063,https://api.llama.fi/cexs,"""Snapshot al momento del prelievo; non ricostruisce lo stato di ieri.""",Licenza dei dati terzi non verificata come aperta: valgono i termini della fonte; accesso pubblico non equivale a diritto di ripubblicazione. Codice locale originale CC0; nessuna nuova licenza applicata ai dati.,,Fonti originali,Licenza dei dati terzi non verificata come aperta: valgono i termini della fonte; accesso pubblico non equivale a diritto di ripubblicazione. Codice locale originale CC0; nessuna nuova licenza applicata ai dati.
riserve_exchange,2026-10-04,/15/id,"""2293""",https://api.llama.fi/cexs,"""Snapshot al momento del prelievo; non ricostruisce lo stato di ieri.""",Licenza dei dati terzi non verificata come aperta: valgono i termini della fonte; accesso pubblico non equivale a diritto di ripubblicazione. Codice locale originale CC0; nessuna nuova licenza applicata ai dati.,,Fonti originali,Licenza dei dati terzi non verificata come aperta: valgono i termini della fonte; accesso pubblico non equivale a diritto di ripubblicazione. Codice locale originale CC0; nessuna nuova licenza applicata ai dati.
riserve_exchange,2026-10-04,/15/name,"""Bitmex""",https://api.llama.fi/cexs,"""Snapshot al momento del prelievo; non ricostruisce lo stato di ieri.""",Licenza dei dati terzi non verificata come aperta: valgono i termini della fonte; accesso pubblico non equivale a diritto di ripubblicazione. Codice locale originale CC0; nessuna nuova licenza applicata ai dati.,,Fonti originali,Licenza dei dati terzi non verificata come aperta: valgono i termini della fonte; accesso pubblico non equivale a diritto di ripubblicazione. Codice locale originale CC0; nessuna nuova licenza applicata ai dati.
riserve_exchange,2026-10-04,/15/walletsLink,"""https://github.com/BitMEX/proof-of-reserves-liabilities""",https://api.llama.fi/cexs,"""Snapshot al momento del prelievo; non ricostruisce lo stato di ieri.""",Licenza dei dati terzi non verificata come aperta: valgono i termini della fonte; accesso pubblico non equivale a diritto di ripubblicazione. Codice locale originale CC0; nessuna nuova licenza applicata ai dati.,,Fonti originali,Licenza dei dati terzi non verificata come aperta: valgono i termini della fonte; accesso pubblico non equivale a diritto di ripubblicazione. Codice locale originale CC0; nessuna nuova licenza applicata ai dati.
riserve_exchange,2026-10-04,/15/currentTvl,758221559.572465,https://api.llama.fi/cexs,"""Snapshot al momento del prelievo; non ricostruisce lo stato di ieri.""",Licenza dei dati terzi non verificata come aperta: valgono i termini della fonte; accesso pubblico non equivale a diritto di ripubblicazione. Codice locale originale CC0; nessuna nuova licenza applicata ai dati.,,Fonti originali,Licenza dei dati terzi non verificata come aperta: valgono i termini della fonte; accesso pubblico non equivale a diritto di ripubblicazione. Codice locale originale CC0; nessuna nuova licenza applicata ai dati.
riserve_exchange,2026-10-04,/15/cleanAssetsTvl,758221559.572465,https://api.llama.fi/cexs,"""Snapshot al momento del prelievo; non ricostruisce lo stato di ieri.""",Licenza dei dati terzi non verificata come aperta: valgono i termini della fonte; accesso pubblico non equivale a diritto di ripubblicazione. Codice locale originale CC0; nessuna nuova licenza applicata ai dati.,,Fonti originali,Licenza dei dati terzi non verificata come aperta: valgono i termini della fonte; accesso pubblico non equivale a diritto di ripubblicazione. Codice locale originale CC0; nessuna nuova licenza applicata ai dati.
riserve_exchange,2026-10-04,/15/inflows_24h,1808373.1899190603,https://api.llama.fi/cexs,"""Snapshot al momento del prelievo; non ricostruisce lo stato di ieri.""",Licenza dei dati terzi non verificata come aperta: valgono i termini della fonte; accesso pubblico non equivale a diritto di ripubblicazione. Codice locale originale CC0; nessuna nuova licenza applicata ai dati.,,Fonti originali,Licenza dei dati terzi non verificata come aperta: valgono i termini della fonte; accesso pubblico non equivale a diritto di ripubblicazione. Codice locale originale CC0; nessuna nuova licenza applicata ai dati.
riserve_exchange,2026-10-04,/15/inflows_1w,364604.17378667125,https://api.llama.fi/cexs,"""Snapshot al momento del prelievo; non ricostruisce lo stato di ieri.""",Licenza dei dati terzi non verificata come aperta: valgono i termini della fonte; accesso pubblico non equivale a diritto di ripubblicazione. Codice locale originale CC0; nessuna nuova licenza applicata ai dati.,,Fonti originali,Licenza dei dati terzi non verificata come aperta: valgono i termini della fonte; accesso pubblico non equivale a diritto di ripubblicazione. Codice locale originale CC0; nessuna nuova licenza applicata ai dati.
riserve_exchange,2026-10-04,/15/inflows_1m,-115181679.6256333,https://api.llama.fi/cexs,"""Snapshot al momento del prelievo; non ricostruisce lo stato di ieri.""",Licenza dei dati terzi non verificata come aperta: valgono i termini della fonte; accesso pubblico non equivale a diritto di ripubblicazione. Codice locale originale CC0; nessuna nuova licenza applicata ai dati.,,Fonti originali,Licenza dei dati terzi non verificata come aperta: valgono i termini della fonte; accesso pubblico non equivale a diritto di ripubblicazione. Codice locale originale CC0; nessuna nuova licenza applicata ai dati.
riserve_exchange,2026-10-04,/16/id,"""2295""",https://api.llama.fi/cexs,"""Snapshot al momento del prelievo; non ricostruisce lo stato di ieri.""",Licenza dei dati terzi non verificata come aperta: valgono i termini della fonte; accesso pubblico non equivale a diritto di ripubblicazione. Codice locale originale CC0; nessuna nuova licenza applicata ai dati.,,Fonti originali,Licenza dei dati terzi non verificata come aperta: valgono i termini della fonte; accesso pubblico non equivale a diritto di ripubblicazione. Codice locale originale CC0; nessuna nuova licenza applicata ai dati.
riserve_exchange,2026-10-04,/16/name,"""SwissBorg""",https://api.llama.fi/cexs,"""Snapshot al momento del prelievo; non ricostruisce lo stato di ieri.""",Licenza dei dati terzi non verificata come aperta: valgono i termini della fonte; accesso pubblico non equivale a diritto di ripubblicazione. Codice locale originale CC0; nessuna nuova licenza applicata ai dati.,,Fonti originali,Licenza dei dati terzi non verificata come aperta: valgono i termini della fonte; accesso pubblico non equivale a diritto di ripubblicazione. Codice locale originale CC0; nessuna nuova licenza applicata ai dati.
riserve_exchange,2026-10-04,/16/walletsLink,"""https://github.com/swissborg/pub""",https://api.llama.fi/cexs,"""Snapshot al momento del prelievo; non ricostruisce lo stato di ieri.""",Licenza dei dati terzi non verificata come aperta: valgono i termini della fonte; accesso pubblico non equivale a diritto di ripubblicazione. Codice locale originale CC0; nessuna nuova licenza applicata ai dati.,,Fonti originali,Licenza dei dati terzi non verificata come aperta: valgono i termini della fonte; accesso pubblico non equivale a diritto di ripubblicazione. Codice locale originale CC0; nessuna nuova licenza applicata ai dati.
riserve_exchange,2026-10-04,/16/currentTvl,1124105840.7095356,https://api.llama.fi/cexs,"""Snapshot al momento del prelievo; non ricostruisce lo stato di ieri.""",Licenza dei dati terzi non verificata come aperta: valgono i termini della fonte; accesso pubblico non equivale a diritto di ripubblicazione. Codice locale originale CC0; nessuna nuova licenza applicata ai dati.,,Fonti originali,Licenza dei dati terzi non verificata come aperta: valgono i termini della fonte; accesso pubblico non equivale a diritto di ripubblicazione. Codice locale originale CC0; nessuna nuova licenza applicata ai dati.
riserve_exchange,2026-10-04,/16/cleanAssetsTvl,977304701.5657699,https://api.llama.fi/cexs,"""Snapshot al momento del prelievo; non ricostruisce lo stato di ieri.""",Licenza dei dati terzi non verificata come aperta: valgono i termini della fonte; accesso pubblico non equivale a diritto di ripubblicazione. Codice locale originale CC0; nessuna nuova licenza applicata ai dati.,,Fonti originali,Licenza dei dati terzi non verificata come aperta: valgono i termini della fonte; accesso pubblico non equivale a diritto di ripubblicazione. Codice locale originale CC0; nessuna nuova licenza applicata ai dati.
riserve_exchange,2026-10-04,/16/inflows_24h,-357778.0717083485,https://api.llama.fi/cexs,"""Snapshot al momento del prelievo; non ricostruisce lo stato di ieri.""",Licenza dei dati terzi non verificata come aperta: valgono i termini della fonte; accesso pubblico non equivale a diritto di ripubblicazione. Codice locale originale CC0; nessuna nuova licenza applicata ai dati.,,Fonti originali,Licenza dei dati terzi non verificata come aperta: valgono i termini della fonte; accesso pubblico non equivale a diritto di ripubblicazione. Codice locale originale CC0; nessuna nuova licenza applicata ai dati.
riserve_exchange,2026-10-04,/16/inflows_1w,-610367.8342795306,https://api.llama.fi/cexs,"""Snapshot al momento del prelievo; non ricostruisce lo stato di ieri.""",Licenza dei dati terzi non verificata come aperta: valgono i termini della fonte; accesso pubblico non equivale a diritto di ripubblicazione. Codice locale originale CC0; nessuna nuova licenza applicata ai dati.,,Fonti originali,Licenza dei dati terzi non verificata come aperta: valgono i termini della fonte; accesso pubblico non equivale a diritto di ripubblicazione. Codice locale originale CC0; nessuna nuova licenza applicata ai dati.
riserve_exchange,2026-10-04,/16/inflows_1m,516770.82483776595,https://api.llama.fi/cexs,"""Snapshot al momento del prelievo; non ricostruisce lo stato di ieri.""",Licenza dei dati terzi non verificata come aperta: valgono i termini della fonte; accesso pubblico non equivale a diritto di ripubblicazione. Codice locale originale CC0; nessuna nuova licenza applicata ai dati.,,Fonti originali,Licenza dei dati terzi non verificata come aperta: valgono i termini della fonte; accesso pubblico non equivale a diritto di ripubblicazione. Codice locale originale CC0; nessuna nuova licenza applicata ai dati.
riserve_exchange,2026-10-04,/17/id,"""2301""",https://api.llama.fi/cexs,"""Snapshot al momento del prelievo; non ricostruisce lo stato di ieri.""",Licenza dei dati terzi non verificata come aperta: valgono i termini della fonte; accesso pubblico non equivale a diritto di ripubblicazione. Codice locale originale CC0; nessuna nuova licenza applicata ai dati.,,Fonti originali,Licenza dei dati terzi non verificata come aperta: valgono i termini della fonte; accesso pubblico non equivale a diritto di ripubblicazione. Codice locale originale CC0; nessuna nuova licenza applicata ai dati.
riserve_exchange,2026-10-04,/17/name,"""Korbit""",https://api.llama.fi/cexs,"""Snapshot al momento del prelievo; non ricostruisce lo stato di ieri.""",Licenza dei dati terzi non verificata come aperta: valgono i termini della fonte; accesso pubblico non equivale a diritto di ripubblicazione. Codice locale originale CC0; nessuna nuova licenza applicata ai dati.,,Fonti originali,Licenza dei dati terzi non verificata come aperta: valgono i termini della fonte; accesso pubblico non equivale a diritto di ripubblicazione. Codice locale originale CC0; nessuna nuova licenza applicata ai dati.
riserve_exchange,2026-10-04,/17/walletsLink,"""https://korbit.co.kr/reserve""",https://api.llama.fi/cexs,"""Snapshot al momento del prelievo; non ricostruisce lo stato di ieri.""",Licenza dei dati terzi non verificata come aperta: valgono i termini della fonte; accesso pubblico non equivale a diritto di ripubblicazione. Codice locale originale CC0; nessuna nuova licenza applicata ai dati.,,Fonti originali,Licenza dei dati terzi non verificata come aperta: valgono i termini della fonte; accesso pubblico non equivale a diritto di ripubblicazione. Codice locale originale CC0; nessuna nuova licenza applicata ai dati.
riserve_exchange,2026-10-04,/17/currentTvl,539617139.1740283,https://api.llama.fi/cexs,"""Snapshot al momento del prelievo; non ricostruisce lo stato di ieri.""",Licenza dei dati terzi non verificata come aperta: valgono i termini della fonte; accesso pubblico non equivale a diritto di ripubblicazione. Codice locale originale CC0; nessuna nuova licenza applicata ai dati.,,Fonti originali,Licenza dei dati terzi non verificata come aperta: valgono i termini della fonte; accesso pubblico non equivale a diritto di ripubblicazione. Codice locale originale CC0; nessuna nuova licenza applicata ai dati.
riserve_exchange,2026-10-04,/17/cleanAssetsTvl,539617139.1740283,https://api.llama.fi/cexs,"""Snapshot al momento del prelievo; non ricostruisce lo stato di ieri.""",Licenza dei dati terzi non verificata come aperta: valgono i termini della fonte; accesso pubblico non equivale a diritto di ripubblicazione. Codice locale originale CC0; nessuna nuova licenza applicata ai dati.,,Fonti originali,Licenza dei dati terzi non verificata come aperta: valgono i termini della fonte; accesso pubblico non equivale a diritto di ripubblicazione. Codice locale originale CC0; nessuna nuova licenza applicata ai dati.
riserve_exchange,2026-10-04,/17/inflows_24h,-24018.501127922147,https://api.llama.fi/cexs,"""Snapshot al momento del prelievo; non ricostruisce lo stato di ieri.""",Licenza dei dati terzi non verificata come aperta: valgono i termini della fonte; accesso pubblico non equivale a diritto di ripubblicazione. Codice locale originale CC0; nessuna nuova licenza applicata ai dati.,,Fonti originali,Licenza dei dati terzi non verificata come aperta: valgono i termini della fonte; accesso pubblico non equivale a diritto di ripubblicazione. Codice locale originale CC0; nessuna nuova licenza applicata ai dati.
riserve_exchange,2026-10-04,/17/inflows_1w,3355243.024359332,https://api.llama.fi/cexs,"""Snapshot al momento del prelievo; non ricostruisce lo stato di ieri.""",Licenza dei dati terzi non verificata come aperta: valgono i termini della fonte; accesso pubblico non equivale a diritto di ripubblicazione. Codice locale originale CC0; nessuna nuova licenza applicata ai dati.,,Fonti originali,Licenza dei dati terzi non verificata come aperta: valgono i termini della fonte; accesso pubblico non equivale a diritto di ripubblicazione. Codice locale originale CC0; nessuna nuova licenza applicata ai dati.
riserve_exchange,2026-10-04,/17/inflows_1m,2563540.0808120104,https://api.llama.fi/cexs,"""Snapshot al momento del prelievo; non ricostruisce lo stato di ieri.""",Licenza dei dati terzi non verificata come aperta: valgono i termini della fonte; accesso pubblico non equivale a diritto di ripubblicazione. Codice locale originale CC0; nessuna nuova licenza applicata ai dati.,,Fonti originali,Licenza dei dati terzi non verificata come aperta: valgono i termini della fonte; accesso pubblico non equivale a diritto di ripubblicazione. Codice locale originale CC0; nessuna nuova licenza applicata ai dati.
riserve_exchange,2026-10-04,/18/id,"""2369""",https://api.llama.fi/cexs,"""Snapshot al momento del prelievo; non ricostruisce lo stato di ieri.""",Licenza dei dati terzi non verificata come aperta: valgono i termini della fonte; accesso pubblico non equivale a diritto di ripubblicazione. Codice locale originale CC0; nessuna nuova licenza applicata ai dati.,,Fonti originali,Licenza dei dati terzi non verificata come aperta: valgono i termini della fonte; accesso pubblico non equivale a diritto di ripubblicazione. Codice locale originale CC0; nessuna nuova licenza applicata ai dati.
riserve_exchange,2026-10-04,/18/name,"""Phemex""",https://api.llama.fi/cexs,"""Snapshot al momento del prelievo; non ricostruisce lo stato di ieri.""",Licenza dei dati terzi non verificata come aperta: valgono i termini della fonte; accesso pubblico non equivale a diritto di ripubblicazione. Codice locale originale CC0; nessuna nuova licenza applicata ai dati.,,Fonti originali,Licenza dei dati terzi non verificata come aperta: valgono i termini della fonte; accesso pubblico non equivale a diritto di ripubblicazione. Codice locale originale CC0; nessuna nuova licenza applicata ai dati.
riserve_exchange,2026-10-04,/18/walletsLink,"""https://phemex.com/proof-of-reserves""",https://api.llama.fi/cexs,"""Snapshot al momento del prelievo; non ricostruisce lo stato di ieri.""",Licenza dei dati terzi non verificata come aperta: valgono i termini della fonte; accesso pubblico non equivale a diritto di ripubblicazione. Codice locale originale CC0; nessuna nuova licenza applicata ai dati.,,Fonti originali,Licenza dei dati terzi non verificata come aperta: valgono i termini della fonte; accesso pubblico non equivale a diritto di ripubblicazione. Codice locale originale CC0; nessuna nuova licenza applicata ai dati.
riserve_exchange,2026-10-04,/18/currentTvl,298376145.68303,https://api.llama.fi/cexs,"""Snapshot al momento del prelievo; non ricostruisce lo stato di ieri.""",Licenza dei dati terzi non verificata come aperta: valgono i termini della fonte; accesso pubblico non equivale a diritto di ripubblicazione. Codice locale originale CC0; nessuna nuova licenza applicata ai dati.,,Fonti originali,Licenza dei dati terzi non verificata come aperta: valgono i termini della fonte; accesso pubblico non equivale a diritto di ripubblicazione. Codice locale originale CC0; nessuna nuova licenza applicata ai dati.
riserve_exchange,2026-10-04,/18/cleanAssetsTvl,298376145.68303,https://api.llama.fi/cexs,"""Snapshot al momento del prelievo; non ricostruisce lo stato di ieri.""",Licenza dei dati terzi non verificata come aperta: valgono i termini della fonte; accesso pubblico non equivale a diritto di ripubblicazione. Codice locale originale CC0; nessuna nuova licenza applicata ai dati.,,Fonti originali,Licenza dei dati terzi non verificata come aperta: valgono i termini della fonte; accesso pubblico non equivale a diritto di ripubblicazione. Codice locale originale CC0; nessuna nuova licenza applicata ai dati.
riserve_exchange,2026-10-04,/18/inflows_24h,-334439.45605678955,https://api.llama.fi/cexs,"""Snapshot al momento del prelievo; non ricostruisce lo stato di ieri.""",Licenza dei dati terzi non verificata come aperta: valgono i termini della fonte; accesso pubblico non equivale a diritto di ripubblicazione. Codice locale originale CC0; nessuna nuova licenza applicata ai dati.,,Fonti originali,Licenza dei dati terzi non verificata come aperta: valgono i termini della fonte; accesso pubblico non equivale a diritto di ripubblicazione. Codice locale originale CC0; nessuna nuova licenza applicata ai dati.
riserve_exchange,2026-10-04,/18/inflows_1w,8358045.193914379,https://api.llama.fi/cexs,"""Snapshot al momento del prelievo; non ricostruisce lo stato di ieri.""",Licenza dei dati terzi non verificata come aperta: valgono i termini della fonte; accesso pubblico non equivale a diritto di ripubblicazione. Codice locale originale CC0; nessuna nuova licenza applicata ai dati.,,Fonti originali,Licenza dei dati terzi non verificata come aperta: valgono i termini della fonte; accesso pubblico non equivale a diritto di ripubblicazione. Codice locale originale CC0; nessuna nuova licenza applicata ai dati.
riserve_exchange,2026-10-04,/18/inflows_1m,6270423.738204727,https://api.llama.fi/cexs,"""Snapshot al momento del prelievo; non ricostruisce lo stato di ieri.""",Licenza dei dati terzi non verificata come aperta: valgono i termini della fonte; accesso pubblico non equivale a diritto di ripubblicazione. Codice locale originale CC0; nessuna nuova licenza applicata ai dati.,,Fonti originali,Licenza dei dati terzi non verificata come aperta: valgono i termini della fonte; accesso pubblico non equivale a diritto di ripubblicazione. Codice locale originale CC0; nessuna nuova licenza applicata ai dati.
riserve_exchange,2026-10-04,/19/id,"""4907""",https://api.llama.fi/cexs,"""Snapshot al momento del prelievo; non ricostruisce lo stato di ieri.""",Licenza dei dati terzi non verificata come aperta: valgono i termini della fonte; accesso pubblico non equivale a diritto di ripubblicazione. Codice locale originale CC0; nessuna nuova licenza applicata ai dati.,,Fonti originali,Licenza dei dati terzi non verificata come aperta: valgono i termini della fonte; accesso pubblico non equivale a diritto di ripubblicazione. Codice locale originale CC0; nessuna nuova licenza applicata ai dati.
riserve_exchange,2026-10-04,/19/name,"""ProBit Global""",https://api.llama.fi/cexs,"""Snapshot al momento del prelievo; non ricostruisce lo stato di ieri.""",Licenza dei dati terzi non verificata come aperta: valgono i termini della fonte; accesso pubblico non equivale a diritto di ripubblicazione. Codice locale originale CC0; nessuna nuova licenza applicata ai dati.,,Fonti originali,Licenza dei dati terzi non verificata come aperta: valgono i termini della fonte; accesso pubblico non equivale a diritto di ripubblicazione. Codice locale originale CC0; nessuna nuova licenza applicata ai dati.
riserve_exchange,2026-10-04,/19/walletsLink,null,https://api.llama.fi/cexs,"""Snapshot al momento del prelievo; non ricostruisce lo stato di ieri.""",Licenza dei dati terzi non verificata come aperta: valgono i termini della fonte; accesso pubblico non equivale a diritto di ripubblicazione. Codice locale originale CC0; nessuna nuova licenza applicata ai dati.,,Fonti originali,Licenza dei dati terzi non verificata come aperta: valgono i termini della fonte; accesso pubblico non equivale a diritto di ripubblicazione. Codice locale originale CC0; nessuna nuova licenza applicata ai dati.
riserve_exchange,2026-10-04,/19/currentTvl,13341622.171053229,https://api.llama.fi/cexs,"""Snapshot al momento del prelievo; non ricostruisce lo stato di ieri.""",Licenza dei dati terzi non verificata come aperta: valgono i termini della fonte; accesso pubblico non equivale a diritto di ripubblicazione. Codice locale originale CC0; nessuna nuova licenza applicata ai dati.,,Fonti originali,Licenza dei dati terzi non verificata come aperta: valgono i termini della fonte; accesso pubblico non equivale a diritto di ripubblicazione. Codice locale originale CC0; nessuna nuova licenza applicata ai dati.
riserve_exchange,2026-10-04,/19/cleanAssetsTvl,13341622.171053229,https://api.llama.fi/cexs,"""Snapshot al momento del prelievo; non ricostruisce lo stato di ieri.""",Licenza dei dati terzi non verificata come aperta: valgono i termini della fonte; accesso pubblico non equivale a diritto di ripubblicazione. Codice locale originale CC0; nessuna nuova licenza applicata ai dati.,,Fonti originali,Licenza dei dati terzi non verificata come aperta: valgono i termini della fonte; accesso pubblico non equivale a diritto di ripubblicazione. Codice locale originale CC0; nessuna nuova licenza applicata ai dati.
riserve_exchange,2026-10-04,/19/inflows_24h,0,https://api.llama.fi/cexs,"""Snapshot al momento del prelievo; non ricostruisce lo stato di ieri.""",Licenza dei dati terzi non verificata come aperta: valgono i termini della fonte; accesso pubblico non equivale a diritto di ripubblicazione. Codice locale originale CC0; nessuna nuova licenza applicata ai dati.,,Fonti originali,Licenza dei dati terzi non verificata come aperta: valgono i termini della fonte; accesso pubblico non equivale a diritto di ripubblicazione. Codice locale originale CC0; nessuna nuova licenza applicata ai dati.
riserve_exchange,2026-10-04,/19/inflows_1w,0,https://api.llama.fi/cexs,"""Snapshot al momento del prelievo; non ricostruisce lo stato di ieri.""",Licenza dei dati terzi non verificata come aperta: valgono i termini della fonte; accesso pubblico non equivale a diritto di ripubblicazione. Codice locale originale CC0; nessuna nuova licenza applicata ai dati.,,Fonti originali,Licenza dei dati terzi non verificata come aperta: valgono i termini della fonte; accesso pubblico non equivale a diritto di ripubblicazione. Codice locale originale CC0; nessuna nuova licenza applicata ai dati.
riserve_exchange,2026-10-04,/19/inflows_1m,1.205335434501064e-07,https://api.llama.fi/cexs,"""Snapshot al momento del prelievo; non ricostruisce lo stato di ieri.""",Licenza dei dati terzi non verificata come aperta: valgono i termini della fonte; accesso pubblico non equivale a diritto di ripubblicazione. Codice locale originale CC0; nessuna nuova licenza applicata ai dati.,,Fonti originali,Licenza dei dati terzi non verificata come aperta: valgono i termini della fonte; accesso pubblico non equivale a diritto di ripubblicazione. Codice locale originale CC0; nessuna nuova licenza applicata ai dati.
riserve_exchange,2026-10-04,/20/id,"""2346""",https://api.llama.fi/cexs,"""Snapshot al momento del prelievo; non ricostruisce lo stato di ieri.""",Licenza dei dati terzi non verificata come aperta: valgono i termini della fonte; accesso pubblico non equivale a diritto di ripubblicazione. Codice locale originale CC0; nessuna nuova licenza applicata ai dati.,,Fonti originali,Licenza dei dati terzi non verificata come aperta: valgono i termini della fonte; accesso pubblico non equivale a diritto di ripubblicazione. Codice locale originale CC0; nessuna nuova licenza applicata ai dati.
riserve_exchange,2026-10-04,/20/name,"""WOO X""",https://api.llama.fi/cexs,"""Snapshot al momento del prelievo; non ricostruisce lo stato di ieri.""",Licenza dei dati terzi non verificata come aperta: valgono i termini della fonte; accesso pubblico non equivale a diritto di ripubblicazione. Codice locale originale CC0; nessuna nuova licenza applicata ai dati.,,Fonti originali,Licenza dei dati terzi non verificata come aperta: valgono i termini della fonte; accesso pubblico non equivale a diritto di ripubblicazione. Codice locale originale CC0; nessuna nuova licenza applicata ai dati.
riserve_exchange,2026-10-04,/20/walletsLink,"""https://woo.org/proof-of-reserves""",https://api.llama.fi/cexs,"""Snapshot al momento del prelievo; non ricostruisce lo stato di ieri.""",Licenza dei dati terzi non verificata come aperta: valgono i termini della fonte; accesso pubblico non equivale a diritto di ripubblicazione. Codice locale originale CC0; nessuna nuova licenza applicata ai dati.,,Fonti originali,Licenza dei dati terzi non verificata come aperta: valgono i termini della fonte; accesso pubblico non equivale a diritto di ripubblicazione. Codice locale originale CC0; nessuna nuova licenza applicata ai dati.
riserve_exchange,2026-10-04,/20/currentTvl,2635996.594036178,https://api.llama.fi/cexs,"""Snapshot al momento del prelievo; non ricostruisce lo stato di ieri.""",Licenza dei dati terzi non verificata come aperta: valgono i termini della fonte; accesso pubblico non equivale a diritto di ripubblicazione. Codice locale originale CC0; nessuna nuova licenza applicata ai dati.,,Fonti originali,Licenza dei dati terzi non verificata come aperta: valgono i termini della fonte; accesso pubblico non equivale a diritto di ripubblicazione. Codice locale originale CC0; nessuna nuova licenza applicata ai dati.
riserve_exchange,2026-10-04,/20/cleanAssetsTvl,2500991.3741353084,https://api.llama.fi/cexs,"""Snapshot al momento del prelievo; non ricostruisce lo stato di ieri.""",Licenza dei dati terzi non verificata come aperta: valgono i termini della fonte; accesso pubblico non equivale a diritto di ripubblicazione. Codice locale originale CC0; nessuna nuova licenza applicata ai dati.,,Fonti originali,Licenza dei dati terzi non verificata come aperta: valgono i termini della fonte; accesso pubblico non equivale a diritto di ripubblicazione. Codice locale originale CC0; nessuna nuova licenza applicata ai dati.
riserve_exchange,2026-10-04,/20/inflows_24h,-6780.459206668323,https://api.llama.fi/cexs,"""Snapshot al momento del prelievo; non ricostruisce lo stato di ieri.""",Licenza dei dati terzi non verificata come aperta: valgono i termini della fonte; accesso pubblico non equivale a diritto di ripubblicazione. Codice locale originale CC0; nessuna nuova licenza applicata ai dati.,,Fonti originali,Licenza dei dati terzi non verificata come aperta: valgono i termini della fonte; accesso pubblico non equivale a diritto di ripubblicazione. Codice locale originale CC0; nessuna nuova licenza applicata ai dati.
riserve_exchange,2026-10-04,/20/inflows_1w,-524828.7422675261,https://api.llama.fi/cexs,"""Snapshot al momento del prelievo; non ricostruisce lo stato di ieri.""",Licenza dei dati terzi non verificata come aperta: valgono i termini della fonte; accesso pubblico non equivale a diritto di ripubblicazione. Codice locale originale CC0; nessuna nuova licenza applicata ai dati.,,Fonti originali,Licenza dei dati terzi non verificata come aperta: valgono i termini della fonte; accesso pubblico non equivale a diritto di ripubblicazione. Codice locale originale CC0; nessuna nuova licenza applicata ai dati.
riserve_exchange,2026-10-04,/20/inflows_1m,-779092.3381232305,https://api.llama.fi/cexs,"""Snapshot al momento del prelievo; non ricostruisce lo stato di ieri.""",Licenza dei dati terzi non verificata come aperta: valgono i termini della fonte; accesso pubblico non equivale a diritto di ripubblicazione. Codice locale originale CC0; nessuna nuova licenza applicata ai dati.,,Fonti originali,Licenza dei dati terzi non verificata come aperta: valgono i termini della fonte; accesso pubblico non equivale a diritto di ripubblicazione. Codice locale originale CC0; nessuna nuova licenza applicata ai dati.
riserve_exchange,2026-10-04,/21/id,"""2292""",https://api.llama.fi/cexs,"""Snapshot al momento del prelievo; non ricostruisce lo stato di ieri.""",Licenza dei dati terzi non verificata come aperta: valgono i termini della fonte; accesso pubblico non equivale a diritto di ripubblicazione. Codice locale originale CC0; nessuna nuova licenza applicata ai dati.,,Fonti originali,Licenza dei dati terzi non verificata come aperta: valgono i termini della fonte; accesso pubblico non equivale a diritto di ripubblicazione. Codice locale originale CC0; nessuna nuova licenza applicata ai dati.
riserve_exchange,2026-10-04,/21/name,"""Bake.io""",https://api.llama.fi/cexs,"""Snapshot al momento del prelievo; non ricostruisce lo stato di ieri.""",Licenza dei dati terzi non verificata come aperta: valgono i termini della fonte; accesso pubblico non equivale a diritto di ripubblicazione. Codice locale originale CC0; nessuna nuova licenza applicata ai dati.,,Fonti originali,Licenza dei dati terzi non verificata come aperta: valgono i termini della fonte; accesso pubblico non equivale a diritto di ripubblicazione. Codice locale originale CC0; nessuna nuova licenza applicata ai dati.
riserve_exchange,2026-10-04,/21/walletsLink,"""https://blog.bake.io/proof-of-reserves/""",https://api.llama.fi/cexs,"""Snapshot al momento del prelievo; non ricostruisce lo stato di ieri.""",Licenza dei dati terzi non verificata come aperta: valgono i termini della fonte; accesso pubblico non equivale a diritto di ripubblicazione. Codice locale originale CC0; nessuna nuova licenza applicata ai dati.,,Fonti originali,Licenza dei dati terzi non verificata come aperta: valgono i termini della fonte; accesso pubblico non equivale a diritto di ripubblicazione. Codice locale originale CC0; nessuna nuova licenza applicata ai dati.
riserve_exchange,2026-10-04,/21/currentTvl,257.01610978794037,https://api.llama.fi/cexs,"""Snapshot al momento del prelievo; non ricostruisce lo stato di ieri.""",Licenza dei dati terzi non verificata come aperta: valgono i termini della fonte; accesso pubblico non equivale a diritto di ripubblicazione. Codice locale originale CC0; nessuna nuova licenza applicata ai dati.,,Fonti originali,Licenza dei dati terzi non verificata come aperta: valgono i termini della fonte; accesso pubblico non equivale a diritto di ripubblicazione. Codice locale originale CC0; nessuna nuova licenza applicata ai dati.
riserve_exchange,2026-10-04,/21/cleanAssetsTvl,257.01610978794037,https://api.llama.fi/cexs,"""Snapshot al momento del prelievo; non ricostruisce lo stato di ieri.""",Licenza dei dati terzi non verificata come aperta: valgono i termini della fonte; accesso pubblico non equivale a diritto di ripubblicazione. Codice locale originale CC0; nessuna nuova licenza applicata ai dati.,,Fonti originali,Licenza dei dati terzi non verificata come aperta: valgono i termini della fonte; accesso pubblico non equivale a diritto di ripubblicazione. Codice locale originale CC0; nessuna nuova licenza applicata ai dati.
riserve_exchange,2026-10-04,/21/inflows_24h,0,https://api.llama.fi/cexs,"""Snapshot al momento del prelievo; non ricostruisce lo stato di ieri.""",Licenza dei dati terzi non verificata come aperta: valgono i termini della fonte; accesso pubblico non equivale a diritto di ripubblicazione. Codice locale originale CC0; nessuna nuova licenza applicata ai dati.,,Fonti originali,Licenza dei dati terzi non verificata come aperta: valgono i termini della fonte; accesso pubblico non equivale a diritto di ripubblicazione. Codice locale originale CC0; nessuna nuova licenza applicata ai dati.
riserve_exchange,2026-10-04,/21/inflows_1w,0,https://api.llama.fi/cexs,"""Snapshot al momento del prelievo; non ricostruisce lo stato di ieri.""",Licenza dei dati terzi non verificata come aperta: valgono i termini della fonte; accesso pubblico non equivale a diritto di ripubblicazione. Codice locale originale CC0; nessuna nuova licenza applicata ai dati.,,Fonti originali,Licenza dei dati terzi non verificata come aperta: valgono i termini della fonte; accesso pubblico non equivale a diritto di ripubblicazione. Codice locale originale CC0; nessuna nuova licenza applicata ai dati.
riserve_exchange,2026-10-04,/21/inflows_1m,0,https://api.llama.fi/cexs,"""Snapshot al momento del prelievo; non ricostruisce lo stato di ieri.""",Licenza dei dati terzi non verificata come aperta: valgono i termini della fonte; accesso pubblico non equivale a diritto di ripubblicazione. Codice locale originale CC0; nessuna nuova licenza applicata ai dati.,,Fonti originali,Licenza dei dati terzi non verificata come aperta: valgono i termini della fonte; accesso pubblico non equivale a diritto di ripubblicazione. Codice locale originale CC0; nessuna nuova licenza applicata ai dati.
riserve_exchange,2026-10-04,/22/id,"""4859""",https://api.llama.fi/cexs,"""Snapshot al momento del prelievo; non ricostruisce lo stato di ieri.""",Licenza dei dati terzi non verificata come aperta: valgono i termini della fonte; accesso pubblico non equivale a diritto di ripubblicazione. Codice locale originale CC0; nessuna nuova licenza applicata ai dati.,,Fonti originali,Licenza dei dati terzi non verificata come aperta: valgono i termini della fonte; accesso pubblico non equivale a diritto di ripubblicazione. Codice locale originale CC0; nessuna nuova licenza applicata ai dati.
riserve_exchange,2026-10-04,/22/name,"""BingX""",https://api.llama.fi/cexs,"""Snapshot al momento del prelievo; non ricostruisce lo stato di ieri.""",Licenza dei dati terzi non verificata come aperta: valgono i termini della fonte; accesso pubblico non equivale a diritto di ripubblicazione. Codice locale originale CC0; nessuna nuova licenza applicata ai dati.,,Fonti originali,Licenza dei dati terzi non verificata come aperta: valgono i termini della fonte; accesso pubblico non equivale a diritto di ripubblicazione. Codice locale originale CC0; nessuna nuova licenza applicata ai dati.
riserve_exchange,2026-10-04,/22/walletsLink,"""https://bingx.com/en/balance-reserve/""",https://api.llama.fi/cexs,"""Snapshot al momento del prelievo; non ricostruisce lo stato di ieri.""",Licenza dei dati terzi non verificata come aperta: valgono i termini della fonte; accesso pubblico non equivale a diritto di ripubblicazione. Codice locale originale CC0; nessuna nuova licenza applicata ai dati.,,Fonti originali,Licenza dei dati terzi non verificata come aperta: valgono i termini della fonte; accesso pubblico non equivale a diritto di ripubblicazione. Codice locale originale CC0; nessuna nuova licenza applicata ai dati.
riserve_exchange,2026-10-04,/22/currentTvl,661414004.7952632,https://api.llama.fi/cexs,"""Snapshot al momento del prelievo; non ricostruisce lo stato di ieri.""",Licenza dei dati terzi non verificata come aperta: valgono i termini della fonte; accesso pubblico non equivale a diritto di ripubblicazione. Codice locale originale CC0; nessuna nuova licenza applicata ai dati.,,Fonti originali,Licenza dei dati terzi non verificata come aperta: valgono i termini della fonte; accesso pubblico non equivale a diritto di ripubblicazione. Codice locale originale CC0; nessuna nuova licenza applicata ai dati.
riserve_exchange,2026-10-04,/22/cleanAssetsTvl,661414004.7952632,https://api.llama.fi/cexs,"""Snapshot al momento del prelievo; non ricostruisce lo stato di ieri.""",Licenza dei dati terzi non verificata come aperta: valgono i termini della fonte; accesso pubblico non equivale a diritto di ripubblicazione. Codice locale originale CC0; nessuna nuova licenza applicata ai dati.,,Fonti originali,Licenza dei dati terzi non verificata come aperta: valgono i termini della fonte; accesso pubblico non equivale a diritto di ripubblicazione. Codice locale originale CC0; nessuna nuova licenza applicata ai dati.
riserve_exchange,2026-10-04,/22/inflows_24h,-3692433.709234849,https://api.llama.fi/cexs,"""Snapshot al momento del prelievo; non ricostruisce lo stato di ieri.""",Licenza dei dati terzi non verificata come aperta: valgono i termini della fonte; accesso pubblico non equivale a diritto di ripubblicazione. Codice locale originale CC0; nessuna nuova licenza applicata ai dati.,,Fonti originali,Licenza dei dati terzi non verificata come aperta: valgono i termini della fonte; accesso pubblico non equivale a diritto di ripubblicazione. Codice locale originale CC0; nessuna nuova licenza applicata ai dati.
riserve_exchange,2026-10-04,/22/inflows_1w,-4587467.506460039,https://api.llama.fi/cexs,"""Snapshot al momento del prelievo; non ricostruisce lo stato di ieri.""",Licenza dei dati terzi non verificata come aperta: valgono i termini della fonte; accesso pubblico non equivale a diritto di ripubblicazione. Codice locale originale CC0; nessuna nuova licenza applicata ai dati.,,Fonti originali,Licenza dei dati terzi non verificata come aperta: valgono i termini della fonte; accesso pubblico non equivale a diritto di ripubblicazione. Codice locale originale CC0; nessuna nuova licenza applicata ai dati.
riserve_exchange,2026-10-04,/22/inflows_1m,-46696808.9699125,https://api.llama.fi/cexs,"""Snapshot al momento del prelievo; non ricostruisce lo stato di ieri.""",Licenza dei dati terzi non verificata come aperta: valgono i termini della fonte; accesso pubblico non equivale a diritto di ripubblicazione. Codice locale originale CC0; nessuna nuova licenza applicata ai dati.,,Fonti originali,Licenza dei dati terzi non verificata come aperta: valgono i termini della fonte; accesso pubblico non equivale a diritto di ripubblicazione. Codice locale originale CC0; nessuna nuova licenza applicata ai dati.
riserve_exchange,2026-10-04,/23/id,"""2298""",https://api.llama.fi/cexs,"""Snapshot al momento del prelievo; non ricostruisce lo stato di ieri.""",Licenza dei dati terzi non verificata come aperta: valgono i termini della fonte; accesso pubblico non equivale a diritto di ripubblicazione. Codice locale originale CC0; nessuna nuova licenza applicata ai dati.,,Fonti originali,Licenza dei dati terzi non verificata come aperta: valgono i termini della fonte; accesso pubblico non equivale a diritto di ripubblicazione. Codice locale originale CC0; nessuna nuova licenza applicata ai dati.
riserve_exchange,2026-10-04,/23/name,"""Coinsquare""",https://api.llama.fi/cexs,"""Snapshot al momento del prelievo; non ricostruisce lo stato di ieri.""",Licenza dei dati terzi non verificata come aperta: valgono i termini della fonte; accesso pubblico non equivale a diritto di ripubblicazione. Codice locale originale CC0; nessuna nuova licenza applicata ai dati.,,Fonti originali,Licenza dei dati terzi non verificata come aperta: valgono i termini della fonte; accesso pubblico non equivale a diritto di ripubblicazione. Codice locale originale CC0; nessuna nuova licenza applicata ai dati.
riserve_exchange,2026-10-04,/23/walletsLink,"""https://twitter.com/Coinsquare/status/1594176519986810881""",https://api.llama.fi/cexs,"""Snapshot al momento del prelievo; non ricostruisce lo stato di ieri.""",Licenza dei dati terzi non verificata come aperta: valgono i termini della fonte; accesso pubblico non equivale a diritto di ripubblicazione. Codice locale originale CC0; nessuna nuova licenza applicata ai dati.,,Fonti originali,Licenza dei dati terzi non verificata come aperta: valgono i termini della fonte; accesso pubblico non equivale a diritto di ripubblicazione. Codice locale originale CC0; nessuna nuova licenza applicata ai dati.
riserve_exchange,2026-10-04,/23/currentTvl,4083543.2342346716,https://api.llama.fi/cexs,"""Snapshot al momento del prelievo; non ricostruisce lo stato di ieri.""",Licenza dei dati terzi non verificata come aperta: valgono i termini della fonte; accesso pubblico non equivale a diritto di ripubblicazione. Codice locale originale CC0; nessuna nuova licenza applicata ai dati.,,Fonti originali,Licenza dei dati terzi non verificata come aperta: valgono i termini della fonte; accesso pubblico non equivale a diritto di ripubblicazione. Codice locale originale CC0; nessuna nuova licenza applicata ai dati.
riserve_exchange,2026-10-04,/23/cleanAssetsTvl,4083543.2342346716,https://api.llama.fi/cexs,"""Snapshot al momento del prelievo; non ricostruisce lo stato di ieri.""",Licenza dei dati terzi non verificata come aperta: valgono i termini della fonte; accesso pubblico non equivale a diritto di ripubblicazione. Codice locale originale CC0; nessuna nuova licenza applicata ai dati.,,Fonti originali,Licenza dei dati terzi non verificata come aperta: valgono i termini della fonte; accesso pubblico non equivale a diritto di ripubblicazione. Codice locale originale CC0; nessuna nuova licenza applicata ai dati.
riserve_exchange,2026-10-04,/23/inflows_24h,0,https://api.llama.fi/cexs,"""Snapshot al momento del prelievo; non ricostruisce lo stato di ieri.""",Licenza dei dati terzi non verificata come aperta: valgono i termini della fonte; accesso pubblico non equivale a diritto di ripubblicazione. Codice locale originale CC0; nessuna nuova licenza applicata ai dati.,,Fonti originali,Licenza dei dati terzi non verificata come aperta: valgono i termini della fonte; accesso pubblico non equivale a diritto di ripubblicazione. Codice locale originale CC0; nessuna nuova licenza applicata ai dati.
riserve_exchange,2026-10-04,/23/inflows_1w,84013.05430582465,https://api.llama.fi/cexs,"""Snapshot al momento del prelievo; non ricostruisce lo stato di ieri.""",Licenza dei dati terzi non verificata come aperta: valgono i termini della fonte; accesso pubblico non equivale a diritto di ripubblicazione. Codice locale originale CC0; nessuna nuova licenza applicata ai dati.,,Fonti originali,Licenza dei dati terzi non verificata come aperta: valgono i termini della fonte; accesso pubblico non equivale a diritto di ripubblicazione. Codice locale originale CC0; nessuna nuova licenza applicata ai dati.
riserve_exchange,2026-10-04,/23/inflows_1m,48962.81853879191,https://api.llama.fi/cexs,"""Snapshot al momento del prelievo; non ricostruisce lo stato di ieri.""",Licenza dei dati terzi non verificata come aperta: valgono i termini della fonte; accesso pubblico non equivale a diritto di ripubblicazione. Codice locale originale CC0; nessuna nuova licenza applicata ai dati.,,Fonti originali,Licenza dei dati terzi non verificata come aperta: valgono i termini della fonte; accesso pubblico non equivale a diritto di ripubblicazione. Codice locale originale CC0; nessuna nuova licenza applicata ai dati.
riserve_exchange,2026-10-04,/24/id,"""4935""",https://api.llama.fi/cexs,"""Snapshot al momento del prelievo; non ricostruisce lo stato di ieri.""",Licenza dei dati terzi non verificata come aperta: valgono i termini della fonte; accesso pubblico non equivale a diritto di ripubblicazione. Codice locale originale CC0; nessuna nuova licenza applicata ai dati.,,Fonti originali,Licenza dei dati terzi non verificata come aperta: valgono i termini della fonte; accesso pubblico non equivale a diritto di ripubblicazione. Codice locale originale CC0; nessuna nuova licenza applicata ai dati.
riserve_exchange,2026-10-04,/24/name,"""Toobit""",https://api.llama.fi/cexs,"""Snapshot al momento del prelievo; non ricostruisce lo stato di ieri.""",Licenza dei dati terzi non verificata come aperta: valgono i termini della fonte; accesso pubblico non equivale a diritto di ripubblicazione. Codice locale originale CC0; nessuna nuova licenza applicata ai dati.,,Fonti originali,Licenza dei dati terzi non verificata come aperta: valgono i termini della fonte; accesso pubblico non equivale a diritto di ripubblicazione. Codice locale originale CC0; nessuna nuova licenza applicata ai dati.
riserve_exchange,2026-10-04,/24/walletsLink,"""https://support.toobit.com/hc/en-us/articles/35739879881881-Toobit-Asset-Transparency-Report-Safeguarding-User-Assets""",https://api.llama.fi/cexs,"""Snapshot al momento del prelievo; non ricostruisce lo stato di ieri.""",Licenza dei dati terzi non verificata come aperta: valgono i termini della fonte; accesso pubblico non equivale a diritto di ripubblicazione. Codice locale originale CC0; nessuna nuova licenza applicata ai dati.,,Fonti originali,Licenza dei dati terzi non verificata come aperta: valgono i termini della fonte; accesso pubblico non equivale a diritto di ripubblicazione. Codice locale originale CC0; nessuna nuova licenza applicata ai dati.
riserve_exchange,2026-10-04,/24/currentTvl,74912974.53163037,https://api.llama.fi/cexs,"""Snapshot al momento del prelievo; non ricostruisce lo stato di ieri.""",Licenza dei dati terzi non verificata come aperta: valgono i termini della fonte; accesso pubblico non equivale a diritto di ripubblicazione. Codice locale originale CC0; nessuna nuova licenza applicata ai dati.,,Fonti originali,Licenza dei dati terzi non verificata come aperta: valgono i termini della fonte; accesso pubblico non equivale a diritto di ripubblicazione. Codice locale originale CC0; nessuna nuova licenza applicata ai dati.
riserve_exchange,2026-10-04,/24/cleanAssetsTvl,74912974.53163037,https://api.llama.fi/cexs,"""Snapshot al momento del prelievo; non ricostruisce lo stato di ieri.""",Licenza dei dati terzi non verificata come aperta: valgono i termini della fonte; accesso pubblico non equivale a diritto di ripubblicazione. Codice locale originale CC0; nessuna nuova licenza applicata ai dati.,,Fonti originali,Licenza dei dati terzi non verificata come aperta: valgono i termini della fonte; accesso pubblico non equivale a diritto di ripubblicazione. Codice locale originale CC0; nessuna nuova licenza applicata ai dati.
riserve_exchange,2026-10-04,/24/inflows_24h,0,https://api.llama.fi/cexs,"""Snapshot al momento del prelievo; non ricostruisce lo stato di ieri.""",Licenza dei dati terzi non verificata come aperta: valgono i termini della fonte; accesso pubblico non equivale a diritto di ripubblicazione. Codice locale originale CC0; nessuna nuova licenza applicata ai dati.,,Fonti originali,Licenza dei dati terzi non verificata come aperta: valgono i termini della fonte; accesso pubblico non equivale a diritto di ripubblicazione. Codice locale originale CC0; nessuna nuova licenza applicata ai dati.
riserve_exchange,2026-10-04,/24/inflows_1w,0,https://api.llama.fi/cexs,"""Snapshot al momento del prelievo; non ricostruisce lo stato di ieri.""",Licenza dei dati terzi non verificata come aperta: valgono i termini della fonte; accesso pubblico non equivale a diritto di ripubblicazione. Codice locale originale CC0; nessuna nuova licenza applicata ai dati.,,Fonti originali,Licenza dei dati terzi non verificata come aperta: valgono i termini della fonte; accesso pubblico non equivale a diritto di ripubblicazione. Codice locale originale CC0; nessuna nuova licenza applicata ai dati.
riserve_exchange,2026-10-04,/24/inflows_1m,0.7589944165149851,https://api.llama.fi/cexs,"""Snapshot al momento del prelievo; non ricostruisce lo stato di ieri.""",Licenza dei dati terzi non verificata come aperta: valgono i termini della fonte; accesso pubblico non equivale a diritto di ripubblicazione. Codice locale originale CC0; nessuna nuova licenza applicata ai dati.,,Fonti originali,Licenza dei dati terzi non verificata come aperta: valgono i termini della fonte; accesso pubblico non equivale a diritto di ripubblicazione. Codice locale originale CC0; nessuna nuova licenza applicata ai dati.
riserve_exchange,2026-10-04,/25/id,"""3544""",https://api.llama.fi/cexs,"""Snapshot al momento del prelievo; non ricostruisce lo stato di ieri.""",Licenza dei dati terzi non verificata come aperta: valgono i termini della fonte; accesso pubblico non equivale a diritto di ripubblicazione. Codice locale originale CC0; nessuna nuova licenza applicata ai dati.,,Fonti originali,Licenza dei dati terzi non verificata come aperta: valgono i termini della fonte; accesso pubblico non equivale a diritto di ripubblicazione. Codice locale originale CC0; nessuna nuova licenza applicata ai dati.
riserve_exchange,2026-10-04,/25/name,"""CoinW""",https://api.llama.fi/cexs,"""Snapshot al momento del prelievo; non ricostruisce lo stato di ieri.""",Licenza dei dati terzi non verificata come aperta: valgono i termini della fonte; accesso pubblico non equivale a diritto di ripubblicazione. Codice locale originale CC0; nessuna nuova licenza applicata ai dati.,,Fonti originali,Licenza dei dati terzi non verificata come aperta: valgono i termini della fonte; accesso pubblico non equivale a diritto di ripubblicazione. Codice locale originale CC0; nessuna nuova licenza applicata ai dati.
riserve_exchange,2026-10-04,/25/walletsLink,null,https://api.llama.fi/cexs,"""Snapshot al momento del prelievo; non ricostruisce lo stato di ieri.""",Licenza dei dati terzi non verificata come aperta: valgono i termini della fonte; accesso pubblico non equivale a diritto di ripubblicazione. Codice locale originale CC0; nessuna nuova licenza applicata ai dati.,,Fonti originali,Licenza dei dati terzi non verificata come aperta: valgono i termini della fonte; accesso pubblico non equivale a diritto di ripubblicazione. Codice locale originale CC0; nessuna nuova licenza applicata ai dati.
riserve_exchange,2026-10-04,/25/currentTvl,23443.25302559757,https://api.llama.fi/cexs,"""Snapshot al momento del prelievo; non ricostruisce lo stato di ieri.""",Licenza dei dati terzi non verificata come aperta: valgono i termini della fonte; accesso pubblico non equivale a diritto di ripubblicazione. Codice locale originale CC0; nessuna nuova licenza applicata ai dati.,,Fonti originali,Licenza dei dati terzi non verificata come aperta: valgono i termini della fonte; accesso pubblico non equivale a diritto di ripubblicazione. Codice locale originale CC0; nessuna nuova licenza applicata ai dati.
riserve_exchange,2026-10-04,/25/cleanAssetsTvl,23443.25302559757,https://api.llama.fi/cexs,"""Snapshot al momento del prelievo; non ricostruisce lo stato di ieri.""",Licenza dei dati terzi non verificata come aperta: valgono i termini della fonte; accesso pubblico non equivale a diritto di ripubblicazione. Codice locale originale CC0; nessuna nuova licenza applicata ai dati.,,Fonti originali,Licenza dei dati terzi non verificata come aperta: valgono i termini della fonte; accesso pubblico non equivale a diritto di ripubblicazione. Codice locale originale CC0; nessuna nuova licenza applicata ai dati.
riserve_exchange,2026-10-04,/25/inflows_24h,0,https://api.llama.fi/cexs,"""Snapshot al momento del prelievo; non ricostruisce lo stato di ieri.""",Licenza dei dati terzi non verificata come aperta: valgono i termini della fonte; accesso pubblico non equivale a diritto di ripubblicazione. Codice locale originale CC0; nessuna nuova licenza applicata ai dati.,,Fonti originali,Licenza dei dati terzi non verificata come aperta: valgono i termini della fonte; accesso pubblico non equivale a diritto di ripubblicazione. Codice locale originale CC0; nessuna nuova licenza applicata ai dati.
riserve_exchange,2026-10-04,/25/inflows_1w,0,https://api.llama.fi/cexs,"""Snapshot al momento del prelievo; non ricostruisce lo stato di ieri.""",Licenza dei dati terzi non verificata come aperta: valgono i termini della fonte; accesso pubblico non equivale a diritto di ripubblicazione. Codice locale originale CC0; nessuna nuova licenza applicata ai dati.,,Fonti originali,Licenza dei dati terzi non verificata come aperta: valgono i termini della fonte; accesso pubblico non equivale a diritto di ripubblicazione. Codice locale originale CC0; nessuna nuova licenza applicata ai dati.
riserve_exchange,2026-10-04,/25/inflows_1m,-191225.29882051208,https://api.llama.fi/cexs,"""Snapshot al momento del prelievo; non ricostruisce lo stato di ieri.""",Licenza dei dati terzi non verificata come aperta: valgono i termini della fonte; accesso pubblico non equivale a diritto di ripubblicazione. Codice locale originale CC0; nessuna nuova licenza applicata ai dati.,,Fonti originali,Licenza dei dati terzi non verificata come aperta: valgono i termini della fonte; accesso pubblico non equivale a diritto di ripubblicazione. Codice locale originale CC0; nessuna nuova licenza applicata ai dati.
riserve_exchange,2026-10-04,/26/id,"""4042""",https://api.llama.fi/cexs,"""Snapshot al momento del prelievo; non ricostruisce lo stato di ieri.""",Licenza dei dati terzi non verificata come aperta: valgono i termini della fonte; accesso pubblico non equivale a diritto di ripubblicazione. Codice locale originale CC0; nessuna nuova licenza applicata ai dati.,,Fonti originali,Licenza dei dati terzi non verificata come aperta: valgono i termini della fonte; accesso pubblico non equivale a diritto di ripubblicazione. Codice locale originale CC0; nessuna nuova licenza applicata ai dati.
riserve_exchange,2026-10-04,/26/name,"""CoinDCX""",https://api.llama.fi/cexs,"""Snapshot al momento del prelievo; non ricostruisce lo stato di ieri.""",Licenza dei dati terzi non verificata come aperta: valgono i termini della fonte; accesso pubblico non equivale a diritto di ripubblicazione. Codice locale originale CC0; nessuna nuova licenza applicata ai dati.,,Fonti originali,Licenza dei dati terzi non verificata come aperta: valgono i termini della fonte; accesso pubblico non equivale a diritto di ripubblicazione. Codice locale originale CC0; nessuna nuova licenza applicata ai dati.
riserve_exchange,2026-10-04,/26/walletsLink,"""https://twitter.com/smtgpt/status/1595745395787071497""",https://api.llama.fi/cexs,"""Snapshot al momento del prelievo; non ricostruisce lo stato di ieri.""",Licenza dei dati terzi non verificata come aperta: valgono i termini della fonte; accesso pubblico non equivale a diritto di ripubblicazione. Codice locale originale CC0; nessuna nuova licenza applicata ai dati.,,Fonti originali,Licenza dei dati terzi non verificata come aperta: valgono i termini della fonte; accesso pubblico non equivale a diritto di ripubblicazione. Codice locale originale CC0; nessuna nuova licenza applicata ai dati.
riserve_exchange,2026-10-04,/26/currentTvl,194997665.08017066,https://api.llama.fi/cexs,"""Snapshot al momento del prelievo; non ricostruisce lo stato di ieri.""",Licenza dei dati terzi non verificata come aperta: valgono i termini della fonte; accesso pubblico non equivale a diritto di ripubblicazione. Codice locale originale CC0; nessuna nuova licenza applicata ai dati.,,Fonti originali,Licenza dei dati terzi non verificata come aperta: valgono i termini della fonte; accesso pubblico non equivale a diritto di ripubblicazione. Codice locale originale CC0; nessuna nuova licenza applicata ai dati.
riserve_exchange,2026-10-04,/26/cleanAssetsTvl,194997665.08017066,https://api.llama.fi/cexs,"""Snapshot al momento del prelievo; non ricostruisce lo stato di ieri.""",Licenza dei dati terzi non verificata come aperta: valgono i termini della fonte; accesso pubblico non equivale a diritto di ripubblicazione. Codice locale originale CC0; nessuna nuova licenza applicata ai dati.,,Fonti originali,Licenza dei dati terzi non verificata come aperta: valgono i termini della fonte; accesso pubblico non equivale a diritto di ripubblicazione. Codice locale originale CC0; nessuna nuova licenza applicata ai dati.
riserve_exchange,2026-10-04,/26/inflows_24h,368.8947592590275,https://api.llama.fi/cexs,"""Snapshot al momento del prelievo; non ricostruisce lo stato di ieri.""",Licenza dei dati terzi non verificata come aperta: valgono i termini della fonte; accesso pubblico non equivale a diritto di ripubblicazione. Codice locale originale CC0; nessuna nuova licenza applicata ai dati.,,Fonti originali,Licenza dei dati terzi non verificata come aperta: valgono i termini della fonte; accesso pubblico non equivale a diritto di ripubblicazione. Codice locale originale CC0; nessuna nuova licenza applicata ai dati.
riserve_exchange,2026-10-04,/26/inflows_1w,16345.823895597981,https://api.llama.fi/cexs,"""Snapshot al momento del prelievo; non ricostruisce lo stato di ieri.""",Licenza dei dati terzi non verificata come aperta: valgono i termini della fonte; accesso pubblico non equivale a diritto di ripubblicazione. Codice locale originale CC0; nessuna nuova licenza applicata ai dati.,,Fonti originali,Licenza dei dati terzi non verificata come aperta: valgono i termini della fonte; accesso pubblico non equivale a diritto di ripubblicazione. Codice locale originale CC0; nessuna nuova licenza applicata ai dati.
riserve_exchange,2026-10-04,/26/inflows_1m,-125781.36466159641,https://api.llama.fi/cexs,"""Snapshot al momento del prelievo; non ricostruisce lo stato di ieri.""",Licenza dei dati terzi non verificata come aperta: valgono i termini della fonte; accesso pubblico non equivale a diritto di ripubblicazione. Codice locale originale CC0; nessuna nuova licenza applicata ai dati.,,Fonti originali,Licenza dei dati terzi non verificata come aperta: valgono i termini della fonte; accesso pubblico non equivale a diritto di ripubblicazione. Codice locale originale CC0; nessuna nuova licenza applicata ai dati.
riserve_exchange,2026-10-04,/27/id,"""3547""",https://api.llama.fi/cexs,"""Snapshot al momento del prelievo; non ricostruisce lo stato di ieri.""",Licenza dei dati terzi non verificata come aperta: valgono i termini della fonte; accesso pubblico non equivale a diritto di ripubblicazione. Codice locale originale CC0; nessuna nuova licenza applicata ai dati.,,Fonti originali,Licenza dei dati terzi non verificata come aperta: valgono i termini della fonte; accesso pubblico non equivale a diritto di ripubblicazione. Codice locale originale CC0; nessuna nuova licenza applicata ai dati.
riserve_exchange,2026-10-04,/27/name,"""Fastex""",https://api.llama.fi/cexs,"""Snapshot al momento del prelievo; non ricostruisce lo stato di ieri.""",Licenza dei dati terzi non verificata come aperta: valgono i termini della fonte; accesso pubblico non equivale a diritto di ripubblicazione. Codice locale originale CC0; nessuna nuova licenza applicata ai dati.,,Fonti originali,Licenza dei dati terzi non verificata come aperta: valgono i termini della fonte; accesso pubblico non equivale a diritto di ripubblicazione. Codice locale originale CC0; nessuna nuova licenza applicata ai dati.
riserve_exchange,2026-10-04,/27/walletsLink,"""https://www.fastex.com/proof-of-reserves""",https://api.llama.fi/cexs,"""Snapshot al momento del prelievo; non ricostruisce lo stato di ieri.""",Licenza dei dati terzi non verificata come aperta: valgono i termini della fonte; accesso pubblico non equivale a diritto di ripubblicazione. Codice locale originale CC0; nessuna nuova licenza applicata ai dati.,,Fonti originali,Licenza dei dati terzi non verificata come aperta: valgono i termini della fonte; accesso pubblico non equivale a diritto di ripubblicazione. Codice locale originale CC0; nessuna nuova licenza applicata ai dati.
riserve_exchange,2026-10-04,/27/currentTvl,104276.16537501155,https://api.llama.fi/cexs,"""Snapshot al momento del prelievo; non ricostruisce lo stato di ieri.""",Licenza dei dati terzi non verificata come aperta: valgono i termini della fonte; accesso pubblico non equivale a diritto di ripubblicazione. Codice locale originale CC0; nessuna nuova licenza applicata ai dati.,,Fonti originali,Licenza dei dati terzi non verificata come aperta: valgono i termini della fonte; accesso pubblico non equivale a diritto di ripubblicazione. Codice locale originale CC0; nessuna nuova licenza applicata ai dati.
riserve_exchange,2026-10-04,/27/cleanAssetsTvl,104276.16537501155,https://api.llama.fi/cexs,"""Snapshot al momento del prelievo; non ricostruisce lo stato di ieri.""",Licenza dei dati terzi non verificata come aperta: valgono i termini della fonte; accesso pubblico non equivale a diritto di ripubblicazione. Codice locale originale CC0; nessuna nuova licenza applicata ai dati.,,Fonti originali,Licenza dei dati terzi non verificata come aperta: valgono i termini della fonte; accesso pubblico non equivale a diritto di ripubblicazione. Codice locale originale CC0; nessuna nuova licenza applicata ai dati.
riserve_exchange,2026-10-04,/27/inflows_24h,-1.8188032960475678e-12,https://api.llama.fi/cexs,"""Snapshot al momento del prelievo; non ricostruisce lo stato di ieri.""",Licenza dei dati terzi non verificata come aperta: valgono i termini della fonte; accesso pubblico non equivale a diritto di ripubblicazione. Codice locale originale CC0; nessuna nuova licenza applicata ai dati.,,Fonti originali,Licenza dei dati terzi non verificata come aperta: valgono i termini della fonte; accesso pubblico non equivale a diritto di ripubblicazione. Codice locale originale CC0; nessuna nuova licenza applicata ai dati.
riserve_exchange,2026-10-04,/27/inflows_1w,-47546.23254393492,https://api.llama.fi/cexs,"""Snapshot al momento del prelievo; non ricostruisce lo stato di ieri.""",Licenza dei dati terzi non verificata come aperta: valgono i termini della fonte; accesso pubblico non equivale a diritto di ripubblicazione. Codice locale originale CC0; nessuna nuova licenza applicata ai dati.,,Fonti originali,Licenza dei dati terzi non verificata come aperta: valgono i termini della fonte; accesso pubblico non equivale a diritto di ripubblicazione. Codice locale originale CC0; nessuna nuova licenza applicata ai dati.
riserve_exchange,2026-10-04,/27/inflows_1m,-26062.777045816758,https://api.llama.fi/cexs,"""Snapshot al momento del prelievo; non ricostruisce lo stato di ieri.""",Licenza dei dati terzi non verificata come aperta: valgono i termini della fonte; accesso pubblico non equivale a diritto di ripubblicazione. Codice locale originale CC0; nessuna nuova licenza applicata ai dati.,,Fonti originali,Licenza dei dati terzi non verificata come aperta: valgono i termini della fonte; accesso pubblico non equivale a diritto di ripubblicazione. Codice locale originale CC0; nessuna nuova licenza applicata ai dati.
riserve_exchange,2026-10-04,/28/id,"""2310""",https://api.llama.fi/cexs,"""Snapshot al momento del prelievo; non ricostruisce lo stato di ieri.""",Licenza dei dati terzi non verificata come aperta: valgono i termini della fonte; accesso pubblico non equivale a diritto di ripubblicazione. Codice locale originale CC0; nessuna nuova licenza applicata ai dati.,,Fonti originali,Licenza dei dati terzi non verificata come aperta: valgono i termini della fonte; accesso pubblico non equivale a diritto di ripubblicazione. Codice locale originale CC0; nessuna nuova licenza applicata ai dati.
riserve_exchange,2026-10-04,/28/name,"""NBX""",https://api.llama.fi/cexs,"""Snapshot al momento del prelievo; non ricostruisce lo stato di ieri.""",Licenza dei dati terzi non verificata come aperta: valgono i termini della fonte; accesso pubblico non equivale a diritto di ripubblicazione. Codice locale originale CC0; nessuna nuova licenza applicata ai dati.,,Fonti originali,Licenza dei dati terzi non verificata come aperta: valgono i termini della fonte; accesso pubblico non equivale a diritto di ripubblicazione. Codice locale originale CC0; nessuna nuova licenza applicata ai dati.
riserve_exchange,2026-10-04,/28/walletsLink,"""https://nbx.com/en/proof-of-reserves""",https://api.llama.fi/cexs,"""Snapshot al momento del prelievo; non ricostruisce lo stato di ieri.""",Licenza dei dati terzi non verificata come aperta: valgono i termini della fonte; accesso pubblico non equivale a diritto di ripubblicazione. Codice locale originale CC0; nessuna nuova licenza applicata ai dati.,,Fonti originali,Licenza dei dati terzi non verificata come aperta: valgono i termini della fonte; accesso pubblico non equivale a diritto di ripubblicazione. Codice locale originale CC0; nessuna nuova licenza applicata ai dati.
riserve_exchange,2026-10-04,/28/currentTvl,1195056.968080007,https://api.llama.fi/cexs,"""Snapshot al momento del prelievo; non ricostruisce lo stato di ieri.""",Licenza dei dati terzi non verificata come aperta: valgono i termini della fonte; accesso pubblico non equivale a diritto di ripubblicazione. Codice locale originale CC0; nessuna nuova licenza applicata ai dati.,,Fonti originali,Licenza dei dati terzi non verificata come aperta: valgono i termini della fonte; accesso pubblico non equivale a diritto di ripubblicazione. Codice locale originale CC0; nessuna nuova licenza applicata ai dati.
riserve_exchange,2026-10-04,/28/cleanAssetsTvl,1195056.968080007,https://api.llama.fi/cexs,"""Snapshot al momento del prelievo; non ricostruisce lo stato di ieri.""",Licenza dei dati terzi non verificata come aperta: valgono i termini della fonte; accesso pubblico non equivale a diritto di ripubblicazione. Codice locale originale CC0; nessuna nuova licenza applicata ai dati.,,Fonti originali,Licenza dei dati terzi non verificata come aperta: valgono i termini della fonte; accesso pubblico non equivale a diritto di ripubblicazione. Codice locale originale CC0; nessuna nuova licenza applicata ai dati.
riserve_exchange,2026-10-04,/28/inflows_24h,-76639.23041277504,https://api.llama.fi/cexs,"""Snapshot al momento del prelievo; non ricostruisce lo stato di ieri.""",Licenza dei dati terzi non verificata come aperta: valgono i termini della fonte; accesso pubblico non equivale a diritto di ripubblicazione. Codice locale originale CC0; nessuna nuova licenza applicata ai dati.,,Fonti originali,Licenza dei dati terzi non verificata come aperta: valgono i termini della fonte; accesso pubblico non equivale a diritto di ripubblicazione. Codice locale originale CC0; nessuna nuova licenza applicata ai dati.
riserve_exchange,2026-10-04,/28/inflows_1w,13036.448164638423,https://api.llama.fi/cexs,"""Snapshot al momento del prelievo; non ricostruisce lo stato di ieri.""",Licenza dei dati terzi non verificata come aperta: valgono i termini della fonte; accesso pubblico non equivale a diritto di ripubblicazione. Codice locale originale CC0; nessuna nuova licenza applicata ai dati.,,Fonti originali,Licenza dei dati terzi non verificata come aperta: valgono i termini della fonte; accesso pubblico non equivale a diritto di ripubblicazione. Codice locale originale CC0; nessuna nuova licenza applicata ai dati.
riserve_exchange,2026-10-04,/28/inflows_1m,-193620.16945925343,https://api.llama.fi/cexs,"""Snapshot al momento del prelievo; non ricostruisce lo stato di ieri.""",Licenza dei dati terzi non verificata come aperta: valgono i termini della fonte; accesso pubblico non equivale a diritto di ripubblicazione. Codice locale originale CC0; nessuna nuova licenza applicata ai dati.,,Fonti originali,Licenza dei dati terzi non verificata come aperta: valgono i termini della fonte; accesso pubblico non equivale a diritto di ripubblicazione. Codice locale originale CC0; nessuna nuova licenza applicata ai dati.
riserve_exchange,2026-10-04,/29/id,"""3113""",https://api.llama.fi/cexs,"""Snapshot al momento del prelievo; non ricostruisce lo stato di ieri.""",Licenza dei dati terzi non verificata come aperta: valgono i termini della fonte; accesso pubblico non equivale a diritto di ripubblicazione. Codice locale originale CC0; nessuna nuova licenza applicata ai dati.,,Fonti originali,Licenza dei dati terzi non verificata come aperta: valgono i termini della fonte; accesso pubblico non equivale a diritto di ripubblicazione. Codice locale originale CC0; nessuna nuova licenza applicata ai dati.
riserve_exchange,2026-10-04,/29/name,"""Okcoin""",https://api.llama.fi/cexs,"""Snapshot al momento del prelievo; non ricostruisce lo stato di ieri.""",Licenza dei dati terzi non verificata come aperta: valgono i termini della fonte; accesso pubblico non equivale a diritto di ripubblicazione. Codice locale originale CC0; nessuna nuova licenza applicata ai dati.,,Fonti originali,Licenza dei dati terzi non verificata come aperta: valgono i termini della fonte; accesso pubblico non equivale a diritto di ripubblicazione. Codice locale originale CC0; nessuna nuova licenza applicata ai dati.
riserve_exchange,2026-10-04,/29/walletsLink,"""https://www.okcoin.com/proof-of-reserves/download""",https://api.llama.fi/cexs,"""Snapshot al momento del prelievo; non ricostruisce lo stato di ieri.""",Licenza dei dati terzi non verificata come aperta: valgono i termini della fonte; accesso pubblico non equivale a diritto di ripubblicazione. Codice locale originale CC0; nessuna nuova licenza applicata ai dati.,,Fonti originali,Licenza dei dati terzi non verificata come aperta: valgono i termini della fonte; accesso pubblico non equivale a diritto di ripubblicazione. Codice locale originale CC0; nessuna nuova licenza applicata ai dati.
riserve_exchange,2026-10-04,/29/currentTvl,20753112.387022473,https://api.llama.fi/cexs,"""Snapshot al momento del prelievo; non ricostruisce lo stato di ieri.""",Licenza dei dati terzi non verificata come aperta: valgono i termini della fonte; accesso pubblico non equivale a diritto di ripubblicazione. Codice locale originale CC0; nessuna nuova licenza applicata ai dati.,,Fonti originali,Licenza dei dati terzi non verificata come aperta: valgono i termini della fonte; accesso pubblico non equivale a diritto di ripubblicazione. Codice locale originale CC0; nessuna nuova licenza applicata ai dati.
riserve_exchange,2026-10-04,/29/cleanAssetsTvl,20753112.387022473,https://api.llama.fi/cexs,"""Snapshot al momento del prelievo; non ricostruisce lo stato di ieri.""",Licenza dei dati terzi non verificata come aperta: valgono i termini della fonte; accesso pubblico non equivale a diritto di ripubblicazione. Codice locale originale CC0; nessuna nuova licenza applicata ai dati.,,Fonti originali,Licenza dei dati terzi non verificata come aperta: valgono i termini della fonte; accesso pubblico non equivale a diritto di ripubblicazione. Codice locale originale CC0; nessuna nuova licenza applicata ai dati.
riserve_exchange,2026-10-04,/29/inflows_24h,-6534991.712549669,https://api.llama.fi/cexs,"""Snapshot al momento del prelievo; non ricostruisce lo stato di ieri.""",Licenza dei dati terzi non verificata come aperta: valgono i termini della fonte; accesso pubblico non equivale a diritto di ripubblicazione. Codice locale originale CC0; nessuna nuova licenza applicata ai dati.,,Fonti originali,Licenza dei dati terzi non verificata come aperta: valgono i termini della fonte; accesso pubblico non equivale a diritto di ripubblicazione. Codice locale originale CC0; nessuna nuova licenza applicata ai dati.
riserve_exchange,2026-10-04,/29/inflows_1w,-877.3390716876854,https://api.llama.fi/cexs,"""Snapshot al momento del prelievo; non ricostruisce lo stato di ieri.""",Licenza dei dati terzi non verificata come aperta: valgono i termini della fonte; accesso pubblico non equivale a diritto di ripubblicazione. Codice locale originale CC0; nessuna nuova licenza applicata ai dati.,,Fonti originali,Licenza dei dati terzi non verificata come aperta: valgono i termini della fonte; accesso pubblico non equivale a diritto di ripubblicazione. Codice locale originale CC0; nessuna nuova licenza applicata ai dati.
riserve_exchange,2026-10-04,/29/inflows_1m,-14305.9835449691,https://api.llama.fi/cexs,"""Snapshot al momento del prelievo; non ricostruisce lo stato di ieri.""",Licenza dei dati terzi non verificata come aperta: valgono i termini della fonte; accesso pubblico non equivale a diritto di ripubblicazione. Codice locale originale CC0; nessuna nuova licenza applicata ai dati.,,Fonti originali,Licenza dei dati terzi non verificata come aperta: valgono i termini della fonte; accesso pubblico non equivale a diritto di ripubblicazione. Codice locale originale CC0; nessuna nuova licenza applicata ai dati.
riserve_exchange,2026-10-04,/30/id,"""2507""",https://api.llama.fi/cexs,"""Snapshot al momento del prelievo; non ricostruisce lo stato di ieri.""",Licenza dei dati terzi non verificata come aperta: valgono i termini della fonte; accesso pubblico non equivale a diritto di ripubblicazione. Codice locale originale CC0; nessuna nuova licenza applicata ai dati.,,Fonti originali,Licenza dei dati terzi non verificata come aperta: valgono i termini della fonte; accesso pubblico non equivale a diritto di ripubblicazione. Codice locale originale CC0; nessuna nuova licenza applicata ai dati.
riserve_exchange,2026-10-04,/30/name,"""BitVenus""",https://api.llama.fi/cexs,"""Snapshot al momento del prelievo; non ricostruisce lo stato di ieri.""",Licenza dei dati terzi non verificata come aperta: valgono i termini della fonte; accesso pubblico non equivale a diritto di ripubblicazione. Codice locale originale CC0; nessuna nuova licenza applicata ai dati.,,Fonti originali,Licenza dei dati terzi non verificata come aperta: valgono i termini della fonte; accesso pubblico non equivale a diritto di ripubblicazione. Codice locale originale CC0; nessuna nuova licenza applicata ai dati.
riserve_exchange,2026-10-04,/30/walletsLink,null,https://api.llama.fi/cexs,"""Snapshot al momento del prelievo; non ricostruisce lo stato di ieri.""",Licenza dei dati terzi non verificata come aperta: valgono i termini della fonte; accesso pubblico non equivale a diritto di ripubblicazione. Codice locale originale CC0; nessuna nuova licenza applicata ai dati.,,Fonti originali,Licenza dei dati terzi non verificata come aperta: valgono i termini della fonte; accesso pubblico non equivale a diritto di ripubblicazione. Codice locale originale CC0; nessuna nuova licenza applicata ai dati.
riserve_exchange,2026-10-04,/30/currentTvl,20372358.163160253,https://api.llama.fi/cexs,"""Snapshot al momento del prelievo; non ricostruisce lo stato di ieri.""",Licenza dei dati terzi non verificata come aperta: valgono i termini della fonte; accesso pubblico non equivale a diritto di ripubblicazione. Codice locale originale CC0; nessuna nuova licenza applicata ai dati.,,Fonti originali,Licenza dei dati terzi non verificata come aperta: valgono i termini della fonte; accesso pubblico non equivale a diritto di ripubblicazione. Codice locale originale CC0; nessuna nuova licenza applicata ai dati.
riserve_exchange,2026-10-04,/30/cleanAssetsTvl,20372358.163160253,https://api.llama.fi/cexs,"""Snapshot al momento del prelievo; non ricostruisce lo stato di ieri.""",Licenza dei dati terzi non verificata come aperta: valgono i termini della fonte; accesso pubblico non equivale a diritto di ripubblicazione. Codice locale originale CC0; nessuna nuova licenza applicata ai dati.,,Fonti originali,Licenza dei dati terzi non verificata come aperta: valgono i termini della fonte; accesso pubblico non equivale a diritto di ripubblicazione. Codice locale originale CC0; nessuna nuova licenza applicata ai dati.
riserve_exchange,2026-10-04,/30/inflows_24h,28744.727199894045,https://api.llama.fi/cexs,"""Snapshot al momento del prelievo; non ricostruisce lo stato di ieri.""",Licenza dei dati terzi non verificata come aperta: valgono i termini della fonte; accesso pubblico non equivale a diritto di ripubblicazione. Codice locale originale CC0; nessuna nuova licenza applicata ai dati.,,Fonti originali,Licenza dei dati terzi non verificata come aperta: valgono i termini della fonte; accesso pubblico non equivale a diritto di ripubblicazione. Codice locale originale CC0; nessuna nuova licenza applicata ai dati.
riserve_exchange,2026-10-04,/30/inflows_1w,-1361031.0682069415,https://api.llama.fi/cexs,"""Snapshot al momento del prelievo; non ricostruisce lo stato di ieri.""",Licenza dei dati terzi non verificata come aperta: valgono i termini della fonte; accesso pubblico non equivale a diritto di ripubblicazione. Codice locale originale CC0; nessuna nuova licenza applicata ai dati.,,Fonti originali,Licenza dei dati terzi non verificata come aperta: valgono i termini della fonte; accesso pubblico non equivale a diritto di ripubblicazione. Codice locale originale CC0; nessuna nuova licenza applicata ai dati.
riserve_exchange,2026-10-04,/30/inflows_1m,-6703348.96592983,https://api.llama.fi/cexs,"""Snapshot al momento del prelievo; non ricostruisce lo stato di ieri.""",Licenza dei dati terzi non verificata come aperta: valgono i termini della fonte; accesso pubblico non equivale a diritto di ripubblicazione. Codice locale originale CC0; nessuna nuova licenza applicata ai dati.,,Fonti originali,Licenza dei dati terzi non verificata come aperta: valgono i termini della fonte; accesso pubblico non equivale a diritto di ripubblicazione. Codice locale originale CC0; nessuna nuova licenza applicata ai dati.
riserve_exchange,2026-10-04,/31/id,"""7489""",https://api.llama.fi/cexs,"""Snapshot al momento del prelievo; non ricostruisce lo stato di ieri.""",Licenza dei dati terzi non verificata come aperta: valgono i termini della fonte; accesso pubblico non equivale a diritto di ripubblicazione. Codice locale originale CC0; nessuna nuova licenza applicata ai dati.,,Fonti originali,Licenza dei dati terzi non verificata come aperta: valgono i termini della fonte; accesso pubblico non equivale a diritto di ripubblicazione. Codice locale originale CC0; nessuna nuova licenza applicata ai dati.
riserve_exchange,2026-10-04,/31/name,"""Coinstore""",https://api.llama.fi/cexs,"""Snapshot al momento del prelievo; non ricostruisce lo stato di ieri.""",Licenza dei dati terzi non verificata come aperta: valgono i termini della fonte; accesso pubblico non equivale a diritto di ripubblicazione. Codice locale originale CC0; nessuna nuova licenza applicata ai dati.,,Fonti originali,Licenza dei dati terzi non verificata come aperta: valgono i termini della fonte; accesso pubblico non equivale a diritto di ripubblicazione. Codice locale originale CC0; nessuna nuova licenza applicata ai dati.
riserve_exchange,2026-10-04,/31/walletsLink,null,https://api.llama.fi/cexs,"""Snapshot al momento del prelievo; non ricostruisce lo stato di ieri.""",Licenza dei dati terzi non verificata come aperta: valgono i termini della fonte; accesso pubblico non equivale a diritto di ripubblicazione. Codice locale originale CC0; nessuna nuova licenza applicata ai dati.,,Fonti originali,Licenza dei dati terzi non verificata come aperta: valgono i termini della fonte; accesso pubblico non equivale a diritto di ripubblicazione. Codice locale originale CC0; nessuna nuova licenza applicata ai dati.
riserve_exchange,2026-10-04,/31/currentTvl,59945933.98835543,https://api.llama.fi/cexs,"""Snapshot al momento del prelievo; non ricostruisce lo stato di ieri.""",Licenza dei dati terzi non verificata come aperta: valgono i termini della fonte; accesso pubblico non equivale a diritto di ripubblicazione. Codice locale originale CC0; nessuna nuova licenza applicata ai dati.,,Fonti originali,Licenza dei dati terzi non verificata come aperta: valgono i termini della fonte; accesso pubblico non equivale a diritto di ripubblicazione. Codice locale originale CC0; nessuna nuova licenza applicata ai dati.
riserve_exchange,2026-10-04,/31/cleanAssetsTvl,59945933.98835543,https://api.llama.fi/cexs,"""Snapshot al momento del prelievo; non ricostruisce lo stato di ieri.""",Licenza dei dati terzi non verificata come aperta: valgono i termini della fonte; accesso pubblico non equivale a diritto di ripubblicazione. Codice locale originale CC0; nessuna nuova licenza applicata ai dati.,,Fonti originali,Licenza dei dati terzi non verificata come aperta: valgono i termini della fonte; accesso pubblico non equivale a diritto di ripubblicazione. Codice locale originale CC0; nessuna nuova licenza applicata ai dati.
riserve_exchange,2026-10-04,/31/inflows_24h,-10474.301640749178,https://api.llama.fi/cexs,"""Snapshot al momento del prelievo; non ricostruisce lo stato di ieri.""",Licenza dei dati terzi non verificata come aperta: valgono i termini della fonte; accesso pubblico non equivale a diritto di ripubblicazione. Codice locale originale CC0; nessuna nuova licenza applicata ai dati.,,Fonti originali,Licenza dei dati terzi non verificata come aperta: valgono i termini della fonte; accesso pubblico non equivale a diritto di ripubblicazione. Codice locale originale CC0; nessuna nuova licenza applicata ai dati.
riserve_exchange,2026-10-04,/31/inflows_1w,-379022.1634903684,https://api.llama.fi/cexs,"""Snapshot al momento del prelievo; non ricostruisce lo stato di ieri.""",Licenza dei dati terzi non verificata come aperta: valgono i termini della fonte; accesso pubblico non equivale a diritto di ripubblicazione. Codice locale originale CC0; nessuna nuova licenza applicata ai dati.,,Fonti originali,Licenza dei dati terzi non verificata come aperta: valgono i termini della fonte; accesso pubblico non equivale a diritto di ripubblicazione. Codice locale originale CC0; nessuna nuova licenza applicata ai dati.
riserve_exchange,2026-10-04,/31/inflows_1m,-601.5642717574519,https://api.llama.fi/cexs,"""Snapshot al momento del prelievo; non ricostruisce lo stato di ieri.""",Licenza dei dati terzi non verificata come aperta: valgono i termini della fonte; accesso pubblico non equivale a diritto di ripubblicazione. Codice locale originale CC0; nessuna nuova licenza applicata ai dati.,,Fonti originali,Licenza dei dati terzi non verificata come aperta: valgono i termini della fonte; accesso pubblico non equivale a diritto di ripubblicazione. Codice locale originale CC0; nessuna nuova licenza applicata ai dati.
riserve_exchange,2026-10-04,/32/id,"""5673""",https://api.llama.fi/cexs,"""Snapshot al momento del prelievo; non ricostruisce lo stato di ieri.""",Licenza dei dati terzi non verificata come aperta: valgono i termini della fonte; accesso pubblico non equivale a diritto di ripubblicazione. Codice locale originale CC0; nessuna nuova licenza applicata ai dati.,,Fonti originali,Licenza dei dati terzi non verificata come aperta: valgono i termini della fonte; accesso pubblico non equivale a diritto di ripubblicazione. Codice locale originale CC0; nessuna nuova licenza applicata ai dati.
riserve_exchange,2026-10-04,/32/name,"""Coin8""",https://api.llama.fi/cexs,"""Snapshot al momento del prelievo; non ricostruisce lo stato di ieri.""",Licenza dei dati terzi non verificata come aperta: valgono i termini della fonte; accesso pubblico non equivale a diritto di ripubblicazione. Codice locale originale CC0; nessuna nuova licenza applicata ai dati.,,Fonti originali,Licenza dei dati terzi non verificata come aperta: valgono i termini della fonte; accesso pubblico non equivale a diritto di ripubblicazione. Codice locale originale CC0; nessuna nuova licenza applicata ai dati.
riserve_exchange,2026-10-04,/32/walletsLink,null,https://api.llama.fi/cexs,"""Snapshot al momento del prelievo; non ricostruisce lo stato di ieri.""",Licenza dei dati terzi non verificata come aperta: valgono i termini della fonte; accesso pubblico non equivale a diritto di ripubblicazione. Codice locale originale CC0; nessuna nuova licenza applicata ai dati.,,Fonti originali,Licenza dei dati terzi non verificata come aperta: valgono i termini della fonte; accesso pubblico non equivale a diritto di ripubblicazione. Codice locale originale CC0; nessuna nuova licenza applicata ai dati.
riserve_exchange,2026-10-04,/32/currentTvl,52345466.90635479,https://api.llama.fi/cexs,"""Snapshot al momento del prelievo; non ricostruisce lo stato di ieri.""",Licenza dei dati terzi non verificata come aperta: valgono i termini della fonte; accesso pubblico non equivale a diritto di ripubblicazione. Codice locale originale CC0; nessuna nuova licenza applicata ai dati.,,Fonti originali,Licenza dei dati terzi non verificata come aperta: valgono i termini della fonte; accesso pubblico non equivale a diritto di ripubblicazione. Codice locale originale CC0; nessuna nuova licenza applicata ai dati.
riserve_exchange,2026-10-04,/32/cleanAssetsTvl,52345466.90635479,https://api.llama.fi/cexs,"""Snapshot al momento del prelievo; non ricostruisce lo stato di ieri.""",Licenza dei dati terzi non verificata come aperta: valgono i termini della fonte; accesso pubblico non equivale a diritto di ripubblicazione. Codice locale originale CC0; nessuna nuova licenza applicata ai dati.,,Fonti originali,Licenza dei dati terzi non verificata come aperta: valgono i termini della fonte; accesso pubblico non equivale a diritto di ripubblicazione. Codice locale originale CC0; nessuna nuova licenza applicata ai dati.
riserve_exchange,2026-10-04,/32/inflows_24h,0,https://api.llama.fi/cexs,"""Snapshot al momento del prelievo; non ricostruisce lo stato di ieri.""",Licenza dei dati terzi non verificata come aperta: valgono i termini della fonte; accesso pubblico non equivale a diritto di ripubblicazione. Codice locale originale CC0; nessuna nuova licenza applicata ai dati.,,Fonti originali,Licenza dei dati terzi non verificata come aperta: valgono i termini della fonte; accesso pubblico non equivale a diritto di ripubblicazione. Codice locale originale CC0; nessuna nuova licenza applicata ai dati.
riserve_exchange,2026-10-04,/32/inflows_1w,534199.7440151453,https://api.llama.fi/cexs,"""Snapshot al momento del prelievo; non ricostruisce lo stato di ieri.""",Licenza dei dati terzi non verificata come aperta: valgono i termini della fonte; accesso pubblico non equivale a diritto di ripubblicazione. Codice locale originale CC0; nessuna nuova licenza applicata ai dati.,,Fonti originali,Licenza dei dati terzi non verificata come aperta: valgono i termini della fonte; accesso pubblico non equivale a diritto di ripubblicazione. Codice locale originale CC0; nessuna nuova licenza applicata ai dati.
riserve_exchange,2026-10-04,/32/inflows_1m,906820.3472953651,https://api.llama.fi/cexs,"""Snapshot al momento del prelievo; non ricostruisce lo stato di ieri.""",Licenza dei dati terzi non verificata come aperta: valgono i termini della fonte; accesso pubblico non equivale a diritto di ripubblicazione. Codice locale originale CC0; nessuna nuova licenza applicata ai dati.,,Fonti originali,Licenza dei dati terzi non verificata come aperta: valgono i termini della fonte; accesso pubblico non equivale a diritto di ripubblicazione. Codice locale originale CC0; nessuna nuova licenza applicata ai dati.
riserve_exchange,2026-10-04,/33/id,"""5254""",https://api.llama.fi/cexs,"""Snapshot al momento del prelievo; non ricostruisce lo stato di ieri.""",Licenza dei dati terzi non verificata come aperta: valgono i termini della fonte; accesso pubblico non equivale a diritto di ripubblicazione. Codice locale originale CC0; nessuna nuova licenza applicata ai dati.,,Fonti originali,Licenza dei dati terzi non verificata come aperta: valgono i termini della fonte; accesso pubblico non equivale a diritto di ripubblicazione. Codice locale originale CC0; nessuna nuova licenza applicata ai dati.
riserve_exchange,2026-10-04,/33/name,"""Exmo""",https://api.llama.fi/cexs,"""Snapshot al momento del prelievo; non ricostruisce lo stato di ieri.""",Licenza dei dati terzi non verificata come aperta: valgono i termini della fonte; accesso pubblico non equivale a diritto di ripubblicazione. Codice locale originale CC0; nessuna nuova licenza applicata ai dati.,,Fonti originali,Licenza dei dati terzi non verificata come aperta: valgono i termini della fonte; accesso pubblico non equivale a diritto di ripubblicazione. Codice locale originale CC0; nessuna nuova licenza applicata ai dati.
riserve_exchange,2026-10-04,/33/walletsLink,null,https://api.llama.fi/cexs,"""Snapshot al momento del prelievo; non ricostruisce lo stato di ieri.""",Licenza dei dati terzi non verificata come aperta: valgono i termini della fonte; accesso pubblico non equivale a diritto di ripubblicazione. Codice locale originale CC0; nessuna nuova licenza applicata ai dati.,,Fonti originali,Licenza dei dati terzi non verificata come aperta: valgono i termini della fonte; accesso pubblico non equivale a diritto di ripubblicazione. Codice locale originale CC0; nessuna nuova licenza applicata ai dati.
riserve_exchange,2026-10-04,/33/currentTvl,14735.482500592356,https://api.llama.fi/cexs,"""Snapshot al momento del prelievo; non ricostruisce lo stato di ieri.""",Licenza dei dati terzi non verificata come aperta: valgono i termini della fonte; accesso pubblico non equivale a diritto di ripubblicazione. Codice locale originale CC0; nessuna nuova licenza applicata ai dati.,,Fonti originali,Licenza dei dati terzi non verificata come aperta: valgono i termini della fonte; accesso pubblico non equivale a diritto di ripubblicazione. Codice locale originale CC0; nessuna nuova licenza applicata ai dati.
riserve_exchange,2026-10-04,/33/cleanAssetsTvl,14735.482500592356,https://api.llama.fi/cexs,"""Snapshot al momento del prelievo; non ricostruisce lo stato di ieri.""",Licenza dei dati terzi non verificata come aperta: valgono i termini della fonte; accesso pubblico non equivale a diritto di ripubblicazione. Codice locale originale CC0; nessuna nuova licenza applicata ai dati.,,Fonti originali,Licenza dei dati terzi non verificata come aperta: valgono i termini della fonte; accesso pubblico non equivale a diritto di ripubblicazione. Codice locale originale CC0; nessuna nuova licenza applicata ai dati.
riserve_exchange,2026-10-04,/33/inflows_24h,0,https://api.llama.fi/cexs,"""Snapshot al momento del prelievo; non ricostruisce lo stato di ieri.""",Licenza dei dati terzi non verificata come aperta: valgono i termini della fonte; accesso pubblico non equivale a diritto di ripubblicazione. Codice locale originale CC0; nessuna nuova licenza applicata ai dati.,,Fonti originali,Licenza dei dati terzi non verificata come aperta: valgono i termini della fonte; accesso pubblico non equivale a diritto di ripubblicazione. Codice locale originale CC0; nessuna nuova licenza applicata ai dati.
riserve_exchange,2026-10-04,/33/inflows_1w,0,https://api.llama.fi/cexs,"""Snapshot al momento del prelievo; non ricostruisce lo stato di ieri.""",Licenza dei dati terzi non verificata come aperta: valgono i termini della fonte; accesso pubblico non equivale a diritto di ripubblicazione. Codice locale originale CC0; nessuna nuova licenza applicata ai dati.,,Fonti originali,Licenza dei dati terzi non verificata come aperta: valgono i termini della fonte; accesso pubblico non equivale a diritto di ripubblicazione. Codice locale originale CC0; nessuna nuova licenza applicata ai dati.
riserve_exchange,2026-10-04,/33/inflows_1m,14718.000604144623,https://api.llama.fi/cexs,"""Snapshot al momento del prelievo; non ricostruisce lo stato di ieri.""",Licenza dei dati terzi non verificata come aperta: valgono i termini della fonte; accesso pubblico non equivale a diritto di ripubblicazione. Codice locale originale CC0; nessuna nuova licenza applicata ai dati.,,Fonti originali,Licenza dei dati terzi non verificata come aperta: valgono i termini della fonte; accesso pubblico non equivale a diritto di ripubblicazione. Codice locale originale CC0; nessuna nuova licenza applicata ai dati.
riserve_exchange,2026-10-04,/34/id,"""4579""",https://api.llama.fi/cexs,"""Snapshot al momento del prelievo; non ricostruisce lo stato di ieri.""",Licenza dei dati terzi non verificata come aperta: valgono i termini della fonte; accesso pubblico non equivale a diritto di ripubblicazione. Codice locale originale CC0; nessuna nuova licenza applicata ai dati.,,Fonti originali,Licenza dei dati terzi non verificata come aperta: valgono i termini della fonte; accesso pubblico non equivale a diritto di ripubblicazione. Codice locale originale CC0; nessuna nuova licenza applicata ai dati.
riserve_exchange,2026-10-04,/34/name,"""Flipster""",https://api.llama.fi/cexs,"""Snapshot al momento del prelievo; non ricostruisce lo stato di ieri.""",Licenza dei dati terzi non verificata come aperta: valgono i termini della fonte; accesso pubblico non equivale a diritto di ripubblicazione. Codice locale originale CC0; nessuna nuova licenza applicata ai dati.,,Fonti originali,Licenza dei dati terzi non verificata come aperta: valgono i termini della fonte; accesso pubblico non equivale a diritto di ripubblicazione. Codice locale originale CC0; nessuna nuova licenza applicata ai dati.
riserve_exchange,2026-10-04,/34/walletsLink,"""https://flipster.io/support/proof-of-reserves""",https://api.llama.fi/cexs,"""Snapshot al momento del prelievo; non ricostruisce lo stato di ieri.""",Licenza dei dati terzi non verificata come aperta: valgono i termini della fonte; accesso pubblico non equivale a diritto di ripubblicazione. Codice locale originale CC0; nessuna nuova licenza applicata ai dati.,,Fonti originali,Licenza dei dati terzi non verificata come aperta: valgono i termini della fonte; accesso pubblico non equivale a diritto di ripubblicazione. Codice locale originale CC0; nessuna nuova licenza applicata ai dati.
riserve_exchange,2026-10-04,/34/currentTvl,27162880.70960483,https://api.llama.fi/cexs,"""Snapshot al momento del prelievo; non ricostruisce lo stato di ieri.""",Licenza dei dati terzi non verificata come aperta: valgono i termini della fonte; accesso pubblico non equivale a diritto di ripubblicazione. Codice locale originale CC0; nessuna nuova licenza applicata ai dati.,,Fonti originali,Licenza dei dati terzi non verificata come aperta: valgono i termini della fonte; accesso pubblico non equivale a diritto di ripubblicazione. Codice locale originale CC0; nessuna nuova licenza applicata ai dati.
riserve_exchange,2026-10-04,/34/cleanAssetsTvl,27162880.70960483,https://api.llama.fi/cexs,"""Snapshot al momento del prelievo; non ricostruisce lo stato di ieri.""",Licenza dei dati terzi non verificata come aperta: valgono i termini della fonte; accesso pubblico non equivale a diritto di ripubblicazione. Codice locale originale CC0; nessuna nuova licenza applicata ai dati.,,Fonti originali,Licenza dei dati terzi non verificata come aperta: valgono i termini della fonte; accesso pubblico non equivale a diritto di ripubblicazione. Codice locale originale CC0; nessuna nuova licenza applicata ai dati.
riserve_exchange,2026-10-04,/34/inflows_24h,-94979.14448899262,https://api.llama.fi/cexs,"""Snapshot al momento del prelievo; non ricostruisce lo stato di ieri.""",Licenza dei dati terzi non verificata come aperta: valgono i termini della fonte; accesso pubblico non equivale a diritto di ripubblicazione. Codice locale originale CC0; nessuna nuova licenza applicata ai dati.,,Fonti originali,Licenza dei dati terzi non verificata come aperta: valgono i termini della fonte; accesso pubblico non equivale a diritto di ripubblicazione. Codice locale originale CC0; nessuna nuova licenza applicata ai dati.
riserve_exchange,2026-10-04,/34/inflows_1w,-633855.1924117138,https://api.llama.fi/cexs,"""Snapshot al momento del prelievo; non ricostruisce lo stato di ieri.""",Licenza dei dati terzi non verificata come aperta: valgono i termini della fonte; accesso pubblico non equivale a diritto di ripubblicazione. Codice locale originale CC0; nessuna nuova licenza applicata ai dati.,,Fonti originali,Licenza dei dati terzi non verificata come aperta: valgono i termini della fonte; accesso pubblico non equivale a diritto di ripubblicazione. Codice locale originale CC0; nessuna nuova licenza applicata ai dati.
riserve_exchange,2026-10-04,/34/inflows_1m,-4010068.6512641613,https://api.llama.fi/cexs,"""Snapshot al momento del prelievo; non ricostruisce lo stato di ieri.""",Licenza dei dati terzi non verificata come aperta: valgono i termini della fonte; accesso pubblico non equivale a diritto di ripubblicazione. Codice locale originale CC0; nessuna nuova licenza applicata ai dati.,,Fonti originali,Licenza dei dati terzi non verificata come aperta: valgono i termini della fonte; accesso pubblico non equivale a diritto di ripubblicazione. Codice locale originale CC0; nessuna nuova licenza applicata ai dati.
riserve_exchange,2026-10-04,/35/id,"""4576""",https://api.llama.fi/cexs,"""Snapshot al momento del prelievo; non ricostruisce lo stato di ieri.""",Licenza dei dati terzi non verificata come aperta: valgono i termini della fonte; accesso pubblico non equivale a diritto di ripubblicazione. Codice locale originale CC0; nessuna nuova licenza applicata ai dati.,,Fonti originali,Licenza dei dati terzi non verificata come aperta: valgono i termini della fonte; accesso pubblico non equivale a diritto di ripubblicazione. Codice locale originale CC0; nessuna nuova licenza applicata ai dati.
riserve_exchange,2026-10-04,/35/name,"""NonKYC""",https://api.llama.fi/cexs,"""Snapshot al momento del prelievo; non ricostruisce lo stato di ieri.""",Licenza dei dati terzi non verificata come aperta: valgono i termini della fonte; accesso pubblico non equivale a diritto di ripubblicazione. Codice locale originale CC0; nessuna nuova licenza applicata ai dati.,,Fonti originali,Licenza dei dati terzi non verificata come aperta: valgono i termini della fonte; accesso pubblico non equivale a diritto di ripubblicazione. Codice locale originale CC0; nessuna nuova licenza applicata ai dati.
riserve_exchange,2026-10-04,/35/walletsLink,"""https://nonkyc.io/allreserves""",https://api.llama.fi/cexs,"""Snapshot al momento del prelievo; non ricostruisce lo stato di ieri.""",Licenza dei dati terzi non verificata come aperta: valgono i termini della fonte; accesso pubblico non equivale a diritto di ripubblicazione. Codice locale originale CC0; nessuna nuova licenza applicata ai dati.,,Fonti originali,Licenza dei dati terzi non verificata come aperta: valgono i termini della fonte; accesso pubblico non equivale a diritto di ripubblicazione. Codice locale originale CC0; nessuna nuova licenza applicata ai dati.
riserve_exchange,2026-10-04,/35/currentTvl,7557657.014734052,https://api.llama.fi/cexs,"""Snapshot al momento del prelievo; non ricostruisce lo stato di ieri.""",Licenza dei dati terzi non verificata come aperta: valgono i termini della fonte; accesso pubblico non equivale a diritto di ripubblicazione. Codice locale originale CC0; nessuna nuova licenza applicata ai dati.,,Fonti originali,Licenza dei dati terzi non verificata come aperta: valgono i termini della fonte; accesso pubblico non equivale a diritto di ripubblicazione. Codice locale originale CC0; nessuna nuova licenza applicata ai dati.
riserve_exchange,2026-10-04,/35/cleanAssetsTvl,2279557.4994149935,https://api.llama.fi/cexs,"""Snapshot al momento del prelievo; non ricostruisce lo stato di ieri.""",Licenza dei dati terzi non verificata come aperta: valgono i termini della fonte; accesso pubblico non equivale a diritto di ripubblicazione. Codice locale originale CC0; nessuna nuova licenza applicata ai dati.,,Fonti originali,Licenza dei dati terzi non verificata come aperta: valgono i termini della fonte; accesso pubblico non equivale a diritto di ripubblicazione. Codice locale originale CC0; nessuna nuova licenza applicata ai dati.
riserve_exchange,2026-10-04,/35/inflows_24h,274468.7442319035,https://api.llama.fi/cexs,"""Snapshot al momento del prelievo; non ricostruisce lo stato di ieri.""",Licenza dei dati terzi non verificata come aperta: valgono i termini della fonte; accesso pubblico non equivale a diritto di ripubblicazione. Codice locale originale CC0; nessuna nuova licenza applicata ai dati.,,Fonti originali,Licenza dei dati terzi non verificata come aperta: valgono i termini della fonte; accesso pubblico non equivale a diritto di ripubblicazione. Codice locale originale CC0; nessuna nuova licenza applicata ai dati.
riserve_exchange,2026-10-04,/35/inflows_1w,422009.5155022778,https://api.llama.fi/cexs,"""Snapshot al momento del prelievo; non ricostruisce lo stato di ieri.""",Licenza dei dati terzi non verificata come aperta: valgono i termini della fonte; accesso pubblico non equivale a diritto di ripubblicazione. Codice locale originale CC0; nessuna nuova licenza applicata ai dati.,,Fonti originali,Licenza dei dati terzi non verificata come aperta: valgono i termini della fonte; accesso pubblico non equivale a diritto di ripubblicazione. Codice locale originale CC0; nessuna nuova licenza applicata ai dati.
riserve_exchange,2026-10-04,/35/inflows_1m,536695.5811042592,https://api.llama.fi/cexs,"""Snapshot al momento del prelievo; non ricostruisce lo stato di ieri.""",Licenza dei dati terzi non verificata come aperta: valgono i termini della fonte; accesso pubblico non equivale a diritto di ripubblicazione. Codice locale originale CC0; nessuna nuova licenza applicata ai dati.,,Fonti originali,Licenza dei dati terzi non verificata come aperta: valgono i termini della fonte; accesso pubblico non equivale a diritto di ripubblicazione. Codice locale originale CC0; nessuna nuova licenza applicata ai dati.
riserve_exchange,2026-10-04,/36/id,"""5731""",https://api.llama.fi/cexs,"""Snapshot al momento del prelievo; non ricostruisce lo stato di ieri.""",Licenza dei dati terzi non verificata come aperta: valgono i termini della fonte; accesso pubblico non equivale a diritto di ripubblicazione. Codice locale originale CC0; nessuna nuova licenza applicata ai dati.,,Fonti originali,Licenza dei dati terzi non verificata come aperta: valgono i termini della fonte; accesso pubblico non equivale a diritto di ripubblicazione. Codice locale originale CC0; nessuna nuova licenza applicata ai dati.
riserve_exchange,2026-10-04,/36/name,"""Bitrue""",https://api.llama.fi/cexs,"""Snapshot al momento del prelievo; non ricostruisce lo stato di ieri.""",Licenza dei dati terzi non verificata come aperta: valgono i termini della fonte; accesso pubblico non equivale a diritto di ripubblicazione. Codice locale originale CC0; nessuna nuova licenza applicata ai dati.,,Fonti originali,Licenza dei dati terzi non verificata come aperta: valgono i termini della fonte; accesso pubblico non equivale a diritto di ripubblicazione. Codice locale originale CC0; nessuna nuova licenza applicata ai dati.
riserve_exchange,2026-10-04,/36/walletsLink,null,https://api.llama.fi/cexs,"""Snapshot al momento del prelievo; non ricostruisce lo stato di ieri.""",Licenza dei dati terzi non verificata come aperta: valgono i termini della fonte; accesso pubblico non equivale a diritto di ripubblicazione. Codice locale originale CC0; nessuna nuova licenza applicata ai dati.,,Fonti originali,Licenza dei dati terzi non verificata come aperta: valgono i termini della fonte; accesso pubblico non equivale a diritto di ripubblicazione. Codice locale originale CC0; nessuna nuova licenza applicata ai dati.
riserve_exchange,2026-10-04,/36/currentTvl,179934860.31379658,https://api.llama.fi/cexs,"""Snapshot al momento del prelievo; non ricostruisce lo stato di ieri.""",Licenza dei dati terzi non verificata come aperta: valgono i termini della fonte; accesso pubblico non equivale a diritto di ripubblicazione. Codice locale originale CC0; nessuna nuova licenza applicata ai dati.,,Fonti originali,Licenza dei dati terzi non verificata come aperta: valgono i termini della fonte; accesso pubblico non equivale a diritto di ripubblicazione. Codice locale originale CC0; nessuna nuova licenza applicata ai dati.
riserve_exchange,2026-10-04,/36/cleanAssetsTvl,179934860.31379658,https://api.llama.fi/cexs,"""Snapshot al momento del prelievo; non ricostruisce lo stato di ieri.""",Licenza dei dati terzi non verificata come aperta: valgono i termini della fonte; accesso pubblico non equivale a diritto di ripubblicazione. Codice locale originale CC0; nessuna nuova licenza applicata ai dati.,,Fonti originali,Licenza dei dati terzi non verificata come aperta: valgono i termini della fonte; accesso pubblico non equivale a diritto di ripubblicazione. Codice locale originale CC0; nessuna nuova licenza applicata ai dati.
riserve_exchange,2026-10-04,/36/inflows_24h,348419.2099410548,https://api.llama.fi/cexs,"""Snapshot al momento del prelievo; non ricostruisce lo stato di ieri.""",Licenza dei dati terzi non verificata come aperta: valgono i termini della fonte; accesso pubblico non equivale a diritto di ripubblicazione. Codice locale originale CC0; nessuna nuova licenza applicata ai dati.,,Fonti originali,Licenza dei dati terzi non verificata come aperta: valgono i termini della fonte; accesso pubblico non equivale a diritto di ripubblicazione. Codice locale originale CC0; nessuna nuova licenza applicata ai dati.
riserve_exchange,2026-10-04,/36/inflows_1w,1102671.2671981996,https://api.llama.fi/cexs,"""Snapshot al momento del prelievo; non ricostruisce lo stato di ieri.""",Licenza dei dati terzi non verificata come aperta: valgono i termini della fonte; accesso pubblico non equivale a diritto di ripubblicazione. Codice locale originale CC0; nessuna nuova licenza applicata ai dati.,,Fonti originali,Licenza dei dati terzi non verificata come aperta: valgono i termini della fonte; accesso pubblico non equivale a diritto di ripubblicazione. Codice locale originale CC0; nessuna nuova licenza applicata ai dati.
riserve_exchange,2026-10-04,/36/inflows_1m,-2021738.0939548342,https://api.llama.fi/cexs,"""Snapshot al momento del prelievo; non ricostruisce lo stato di ieri.""",Licenza dei dati terzi non verificata come aperta: valgono i termini della fonte; accesso pubblico non equivale a diritto di ripubblicazione. Codice locale originale CC0; nessuna nuova licenza applicata ai dati.,,Fonti originali,Licenza dei dati terzi non verificata come aperta: valgono i termini della fonte; accesso pubblico non equivale a diritto di ripubblicazione. Codice locale originale CC0; nessuna nuova licenza applicata ai dati.
riserve_exchange,2026-10-04,/37/id,"""2932""",https://api.llama.fi/cexs,"""Snapshot al momento del prelievo; non ricostruisce lo stato di ieri.""",Licenza dei dati terzi non verificata come aperta: valgono i termini della fonte; accesso pubblico non equivale a diritto di ripubblicazione. Codice locale originale CC0; nessuna nuova licenza applicata ai dati.,,Fonti originali,Licenza dei dati terzi non verificata come aperta: valgono i termini della fonte; accesso pubblico non equivale a diritto di ripubblicazione. Codice locale originale CC0; nessuna nuova licenza applicata ai dati.
riserve_exchange,2026-10-04,/37/name,"""Latoken""",https://api.llama.fi/cexs,"""Snapshot al momento del prelievo; non ricostruisce lo stato di ieri.""",Licenza dei dati terzi non verificata come aperta: valgono i termini della fonte; accesso pubblico non equivale a diritto di ripubblicazione. Codice locale originale CC0; nessuna nuova licenza applicata ai dati.,,Fonti originali,Licenza dei dati terzi non verificata come aperta: valgono i termini della fonte; accesso pubblico non equivale a diritto di ripubblicazione. Codice locale originale CC0; nessuna nuova licenza applicata ai dati.
riserve_exchange,2026-10-04,/37/walletsLink,null,https://api.llama.fi/cexs,"""Snapshot al momento del prelievo; non ricostruisce lo stato di ieri.""",Licenza dei dati terzi non verificata come aperta: valgono i termini della fonte; accesso pubblico non equivale a diritto di ripubblicazione. Codice locale originale CC0; nessuna nuova licenza applicata ai dati.,,Fonti originali,Licenza dei dati terzi non verificata come aperta: valgono i termini della fonte; accesso pubblico non equivale a diritto di ripubblicazione. Codice locale originale CC0; nessuna nuova licenza applicata ai dati.
riserve_exchange,2026-10-04,/37/currentTvl,390007.33856467245,https://api.llama.fi/cexs,"""Snapshot al momento del prelievo; non ricostruisce lo stato di ieri.""",Licenza dei dati terzi non verificata come aperta: valgono i termini della fonte; accesso pubblico non equivale a diritto di ripubblicazione. Codice locale originale CC0; nessuna nuova licenza applicata ai dati.,,Fonti originali,Licenza dei dati terzi non verificata come aperta: valgono i termini della fonte; accesso pubblico non equivale a diritto di ripubblicazione. Codice locale originale CC0; nessuna nuova licenza applicata ai dati.
riserve_exchange,2026-10-04,/37/cleanAssetsTvl,390007.33856467245,https://api.llama.fi/cexs,"""Snapshot al momento del prelievo; non ricostruisce lo stato di ieri.""",Licenza dei dati terzi non verificata come aperta: valgono i termini della fonte; accesso pubblico non equivale a diritto di ripubblicazione. Codice locale originale CC0; nessuna nuova licenza applicata ai dati.,,Fonti originali,Licenza dei dati terzi non verificata come aperta: valgono i termini della fonte; accesso pubblico non equivale a diritto di ripubblicazione. Codice locale originale CC0; nessuna nuova licenza applicata ai dati.
riserve_exchange,2026-10-04,/37/inflows_24h,-4.524708787505436,https://api.llama.fi/cexs,"""Snapshot al momento del prelievo; non ricostruisce lo stato di ieri.""",Licenza dei dati terzi non verificata come aperta: valgono i termini della fonte; accesso pubblico non equivale a diritto di ripubblicazione. Codice locale originale CC0; nessuna nuova licenza applicata ai dati.,,Fonti originali,Licenza dei dati terzi non verificata come aperta: valgono i termini della fonte; accesso pubblico non equivale a diritto di ripubblicazione. Codice locale originale CC0; nessuna nuova licenza applicata ai dati.
riserve_exchange,2026-10-04,/37/inflows_1w,3186.880004955122,https://api.llama.fi/cexs,"""Snapshot al momento del prelievo; non ricostruisce lo stato di ieri.""",Licenza dei dati terzi non verificata come aperta: valgono i termini della fonte; accesso pubblico non equivale a diritto di ripubblicazione. Codice locale originale CC0; nessuna nuova licenza applicata ai dati.,,Fonti originali,Licenza dei dati terzi non verificata come aperta: valgono i termini della fonte; accesso pubblico non equivale a diritto di ripubblicazione. Codice locale originale CC0; nessuna nuova licenza applicata ai dati.
riserve_exchange,2026-10-04,/37/inflows_1m,3447.0044886251,https://api.llama.fi/cexs,"""Snapshot al momento del prelievo; non ricostruisce lo stato di ieri.""",Licenza dei dati terzi non verificata come aperta: valgono i termini della fonte; accesso pubblico non equivale a diritto di ripubblicazione. Codice locale originale CC0; nessuna nuova licenza applicata ai dati.,,Fonti originali,Licenza dei dati terzi non verificata come aperta: valgono i termini della fonte; accesso pubblico non equivale a diritto di ripubblicazione. Codice locale originale CC0; nessuna nuova licenza applicata ai dati.
riserve_exchange,2026-10-04,/38/id,"""3577""",https://api.llama.fi/cexs,"""Snapshot al momento del prelievo; non ricostruisce lo stato di ieri.""",Licenza dei dati terzi non verificata come aperta: valgono i termini della fonte; accesso pubblico non equivale a diritto di ripubblicazione. Codice locale originale CC0; nessuna nuova licenza applicata ai dati.,,Fonti originali,Licenza dei dati terzi non verificata come aperta: valgono i termini della fonte; accesso pubblico non equivale a diritto di ripubblicazione. Codice locale originale CC0; nessuna nuova licenza applicata ai dati.
riserve_exchange,2026-10-04,/38/name,"""BitMart""",https://api.llama.fi/cexs,"""Snapshot al momento del prelievo; non ricostruisce lo stato di ieri.""",Licenza dei dati terzi non verificata come aperta: valgono i termini della fonte; accesso pubblico non equivale a diritto di ripubblicazione. Codice locale originale CC0; nessuna nuova licenza applicata ai dati.,,Fonti originali,Licenza dei dati terzi non verificata come aperta: valgono i termini della fonte; accesso pubblico non equivale a diritto di ripubblicazione. Codice locale originale CC0; nessuna nuova licenza applicata ai dati.
riserve_exchange,2026-10-04,/38/walletsLink,null,https://api.llama.fi/cexs,"""Snapshot al momento del prelievo; non ricostruisce lo stato di ieri.""",Licenza dei dati terzi non verificata come aperta: valgono i termini della fonte; accesso pubblico non equivale a diritto di ripubblicazione. Codice locale originale CC0; nessuna nuova licenza applicata ai dati.,,Fonti originali,Licenza dei dati terzi non verificata come aperta: valgono i termini della fonte; accesso pubblico non equivale a diritto di ripubblicazione. Codice locale originale CC0; nessuna nuova licenza applicata ai dati.
riserve_exchange,2026-10-04,/38/currentTvl,5568506.658002613,https://api.llama.fi/cexs,"""Snapshot al momento del prelievo; non ricostruisce lo stato di ieri.""",Licenza dei dati terzi non verificata come aperta: valgono i termini della fonte; accesso pubblico non equivale a diritto di ripubblicazione. Codice locale originale CC0; nessuna nuova licenza applicata ai dati.,,Fonti originali,Licenza dei dati terzi non verificata come aperta: valgono i termini della fonte; accesso pubblico non equivale a diritto di ripubblicazione. Codice locale originale CC0; nessuna nuova licenza applicata ai dati.
riserve_exchange,2026-10-04,/38/cleanAssetsTvl,5568506.658002613,https://api.llama.fi/cexs,"""Snapshot al momento del prelievo; non ricostruisce lo stato di ieri.""",Licenza dei dati terzi non verificata come aperta: valgono i termini della fonte; accesso pubblico non equivale a diritto di ripubblicazione. Codice locale originale CC0; nessuna nuova licenza applicata ai dati.,,Fonti originali,Licenza dei dati terzi non verificata come aperta: valgono i termini della fonte; accesso pubblico non equivale a diritto di ripubblicazione. Codice locale originale CC0; nessuna nuova licenza applicata ai dati.
riserve_exchange,2026-10-04,/38/inflows_24h,-16558.523469127547,https://api.llama.fi/cexs,"""Snapshot al momento del prelievo; non ricostruisce lo stato di ieri.""",Licenza dei dati terzi non verificata come aperta: valgono i termini della fonte; accesso pubblico non equivale a diritto di ripubblicazione. Codice locale originale CC0; nessuna nuova licenza applicata ai dati.,,Fonti originali,Licenza dei dati terzi non verificata come aperta: valgono i termini della fonte; accesso pubblico non equivale a diritto di ripubblicazione. Codice locale originale CC0; nessuna nuova licenza applicata ai dati.
riserve_exchange,2026-10-04,/38/inflows_1w,430.88966432739727,https://api.llama.fi/cexs,"""Snapshot al momento del prelievo; non ricostruisce lo stato di ieri.""",Licenza dei dati terzi non verificata come aperta: valgono i termini della fonte; accesso pubblico non equivale a diritto di ripubblicazione. Codice locale originale CC0; nessuna nuova licenza applicata ai dati.,,Fonti originali,Licenza dei dati terzi non verificata come aperta: valgono i termini della fonte; accesso pubblico non equivale a diritto di ripubblicazione. Codice locale originale CC0; nessuna nuova licenza applicata ai dati.
riserve_exchange,2026-10-04,/38/inflows_1m,-174158.7748212801,https://api.llama.fi/cexs,"""Snapshot al momento del prelievo; non ricostruisce lo stato di ieri.""",Licenza dei dati terzi non verificata come aperta: valgono i termini della fonte; accesso pubblico non equivale a diritto di ripubblicazione. Codice locale originale CC0; nessuna nuova licenza applicata ai dati.,,Fonti originali,Licenza dei dati terzi non verificata come aperta: valgono i termini della fonte; accesso pubblico non equivale a diritto di ripubblicazione. Codice locale originale CC0; nessuna nuova licenza applicata ai dati.
riserve_exchange,2026-10-04,/39/id,"""3579""",https://api.llama.fi/cexs,"""Snapshot al momento del prelievo; non ricostruisce lo stato di ieri.""",Licenza dei dati terzi non verificata come aperta: valgono i termini della fonte; accesso pubblico non equivale a diritto di ripubblicazione. Codice locale originale CC0; nessuna nuova licenza applicata ai dati.,,Fonti originali,Licenza dei dati terzi non verificata come aperta: valgono i termini della fonte; accesso pubblico non equivale a diritto di ripubblicazione. Codice locale originale CC0; nessuna nuova licenza applicata ai dati.
riserve_exchange,2026-10-04,/39/name,"""BTSE""",https://api.llama.fi/cexs,"""Snapshot al momento del prelievo; non ricostruisce lo stato di ieri.""",Licenza dei dati terzi non verificata come aperta: valgono i termini della fonte; accesso pubblico non equivale a diritto di ripubblicazione. Codice locale originale CC0; nessuna nuova licenza applicata ai dati.,,Fonti originali,Licenza dei dati terzi non verificata come aperta: valgono i termini della fonte; accesso pubblico non equivale a diritto di ripubblicazione. Codice locale originale CC0; nessuna nuova licenza applicata ai dati.
riserve_exchange,2026-10-04,/39/walletsLink,null,https://api.llama.fi/cexs,"""Snapshot al momento del prelievo; non ricostruisce lo stato di ieri.""",Licenza dei dati terzi non verificata come aperta: valgono i termini della fonte; accesso pubblico non equivale a diritto di ripubblicazione. Codice locale originale CC0; nessuna nuova licenza applicata ai dati.,,Fonti originali,Licenza dei dati terzi non verificata come aperta: valgono i termini della fonte; accesso pubblico non equivale a diritto di ripubblicazione. Codice locale originale CC0; nessuna nuova licenza applicata ai dati.
riserve_exchange,2026-10-04,/39/currentTvl,1721248.9549601406,https://api.llama.fi/cexs,"""Snapshot al momento del prelievo; non ricostruisce lo stato di ieri.""",Licenza dei dati terzi non verificata come aperta: valgono i termini della fonte; accesso pubblico non equivale a diritto di ripubblicazione. Codice locale originale CC0; nessuna nuova licenza applicata ai dati.,,Fonti originali,Licenza dei dati terzi non verificata come aperta: valgono i termini della fonte; accesso pubblico non equivale a diritto di ripubblicazione. Codice locale originale CC0; nessuna nuova licenza applicata ai dati.
riserve_exchange,2026-10-04,/39/cleanAssetsTvl,1721248.9549601406,https://api.llama.fi/cexs,"""Snapshot al momento del prelievo; non ricostruisce lo stato di ieri.""",Licenza dei dati terzi non verificata come aperta: valgono i termini della fonte; accesso pubblico non equivale a diritto di ripubblicazione. Codice locale originale CC0; nessuna nuova licenza applicata ai dati.,,Fonti originali,Licenza dei dati terzi non verificata come aperta: valgono i termini della fonte; accesso pubblico non equivale a diritto di ripubblicazione. Codice locale originale CC0; nessuna nuova licenza applicata ai dati.
riserve_exchange,2026-10-04,/39/inflows_24h,0,https://api.llama.fi/cexs,"""Snapshot al momento del prelievo; non ricostruisce lo stato di ieri.""",Licenza dei dati terzi non verificata come aperta: valgono i termini della fonte; accesso pubblico non equivale a diritto di ripubblicazione. Codice locale originale CC0; nessuna nuova licenza applicata ai dati.,,Fonti originali,Licenza dei dati terzi non verificata come aperta: valgono i termini della fonte; accesso pubblico non equivale a diritto di ripubblicazione. Codice locale originale CC0; nessuna nuova licenza applicata ai dati.
riserve_exchange,2026-10-04,/39/inflows_1w,0,https://api.llama.fi/cexs,"""Snapshot al momento del prelievo; non ricostruisce lo stato di ieri.""",Licenza dei dati terzi non verificata come aperta: valgono i termini della fonte; accesso pubblico non equivale a diritto di ripubblicazione. Codice locale originale CC0; nessuna nuova licenza applicata ai dati.,,Fonti originali,Licenza dei dati terzi non verificata come aperta: valgono i termini della fonte; accesso pubblico non equivale a diritto di ripubblicazione. Codice locale originale CC0; nessuna nuova licenza applicata ai dati.
riserve_exchange,2026-10-04,/39/inflows_1m,0.2529981388383284,https://api.llama.fi/cexs,"""Snapshot al momento del prelievo; non ricostruisce lo stato di ieri.""",Licenza dei dati terzi non verificata come aperta: valgono i termini della fonte; accesso pubblico non equivale a diritto di ripubblicazione. Codice locale originale CC0; nessuna nuova licenza applicata ai dati.,,Fonti originali,Licenza dei dati terzi non verificata come aperta: valgono i termini della fonte; accesso pubblico non equivale a diritto di ripubblicazione. Codice locale originale CC0; nessuna nuova licenza applicata ai dati.
riserve_exchange,2026-10-04,/40/id,"""4795""",https://api.llama.fi/cexs,"""Snapshot al momento del prelievo; non ricostruisce lo stato di ieri.""",Licenza dei dati terzi non verificata come aperta: valgono i termini della fonte; accesso pubblico non equivale a diritto di ripubblicazione. Codice locale originale CC0; nessuna nuova licenza applicata ai dati.,,Fonti originali,Licenza dei dati terzi non verificata come aperta: valgono i termini della fonte; accesso pubblico non equivale a diritto di ripubblicazione. Codice locale originale CC0; nessuna nuova licenza applicata ai dati.
riserve_exchange,2026-10-04,/40/name,"""HashKey Exchange""",https://api.llama.fi/cexs,"""Snapshot al momento del prelievo; non ricostruisce lo stato di ieri.""",Licenza dei dati terzi non verificata come aperta: valgono i termini della fonte; accesso pubblico non equivale a diritto di ripubblicazione. Codice locale originale CC0; nessuna nuova licenza applicata ai dati.,,Fonti originali,Licenza dei dati terzi non verificata come aperta: valgono i termini della fonte; accesso pubblico non equivale a diritto di ripubblicazione. Codice locale originale CC0; nessuna nuova licenza applicata ai dati.
riserve_exchange,2026-10-04,/40/walletsLink,null,https://api.llama.fi/cexs,"""Snapshot al momento del prelievo; non ricostruisce lo stato di ieri.""",Licenza dei dati terzi non verificata come aperta: valgono i termini della fonte; accesso pubblico non equivale a diritto di ripubblicazione. Codice locale originale CC0; nessuna nuova licenza applicata ai dati.,,Fonti originali,Licenza dei dati terzi non verificata come aperta: valgono i termini della fonte; accesso pubblico non equivale a diritto di ripubblicazione. Codice locale originale CC0; nessuna nuova licenza applicata ai dati.
riserve_exchange,2026-10-04,/40/currentTvl,1722188980.24307,https://api.llama.fi/cexs,"""Snapshot al momento del prelievo; non ricostruisce lo stato di ieri.""",Licenza dei dati terzi non verificata come aperta: valgono i termini della fonte; accesso pubblico non equivale a diritto di ripubblicazione. Codice locale originale CC0; nessuna nuova licenza applicata ai dati.,,Fonti originali,Licenza dei dati terzi non verificata come aperta: valgono i termini della fonte; accesso pubblico non equivale a diritto di ripubblicazione. Codice locale originale CC0; nessuna nuova licenza applicata ai dati.
riserve_exchange,2026-10-04,/40/cleanAssetsTvl,1722188980.24307,https://api.llama.fi/cexs,"""Snapshot al momento del prelievo; non ricostruisce lo stato di ieri.""",Licenza dei dati terzi non verificata come aperta: valgono i termini della fonte; accesso pubblico non equivale a diritto di ripubblicazione. Codice locale originale CC0; nessuna nuova licenza applicata ai dati.,,Fonti originali,Licenza dei dati terzi non verificata come aperta: valgono i termini della fonte; accesso pubblico non equivale a diritto di ripubblicazione. Codice locale originale CC0; nessuna nuova licenza applicata ai dati.
riserve_exchange,2026-10-04,/40/inflows_24h,20036873.42850443,https://api.llama.fi/cexs,"""Snapshot al momento del prelievo; non ricostruisce lo stato di ieri.""",Licenza dei dati terzi non verificata come aperta: valgono i termini della fonte; accesso pubblico non equivale a diritto di ripubblicazione. Codice locale originale CC0; nessuna nuova licenza applicata ai dati.,,Fonti originali,Licenza dei dati terzi non verificata come aperta: valgono i termini della fonte; accesso pubblico non equivale a diritto di ripubblicazione. Codice locale originale CC0; nessuna nuova licenza applicata ai dati.
riserve_exchange,2026-10-04,/40/inflows_1w,-10651285.262825144,https://api.llama.fi/cexs,"""Snapshot al momento del prelievo; non ricostruisce lo stato di ieri.""",Licenza dei dati terzi non verificata come aperta: valgono i termini della fonte; accesso pubblico non equivale a diritto di ripubblicazione. Codice locale originale CC0; nessuna nuova licenza applicata ai dati.,,Fonti originali,Licenza dei dati terzi non verificata come aperta: valgono i termini della fonte; accesso pubblico non equivale a diritto di ripubblicazione. Codice locale originale CC0; nessuna nuova licenza applicata ai dati.
riserve_exchange,2026-10-04,/40/inflows_1m,-85498595.34640665,https://api.llama.fi/cexs,"""Snapshot al momento del prelievo; non ricostruisce lo stato di ieri.""",Licenza dei dati terzi non verificata come aperta: valgono i termini della fonte; accesso pubblico non equivale a diritto di ripubblicazione. Codice locale originale CC0; nessuna nuova licenza applicata ai dati.,,Fonti originali,Licenza dei dati terzi non verificata come aperta: valgono i termini della fonte; accesso pubblico non equivale a diritto di ripubblicazione. Codice locale originale CC0; nessuna nuova licenza applicata ai dati.
riserve_exchange,2026-10-04,/41/id,"""5108""",https://api.llama.fi/cexs,"""Snapshot al momento del prelievo; non ricostruisce lo stato di ieri.""",Licenza dei dati terzi non verificata come aperta: valgono i termini della fonte; accesso pubblico non equivale a diritto di ripubblicazione. Codice locale originale CC0; nessuna nuova licenza applicata ai dati.,,Fonti originali,Licenza dei dati terzi non verificata come aperta: valgono i termini della fonte; accesso pubblico non equivale a diritto di ripubblicazione. Codice locale originale CC0; nessuna nuova licenza applicata ai dati.
riserve_exchange,2026-10-04,/41/name,"""Biconomy.com""",https://api.llama.fi/cexs,"""Snapshot al momento del prelievo; non ricostruisce lo stato di ieri.""",Licenza dei dati terzi non verificata come aperta: valgono i termini della fonte; accesso pubblico non equivale a diritto di ripubblicazione. Codice locale originale CC0; nessuna nuova licenza applicata ai dati.,,Fonti originali,Licenza dei dati terzi non verificata come aperta: valgono i termini della fonte; accesso pubblico non equivale a diritto di ripubblicazione. Codice locale originale CC0; nessuna nuova licenza applicata ai dati.
riserve_exchange,2026-10-04,/41/walletsLink,null,https://api.llama.fi/cexs,"""Snapshot al momento del prelievo; non ricostruisce lo stato di ieri.""",Licenza dei dati terzi non verificata come aperta: valgono i termini della fonte; accesso pubblico non equivale a diritto di ripubblicazione. Codice locale originale CC0; nessuna nuova licenza applicata ai dati.,,Fonti originali,Licenza dei dati terzi non verificata come aperta: valgono i termini della fonte; accesso pubblico non equivale a diritto di ripubblicazione. Codice locale originale CC0; nessuna nuova licenza applicata ai dati.
riserve_exchange,2026-10-04,/41/currentTvl,108763455.79392259,https://api.llama.fi/cexs,"""Snapshot al momento del prelievo; non ricostruisce lo stato di ieri.""",Licenza dei dati terzi non verificata come aperta: valgono i termini della fonte; accesso pubblico non equivale a diritto di ripubblicazione. Codice locale originale CC0; nessuna nuova licenza applicata ai dati.,,Fonti originali,Licenza dei dati terzi non verificata come aperta: valgono i termini della fonte; accesso pubblico non equivale a diritto di ripubblicazione. Codice locale originale CC0; nessuna nuova licenza applicata ai dati.
riserve_exchange,2026-10-04,/41/cleanAssetsTvl,108763455.79392259,https://api.llama.fi/cexs,"""Snapshot al momento del prelievo; non ricostruisce lo stato di ieri.""",Licenza dei dati terzi non verificata come aperta: valgono i termini della fonte; accesso pubblico non equivale a diritto di ripubblicazione. Codice locale originale CC0; nessuna nuova licenza applicata ai dati.,,Fonti originali,Licenza dei dati terzi non verificata come aperta: valgono i termini della fonte; accesso pubblico non equivale a diritto di ripubblicazione. Codice locale originale CC0; nessuna nuova licenza applicata ai dati.
riserve_exchange,2026-10-04,/41/inflows_24h,0,https://api.llama.fi/cexs,"""Snapshot al momento del prelievo; non ricostruisce lo stato di ieri.""",Licenza dei dati terzi non verificata come aperta: valgono i termini della fonte; accesso pubblico non equivale a diritto di ripubblicazione. Codice locale originale CC0; nessuna nuova licenza applicata ai dati.,,Fonti originali,Licenza dei dati terzi non verificata come aperta: valgono i termini della fonte; accesso pubblico non equivale a diritto di ripubblicazione. Codice locale originale CC0; nessuna nuova licenza applicata ai dati.
riserve_exchange,2026-10-04,/41/inflows_1w,86035693.09933701,https://api.llama.fi/cexs,"""Snapshot al momento del prelievo; non ricostruisce lo stato di ieri.""",Licenza dei dati terzi non verificata come aperta: valgono i termini della fonte; accesso pubblico non equivale a diritto di ripubblicazione. Codice locale originale CC0; nessuna nuova licenza applicata ai dati.,,Fonti originali,Licenza dei dati terzi non verificata come aperta: valgono i termini della fonte; accesso pubblico non equivale a diritto di ripubblicazione. Codice locale originale CC0; nessuna nuova licenza applicata ai dati.
riserve_exchange,2026-10-04,/41/inflows_1m,86035693.09933701,https://api.llama.fi/cexs,"""Snapshot al momento del prelievo; non ricostruisce lo stato di ieri.""",Licenza dei dati terzi non verificata come aperta: valgono i termini della fonte; accesso pubblico non equivale a diritto di ripubblicazione. Codice locale originale CC0; nessuna nuova licenza applicata ai dati.,,Fonti originali,Licenza dei dati terzi non verificata come aperta: valgono i termini della fonte; accesso pubblico non equivale a diritto di ripubblicazione. Codice locale originale CC0; nessuna nuova licenza applicata ai dati.
riserve_exchange,2026-10-04,/42/id,"""5112""",https://api.llama.fi/cexs,"""Snapshot al momento del prelievo; non ricostruisce lo stato di ieri.""",Licenza dei dati terzi non verificata come aperta: valgono i termini della fonte; accesso pubblico non equivale a diritto di ripubblicazione. Codice locale originale CC0; nessuna nuova licenza applicata ai dati.,,Fonti originali,Licenza dei dati terzi non verificata come aperta: valgono i termini della fonte; accesso pubblico non equivale a diritto di ripubblicazione. Codice locale originale CC0; nessuna nuova licenza applicata ai dati.
riserve_exchange,2026-10-04,/42/name,"""Pionex""",https://api.llama.fi/cexs,"""Snapshot al momento del prelievo; non ricostruisce lo stato di ieri.""",Licenza dei dati terzi non verificata come aperta: valgono i termini della fonte; accesso pubblico non equivale a diritto di ripubblicazione. Codice locale originale CC0; nessuna nuova licenza applicata ai dati.,,Fonti originali,Licenza dei dati terzi non verificata come aperta: valgono i termini della fonte; accesso pubblico non equivale a diritto di ripubblicazione. Codice locale originale CC0; nessuna nuova licenza applicata ai dati.
riserve_exchange,2026-10-04,/42/walletsLink,null,https://api.llama.fi/cexs,"""Snapshot al momento del prelievo; non ricostruisce lo stato di ieri.""",Licenza dei dati terzi non verificata come aperta: valgono i termini della fonte; accesso pubblico non equivale a diritto di ripubblicazione. Codice locale originale CC0; nessuna nuova licenza applicata ai dati.,,Fonti originali,Licenza dei dati terzi non verificata come aperta: valgono i termini della fonte; accesso pubblico non equivale a diritto di ripubblicazione. Codice locale originale CC0; nessuna nuova licenza applicata ai dati.
riserve_exchange,2026-10-04,/42/currentTvl,130524485.80970182,https://api.llama.fi/cexs,"""Snapshot al momento del prelievo; non ricostruisce lo stato di ieri.""",Licenza dei dati terzi non verificata come aperta: valgono i termini della fonte; accesso pubblico non equivale a diritto di ripubblicazione. Codice locale originale CC0; nessuna nuova licenza applicata ai dati.,,Fonti originali,Licenza dei dati terzi non verificata come aperta: valgono i termini della fonte; accesso pubblico non equivale a diritto di ripubblicazione. Codice locale originale CC0; nessuna nuova licenza applicata ai dati.
riserve_exchange,2026-10-04,/42/cleanAssetsTvl,130524485.80970182,https://api.llama.fi/cexs,"""Snapshot al momento del prelievo; non ricostruisce lo stato di ieri.""",Licenza dei dati terzi non verificata come aperta: valgono i termini della fonte; accesso pubblico non equivale a diritto di ripubblicazione. Codice locale originale CC0; nessuna nuova licenza applicata ai dati.,,Fonti originali,Licenza dei dati terzi non verificata come aperta: valgono i termini della fonte; accesso pubblico non equivale a diritto di ripubblicazione. Codice locale originale CC0; nessuna nuova licenza applicata ai dati.
riserve_exchange,2026-10-04,/42/inflows_24h,319365.9273212456,https://api.llama.fi/cexs,"""Snapshot al momento del prelievo; non ricostruisce lo stato di ieri.""",Licenza dei dati terzi non verificata come aperta: valgono i termini della fonte; accesso pubblico non equivale a diritto di ripubblicazione. Codice locale originale CC0; nessuna nuova licenza applicata ai dati.,,Fonti originali,Licenza dei dati terzi non verificata come aperta: valgono i termini della fonte; accesso pubblico non equivale a diritto di ripubblicazione. Codice locale originale CC0; nessuna nuova licenza applicata ai dati.
riserve_exchange,2026-10-04,/42/inflows_1w,1251699.2662713556,https://api.llama.fi/cexs,"""Snapshot al momento del prelievo; non ricostruisce lo stato di ieri.""",Licenza dei dati terzi non verificata come aperta: valgono i termini della fonte; accesso pubblico non equivale a diritto di ripubblicazione. Codice locale originale CC0; nessuna nuova licenza applicata ai dati.,,Fonti originali,Licenza dei dati terzi non verificata come aperta: valgono i termini della fonte; accesso pubblico non equivale a diritto di ripubblicazione. Codice locale originale CC0; nessuna nuova licenza applicata ai dati.
riserve_exchange,2026-10-04,/42/inflows_1m,-272917.21291129105,https://api.llama.fi/cexs,"""Snapshot al momento del prelievo; non ricostruisce lo stato di ieri.""",Licenza dei dati terzi non verificata come aperta: valgono i termini della fonte; accesso pubblico non equivale a diritto di ripubblicazione. Codice locale originale CC0; nessuna nuova licenza applicata ai dati.,,Fonti originali,Licenza dei dati terzi non verificata come aperta: valgono i termini della fonte; accesso pubblico non equivale a diritto di ripubblicazione. Codice locale originale CC0; nessuna nuova licenza applicata ai dati.
riserve_exchange,2026-10-04,/43/id,"""5053""",https://api.llama.fi/cexs,"""Snapshot al momento del prelievo; non ricostruisce lo stato di ieri.""",Licenza dei dati terzi non verificata come aperta: valgono i termini della fonte; accesso pubblico non equivale a diritto di ripubblicazione. Codice locale originale CC0; nessuna nuova licenza applicata ai dati.,,Fonti originali,Licenza dei dati terzi non verificata come aperta: valgono i termini della fonte; accesso pubblico non equivale a diritto di ripubblicazione. Codice locale originale CC0; nessuna nuova licenza applicata ai dati.
riserve_exchange,2026-10-04,/43/name,"""Bitunix""",https://api.llama.fi/cexs,"""Snapshot al momento del prelievo; non ricostruisce lo stato di ieri.""",Licenza dei dati terzi non verificata come aperta: valgono i termini della fonte; accesso pubblico non equivale a diritto di ripubblicazione. Codice locale originale CC0; nessuna nuova licenza applicata ai dati.,,Fonti originali,Licenza dei dati terzi non verificata come aperta: valgono i termini della fonte; accesso pubblico non equivale a diritto di ripubblicazione. Codice locale originale CC0; nessuna nuova licenza applicata ai dati.
riserve_exchange,2026-10-04,/43/walletsLink,"""https://support.bitunix.com/hc/en-us/articles/36928276763289-Bitunix-Launching-Proof-or-Reserve-to-Improve-Transparency""",https://api.llama.fi/cexs,"""Snapshot al momento del prelievo; non ricostruisce lo stato di ieri.""",Licenza dei dati terzi non verificata come aperta: valgono i termini della fonte; accesso pubblico non equivale a diritto di ripubblicazione. Codice locale originale CC0; nessuna nuova licenza applicata ai dati.,,Fonti originali,Licenza dei dati terzi non verificata come aperta: valgono i termini della fonte; accesso pubblico non equivale a diritto di ripubblicazione. Codice locale originale CC0; nessuna nuova licenza applicata ai dati.
riserve_exchange,2026-10-04,/43/currentTvl,237495541.9676605,https://api.llama.fi/cexs,"""Snapshot al momento del prelievo; non ricostruisce lo stato di ieri.""",Licenza dei dati terzi non verificata come aperta: valgono i termini della fonte; accesso pubblico non equivale a diritto di ripubblicazione. Codice locale originale CC0; nessuna nuova licenza applicata ai dati.,,Fonti originali,Licenza dei dati terzi non verificata come aperta: valgono i termini della fonte; accesso pubblico non equivale a diritto di ripubblicazione. Codice locale originale CC0; nessuna nuova licenza applicata ai dati.
riserve_exchange,2026-10-04,/43/cleanAssetsTvl,237495541.9676605,https://api.llama.fi/cexs,"""Snapshot al momento del prelievo; non ricostruisce lo stato di ieri.""",Licenza dei dati terzi non verificata come aperta: valgono i termini della fonte; accesso pubblico non equivale a diritto di ripubblicazione. Codice locale originale CC0; nessuna nuova licenza applicata ai dati.,,Fonti originali,Licenza dei dati terzi non verificata come aperta: valgono i termini della fonte; accesso pubblico non equivale a diritto di ripubblicazione. Codice locale originale CC0; nessuna nuova licenza applicata ai dati.
riserve_exchange,2026-10-04,/43/inflows_24h,-7859724.418378245,https://api.llama.fi/cexs,"""Snapshot al momento del prelievo; non ricostruisce lo stato di ieri.""",Licenza dei dati terzi non verificata come aperta: valgono i termini della fonte; accesso pubblico non equivale a diritto di ripubblicazione. Codice locale originale CC0; nessuna nuova licenza applicata ai dati.,,Fonti originali,Licenza dei dati terzi non verificata come aperta: valgono i termini della fonte; accesso pubblico non equivale a diritto di ripubblicazione. Codice locale originale CC0; nessuna nuova licenza applicata ai dati.
riserve_exchange,2026-10-04,/43/inflows_1w,-37486623.87867805,https://api.llama.fi/cexs,"""Snapshot al momento del prelievo; non ricostruisce lo stato di ieri.""",Licenza dei dati terzi non verificata come aperta: valgono i termini della fonte; accesso pubblico non equivale a diritto di ripubblicazione. Codice locale originale CC0; nessuna nuova licenza applicata ai dati.,,Fonti originali,Licenza dei dati terzi non verificata come aperta: valgono i termini della fonte; accesso pubblico non equivale a diritto di ripubblicazione. Codice locale originale CC0; nessuna nuova licenza applicata ai dati.
riserve_exchange,2026-10-04,/43/inflows_1m,-28005081.39896892,https://api.llama.fi/cexs,"""Snapshot al momento del prelievo; non ricostruisce lo stato di ieri.""",Licenza dei dati terzi non verificata come aperta: valgono i termini della fonte; accesso pubblico non equivale a diritto di ripubblicazione. Codice locale originale CC0; nessuna nuova licenza applicata ai dati.,,Fonti originali,Licenza dei dati terzi non verificata come aperta: valgono i termini della fonte; accesso pubblico non equivale a diritto di ripubblicazione. Codice locale originale CC0; nessuna nuova licenza applicata ai dati.
riserve_exchange,2026-10-04,/44/id,"""5045""",https://api.llama.fi/cexs,"""Snapshot al momento del prelievo; non ricostruisce lo stato di ieri.""",Licenza dei dati terzi non verificata come aperta: valgono i termini della fonte; accesso pubblico non equivale a diritto di ripubblicazione. Codice locale originale CC0; nessuna nuova licenza applicata ai dati.,,Fonti originali,Licenza dei dati terzi non verificata come aperta: valgono i termini della fonte; accesso pubblico non equivale a diritto di ripubblicazione. Codice locale originale CC0; nessuna nuova licenza applicata ai dati.
riserve_exchange,2026-10-04,/44/name,"""BloFin""",https://api.llama.fi/cexs,"""Snapshot al momento del prelievo; non ricostruisce lo stato di ieri.""",Licenza dei dati terzi non verificata come aperta: valgono i termini della fonte; accesso pubblico non equivale a diritto di ripubblicazione. Codice locale originale CC0; nessuna nuova licenza applicata ai dati.,,Fonti originali,Licenza dei dati terzi non verificata come aperta: valgono i termini della fonte; accesso pubblico non equivale a diritto di ripubblicazione. Codice locale originale CC0; nessuna nuova licenza applicata ai dati.
riserve_exchange,2026-10-04,/44/walletsLink,null,https://api.llama.fi/cexs,"""Snapshot al momento del prelievo; non ricostruisce lo stato di ieri.""",Licenza dei dati terzi non verificata come aperta: valgono i termini della fonte; accesso pubblico non equivale a diritto di ripubblicazione. Codice locale originale CC0; nessuna nuova licenza applicata ai dati.,,Fonti originali,Licenza dei dati terzi non verificata come aperta: valgono i termini della fonte; accesso pubblico non equivale a diritto di ripubblicazione. Codice locale originale CC0; nessuna nuova licenza applicata ai dati.
riserve_exchange,2026-10-04,/44/currentTvl,105232282.86101003,https://api.llama.fi/cexs,"""Snapshot al momento del prelievo; non ricostruisce lo stato di ieri.""",Licenza dei dati terzi non verificata come aperta: valgono i termini della fonte; accesso pubblico non equivale a diritto di ripubblicazione. Codice locale originale CC0; nessuna nuova licenza applicata ai dati.,,Fonti originali,Licenza dei dati terzi non verificata come aperta: valgono i termini della fonte; accesso pubblico non equivale a diritto di ripubblicazione. Codice locale originale CC0; nessuna nuova licenza applicata ai dati.
riserve_exchange,2026-10-04,/44/cleanAssetsTvl,105232282.86101003,https://api.llama.fi/cexs,"""Snapshot al momento del prelievo; non ricostruisce lo stato di ieri.""",Licenza dei dati terzi non verificata come aperta: valgono i termini della fonte; accesso pubblico non equivale a diritto di ripubblicazione. Codice locale originale CC0; nessuna nuova licenza applicata ai dati.,,Fonti originali,Licenza dei dati terzi non verificata come aperta: valgono i termini della fonte; accesso pubblico non equivale a diritto di ripubblicazione. Codice locale originale CC0; nessuna nuova licenza applicata ai dati.
riserve_exchange,2026-10-04,/44/inflows_24h,1323842.0801755195,https://api.llama.fi/cexs,"""Snapshot al momento del prelievo; non ricostruisce lo stato di ieri.""",Licenza dei dati terzi non verificata come aperta: valgono i termini della fonte; accesso pubblico non equivale a diritto di ripubblicazione. Codice locale originale CC0; nessuna nuova licenza applicata ai dati.,,Fonti originali,Licenza dei dati terzi non verificata come aperta: valgono i termini della fonte; accesso pubblico non equivale a diritto di ripubblicazione. Codice locale originale CC0; nessuna nuova licenza applicata ai dati.
riserve_exchange,2026-10-04,/44/inflows_1w,2027514.5976227701,https://api.llama.fi/cexs,"""Snapshot al momento del prelievo; non ricostruisce lo stato di ieri.""",Licenza dei dati terzi non verificata come aperta: valgono i termini della fonte; accesso pubblico non equivale a diritto di ripubblicazione. Codice locale originale CC0; nessuna nuova licenza applicata ai dati.,,Fonti originali,Licenza dei dati terzi non verificata come aperta: valgono i termini della fonte; accesso pubblico non equivale a diritto di ripubblicazione. Codice locale originale CC0; nessuna nuova licenza applicata ai dati.
riserve_exchange,2026-10-04,/44/inflows_1m,-2416595.824832411,https://api.llama.fi/cexs,"""Snapshot al momento del prelievo; non ricostruisce lo stato di ieri.""",Licenza dei dati terzi non verificata come aperta: valgono i termini della fonte; accesso pubblico non equivale a diritto di ripubblicazione. Codice locale originale CC0; nessuna nuova licenza applicata ai dati.,,Fonti originali,Licenza dei dati terzi non verificata come aperta: valgono i termini della fonte; accesso pubblico non equivale a diritto di ripubblicazione. Codice locale originale CC0; nessuna nuova licenza applicata ai dati.
riserve_exchange,2026-10-04,/45/id,"""4266""",https://api.llama.fi/cexs,"""Snapshot al momento del prelievo; non ricostruisce lo stato di ieri.""",Licenza dei dati terzi non verificata come aperta: valgono i termini della fonte; accesso pubblico non equivale a diritto di ripubblicazione. Codice locale originale CC0; nessuna nuova licenza applicata ai dati.,,Fonti originali,Licenza dei dati terzi non verificata come aperta: valgono i termini della fonte; accesso pubblico non equivale a diritto di ripubblicazione. Codice locale originale CC0; nessuna nuova licenza applicata ai dati.
riserve_exchange,2026-10-04,/45/name,"""Backpack""",https://api.llama.fi/cexs,"""Snapshot al momento del prelievo; non ricostruisce lo stato di ieri.""",Licenza dei dati terzi non verificata come aperta: valgono i termini della fonte; accesso pubblico non equivale a diritto di ripubblicazione. Codice locale originale CC0; nessuna nuova licenza applicata ai dati.,,Fonti originali,Licenza dei dati terzi non verificata come aperta: valgono i termini della fonte; accesso pubblico non equivale a diritto di ripubblicazione. Codice locale originale CC0; nessuna nuova licenza applicata ai dati.
riserve_exchange,2026-10-04,/45/walletsLink,"""https://dune.com/21co/backpack-exchange""",https://api.llama.fi/cexs,"""Snapshot al momento del prelievo; non ricostruisce lo stato di ieri.""",Licenza dei dati terzi non verificata come aperta: valgono i termini della fonte; accesso pubblico non equivale a diritto di ripubblicazione. Codice locale originale CC0; nessuna nuova licenza applicata ai dati.,,Fonti originali,Licenza dei dati terzi non verificata come aperta: valgono i termini della fonte; accesso pubblico non equivale a diritto di ripubblicazione. Codice locale originale CC0; nessuna nuova licenza applicata ai dati.
riserve_exchange,2026-10-04,/45/currentTvl,613292435.0669823,https://api.llama.fi/cexs,"""Snapshot al momento del prelievo; non ricostruisce lo stato di ieri.""",Licenza dei dati terzi non verificata come aperta: valgono i termini della fonte; accesso pubblico non equivale a diritto di ripubblicazione. Codice locale originale CC0; nessuna nuova licenza applicata ai dati.,,Fonti originali,Licenza dei dati terzi non verificata come aperta: valgono i termini della fonte; accesso pubblico non equivale a diritto di ripubblicazione. Codice locale originale CC0; nessuna nuova licenza applicata ai dati.
riserve_exchange,2026-10-04,/45/cleanAssetsTvl,613292435.0669823,https://api.llama.fi/cexs,"""Snapshot al momento del prelievo; non ricostruisce lo stato di ieri.""",Licenza dei dati terzi non verificata come aperta: valgono i termini della fonte; accesso pubblico non equivale a diritto di ripubblicazione. Codice locale originale CC0; nessuna nuova licenza applicata ai dati.,,Fonti originali,Licenza dei dati terzi non verificata come aperta: valgono i termini della fonte; accesso pubblico non equivale a diritto di ripubblicazione. Codice locale originale CC0; nessuna nuova licenza applicata ai dati.
riserve_exchange,2026-10-04,/45/inflows_24h,-1636827.5506079972,https://api.llama.fi/cexs,"""Snapshot al momento del prelievo; non ricostruisce lo stato di ieri.""",Licenza dei dati terzi non verificata come aperta: valgono i termini della fonte; accesso pubblico non equivale a diritto di ripubblicazione. Codice locale originale CC0; nessuna nuova licenza applicata ai dati.,,Fonti originali,Licenza dei dati terzi non verificata come aperta: valgono i termini della fonte; accesso pubblico non equivale a diritto di ripubblicazione. Codice locale originale CC0; nessuna nuova licenza applicata ai dati.
riserve_exchange,2026-10-04,/45/inflows_1w,-2553642.279142906,https://api.llama.fi/cexs,"""Snapshot al momento del prelievo; non ricostruisce lo stato di ieri.""",Licenza dei dati terzi non verificata come aperta: valgono i termini della fonte; accesso pubblico non equivale a diritto di ripubblicazione. Codice locale originale CC0; nessuna nuova licenza applicata ai dati.,,Fonti originali,Licenza dei dati terzi non verificata come aperta: valgono i termini della fonte; accesso pubblico non equivale a diritto di ripubblicazione. Codice locale originale CC0; nessuna nuova licenza applicata ai dati.
riserve_exchange,2026-10-04,/45/inflows_1m,-6365329.674236287,https://api.llama.fi/cexs,"""Snapshot al momento del prelievo; non ricostruisce lo stato di ieri.""",Licenza dei dati terzi non verificata come aperta: valgono i termini della fonte; accesso pubblico non equivale a diritto di ripubblicazione. Codice locale originale CC0; nessuna nuova licenza applicata ai dati.,,Fonti originali,Licenza dei dati terzi non verificata come aperta: valgono i termini della fonte; accesso pubblico non equivale a diritto di ripubblicazione. Codice locale originale CC0; nessuna nuova licenza applicata ai dati.
riserve_exchange,2026-10-04,/46/id,"""5988""",https://api.llama.fi/cexs,"""Snapshot al momento del prelievo; non ricostruisce lo stato di ieri.""",Licenza dei dati terzi non verificata come aperta: valgono i termini della fonte; accesso pubblico non equivale a diritto di ripubblicazione. Codice locale originale CC0; nessuna nuova licenza applicata ai dati.,,Fonti originali,Licenza dei dati terzi non verificata come aperta: valgono i termini della fonte; accesso pubblico non equivale a diritto di ripubblicazione. Codice locale originale CC0; nessuna nuova licenza applicata ai dati.
riserve_exchange,2026-10-04,/46/name,"""Hotcoin""",https://api.llama.fi/cexs,"""Snapshot al momento del prelievo; non ricostruisce lo stato di ieri.""",Licenza dei dati terzi non verificata come aperta: valgono i termini della fonte; accesso pubblico non equivale a diritto di ripubblicazione. Codice locale originale CC0; nessuna nuova licenza applicata ai dati.,,Fonti originali,Licenza dei dati terzi non verificata come aperta: valgono i termini della fonte; accesso pubblico non equivale a diritto di ripubblicazione. Codice locale originale CC0; nessuna nuova licenza applicata ai dati.
riserve_exchange,2026-10-04,/46/walletsLink,null,https://api.llama.fi/cexs,"""Snapshot al momento del prelievo; non ricostruisce lo stato di ieri.""",Licenza dei dati terzi non verificata come aperta: valgono i termini della fonte; accesso pubblico non equivale a diritto di ripubblicazione. Codice locale originale CC0; nessuna nuova licenza applicata ai dati.,,Fonti originali,Licenza dei dati terzi non verificata come aperta: valgono i termini della fonte; accesso pubblico non equivale a diritto di ripubblicazione. Codice locale originale CC0; nessuna nuova licenza applicata ai dati.
riserve_exchange,2026-10-04,/46/currentTvl,1946054.8575276486,https://api.llama.fi/cexs,"""Snapshot al momento del prelievo; non ricostruisce lo stato di ieri.""",Licenza dei dati terzi non verificata come aperta: valgono i termini della fonte; accesso pubblico non equivale a diritto di ripubblicazione. Codice locale originale CC0; nessuna nuova licenza applicata ai dati.,,Fonti originali,Licenza dei dati terzi non verificata come aperta: valgono i termini della fonte; accesso pubblico non equivale a diritto di ripubblicazione. Codice locale originale CC0; nessuna nuova licenza applicata ai dati.
riserve_exchange,2026-10-04,/46/cleanAssetsTvl,1946054.8575276486,https://api.llama.fi/cexs,"""Snapshot al momento del prelievo; non ricostruisce lo stato di ieri.""",Licenza dei dati terzi non verificata come aperta: valgono i termini della fonte; accesso pubblico non equivale a diritto di ripubblicazione. Codice locale originale CC0; nessuna nuova licenza applicata ai dati.,,Fonti originali,Licenza dei dati terzi non verificata come aperta: valgono i termini della fonte; accesso pubblico non equivale a diritto di ripubblicazione. Codice locale originale CC0; nessuna nuova licenza applicata ai dati.
riserve_exchange,2026-10-04,/46/inflows_24h,-68367.43841614088,https://api.llama.fi/cexs,"""Snapshot al momento del prelievo; non ricostruisce lo stato di ieri.""",Licenza dei dati terzi non verificata come aperta: valgono i termini della fonte; accesso pubblico non equivale a diritto di ripubblicazione. Codice locale originale CC0; nessuna nuova licenza applicata ai dati.,,Fonti originali,Licenza dei dati terzi non verificata come aperta: valgono i termini della fonte; accesso pubblico non equivale a diritto di ripubblicazione. Codice locale originale CC0; nessuna nuova licenza applicata ai dati.
riserve_exchange,2026-10-04,/46/inflows_1w,192143.11624677945,https://api.llama.fi/cexs,"""Snapshot al momento del prelievo; non ricostruisce lo stato di ieri.""",Licenza dei dati terzi non verificata come aperta: valgono i termini della fonte; accesso pubblico non equivale a diritto di ripubblicazione. Codice locale originale CC0; nessuna nuova licenza applicata ai dati.,,Fonti originali,Licenza dei dati terzi non verificata come aperta: valgono i termini della fonte; accesso pubblico non equivale a diritto di ripubblicazione. Codice locale originale CC0; nessuna nuova licenza applicata ai dati.
riserve_exchange,2026-10-04,/46/inflows_1m,-378504.904428759,https://api.llama.fi/cexs,"""Snapshot al momento del prelievo; non ricostruisce lo stato di ieri.""",Licenza dei dati terzi non verificata come aperta: valgono i termini della fonte; accesso pubblico non equivale a diritto di ripubblicazione. Codice locale originale CC0; nessuna nuova licenza applicata ai dati.,,Fonti originali,Licenza dei dati terzi non verificata come aperta: valgono i termini della fonte; accesso pubblico non equivale a diritto di ripubblicazione. Codice locale originale CC0; nessuna nuova licenza applicata ai dati.
riserve_exchange,2026-10-04,/47/id,"""5342""",https://api.llama.fi/cexs,"""Snapshot al momento del prelievo; non ricostruisce lo stato di ieri.""",Licenza dei dati terzi non verificata come aperta: valgono i termini della fonte; accesso pubblico non equivale a diritto di ripubblicazione. Codice locale originale CC0; nessuna nuova licenza applicata ai dati.,,Fonti originali,Licenza dei dati terzi non verificata come aperta: valgono i termini della fonte; accesso pubblico non equivale a diritto di ripubblicazione. Codice locale originale CC0; nessuna nuova licenza applicata ai dati.
riserve_exchange,2026-10-04,/47/name,"""Ourbit""",https://api.llama.fi/cexs,"""Snapshot al momento del prelievo; non ricostruisce lo stato di ieri.""",Licenza dei dati terzi non verificata come aperta: valgono i termini della fonte; accesso pubblico non equivale a diritto di ripubblicazione. Codice locale originale CC0; nessuna nuova licenza applicata ai dati.,,Fonti originali,Licenza dei dati terzi non verificata come aperta: valgono i termini della fonte; accesso pubblico non equivale a diritto di ripubblicazione. Codice locale originale CC0; nessuna nuova licenza applicata ai dati.
riserve_exchange,2026-10-04,/47/walletsLink,"""https://www.ourbit.com/assets/reserve-proof""",https://api.llama.fi/cexs,"""Snapshot al momento del prelievo; non ricostruisce lo stato di ieri.""",Licenza dei dati terzi non verificata come aperta: valgono i termini della fonte; accesso pubblico non equivale a diritto di ripubblicazione. Codice locale originale CC0; nessuna nuova licenza applicata ai dati.,,Fonti originali,Licenza dei dati terzi non verificata come aperta: valgono i termini della fonte; accesso pubblico non equivale a diritto di ripubblicazione. Codice locale originale CC0; nessuna nuova licenza applicata ai dati.
riserve_exchange,2026-10-04,/47/currentTvl,124044424.2470713,https://api.llama.fi/cexs,"""Snapshot al momento del prelievo; non ricostruisce lo stato di ieri.""",Licenza dei dati terzi non verificata come aperta: valgono i termini della fonte; accesso pubblico non equivale a diritto di ripubblicazione. Codice locale originale CC0; nessuna nuova licenza applicata ai dati.,,Fonti originali,Licenza dei dati terzi non verificata come aperta: valgono i termini della fonte; accesso pubblico non equivale a diritto di ripubblicazione. Codice locale originale CC0; nessuna nuova licenza applicata ai dati.
riserve_exchange,2026-10-04,/47/cleanAssetsTvl,124044424.2470713,https://api.llama.fi/cexs,"""Snapshot al momento del prelievo; non ricostruisce lo stato di ieri.""",Licenza dei dati terzi non verificata come aperta: valgono i termini della fonte; accesso pubblico non equivale a diritto di ripubblicazione. Codice locale originale CC0; nessuna nuova licenza applicata ai dati.,,Fonti originali,Licenza dei dati terzi non verificata come aperta: valgono i termini della fonte; accesso pubblico non equivale a diritto di ripubblicazione. Codice locale originale CC0; nessuna nuova licenza applicata ai dati.
riserve_exchange,2026-10-04,/47/inflows_24h,77067.36225621247,https://api.llama.fi/cexs,"""Snapshot al momento del prelievo; non ricostruisce lo stato di ieri.""",Licenza dei dati terzi non verificata come aperta: valgono i termini della fonte; accesso pubblico non equivale a diritto di ripubblicazione. Codice locale originale CC0; nessuna nuova licenza applicata ai dati.,,Fonti originali,Licenza dei dati terzi non verificata come aperta: valgono i termini della fonte; accesso pubblico non equivale a diritto di ripubblicazione. Codice locale originale CC0; nessuna nuova licenza applicata ai dati.
riserve_exchange,2026-10-04,/47/inflows_1w,46904968.26656062,https://api.llama.fi/cexs,"""Snapshot al momento del prelievo; non ricostruisce lo stato di ieri.""",Licenza dei dati terzi non verificata come aperta: valgono i termini della fonte; accesso pubblico non equivale a diritto di ripubblicazione. Codice locale originale CC0; nessuna nuova licenza applicata ai dati.,,Fonti originali,Licenza dei dati terzi non verificata come aperta: valgono i termini della fonte; accesso pubblico non equivale a diritto di ripubblicazione. Codice locale originale CC0; nessuna nuova licenza applicata ai dati.
riserve_exchange,2026-10-04,/47/inflows_1m,48508461.426045775,https://api.llama.fi/cexs,"""Snapshot al momento del prelievo; non ricostruisce lo stato di ieri.""",Licenza dei dati terzi non verificata come aperta: valgono i termini della fonte; accesso pubblico non equivale a diritto di ripubblicazione. Codice locale originale CC0; nessuna nuova licenza applicata ai dati.,,Fonti originali,Licenza dei dati terzi non verificata come aperta: valgono i termini della fonte; accesso pubblico non equivale a diritto di ripubblicazione. Codice locale originale CC0; nessuna nuova licenza applicata ai dati.
riserve_exchange,2026-10-04,/48/id,"""6443""",https://api.llama.fi/cexs,"""Snapshot al momento del prelievo; non ricostruisce lo stato di ieri.""",Licenza dei dati terzi non verificata come aperta: valgono i termini della fonte; accesso pubblico non equivale a diritto di ripubblicazione. Codice locale originale CC0; nessuna nuova licenza applicata ai dati.,,Fonti originali,Licenza dei dati terzi non verificata come aperta: valgono i termini della fonte; accesso pubblico non equivale a diritto di ripubblicazione. Codice locale originale CC0; nessuna nuova licenza applicata ai dati.
riserve_exchange,2026-10-04,/48/name,"""Indodax""",https://api.llama.fi/cexs,"""Snapshot al momento del prelievo; non ricostruisce lo stato di ieri.""",Licenza dei dati terzi non verificata come aperta: valgono i termini della fonte; accesso pubblico non equivale a diritto di ripubblicazione. Codice locale originale CC0; nessuna nuova licenza applicata ai dati.,,Fonti originali,Licenza dei dati terzi non verificata come aperta: valgono i termini della fonte; accesso pubblico non equivale a diritto di ripubblicazione. Codice locale originale CC0; nessuna nuova licenza applicata ai dati.
riserve_exchange,2026-10-04,/48/walletsLink,null,https://api.llama.fi/cexs,"""Snapshot al momento del prelievo; non ricostruisce lo stato di ieri.""",Licenza dei dati terzi non verificata come aperta: valgono i termini della fonte; accesso pubblico non equivale a diritto di ripubblicazione. Codice locale originale CC0; nessuna nuova licenza applicata ai dati.,,Fonti originali,Licenza dei dati terzi non verificata come aperta: valgono i termini della fonte; accesso pubblico non equivale a diritto di ripubblicazione. Codice locale originale CC0; nessuna nuova licenza applicata ai dati.
riserve_exchange,2026-10-04,/48/currentTvl,537072847.2923865,https://api.llama.fi/cexs,"""Snapshot al momento del prelievo; non ricostruisce lo stato di ieri.""",Licenza dei dati terzi non verificata come aperta: valgono i termini della fonte; accesso pubblico non equivale a diritto di ripubblicazione. Codice locale originale CC0; nessuna nuova licenza applicata ai dati.,,Fonti originali,Licenza dei dati terzi non verificata come aperta: valgono i termini della fonte; accesso pubblico non equivale a diritto di ripubblicazione. Codice locale originale CC0; nessuna nuova licenza applicata ai dati.
riserve_exchange,2026-10-04,/48/cleanAssetsTvl,537072847.2923865,https://api.llama.fi/cexs,"""Snapshot al momento del prelievo; non ricostruisce lo stato di ieri.""",Licenza dei dati terzi non verificata come aperta: valgono i termini della fonte; accesso pubblico non equivale a diritto di ripubblicazione. Codice locale originale CC0; nessuna nuova licenza applicata ai dati.,,Fonti originali,Licenza dei dati terzi non verificata come aperta: valgono i termini della fonte; accesso pubblico non equivale a diritto di ripubblicazione. Codice locale originale CC0; nessuna nuova licenza applicata ai dati.
riserve_exchange,2026-10-04,/48/inflows_24h,-2091725.3944459623,https://api.llama.fi/cexs,"""Snapshot al momento del prelievo; non ricostruisce lo stato di ieri.""",Licenza dei dati terzi non verificata come aperta: valgono i termini della fonte; accesso pubblico non equivale a diritto di ripubblicazione. Codice locale originale CC0; nessuna nuova licenza applicata ai dati.,,Fonti originali,Licenza dei dati terzi non verificata come aperta: valgono i termini della fonte; accesso pubblico non equivale a diritto di ripubblicazione. Codice locale originale CC0; nessuna nuova licenza applicata ai dati.
riserve_exchange,2026-10-04,/48/inflows_1w,2164838.4576150365,https://api.llama.fi/cexs,"""Snapshot al momento del prelievo; non ricostruisce lo stato di ieri.""",Licenza dei dati terzi non verificata come aperta: valgono i termini della fonte; accesso pubblico non equivale a diritto di ripubblicazione. Codice locale originale CC0; nessuna nuova licenza applicata ai dati.,,Fonti originali,Licenza dei dati terzi non verificata come aperta: valgono i termini della fonte; accesso pubblico non equivale a diritto di ripubblicazione. Codice locale originale CC0; nessuna nuova licenza applicata ai dati.
riserve_exchange,2026-10-04,/48/inflows_1m,-2081775.554147231,https://api.llama.fi/cexs,"""Snapshot al momento del prelievo; non ricostruisce lo stato di ieri.""",Licenza dei dati terzi non verificata come aperta: valgono i termini della fonte; accesso pubblico non equivale a diritto di ripubblicazione. Codice locale originale CC0; nessuna nuova licenza applicata ai dati.,,Fonti originali,Licenza dei dati terzi non verificata come aperta: valgono i termini della fonte; accesso pubblico non equivale a diritto di ripubblicazione. Codice locale originale CC0; nessuna nuova licenza applicata ai dati.
riserve_exchange,2026-10-04,/49/id,"""6456""",https://api.llama.fi/cexs,"""Snapshot al momento del prelievo; non ricostruisce lo stato di ieri.""",Licenza dei dati terzi non verificata come aperta: valgono i termini della fonte; accesso pubblico non equivale a diritto di ripubblicazione. Codice locale originale CC0; nessuna nuova licenza applicata ai dati.,,Fonti originali,Licenza dei dati terzi non verificata come aperta: valgono i termini della fonte; accesso pubblico non equivale a diritto di ripubblicazione. Codice locale originale CC0; nessuna nuova licenza applicata ai dati.
riserve_exchange,2026-10-04,/49/name,"""Tothemoon""",https://api.llama.fi/cexs,"""Snapshot al momento del prelievo; non ricostruisce lo stato di ieri.""",Licenza dei dati terzi non verificata come aperta: valgono i termini della fonte; accesso pubblico non equivale a diritto di ripubblicazione. Codice locale originale CC0; nessuna nuova licenza applicata ai dati.,,Fonti originali,Licenza dei dati terzi non verificata come aperta: valgono i termini della fonte; accesso pubblico non equivale a diritto di ripubblicazione. Codice locale originale CC0; nessuna nuova licenza applicata ai dati.
riserve_exchange,2026-10-04,/49/walletsLink,null,https://api.llama.fi/cexs,"""Snapshot al momento del prelievo; non ricostruisce lo stato di ieri.""",Licenza dei dati terzi non verificata come aperta: valgono i termini della fonte; accesso pubblico non equivale a diritto di ripubblicazione. Codice locale originale CC0; nessuna nuova licenza applicata ai dati.,,Fonti originali,Licenza dei dati terzi non verificata come aperta: valgono i termini della fonte; accesso pubblico non equivale a diritto di ripubblicazione. Codice locale originale CC0; nessuna nuova licenza applicata ai dati.
riserve_exchange,2026-10-04,/49/currentTvl,7060763.36735322,https://api.llama.fi/cexs,"""Snapshot al momento del prelievo; non ricostruisce lo stato di ieri.""",Licenza dei dati terzi non verificata come aperta: valgono i termini della fonte; accesso pubblico non equivale a diritto di ripubblicazione. Codice locale originale CC0; nessuna nuova licenza applicata ai dati.,,Fonti originali,Licenza dei dati terzi non verificata come aperta: valgono i termini della fonte; accesso pubblico non equivale a diritto di ripubblicazione. Codice locale originale CC0; nessuna nuova licenza applicata ai dati.
riserve_exchange,2026-10-04,/49/cleanAssetsTvl,7060763.36735322,https://api.llama.fi/cexs,"""Snapshot al momento del prelievo; non ricostruisce lo stato di ieri.""",Licenza dei dati terzi non verificata come aperta: valgono i termini della fonte; accesso pubblico non equivale a diritto di ripubblicazione. Codice locale originale CC0; nessuna nuova licenza applicata ai dati.,,Fonti originali,Licenza dei dati terzi non verificata come aperta: valgono i termini della fonte; accesso pubblico non equivale a diritto di ripubblicazione. Codice locale originale CC0; nessuna nuova licenza applicata ai dati.
riserve_exchange,2026-10-04,/49/inflows_24h,4205964.862319285,https://api.llama.fi/cexs,"""Snapshot al momento del prelievo; non ricostruisce lo stato di ieri.""",Licenza dei dati terzi non verificata come aperta: valgono i termini della fonte; accesso pubblico non equivale a diritto di ripubblicazione. Codice locale originale CC0; nessuna nuova licenza applicata ai dati.,,Fonti originali,Licenza dei dati terzi non verificata come aperta: valgono i termini della fonte; accesso pubblico non equivale a diritto di ripubblicazione. Codice locale originale CC0; nessuna nuova licenza applicata ai dati.
riserve_exchange,2026-10-04,/49/inflows_1w,3772261.908258448,https://api.llama.fi/cexs,"""Snapshot al momento del prelievo; non ricostruisce lo stato di ieri.""",Licenza dei dati terzi non verificata come aperta: valgono i termini della fonte; accesso pubblico non equivale a diritto di ripubblicazione. Codice locale originale CC0; nessuna nuova licenza applicata ai dati.,,Fonti originali,Licenza dei dati terzi non verificata come aperta: valgono i termini della fonte; accesso pubblico non equivale a diritto di ripubblicazione. Codice locale originale CC0; nessuna nuova licenza applicata ai dati.
riserve_exchange,2026-10-04,/49/inflows_1m,3899543.9321513134,https://api.llama.fi/cexs,"""Snapshot al momento del prelievo; non ricostruisce lo stato di ieri.""",Licenza dei dati terzi non verificata come aperta: valgono i termini della fonte; accesso pubblico non equivale a diritto di ripubblicazione. Codice locale originale CC0; nessuna nuova licenza applicata ai dati.,,Fonti originali,Licenza dei dati terzi non verificata come aperta: valgono i termini della fonte; accesso pubblico non equivale a diritto di ripubblicazione. Codice locale originale CC0; nessuna nuova licenza applicata ai dati.
riserve_exchange,2026-10-04,/50/id,"""4700""",https://api.llama.fi/cexs,"""Snapshot al momento del prelievo; non ricostruisce lo stato di ieri.""",Licenza dei dati terzi non verificata come aperta: valgono i termini della fonte; accesso pubblico non equivale a diritto di ripubblicazione. Codice locale originale CC0; nessuna nuova licenza applicata ai dati.,,Fonti originali,Licenza dei dati terzi non verificata come aperta: valgono i termini della fonte; accesso pubblico non equivale a diritto di ripubblicazione. Codice locale originale CC0; nessuna nuova licenza applicata ai dati.
riserve_exchange,2026-10-04,/50/name,"""HashKey Global""",https://api.llama.fi/cexs,"""Snapshot al momento del prelievo; non ricostruisce lo stato di ieri.""",Licenza dei dati terzi non verificata come aperta: valgono i termini della fonte; accesso pubblico non equivale a diritto di ripubblicazione. Codice locale originale CC0; nessuna nuova licenza applicata ai dati.,,Fonti originali,Licenza dei dati terzi non verificata come aperta: valgono i termini della fonte; accesso pubblico non equivale a diritto di ripubblicazione. Codice locale originale CC0; nessuna nuova licenza applicata ai dati.
riserve_exchange,2026-10-04,/50/walletsLink,null,https://api.llama.fi/cexs,"""Snapshot al momento del prelievo; non ricostruisce lo stato di ieri.""",Licenza dei dati terzi non verificata come aperta: valgono i termini della fonte; accesso pubblico non equivale a diritto di ripubblicazione. Codice locale originale CC0; nessuna nuova licenza applicata ai dati.,,Fonti originali,Licenza dei dati terzi non verificata come aperta: valgono i termini della fonte; accesso pubblico non equivale a diritto di ripubblicazione. Codice locale originale CC0; nessuna nuova licenza applicata ai dati.
riserve_exchange,2026-10-04,/50/currentTvl,10396245.490486667,https://api.llama.fi/cexs,"""Snapshot al momento del prelievo; non ricostruisce lo stato di ieri.""",Licenza dei dati terzi non verificata come aperta: valgono i termini della fonte; accesso pubblico non equivale a diritto di ripubblicazione. Codice locale originale CC0; nessuna nuova licenza applicata ai dati.,,Fonti originali,Licenza dei dati terzi non verificata come aperta: valgono i termini della fonte; accesso pubblico non equivale a diritto di ripubblicazione. Codice locale originale CC0; nessuna nuova licenza applicata ai dati.
riserve_exchange,2026-10-04,/50/cleanAssetsTvl,10396245.490486667,https://api.llama.fi/cexs,"""Snapshot al momento del prelievo; non ricostruisce lo stato di ieri.""",Licenza dei dati terzi non verificata come aperta: valgono i termini della fonte; accesso pubblico non equivale a diritto di ripubblicazione. Codice locale originale CC0; nessuna nuova licenza applicata ai dati.,,Fonti originali,Licenza dei dati terzi non verificata come aperta: valgono i termini della fonte; accesso pubblico non equivale a diritto di ripubblicazione. Codice locale originale CC0; nessuna nuova licenza applicata ai dati.
riserve_exchange,2026-10-04,/50/inflows_24h,2624.7796109864184,https://api.llama.fi/cexs,"""Snapshot al momento del prelievo; non ricostruisce lo stato di ieri.""",Licenza dei dati terzi non verificata come aperta: valgono i termini della fonte; accesso pubblico non equivale a diritto di ripubblicazione. Codice locale originale CC0; nessuna nuova licenza applicata ai dati.,,Fonti originali,Licenza dei dati terzi non verificata come aperta: valgono i termini della fonte; accesso pubblico non equivale a diritto di ripubblicazione. Codice locale originale CC0; nessuna nuova licenza applicata ai dati.
riserve_exchange,2026-10-04,/50/inflows_1w,-428164.0295121309,https://api.llama.fi/cexs,"""Snapshot al momento del prelievo; non ricostruisce lo stato di ieri.""",Licenza dei dati terzi non verificata come aperta: valgono i termini della fonte; accesso pubblico non equivale a diritto di ripubblicazione. Codice locale originale CC0; nessuna nuova licenza applicata ai dati.,,Fonti originali,Licenza dei dati terzi non verificata come aperta: valgono i termini della fonte; accesso pubblico non equivale a diritto di ripubblicazione. Codice locale originale CC0; nessuna nuova licenza applicata ai dati.
riserve_exchange,2026-10-04,/50/inflows_1m,-527060.1535668481,https://api.llama.fi/cexs,"""Snapshot al momento del prelievo; non ricostruisce lo stato di ieri.""",Licenza dei dati terzi non verificata come aperta: valgono i termini della fonte; accesso pubblico non equivale a diritto di ripubblicazione. Codice locale originale CC0; nessuna nuova licenza applicata ai dati.,,Fonti originali,Licenza dei dati terzi non verificata come aperta: valgono i termini della fonte; accesso pubblico non equivale a diritto di ripubblicazione. Codice locale originale CC0; nessuna nuova licenza applicata ai dati.
riserve_exchange,2026-10-04,/51/id,"""5332""",https://api.llama.fi/cexs,"""Snapshot al momento del prelievo; non ricostruisce lo stato di ieri.""",Licenza dei dati terzi non verificata come aperta: valgono i termini della fonte; accesso pubblico non equivale a diritto di ripubblicazione. Codice locale originale CC0; nessuna nuova licenza applicata ai dati.,,Fonti originali,Licenza dei dati terzi non verificata come aperta: valgono i termini della fonte; accesso pubblico non equivale a diritto di ripubblicazione. Codice locale originale CC0; nessuna nuova licenza applicata ai dati.
riserve_exchange,2026-10-04,/51/name,"""P2PB2B""",https://api.llama.fi/cexs,"""Snapshot al momento del prelievo; non ricostruisce lo stato di ieri.""",Licenza dei dati terzi non verificata come aperta: valgono i termini della fonte; accesso pubblico non equivale a diritto di ripubblicazione. Codice locale originale CC0; nessuna nuova licenza applicata ai dati.,,Fonti originali,Licenza dei dati terzi non verificata come aperta: valgono i termini della fonte; accesso pubblico non equivale a diritto di ripubblicazione. Codice locale originale CC0; nessuna nuova licenza applicata ai dati.
riserve_exchange,2026-10-04,/51/walletsLink,null,https://api.llama.fi/cexs,"""Snapshot al momento del prelievo; non ricostruisce lo stato di ieri.""",Licenza dei dati terzi non verificata come aperta: valgono i termini della fonte; accesso pubblico non equivale a diritto di ripubblicazione. Codice locale originale CC0; nessuna nuova licenza applicata ai dati.,,Fonti originali,Licenza dei dati terzi non verificata come aperta: valgono i termini della fonte; accesso pubblico non equivale a diritto di ripubblicazione. Codice locale originale CC0; nessuna nuova licenza applicata ai dati.
riserve_exchange,2026-10-04,/51/currentTvl,5721881.597909236,https://api.llama.fi/cexs,"""Snapshot al momento del prelievo; non ricostruisce lo stato di ieri.""",Licenza dei dati terzi non verificata come aperta: valgono i termini della fonte; accesso pubblico non equivale a diritto di ripubblicazione. Codice locale originale CC0; nessuna nuova licenza applicata ai dati.,,Fonti originali,Licenza dei dati terzi non verificata come aperta: valgono i termini della fonte; accesso pubblico non equivale a diritto di ripubblicazione. Codice locale originale CC0; nessuna nuova licenza applicata ai dati.
riserve_exchange,2026-10-04,/51/cleanAssetsTvl,5721881.597909236,https://api.llama.fi/cexs,"""Snapshot al momento del prelievo; non ricostruisce lo stato di ieri.""",Licenza dei dati terzi non verificata come aperta: valgono i termini della fonte; accesso pubblico non equivale a diritto di ripubblicazione. Codice locale originale CC0; nessuna nuova licenza applicata ai dati.,,Fonti originali,Licenza dei dati terzi non verificata come aperta: valgono i termini della fonte; accesso pubblico non equivale a diritto di ripubblicazione. Codice locale originale CC0; nessuna nuova licenza applicata ai dati.
riserve_exchange,2026-10-04,/51/inflows_24h,0,https://api.llama.fi/cexs,"""Snapshot al momento del prelievo; non ricostruisce lo stato di ieri.""",Licenza dei dati terzi non verificata come aperta: valgono i termini della fonte; accesso pubblico non equivale a diritto di ripubblicazione. Codice locale originale CC0; nessuna nuova licenza applicata ai dati.,,Fonti originali,Licenza dei dati terzi non verificata come aperta: valgono i termini della fonte; accesso pubblico non equivale a diritto di ripubblicazione. Codice locale originale CC0; nessuna nuova licenza applicata ai dati.
riserve_exchange,2026-10-04,/51/inflows_1w,-8209.893486856765,https://api.llama.fi/cexs,"""Snapshot al momento del prelievo; non ricostruisce lo stato di ieri.""",Licenza dei dati terzi non verificata come aperta: valgono i termini della fonte; accesso pubblico non equivale a diritto di ripubblicazione. Codice locale originale CC0; nessuna nuova licenza applicata ai dati.,,Fonti originali,Licenza dei dati terzi non verificata come aperta: valgono i termini della fonte; accesso pubblico non equivale a diritto di ripubblicazione. Codice locale originale CC0; nessuna nuova licenza applicata ai dati.
riserve_exchange,2026-10-04,/51/inflows_1m,-1627.9398998944318,https://api.llama.fi/cexs,"""Snapshot al momento del prelievo; non ricostruisce lo stato di ieri.""",Licenza dei dati terzi non verificata come aperta: valgono i termini della fonte; accesso pubblico non equivale a diritto di ripubblicazione. Codice locale originale CC0; nessuna nuova licenza applicata ai dati.,,Fonti originali,Licenza dei dati terzi non verificata come aperta: valgono i termini della fonte; accesso pubblico non equivale a diritto di ripubblicazione. Codice locale originale CC0; nessuna nuova licenza applicata ai dati.
riserve_exchange,2026-10-04,/52/id,"""6010""",https://api.llama.fi/cexs,"""Snapshot al momento del prelievo; non ricostruisce lo stato di ieri.""",Licenza dei dati terzi non verificata come aperta: valgono i termini della fonte; accesso pubblico non equivale a diritto di ripubblicazione. Codice locale originale CC0; nessuna nuova licenza applicata ai dati.,,Fonti originali,Licenza dei dati terzi non verificata come aperta: valgono i termini della fonte; accesso pubblico non equivale a diritto di ripubblicazione. Codice locale originale CC0; nessuna nuova licenza applicata ai dati.
riserve_exchange,2026-10-04,/52/name,"""OrangeX""",https://api.llama.fi/cexs,"""Snapshot al momento del prelievo; non ricostruisce lo stato di ieri.""",Licenza dei dati terzi non verificata come aperta: valgono i termini della fonte; accesso pubblico non equivale a diritto di ripubblicazione. Codice locale originale CC0; nessuna nuova licenza applicata ai dati.,,Fonti originali,Licenza dei dati terzi non verificata come aperta: valgono i termini della fonte; accesso pubblico non equivale a diritto di ripubblicazione. Codice locale originale CC0; nessuna nuova licenza applicata ai dati.
riserve_exchange,2026-10-04,/52/walletsLink,null,https://api.llama.fi/cexs,"""Snapshot al momento del prelievo; non ricostruisce lo stato di ieri.""",Licenza dei dati terzi non verificata come aperta: valgono i termini della fonte; accesso pubblico non equivale a diritto di ripubblicazione. Codice locale originale CC0; nessuna nuova licenza applicata ai dati.,,Fonti originali,Licenza dei dati terzi non verificata come aperta: valgono i termini della fonte; accesso pubblico non equivale a diritto di ripubblicazione. Codice locale originale CC0; nessuna nuova licenza applicata ai dati.
riserve_exchange,2026-10-04,/52/currentTvl,43586269.47884616,https://api.llama.fi/cexs,"""Snapshot al momento del prelievo; non ricostruisce lo stato di ieri.""",Licenza dei dati terzi non verificata come aperta: valgono i termini della fonte; accesso pubblico non equivale a diritto di ripubblicazione. Codice locale originale CC0; nessuna nuova licenza applicata ai dati.,,Fonti originali,Licenza dei dati terzi non verificata come aperta: valgono i termini della fonte; accesso pubblico non equivale a diritto di ripubblicazione. Codice locale originale CC0; nessuna nuova licenza applicata ai dati.
riserve_exchange,2026-10-04,/52/cleanAssetsTvl,43586269.47884616,https://api.llama.fi/cexs,"""Snapshot al momento del prelievo; non ricostruisce lo stato di ieri.""",Licenza dei dati terzi non verificata come aperta: valgono i termini della fonte; accesso pubblico non equivale a diritto di ripubblicazione. Codice locale originale CC0; nessuna nuova licenza applicata ai dati.,,Fonti originali,Licenza dei dati terzi non verificata come aperta: valgono i termini della fonte; accesso pubblico non equivale a diritto di ripubblicazione. Codice locale originale CC0; nessuna nuova licenza applicata ai dati.
riserve_exchange,2026-10-04,/52/inflows_24h,0,https://api.llama.fi/cexs,"""Snapshot al momento del prelievo; non ricostruisce lo stato di ieri.""",Licenza dei dati terzi non verificata come aperta: valgono i termini della fonte; accesso pubblico non equivale a diritto di ripubblicazione. Codice locale originale CC0; nessuna nuova licenza applicata ai dati.,,Fonti originali,Licenza dei dati terzi non verificata come aperta: valgono i termini della fonte; accesso pubblico non equivale a diritto di ripubblicazione. Codice locale originale CC0; nessuna nuova licenza applicata ai dati.
riserve_exchange,2026-10-04,/52/inflows_1w,0,https://api.llama.fi/cexs,"""Snapshot al momento del prelievo; non ricostruisce lo stato di ieri.""",Licenza dei dati terzi non verificata come aperta: valgono i termini della fonte; accesso pubblico non equivale a diritto di ripubblicazione. Codice locale originale CC0; nessuna nuova licenza applicata ai dati.,,Fonti originali,Licenza dei dati terzi non verificata come aperta: valgono i termini della fonte; accesso pubblico non equivale a diritto di ripubblicazione. Codice locale originale CC0; nessuna nuova licenza applicata ai dati.
riserve_exchange,2026-10-04,/52/inflows_1m,-850189.6811575942,https://api.llama.fi/cexs,"""Snapshot al momento del prelievo; non ricostruisce lo stato di ieri.""",Licenza dei dati terzi non verificata come aperta: valgono i termini della fonte; accesso pubblico non equivale a diritto di ripubblicazione. Codice locale originale CC0; nessuna nuova licenza applicata ai dati.,,Fonti originali,Licenza dei dati terzi non verificata come aperta: valgono i termini della fonte; accesso pubblico non equivale a diritto di ripubblicazione. Codice locale originale CC0; nessuna nuova licenza applicata ai dati.
riserve_exchange,2026-10-04,/53/id,"""4928""",https://api.llama.fi/cexs,"""Snapshot al momento del prelievo; non ricostruisce lo stato di ieri.""",Licenza dei dati terzi non verificata come aperta: valgono i termini della fonte; accesso pubblico non equivale a diritto di ripubblicazione. Codice locale originale CC0; nessuna nuova licenza applicata ai dati.,,Fonti originali,Licenza dei dati terzi non verificata come aperta: valgono i termini della fonte; accesso pubblico non equivale a diritto di ripubblicazione. Codice locale originale CC0; nessuna nuova licenza applicata ai dati.
riserve_exchange,2026-10-04,/53/name,"""BigONE""",https://api.llama.fi/cexs,"""Snapshot al momento del prelievo; non ricostruisce lo stato di ieri.""",Licenza dei dati terzi non verificata come aperta: valgono i termini della fonte; accesso pubblico non equivale a diritto di ripubblicazione. Codice locale originale CC0; nessuna nuova licenza applicata ai dati.,,Fonti originali,Licenza dei dati terzi non verificata come aperta: valgono i termini della fonte; accesso pubblico non equivale a diritto di ripubblicazione. Codice locale originale CC0; nessuna nuova licenza applicata ai dati.
riserve_exchange,2026-10-04,/53/walletsLink,null,https://api.llama.fi/cexs,"""Snapshot al momento del prelievo; non ricostruisce lo stato di ieri.""",Licenza dei dati terzi non verificata come aperta: valgono i termini della fonte; accesso pubblico non equivale a diritto di ripubblicazione. Codice locale originale CC0; nessuna nuova licenza applicata ai dati.,,Fonti originali,Licenza dei dati terzi non verificata come aperta: valgono i termini della fonte; accesso pubblico non equivale a diritto di ripubblicazione. Codice locale originale CC0; nessuna nuova licenza applicata ai dati.
riserve_exchange,2026-10-04,/53/currentTvl,48110195.736531734,https://api.llama.fi/cexs,"""Snapshot al momento del prelievo; non ricostruisce lo stato di ieri.""",Licenza dei dati terzi non verificata come aperta: valgono i termini della fonte; accesso pubblico non equivale a diritto di ripubblicazione. Codice locale originale CC0; nessuna nuova licenza applicata ai dati.,,Fonti originali,Licenza dei dati terzi non verificata come aperta: valgono i termini della fonte; accesso pubblico non equivale a diritto di ripubblicazione. Codice locale originale CC0; nessuna nuova licenza applicata ai dati.
riserve_exchange,2026-10-04,/53/cleanAssetsTvl,48110195.736531734,https://api.llama.fi/cexs,"""Snapshot al momento del prelievo; non ricostruisce lo stato di ieri.""",Licenza dei dati terzi non verificata come aperta: valgono i termini della fonte; accesso pubblico non equivale a diritto di ripubblicazione. Codice locale originale CC0; nessuna nuova licenza applicata ai dati.,,Fonti originali,Licenza dei dati terzi non verificata come aperta: valgono i termini della fonte; accesso pubblico non equivale a diritto di ripubblicazione. Codice locale originale CC0; nessuna nuova licenza applicata ai dati.
riserve_exchange,2026-10-04,/53/inflows_24h,-27870.592171344386,https://api.llama.fi/cexs,"""Snapshot al momento del prelievo; non ricostruisce lo stato di ieri.""",Licenza dei dati terzi non verificata come aperta: valgono i termini della fonte; accesso pubblico non equivale a diritto di ripubblicazione. Codice locale originale CC0; nessuna nuova licenza applicata ai dati.,,Fonti originali,Licenza dei dati terzi non verificata come aperta: valgono i termini della fonte; accesso pubblico non equivale a diritto di ripubblicazione. Codice locale originale CC0; nessuna nuova licenza applicata ai dati.
riserve_exchange,2026-10-04,/53/inflows_1w,10112258.889849085,https://api.llama.fi/cexs,"""Snapshot al momento del prelievo; non ricostruisce lo stato di ieri.""",Licenza dei dati terzi non verificata come aperta: valgono i termini della fonte; accesso pubblico non equivale a diritto di ripubblicazione. Codice locale originale CC0; nessuna nuova licenza applicata ai dati.,,Fonti originali,Licenza dei dati terzi non verificata come aperta: valgono i termini della fonte; accesso pubblico non equivale a diritto di ripubblicazione. Codice locale originale CC0; nessuna nuova licenza applicata ai dati.
riserve_exchange,2026-10-04,/53/inflows_1m,9205541.476248587,https://api.llama.fi/cexs,"""Snapshot al momento del prelievo; non ricostruisce lo stato di ieri.""",Licenza dei dati terzi non verificata come aperta: valgono i termini della fonte; accesso pubblico non equivale a diritto di ripubblicazione. Codice locale originale CC0; nessuna nuova licenza applicata ai dati.,,Fonti originali,Licenza dei dati terzi non verificata come aperta: valgono i termini della fonte; accesso pubblico non equivale a diritto di ripubblicazione. Codice locale originale CC0; nessuna nuova licenza applicata ai dati.
riserve_exchange,2026-10-04,/54/id,"""5415""",https://api.llama.fi/cexs,"""Snapshot al momento del prelievo; non ricostruisce lo stato di ieri.""",Licenza dei dati terzi non verificata come aperta: valgono i termini della fonte; accesso pubblico non equivale a diritto di ripubblicazione. Codice locale originale CC0; nessuna nuova licenza applicata ai dati.,,Fonti originali,Licenza dei dati terzi non verificata come aperta: valgono i termini della fonte; accesso pubblico non equivale a diritto di ripubblicazione. Codice locale originale CC0; nessuna nuova licenza applicata ai dati.
riserve_exchange,2026-10-04,/54/name,"""Arkham Exchange""",https://api.llama.fi/cexs,"""Snapshot al momento del prelievo; non ricostruisce lo stato di ieri.""",Licenza dei dati terzi non verificata come aperta: valgono i termini della fonte; accesso pubblico non equivale a diritto di ripubblicazione. Codice locale originale CC0; nessuna nuova licenza applicata ai dati.,,Fonti originali,Licenza dei dati terzi non verificata come aperta: valgono i termini della fonte; accesso pubblico non equivale a diritto di ripubblicazione. Codice locale originale CC0; nessuna nuova licenza applicata ai dati.
riserve_exchange,2026-10-04,/54/walletsLink,null,https://api.llama.fi/cexs,"""Snapshot al momento del prelievo; non ricostruisce lo stato di ieri.""",Licenza dei dati terzi non verificata come aperta: valgono i termini della fonte; accesso pubblico non equivale a diritto di ripubblicazione. Codice locale originale CC0; nessuna nuova licenza applicata ai dati.,,Fonti originali,Licenza dei dati terzi non verificata come aperta: valgono i termini della fonte; accesso pubblico non equivale a diritto di ripubblicazione. Codice locale originale CC0; nessuna nuova licenza applicata ai dati.
riserve_exchange,2026-10-04,/54/currentTvl,5545.283136298229,https://api.llama.fi/cexs,"""Snapshot al momento del prelievo; non ricostruisce lo stato di ieri.""",Licenza dei dati terzi non verificata come aperta: valgono i termini della fonte; accesso pubblico non equivale a diritto di ripubblicazione. Codice locale originale CC0; nessuna nuova licenza applicata ai dati.,,Fonti originali,Licenza dei dati terzi non verificata come aperta: valgono i termini della fonte; accesso pubblico non equivale a diritto di ripubblicazione. Codice locale originale CC0; nessuna nuova licenza applicata ai dati.
riserve_exchange,2026-10-04,/54/cleanAssetsTvl,5545.283136298229,https://api.llama.fi/cexs,"""Snapshot al momento del prelievo; non ricostruisce lo stato di ieri.""",Licenza dei dati terzi non verificata come aperta: valgono i termini della fonte; accesso pubblico non equivale a diritto di ripubblicazione. Codice locale originale CC0; nessuna nuova licenza applicata ai dati.,,Fonti originali,Licenza dei dati terzi non verificata come aperta: valgono i termini della fonte; accesso pubblico non equivale a diritto di ripubblicazione. Codice locale originale CC0; nessuna nuova licenza applicata ai dati.
riserve_exchange,2026-10-04,/54/inflows_24h,0,https://api.llama.fi/cexs,"""Snapshot al momento del prelievo; non ricostruisce lo stato di ieri.""",Licenza dei dati terzi non verificata come aperta: valgono i termini della fonte; accesso pubblico non equivale a diritto di ripubblicazione. Codice locale originale CC0; nessuna nuova licenza applicata ai dati.,,Fonti originali,Licenza dei dati terzi non verificata come aperta: valgono i termini della fonte; accesso pubblico non equivale a diritto di ripubblicazione. Codice locale originale CC0; nessuna nuova licenza applicata ai dati.
riserve_exchange,2026-10-04,/54/inflows_1w,0,https://api.llama.fi/cexs,"""Snapshot al momento del prelievo; non ricostruisce lo stato di ieri.""",Licenza dei dati terzi non verificata come aperta: valgono i termini della fonte; accesso pubblico non equivale a diritto di ripubblicazione. Codice locale originale CC0; nessuna nuova licenza applicata ai dati.,,Fonti originali,Licenza dei dati terzi non verificata come aperta: valgono i termini della fonte; accesso pubblico non equivale a diritto di ripubblicazione. Codice locale originale CC0; nessuna nuova licenza applicata ai dati.
riserve_exchange,2026-10-04,/54/inflows_1m,0,https://api.llama.fi/cexs,"""Snapshot al momento del prelievo; non ricostruisce lo stato di ieri.""",Licenza dei dati terzi non verificata come aperta: valgono i termini della fonte; accesso pubblico non equivale a diritto di ripubblicazione. Codice locale originale CC0; nessuna nuova licenza applicata ai dati.,,Fonti originali,Licenza dei dati terzi non verificata come aperta: valgono i termini della fonte; accesso pubblico non equivale a diritto di ripubblicazione. Codice locale originale CC0; nessuna nuova licenza applicata ai dati.
riserve_exchange,2026-10-04,/55/id,"""4687""",https://api.llama.fi/cexs,"""Snapshot al momento del prelievo; non ricostruisce lo stato di ieri.""",Licenza dei dati terzi non verificata come aperta: valgono i termini della fonte; accesso pubblico non equivale a diritto di ripubblicazione. Codice locale originale CC0; nessuna nuova licenza applicata ai dati.,,Fonti originali,Licenza dei dati terzi non verificata come aperta: valgono i termini della fonte; accesso pubblico non equivale a diritto di ripubblicazione. Codice locale originale CC0; nessuna nuova licenza applicata ai dati.
riserve_exchange,2026-10-04,/55/name,"""Hibt""",https://api.llama.fi/cexs,"""Snapshot al momento del prelievo; non ricostruisce lo stato di ieri.""",Licenza dei dati terzi non verificata come aperta: valgono i termini della fonte; accesso pubblico non equivale a diritto di ripubblicazione. Codice locale originale CC0; nessuna nuova licenza applicata ai dati.,,Fonti originali,Licenza dei dati terzi non verificata come aperta: valgono i termini della fonte; accesso pubblico non equivale a diritto di ripubblicazione. Codice locale originale CC0; nessuna nuova licenza applicata ai dati.
riserve_exchange,2026-10-04,/55/walletsLink,null,https://api.llama.fi/cexs,"""Snapshot al momento del prelievo; non ricostruisce lo stato di ieri.""",Licenza dei dati terzi non verificata come aperta: valgono i termini della fonte; accesso pubblico non equivale a diritto di ripubblicazione. Codice locale originale CC0; nessuna nuova licenza applicata ai dati.,,Fonti originali,Licenza dei dati terzi non verificata come aperta: valgono i termini della fonte; accesso pubblico non equivale a diritto di ripubblicazione. Codice locale originale CC0; nessuna nuova licenza applicata ai dati.
riserve_exchange,2026-10-04,/55/currentTvl,17344304.973532487,https://api.llama.fi/cexs,"""Snapshot al momento del prelievo; non ricostruisce lo stato di ieri.""",Licenza dei dati terzi non verificata come aperta: valgono i termini della fonte; accesso pubblico non equivale a diritto di ripubblicazione. Codice locale originale CC0; nessuna nuova licenza applicata ai dati.,,Fonti originali,Licenza dei dati terzi non verificata come aperta: valgono i termini della fonte; accesso pubblico non equivale a diritto di ripubblicazione. Codice locale originale CC0; nessuna nuova licenza applicata ai dati.
riserve_exchange,2026-10-04,/55/cleanAssetsTvl,17344304.973532487,https://api.llama.fi/cexs,"""Snapshot al momento del prelievo; non ricostruisce lo stato di ieri.""",Licenza dei dati terzi non verificata come aperta: valgono i termini della fonte; accesso pubblico non equivale a diritto di ripubblicazione. Codice locale originale CC0; nessuna nuova licenza applicata ai dati.,,Fonti originali,Licenza dei dati terzi non verificata come aperta: valgono i termini della fonte; accesso pubblico non equivale a diritto di ripubblicazione. Codice locale originale CC0; nessuna nuova licenza applicata ai dati.
riserve_exchange,2026-10-04,/55/inflows_24h,-102843.40377249455,https://api.llama.fi/cexs,"""Snapshot al momento del prelievo; non ricostruisce lo stato di ieri.""",Licenza dei dati terzi non verificata come aperta: valgono i termini della fonte; accesso pubblico non equivale a diritto di ripubblicazione. Codice locale originale CC0; nessuna nuova licenza applicata ai dati.,,Fonti originali,Licenza dei dati terzi non verificata come aperta: valgono i termini della fonte; accesso pubblico non equivale a diritto di ripubblicazione. Codice locale originale CC0; nessuna nuova licenza applicata ai dati.
riserve_exchange,2026-10-04,/55/inflows_1w,-413179.9098222007,https://api.llama.fi/cexs,"""Snapshot al momento del prelievo; non ricostruisce lo stato di ieri.""",Licenza dei dati terzi non verificata come aperta: valgono i termini della fonte; accesso pubblico non equivale a diritto di ripubblicazione. Codice locale originale CC0; nessuna nuova licenza applicata ai dati.,,Fonti originali,Licenza dei dati terzi non verificata come aperta: valgono i termini della fonte; accesso pubblico non equivale a diritto di ripubblicazione. Codice locale originale CC0; nessuna nuova licenza applicata ai dati.
riserve_exchange,2026-10-04,/55/inflows_1m,-232976.35742913187,https://api.llama.fi/cexs,"""Snapshot al momento del prelievo; non ricostruisce lo stato di ieri.""",Licenza dei dati terzi non verificata come aperta: valgono i termini della fonte; accesso pubblico non equivale a diritto di ripubblicazione. Codice locale originale CC0; nessuna nuova licenza applicata ai dati.,,Fonti originali,Licenza dei dati terzi non verificata come aperta: valgono i termini della fonte; accesso pubblico non equivale a diritto di ripubblicazione. Codice locale originale CC0; nessuna nuova licenza applicata ai dati.
riserve_exchange,2026-10-04,/56/id,"""5962""",https://api.llama.fi/cexs,"""Snapshot al momento del prelievo; non ricostruisce lo stato di ieri.""",Licenza dei dati terzi non verificata come aperta: valgono i termini della fonte; accesso pubblico non equivale a diritto di ripubblicazione. Codice locale originale CC0; nessuna nuova licenza applicata ai dati.,,Fonti originali,Licenza dei dati terzi non verificata come aperta: valgono i termini della fonte; accesso pubblico non equivale a diritto di ripubblicazione. Codice locale originale CC0; nessuna nuova licenza applicata ai dati.
riserve_exchange,2026-10-04,/56/name,"""LBank""",https://api.llama.fi/cexs,"""Snapshot al momento del prelievo; non ricostruisce lo stato di ieri.""",Licenza dei dati terzi non verificata come aperta: valgono i termini della fonte; accesso pubblico non equivale a diritto di ripubblicazione. Codice locale originale CC0; nessuna nuova licenza applicata ai dati.,,Fonti originali,Licenza dei dati terzi non verificata come aperta: valgono i termini della fonte; accesso pubblico non equivale a diritto di ripubblicazione. Codice locale originale CC0; nessuna nuova licenza applicata ai dati.
riserve_exchange,2026-10-04,/56/walletsLink,null,https://api.llama.fi/cexs,"""Snapshot al momento del prelievo; non ricostruisce lo stato di ieri.""",Licenza dei dati terzi non verificata come aperta: valgono i termini della fonte; accesso pubblico non equivale a diritto di ripubblicazione. Codice locale originale CC0; nessuna nuova licenza applicata ai dati.,,Fonti originali,Licenza dei dati terzi non verificata come aperta: valgono i termini della fonte; accesso pubblico non equivale a diritto di ripubblicazione. Codice locale originale CC0; nessuna nuova licenza applicata ai dati.
riserve_exchange,2026-10-04,/56/currentTvl,11562731.62981344,https://api.llama.fi/cexs,"""Snapshot al momento del prelievo; non ricostruisce lo stato di ieri.""",Licenza dei dati terzi non verificata come aperta: valgono i termini della fonte; accesso pubblico non equivale a diritto di ripubblicazione. Codice locale originale CC0; nessuna nuova licenza applicata ai dati.,,Fonti originali,Licenza dei dati terzi non verificata come aperta: valgono i termini della fonte; accesso pubblico non equivale a diritto di ripubblicazione. Codice locale originale CC0; nessuna nuova licenza applicata ai dati.
riserve_exchange,2026-10-04,/56/cleanAssetsTvl,11562731.62981344,https://api.llama.fi/cexs,"""Snapshot al momento del prelievo; non ricostruisce lo stato di ieri.""",Licenza dei dati terzi non verificata come aperta: valgono i termini della fonte; accesso pubblico non equivale a diritto di ripubblicazione. Codice locale originale CC0; nessuna nuova licenza applicata ai dati.,,Fonti originali,Licenza dei dati terzi non verificata come aperta: valgono i termini della fonte; accesso pubblico non equivale a diritto di ripubblicazione. Codice locale originale CC0; nessuna nuova licenza applicata ai dati.
riserve_exchange,2026-10-04,/56/inflows_24h,164204.8968579958,https://api.llama.fi/cexs,"""Snapshot al momento del prelievo; non ricostruisce lo stato di ieri.""",Licenza dei dati terzi non verificata come aperta: valgono i termini della fonte; accesso pubblico non equivale a diritto di ripubblicazione. Codice locale originale CC0; nessuna nuova licenza applicata ai dati.,,Fonti originali,Licenza dei dati terzi non verificata come aperta: valgono i termini della fonte; accesso pubblico non equivale a diritto di ripubblicazione. Codice locale originale CC0; nessuna nuova licenza applicata ai dati.
riserve_exchange,2026-10-04,/56/inflows_1w,985233.5775008048,https://api.llama.fi/cexs,"""Snapshot al momento del prelievo; non ricostruisce lo stato di ieri.""",Licenza dei dati terzi non verificata come aperta: valgono i termini della fonte; accesso pubblico non equivale a diritto di ripubblicazione. Codice locale originale CC0; nessuna nuova licenza applicata ai dati.,,Fonti originali,Licenza dei dati terzi non verificata come aperta: valgono i termini della fonte; accesso pubblico non equivale a diritto di ripubblicazione. Codice locale originale CC0; nessuna nuova licenza applicata ai dati.
riserve_exchange,2026-10-04,/56/inflows_1m,2525009.90445028,https://api.llama.fi/cexs,"""Snapshot al momento del prelievo; non ricostruisce lo stato di ieri.""",Licenza dei dati terzi non verificata come aperta: valgono i termini della fonte; accesso pubblico non equivale a diritto di ripubblicazione. Codice locale originale CC0; nessuna nuova licenza applicata ai dati.,,Fonti originali,Licenza dei dati terzi non verificata come aperta: valgono i termini della fonte; accesso pubblico non equivale a diritto di ripubblicazione. Codice locale originale CC0; nessuna nuova licenza applicata ai dati.
riserve_exchange,2026-10-04,/57/id,"""6021""",https://api.llama.fi/cexs,"""Snapshot al momento del prelievo; non ricostruisce lo stato di ieri.""",Licenza dei dati terzi non verificata come aperta: valgono i termini della fonte; accesso pubblico non equivale a diritto di ripubblicazione. Codice locale originale CC0; nessuna nuova licenza applicata ai dati.,,Fonti originali,Licenza dei dati terzi non verificata come aperta: valgono i termini della fonte; accesso pubblico non equivale a diritto di ripubblicazione. Codice locale originale CC0; nessuna nuova licenza applicata ai dati.
riserve_exchange,2026-10-04,/57/name,"""TradeOgre""",https://api.llama.fi/cexs,"""Snapshot al momento del prelievo; non ricostruisce lo stato di ieri.""",Licenza dei dati terzi non verificata come aperta: valgono i termini della fonte; accesso pubblico non equivale a diritto di ripubblicazione. Codice locale originale CC0; nessuna nuova licenza applicata ai dati.,,Fonti originali,Licenza dei dati terzi non verificata come aperta: valgono i termini della fonte; accesso pubblico non equivale a diritto di ripubblicazione. Codice locale originale CC0; nessuna nuova licenza applicata ai dati.
riserve_exchange,2026-10-04,/57/walletsLink,null,https://api.llama.fi/cexs,"""Snapshot al momento del prelievo; non ricostruisce lo stato di ieri.""",Licenza dei dati terzi non verificata come aperta: valgono i termini della fonte; accesso pubblico non equivale a diritto di ripubblicazione. Codice locale originale CC0; nessuna nuova licenza applicata ai dati.,,Fonti originali,Licenza dei dati terzi non verificata come aperta: valgono i termini della fonte; accesso pubblico non equivale a diritto di ripubblicazione. Codice locale originale CC0; nessuna nuova licenza applicata ai dati.
riserve_exchange,2026-10-04,/57/currentTvl,76577.32462402865,https://api.llama.fi/cexs,"""Snapshot al momento del prelievo; non ricostruisce lo stato di ieri.""",Licenza dei dati terzi non verificata come aperta: valgono i termini della fonte; accesso pubblico non equivale a diritto di ripubblicazione. Codice locale originale CC0; nessuna nuova licenza applicata ai dati.,,Fonti originali,Licenza dei dati terzi non verificata come aperta: valgono i termini della fonte; accesso pubblico non equivale a diritto di ripubblicazione. Codice locale originale CC0; nessuna nuova licenza applicata ai dati.
riserve_exchange,2026-10-04,/57/cleanAssetsTvl,76577.32462402865,https://api.llama.fi/cexs,"""Snapshot al momento del prelievo; non ricostruisce lo stato di ieri.""",Licenza dei dati terzi non verificata come aperta: valgono i termini della fonte; accesso pubblico non equivale a diritto di ripubblicazione. Codice locale originale CC0; nessuna nuova licenza applicata ai dati.,,Fonti originali,Licenza dei dati terzi non verificata come aperta: valgono i termini della fonte; accesso pubblico non equivale a diritto di ripubblicazione. Codice locale originale CC0; nessuna nuova licenza applicata ai dati.
riserve_exchange,2026-10-04,/57/inflows_24h,0,https://api.llama.fi/cexs,"""Snapshot al momento del prelievo; non ricostruisce lo stato di ieri.""",Licenza dei dati terzi non verificata come aperta: valgono i termini della fonte; accesso pubblico non equivale a diritto di ripubblicazione. Codice locale originale CC0; nessuna nuova licenza applicata ai dati.,,Fonti originali,Licenza dei dati terzi non verificata come aperta: valgono i termini della fonte; accesso pubblico non equivale a diritto di ripubblicazione. Codice locale originale CC0; nessuna nuova licenza applicata ai dati.
riserve_exchange,2026-10-04,/57/inflows_1w,0,https://api.llama.fi/cexs,"""Snapshot al momento del prelievo; non ricostruisce lo stato di ieri.""",Licenza dei dati terzi non verificata come aperta: valgono i termini della fonte; accesso pubblico non equivale a diritto di ripubblicazione. Codice locale originale CC0; nessuna nuova licenza applicata ai dati.,,Fonti originali,Licenza dei dati terzi non verificata come aperta: valgono i termini della fonte; accesso pubblico non equivale a diritto di ripubblicazione. Codice locale originale CC0; nessuna nuova licenza applicata ai dati.
riserve_exchange,2026-10-04,/57/inflows_1m,0,https://api.llama.fi/cexs,"""Snapshot al momento del prelievo; non ricostruisce lo stato di ieri.""",Licenza dei dati terzi non verificata come aperta: valgono i termini della fonte; accesso pubblico non equivale a diritto di ripubblicazione. Codice locale originale CC0; nessuna nuova licenza applicata ai dati.,,Fonti originali,Licenza dei dati terzi non verificata come aperta: valgono i termini della fonte; accesso pubblico non equivale a diritto di ripubblicazione. Codice locale originale CC0; nessuna nuova licenza applicata ai dati.
riserve_exchange,2026-10-04,/58/id,"""5449""",https://api.llama.fi/cexs,"""Snapshot al momento del prelievo; non ricostruisce lo stato di ieri.""",Licenza dei dati terzi non verificata come aperta: valgono i termini della fonte; accesso pubblico non equivale a diritto di ripubblicazione. Codice locale originale CC0; nessuna nuova licenza applicata ai dati.,,Fonti originali,Licenza dei dati terzi non verificata come aperta: valgono i termini della fonte; accesso pubblico non equivale a diritto di ripubblicazione. Codice locale originale CC0; nessuna nuova licenza applicata ai dati.
riserve_exchange,2026-10-04,/58/name,"""BiTomato""",https://api.llama.fi/cexs,"""Snapshot al momento del prelievo; non ricostruisce lo stato di ieri.""",Licenza dei dati terzi non verificata come aperta: valgono i termini della fonte; accesso pubblico non equivale a diritto di ripubblicazione. Codice locale originale CC0; nessuna nuova licenza applicata ai dati.,,Fonti originali,Licenza dei dati terzi non verificata come aperta: valgono i termini della fonte; accesso pubblico non equivale a diritto di ripubblicazione. Codice locale originale CC0; nessuna nuova licenza applicata ai dati.
riserve_exchange,2026-10-04,/58/walletsLink,null,https://api.llama.fi/cexs,"""Snapshot al momento del prelievo; non ricostruisce lo stato di ieri.""",Licenza dei dati terzi non verificata come aperta: valgono i termini della fonte; accesso pubblico non equivale a diritto di ripubblicazione. Codice locale originale CC0; nessuna nuova licenza applicata ai dati.,,Fonti originali,Licenza dei dati terzi non verificata come aperta: valgono i termini della fonte; accesso pubblico non equivale a diritto di ripubblicazione. Codice locale originale CC0; nessuna nuova licenza applicata ai dati.
riserve_exchange,2026-10-04,/58/currentTvl,2216.415767595315,https://api.llama.fi/cexs,"""Snapshot al momento del prelievo; non ricostruisce lo stato di ieri.""",Licenza dei dati terzi non verificata come aperta: valgono i termini della fonte; accesso pubblico non equivale a diritto di ripubblicazione. Codice locale originale CC0; nessuna nuova licenza applicata ai dati.,,Fonti originali,Licenza dei dati terzi non verificata come aperta: valgono i termini della fonte; accesso pubblico non equivale a diritto di ripubblicazione. Codice locale originale CC0; nessuna nuova licenza applicata ai dati.
riserve_exchange,2026-10-04,/58/cleanAssetsTvl,2216.415767595315,https://api.llama.fi/cexs,"""Snapshot al momento del prelievo; non ricostruisce lo stato di ieri.""",Licenza dei dati terzi non verificata come aperta: valgono i termini della fonte; accesso pubblico non equivale a diritto di ripubblicazione. Codice locale originale CC0; nessuna nuova licenza applicata ai dati.,,Fonti originali,Licenza dei dati terzi non verificata come aperta: valgono i termini della fonte; accesso pubblico non equivale a diritto di ripubblicazione. Codice locale originale CC0; nessuna nuova licenza applicata ai dati.
riserve_exchange,2026-10-04,/58/inflows_24h,0,https://api.llama.fi/cexs,"""Snapshot al momento del prelievo; non ricostruisce lo stato di ieri.""",Licenza dei dati terzi non verificata come aperta: valgono i termini della fonte; accesso pubblico non equivale a diritto di ripubblicazione. Codice locale originale CC0; nessuna nuova licenza applicata ai dati.,,Fonti originali,Licenza dei dati terzi non verificata come aperta: valgono i termini della fonte; accesso pubblico non equivale a diritto di ripubblicazione. Codice locale originale CC0; nessuna nuova licenza applicata ai dati.
riserve_exchange,2026-10-04,/58/inflows_1w,0,https://api.llama.fi/cexs,"""Snapshot al momento del prelievo; non ricostruisce lo stato di ieri.""",Licenza dei dati terzi non verificata come aperta: valgono i termini della fonte; accesso pubblico non equivale a diritto di ripubblicazione. Codice locale originale CC0; nessuna nuova licenza applicata ai dati.,,Fonti originali,Licenza dei dati terzi non verificata come aperta: valgono i termini della fonte; accesso pubblico non equivale a diritto di ripubblicazione. Codice locale originale CC0; nessuna nuova licenza applicata ai dati.
riserve_exchange,2026-10-04,/58/inflows_1m,0,https://api.llama.fi/cexs,"""Snapshot al momento del prelievo; non ricostruisce lo stato di ieri.""",Licenza dei dati terzi non verificata come aperta: valgono i termini della fonte; accesso pubblico non equivale a diritto di ripubblicazione. Codice locale originale CC0; nessuna nuova licenza applicata ai dati.,,Fonti originali,Licenza dei dati terzi non verificata come aperta: valgono i termini della fonte; accesso pubblico non equivale a diritto di ripubblicazione. Codice locale originale CC0; nessuna nuova licenza applicata ai dati.
riserve_exchange,2026-10-04,/59/id,"""6234""",https://api.llama.fi/cexs,"""Snapshot al momento del prelievo; non ricostruisce lo stato di ieri.""",Licenza dei dati terzi non verificata come aperta: valgono i termini della fonte; accesso pubblico non equivale a diritto di ripubblicazione. Codice locale originale CC0; nessuna nuova licenza applicata ai dati.,,Fonti originali,Licenza dei dati terzi non verificata come aperta: valgono i termini della fonte; accesso pubblico non equivale a diritto di ripubblicazione. Codice locale originale CC0; nessuna nuova licenza applicata ai dati.
riserve_exchange,2026-10-04,/59/name,"""Zoomex""",https://api.llama.fi/cexs,"""Snapshot al momento del prelievo; non ricostruisce lo stato di ieri.""",Licenza dei dati terzi non verificata come aperta: valgono i termini della fonte; accesso pubblico non equivale a diritto di ripubblicazione. Codice locale originale CC0; nessuna nuova licenza applicata ai dati.,,Fonti originali,Licenza dei dati terzi non verificata come aperta: valgono i termini della fonte; accesso pubblico non equivale a diritto di ripubblicazione. Codice locale originale CC0; nessuna nuova licenza applicata ai dati.
riserve_exchange,2026-10-04,/59/walletsLink,null,https://api.llama.fi/cexs,"""Snapshot al momento del prelievo; non ricostruisce lo stato di ieri.""",Licenza dei dati terzi non verificata come aperta: valgono i termini della fonte; accesso pubblico non equivale a diritto di ripubblicazione. Codice locale originale CC0; nessuna nuova licenza applicata ai dati.,,Fonti originali,Licenza dei dati terzi non verificata come aperta: valgono i termini della fonte; accesso pubblico non equivale a diritto di ripubblicazione. Codice locale originale CC0; nessuna nuova licenza applicata ai dati.
riserve_exchange,2026-10-04,/59/currentTvl,37339623.70581028,https://api.llama.fi/cexs,"""Snapshot al momento del prelievo; non ricostruisce lo stato di ieri.""",Licenza dei dati terzi non verificata come aperta: valgono i termini della fonte; accesso pubblico non equivale a diritto di ripubblicazione. Codice locale originale CC0; nessuna nuova licenza applicata ai dati.,,Fonti originali,Licenza dei dati terzi non verificata come aperta: valgono i termini della fonte; accesso pubblico non equivale a diritto di ripubblicazione. Codice locale originale CC0; nessuna nuova licenza applicata ai dati.
riserve_exchange,2026-10-04,/59/cleanAssetsTvl,37339623.70581028,https://api.llama.fi/cexs,"""Snapshot al momento del prelievo; non ricostruisce lo stato di ieri.""",Licenza dei dati terzi non verificata come aperta: valgono i termini della fonte; accesso pubblico non equivale a diritto di ripubblicazione. Codice locale originale CC0; nessuna nuova licenza applicata ai dati.,,Fonti originali,Licenza dei dati terzi non verificata come aperta: valgono i termini della fonte; accesso pubblico non equivale a diritto di ripubblicazione. Codice locale originale CC0; nessuna nuova licenza applicata ai dati.
riserve_exchange,2026-10-04,/59/inflows_24h,-176451.8145044751,https://api.llama.fi/cexs,"""Snapshot al momento del prelievo; non ricostruisce lo stato di ieri.""",Licenza dei dati terzi non verificata come aperta: valgono i termini della fonte; accesso pubblico non equivale a diritto di ripubblicazione. Codice locale originale CC0; nessuna nuova licenza applicata ai dati.,,Fonti originali,Licenza dei dati terzi non verificata come aperta: valgono i termini della fonte; accesso pubblico non equivale a diritto di ripubblicazione. Codice locale originale CC0; nessuna nuova licenza applicata ai dati.
riserve_exchange,2026-10-04,/59/inflows_1w,2111097.425114845,https://api.llama.fi/cexs,"""Snapshot al momento del prelievo; non ricostruisce lo stato di ieri.""",Licenza dei dati terzi non verificata come aperta: valgono i termini della fonte; accesso pubblico non equivale a diritto di ripubblicazione. Codice locale originale CC0; nessuna nuova licenza applicata ai dati.,,Fonti originali,Licenza dei dati terzi non verificata come aperta: valgono i termini della fonte; accesso pubblico non equivale a diritto di ripubblicazione. Codice locale originale CC0; nessuna nuova licenza applicata ai dati.
riserve_exchange,2026-10-04,/59/inflows_1m,137222.95483319188,https://api.llama.fi/cexs,"""Snapshot al momento del prelievo; non ricostruisce lo stato di ieri.""",Licenza dei dati terzi non verificata come aperta: valgono i termini della fonte; accesso pubblico non equivale a diritto di ripubblicazione. Codice locale originale CC0; nessuna nuova licenza applicata ai dati.,,Fonti originali,Licenza dei dati terzi non verificata come aperta: valgono i termini della fonte; accesso pubblico non equivale a diritto di ripubblicazione. Codice locale originale CC0; nessuna nuova licenza applicata ai dati.
riserve_exchange,2026-10-04,/60/id,"""3546""",https://api.llama.fi/cexs,"""Snapshot al momento del prelievo; non ricostruisce lo stato di ieri.""",Licenza dei dati terzi non verificata come aperta: valgono i termini della fonte; accesso pubblico non equivale a diritto di ripubblicazione. Codice locale originale CC0; nessuna nuova licenza applicata ai dati.,,Fonti originali,Licenza dei dati terzi non verificata come aperta: valgono i termini della fonte; accesso pubblico non equivale a diritto di ripubblicazione. Codice locale originale CC0; nessuna nuova licenza applicata ai dati.
riserve_exchange,2026-10-04,/60/name,"""CoinEx""",https://api.llama.fi/cexs,"""Snapshot al momento del prelievo; non ricostruisce lo stato di ieri.""",Licenza dei dati terzi non verificata come aperta: valgono i termini della fonte; accesso pubblico non equivale a diritto di ripubblicazione. Codice locale originale CC0; nessuna nuova licenza applicata ai dati.,,Fonti originali,Licenza dei dati terzi non verificata come aperta: valgono i termini della fonte; accesso pubblico non equivale a diritto di ripubblicazione. Codice locale originale CC0; nessuna nuova licenza applicata ai dati.
riserve_exchange,2026-10-04,/60/walletsLink,null,https://api.llama.fi/cexs,"""Snapshot al momento del prelievo; non ricostruisce lo stato di ieri.""",Licenza dei dati terzi non verificata come aperta: valgono i termini della fonte; accesso pubblico non equivale a diritto di ripubblicazione. Codice locale originale CC0; nessuna nuova licenza applicata ai dati.,,Fonti originali,Licenza dei dati terzi non verificata come aperta: valgono i termini della fonte; accesso pubblico non equivale a diritto di ripubblicazione. Codice locale originale CC0; nessuna nuova licenza applicata ai dati.
riserve_exchange,2026-10-04,/60/currentTvl,29168905.79061463,https://api.llama.fi/cexs,"""Snapshot al momento del prelievo; non ricostruisce lo stato di ieri.""",Licenza dei dati terzi non verificata come aperta: valgono i termini della fonte; accesso pubblico non equivale a diritto di ripubblicazione. Codice locale originale CC0; nessuna nuova licenza applicata ai dati.,,Fonti originali,Licenza dei dati terzi non verificata come aperta: valgono i termini della fonte; accesso pubblico non equivale a diritto di ripubblicazione. Codice locale originale CC0; nessuna nuova licenza applicata ai dati.
riserve_exchange,2026-10-04,/60/cleanAssetsTvl,29168905.79061463,https://api.llama.fi/cexs,"""Snapshot al momento del prelievo; non ricostruisce lo stato di ieri.""",Licenza dei dati terzi non verificata come aperta: valgono i termini della fonte; accesso pubblico non equivale a diritto di ripubblicazione. Codice locale originale CC0; nessuna nuova licenza applicata ai dati.,,Fonti originali,Licenza dei dati terzi non verificata come aperta: valgono i termini della fonte; accesso pubblico non equivale a diritto di ripubblicazione. Codice locale originale CC0; nessuna nuova licenza applicata ai dati.
riserve_exchange,2026-10-04,/60/inflows_24h,-1189114.5888616645,https://api.llama.fi/cexs,"""Snapshot al momento del prelievo; non ricostruisce lo stato di ieri.""",Licenza dei dati terzi non verificata come aperta: valgono i termini della fonte; accesso pubblico non equivale a diritto di ripubblicazione. Codice locale originale CC0; nessuna nuova licenza applicata ai dati.,,Fonti originali,Licenza dei dati terzi non verificata come aperta: valgono i termini della fonte; accesso pubblico non equivale a diritto di ripubblicazione. Codice locale originale CC0; nessuna nuova licenza applicata ai dati.
riserve_exchange,2026-10-04,/60/inflows_1w,1426616.6141668009,https://api.llama.fi/cexs,"""Snapshot al momento del prelievo; non ricostruisce lo stato di ieri.""",Licenza dei dati terzi non verificata come aperta: valgono i termini della fonte; accesso pubblico non equivale a diritto di ripubblicazione. Codice locale originale CC0; nessuna nuova licenza applicata ai dati.,,Fonti originali,Licenza dei dati terzi non verificata come aperta: valgono i termini della fonte; accesso pubblico non equivale a diritto di ripubblicazione. Codice locale originale CC0; nessuna nuova licenza applicata ai dati.
riserve_exchange,2026-10-04,/60/inflows_1m,-138032163.6297161,https://api.llama.fi/cexs,"""Snapshot al momento del prelievo; non ricostruisce lo stato di ieri.""",Licenza dei dati terzi non verificata come aperta: valgono i termini della fonte; accesso pubblico non equivale a diritto di ripubblicazione. Codice locale originale CC0; nessuna nuova licenza applicata ai dati.,,Fonti originali,Licenza dei dati terzi non verificata come aperta: valgono i termini della fonte; accesso pubblico non equivale a diritto di ripubblicazione. Codice locale originale CC0; nessuna nuova licenza applicata ai dati.
riserve_exchange,2026-10-04,/61/id,null,https://api.llama.fi/cexs,"""Snapshot al momento del prelievo; non ricostruisce lo stato di ieri.""",Licenza dei dati terzi non verificata come aperta: valgono i termini della fonte; accesso pubblico non equivale a diritto di ripubblicazione. Codice locale originale CC0; nessuna nuova licenza applicata ai dati.,,Fonti originali,Licenza dei dati terzi non verificata come aperta: valgono i termini della fonte; accesso pubblico non equivale a diritto di ripubblicazione. Codice locale originale CC0; nessuna nuova licenza applicata ai dati.
riserve_exchange,2026-10-04,/61/name,"""Coinbase""",https://api.llama.fi/cexs,"""Snapshot al momento del prelievo; non ricostruisce lo stato di ieri.""",Licenza dei dati terzi non verificata come aperta: valgono i termini della fonte; accesso pubblico non equivale a diritto di ripubblicazione. Codice locale originale CC0; nessuna nuova licenza applicata ai dati.,,Fonti originali,Licenza dei dati terzi non verificata come aperta: valgono i termini della fonte; accesso pubblico non equivale a diritto di ripubblicazione. Codice locale originale CC0; nessuna nuova licenza applicata ai dati.
riserve_exchange,2026-10-04,/61/walletsLink,null,https://api.llama.fi/cexs,"""Snapshot al momento del prelievo; non ricostruisce lo stato di ieri.""",Licenza dei dati terzi non verificata come aperta: valgono i termini della fonte; accesso pubblico non equivale a diritto di ripubblicazione. Codice locale originale CC0; nessuna nuova licenza applicata ai dati.,,Fonti originali,Licenza dei dati terzi non verificata come aperta: valgono i termini della fonte; accesso pubblico non equivale a diritto di ripubblicazione. Codice locale originale CC0; nessuna nuova licenza applicata ai dati.
riserve_exchange,2026-10-04,/61/currentTvl,null,https://api.llama.fi/cexs,"""Snapshot al momento del prelievo; non ricostruisce lo stato di ieri.""",Licenza dei dati terzi non verificata come aperta: valgono i termini della fonte; accesso pubblico non equivale a diritto di ripubblicazione. Codice locale originale CC0; nessuna nuova licenza applicata ai dati.,,Fonti originali,Licenza dei dati terzi non verificata come aperta: valgono i termini della fonte; accesso pubblico non equivale a diritto di ripubblicazione. Codice locale originale CC0; nessuna nuova licenza applicata ai dati.
riserve_exchange,2026-10-04,/61/cleanAssetsTvl,null,https://api.llama.fi/cexs,"""Snapshot al momento del prelievo; non ricostruisce lo stato di ieri.""",Licenza dei dati terzi non verificata come aperta: valgono i termini della fonte; accesso pubblico non equivale a diritto di ripubblicazione. Codice locale originale CC0; nessuna nuova licenza applicata ai dati.,,Fonti originali,Licenza dei dati terzi non verificata come aperta: valgono i termini della fonte; accesso pubblico non equivale a diritto di ripubblicazione. Codice locale originale CC0; nessuna nuova licenza applicata ai dati.
riserve_exchange,2026-10-04,/61/inflows_24h,null,https://api.llama.fi/cexs,"""Snapshot al momento del prelievo; non ricostruisce lo stato di ieri.""",Licenza dei dati terzi non verificata come aperta: valgono i termini della fonte; accesso pubblico non equivale a diritto di ripubblicazione. Codice locale originale CC0; nessuna nuova licenza applicata ai dati.,,Fonti originali,Licenza dei dati terzi non verificata come aperta: valgono i termini della fonte; accesso pubblico non equivale a diritto di ripubblicazione. Codice locale originale CC0; nessuna nuova licenza applicata ai dati.
riserve_exchange,2026-10-04,/61/inflows_1w,null,https://api.llama.fi/cexs,"""Snapshot al momento del prelievo; non ricostruisce lo stato di ieri.""",Licenza dei dati terzi non verificata come aperta: valgono i termini della fonte; accesso pubblico non equivale a diritto di ripubblicazione. Codice locale originale CC0; nessuna nuova licenza applicata ai dati.,,Fonti originali,Licenza dei dati terzi non verificata come aperta: valgono i termini della fonte; accesso pubblico non equivale a diritto di ripubblicazione. Codice locale originale CC0; nessuna nuova licenza applicata ai dati.
riserve_exchange,2026-10-04,/61/inflows_1m,null,https://api.llama.fi/cexs,"""Snapshot al momento del prelievo; non ricostruisce lo stato di ieri.""",Licenza dei dati terzi non verificata come aperta: valgono i termini della fonte; accesso pubblico non equivale a diritto di ripubblicazione. Codice locale originale CC0; nessuna nuova licenza applicata ai dati.,,Fonti originali,Licenza dei dati terzi non verificata come aperta: valgono i termini della fonte; accesso pubblico non equivale a diritto di ripubblicazione. Codice locale originale CC0; nessuna nuova licenza applicata ai dati.
riserve_exchange,2026-10-04,/62/id,null,https://api.llama.fi/cexs,"""Snapshot al momento del prelievo; non ricostruisce lo stato di ieri.""",Licenza dei dati terzi non verificata come aperta: valgono i termini della fonte; accesso pubblico non equivale a diritto di ripubblicazione. Codice locale originale CC0; nessuna nuova licenza applicata ai dati.,,Fonti originali,Licenza dei dati terzi non verificata come aperta: valgono i termini della fonte; accesso pubblico non equivale a diritto di ripubblicazione. Codice locale originale CC0; nessuna nuova licenza applicata ai dati.
riserve_exchange,2026-10-04,/62/name,"""Coinone""",https://api.llama.fi/cexs,"""Snapshot al momento del prelievo; non ricostruisce lo stato di ieri.""",Licenza dei dati terzi non verificata come aperta: valgono i termini della fonte; accesso pubblico non equivale a diritto di ripubblicazione. Codice locale originale CC0; nessuna nuova licenza applicata ai dati.,,Fonti originali,Licenza dei dati terzi non verificata come aperta: valgono i termini della fonte; accesso pubblico non equivale a diritto di ripubblicazione. Codice locale originale CC0; nessuna nuova licenza applicata ai dati.
riserve_exchange,2026-10-04,/62/walletsLink,null,https://api.llama.fi/cexs,"""Snapshot al momento del prelievo; non ricostruisce lo stato di ieri.""",Licenza dei dati terzi non verificata come aperta: valgono i termini della fonte; accesso pubblico non equivale a diritto di ripubblicazione. Codice locale originale CC0; nessuna nuova licenza applicata ai dati.,,Fonti originali,Licenza dei dati terzi non verificata come aperta: valgono i termini della fonte; accesso pubblico non equivale a diritto di ripubblicazione. Codice locale originale CC0; nessuna nuova licenza applicata ai dati.
riserve_exchange,2026-10-04,/62/currentTvl,null,https://api.llama.fi/cexs,"""Snapshot al momento del prelievo; non ricostruisce lo stato di ieri.""",Licenza dei dati terzi non verificata come aperta: valgono i termini della fonte; accesso pubblico non equivale a diritto di ripubblicazione. Codice locale originale CC0; nessuna nuova licenza applicata ai dati.,,Fonti originali,Licenza dei dati terzi non verificata come aperta: valgono i termini della fonte; accesso pubblico non equivale a diritto di ripubblicazione. Codice locale originale CC0; nessuna nuova licenza applicata ai dati.
riserve_exchange,2026-10-04,/62/cleanAssetsTvl,null,https://api.llama.fi/cexs,"""Snapshot al momento del prelievo; non ricostruisce lo stato di ieri.""",Licenza dei dati terzi non verificata come aperta: valgono i termini della fonte; accesso pubblico non equivale a diritto di ripubblicazione. Codice locale originale CC0; nessuna nuova licenza applicata ai dati.,,Fonti originali,Licenza dei dati terzi non verificata come aperta: valgono i termini della fonte; accesso pubblico non equivale a diritto di ripubblicazione. Codice locale originale CC0; nessuna nuova licenza applicata ai dati.
riserve_exchange,2026-10-04,/62/inflows_24h,null,https://api.llama.fi/cexs,"""Snapshot al momento del prelievo; non ricostruisce lo stato di ieri.""",Licenza dei dati terzi non verificata come aperta: valgono i termini della fonte; accesso pubblico non equivale a diritto di ripubblicazione. Codice locale originale CC0; nessuna nuova licenza applicata ai dati.,,Fonti originali,Licenza dei dati terzi non verificata come aperta: valgono i termini della fonte; accesso pubblico non equivale a diritto di ripubblicazione. Codice locale originale CC0; nessuna nuova licenza applicata ai dati.
riserve_exchange,2026-10-04,/62/inflows_1w,null,https://api.llama.fi/cexs,"""Snapshot al momento del prelievo; non ricostruisce lo stato di ieri.""",Licenza dei dati terzi non verificata come aperta: valgono i termini della fonte; accesso pubblico non equivale a diritto di ripubblicazione. Codice locale originale CC0; nessuna nuova licenza applicata ai dati.,,Fonti originali,Licenza dei dati terzi non verificata come aperta: valgono i termini della fonte; accesso pubblico non equivale a diritto di ripubblicazione. Codice locale originale CC0; nessuna nuova licenza applicata ai dati.
riserve_exchange,2026-10-04,/62/inflows_1m,null,https://api.llama.fi/cexs,"""Snapshot al momento del prelievo; non ricostruisce lo stato di ieri.""",Licenza dei dati terzi non verificata come aperta: valgono i termini della fonte; accesso pubblico non equivale a diritto di ripubblicazione. Codice locale originale CC0; nessuna nuova licenza applicata ai dati.,,Fonti originali,Licenza dei dati terzi non verificata come aperta: valgono i termini della fonte; accesso pubblico non equivale a diritto di ripubblicazione. Codice locale originale CC0; nessuna nuova licenza applicata ai dati.
riserve_exchange,2026-10-04,/63/id,"""2435""",https://api.llama.fi/cexs,"""Snapshot al momento del prelievo; non ricostruisce lo stato di ieri.""",Licenza dei dati terzi non verificata come aperta: valgono i termini della fonte; accesso pubblico non equivale a diritto di ripubblicazione. Codice locale originale CC0; nessuna nuova licenza applicata ai dati.,,Fonti originali,Licenza dei dati terzi non verificata come aperta: valgono i termini della fonte; accesso pubblico non equivale a diritto di ripubblicazione. Codice locale originale CC0; nessuna nuova licenza applicata ai dati.
riserve_exchange,2026-10-04,/63/name,"""NEXO""",https://api.llama.fi/cexs,"""Snapshot al momento del prelievo; non ricostruisce lo stato di ieri.""",Licenza dei dati terzi non verificata come aperta: valgono i termini della fonte; accesso pubblico non equivale a diritto di ripubblicazione. Codice locale originale CC0; nessuna nuova licenza applicata ai dati.,,Fonti originali,Licenza dei dati terzi non verificata come aperta: valgono i termini della fonte; accesso pubblico non equivale a diritto di ripubblicazione. Codice locale originale CC0; nessuna nuova licenza applicata ai dati.
riserve_exchange,2026-10-04,/63/walletsLink,null,https://api.llama.fi/cexs,"""Snapshot al momento del prelievo; non ricostruisce lo stato di ieri.""",Licenza dei dati terzi non verificata come aperta: valgono i termini della fonte; accesso pubblico non equivale a diritto di ripubblicazione. Codice locale originale CC0; nessuna nuova licenza applicata ai dati.,,Fonti originali,Licenza dei dati terzi non verificata come aperta: valgono i termini della fonte; accesso pubblico non equivale a diritto di ripubblicazione. Codice locale originale CC0; nessuna nuova licenza applicata ai dati.
riserve_exchange,2026-10-04,/63/currentTvl,327280084.00509083,https://api.llama.fi/cexs,"""Snapshot al momento del prelievo; non ricostruisce lo stato di ieri.""",Licenza dei dati terzi non verificata come aperta: valgono i termini della fonte; accesso pubblico non equivale a diritto di ripubblicazione. Codice locale originale CC0; nessuna nuova licenza applicata ai dati.,,Fonti originali,Licenza dei dati terzi non verificata come aperta: valgono i termini della fonte; accesso pubblico non equivale a diritto di ripubblicazione. Codice locale originale CC0; nessuna nuova licenza applicata ai dati.
riserve_exchange,2026-10-04,/63/cleanAssetsTvl,10787026.416984856,https://api.llama.fi/cexs,"""Snapshot al momento del prelievo; non ricostruisce lo stato di ieri.""",Licenza dei dati terzi non verificata come aperta: valgono i termini della fonte; accesso pubblico non equivale a diritto di ripubblicazione. Codice locale originale CC0; nessuna nuova licenza applicata ai dati.,,Fonti originali,Licenza dei dati terzi non verificata come aperta: valgono i termini della fonte; accesso pubblico non equivale a diritto di ripubblicazione. Codice locale originale CC0; nessuna nuova licenza applicata ai dati.
riserve_exchange,2026-10-04,/63/inflows_24h,-3734021.767097387,https://api.llama.fi/cexs,"""Snapshot al momento del prelievo; non ricostruisce lo stato di ieri.""",Licenza dei dati terzi non verificata come aperta: valgono i termini della fonte; accesso pubblico non equivale a diritto di ripubblicazione. Codice locale originale CC0; nessuna nuova licenza applicata ai dati.,,Fonti originali,Licenza dei dati terzi non verificata come aperta: valgono i termini della fonte; accesso pubblico non equivale a diritto di ripubblicazione. Codice locale originale CC0; nessuna nuova licenza applicata ai dati.
riserve_exchange,2026-10-04,/63/inflows_1w,-539694.5694063067,https://api.llama.fi/cexs,"""Snapshot al momento del prelievo; non ricostruisce lo stato di ieri.""",Licenza dei dati terzi non verificata come aperta: valgono i termini della fonte; accesso pubblico non equivale a diritto di ripubblicazione. Codice locale originale CC0; nessuna nuova licenza applicata ai dati.,,Fonti originali,Licenza dei dati terzi non verificata come aperta: valgono i termini della fonte; accesso pubblico non equivale a diritto di ripubblicazione. Codice locale originale CC0; nessuna nuova licenza applicata ai dati.
riserve_exchange,2026-10-04,/63/inflows_1m,-3585961.056567721,https://api.llama.fi/cexs,"""Snapshot al momento del prelievo; non ricostruisce lo stato di ieri.""",Licenza dei dati terzi non verificata come aperta: valgono i termini della fonte; accesso pubblico non equivale a diritto di ripubblicazione. Codice locale originale CC0; nessuna nuova licenza applicata ai dati.,,Fonti originali,Licenza dei dati terzi non verificata come aperta: valgono i termini della fonte; accesso pubblico non equivale a diritto di ripubblicazione. Codice locale originale CC0; nessuna nuova licenza applicata ai dati.
riserve_exchange,2026-10-04,/64/id,null,https://api.llama.fi/cexs,"""Snapshot al momento del prelievo; non ricostruisce lo stato di ieri.""",Licenza dei dati terzi non verificata come aperta: valgono i termini della fonte; accesso pubblico non equivale a diritto di ripubblicazione. Codice locale originale CC0; nessuna nuova licenza applicata ai dati.,,Fonti originali,Licenza dei dati terzi non verificata come aperta: valgono i termini della fonte; accesso pubblico non equivale a diritto di ripubblicazione. Codice locale originale CC0; nessuna nuova licenza applicata ai dati.
riserve_exchange,2026-10-04,/64/name,"""Coincheck""",https://api.llama.fi/cexs,"""Snapshot al momento del prelievo; non ricostruisce lo stato di ieri.""",Licenza dei dati terzi non verificata come aperta: valgono i termini della fonte; accesso pubblico non equivale a diritto di ripubblicazione. Codice locale originale CC0; nessuna nuova licenza applicata ai dati.,,Fonti originali,Licenza dei dati terzi non verificata come aperta: valgono i termini della fonte; accesso pubblico non equivale a diritto di ripubblicazione. Codice locale originale CC0; nessuna nuova licenza applicata ai dati.
riserve_exchange,2026-10-04,/64/walletsLink,null,https://api.llama.fi/cexs,"""Snapshot al momento del prelievo; non ricostruisce lo stato di ieri.""",Licenza dei dati terzi non verificata come aperta: valgono i termini della fonte; accesso pubblico non equivale a diritto di ripubblicazione. Codice locale originale CC0; nessuna nuova licenza applicata ai dati.,,Fonti originali,Licenza dei dati terzi non verificata come aperta: valgono i termini della fonte; accesso pubblico non equivale a diritto di ripubblicazione. Codice locale originale CC0; nessuna nuova licenza applicata ai dati.
riserve_exchange,2026-10-04,/64/currentTvl,null,https://api.llama.fi/cexs,"""Snapshot al momento del prelievo; non ricostruisce lo stato di ieri.""",Licenza dei dati terzi non verificata come aperta: valgono i termini della fonte; accesso pubblico non equivale a diritto di ripubblicazione. Codice locale originale CC0; nessuna nuova licenza applicata ai dati.,,Fonti originali,Licenza dei dati terzi non verificata come aperta: valgono i termini della fonte; accesso pubblico non equivale a diritto di ripubblicazione. Codice locale originale CC0; nessuna nuova licenza applicata ai dati.
riserve_exchange,2026-10-04,/64/cleanAssetsTvl,null,https://api.llama.fi/cexs,"""Snapshot al momento del prelievo; non ricostruisce lo stato di ieri.""",Licenza dei dati terzi non verificata come aperta: valgono i termini della fonte; accesso pubblico non equivale a diritto di ripubblicazione. Codice locale originale CC0; nessuna nuova licenza applicata ai dati.,,Fonti originali,Licenza dei dati terzi non verificata come aperta: valgono i termini della fonte; accesso pubblico non equivale a diritto di ripubblicazione. Codice locale originale CC0; nessuna nuova licenza applicata ai dati.
riserve_exchange,2026-10-04,/64/inflows_24h,null,https://api.llama.fi/cexs,"""Snapshot al momento del prelievo; non ricostruisce lo stato di ieri.""",Licenza dei dati terzi non verificata come aperta: valgono i termini della fonte; accesso pubblico non equivale a diritto di ripubblicazione. Codice locale originale CC0; nessuna nuova licenza applicata ai dati.,,Fonti originali,Licenza dei dati terzi non verificata come aperta: valgono i termini della fonte; accesso pubblico non equivale a diritto di ripubblicazione. Codice locale originale CC0; nessuna nuova licenza applicata ai dati.
riserve_exchange,2026-10-04,/64/inflows_1w,null,https://api.llama.fi/cexs,"""Snapshot al momento del prelievo; non ricostruisce lo stato di ieri.""",Licenza dei dati terzi non verificata come aperta: valgono i termini della fonte; accesso pubblico non equivale a diritto di ripubblicazione. Codice locale originale CC0; nessuna nuova licenza applicata ai dati.,,Fonti originali,Licenza dei dati terzi non verificata come aperta: valgono i termini della fonte; accesso pubblico non equivale a diritto di ripubblicazione. Codice locale originale CC0; nessuna nuova licenza applicata ai dati.
riserve_exchange,2026-10-04,/64/inflows_1m,null,https://api.llama.fi/cexs,"""Snapshot al momento del prelievo; non ricostruisce lo stato di ieri.""",Licenza dei dati terzi non verificata come aperta: valgono i termini della fonte; accesso pubblico non equivale a diritto di ripubblicazione. Codice locale originale CC0; nessuna nuova licenza applicata ai dati.,,Fonti originali,Licenza dei dati terzi non verificata come aperta: valgono i termini della fonte; accesso pubblico non equivale a diritto di ripubblicazione. Codice locale originale CC0; nessuna nuova licenza applicata ai dati.
riserve_exchange,2026-10-04,/65/id,null,https://api.llama.fi/cexs,"""Snapshot al momento del prelievo; non ricostruisce lo stato di ieri.""",Licenza dei dati terzi non verificata come aperta: valgono i termini della fonte; accesso pubblico non equivale a diritto di ripubblicazione. Codice locale originale CC0; nessuna nuova licenza applicata ai dati.,,Fonti originali,Licenza dei dati terzi non verificata come aperta: valgono i termini della fonte; accesso pubblico non equivale a diritto di ripubblicazione. Codice locale originale CC0; nessuna nuova licenza applicata ai dati.
riserve_exchange,2026-10-04,/65/name,"""Bithumb""",https://api.llama.fi/cexs,"""Snapshot al momento del prelievo; non ricostruisce lo stato di ieri.""",Licenza dei dati terzi non verificata come aperta: valgono i termini della fonte; accesso pubblico non equivale a diritto di ripubblicazione. Codice locale originale CC0; nessuna nuova licenza applicata ai dati.,,Fonti originali,Licenza dei dati terzi non verificata come aperta: valgono i termini della fonte; accesso pubblico non equivale a diritto di ripubblicazione. Codice locale originale CC0; nessuna nuova licenza applicata ai dati.
riserve_exchange,2026-10-04,/65/walletsLink,null,https://api.llama.fi/cexs,"""Snapshot al momento del prelievo; non ricostruisce lo stato di ieri.""",Licenza dei dati terzi non verificata come aperta: valgono i termini della fonte; accesso pubblico non equivale a diritto di ripubblicazione. Codice locale originale CC0; nessuna nuova licenza applicata ai dati.,,Fonti originali,Licenza dei dati terzi non verificata come aperta: valgono i termini della fonte; accesso pubblico non equivale a diritto di ripubblicazione. Codice locale originale CC0; nessuna nuova licenza applicata ai dati.
riserve_exchange,2026-10-04,/65/currentTvl,null,https://api.llama.fi/cexs,"""Snapshot al momento del prelievo; non ricostruisce lo stato di ieri.""",Licenza dei dati terzi non verificata come aperta: valgono i termini della fonte; accesso pubblico non equivale a diritto di ripubblicazione. Codice locale originale CC0; nessuna nuova licenza applicata ai dati.,,Fonti originali,Licenza dei dati terzi non verificata come aperta: valgono i termini della fonte; accesso pubblico non equivale a diritto di ripubblicazione. Codice locale originale CC0; nessuna nuova licenza applicata ai dati.
riserve_exchange,2026-10-04,/65/cleanAssetsTvl,null,https://api.llama.fi/cexs,"""Snapshot al momento del prelievo; non ricostruisce lo stato di ieri.""",Licenza dei dati terzi non verificata come aperta: valgono i termini della fonte; accesso pubblico non equivale a diritto di ripubblicazione. Codice locale originale CC0; nessuna nuova licenza applicata ai dati.,,Fonti originali,Licenza dei dati terzi non verificata come aperta: valgono i termini della fonte; accesso pubblico non equivale a diritto di ripubblicazione. Codice locale originale CC0; nessuna nuova licenza applicata ai dati.
riserve_exchange,2026-10-04,/65/inflows_24h,null,https://api.llama.fi/cexs,"""Snapshot al momento del prelievo; non ricostruisce lo stato di ieri.""",Licenza dei dati terzi non verificata come aperta: valgono i termini della fonte; accesso pubblico non equivale a diritto di ripubblicazione. Codice locale originale CC0; nessuna nuova licenza applicata ai dati.,,Fonti originali,Licenza dei dati terzi non verificata come aperta: valgono i termini della fonte; accesso pubblico non equivale a diritto di ripubblicazione. Codice locale originale CC0; nessuna nuova licenza applicata ai dati.
riserve_exchange,2026-10-04,/65/inflows_1w,null,https://api.llama.fi/cexs,"""Snapshot al momento del prelievo; non ricostruisce lo stato di ieri.""",Licenza dei dati terzi non verificata come aperta: valgono i termini della fonte; accesso pubblico non equivale a diritto di ripubblicazione. Codice locale originale CC0; nessuna nuova licenza applicata ai dati.,,Fonti originali,Licenza dei dati terzi non verificata come aperta: valgono i termini della fonte; accesso pubblico non equivale a diritto di ripubblicazione. Codice locale originale CC0; nessuna nuova licenza applicata ai dati.
riserve_exchange,2026-10-04,/65/inflows_1m,null,https://api.llama.fi/cexs,"""Snapshot al momento del prelievo; non ricostruisce lo stato di ieri.""",Licenza dei dati terzi non verificata come aperta: valgono i termini della fonte; accesso pubblico non equivale a diritto di ripubblicazione. Codice locale originale CC0; nessuna nuova licenza applicata ai dati.,,Fonti originali,Licenza dei dati terzi non verificata come aperta: valgono i termini della fonte; accesso pubblico non equivale a diritto di ripubblicazione. Codice locale originale CC0; nessuna nuova licenza applicata ai dati.
riserve_exchange,2026-10-04,/66/id,"""7481""",https://api.llama.fi/cexs,"""Snapshot al momento del prelievo; non ricostruisce lo stato di ieri.""",Licenza dei dati terzi non verificata come aperta: valgono i termini della fonte; accesso pubblico non equivale a diritto di ripubblicazione. Codice locale originale CC0; nessuna nuova licenza applicata ai dati.,,Fonti originali,Licenza dei dati terzi non verificata come aperta: valgono i termini della fonte; accesso pubblico non equivale a diritto di ripubblicazione. Codice locale originale CC0; nessuna nuova licenza applicata ai dati.
riserve_exchange,2026-10-04,/66/name,"""Poloniex""",https://api.llama.fi/cexs,"""Snapshot al momento del prelievo; non ricostruisce lo stato di ieri.""",Licenza dei dati terzi non verificata come aperta: valgono i termini della fonte; accesso pubblico non equivale a diritto di ripubblicazione. Codice locale originale CC0; nessuna nuova licenza applicata ai dati.,,Fonti originali,Licenza dei dati terzi non verificata come aperta: valgono i termini della fonte; accesso pubblico non equivale a diritto di ripubblicazione. Codice locale originale CC0; nessuna nuova licenza applicata ai dati.
riserve_exchange,2026-10-04,/66/walletsLink,null,https://api.llama.fi/cexs,"""Snapshot al momento del prelievo; non ricostruisce lo stato di ieri.""",Licenza dei dati terzi non verificata come aperta: valgono i termini della fonte; accesso pubblico non equivale a diritto di ripubblicazione. Codice locale originale CC0; nessuna nuova licenza applicata ai dati.,,Fonti originali,Licenza dei dati terzi non verificata come aperta: valgono i termini della fonte; accesso pubblico non equivale a diritto di ripubblicazione. Codice locale originale CC0; nessuna nuova licenza applicata ai dati.
riserve_exchange,2026-10-04,/66/currentTvl,1701093386.409308,https://api.llama.fi/cexs,"""Snapshot al momento del prelievo; non ricostruisce lo stato di ieri.""",Licenza dei dati terzi non verificata come aperta: valgono i termini della fonte; accesso pubblico non equivale a diritto di ripubblicazione. Codice locale originale CC0; nessuna nuova licenza applicata ai dati.,,Fonti originali,Licenza dei dati terzi non verificata come aperta: valgono i termini della fonte; accesso pubblico non equivale a diritto di ripubblicazione. Codice locale originale CC0; nessuna nuova licenza applicata ai dati.
riserve_exchange,2026-10-04,/66/cleanAssetsTvl,1701093386.409308,https://api.llama.fi/cexs,"""Snapshot al momento del prelievo; non ricostruisce lo stato di ieri.""",Licenza dei dati terzi non verificata come aperta: valgono i termini della fonte; accesso pubblico non equivale a diritto di ripubblicazione. Codice locale originale CC0; nessuna nuova licenza applicata ai dati.,,Fonti originali,Licenza dei dati terzi non verificata come aperta: valgono i termini della fonte; accesso pubblico non equivale a diritto di ripubblicazione. Codice locale originale CC0; nessuna nuova licenza applicata ai dati.
riserve_exchange,2026-10-04,/66/inflows_24h,6053640.904638061,https://api.llama.fi/cexs,"""Snapshot al momento del prelievo; non ricostruisce lo stato di ieri.""",Licenza dei dati terzi non verificata come aperta: valgono i termini della fonte; accesso pubblico non equivale a diritto di ripubblicazione. Codice locale originale CC0; nessuna nuova licenza applicata ai dati.,,Fonti originali,Licenza dei dati terzi non verificata come aperta: valgono i termini della fonte; accesso pubblico non equivale a diritto di ripubblicazione. Codice locale originale CC0; nessuna nuova licenza applicata ai dati.
riserve_exchange,2026-10-04,/66/inflows_1w,-10263545.122507893,https://api.llama.fi/cexs,"""Snapshot al momento del prelievo; non ricostruisce lo stato di ieri.""",Licenza dei dati terzi non verificata come aperta: valgono i termini della fonte; accesso pubblico non equivale a diritto di ripubblicazione. Codice locale originale CC0; nessuna nuova licenza applicata ai dati.,,Fonti originali,Licenza dei dati terzi non verificata come aperta: valgono i termini della fonte; accesso pubblico non equivale a diritto di ripubblicazione. Codice locale originale CC0; nessuna nuova licenza applicata ai dati.
riserve_exchange,2026-10-04,/66/inflows_1m,22524614.506020002,https://api.llama.fi/cexs,"""Snapshot al momento del prelievo; non ricostruisce lo stato di ieri.""",Licenza dei dati terzi non verificata come aperta: valgono i termini della fonte; accesso pubblico non equivale a diritto di ripubblicazione. Codice locale originale CC0; nessuna nuova licenza applicata ai dati.,,Fonti originali,Licenza dei dati terzi non verificata come aperta: valgono i termini della fonte; accesso pubblico non equivale a diritto di ripubblicazione. Codice locale originale CC0; nessuna nuova licenza applicata ai dati.
riserve_exchange,2026-10-04,/67/id,null,https://api.llama.fi/cexs,"""Snapshot al momento del prelievo; non ricostruisce lo stato di ieri.""",Licenza dei dati terzi non verificata come aperta: valgono i termini della fonte; accesso pubblico non equivale a diritto di ripubblicazione. Codice locale originale CC0; nessuna nuova licenza applicata ai dati.,,Fonti originali,Licenza dei dati terzi non verificata come aperta: valgono i termini della fonte; accesso pubblico non equivale a diritto di ripubblicazione. Codice locale originale CC0; nessuna nuova licenza applicata ai dati.
riserve_exchange,2026-10-04,/67/name,"""Upbit""",https://api.llama.fi/cexs,"""Snapshot al momento del prelievo; non ricostruisce lo stato di ieri.""",Licenza dei dati terzi non verificata come aperta: valgono i termini della fonte; accesso pubblico non equivale a diritto di ripubblicazione. Codice locale originale CC0; nessuna nuova licenza applicata ai dati.,,Fonti originali,Licenza dei dati terzi non verificata come aperta: valgono i termini della fonte; accesso pubblico non equivale a diritto di ripubblicazione. Codice locale originale CC0; nessuna nuova licenza applicata ai dati.
riserve_exchange,2026-10-04,/67/walletsLink,null,https://api.llama.fi/cexs,"""Snapshot al momento del prelievo; non ricostruisce lo stato di ieri.""",Licenza dei dati terzi non verificata come aperta: valgono i termini della fonte; accesso pubblico non equivale a diritto di ripubblicazione. Codice locale originale CC0; nessuna nuova licenza applicata ai dati.,,Fonti originali,Licenza dei dati terzi non verificata come aperta: valgono i termini della fonte; accesso pubblico non equivale a diritto di ripubblicazione. Codice locale originale CC0; nessuna nuova licenza applicata ai dati.
riserve_exchange,2026-10-04,/67/currentTvl,null,https://api.llama.fi/cexs,"""Snapshot al momento del prelievo; non ricostruisce lo stato di ieri.""",Licenza dei dati terzi non verificata come aperta: valgono i termini della fonte; accesso pubblico non equivale a diritto di ripubblicazione. Codice locale originale CC0; nessuna nuova licenza applicata ai dati.,,Fonti originali,Licenza dei dati terzi non verificata come aperta: valgono i termini della fonte; accesso pubblico non equivale a diritto di ripubblicazione. Codice locale originale CC0; nessuna nuova licenza applicata ai dati.
riserve_exchange,2026-10-04,/67/cleanAssetsTvl,null,https://api.llama.fi/cexs,"""Snapshot al momento del prelievo; non ricostruisce lo stato di ieri.""",Licenza dei dati terzi non verificata come aperta: valgono i termini della fonte; accesso pubblico non equivale a diritto di ripubblicazione. Codice locale originale CC0; nessuna nuova licenza applicata ai dati.,,Fonti originali,Licenza dei dati terzi non verificata come aperta: valgono i termini della fonte; accesso pubblico non equivale a diritto di ripubblicazione. Codice locale originale CC0; nessuna nuova licenza applicata ai dati.
riserve_exchange,2026-10-04,/67/inflows_24h,null,https://api.llama.fi/cexs,"""Snapshot al momento del prelievo; non ricostruisce lo stato di ieri.""",Licenza dei dati terzi non verificata come aperta: valgono i termini della fonte; accesso pubblico non equivale a diritto di ripubblicazione. Codice locale originale CC0; nessuna nuova licenza applicata ai dati.,,Fonti originali,Licenza dei dati terzi non verificata come aperta: valgono i termini della fonte; accesso pubblico non equivale a diritto di ripubblicazione. Codice locale originale CC0; nessuna nuova licenza applicata ai dati.
riserve_exchange,2026-10-04,/67/inflows_1w,null,https://api.llama.fi/cexs,"""Snapshot al momento del prelievo; non ricostruisce lo stato di ieri.""",Licenza dei dati terzi non verificata come aperta: valgono i termini della fonte; accesso pubblico non equivale a diritto di ripubblicazione. Codice locale originale CC0; nessuna nuova licenza applicata ai dati.,,Fonti originali,Licenza dei dati terzi non verificata come aperta: valgono i termini della fonte; accesso pubblico non equivale a diritto di ripubblicazione. Codice locale originale CC0; nessuna nuova licenza applicata ai dati.
riserve_exchange,2026-10-04,/67/inflows_1m,null,https://api.llama.fi/cexs,"""Snapshot al momento del prelievo; non ricostruisce lo stato di ieri.""",Licenza dei dati terzi non verificata come aperta: valgono i termini della fonte; accesso pubblico non equivale a diritto di ripubblicazione. Codice locale originale CC0; nessuna nuova licenza applicata ai dati.,,Fonti originali,Licenza dei dati terzi non verificata come aperta: valgono i termini della fonte; accesso pubblico non equivale a diritto di ripubblicazione. Codice locale originale CC0; nessuna nuova licenza applicata ai dati.
riserve_exchange,2026-10-04,/68/id,null,https://api.llama.fi/cexs,"""Snapshot al momento del prelievo; non ricostruisce lo stato di ieri.""",Licenza dei dati terzi non verificata come aperta: valgono i termini della fonte; accesso pubblico non equivale a diritto di ripubblicazione. Codice locale originale CC0; nessuna nuova licenza applicata ai dati.,,Fonti originali,Licenza dei dati terzi non verificata come aperta: valgono i termini della fonte; accesso pubblico non equivale a diritto di ripubblicazione. Codice locale originale CC0; nessuna nuova licenza applicata ai dati.
riserve_exchange,2026-10-04,/68/name,"""bitFlyer""",https://api.llama.fi/cexs,"""Snapshot al momento del prelievo; non ricostruisce lo stato di ieri.""",Licenza dei dati terzi non verificata come aperta: valgono i termini della fonte; accesso pubblico non equivale a diritto di ripubblicazione. Codice locale originale CC0; nessuna nuova licenza applicata ai dati.,,Fonti originali,Licenza dei dati terzi non verificata come aperta: valgono i termini della fonte; accesso pubblico non equivale a diritto di ripubblicazione. Codice locale originale CC0; nessuna nuova licenza applicata ai dati.
riserve_exchange,2026-10-04,/68/walletsLink,null,https://api.llama.fi/cexs,"""Snapshot al momento del prelievo; non ricostruisce lo stato di ieri.""",Licenza dei dati terzi non verificata come aperta: valgono i termini della fonte; accesso pubblico non equivale a diritto di ripubblicazione. Codice locale originale CC0; nessuna nuova licenza applicata ai dati.,,Fonti originali,Licenza dei dati terzi non verificata come aperta: valgono i termini della fonte; accesso pubblico non equivale a diritto di ripubblicazione. Codice locale originale CC0; nessuna nuova licenza applicata ai dati.
riserve_exchange,2026-10-04,/68/currentTvl,null,https://api.llama.fi/cexs,"""Snapshot al momento del prelievo; non ricostruisce lo stato di ieri.""",Licenza dei dati terzi non verificata come aperta: valgono i termini della fonte; accesso pubblico non equivale a diritto di ripubblicazione. Codice locale originale CC0; nessuna nuova licenza applicata ai dati.,,Fonti originali,Licenza dei dati terzi non verificata come aperta: valgono i termini della fonte; accesso pubblico non equivale a diritto di ripubblicazione. Codice locale originale CC0; nessuna nuova licenza applicata ai dati.
riserve_exchange,2026-10-04,/68/cleanAssetsTvl,null,https://api.llama.fi/cexs,"""Snapshot al momento del prelievo; non ricostruisce lo stato di ieri.""",Licenza dei dati terzi non verificata come aperta: valgono i termini della fonte; accesso pubblico non equivale a diritto di ripubblicazione. Codice locale originale CC0; nessuna nuova licenza applicata ai dati.,,Fonti originali,Licenza dei dati terzi non verificata come aperta: valgono i termini della fonte; accesso pubblico non equivale a diritto di ripubblicazione. Codice locale originale CC0; nessuna nuova licenza applicata ai dati.
riserve_exchange,2026-10-04,/68/inflows_24h,null,https://api.llama.fi/cexs,"""Snapshot al momento del prelievo; non ricostruisce lo stato di ieri.""",Licenza dei dati terzi non verificata come aperta: valgono i termini della fonte; accesso pubblico non equivale a diritto di ripubblicazione. Codice locale originale CC0; nessuna nuova licenza applicata ai dati.,,Fonti originali,Licenza dei dati terzi non verificata come aperta: valgono i termini della fonte; accesso pubblico non equivale a diritto di ripubblicazione. Codice locale originale CC0; nessuna nuova licenza applicata ai dati.
riserve_exchange,2026-10-04,/68/inflows_1w,null,https://api.llama.fi/cexs,"""Snapshot al momento del prelievo; non ricostruisce lo stato di ieri.""",Licenza dei dati terzi non verificata come aperta: valgono i termini della fonte; accesso pubblico non equivale a diritto di ripubblicazione. Codice locale originale CC0; nessuna nuova licenza applicata ai dati.,,Fonti originali,Licenza dei dati terzi non verificata come aperta: valgono i termini della fonte; accesso pubblico non equivale a diritto di ripubblicazione. Codice locale originale CC0; nessuna nuova licenza applicata ai dati.
riserve_exchange,2026-10-04,/68/inflows_1m,null,https://api.llama.fi/cexs,"""Snapshot al momento del prelievo; non ricostruisce lo stato di ieri.""",Licenza dei dati terzi non verificata come aperta: valgono i termini della fonte; accesso pubblico non equivale a diritto di ripubblicazione. Codice locale originale CC0; nessuna nuova licenza applicata ai dati.,,Fonti originali,Licenza dei dati terzi non verificata come aperta: valgono i termini della fonte; accesso pubblico non equivale a diritto di ripubblicazione. Codice locale originale CC0; nessuna nuova licenza applicata ai dati.
riserve_exchange,2026-10-04,/69/id,null,https://api.llama.fi/cexs,"""Snapshot al momento del prelievo; non ricostruisce lo stato di ieri.""",Licenza dei dati terzi non verificata come aperta: valgono i termini della fonte; accesso pubblico non equivale a diritto di ripubblicazione. Codice locale originale CC0; nessuna nuova licenza applicata ai dati.,,Fonti originali,Licenza dei dati terzi non verificata come aperta: valgono i termini della fonte; accesso pubblico non equivale a diritto di ripubblicazione. Codice locale originale CC0; nessuna nuova licenza applicata ai dati.
riserve_exchange,2026-10-04,/69/name,"""BTCC""",https://api.llama.fi/cexs,"""Snapshot al momento del prelievo; non ricostruisce lo stato di ieri.""",Licenza dei dati terzi non verificata come aperta: valgono i termini della fonte; accesso pubblico non equivale a diritto di ripubblicazione. Codice locale originale CC0; nessuna nuova licenza applicata ai dati.,,Fonti originali,Licenza dei dati terzi non verificata come aperta: valgono i termini della fonte; accesso pubblico non equivale a diritto di ripubblicazione. Codice locale originale CC0; nessuna nuova licenza applicata ai dati.
riserve_exchange,2026-10-04,/69/walletsLink,null,https://api.llama.fi/cexs,"""Snapshot al momento del prelievo; non ricostruisce lo stato di ieri.""",Licenza dei dati terzi non verificata come aperta: valgono i termini della fonte; accesso pubblico non equivale a diritto di ripubblicazione. Codice locale originale CC0; nessuna nuova licenza applicata ai dati.,,Fonti originali,Licenza dei dati terzi non verificata come aperta: valgono i termini della fonte; accesso pubblico non equivale a diritto di ripubblicazione. Codice locale originale CC0; nessuna nuova licenza applicata ai dati.
riserve_exchange,2026-10-04,/69/currentTvl,null,https://api.llama.fi/cexs,"""Snapshot al momento del prelievo; non ricostruisce lo stato di ieri.""",Licenza dei dati terzi non verificata come aperta: valgono i termini della fonte; accesso pubblico non equivale a diritto di ripubblicazione. Codice locale originale CC0; nessuna nuova licenza applicata ai dati.,,Fonti originali,Licenza dei dati terzi non verificata come aperta: valgono i termini della fonte; accesso pubblico non equivale a diritto di ripubblicazione. Codice locale originale CC0; nessuna nuova licenza applicata ai dati.
riserve_exchange,2026-10-04,/69/cleanAssetsTvl,null,https://api.llama.fi/cexs,"""Snapshot al momento del prelievo; non ricostruisce lo stato di ieri.""",Licenza dei dati terzi non verificata come aperta: valgono i termini della fonte; accesso pubblico non equivale a diritto di ripubblicazione. Codice locale originale CC0; nessuna nuova licenza applicata ai dati.,,Fonti originali,Licenza dei dati terzi non verificata come aperta: valgono i termini della fonte; accesso pubblico non equivale a diritto di ripubblicazione. Codice locale originale CC0; nessuna nuova licenza applicata ai dati.
riserve_exchange,2026-10-04,/69/inflows_24h,null,https://api.llama.fi/cexs,"""Snapshot al momento del prelievo; non ricostruisce lo stato di ieri.""",Licenza dei dati terzi non verificata come aperta: valgono i termini della fonte; accesso pubblico non equivale a diritto di ripubblicazione. Codice locale originale CC0; nessuna nuova licenza applicata ai dati.,,Fonti originali,Licenza dei dati terzi non verificata come aperta: valgono i termini della fonte; accesso pubblico non equivale a diritto di ripubblicazione. Codice locale originale CC0; nessuna nuova licenza applicata ai dati.
riserve_exchange,2026-10-04,/69/inflows_1w,null,https://api.llama.fi/cexs,"""Snapshot al momento del prelievo; non ricostruisce lo stato di ieri.""",Licenza dei dati terzi non verificata come aperta: valgono i termini della fonte; accesso pubblico non equivale a diritto di ripubblicazione. Codice locale originale CC0; nessuna nuova licenza applicata ai dati.,,Fonti originali,Licenza dei dati terzi non verificata come aperta: valgono i termini della fonte; accesso pubblico non equivale a diritto di ripubblicazione. Codice locale originale CC0; nessuna nuova licenza applicata ai dati.
riserve_exchange,2026-10-04,/69/inflows_1m,null,https://api.llama.fi/cexs,"""Snapshot al momento del prelievo; non ricostruisce lo stato di ieri.""",Licenza dei dati terzi non verificata come aperta: valgono i termini della fonte; accesso pubblico non equivale a diritto di ripubblicazione. Codice locale originale CC0; nessuna nuova licenza applicata ai dati.,,Fonti originali,Licenza dei dati terzi non verificata come aperta: valgono i termini della fonte; accesso pubblico non equivale a diritto di ripubblicazione. Codice locale originale CC0; nessuna nuova licenza applicata ai dati.
riserve_exchange,2026-10-04,/70/id,null,https://api.llama.fi/cexs,"""Snapshot al momento del prelievo; non ricostruisce lo stato di ieri.""",Licenza dei dati terzi non verificata come aperta: valgono i termini della fonte; accesso pubblico non equivale a diritto di ripubblicazione. Codice locale originale CC0; nessuna nuova licenza applicata ai dati.,,Fonti originali,Licenza dei dati terzi non verificata come aperta: valgono i termini della fonte; accesso pubblico non equivale a diritto di ripubblicazione. Codice locale originale CC0; nessuna nuova licenza applicata ai dati.
riserve_exchange,2026-10-04,/70/name,"""Deepcoin""",https://api.llama.fi/cexs,"""Snapshot al momento del prelievo; non ricostruisce lo stato di ieri.""",Licenza dei dati terzi non verificata come aperta: valgono i termini della fonte; accesso pubblico non equivale a diritto di ripubblicazione. Codice locale originale CC0; nessuna nuova licenza applicata ai dati.,,Fonti originali,Licenza dei dati terzi non verificata come aperta: valgono i termini della fonte; accesso pubblico non equivale a diritto di ripubblicazione. Codice locale originale CC0; nessuna nuova licenza applicata ai dati.
riserve_exchange,2026-10-04,/70/walletsLink,null,https://api.llama.fi/cexs,"""Snapshot al momento del prelievo; non ricostruisce lo stato di ieri.""",Licenza dei dati terzi non verificata come aperta: valgono i termini della fonte; accesso pubblico non equivale a diritto di ripubblicazione. Codice locale originale CC0; nessuna nuova licenza applicata ai dati.,,Fonti originali,Licenza dei dati terzi non verificata come aperta: valgono i termini della fonte; accesso pubblico non equivale a diritto di ripubblicazione. Codice locale originale CC0; nessuna nuova licenza applicata ai dati.
riserve_exchange,2026-10-04,/70/currentTvl,null,https://api.llama.fi/cexs,"""Snapshot al momento del prelievo; non ricostruisce lo stato di ieri.""",Licenza dei dati terzi non verificata come aperta: valgono i termini della fonte; accesso pubblico non equivale a diritto di ripubblicazione. Codice locale originale CC0; nessuna nuova licenza applicata ai dati.,,Fonti originali,Licenza dei dati terzi non verificata come aperta: valgono i termini della fonte; accesso pubblico non equivale a diritto di ripubblicazione. Codice locale originale CC0; nessuna nuova licenza applicata ai dati.
riserve_exchange,2026-10-04,/70/cleanAssetsTvl,null,https://api.llama.fi/cexs,"""Snapshot al momento del prelievo; non ricostruisce lo stato di ieri.""",Licenza dei dati terzi non verificata come aperta: valgono i termini della fonte; accesso pubblico non equivale a diritto di ripubblicazione. Codice locale originale CC0; nessuna nuova licenza applicata ai dati.,,Fonti originali,Licenza dei dati terzi non verificata come aperta: valgono i termini della fonte; accesso pubblico non equivale a diritto di ripubblicazione. Codice locale originale CC0; nessuna nuova licenza applicata ai dati.
riserve_exchange,2026-10-04,/70/inflows_24h,null,https://api.llama.fi/cexs,"""Snapshot al momento del prelievo; non ricostruisce lo stato di ieri.""",Licenza dei dati terzi non verificata come aperta: valgono i termini della fonte; accesso pubblico non equivale a diritto di ripubblicazione. Codice locale originale CC0; nessuna nuova licenza applicata ai dati.,,Fonti originali,Licenza dei dati terzi non verificata come aperta: valgono i termini della fonte; accesso pubblico non equivale a diritto di ripubblicazione. Codice locale originale CC0; nessuna nuova licenza applicata ai dati.
riserve_exchange,2026-10-04,/70/inflows_1w,null,https://api.llama.fi/cexs,"""Snapshot al momento del prelievo; non ricostruisce lo stato di ieri.""",Licenza dei dati terzi non verificata come aperta: valgono i termini della fonte; accesso pubblico non equivale a diritto di ripubblicazione. Codice locale originale CC0; nessuna nuova licenza applicata ai dati.,,Fonti originali,Licenza dei dati terzi non verificata come aperta: valgono i termini della fonte; accesso pubblico non equivale a diritto di ripubblicazione. Codice locale originale CC0; nessuna nuova licenza applicata ai dati.
riserve_exchange,2026-10-04,/70/inflows_1m,null,https://api.llama.fi/cexs,"""Snapshot al momento del prelievo; non ricostruisce lo stato di ieri.""",Licenza dei dati terzi non verificata come aperta: valgono i termini della fonte; accesso pubblico non equivale a diritto di ripubblicazione. Codice locale originale CC0; nessuna nuova licenza applicata ai dati.,,Fonti originali,Licenza dei dati terzi non verificata come aperta: valgono i termini della fonte; accesso pubblico non equivale a diritto di ripubblicazione. Codice locale originale CC0; nessuna nuova licenza applicata ai dati.
riserve_exchange,2026-10-04,/71/id,"""6652""",https://api.llama.fi/cexs,"""Snapshot al momento del prelievo; non ricostruisce lo stato di ieri.""",Licenza dei dati terzi non verificata come aperta: valgono i termini della fonte; accesso pubblico non equivale a diritto di ripubblicazione. Codice locale originale CC0; nessuna nuova licenza applicata ai dati.,,Fonti originali,Licenza dei dati terzi non verificata come aperta: valgono i termini della fonte; accesso pubblico non equivale a diritto di ripubblicazione. Codice locale originale CC0; nessuna nuova licenza applicata ai dati.
riserve_exchange,2026-10-04,/71/name,"""CEX.IO""",https://api.llama.fi/cexs,"""Snapshot al momento del prelievo; non ricostruisce lo stato di ieri.""",Licenza dei dati terzi non verificata come aperta: valgono i termini della fonte; accesso pubblico non equivale a diritto di ripubblicazione. Codice locale originale CC0; nessuna nuova licenza applicata ai dati.,,Fonti originali,Licenza dei dati terzi non verificata come aperta: valgono i termini della fonte; accesso pubblico non equivale a diritto di ripubblicazione. Codice locale originale CC0; nessuna nuova licenza applicata ai dati.
riserve_exchange,2026-10-04,/71/walletsLink,null,https://api.llama.fi/cexs,"""Snapshot al momento del prelievo; non ricostruisce lo stato di ieri.""",Licenza dei dati terzi non verificata come aperta: valgono i termini della fonte; accesso pubblico non equivale a diritto di ripubblicazione. Codice locale originale CC0; nessuna nuova licenza applicata ai dati.,,Fonti originali,Licenza dei dati terzi non verificata come aperta: valgono i termini della fonte; accesso pubblico non equivale a diritto di ripubblicazione. Codice locale originale CC0; nessuna nuova licenza applicata ai dati.
riserve_exchange,2026-10-04,/71/currentTvl,3055037.7100852993,https://api.llama.fi/cexs,"""Snapshot al momento del prelievo; non ricostruisce lo stato di ieri.""",Licenza dei dati terzi non verificata come aperta: valgono i termini della fonte; accesso pubblico non equivale a diritto di ripubblicazione. Codice locale originale CC0; nessuna nuova licenza applicata ai dati.,,Fonti originali,Licenza dei dati terzi non verificata come aperta: valgono i termini della fonte; accesso pubblico non equivale a diritto di ripubblicazione. Codice locale originale CC0; nessuna nuova licenza applicata ai dati.
riserve_exchange,2026-10-04,/71/cleanAssetsTvl,3055037.7100852993,https://api.llama.fi/cexs,"""Snapshot al momento del prelievo; non ricostruisce lo stato di ieri.""",Licenza dei dati terzi non verificata come aperta: valgono i termini della fonte; accesso pubblico non equivale a diritto di ripubblicazione. Codice locale originale CC0; nessuna nuova licenza applicata ai dati.,,Fonti originali,Licenza dei dati terzi non verificata come aperta: valgono i termini della fonte; accesso pubblico non equivale a diritto di ripubblicazione. Codice locale originale CC0; nessuna nuova licenza applicata ai dati.
riserve_exchange,2026-10-04,/71/inflows_24h,295847.04067647754,https://api.llama.fi/cexs,"""Snapshot al momento del prelievo; non ricostruisce lo stato di ieri.""",Licenza dei dati terzi non verificata come aperta: valgono i termini della fonte; accesso pubblico non equivale a diritto di ripubblicazione. Codice locale originale CC0; nessuna nuova licenza applicata ai dati.,,Fonti originali,Licenza dei dati terzi non verificata come aperta: valgono i termini della fonte; accesso pubblico non equivale a diritto di ripubblicazione. Codice locale originale CC0; nessuna nuova licenza applicata ai dati.
riserve_exchange,2026-10-04,/71/inflows_1w,1216530.2855698753,https://api.llama.fi/cexs,"""Snapshot al momento del prelievo; non ricostruisce lo stato di ieri.""",Licenza dei dati terzi non verificata come aperta: valgono i termini della fonte; accesso pubblico non equivale a diritto di ripubblicazione. Codice locale originale CC0; nessuna nuova licenza applicata ai dati.,,Fonti originali,Licenza dei dati terzi non verificata come aperta: valgono i termini della fonte; accesso pubblico non equivale a diritto di ripubblicazione. Codice locale originale CC0; nessuna nuova licenza applicata ai dati.
riserve_exchange,2026-10-04,/71/inflows_1m,761179.8887246458,https://api.llama.fi/cexs,"""Snapshot al momento del prelievo; non ricostruisce lo stato di ieri.""",Licenza dei dati terzi non verificata come aperta: valgono i termini della fonte; accesso pubblico non equivale a diritto di ripubblicazione. Codice locale originale CC0; nessuna nuova licenza applicata ai dati.,,Fonti originali,Licenza dei dati terzi non verificata come aperta: valgono i termini della fonte; accesso pubblico non equivale a diritto di ripubblicazione. Codice locale originale CC0; nessuna nuova licenza applicata ai dati.
riserve_exchange,2026-10-04,/72/id,"""6715""",https://api.llama.fi/cexs,"""Snapshot al momento del prelievo; non ricostruisce lo stato di ieri.""",Licenza dei dati terzi non verificata come aperta: valgono i termini della fonte; accesso pubblico non equivale a diritto di ripubblicazione. Codice locale originale CC0; nessuna nuova licenza applicata ai dati.,,Fonti originali,Licenza dei dati terzi non verificata come aperta: valgono i termini della fonte; accesso pubblico non equivale a diritto di ripubblicazione. Codice locale originale CC0; nessuna nuova licenza applicata ai dati.
riserve_exchange,2026-10-04,/72/name,"""Bitlo""",https://api.llama.fi/cexs,"""Snapshot al momento del prelievo; non ricostruisce lo stato di ieri.""",Licenza dei dati terzi non verificata come aperta: valgono i termini della fonte; accesso pubblico non equivale a diritto di ripubblicazione. Codice locale originale CC0; nessuna nuova licenza applicata ai dati.,,Fonti originali,Licenza dei dati terzi non verificata come aperta: valgono i termini della fonte; accesso pubblico non equivale a diritto di ripubblicazione. Codice locale originale CC0; nessuna nuova licenza applicata ai dati.
riserve_exchange,2026-10-04,/72/walletsLink,null,https://api.llama.fi/cexs,"""Snapshot al momento del prelievo; non ricostruisce lo stato di ieri.""",Licenza dei dati terzi non verificata come aperta: valgono i termini della fonte; accesso pubblico non equivale a diritto di ripubblicazione. Codice locale originale CC0; nessuna nuova licenza applicata ai dati.,,Fonti originali,Licenza dei dati terzi non verificata come aperta: valgono i termini della fonte; accesso pubblico non equivale a diritto di ripubblicazione. Codice locale originale CC0; nessuna nuova licenza applicata ai dati.
riserve_exchange,2026-10-04,/72/currentTvl,16345966.518396644,https://api.llama.fi/cexs,"""Snapshot al momento del prelievo; non ricostruisce lo stato di ieri.""",Licenza dei dati terzi non verificata come aperta: valgono i termini della fonte; accesso pubblico non equivale a diritto di ripubblicazione. Codice locale originale CC0; nessuna nuova licenza applicata ai dati.,,Fonti originali,Licenza dei dati terzi non verificata come aperta: valgono i termini della fonte; accesso pubblico non equivale a diritto di ripubblicazione. Codice locale originale CC0; nessuna nuova licenza applicata ai dati.
riserve_exchange,2026-10-04,/72/cleanAssetsTvl,16345966.518396644,https://api.llama.fi/cexs,"""Snapshot al momento del prelievo; non ricostruisce lo stato di ieri.""",Licenza dei dati terzi non verificata come aperta: valgono i termini della fonte; accesso pubblico non equivale a diritto di ripubblicazione. Codice locale originale CC0; nessuna nuova licenza applicata ai dati.,,Fonti originali,Licenza dei dati terzi non verificata come aperta: valgono i termini della fonte; accesso pubblico non equivale a diritto di ripubblicazione. Codice locale originale CC0; nessuna nuova licenza applicata ai dati.
riserve_exchange,2026-10-04,/72/inflows_24h,508.67015295564767,https://api.llama.fi/cexs,"""Snapshot al momento del prelievo; non ricostruisce lo stato di ieri.""",Licenza dei dati terzi non verificata come aperta: valgono i termini della fonte; accesso pubblico non equivale a diritto di ripubblicazione. Codice locale originale CC0; nessuna nuova licenza applicata ai dati.,,Fonti originali,Licenza dei dati terzi non verificata come aperta: valgono i termini della fonte; accesso pubblico non equivale a diritto di ripubblicazione. Codice locale originale CC0; nessuna nuova licenza applicata ai dati.
riserve_exchange,2026-10-04,/72/inflows_1w,30421.241501512635,https://api.llama.fi/cexs,"""Snapshot al momento del prelievo; non ricostruisce lo stato di ieri.""",Licenza dei dati terzi non verificata come aperta: valgono i termini della fonte; accesso pubblico non equivale a diritto di ripubblicazione. Codice locale originale CC0; nessuna nuova licenza applicata ai dati.,,Fonti originali,Licenza dei dati terzi non verificata come aperta: valgono i termini della fonte; accesso pubblico non equivale a diritto di ripubblicazione. Codice locale originale CC0; nessuna nuova licenza applicata ai dati.
riserve_exchange,2026-10-04,/72/inflows_1m,42502.57408433918,https://api.llama.fi/cexs,"""Snapshot al momento del prelievo; non ricostruisce lo stato di ieri.""",Licenza dei dati terzi non verificata come aperta: valgono i termini della fonte; accesso pubblico non equivale a diritto di ripubblicazione. Codice locale originale CC0; nessuna nuova licenza applicata ai dati.,,Fonti originali,Licenza dei dati terzi non verificata come aperta: valgono i termini della fonte; accesso pubblico non equivale a diritto di ripubblicazione. Codice locale originale CC0; nessuna nuova licenza applicata ai dati.
riserve_exchange,2026-10-04,/73/id,"""6781""",https://api.llama.fi/cexs,"""Snapshot al momento del prelievo; non ricostruisce lo stato di ieri.""",Licenza dei dati terzi non verificata come aperta: valgono i termini della fonte; accesso pubblico non equivale a diritto di ripubblicazione. Codice locale originale CC0; nessuna nuova licenza applicata ai dati.,,Fonti originali,Licenza dei dati terzi non verificata come aperta: valgono i termini della fonte; accesso pubblico non equivale a diritto di ripubblicazione. Codice locale originale CC0; nessuna nuova licenza applicata ai dati.
riserve_exchange,2026-10-04,/73/name,"""VALR""",https://api.llama.fi/cexs,"""Snapshot al momento del prelievo; non ricostruisce lo stato di ieri.""",Licenza dei dati terzi non verificata come aperta: valgono i termini della fonte; accesso pubblico non equivale a diritto di ripubblicazione. Codice locale originale CC0; nessuna nuova licenza applicata ai dati.,,Fonti originali,Licenza dei dati terzi non verificata come aperta: valgono i termini della fonte; accesso pubblico non equivale a diritto di ripubblicazione. Codice locale originale CC0; nessuna nuova licenza applicata ai dati.
riserve_exchange,2026-10-04,/73/walletsLink,null,https://api.llama.fi/cexs,"""Snapshot al momento del prelievo; non ricostruisce lo stato di ieri.""",Licenza dei dati terzi non verificata come aperta: valgono i termini della fonte; accesso pubblico non equivale a diritto di ripubblicazione. Codice locale originale CC0; nessuna nuova licenza applicata ai dati.,,Fonti originali,Licenza dei dati terzi non verificata come aperta: valgono i termini della fonte; accesso pubblico non equivale a diritto di ripubblicazione. Codice locale originale CC0; nessuna nuova licenza applicata ai dati.
riserve_exchange,2026-10-04,/73/currentTvl,124364325.28996657,https://api.llama.fi/cexs,"""Snapshot al momento del prelievo; non ricostruisce lo stato di ieri.""",Licenza dei dati terzi non verificata come aperta: valgono i termini della fonte; accesso pubblico non equivale a diritto di ripubblicazione. Codice locale originale CC0; nessuna nuova licenza applicata ai dati.,,Fonti originali,Licenza dei dati terzi non verificata come aperta: valgono i termini della fonte; accesso pubblico non equivale a diritto di ripubblicazione. Codice locale originale CC0; nessuna nuova licenza applicata ai dati.
riserve_exchange,2026-10-04,/73/cleanAssetsTvl,124364325.28996657,https://api.llama.fi/cexs,"""Snapshot al momento del prelievo; non ricostruisce lo stato di ieri.""",Licenza dei dati terzi non verificata come aperta: valgono i termini della fonte; accesso pubblico non equivale a diritto di ripubblicazione. Codice locale originale CC0; nessuna nuova licenza applicata ai dati.,,Fonti originali,Licenza dei dati terzi non verificata come aperta: valgono i termini della fonte; accesso pubblico non equivale a diritto di ripubblicazione. Codice locale originale CC0; nessuna nuova licenza applicata ai dati.
riserve_exchange,2026-10-04,/73/inflows_24h,-8779105.405829813,https://api.llama.fi/cexs,"""Snapshot al momento del prelievo; non ricostruisce lo stato di ieri.""",Licenza dei dati terzi non verificata come aperta: valgono i termini della fonte; accesso pubblico non equivale a diritto di ripubblicazione. Codice locale originale CC0; nessuna nuova licenza applicata ai dati.,,Fonti originali,Licenza dei dati terzi non verificata come aperta: valgono i termini della fonte; accesso pubblico non equivale a diritto di ripubblicazione. Codice locale originale CC0; nessuna nuova licenza applicata ai dati.
riserve_exchange,2026-10-04,/73/inflows_1w,-8217238.7620127695,https://api.llama.fi/cexs,"""Snapshot al momento del prelievo; non ricostruisce lo stato di ieri.""",Licenza dei dati terzi non verificata come aperta: valgono i termini della fonte; accesso pubblico non equivale a diritto di ripubblicazione. Codice locale originale CC0; nessuna nuova licenza applicata ai dati.,,Fonti originali,Licenza dei dati terzi non verificata come aperta: valgono i termini della fonte; accesso pubblico non equivale a diritto di ripubblicazione. Codice locale originale CC0; nessuna nuova licenza applicata ai dati.
riserve_exchange,2026-10-04,/73/inflows_1m,-11111425.826793432,https://api.llama.fi/cexs,"""Snapshot al momento del prelievo; non ricostruisce lo stato di ieri.""",Licenza dei dati terzi non verificata come aperta: valgono i termini della fonte; accesso pubblico non equivale a diritto di ripubblicazione. Codice locale originale CC0; nessuna nuova licenza applicata ai dati.,,Fonti originali,Licenza dei dati terzi non verificata come aperta: valgono i termini della fonte; accesso pubblico non equivale a diritto di ripubblicazione. Codice locale originale CC0; nessuna nuova licenza applicata ai dati.
riserve_exchange,2026-10-04,/74/id,"""6831""",https://api.llama.fi/cexs,"""Snapshot al momento del prelievo; non ricostruisce lo stato di ieri.""",Licenza dei dati terzi non verificata come aperta: valgono i termini della fonte; accesso pubblico non equivale a diritto di ripubblicazione. Codice locale originale CC0; nessuna nuova licenza applicata ai dati.,,Fonti originali,Licenza dei dati terzi non verificata come aperta: valgono i termini della fonte; accesso pubblico non equivale a diritto di ripubblicazione. Codice locale originale CC0; nessuna nuova licenza applicata ai dati.
riserve_exchange,2026-10-04,/74/name,"""BitKan""",https://api.llama.fi/cexs,"""Snapshot al momento del prelievo; non ricostruisce lo stato di ieri.""",Licenza dei dati terzi non verificata come aperta: valgono i termini della fonte; accesso pubblico non equivale a diritto di ripubblicazione. Codice locale originale CC0; nessuna nuova licenza applicata ai dati.,,Fonti originali,Licenza dei dati terzi non verificata come aperta: valgono i termini della fonte; accesso pubblico non equivale a diritto di ripubblicazione. Codice locale originale CC0; nessuna nuova licenza applicata ai dati.
riserve_exchange,2026-10-04,/74/walletsLink,null,https://api.llama.fi/cexs,"""Snapshot al momento del prelievo; non ricostruisce lo stato di ieri.""",Licenza dei dati terzi non verificata come aperta: valgono i termini della fonte; accesso pubblico non equivale a diritto di ripubblicazione. Codice locale originale CC0; nessuna nuova licenza applicata ai dati.,,Fonti originali,Licenza dei dati terzi non verificata come aperta: valgono i termini della fonte; accesso pubblico non equivale a diritto di ripubblicazione. Codice locale originale CC0; nessuna nuova licenza applicata ai dati.
riserve_exchange,2026-10-04,/74/currentTvl,31793878.631919887,https://api.llama.fi/cexs,"""Snapshot al momento del prelievo; non ricostruisce lo stato di ieri.""",Licenza dei dati terzi non verificata come aperta: valgono i termini della fonte; accesso pubblico non equivale a diritto di ripubblicazione. Codice locale originale CC0; nessuna nuova licenza applicata ai dati.,,Fonti originali,Licenza dei dati terzi non verificata come aperta: valgono i termini della fonte; accesso pubblico non equivale a diritto di ripubblicazione. Codice locale originale CC0; nessuna nuova licenza applicata ai dati.
riserve_exchange,2026-10-04,/74/cleanAssetsTvl,31793878.631919887,https://api.llama.fi/cexs,"""Snapshot al momento del prelievo; non ricostruisce lo stato di ieri.""",Licenza dei dati terzi non verificata come aperta: valgono i termini della fonte; accesso pubblico non equivale a diritto di ripubblicazione. Codice locale originale CC0; nessuna nuova licenza applicata ai dati.,,Fonti originali,Licenza dei dati terzi non verificata come aperta: valgono i termini della fonte; accesso pubblico non equivale a diritto di ripubblicazione. Codice locale originale CC0; nessuna nuova licenza applicata ai dati.
riserve_exchange,2026-10-04,/74/inflows_24h,-6062971.156510127,https://api.llama.fi/cexs,"""Snapshot al momento del prelievo; non ricostruisce lo stato di ieri.""",Licenza dei dati terzi non verificata come aperta: valgono i termini della fonte; accesso pubblico non equivale a diritto di ripubblicazione. Codice locale originale CC0; nessuna nuova licenza applicata ai dati.,,Fonti originali,Licenza dei dati terzi non verificata come aperta: valgono i termini della fonte; accesso pubblico non equivale a diritto di ripubblicazione. Codice locale originale CC0; nessuna nuova licenza applicata ai dati.
riserve_exchange,2026-10-04,/74/inflows_1w,-1006563.2135726041,https://api.llama.fi/cexs,"""Snapshot al momento del prelievo; non ricostruisce lo stato di ieri.""",Licenza dei dati terzi non verificata come aperta: valgono i termini della fonte; accesso pubblico non equivale a diritto di ripubblicazione. Codice locale originale CC0; nessuna nuova licenza applicata ai dati.,,Fonti originali,Licenza dei dati terzi non verificata come aperta: valgono i termini della fonte; accesso pubblico non equivale a diritto di ripubblicazione. Codice locale originale CC0; nessuna nuova licenza applicata ai dati.
riserve_exchange,2026-10-04,/74/inflows_1m,-7258501.352711004,https://api.llama.fi/cexs,"""Snapshot al momento del prelievo; non ricostruisce lo stato di ieri.""",Licenza dei dati terzi non verificata come aperta: valgono i termini della fonte; accesso pubblico non equivale a diritto di ripubblicazione. Codice locale originale CC0; nessuna nuova licenza applicata ai dati.,,Fonti originali,Licenza dei dati terzi non verificata come aperta: valgono i termini della fonte; accesso pubblico non equivale a diritto di ripubblicazione. Codice locale originale CC0; nessuna nuova licenza applicata ai dati.
riserve_exchange,2026-10-04,/75/id,"""1210""",https://api.llama.fi/cexs,"""Snapshot al momento del prelievo; non ricostruisce lo stato di ieri.""",Licenza dei dati terzi non verificata come aperta: valgono i termini della fonte; accesso pubblico non equivale a diritto di ripubblicazione. Codice locale originale CC0; nessuna nuova licenza applicata ai dati.,,Fonti originali,Licenza dei dati terzi non verificata come aperta: valgono i termini della fonte; accesso pubblico non equivale a diritto di ripubblicazione. Codice locale originale CC0; nessuna nuova licenza applicata ai dati.
riserve_exchange,2026-10-04,/75/name,"""Voyager""",https://api.llama.fi/cexs,"""Snapshot al momento del prelievo; non ricostruisce lo stato di ieri.""",Licenza dei dati terzi non verificata come aperta: valgono i termini della fonte; accesso pubblico non equivale a diritto di ripubblicazione. Codice locale originale CC0; nessuna nuova licenza applicata ai dati.,,Fonti originali,Licenza dei dati terzi non verificata come aperta: valgono i termini della fonte; accesso pubblico non equivale a diritto di ripubblicazione. Codice locale originale CC0; nessuna nuova licenza applicata ai dati.
riserve_exchange,2026-10-04,/75/walletsLink,null,https://api.llama.fi/cexs,"""Snapshot al momento del prelievo; non ricostruisce lo stato di ieri.""",Licenza dei dati terzi non verificata come aperta: valgono i termini della fonte; accesso pubblico non equivale a diritto di ripubblicazione. Codice locale originale CC0; nessuna nuova licenza applicata ai dati.,,Fonti originali,Licenza dei dati terzi non verificata come aperta: valgono i termini della fonte; accesso pubblico non equivale a diritto di ripubblicazione. Codice locale originale CC0; nessuna nuova licenza applicata ai dati.
riserve_exchange,2026-10-04,/75/currentTvl,0,https://api.llama.fi/cexs,"""Snapshot al momento del prelievo; non ricostruisce lo stato di ieri.""",Licenza dei dati terzi non verificata come aperta: valgono i termini della fonte; accesso pubblico non equivale a diritto di ripubblicazione. Codice locale originale CC0; nessuna nuova licenza applicata ai dati.,,Fonti originali,Licenza dei dati terzi non verificata come aperta: valgono i termini della fonte; accesso pubblico non equivale a diritto di ripubblicazione. Codice locale originale CC0; nessuna nuova licenza applicata ai dati.
riserve_exchange,2026-10-04,/75/cleanAssetsTvl,0,https://api.llama.fi/cexs,"""Snapshot al momento del prelievo; non ricostruisce lo stato di ieri.""",Licenza dei dati terzi non verificata come aperta: valgono i termini della fonte; accesso pubblico non equivale a diritto di ripubblicazione. Codice locale originale CC0; nessuna nuova licenza applicata ai dati.,,Fonti originali,Licenza dei dati terzi non verificata come aperta: valgono i termini della fonte; accesso pubblico non equivale a diritto di ripubblicazione. Codice locale originale CC0; nessuna nuova licenza applicata ai dati.
riserve_exchange,2026-10-04,/75/inflows_24h,0,https://api.llama.fi/cexs,"""Snapshot al momento del prelievo; non ricostruisce lo stato di ieri.""",Licenza dei dati terzi non verificata come aperta: valgono i termini della fonte; accesso pubblico non equivale a diritto di ripubblicazione. Codice locale originale CC0; nessuna nuova licenza applicata ai dati.,,Fonti originali,Licenza dei dati terzi non verificata come aperta: valgono i termini della fonte; accesso pubblico non equivale a diritto di ripubblicazione. Codice locale originale CC0; nessuna nuova licenza applicata ai dati.
riserve_exchange,2026-10-04,/75/inflows_1w,0,https://api.llama.fi/cexs,"""Snapshot al momento del prelievo; non ricostruisce lo stato di ieri.""",Licenza dei dati terzi non verificata come aperta: valgono i termini della fonte; accesso pubblico non equivale a diritto di ripubblicazione. Codice locale originale CC0; nessuna nuova licenza applicata ai dati.,,Fonti originali,Licenza dei dati terzi non verificata come aperta: valgono i termini della fonte; accesso pubblico non equivale a diritto di ripubblicazione. Codice locale originale CC0; nessuna nuova licenza applicata ai dati.
riserve_exchange,2026-10-04,/75/inflows_1m,0,https://api.llama.fi/cexs,"""Snapshot al momento del prelievo; non ricostruisce lo stato di ieri.""",Licenza dei dati terzi non verificata come aperta: valgono i termini della fonte; accesso pubblico non equivale a diritto di ripubblicazione. Codice locale originale CC0; nessuna nuova licenza applicata ai dati.,,Fonti originali,Licenza dei dati terzi non verificata come aperta: valgono i termini della fonte; accesso pubblico non equivale a diritto di ripubblicazione. Codice locale originale CC0; nessuna nuova licenza applicata ai dati.
riserve_exchange,2026-10-04,/76/id,"""7013""",https://api.llama.fi/cexs,"""Snapshot al momento del prelievo; non ricostruisce lo stato di ieri.""",Licenza dei dati terzi non verificata come aperta: valgono i termini della fonte; accesso pubblico non equivale a diritto di ripubblicazione. Codice locale originale CC0; nessuna nuova licenza applicata ai dati.,,Fonti originali,Licenza dei dati terzi non verificata come aperta: valgono i termini della fonte; accesso pubblico non equivale a diritto di ripubblicazione. Codice locale originale CC0; nessuna nuova licenza applicata ai dati.
riserve_exchange,2026-10-04,/76/name,"""Gate US""",https://api.llama.fi/cexs,"""Snapshot al momento del prelievo; non ricostruisce lo stato di ieri.""",Licenza dei dati terzi non verificata come aperta: valgono i termini della fonte; accesso pubblico non equivale a diritto di ripubblicazione. Codice locale originale CC0; nessuna nuova licenza applicata ai dati.,,Fonti originali,Licenza dei dati terzi non verificata come aperta: valgono i termini della fonte; accesso pubblico non equivale a diritto di ripubblicazione. Codice locale originale CC0; nessuna nuova licenza applicata ai dati.
riserve_exchange,2026-10-04,/76/walletsLink,null,https://api.llama.fi/cexs,"""Snapshot al momento del prelievo; non ricostruisce lo stato di ieri.""",Licenza dei dati terzi non verificata come aperta: valgono i termini della fonte; accesso pubblico non equivale a diritto di ripubblicazione. Codice locale originale CC0; nessuna nuova licenza applicata ai dati.,,Fonti originali,Licenza dei dati terzi non verificata come aperta: valgono i termini della fonte; accesso pubblico non equivale a diritto di ripubblicazione. Codice locale originale CC0; nessuna nuova licenza applicata ai dati.
riserve_exchange,2026-10-04,/76/currentTvl,9912395.434663855,https://api.llama.fi/cexs,"""Snapshot al momento del prelievo; non ricostruisce lo stato di ieri.""",Licenza dei dati terzi non verificata come aperta: valgono i termini della fonte; accesso pubblico non equivale a diritto di ripubblicazione. Codice locale originale CC0; nessuna nuova licenza applicata ai dati.,,Fonti originali,Licenza dei dati terzi non verificata come aperta: valgono i termini della fonte; accesso pubblico non equivale a diritto di ripubblicazione. Codice locale originale CC0; nessuna nuova licenza applicata ai dati.
riserve_exchange,2026-10-04,/76/cleanAssetsTvl,9912395.434663855,https://api.llama.fi/cexs,"""Snapshot al momento del prelievo; non ricostruisce lo stato di ieri.""",Licenza dei dati terzi non verificata come aperta: valgono i termini della fonte; accesso pubblico non equivale a diritto di ripubblicazione. Codice locale originale CC0; nessuna nuova licenza applicata ai dati.,,Fonti originali,Licenza dei dati terzi non verificata come aperta: valgono i termini della fonte; accesso pubblico non equivale a diritto di ripubblicazione. Codice locale originale CC0; nessuna nuova licenza applicata ai dati.
riserve_exchange,2026-10-04,/76/inflows_24h,-5135.40295445771,https://api.llama.fi/cexs,"""Snapshot al momento del prelievo; non ricostruisce lo stato di ieri.""",Licenza dei dati terzi non verificata come aperta: valgono i termini della fonte; accesso pubblico non equivale a diritto di ripubblicazione. Codice locale originale CC0; nessuna nuova licenza applicata ai dati.,,Fonti originali,Licenza dei dati terzi non verificata come aperta: valgono i termini della fonte; accesso pubblico non equivale a diritto di ripubblicazione. Codice locale originale CC0; nessuna nuova licenza applicata ai dati.
riserve_exchange,2026-10-04,/76/inflows_1w,-41040471.167449884,https://api.llama.fi/cexs,"""Snapshot al momento del prelievo; non ricostruisce lo stato di ieri.""",Licenza dei dati terzi non verificata come aperta: valgono i termini della fonte; accesso pubblico non equivale a diritto di ripubblicazione. Codice locale originale CC0; nessuna nuova licenza applicata ai dati.,,Fonti originali,Licenza dei dati terzi non verificata come aperta: valgono i termini della fonte; accesso pubblico non equivale a diritto di ripubblicazione. Codice locale originale CC0; nessuna nuova licenza applicata ai dati.
riserve_exchange,2026-10-04,/76/inflows_1m,-46103051.03108405,https://api.llama.fi/cexs,"""Snapshot al momento del prelievo; non ricostruisce lo stato di ieri.""",Licenza dei dati terzi non verificata come aperta: valgono i termini della fonte; accesso pubblico non equivale a diritto di ripubblicazione. Codice locale originale CC0; nessuna nuova licenza applicata ai dati.,,Fonti originali,Licenza dei dati terzi non verificata come aperta: valgono i termini della fonte; accesso pubblico non equivale a diritto di ripubblicazione. Codice locale originale CC0; nessuna nuova licenza applicata ai dati.
riserve_exchange,2026-10-04,/77/id,"""7060""",https://api.llama.fi/cexs,"""Snapshot al momento del prelievo; non ricostruisce lo stato di ieri.""",Licenza dei dati terzi non verificata come aperta: valgono i termini della fonte; accesso pubblico non equivale a diritto di ripubblicazione. Codice locale originale CC0; nessuna nuova licenza applicata ai dati.,,Fonti originali,Licenza dei dati terzi non verificata come aperta: valgono i termini della fonte; accesso pubblico non equivale a diritto di ripubblicazione. Codice locale originale CC0; nessuna nuova licenza applicata ai dati.
riserve_exchange,2026-10-04,/77/name,"""LeveX""",https://api.llama.fi/cexs,"""Snapshot al momento del prelievo; non ricostruisce lo stato di ieri.""",Licenza dei dati terzi non verificata come aperta: valgono i termini della fonte; accesso pubblico non equivale a diritto di ripubblicazione. Codice locale originale CC0; nessuna nuova licenza applicata ai dati.,,Fonti originali,Licenza dei dati terzi non verificata come aperta: valgono i termini della fonte; accesso pubblico non equivale a diritto di ripubblicazione. Codice locale originale CC0; nessuna nuova licenza applicata ai dati.
riserve_exchange,2026-10-04,/77/walletsLink,null,https://api.llama.fi/cexs,"""Snapshot al momento del prelievo; non ricostruisce lo stato di ieri.""",Licenza dei dati terzi non verificata come aperta: valgono i termini della fonte; accesso pubblico non equivale a diritto di ripubblicazione. Codice locale originale CC0; nessuna nuova licenza applicata ai dati.,,Fonti originali,Licenza dei dati terzi non verificata come aperta: valgono i termini della fonte; accesso pubblico non equivale a diritto di ripubblicazione. Codice locale originale CC0; nessuna nuova licenza applicata ai dati.
riserve_exchange,2026-10-04,/77/currentTvl,8435899.944742432,https://api.llama.fi/cexs,"""Snapshot al momento del prelievo; non ricostruisce lo stato di ieri.""",Licenza dei dati terzi non verificata come aperta: valgono i termini della fonte; accesso pubblico non equivale a diritto di ripubblicazione. Codice locale originale CC0; nessuna nuova licenza applicata ai dati.,,Fonti originali,Licenza dei dati terzi non verificata come aperta: valgono i termini della fonte; accesso pubblico non equivale a diritto di ripubblicazione. Codice locale originale CC0; nessuna nuova licenza applicata ai dati.
riserve_exchange,2026-10-04,/77/cleanAssetsTvl,8435899.944742432,https://api.llama.fi/cexs,"""Snapshot al momento del prelievo; non ricostruisce lo stato di ieri.""",Licenza dei dati terzi non verificata come aperta: valgono i termini della fonte; accesso pubblico non equivale a diritto di ripubblicazione. Codice locale originale CC0; nessuna nuova licenza applicata ai dati.,,Fonti originali,Licenza dei dati terzi non verificata come aperta: valgono i termini della fonte; accesso pubblico non equivale a diritto di ripubblicazione. Codice locale originale CC0; nessuna nuova licenza applicata ai dati.
riserve_exchange,2026-10-04,/77/inflows_24h,7878.766153942654,https://api.llama.fi/cexs,"""Snapshot al momento del prelievo; non ricostruisce lo stato di ieri.""",Licenza dei dati terzi non verificata come aperta: valgono i termini della fonte; accesso pubblico non equivale a diritto di ripubblicazione. Codice locale originale CC0; nessuna nuova licenza applicata ai dati.,,Fonti originali,Licenza dei dati terzi non verificata come aperta: valgono i termini della fonte; accesso pubblico non equivale a diritto di ripubblicazione. Codice locale originale CC0; nessuna nuova licenza applicata ai dati.
riserve_exchange,2026-10-04,/77/inflows_1w,-234596.1873244255,https://api.llama.fi/cexs,"""Snapshot al momento del prelievo; non ricostruisce lo stato di ieri.""",Licenza dei dati terzi non verificata come aperta: valgono i termini della fonte; accesso pubblico non equivale a diritto di ripubblicazione. Codice locale originale CC0; nessuna nuova licenza applicata ai dati.,,Fonti originali,Licenza dei dati terzi non verificata come aperta: valgono i termini della fonte; accesso pubblico non equivale a diritto di ripubblicazione. Codice locale originale CC0; nessuna nuova licenza applicata ai dati.
riserve_exchange,2026-10-04,/77/inflows_1m,-917168.5024106128,https://api.llama.fi/cexs,"""Snapshot al momento del prelievo; non ricostruisce lo stato di ieri.""",Licenza dei dati terzi non verificata come aperta: valgono i termini della fonte; accesso pubblico non equivale a diritto di ripubblicazione. Codice locale originale CC0; nessuna nuova licenza applicata ai dati.,,Fonti originali,Licenza dei dati terzi non verificata come aperta: valgono i termini della fonte; accesso pubblico non equivale a diritto di ripubblicazione. Codice locale originale CC0; nessuna nuova licenza applicata ai dati.
riserve_exchange,2026-10-04,/78/id,"""7211""",https://api.llama.fi/cexs,"""Snapshot al momento del prelievo; non ricostruisce lo stato di ieri.""",Licenza dei dati terzi non verificata come aperta: valgono i termini della fonte; accesso pubblico non equivale a diritto di ripubblicazione. Codice locale originale CC0; nessuna nuova licenza applicata ai dati.,,Fonti originali,Licenza dei dati terzi non verificata come aperta: valgono i termini della fonte; accesso pubblico non equivale a diritto di ripubblicazione. Codice locale originale CC0; nessuna nuova licenza applicata ai dati.
riserve_exchange,2026-10-04,/78/name,"""WEEX""",https://api.llama.fi/cexs,"""Snapshot al momento del prelievo; non ricostruisce lo stato di ieri.""",Licenza dei dati terzi non verificata come aperta: valgono i termini della fonte; accesso pubblico non equivale a diritto di ripubblicazione. Codice locale originale CC0; nessuna nuova licenza applicata ai dati.,,Fonti originali,Licenza dei dati terzi non verificata come aperta: valgono i termini della fonte; accesso pubblico non equivale a diritto di ripubblicazione. Codice locale originale CC0; nessuna nuova licenza applicata ai dati.
riserve_exchange,2026-10-04,/78/walletsLink,null,https://api.llama.fi/cexs,"""Snapshot al momento del prelievo; non ricostruisce lo stato di ieri.""",Licenza dei dati terzi non verificata come aperta: valgono i termini della fonte; accesso pubblico non equivale a diritto di ripubblicazione. Codice locale originale CC0; nessuna nuova licenza applicata ai dati.,,Fonti originali,Licenza dei dati terzi non verificata come aperta: valgono i termini della fonte; accesso pubblico non equivale a diritto di ripubblicazione. Codice locale originale CC0; nessuna nuova licenza applicata ai dati.
riserve_exchange,2026-10-04,/78/currentTvl,308422123.54157573,https://api.llama.fi/cexs,"""Snapshot al momento del prelievo; non ricostruisce lo stato di ieri.""",Licenza dei dati terzi non verificata come aperta: valgono i termini della fonte; accesso pubblico non equivale a diritto di ripubblicazione. Codice locale originale CC0; nessuna nuova licenza applicata ai dati.,,Fonti originali,Licenza dei dati terzi non verificata come aperta: valgono i termini della fonte; accesso pubblico non equivale a diritto di ripubblicazione. Codice locale originale CC0; nessuna nuova licenza applicata ai dati.
riserve_exchange,2026-10-04,/78/cleanAssetsTvl,194443121.9898948,https://api.llama.fi/cexs,"""Snapshot al momento del prelievo; non ricostruisce lo stato di ieri.""",Licenza dei dati terzi non verificata come aperta: valgono i termini della fonte; accesso pubblico non equivale a diritto di ripubblicazione. Codice locale originale CC0; nessuna nuova licenza applicata ai dati.,,Fonti originali,Licenza dei dati terzi non verificata come aperta: valgono i termini della fonte; accesso pubblico non equivale a diritto di ripubblicazione. Codice locale originale CC0; nessuna nuova licenza applicata ai dati.
riserve_exchange,2026-10-04,/78/inflows_24h,-1423748.66841773,https://api.llama.fi/cexs,"""Snapshot al momento del prelievo; non ricostruisce lo stato di ieri.""",Licenza dei dati terzi non verificata come aperta: valgono i termini della fonte; accesso pubblico non equivale a diritto di ripubblicazione. Codice locale originale CC0; nessuna nuova licenza applicata ai dati.,,Fonti originali,Licenza dei dati terzi non verificata come aperta: valgono i termini della fonte; accesso pubblico non equivale a diritto di ripubblicazione. Codice locale originale CC0; nessuna nuova licenza applicata ai dati.
riserve_exchange,2026-10-04,/78/inflows_1w,-4660765.072231805,https://api.llama.fi/cexs,"""Snapshot al momento del prelievo; non ricostruisce lo stato di ieri.""",Licenza dei dati terzi non verificata come aperta: valgono i termini della fonte; accesso pubblico non equivale a diritto di ripubblicazione. Codice locale originale CC0; nessuna nuova licenza applicata ai dati.,,Fonti originali,Licenza dei dati terzi non verificata come aperta: valgono i termini della fonte; accesso pubblico non equivale a diritto di ripubblicazione. Codice locale originale CC0; nessuna nuova licenza applicata ai dati.
riserve_exchange,2026-10-04,/78/inflows_1m,7211742.118694265,https://api.llama.fi/cexs,"""Snapshot al momento del prelievo; non ricostruisce lo stato di ieri.""",Licenza dei dati terzi non verificata come aperta: valgono i termini della fonte; accesso pubblico non equivale a diritto di ripubblicazione. Codice locale originale CC0; nessuna nuova licenza applicata ai dati.,,Fonti originali,Licenza dei dati terzi non verificata come aperta: valgono i termini della fonte; accesso pubblico non equivale a diritto di ripubblicazione. Codice locale originale CC0; nessuna nuova licenza applicata ai dati.
riserve_exchange,2026-10-04,/79/id,"""7222""",https://api.llama.fi/cexs,"""Snapshot al momento del prelievo; non ricostruisce lo stato di ieri.""",Licenza dei dati terzi non verificata come aperta: valgono i termini della fonte; accesso pubblico non equivale a diritto di ripubblicazione. Codice locale originale CC0; nessuna nuova licenza applicata ai dati.,,Fonti originali,Licenza dei dati terzi non verificata come aperta: valgono i termini della fonte; accesso pubblico non equivale a diritto di ripubblicazione. Codice locale originale CC0; nessuna nuova licenza applicata ai dati.
riserve_exchange,2026-10-04,/79/name,"""BYDFi""",https://api.llama.fi/cexs,"""Snapshot al momento del prelievo; non ricostruisce lo stato di ieri.""",Licenza dei dati terzi non verificata come aperta: valgono i termini della fonte; accesso pubblico non equivale a diritto di ripubblicazione. Codice locale originale CC0; nessuna nuova licenza applicata ai dati.,,Fonti originali,Licenza dei dati terzi non verificata come aperta: valgono i termini della fonte; accesso pubblico non equivale a diritto di ripubblicazione. Codice locale originale CC0; nessuna nuova licenza applicata ai dati.
riserve_exchange,2026-10-04,/79/walletsLink,null,https://api.llama.fi/cexs,"""Snapshot al momento del prelievo; non ricostruisce lo stato di ieri.""",Licenza dei dati terzi non verificata come aperta: valgono i termini della fonte; accesso pubblico non equivale a diritto di ripubblicazione. Codice locale originale CC0; nessuna nuova licenza applicata ai dati.,,Fonti originali,Licenza dei dati terzi non verificata come aperta: valgono i termini della fonte; accesso pubblico non equivale a diritto di ripubblicazione. Codice locale originale CC0; nessuna nuova licenza applicata ai dati.
riserve_exchange,2026-10-04,/79/currentTvl,85549171.42366561,https://api.llama.fi/cexs,"""Snapshot al momento del prelievo; non ricostruisce lo stato di ieri.""",Licenza dei dati terzi non verificata come aperta: valgono i termini della fonte; accesso pubblico non equivale a diritto di ripubblicazione. Codice locale originale CC0; nessuna nuova licenza applicata ai dati.,,Fonti originali,Licenza dei dati terzi non verificata come aperta: valgono i termini della fonte; accesso pubblico non equivale a diritto di ripubblicazione. Codice locale originale CC0; nessuna nuova licenza applicata ai dati.
riserve_exchange,2026-10-04,/79/cleanAssetsTvl,85549171.42366561,https://api.llama.fi/cexs,"""Snapshot al momento del prelievo; non ricostruisce lo stato di ieri.""",Licenza dei dati terzi non verificata come aperta: valgono i termini della fonte; accesso pubblico non equivale a diritto di ripubblicazione. Codice locale originale CC0; nessuna nuova licenza applicata ai dati.,,Fonti originali,Licenza dei dati terzi non verificata come aperta: valgono i termini della fonte; accesso pubblico non equivale a diritto di ripubblicazione. Codice locale originale CC0; nessuna nuova licenza applicata ai dati.
riserve_exchange,2026-10-04,/79/inflows_24h,-8250116.314170329,https://api.llama.fi/cexs,"""Snapshot al momento del prelievo; non ricostruisce lo stato di ieri.""",Licenza dei dati terzi non verificata come aperta: valgono i termini della fonte; accesso pubblico non equivale a diritto di ripubblicazione. Codice locale originale CC0; nessuna nuova licenza applicata ai dati.,,Fonti originali,Licenza dei dati terzi non verificata come aperta: valgono i termini della fonte; accesso pubblico non equivale a diritto di ripubblicazione. Codice locale originale CC0; nessuna nuova licenza applicata ai dati.
riserve_exchange,2026-10-04,/79/inflows_1w,-8655614.27970781,https://api.llama.fi/cexs,"""Snapshot al momento del prelievo; non ricostruisce lo stato di ieri.""",Licenza dei dati terzi non verificata come aperta: valgono i termini della fonte; accesso pubblico non equivale a diritto di ripubblicazione. Codice locale originale CC0; nessuna nuova licenza applicata ai dati.,,Fonti originali,Licenza dei dati terzi non verificata come aperta: valgono i termini della fonte; accesso pubblico non equivale a diritto di ripubblicazione. Codice locale originale CC0; nessuna nuova licenza applicata ai dati.
riserve_exchange,2026-10-04,/79/inflows_1m,-8015970.26875661,https://api.llama.fi/cexs,"""Snapshot al momento del prelievo; non ricostruisce lo stato di ieri.""",Licenza dei dati terzi non verificata come aperta: valgono i termini della fonte; accesso pubblico non equivale a diritto di ripubblicazione. Codice locale originale CC0; nessuna nuova licenza applicata ai dati.,,Fonti originali,Licenza dei dati terzi non verificata come aperta: valgono i termini della fonte; accesso pubblico non equivale a diritto di ripubblicazione. Codice locale originale CC0; nessuna nuova licenza applicata ai dati.
riserve_exchange,2026-10-04,/80/id,"""7248""",https://api.llama.fi/cexs,"""Snapshot al momento del prelievo; non ricostruisce lo stato di ieri.""",Licenza dei dati terzi non verificata come aperta: valgono i termini della fonte; accesso pubblico non equivale a diritto di ripubblicazione. Codice locale originale CC0; nessuna nuova licenza applicata ai dati.,,Fonti originali,Licenza dei dati terzi non verificata come aperta: valgono i termini della fonte; accesso pubblico non equivale a diritto di ripubblicazione. Codice locale originale CC0; nessuna nuova licenza applicata ai dati.
riserve_exchange,2026-10-04,/80/name,"""OSL Exchange""",https://api.llama.fi/cexs,"""Snapshot al momento del prelievo; non ricostruisce lo stato di ieri.""",Licenza dei dati terzi non verificata come aperta: valgono i termini della fonte; accesso pubblico non equivale a diritto di ripubblicazione. Codice locale originale CC0; nessuna nuova licenza applicata ai dati.,,Fonti originali,Licenza dei dati terzi non verificata come aperta: valgono i termini della fonte; accesso pubblico non equivale a diritto di ripubblicazione. Codice locale originale CC0; nessuna nuova licenza applicata ai dati.
riserve_exchange,2026-10-04,/80/walletsLink,null,https://api.llama.fi/cexs,"""Snapshot al momento del prelievo; non ricostruisce lo stato di ieri.""",Licenza dei dati terzi non verificata come aperta: valgono i termini della fonte; accesso pubblico non equivale a diritto di ripubblicazione. Codice locale originale CC0; nessuna nuova licenza applicata ai dati.,,Fonti originali,Licenza dei dati terzi non verificata come aperta: valgono i termini della fonte; accesso pubblico non equivale a diritto di ripubblicazione. Codice locale originale CC0; nessuna nuova licenza applicata ai dati.
riserve_exchange,2026-10-04,/80/currentTvl,798158359.9162045,https://api.llama.fi/cexs,"""Snapshot al momento del prelievo; non ricostruisce lo stato di ieri.""",Licenza dei dati terzi non verificata come aperta: valgono i termini della fonte; accesso pubblico non equivale a diritto di ripubblicazione. Codice locale originale CC0; nessuna nuova licenza applicata ai dati.,,Fonti originali,Licenza dei dati terzi non verificata come aperta: valgono i termini della fonte; accesso pubblico non equivale a diritto di ripubblicazione. Codice locale originale CC0; nessuna nuova licenza applicata ai dati.
riserve_exchange,2026-10-04,/80/cleanAssetsTvl,798158359.9162045,https://api.llama.fi/cexs,"""Snapshot al momento del prelievo; non ricostruisce lo stato di ieri.""",Licenza dei dati terzi non verificata come aperta: valgono i termini della fonte; accesso pubblico non equivale a diritto di ripubblicazione. Codice locale originale CC0; nessuna nuova licenza applicata ai dati.,,Fonti originali,Licenza dei dati terzi non verificata come aperta: valgono i termini della fonte; accesso pubblico non equivale a diritto di ripubblicazione. Codice locale originale CC0; nessuna nuova licenza applicata ai dati.
riserve_exchange,2026-10-04,/80/inflows_24h,-1643144.0146964383,https://api.llama.fi/cexs,"""Snapshot al momento del prelievo; non ricostruisce lo stato di ieri.""",Licenza dei dati terzi non verificata come aperta: valgono i termini della fonte; accesso pubblico non equivale a diritto di ripubblicazione. Codice locale originale CC0; nessuna nuova licenza applicata ai dati.,,Fonti originali,Licenza dei dati terzi non verificata come aperta: valgono i termini della fonte; accesso pubblico non equivale a diritto di ripubblicazione. Codice locale originale CC0; nessuna nuova licenza applicata ai dati.
riserve_exchange,2026-10-04,/80/inflows_1w,-11491944.582700508,https://api.llama.fi/cexs,"""Snapshot al momento del prelievo; non ricostruisce lo stato di ieri.""",Licenza dei dati terzi non verificata come aperta: valgono i termini della fonte; accesso pubblico non equivale a diritto di ripubblicazione. Codice locale originale CC0; nessuna nuova licenza applicata ai dati.,,Fonti originali,Licenza dei dati terzi non verificata come aperta: valgono i termini della fonte; accesso pubblico non equivale a diritto di ripubblicazione. Codice locale originale CC0; nessuna nuova licenza applicata ai dati.
riserve_exchange,2026-10-04,/80/inflows_1m,-18388184.885898873,https://api.llama.fi/cexs,"""Snapshot al momento del prelievo; non ricostruisce lo stato di ieri.""",Licenza dei dati terzi non verificata come aperta: valgono i termini della fonte; accesso pubblico non equivale a diritto di ripubblicazione. Codice locale originale CC0; nessuna nuova licenza applicata ai dati.,,Fonti originali,Licenza dei dati terzi non verificata come aperta: valgono i termini della fonte; accesso pubblico non equivale a diritto di ripubblicazione. Codice locale originale CC0; nessuna nuova licenza applicata ai dati.
riserve_exchange,2026-10-04,/81/id,"""7280""",https://api.llama.fi/cexs,"""Snapshot al momento del prelievo; non ricostruisce lo stato di ieri.""",Licenza dei dati terzi non verificata come aperta: valgono i termini della fonte; accesso pubblico non equivale a diritto di ripubblicazione. Codice locale originale CC0; nessuna nuova licenza applicata ai dati.,,Fonti originali,Licenza dei dati terzi non verificata come aperta: valgono i termini della fonte; accesso pubblico non equivale a diritto di ripubblicazione. Codice locale originale CC0; nessuna nuova licenza applicata ai dati.
riserve_exchange,2026-10-04,/81/name,"""Byte Exchange""",https://api.llama.fi/cexs,"""Snapshot al momento del prelievo; non ricostruisce lo stato di ieri.""",Licenza dei dati terzi non verificata come aperta: valgono i termini della fonte; accesso pubblico non equivale a diritto di ripubblicazione. Codice locale originale CC0; nessuna nuova licenza applicata ai dati.,,Fonti originali,Licenza dei dati terzi non verificata come aperta: valgono i termini della fonte; accesso pubblico non equivale a diritto di ripubblicazione. Codice locale originale CC0; nessuna nuova licenza applicata ai dati.
riserve_exchange,2026-10-04,/81/walletsLink,null,https://api.llama.fi/cexs,"""Snapshot al momento del prelievo; non ricostruisce lo stato di ieri.""",Licenza dei dati terzi non verificata come aperta: valgono i termini della fonte; accesso pubblico non equivale a diritto di ripubblicazione. Codice locale originale CC0; nessuna nuova licenza applicata ai dati.,,Fonti originali,Licenza dei dati terzi non verificata come aperta: valgono i termini della fonte; accesso pubblico non equivale a diritto di ripubblicazione. Codice locale originale CC0; nessuna nuova licenza applicata ai dati.
riserve_exchange,2026-10-04,/81/currentTvl,45806156.72557693,https://api.llama.fi/cexs,"""Snapshot al momento del prelievo; non ricostruisce lo stato di ieri.""",Licenza dei dati terzi non verificata come aperta: valgono i termini della fonte; accesso pubblico non equivale a diritto di ripubblicazione. Codice locale originale CC0; nessuna nuova licenza applicata ai dati.,,Fonti originali,Licenza dei dati terzi non verificata come aperta: valgono i termini della fonte; accesso pubblico non equivale a diritto di ripubblicazione. Codice locale originale CC0; nessuna nuova licenza applicata ai dati.
riserve_exchange,2026-10-04,/81/cleanAssetsTvl,45806156.72557693,https://api.llama.fi/cexs,"""Snapshot al momento del prelievo; non ricostruisce lo stato di ieri.""",Licenza dei dati terzi non verificata come aperta: valgono i termini della fonte; accesso pubblico non equivale a diritto di ripubblicazione. Codice locale originale CC0; nessuna nuova licenza applicata ai dati.,,Fonti originali,Licenza dei dati terzi non verificata come aperta: valgono i termini della fonte; accesso pubblico non equivale a diritto di ripubblicazione. Codice locale originale CC0; nessuna nuova licenza applicata ai dati.
riserve_exchange,2026-10-04,/81/inflows_24h,0,https://api.llama.fi/cexs,"""Snapshot al momento del prelievo; non ricostruisce lo stato di ieri.""",Licenza dei dati terzi non verificata come aperta: valgono i termini della fonte; accesso pubblico non equivale a diritto di ripubblicazione. Codice locale originale CC0; nessuna nuova licenza applicata ai dati.,,Fonti originali,Licenza dei dati terzi non verificata come aperta: valgono i termini della fonte; accesso pubblico non equivale a diritto di ripubblicazione. Codice locale originale CC0; nessuna nuova licenza applicata ai dati.
riserve_exchange,2026-10-04,/81/inflows_1w,0,https://api.llama.fi/cexs,"""Snapshot al momento del prelievo; non ricostruisce lo stato di ieri.""",Licenza dei dati terzi non verificata come aperta: valgono i termini della fonte; accesso pubblico non equivale a diritto di ripubblicazione. Codice locale originale CC0; nessuna nuova licenza applicata ai dati.,,Fonti originali,Licenza dei dati terzi non verificata come aperta: valgono i termini della fonte; accesso pubblico non equivale a diritto di ripubblicazione. Codice locale originale CC0; nessuna nuova licenza applicata ai dati.
riserve_exchange,2026-10-04,/81/inflows_1m,0,https://api.llama.fi/cexs,"""Snapshot al momento del prelievo; non ricostruisce lo stato di ieri.""",Licenza dei dati terzi non verificata come aperta: valgono i termini della fonte; accesso pubblico non equivale a diritto di ripubblicazione. Codice locale originale CC0; nessuna nuova licenza applicata ai dati.,,Fonti originali,Licenza dei dati terzi non verificata come aperta: valgono i termini della fonte; accesso pubblico non equivale a diritto di ripubblicazione. Codice locale originale CC0; nessuna nuova licenza applicata ai dati.
riserve_exchange,2026-10-04,/82/id,"""7281""",https://api.llama.fi/cexs,"""Snapshot al momento del prelievo; non ricostruisce lo stato di ieri.""",Licenza dei dati terzi non verificata come aperta: valgono i termini della fonte; accesso pubblico non equivale a diritto di ripubblicazione. Codice locale originale CC0; nessuna nuova licenza applicata ai dati.,,Fonti originali,Licenza dei dati terzi non verificata come aperta: valgono i termini della fonte; accesso pubblico non equivale a diritto di ripubblicazione. Codice locale originale CC0; nessuna nuova licenza applicata ai dati.
riserve_exchange,2026-10-04,/82/name,"""GroveX""",https://api.llama.fi/cexs,"""Snapshot al momento del prelievo; non ricostruisce lo stato di ieri.""",Licenza dei dati terzi non verificata come aperta: valgono i termini della fonte; accesso pubblico non equivale a diritto di ripubblicazione. Codice locale originale CC0; nessuna nuova licenza applicata ai dati.,,Fonti originali,Licenza dei dati terzi non verificata come aperta: valgono i termini della fonte; accesso pubblico non equivale a diritto di ripubblicazione. Codice locale originale CC0; nessuna nuova licenza applicata ai dati.
riserve_exchange,2026-10-04,/82/walletsLink,null,https://api.llama.fi/cexs,"""Snapshot al momento del prelievo; non ricostruisce lo stato di ieri.""",Licenza dei dati terzi non verificata come aperta: valgono i termini della fonte; accesso pubblico non equivale a diritto di ripubblicazione. Codice locale originale CC0; nessuna nuova licenza applicata ai dati.,,Fonti originali,Licenza dei dati terzi non verificata come aperta: valgono i termini della fonte; accesso pubblico non equivale a diritto di ripubblicazione. Codice locale originale CC0; nessuna nuova licenza applicata ai dati.
riserve_exchange,2026-10-04,/82/currentTvl,1783.132749221789,https://api.llama.fi/cexs,"""Snapshot al momento del prelievo; non ricostruisce lo stato di ieri.""",Licenza dei dati terzi non verificata come aperta: valgono i termini della fonte; accesso pubblico non equivale a diritto di ripubblicazione. Codice locale originale CC0; nessuna nuova licenza applicata ai dati.,,Fonti originali,Licenza dei dati terzi non verificata come aperta: valgono i termini della fonte; accesso pubblico non equivale a diritto di ripubblicazione. Codice locale originale CC0; nessuna nuova licenza applicata ai dati.
riserve_exchange,2026-10-04,/82/cleanAssetsTvl,1783.132749221789,https://api.llama.fi/cexs,"""Snapshot al momento del prelievo; non ricostruisce lo stato di ieri.""",Licenza dei dati terzi non verificata come aperta: valgono i termini della fonte; accesso pubblico non equivale a diritto di ripubblicazione. Codice locale originale CC0; nessuna nuova licenza applicata ai dati.,,Fonti originali,Licenza dei dati terzi non verificata come aperta: valgono i termini della fonte; accesso pubblico non equivale a diritto di ripubblicazione. Codice locale originale CC0; nessuna nuova licenza applicata ai dati.
riserve_exchange,2026-10-04,/82/inflows_24h,0,https://api.llama.fi/cexs,"""Snapshot al momento del prelievo; non ricostruisce lo stato di ieri.""",Licenza dei dati terzi non verificata come aperta: valgono i termini della fonte; accesso pubblico non equivale a diritto di ripubblicazione. Codice locale originale CC0; nessuna nuova licenza applicata ai dati.,,Fonti originali,Licenza dei dati terzi non verificata come aperta: valgono i termini della fonte; accesso pubblico non equivale a diritto di ripubblicazione. Codice locale originale CC0; nessuna nuova licenza applicata ai dati.
riserve_exchange,2026-10-04,/82/inflows_1w,0,https://api.llama.fi/cexs,"""Snapshot al momento del prelievo; non ricostruisce lo stato di ieri.""",Licenza dei dati terzi non verificata come aperta: valgono i termini della fonte; accesso pubblico non equivale a diritto di ripubblicazione. Codice locale originale CC0; nessuna nuova licenza applicata ai dati.,,Fonti originali,Licenza dei dati terzi non verificata come aperta: valgono i termini della fonte; accesso pubblico non equivale a diritto di ripubblicazione. Codice locale originale CC0; nessuna nuova licenza applicata ai dati.
riserve_exchange,2026-10-04,/82/inflows_1m,0,https://api.llama.fi/cexs,"""Snapshot al momento del prelievo; non ricostruisce lo stato di ieri.""",Licenza dei dati terzi non verificata come aperta: valgono i termini della fonte; accesso pubblico non equivale a diritto di ripubblicazione. Codice locale originale CC0; nessuna nuova licenza applicata ai dati.,,Fonti originali,Licenza dei dati terzi non verificata come aperta: valgono i termini della fonte; accesso pubblico non equivale a diritto di ripubblicazione. Codice locale originale CC0; nessuna nuova licenza applicata ai dati.
riserve_exchange,2026-10-04,/83/id,"""7576""",https://api.llama.fi/cexs,"""Snapshot al momento del prelievo; non ricostruisce lo stato di ieri.""",Licenza dei dati terzi non verificata come aperta: valgono i termini della fonte; accesso pubblico non equivale a diritto di ripubblicazione. Codice locale originale CC0; nessuna nuova licenza applicata ai dati.,,Fonti originali,Licenza dei dati terzi non verificata come aperta: valgono i termini della fonte; accesso pubblico non equivale a diritto di ripubblicazione. Codice locale originale CC0; nessuna nuova licenza applicata ai dati.
riserve_exchange,2026-10-04,/83/name,"""Bitvavo""",https://api.llama.fi/cexs,"""Snapshot al momento del prelievo; non ricostruisce lo stato di ieri.""",Licenza dei dati terzi non verificata come aperta: valgono i termini della fonte; accesso pubblico non equivale a diritto di ripubblicazione. Codice locale originale CC0; nessuna nuova licenza applicata ai dati.,,Fonti originali,Licenza dei dati terzi non verificata come aperta: valgono i termini della fonte; accesso pubblico non equivale a diritto di ripubblicazione. Codice locale originale CC0; nessuna nuova licenza applicata ai dati.
riserve_exchange,2026-10-04,/83/walletsLink,null,https://api.llama.fi/cexs,"""Snapshot al momento del prelievo; non ricostruisce lo stato di ieri.""",Licenza dei dati terzi non verificata come aperta: valgono i termini della fonte; accesso pubblico non equivale a diritto di ripubblicazione. Codice locale originale CC0; nessuna nuova licenza applicata ai dati.,,Fonti originali,Licenza dei dati terzi non verificata come aperta: valgono i termini della fonte; accesso pubblico non equivale a diritto di ripubblicazione. Codice locale originale CC0; nessuna nuova licenza applicata ai dati.
riserve_exchange,2026-10-04,/83/currentTvl,233106915.03807762,https://api.llama.fi/cexs,"""Snapshot al momento del prelievo; non ricostruisce lo stato di ieri.""",Licenza dei dati terzi non verificata come aperta: valgono i termini della fonte; accesso pubblico non equivale a diritto di ripubblicazione. Codice locale originale CC0; nessuna nuova licenza applicata ai dati.,,Fonti originali,Licenza dei dati terzi non verificata come aperta: valgono i termini della fonte; accesso pubblico non equivale a diritto di ripubblicazione. Codice locale originale CC0; nessuna nuova licenza applicata ai dati.
riserve_exchange,2026-10-04,/83/cleanAssetsTvl,233106915.03807762,https://api.llama.fi/cexs,"""Snapshot al momento del prelievo; non ricostruisce lo stato di ieri.""",Licenza dei dati terzi non verificata come aperta: valgono i termini della fonte; accesso pubblico non equivale a diritto di ripubblicazione. Codice locale originale CC0; nessuna nuova licenza applicata ai dati.,,Fonti originali,Licenza dei dati terzi non verificata come aperta: valgono i termini della fonte; accesso pubblico non equivale a diritto di ripubblicazione. Codice locale originale CC0; nessuna nuova licenza applicata ai dati.
riserve_exchange,2026-10-04,/83/inflows_24h,-3870043.4077643077,https://api.llama.fi/cexs,"""Snapshot al momento del prelievo; non ricostruisce lo stato di ieri.""",Licenza dei dati terzi non verificata come aperta: valgono i termini della fonte; accesso pubblico non equivale a diritto di ripubblicazione. Codice locale originale CC0; nessuna nuova licenza applicata ai dati.,,Fonti originali,Licenza dei dati terzi non verificata come aperta: valgono i termini della fonte; accesso pubblico non equivale a diritto di ripubblicazione. Codice locale originale CC0; nessuna nuova licenza applicata ai dati.
riserve_exchange,2026-10-04,/83/inflows_1w,-485489827.7722107,https://api.llama.fi/cexs,"""Snapshot al momento del prelievo; non ricostruisce lo stato di ieri.""",Licenza dei dati terzi non verificata come aperta: valgono i termini della fonte; accesso pubblico non equivale a diritto di ripubblicazione. Codice locale originale CC0; nessuna nuova licenza applicata ai dati.,,Fonti originali,Licenza dei dati terzi non verificata come aperta: valgono i termini della fonte; accesso pubblico non equivale a diritto di ripubblicazione. Codice locale originale CC0; nessuna nuova licenza applicata ai dati.
riserve_exchange,2026-10-04,/83/inflows_1m,-402943022.04650307,https://api.llama.fi/cexs,"""Snapshot al momento del prelievo; non ricostruisce lo stato di ieri.""",Licenza dei dati terzi non verificata come aperta: valgono i termini della fonte; accesso pubblico non equivale a diritto di ripubblicazione. Codice locale originale CC0; nessuna nuova licenza applicata ai dati.,,Fonti originali,Licenza dei dati terzi non verificata come aperta: valgono i termini della fonte; accesso pubblico non equivale a diritto di ripubblicazione. Codice locale originale CC0; nessuna nuova licenza applicata ai dati.
riserve_exchange,2026-10-04,/84/id,"""7951""",https://api.llama.fi/cexs,"""Snapshot al momento del prelievo; non ricostruisce lo stato di ieri.""",Licenza dei dati terzi non verificata come aperta: valgono i termini della fonte; accesso pubblico non equivale a diritto di ripubblicazione. Codice locale originale CC0; nessuna nuova licenza applicata ai dati.,,Fonti originali,Licenza dei dati terzi non verificata come aperta: valgono i termini della fonte; accesso pubblico non equivale a diritto di ripubblicazione. Codice locale originale CC0; nessuna nuova licenza applicata ai dati.
riserve_exchange,2026-10-04,/84/name,"""SCLiTE""",https://api.llama.fi/cexs,"""Snapshot al momento del prelievo; non ricostruisce lo stato di ieri.""",Licenza dei dati terzi non verificata come aperta: valgono i termini della fonte; accesso pubblico non equivale a diritto di ripubblicazione. Codice locale originale CC0; nessuna nuova licenza applicata ai dati.,,Fonti originali,Licenza dei dati terzi non verificata come aperta: valgono i termini della fonte; accesso pubblico non equivale a diritto di ripubblicazione. Codice locale originale CC0; nessuna nuova licenza applicata ai dati.
riserve_exchange,2026-10-04,/84/walletsLink,null,https://api.llama.fi/cexs,"""Snapshot al momento del prelievo; non ricostruisce lo stato di ieri.""",Licenza dei dati terzi non verificata come aperta: valgono i termini della fonte; accesso pubblico non equivale a diritto di ripubblicazione. Codice locale originale CC0; nessuna nuova licenza applicata ai dati.,,Fonti originali,Licenza dei dati terzi non verificata come aperta: valgono i termini della fonte; accesso pubblico non equivale a diritto di ripubblicazione. Codice locale originale CC0; nessuna nuova licenza applicata ai dati.
riserve_exchange,2026-10-04,/84/currentTvl,19249.179257722484,https://api.llama.fi/cexs,"""Snapshot al momento del prelievo; non ricostruisce lo stato di ieri.""",Licenza dei dati terzi non verificata come aperta: valgono i termini della fonte; accesso pubblico non equivale a diritto di ripubblicazione. Codice locale originale CC0; nessuna nuova licenza applicata ai dati.,,Fonti originali,Licenza dei dati terzi non verificata come aperta: valgono i termini della fonte; accesso pubblico non equivale a diritto di ripubblicazione. Codice locale originale CC0; nessuna nuova licenza applicata ai dati.
riserve_exchange,2026-10-04,/84/cleanAssetsTvl,19249.179257722484,https://api.llama.fi/cexs,"""Snapshot al momento del prelievo; non ricostruisce lo stato di ieri.""",Licenza dei dati terzi non verificata come aperta: valgono i termini della fonte; accesso pubblico non equivale a diritto di ripubblicazione. Codice locale originale CC0; nessuna nuova licenza applicata ai dati.,,Fonti originali,Licenza dei dati terzi non verificata come aperta: valgono i termini della fonte; accesso pubblico non equivale a diritto di ripubblicazione. Codice locale originale CC0; nessuna nuova licenza applicata ai dati.
riserve_exchange,2026-10-04,/84/inflows_24h,-0.0036112445657999065,https://api.llama.fi/cexs,"""Snapshot al momento del prelievo; non ricostruisce lo stato di ieri.""",Licenza dei dati terzi non verificata come aperta: valgono i termini della fonte; accesso pubblico non equivale a diritto di ripubblicazione. Codice locale originale CC0; nessuna nuova licenza applicata ai dati.,,Fonti originali,Licenza dei dati terzi non verificata come aperta: valgono i termini della fonte; accesso pubblico non equivale a diritto di ripubblicazione. Codice locale originale CC0; nessuna nuova licenza applicata ai dati.
riserve_exchange,2026-10-04,/84/inflows_1w,-0.0360990689324559,https://api.llama.fi/cexs,"""Snapshot al momento del prelievo; non ricostruisce lo stato di ieri.""",Licenza dei dati terzi non verificata come aperta: valgono i termini della fonte; accesso pubblico non equivale a diritto di ripubblicazione. Codice locale originale CC0; nessuna nuova licenza applicata ai dati.,,Fonti originali,Licenza dei dati terzi non verificata come aperta: valgono i termini della fonte; accesso pubblico non equivale a diritto di ripubblicazione. Codice locale originale CC0; nessuna nuova licenza applicata ai dati.
riserve_exchange,2026-10-04,/84/inflows_1m,null,https://api.llama.fi/cexs,"""Snapshot al momento del prelievo; non ricostruisce lo stato di ieri.""",Licenza dei dati terzi non verificata come aperta: valgono i termini della fonte; accesso pubblico non equivale a diritto di ripubblicazione. Codice locale originale CC0; nessuna nuova licenza applicata ai dati.,,Fonti originali,Licenza dei dati terzi non verificata come aperta: valgono i termini della fonte; accesso pubblico non equivale a diritto di ripubblicazione. Codice locale originale CC0; nessuna nuova licenza applicata ai dati.
riserve_exchange,2026-10-04,/85/id,"""8341""",https://api.llama.fi/cexs,"""Snapshot al momento del prelievo; non ricostruisce lo stato di ieri.""",Licenza dei dati terzi non verificata come aperta: valgono i termini della fonte; accesso pubblico non equivale a diritto di ripubblicazione. Codice locale originale CC0; nessuna nuova licenza applicata ai dati.,,Fonti originali,Licenza dei dati terzi non verificata come aperta: valgono i termini della fonte; accesso pubblico non equivale a diritto di ripubblicazione. Codice locale originale CC0; nessuna nuova licenza applicata ai dati.
riserve_exchange,2026-10-04,/85/name,"""Webot""",https://api.llama.fi/cexs,"""Snapshot al momento del prelievo; non ricostruisce lo stato di ieri.""",Licenza dei dati terzi non verificata come aperta: valgono i termini della fonte; accesso pubblico non equivale a diritto di ripubblicazione. Codice locale originale CC0; nessuna nuova licenza applicata ai dati.,,Fonti originali,Licenza dei dati terzi non verificata come aperta: valgono i termini della fonte; accesso pubblico non equivale a diritto di ripubblicazione. Codice locale originale CC0; nessuna nuova licenza applicata ai dati.
riserve_exchange,2026-10-04,/85/walletsLink,null,https://api.llama.fi/cexs,"""Snapshot al momento del prelievo; non ricostruisce lo stato di ieri.""",Licenza dei dati terzi non verificata come aperta: valgono i termini della fonte; accesso pubblico non equivale a diritto di ripubblicazione. Codice locale originale CC0; nessuna nuova licenza applicata ai dati.,,Fonti originali,Licenza dei dati terzi non verificata come aperta: valgono i termini della fonte; accesso pubblico non equivale a diritto di ripubblicazione. Codice locale originale CC0; nessuna nuova licenza applicata ai dati.
riserve_exchange,2026-10-04,/85/currentTvl,3589103.3118493203,https://api.llama.fi/cexs,"""Snapshot al momento del prelievo; non ricostruisce lo stato di ieri.""",Licenza dei dati terzi non verificata come aperta: valgono i termini della fonte; accesso pubblico non equivale a diritto di ripubblicazione. Codice locale originale CC0; nessuna nuova licenza applicata ai dati.,,Fonti originali,Licenza dei dati terzi non verificata come aperta: valgono i termini della fonte; accesso pubblico non equivale a diritto di ripubblicazione. Codice locale originale CC0; nessuna nuova licenza applicata ai dati.
riserve_exchange,2026-10-04,/85/cleanAssetsTvl,3589103.3118493203,https://api.llama.fi/cexs,"""Snapshot al momento del prelievo; non ricostruisce lo stato di ieri.""",Licenza dei dati terzi non verificata come aperta: valgono i termini della fonte; accesso pubblico non equivale a diritto di ripubblicazione. Codice locale originale CC0; nessuna nuova licenza applicata ai dati.,,Fonti originali,Licenza dei dati terzi non verificata come aperta: valgono i termini della fonte; accesso pubblico non equivale a diritto di ripubblicazione. Codice locale originale CC0; nessuna nuova licenza applicata ai dati.
riserve_exchange,2026-10-04,/85/inflows_24h,-35025.73801412621,https://api.llama.fi/cexs,"""Snapshot al momento del prelievo; non ricostruisce lo stato di ieri.""",Licenza dei dati terzi non verificata come aperta: valgono i termini della fonte; accesso pubblico non equivale a diritto di ripubblicazione. Codice locale originale CC0; nessuna nuova licenza applicata ai dati.,,Fonti originali,Licenza dei dati terzi non verificata come aperta: valgono i termini della fonte; accesso pubblico non equivale a diritto di ripubblicazione. Codice locale originale CC0; nessuna nuova licenza applicata ai dati.
riserve_exchange,2026-10-04,/85/inflows_1w,-135786.55230158663,https://api.llama.fi/cexs,"""Snapshot al momento del prelievo; non ricostruisce lo stato di ieri.""",Licenza dei dati terzi non verificata come aperta: valgono i termini della fonte; accesso pubblico non equivale a diritto di ripubblicazione. Codice locale originale CC0; nessuna nuova licenza applicata ai dati.,,Fonti originali,Licenza dei dati terzi non verificata come aperta: valgono i termini della fonte; accesso pubblico non equivale a diritto di ripubblicazione. Codice locale originale CC0; nessuna nuova licenza applicata ai dati.
riserve_exchange,2026-10-04,/85/inflows_1m,-292434.0612329457,https://api.llama.fi/cexs,"""Snapshot al momento del prelievo; non ricostruisce lo stato di ieri.""",Licenza dei dati terzi non verificata come aperta: valgono i termini della fonte; accesso pubblico non equivale a diritto di ripubblicazione. Codice locale originale CC0; nessuna nuova licenza applicata ai dati.,,Fonti originali,Licenza dei dati terzi non verificata come aperta: valgono i termini della fonte; accesso pubblico non equivale a diritto di ripubblicazione. Codice locale originale CC0; nessuna nuova licenza applicata ai dati.
riserve_exchange,2026-10-04,/86/id,"""8441""",https://api.llama.fi/cexs,"""Snapshot al momento del prelievo; non ricostruisce lo stato di ieri.""",Licenza dei dati terzi non verificata come aperta: valgono i termini della fonte; accesso pubblico non equivale a diritto di ripubblicazione. Codice locale originale CC0; nessuna nuova licenza applicata ai dati.,,Fonti originali,Licenza dei dati terzi non verificata come aperta: valgono i termini della fonte; accesso pubblico non equivale a diritto di ripubblicazione. Codice locale originale CC0; nessuna nuova licenza applicata ai dati.
riserve_exchange,2026-10-04,/86/name,"""Niza""",https://api.llama.fi/cexs,"""Snapshot al momento del prelievo; non ricostruisce lo stato di ieri.""",Licenza dei dati terzi non verificata come aperta: valgono i termini della fonte; accesso pubblico non equivale a diritto di ripubblicazione. Codice locale originale CC0; nessuna nuova licenza applicata ai dati.,,Fonti originali,Licenza dei dati terzi non verificata come aperta: valgono i termini della fonte; accesso pubblico non equivale a diritto di ripubblicazione. Codice locale originale CC0; nessuna nuova licenza applicata ai dati.
riserve_exchange,2026-10-04,/86/walletsLink,null,https://api.llama.fi/cexs,"""Snapshot al momento del prelievo; non ricostruisce lo stato di ieri.""",Licenza dei dati terzi non verificata come aperta: valgono i termini della fonte; accesso pubblico non equivale a diritto di ripubblicazione. Codice locale originale CC0; nessuna nuova licenza applicata ai dati.,,Fonti originali,Licenza dei dati terzi non verificata come aperta: valgono i termini della fonte; accesso pubblico non equivale a diritto di ripubblicazione. Codice locale originale CC0; nessuna nuova licenza applicata ai dati.
riserve_exchange,2026-10-04,/86/currentTvl,52208214.02320948,https://api.llama.fi/cexs,"""Snapshot al momento del prelievo; non ricostruisce lo stato di ieri.""",Licenza dei dati terzi non verificata come aperta: valgono i termini della fonte; accesso pubblico non equivale a diritto di ripubblicazione. Codice locale originale CC0; nessuna nuova licenza applicata ai dati.,,Fonti originali,Licenza dei dati terzi non verificata come aperta: valgono i termini della fonte; accesso pubblico non equivale a diritto di ripubblicazione. Codice locale originale CC0; nessuna nuova licenza applicata ai dati.
riserve_exchange,2026-10-04,/86/cleanAssetsTvl,52208214.02320948,https://api.llama.fi/cexs,"""Snapshot al momento del prelievo; non ricostruisce lo stato di ieri.""",Licenza dei dati terzi non verificata come aperta: valgono i termini della fonte; accesso pubblico non equivale a diritto di ripubblicazione. Codice locale originale CC0; nessuna nuova licenza applicata ai dati.,,Fonti originali,Licenza dei dati terzi non verificata come aperta: valgono i termini della fonte; accesso pubblico non equivale a diritto di ripubblicazione. Codice locale originale CC0; nessuna nuova licenza applicata ai dati.
riserve_exchange,2026-10-04,/86/inflows_24h,0,https://api.llama.fi/cexs,"""Snapshot al momento del prelievo; non ricostruisce lo stato di ieri.""",Licenza dei dati terzi non verificata come aperta: valgono i termini della fonte; accesso pubblico non equivale a diritto di ripubblicazione. Codice locale originale CC0; nessuna nuova licenza applicata ai dati.,,Fonti originali,Licenza dei dati terzi non verificata come aperta: valgono i termini della fonte; accesso pubblico non equivale a diritto di ripubblicazione. Codice locale originale CC0; nessuna nuova licenza applicata ai dati.
riserve_exchange,2026-10-04,/86/inflows_1w,0,https://api.llama.fi/cexs,"""Snapshot al momento del prelievo; non ricostruisce lo stato di ieri.""",Licenza dei dati terzi non verificata come aperta: valgono i termini della fonte; accesso pubblico non equivale a diritto di ripubblicazione. Codice locale originale CC0; nessuna nuova licenza applicata ai dati.,,Fonti originali,Licenza dei dati terzi non verificata come aperta: valgono i termini della fonte; accesso pubblico non equivale a diritto di ripubblicazione. Codice locale originale CC0; nessuna nuova licenza applicata ai dati.
riserve_exchange,2026-10-04,/86/inflows_1m,-22114120.996179648,https://api.llama.fi/cexs,"""Snapshot al momento del prelievo; non ricostruisce lo stato di ieri.""",Licenza dei dati terzi non verificata come aperta: valgono i termini della fonte; accesso pubblico non equivale a diritto di ripubblicazione. Codice locale originale CC0; nessuna nuova licenza applicata ai dati.,,Fonti originali,Licenza dei dati terzi non verificata come aperta: valgono i termini della fonte; accesso pubblico non equivale a diritto di ripubblicazione. Codice locale originale CC0; nessuna nuova licenza applicata ai dati.
riserve_exchange,2026-10-04,/87/id,"""8485""",https://api.llama.fi/cexs,"""Snapshot al momento del prelievo; non ricostruisce lo stato di ieri.""",Licenza dei dati terzi non verificata come aperta: valgono i termini della fonte; accesso pubblico non equivale a diritto di ripubblicazione. Codice locale originale CC0; nessuna nuova licenza applicata ai dati.,,Fonti originali,Licenza dei dati terzi non verificata come aperta: valgono i termini della fonte; accesso pubblico non equivale a diritto di ripubblicazione. Codice locale originale CC0; nessuna nuova licenza applicata ai dati.
riserve_exchange,2026-10-04,/87/name,"""Websea""",https://api.llama.fi/cexs,"""Snapshot al momento del prelievo; non ricostruisce lo stato di ieri.""",Licenza dei dati terzi non verificata come aperta: valgono i termini della fonte; accesso pubblico non equivale a diritto di ripubblicazione. Codice locale originale CC0; nessuna nuova licenza applicata ai dati.,,Fonti originali,Licenza dei dati terzi non verificata come aperta: valgono i termini della fonte; accesso pubblico non equivale a diritto di ripubblicazione. Codice locale originale CC0; nessuna nuova licenza applicata ai dati.
riserve_exchange,2026-10-04,/87/walletsLink,null,https://api.llama.fi/cexs,"""Snapshot al momento del prelievo; non ricostruisce lo stato di ieri.""",Licenza dei dati terzi non verificata come aperta: valgono i termini della fonte; accesso pubblico non equivale a diritto di ripubblicazione. Codice locale originale CC0; nessuna nuova licenza applicata ai dati.,,Fonti originali,Licenza dei dati terzi non verificata come aperta: valgono i termini della fonte; accesso pubblico non equivale a diritto di ripubblicazione. Codice locale originale CC0; nessuna nuova licenza applicata ai dati.
riserve_exchange,2026-10-04,/87/currentTvl,46373.96963767429,https://api.llama.fi/cexs,"""Snapshot al momento del prelievo; non ricostruisce lo stato di ieri.""",Licenza dei dati terzi non verificata come aperta: valgono i termini della fonte; accesso pubblico non equivale a diritto di ripubblicazione. Codice locale originale CC0; nessuna nuova licenza applicata ai dati.,,Fonti originali,Licenza dei dati terzi non verificata come aperta: valgono i termini della fonte; accesso pubblico non equivale a diritto di ripubblicazione. Codice locale originale CC0; nessuna nuova licenza applicata ai dati.
riserve_exchange,2026-10-04,/87/cleanAssetsTvl,46373.96963767429,https://api.llama.fi/cexs,"""Snapshot al momento del prelievo; non ricostruisce lo stato di ieri.""",Licenza dei dati terzi non verificata come aperta: valgono i termini della fonte; accesso pubblico non equivale a diritto di ripubblicazione. Codice locale originale CC0; nessuna nuova licenza applicata ai dati.,,Fonti originali,Licenza dei dati terzi non verificata come aperta: valgono i termini della fonte; accesso pubblico non equivale a diritto di ripubblicazione. Codice locale originale CC0; nessuna nuova licenza applicata ai dati.
riserve_exchange,2026-10-04,/87/inflows_24h,-0.43374445808614126,https://api.llama.fi/cexs,"""Snapshot al momento del prelievo; non ricostruisce lo stato di ieri.""",Licenza dei dati terzi non verificata come aperta: valgono i termini della fonte; accesso pubblico non equivale a diritto di ripubblicazione. Codice locale originale CC0; nessuna nuova licenza applicata ai dati.,,Fonti originali,Licenza dei dati terzi non verificata come aperta: valgono i termini della fonte; accesso pubblico non equivale a diritto di ripubblicazione. Codice locale originale CC0; nessuna nuova licenza applicata ai dati.
riserve_exchange,2026-10-04,/87/inflows_1w,-137201.44316917146,https://api.llama.fi/cexs,"""Snapshot al momento del prelievo; non ricostruisce lo stato di ieri.""",Licenza dei dati terzi non verificata come aperta: valgono i termini della fonte; accesso pubblico non equivale a diritto di ripubblicazione. Codice locale originale CC0; nessuna nuova licenza applicata ai dati.,,Fonti originali,Licenza dei dati terzi non verificata come aperta: valgono i termini della fonte; accesso pubblico non equivale a diritto di ripubblicazione. Codice locale originale CC0; nessuna nuova licenza applicata ai dati.
riserve_exchange,2026-10-04,/87/inflows_1m,-18056623.894090533,https://api.llama.fi/cexs,"""Snapshot al momento del prelievo; non ricostruisce lo stato di ieri.""",Licenza dei dati terzi non verificata come aperta: valgono i termini della fonte; accesso pubblico non equivale a diritto di ripubblicazione. Codice locale originale CC0; nessuna nuova licenza applicata ai dati.,,Fonti originali,Licenza dei dati terzi non verificata come aperta: valgono i termini della fonte; accesso pubblico non equivale a diritto di ripubblicazione. Codice locale originale CC0; nessuna nuova licenza applicata ai dati.
