cruscotto,data,percorso,valore_json,fonte,dati_fino_a_json,licenza,licenza_url,attribuzione,nota_licenza_fonti
revenue_quality,2026-10-05,/nome,"""revenue_quality""","DefiLlama (fees, revenue)","""2026-10-04""",CC BY 4.0,https://creativecommons.org/licenses/by/4.0/,Luca Valente,"CC BY 4.0 applies to the original compilation and editorial work by Luca Valente. Underlying third-party data retain their source terms, including Coin Metrics CC BY-NC 4.0 where indicated; this export does not replace those terms."
revenue_quality,2026-10-05,/titolo,"""Revenue Quality""","DefiLlama (fees, revenue)","""2026-10-04""",CC BY 4.0,https://creativecommons.org/licenses/by/4.0/,Luca Valente,"CC BY 4.0 applies to the original compilation and editorial work by Luca Valente. Underlying third-party data retain their source terms, including Coin Metrics CC BY-NC 4.0 where indicated; this export does not replace those terms."
revenue_quality,2026-10-05,/data,"""2026-10-05""","DefiLlama (fees, revenue)","""2026-10-04""",CC BY 4.0,https://creativecommons.org/licenses/by/4.0/,Luca Valente,"CC BY 4.0 applies to the original compilation and editorial work by Luca Valente. Underlying third-party data retain their source terms, including Coin Metrics CC BY-NC 4.0 where indicated; this export does not replace those terms."
revenue_quality,2026-10-05,/dati_fino_a,"""2026-10-04""","DefiLlama (fees, revenue)","""2026-10-04""",CC BY 4.0,https://creativecommons.org/licenses/by/4.0/,Luca Valente,"CC BY 4.0 applies to the original compilation and editorial work by Luca Valente. Underlying third-party data retain their source terms, including Coin Metrics CC BY-NC 4.0 where indicated; this export does not replace those terms."
revenue_quality,2026-10-05,/parola,null,"DefiLlama (fees, revenue)","""2026-10-04""",CC BY 4.0,https://creativecommons.org/licenses/by/4.0/,Luca Valente,"CC BY 4.0 applies to the original compilation and editorial work by Luca Valente. Underlying third-party data retain their source terms, including Coin Metrics CC BY-NC 4.0 where indicated; this export does not replace those terms."
revenue_quality,2026-10-05,/da_quando,null,"DefiLlama (fees, revenue)","""2026-10-04""",CC BY 4.0,https://creativecommons.org/licenses/by/4.0/,Luca Valente,"CC BY 4.0 applies to the original compilation and editorial work by Luca Valente. Underlying third-party data retain their source terms, including Coin Metrics CC BY-NC 4.0 where indicated; this export does not replace those terms."
revenue_quality,2026-10-05,/blocchi/0/id,"""insieme""","DefiLlama (fees, revenue)","""2026-10-04""",CC BY 4.0,https://creativecommons.org/licenses/by/4.0/,Luca Valente,"CC BY 4.0 applies to the original compilation and editorial work by Luca Valente. Underlying third-party data retain their source terms, including Coin Metrics CC BY-NC 4.0 where indicated; this export does not replace those terms."
revenue_quality,2026-10-05,/blocchi/0/titolo,"""All large protocols""","DefiLlama (fees, revenue)","""2026-10-04""",CC BY 4.0,https://creativecommons.org/licenses/by/4.0/,Luca Valente,"CC BY 4.0 applies to the original compilation and editorial work by Luca Valente. Underlying third-party data retain their source terms, including Coin Metrics CC BY-NC 4.0 where indicated; this export does not replace those terms."
revenue_quality,2026-10-05,/blocchi/0/valori/0/etichetta,"""Recurring share of the 30-day fees of 40 large protocols""",DefiLlama,"""2026-10-05""",CC BY 4.0,https://creativecommons.org/licenses/by/4.0/,Luca Valente,"CC BY 4.0 applies to the original compilation and editorial work by Luca Valente. Underlying third-party data retain their source terms, including Coin Metrics CC BY-NC 4.0 where indicated; this export does not replace those terms."
revenue_quality,2026-10-05,/blocchi/0/valori/0/valore,0.974515,DefiLlama,"""2026-10-05""",CC BY 4.0,https://creativecommons.org/licenses/by/4.0/,Luca Valente,"CC BY 4.0 applies to the original compilation and editorial work by Luca Valente. Underlying third-party data retain their source terms, including Coin Metrics CC BY-NC 4.0 where indicated; this export does not replace those terms."
revenue_quality,2026-10-05,/blocchi/0/valori/0/unita,"""quota""",DefiLlama,"""2026-10-05""",CC BY 4.0,https://creativecommons.org/licenses/by/4.0/,Luca Valente,"CC BY 4.0 applies to the original compilation and editorial work by Luca Valente. Underlying third-party data retain their source terms, including Coin Metrics CC BY-NC 4.0 where indicated; this export does not replace those terms."
revenue_quality,2026-10-05,/blocchi/0/valori/0/tipo,"""level, change in points""",DefiLlama,"""2026-10-05""",CC BY 4.0,https://creativecommons.org/licenses/by/4.0/,Luca Valente,"CC BY 4.0 applies to the original compilation and editorial work by Luca Valente. Underlying third-party data retain their source terms, including Coin Metrics CC BY-NC 4.0 where indicated; this export does not replace those terms."
revenue_quality,2026-10-05,/blocchi/0/valori/0/variazioni/7,0.0125,DefiLlama,"""2026-10-05""",CC BY 4.0,https://creativecommons.org/licenses/by/4.0/,Luca Valente,"CC BY 4.0 applies to the original compilation and editorial work by Luca Valente. Underlying third-party data retain their source terms, including Coin Metrics CC BY-NC 4.0 where indicated; this export does not replace those terms."
revenue_quality,2026-10-05,/blocchi/0/valori/0/variazioni/30,0.0472,DefiLlama,"""2026-10-05""",CC BY 4.0,https://creativecommons.org/licenses/by/4.0/,Luca Valente,"CC BY 4.0 applies to the original compilation and editorial work by Luca Valente. Underlying third-party data retain their source terms, including Coin Metrics CC BY-NC 4.0 where indicated; this export does not replace those terms."
revenue_quality,2026-10-05,/blocchi/0/valori/0/variazioni/90,-0.0004,DefiLlama,"""2026-10-05""",CC BY 4.0,https://creativecommons.org/licenses/by/4.0/,Luca Valente,"CC BY 4.0 applies to the original compilation and editorial work by Luca Valente. Underlying third-party data retain their source terms, including Coin Metrics CC BY-NC 4.0 where indicated; this export does not replace those terms."
revenue_quality,2026-10-05,/blocchi/0/valori/0/percentile_1a,null,DefiLlama,"""2026-10-05""",CC BY 4.0,https://creativecommons.org/licenses/by/4.0/,Luca Valente,"CC BY 4.0 applies to the original compilation and editorial work by Luca Valente. Underlying third-party data retain their source terms, including Coin Metrics CC BY-NC 4.0 where indicated; this export does not replace those terms."
revenue_quality,2026-10-05,/blocchi/0/valori/0/percentile_storia,93.4,DefiLlama,"""2026-10-05""",CC BY 4.0,https://creativecommons.org/licenses/by/4.0/,Luca Valente,"CC BY 4.0 applies to the original compilation and editorial work by Luca Valente. Underlying third-party data retain their source terms, including Coin Metrics CC BY-NC 4.0 where indicated; this export does not replace those terms."
revenue_quality,2026-10-05,/blocchi/0/valori/0/storia_dal,"""2026-04-08""",DefiLlama,"""2026-10-05""",CC BY 4.0,https://creativecommons.org/licenses/by/4.0/,Luca Valente,"CC BY 4.0 applies to the original compilation and editorial work by Luca Valente. Underlying third-party data retain their source terms, including Coin Metrics CC BY-NC 4.0 where indicated; this export does not replace those terms."
revenue_quality,2026-10-05,/blocchi/0/valori/0/serie_dal,"""2026-04-08""",DefiLlama,"""2026-10-05""",CC BY 4.0,https://creativecommons.org/licenses/by/4.0/,Luca Valente,"CC BY 4.0 applies to the original compilation and editorial work by Luca Valente. Underlying third-party data retain their source terms, including Coin Metrics CC BY-NC 4.0 where indicated; this export does not replace those terms."
revenue_quality,2026-10-05,/blocchi/0/valori/0/giorni_di_storia,181,DefiLlama,"""2026-10-05""",CC BY 4.0,https://creativecommons.org/licenses/by/4.0/,Luca Valente,"CC BY 4.0 applies to the original compilation and editorial work by Luca Valente. Underlying third-party data retain their source terms, including Coin Metrics CC BY-NC 4.0 where indicated; this export does not replace those terms."
revenue_quality,2026-10-05,/blocchi/0/valori/0/giorni_presenti,null,DefiLlama,"""2026-10-05""",CC BY 4.0,https://creativecommons.org/licenses/by/4.0/,Luca Valente,"CC BY 4.0 applies to the original compilation and editorial work by Luca Valente. Underlying third-party data retain their source terms, including Coin Metrics CC BY-NC 4.0 where indicated; this export does not replace those terms."
revenue_quality,2026-10-05,/blocchi/0/valori/0/giorni_finestra,null,DefiLlama,"""2026-10-05""",CC BY 4.0,https://creativecommons.org/licenses/by/4.0/,Luca Valente,"CC BY 4.0 applies to the original compilation and editorial work by Luca Valente. Underlying third-party data retain their source terms, including Coin Metrics CC BY-NC 4.0 where indicated; this export does not replace those terms."
revenue_quality,2026-10-05,/blocchi/0/valori/0/stato,"""expanding""",DefiLlama,"""2026-10-05""",CC BY 4.0,https://creativecommons.org/licenses/by/4.0/,Luca Valente,"CC BY 4.0 applies to the original compilation and editorial work by Luca Valente. Underlying third-party data retain their source terms, including Coin Metrics CC BY-NC 4.0 where indicated; this export does not replace those terms."
revenue_quality,2026-10-05,/blocchi/0/valori/0/da_quando,"""2026-09-22""",DefiLlama,"""2026-10-05""",CC BY 4.0,https://creativecommons.org/licenses/by/4.0/,Luca Valente,"CC BY 4.0 applies to the original compilation and editorial work by Luca Valente. Underlying third-party data retain their source terms, including Coin Metrics CC BY-NC 4.0 where indicated; this export does not replace those terms."
revenue_quality,2026-10-05,/blocchi/0/valori/0/da_quando_almeno,false,DefiLlama,"""2026-10-05""",CC BY 4.0,https://creativecommons.org/licenses/by/4.0/,Luca Valente,"CC BY 4.0 applies to the original compilation and editorial work by Luca Valente. Underlying third-party data retain their source terms, including Coin Metrics CC BY-NC 4.0 where indicated; this export does not replace those terms."
revenue_quality,2026-10-05,/blocchi/0/valori/0/banda_flat,0.02,DefiLlama,"""2026-10-05""",CC BY 4.0,https://creativecommons.org/licenses/by/4.0/,Luca Valente,"CC BY 4.0 applies to the original compilation and editorial work by Luca Valente. Underlying third-party data retain their source terms, including Coin Metrics CC BY-NC 4.0 where indicated; this export does not replace those terms."
revenue_quality,2026-10-05,/blocchi/0/valori/0/finestra_stato,30,DefiLlama,"""2026-10-05""",CC BY 4.0,https://creativecommons.org/licenses/by/4.0/,Luca Valente,"CC BY 4.0 applies to the original compilation and editorial work by Luca Valente. Underlying third-party data retain their source terms, including Coin Metrics CC BY-NC 4.0 where indicated; this export does not replace those terms."
revenue_quality,2026-10-05,/blocchi/0/valori/0/fonte,"""DefiLlama""",DefiLlama,"""2026-10-05""",CC BY 4.0,https://creativecommons.org/licenses/by/4.0/,Luca Valente,"CC BY 4.0 applies to the original compilation and editorial work by Luca Valente. Underlying third-party data retain their source terms, including Coin Metrics CC BY-NC 4.0 where indicated; this export does not replace those terms."
revenue_quality,2026-10-05,/blocchi/0/valori/0/dati_fino_a,"""2026-10-05""",DefiLlama,"""2026-10-05""",CC BY 4.0,https://creativecommons.org/licenses/by/4.0/,Luca Valente,"CC BY 4.0 applies to the original compilation and editorial work by Luca Valente. Underlying third-party data retain their source terms, including Coin Metrics CC BY-NC 4.0 where indicated; this export does not replace those terms."
revenue_quality,2026-10-05,/blocchi/0/valori/0/punti/0/0,"""2026-07-08""",DefiLlama,"""2026-10-05""",CC BY 4.0,https://creativecommons.org/licenses/by/4.0/,Luca Valente,"CC BY 4.0 applies to the original compilation and editorial work by Luca Valente. Underlying third-party data retain their source terms, including Coin Metrics CC BY-NC 4.0 where indicated; this export does not replace those terms."
revenue_quality,2026-10-05,/blocchi/0/valori/0/punti/0/1,0.977621,DefiLlama,"""2026-10-05""",CC BY 4.0,https://creativecommons.org/licenses/by/4.0/,Luca Valente,"CC BY 4.0 applies to the original compilation and editorial work by Luca Valente. Underlying third-party data retain their source terms, including Coin Metrics CC BY-NC 4.0 where indicated; this export does not replace those terms."
revenue_quality,2026-10-05,/blocchi/0/valori/0/punti/1/0,"""2026-07-09""",DefiLlama,"""2026-10-05""",CC BY 4.0,https://creativecommons.org/licenses/by/4.0/,Luca Valente,"CC BY 4.0 applies to the original compilation and editorial work by Luca Valente. Underlying third-party data retain their source terms, including Coin Metrics CC BY-NC 4.0 where indicated; this export does not replace those terms."
revenue_quality,2026-10-05,/blocchi/0/valori/0/punti/1/1,0.974916,DefiLlama,"""2026-10-05""",CC BY 4.0,https://creativecommons.org/licenses/by/4.0/,Luca Valente,"CC BY 4.0 applies to the original compilation and editorial work by Luca Valente. Underlying third-party data retain their source terms, including Coin Metrics CC BY-NC 4.0 where indicated; this export does not replace those terms."
revenue_quality,2026-10-05,/blocchi/0/valori/0/punti/2/0,"""2026-07-10""",DefiLlama,"""2026-10-05""",CC BY 4.0,https://creativecommons.org/licenses/by/4.0/,Luca Valente,"CC BY 4.0 applies to the original compilation and editorial work by Luca Valente. Underlying third-party data retain their source terms, including Coin Metrics CC BY-NC 4.0 where indicated; this export does not replace those terms."
revenue_quality,2026-10-05,/blocchi/0/valori/0/punti/2/1,0.973654,DefiLlama,"""2026-10-05""",CC BY 4.0,https://creativecommons.org/licenses/by/4.0/,Luca Valente,"CC BY 4.0 applies to the original compilation and editorial work by Luca Valente. Underlying third-party data retain their source terms, including Coin Metrics CC BY-NC 4.0 where indicated; this export does not replace those terms."
revenue_quality,2026-10-05,/blocchi/0/valori/0/punti/3/0,"""2026-07-11""",DefiLlama,"""2026-10-05""",CC BY 4.0,https://creativecommons.org/licenses/by/4.0/,Luca Valente,"CC BY 4.0 applies to the original compilation and editorial work by Luca Valente. Underlying third-party data retain their source terms, including Coin Metrics CC BY-NC 4.0 where indicated; this export does not replace those terms."
revenue_quality,2026-10-05,/blocchi/0/valori/0/punti/3/1,0.964051,DefiLlama,"""2026-10-05""",CC BY 4.0,https://creativecommons.org/licenses/by/4.0/,Luca Valente,"CC BY 4.0 applies to the original compilation and editorial work by Luca Valente. Underlying third-party data retain their source terms, including Coin Metrics CC BY-NC 4.0 where indicated; this export does not replace those terms."
revenue_quality,2026-10-05,/blocchi/0/valori/0/punti/4/0,"""2026-07-12""",DefiLlama,"""2026-10-05""",CC BY 4.0,https://creativecommons.org/licenses/by/4.0/,Luca Valente,"CC BY 4.0 applies to the original compilation and editorial work by Luca Valente. Underlying third-party data retain their source terms, including Coin Metrics CC BY-NC 4.0 where indicated; this export does not replace those terms."
revenue_quality,2026-10-05,/blocchi/0/valori/0/punti/4/1,0.957262,DefiLlama,"""2026-10-05""",CC BY 4.0,https://creativecommons.org/licenses/by/4.0/,Luca Valente,"CC BY 4.0 applies to the original compilation and editorial work by Luca Valente. Underlying third-party data retain their source terms, including Coin Metrics CC BY-NC 4.0 where indicated; this export does not replace those terms."
revenue_quality,2026-10-05,/blocchi/0/valori/0/punti/5/0,"""2026-07-13""",DefiLlama,"""2026-10-05""",CC BY 4.0,https://creativecommons.org/licenses/by/4.0/,Luca Valente,"CC BY 4.0 applies to the original compilation and editorial work by Luca Valente. Underlying third-party data retain their source terms, including Coin Metrics CC BY-NC 4.0 where indicated; this export does not replace those terms."
revenue_quality,2026-10-05,/blocchi/0/valori/0/punti/5/1,0.950414,DefiLlama,"""2026-10-05""",CC BY 4.0,https://creativecommons.org/licenses/by/4.0/,Luca Valente,"CC BY 4.0 applies to the original compilation and editorial work by Luca Valente. Underlying third-party data retain their source terms, including Coin Metrics CC BY-NC 4.0 where indicated; this export does not replace those terms."
revenue_quality,2026-10-05,/blocchi/0/valori/0/punti/6/0,"""2026-07-14""",DefiLlama,"""2026-10-05""",CC BY 4.0,https://creativecommons.org/licenses/by/4.0/,Luca Valente,"CC BY 4.0 applies to the original compilation and editorial work by Luca Valente. Underlying third-party data retain their source terms, including Coin Metrics CC BY-NC 4.0 where indicated; this export does not replace those terms."
revenue_quality,2026-10-05,/blocchi/0/valori/0/punti/6/1,0.950454,DefiLlama,"""2026-10-05""",CC BY 4.0,https://creativecommons.org/licenses/by/4.0/,Luca Valente,"CC BY 4.0 applies to the original compilation and editorial work by Luca Valente. Underlying third-party data retain their source terms, including Coin Metrics CC BY-NC 4.0 where indicated; this export does not replace those terms."
revenue_quality,2026-10-05,/blocchi/0/valori/0/punti/7/0,"""2026-07-15""",DefiLlama,"""2026-10-05""",CC BY 4.0,https://creativecommons.org/licenses/by/4.0/,Luca Valente,"CC BY 4.0 applies to the original compilation and editorial work by Luca Valente. Underlying third-party data retain their source terms, including Coin Metrics CC BY-NC 4.0 where indicated; this export does not replace those terms."
revenue_quality,2026-10-05,/blocchi/0/valori/0/punti/7/1,0.945316,DefiLlama,"""2026-10-05""",CC BY 4.0,https://creativecommons.org/licenses/by/4.0/,Luca Valente,"CC BY 4.0 applies to the original compilation and editorial work by Luca Valente. Underlying third-party data retain their source terms, including Coin Metrics CC BY-NC 4.0 where indicated; this export does not replace those terms."
revenue_quality,2026-10-05,/blocchi/0/valori/0/punti/8/0,"""2026-07-16""",DefiLlama,"""2026-10-05""",CC BY 4.0,https://creativecommons.org/licenses/by/4.0/,Luca Valente,"CC BY 4.0 applies to the original compilation and editorial work by Luca Valente. Underlying third-party data retain their source terms, including Coin Metrics CC BY-NC 4.0 where indicated; this export does not replace those terms."
revenue_quality,2026-10-05,/blocchi/0/valori/0/punti/8/1,0.935153,DefiLlama,"""2026-10-05""",CC BY 4.0,https://creativecommons.org/licenses/by/4.0/,Luca Valente,"CC BY 4.0 applies to the original compilation and editorial work by Luca Valente. Underlying third-party data retain their source terms, including Coin Metrics CC BY-NC 4.0 where indicated; this export does not replace those terms."
revenue_quality,2026-10-05,/blocchi/0/valori/0/punti/9/0,"""2026-07-17""",DefiLlama,"""2026-10-05""",CC BY 4.0,https://creativecommons.org/licenses/by/4.0/,Luca Valente,"CC BY 4.0 applies to the original compilation and editorial work by Luca Valente. Underlying third-party data retain their source terms, including Coin Metrics CC BY-NC 4.0 where indicated; this export does not replace those terms."
revenue_quality,2026-10-05,/blocchi/0/valori/0/punti/9/1,0.93956,DefiLlama,"""2026-10-05""",CC BY 4.0,https://creativecommons.org/licenses/by/4.0/,Luca Valente,"CC BY 4.0 applies to the original compilation and editorial work by Luca Valente. Underlying third-party data retain their source terms, including Coin Metrics CC BY-NC 4.0 where indicated; this export does not replace those terms."
revenue_quality,2026-10-05,/blocchi/0/valori/0/punti/10/0,"""2026-07-18""",DefiLlama,"""2026-10-05""",CC BY 4.0,https://creativecommons.org/licenses/by/4.0/,Luca Valente,"CC BY 4.0 applies to the original compilation and editorial work by Luca Valente. Underlying third-party data retain their source terms, including Coin Metrics CC BY-NC 4.0 where indicated; this export does not replace those terms."
revenue_quality,2026-10-05,/blocchi/0/valori/0/punti/10/1,0.937772,DefiLlama,"""2026-10-05""",CC BY 4.0,https://creativecommons.org/licenses/by/4.0/,Luca Valente,"CC BY 4.0 applies to the original compilation and editorial work by Luca Valente. Underlying third-party data retain their source terms, including Coin Metrics CC BY-NC 4.0 where indicated; this export does not replace those terms."
revenue_quality,2026-10-05,/blocchi/0/valori/0/punti/11/0,"""2026-07-19""",DefiLlama,"""2026-10-05""",CC BY 4.0,https://creativecommons.org/licenses/by/4.0/,Luca Valente,"CC BY 4.0 applies to the original compilation and editorial work by Luca Valente. Underlying third-party data retain their source terms, including Coin Metrics CC BY-NC 4.0 where indicated; this export does not replace those terms."
revenue_quality,2026-10-05,/blocchi/0/valori/0/punti/11/1,0.934205,DefiLlama,"""2026-10-05""",CC BY 4.0,https://creativecommons.org/licenses/by/4.0/,Luca Valente,"CC BY 4.0 applies to the original compilation and editorial work by Luca Valente. Underlying third-party data retain their source terms, including Coin Metrics CC BY-NC 4.0 where indicated; this export does not replace those terms."
revenue_quality,2026-10-05,/blocchi/0/valori/0/punti/12/0,"""2026-07-20""",DefiLlama,"""2026-10-05""",CC BY 4.0,https://creativecommons.org/licenses/by/4.0/,Luca Valente,"CC BY 4.0 applies to the original compilation and editorial work by Luca Valente. Underlying third-party data retain their source terms, including Coin Metrics CC BY-NC 4.0 where indicated; this export does not replace those terms."
revenue_quality,2026-10-05,/blocchi/0/valori/0/punti/12/1,0.951859,DefiLlama,"""2026-10-05""",CC BY 4.0,https://creativecommons.org/licenses/by/4.0/,Luca Valente,"CC BY 4.0 applies to the original compilation and editorial work by Luca Valente. Underlying third-party data retain their source terms, including Coin Metrics CC BY-NC 4.0 where indicated; this export does not replace those terms."
revenue_quality,2026-10-05,/blocchi/0/valori/0/punti/13/0,"""2026-07-21""",DefiLlama,"""2026-10-05""",CC BY 4.0,https://creativecommons.org/licenses/by/4.0/,Luca Valente,"CC BY 4.0 applies to the original compilation and editorial work by Luca Valente. Underlying third-party data retain their source terms, including Coin Metrics CC BY-NC 4.0 where indicated; this export does not replace those terms."
revenue_quality,2026-10-05,/blocchi/0/valori/0/punti/13/1,0.951327,DefiLlama,"""2026-10-05""",CC BY 4.0,https://creativecommons.org/licenses/by/4.0/,Luca Valente,"CC BY 4.0 applies to the original compilation and editorial work by Luca Valente. Underlying third-party data retain their source terms, including Coin Metrics CC BY-NC 4.0 where indicated; this export does not replace those terms."
revenue_quality,2026-10-05,/blocchi/0/valori/0/punti/14/0,"""2026-07-22""",DefiLlama,"""2026-10-05""",CC BY 4.0,https://creativecommons.org/licenses/by/4.0/,Luca Valente,"CC BY 4.0 applies to the original compilation and editorial work by Luca Valente. Underlying third-party data retain their source terms, including Coin Metrics CC BY-NC 4.0 where indicated; this export does not replace those terms."
revenue_quality,2026-10-05,/blocchi/0/valori/0/punti/14/1,0.964247,DefiLlama,"""2026-10-05""",CC BY 4.0,https://creativecommons.org/licenses/by/4.0/,Luca Valente,"CC BY 4.0 applies to the original compilation and editorial work by Luca Valente. Underlying third-party data retain their source terms, including Coin Metrics CC BY-NC 4.0 where indicated; this export does not replace those terms."
revenue_quality,2026-10-05,/blocchi/0/valori/0/punti/15/0,"""2026-07-23""",DefiLlama,"""2026-10-05""",CC BY 4.0,https://creativecommons.org/licenses/by/4.0/,Luca Valente,"CC BY 4.0 applies to the original compilation and editorial work by Luca Valente. Underlying third-party data retain their source terms, including Coin Metrics CC BY-NC 4.0 where indicated; this export does not replace those terms."
revenue_quality,2026-10-05,/blocchi/0/valori/0/punti/15/1,0.97435,DefiLlama,"""2026-10-05""",CC BY 4.0,https://creativecommons.org/licenses/by/4.0/,Luca Valente,"CC BY 4.0 applies to the original compilation and editorial work by Luca Valente. Underlying third-party data retain their source terms, including Coin Metrics CC BY-NC 4.0 where indicated; this export does not replace those terms."
revenue_quality,2026-10-05,/blocchi/0/valori/0/punti/16/0,"""2026-07-24""",DefiLlama,"""2026-10-05""",CC BY 4.0,https://creativecommons.org/licenses/by/4.0/,Luca Valente,"CC BY 4.0 applies to the original compilation and editorial work by Luca Valente. Underlying third-party data retain their source terms, including Coin Metrics CC BY-NC 4.0 where indicated; this export does not replace those terms."
revenue_quality,2026-10-05,/blocchi/0/valori/0/punti/16/1,0.974512,DefiLlama,"""2026-10-05""",CC BY 4.0,https://creativecommons.org/licenses/by/4.0/,Luca Valente,"CC BY 4.0 applies to the original compilation and editorial work by Luca Valente. Underlying third-party data retain their source terms, including Coin Metrics CC BY-NC 4.0 where indicated; this export does not replace those terms."
revenue_quality,2026-10-05,/blocchi/0/valori/0/punti/17/0,"""2026-07-25""",DefiLlama,"""2026-10-05""",CC BY 4.0,https://creativecommons.org/licenses/by/4.0/,Luca Valente,"CC BY 4.0 applies to the original compilation and editorial work by Luca Valente. Underlying third-party data retain their source terms, including Coin Metrics CC BY-NC 4.0 where indicated; this export does not replace those terms."
revenue_quality,2026-10-05,/blocchi/0/valori/0/punti/17/1,0.981057,DefiLlama,"""2026-10-05""",CC BY 4.0,https://creativecommons.org/licenses/by/4.0/,Luca Valente,"CC BY 4.0 applies to the original compilation and editorial work by Luca Valente. Underlying third-party data retain their source terms, including Coin Metrics CC BY-NC 4.0 where indicated; this export does not replace those terms."
revenue_quality,2026-10-05,/blocchi/0/valori/0/punti/18/0,"""2026-07-26""",DefiLlama,"""2026-10-05""",CC BY 4.0,https://creativecommons.org/licenses/by/4.0/,Luca Valente,"CC BY 4.0 applies to the original compilation and editorial work by Luca Valente. Underlying third-party data retain their source terms, including Coin Metrics CC BY-NC 4.0 where indicated; this export does not replace those terms."
revenue_quality,2026-10-05,/blocchi/0/valori/0/punti/18/1,0.973753,DefiLlama,"""2026-10-05""",CC BY 4.0,https://creativecommons.org/licenses/by/4.0/,Luca Valente,"CC BY 4.0 applies to the original compilation and editorial work by Luca Valente. Underlying third-party data retain their source terms, including Coin Metrics CC BY-NC 4.0 where indicated; this export does not replace those terms."
revenue_quality,2026-10-05,/blocchi/0/valori/0/punti/19/0,"""2026-07-27""",DefiLlama,"""2026-10-05""",CC BY 4.0,https://creativecommons.org/licenses/by/4.0/,Luca Valente,"CC BY 4.0 applies to the original compilation and editorial work by Luca Valente. Underlying third-party data retain their source terms, including Coin Metrics CC BY-NC 4.0 where indicated; this export does not replace those terms."
revenue_quality,2026-10-05,/blocchi/0/valori/0/punti/19/1,0.979497,DefiLlama,"""2026-10-05""",CC BY 4.0,https://creativecommons.org/licenses/by/4.0/,Luca Valente,"CC BY 4.0 applies to the original compilation and editorial work by Luca Valente. Underlying third-party data retain their source terms, including Coin Metrics CC BY-NC 4.0 where indicated; this export does not replace those terms."
revenue_quality,2026-10-05,/blocchi/0/valori/0/punti/20/0,"""2026-07-28""",DefiLlama,"""2026-10-05""",CC BY 4.0,https://creativecommons.org/licenses/by/4.0/,Luca Valente,"CC BY 4.0 applies to the original compilation and editorial work by Luca Valente. Underlying third-party data retain their source terms, including Coin Metrics CC BY-NC 4.0 where indicated; this export does not replace those terms."
revenue_quality,2026-10-05,/blocchi/0/valori/0/punti/20/1,0.973613,DefiLlama,"""2026-10-05""",CC BY 4.0,https://creativecommons.org/licenses/by/4.0/,Luca Valente,"CC BY 4.0 applies to the original compilation and editorial work by Luca Valente. Underlying third-party data retain their source terms, including Coin Metrics CC BY-NC 4.0 where indicated; this export does not replace those terms."
revenue_quality,2026-10-05,/blocchi/0/valori/0/punti/21/0,"""2026-07-29""",DefiLlama,"""2026-10-05""",CC BY 4.0,https://creativecommons.org/licenses/by/4.0/,Luca Valente,"CC BY 4.0 applies to the original compilation and editorial work by Luca Valente. Underlying third-party data retain their source terms, including Coin Metrics CC BY-NC 4.0 where indicated; this export does not replace those terms."
revenue_quality,2026-10-05,/blocchi/0/valori/0/punti/21/1,0.980051,DefiLlama,"""2026-10-05""",CC BY 4.0,https://creativecommons.org/licenses/by/4.0/,Luca Valente,"CC BY 4.0 applies to the original compilation and editorial work by Luca Valente. Underlying third-party data retain their source terms, including Coin Metrics CC BY-NC 4.0 where indicated; this export does not replace those terms."
revenue_quality,2026-10-05,/blocchi/0/valori/0/punti/22/0,"""2026-07-30""",DefiLlama,"""2026-10-05""",CC BY 4.0,https://creativecommons.org/licenses/by/4.0/,Luca Valente,"CC BY 4.0 applies to the original compilation and editorial work by Luca Valente. Underlying third-party data retain their source terms, including Coin Metrics CC BY-NC 4.0 where indicated; this export does not replace those terms."
revenue_quality,2026-10-05,/blocchi/0/valori/0/punti/22/1,0.969951,DefiLlama,"""2026-10-05""",CC BY 4.0,https://creativecommons.org/licenses/by/4.0/,Luca Valente,"CC BY 4.0 applies to the original compilation and editorial work by Luca Valente. Underlying third-party data retain their source terms, including Coin Metrics CC BY-NC 4.0 where indicated; this export does not replace those terms."
revenue_quality,2026-10-05,/blocchi/0/valori/0/punti/23/0,"""2026-07-31""",DefiLlama,"""2026-10-05""",CC BY 4.0,https://creativecommons.org/licenses/by/4.0/,Luca Valente,"CC BY 4.0 applies to the original compilation and editorial work by Luca Valente. Underlying third-party data retain their source terms, including Coin Metrics CC BY-NC 4.0 where indicated; this export does not replace those terms."
revenue_quality,2026-10-05,/blocchi/0/valori/0/punti/23/1,0.976734,DefiLlama,"""2026-10-05""",CC BY 4.0,https://creativecommons.org/licenses/by/4.0/,Luca Valente,"CC BY 4.0 applies to the original compilation and editorial work by Luca Valente. Underlying third-party data retain their source terms, including Coin Metrics CC BY-NC 4.0 where indicated; this export does not replace those terms."
revenue_quality,2026-10-05,/blocchi/0/valori/0/punti/24/0,"""2026-08-01""",DefiLlama,"""2026-10-05""",CC BY 4.0,https://creativecommons.org/licenses/by/4.0/,Luca Valente,"CC BY 4.0 applies to the original compilation and editorial work by Luca Valente. Underlying third-party data retain their source terms, including Coin Metrics CC BY-NC 4.0 where indicated; this export does not replace those terms."
revenue_quality,2026-10-05,/blocchi/0/valori/0/punti/24/1,0.972469,DefiLlama,"""2026-10-05""",CC BY 4.0,https://creativecommons.org/licenses/by/4.0/,Luca Valente,"CC BY 4.0 applies to the original compilation and editorial work by Luca Valente. Underlying third-party data retain their source terms, including Coin Metrics CC BY-NC 4.0 where indicated; this export does not replace those terms."
revenue_quality,2026-10-05,/blocchi/0/valori/0/punti/25/0,"""2026-08-02""",DefiLlama,"""2026-10-05""",CC BY 4.0,https://creativecommons.org/licenses/by/4.0/,Luca Valente,"CC BY 4.0 applies to the original compilation and editorial work by Luca Valente. Underlying third-party data retain their source terms, including Coin Metrics CC BY-NC 4.0 where indicated; this export does not replace those terms."
revenue_quality,2026-10-05,/blocchi/0/valori/0/punti/25/1,0.97902,DefiLlama,"""2026-10-05""",CC BY 4.0,https://creativecommons.org/licenses/by/4.0/,Luca Valente,"CC BY 4.0 applies to the original compilation and editorial work by Luca Valente. Underlying third-party data retain their source terms, including Coin Metrics CC BY-NC 4.0 where indicated; this export does not replace those terms."
revenue_quality,2026-10-05,/blocchi/0/valori/0/punti/26/0,"""2026-08-03""",DefiLlama,"""2026-10-05""",CC BY 4.0,https://creativecommons.org/licenses/by/4.0/,Luca Valente,"CC BY 4.0 applies to the original compilation and editorial work by Luca Valente. Underlying third-party data retain their source terms, including Coin Metrics CC BY-NC 4.0 where indicated; this export does not replace those terms."
revenue_quality,2026-10-05,/blocchi/0/valori/0/punti/26/1,0.968642,DefiLlama,"""2026-10-05""",CC BY 4.0,https://creativecommons.org/licenses/by/4.0/,Luca Valente,"CC BY 4.0 applies to the original compilation and editorial work by Luca Valente. Underlying third-party data retain their source terms, including Coin Metrics CC BY-NC 4.0 where indicated; this export does not replace those terms."
revenue_quality,2026-10-05,/blocchi/0/valori/0/punti/27/0,"""2026-08-04""",DefiLlama,"""2026-10-05""",CC BY 4.0,https://creativecommons.org/licenses/by/4.0/,Luca Valente,"CC BY 4.0 applies to the original compilation and editorial work by Luca Valente. Underlying third-party data retain their source terms, including Coin Metrics CC BY-NC 4.0 where indicated; this export does not replace those terms."
revenue_quality,2026-10-05,/blocchi/0/valori/0/punti/27/1,0.976067,DefiLlama,"""2026-10-05""",CC BY 4.0,https://creativecommons.org/licenses/by/4.0/,Luca Valente,"CC BY 4.0 applies to the original compilation and editorial work by Luca Valente. Underlying third-party data retain their source terms, including Coin Metrics CC BY-NC 4.0 where indicated; this export does not replace those terms."
revenue_quality,2026-10-05,/blocchi/0/valori/0/punti/28/0,"""2026-08-05""",DefiLlama,"""2026-10-05""",CC BY 4.0,https://creativecommons.org/licenses/by/4.0/,Luca Valente,"CC BY 4.0 applies to the original compilation and editorial work by Luca Valente. Underlying third-party data retain their source terms, including Coin Metrics CC BY-NC 4.0 where indicated; this export does not replace those terms."
revenue_quality,2026-10-05,/blocchi/0/valori/0/punti/28/1,0.965544,DefiLlama,"""2026-10-05""",CC BY 4.0,https://creativecommons.org/licenses/by/4.0/,Luca Valente,"CC BY 4.0 applies to the original compilation and editorial work by Luca Valente. Underlying third-party data retain their source terms, including Coin Metrics CC BY-NC 4.0 where indicated; this export does not replace those terms."
revenue_quality,2026-10-05,/blocchi/0/valori/0/punti/29/0,"""2026-08-06""",DefiLlama,"""2026-10-05""",CC BY 4.0,https://creativecommons.org/licenses/by/4.0/,Luca Valente,"CC BY 4.0 applies to the original compilation and editorial work by Luca Valente. Underlying third-party data retain their source terms, including Coin Metrics CC BY-NC 4.0 where indicated; this export does not replace those terms."
revenue_quality,2026-10-05,/blocchi/0/valori/0/punti/29/1,0.976676,DefiLlama,"""2026-10-05""",CC BY 4.0,https://creativecommons.org/licenses/by/4.0/,Luca Valente,"CC BY 4.0 applies to the original compilation and editorial work by Luca Valente. Underlying third-party data retain their source terms, including Coin Metrics CC BY-NC 4.0 where indicated; this export does not replace those terms."
revenue_quality,2026-10-05,/blocchi/0/valori/0/punti/30/0,"""2026-08-07""",DefiLlama,"""2026-10-05""",CC BY 4.0,https://creativecommons.org/licenses/by/4.0/,Luca Valente,"CC BY 4.0 applies to the original compilation and editorial work by Luca Valente. Underlying third-party data retain their source terms, including Coin Metrics CC BY-NC 4.0 where indicated; this export does not replace those terms."
revenue_quality,2026-10-05,/blocchi/0/valori/0/punti/30/1,0.966047,DefiLlama,"""2026-10-05""",CC BY 4.0,https://creativecommons.org/licenses/by/4.0/,Luca Valente,"CC BY 4.0 applies to the original compilation and editorial work by Luca Valente. Underlying third-party data retain their source terms, including Coin Metrics CC BY-NC 4.0 where indicated; this export does not replace those terms."
revenue_quality,2026-10-05,/blocchi/0/valori/0/punti/31/0,"""2026-08-08""",DefiLlama,"""2026-10-05""",CC BY 4.0,https://creativecommons.org/licenses/by/4.0/,Luca Valente,"CC BY 4.0 applies to the original compilation and editorial work by Luca Valente. Underlying third-party data retain their source terms, including Coin Metrics CC BY-NC 4.0 where indicated; this export does not replace those terms."
revenue_quality,2026-10-05,/blocchi/0/valori/0/punti/31/1,0.9762,DefiLlama,"""2026-10-05""",CC BY 4.0,https://creativecommons.org/licenses/by/4.0/,Luca Valente,"CC BY 4.0 applies to the original compilation and editorial work by Luca Valente. Underlying third-party data retain their source terms, including Coin Metrics CC BY-NC 4.0 where indicated; this export does not replace those terms."
revenue_quality,2026-10-05,/blocchi/0/valori/0/punti/32/0,"""2026-08-09""",DefiLlama,"""2026-10-05""",CC BY 4.0,https://creativecommons.org/licenses/by/4.0/,Luca Valente,"CC BY 4.0 applies to the original compilation and editorial work by Luca Valente. Underlying third-party data retain their source terms, including Coin Metrics CC BY-NC 4.0 where indicated; this export does not replace those terms."
revenue_quality,2026-10-05,/blocchi/0/valori/0/punti/32/1,0.966323,DefiLlama,"""2026-10-05""",CC BY 4.0,https://creativecommons.org/licenses/by/4.0/,Luca Valente,"CC BY 4.0 applies to the original compilation and editorial work by Luca Valente. Underlying third-party data retain their source terms, including Coin Metrics CC BY-NC 4.0 where indicated; this export does not replace those terms."
revenue_quality,2026-10-05,/blocchi/0/valori/0/punti/33/0,"""2026-08-10""",DefiLlama,"""2026-10-05""",CC BY 4.0,https://creativecommons.org/licenses/by/4.0/,Luca Valente,"CC BY 4.0 applies to the original compilation and editorial work by Luca Valente. Underlying third-party data retain their source terms, including Coin Metrics CC BY-NC 4.0 where indicated; this export does not replace those terms."
revenue_quality,2026-10-05,/blocchi/0/valori/0/punti/33/1,0.976846,DefiLlama,"""2026-10-05""",CC BY 4.0,https://creativecommons.org/licenses/by/4.0/,Luca Valente,"CC BY 4.0 applies to the original compilation and editorial work by Luca Valente. Underlying third-party data retain their source terms, including Coin Metrics CC BY-NC 4.0 where indicated; this export does not replace those terms."
revenue_quality,2026-10-05,/blocchi/0/valori/0/punti/34/0,"""2026-08-11""",DefiLlama,"""2026-10-05""",CC BY 4.0,https://creativecommons.org/licenses/by/4.0/,Luca Valente,"CC BY 4.0 applies to the original compilation and editorial work by Luca Valente. Underlying third-party data retain their source terms, including Coin Metrics CC BY-NC 4.0 where indicated; this export does not replace those terms."
revenue_quality,2026-10-05,/blocchi/0/valori/0/punti/34/1,0.963116,DefiLlama,"""2026-10-05""",CC BY 4.0,https://creativecommons.org/licenses/by/4.0/,Luca Valente,"CC BY 4.0 applies to the original compilation and editorial work by Luca Valente. Underlying third-party data retain their source terms, including Coin Metrics CC BY-NC 4.0 where indicated; this export does not replace those terms."
revenue_quality,2026-10-05,/blocchi/0/valori/0/punti/35/0,"""2026-08-12""",DefiLlama,"""2026-10-05""",CC BY 4.0,https://creativecommons.org/licenses/by/4.0/,Luca Valente,"CC BY 4.0 applies to the original compilation and editorial work by Luca Valente. Underlying third-party data retain their source terms, including Coin Metrics CC BY-NC 4.0 where indicated; this export does not replace those terms."
revenue_quality,2026-10-05,/blocchi/0/valori/0/punti/35/1,0.972261,DefiLlama,"""2026-10-05""",CC BY 4.0,https://creativecommons.org/licenses/by/4.0/,Luca Valente,"CC BY 4.0 applies to the original compilation and editorial work by Luca Valente. Underlying third-party data retain their source terms, including Coin Metrics CC BY-NC 4.0 where indicated; this export does not replace those terms."
revenue_quality,2026-10-05,/blocchi/0/valori/0/punti/36/0,"""2026-08-13""",DefiLlama,"""2026-10-05""",CC BY 4.0,https://creativecommons.org/licenses/by/4.0/,Luca Valente,"CC BY 4.0 applies to the original compilation and editorial work by Luca Valente. Underlying third-party data retain their source terms, including Coin Metrics CC BY-NC 4.0 where indicated; this export does not replace those terms."
revenue_quality,2026-10-05,/blocchi/0/valori/0/punti/36/1,0.971236,DefiLlama,"""2026-10-05""",CC BY 4.0,https://creativecommons.org/licenses/by/4.0/,Luca Valente,"CC BY 4.0 applies to the original compilation and editorial work by Luca Valente. Underlying third-party data retain their source terms, including Coin Metrics CC BY-NC 4.0 where indicated; this export does not replace those terms."
revenue_quality,2026-10-05,/blocchi/0/valori/0/punti/37/0,"""2026-08-14""",DefiLlama,"""2026-10-05""",CC BY 4.0,https://creativecommons.org/licenses/by/4.0/,Luca Valente,"CC BY 4.0 applies to the original compilation and editorial work by Luca Valente. Underlying third-party data retain their source terms, including Coin Metrics CC BY-NC 4.0 where indicated; this export does not replace those terms."
revenue_quality,2026-10-05,/blocchi/0/valori/0/punti/37/1,0.972393,DefiLlama,"""2026-10-05""",CC BY 4.0,https://creativecommons.org/licenses/by/4.0/,Luca Valente,"CC BY 4.0 applies to the original compilation and editorial work by Luca Valente. Underlying third-party data retain their source terms, including Coin Metrics CC BY-NC 4.0 where indicated; this export does not replace those terms."
revenue_quality,2026-10-05,/blocchi/0/valori/0/punti/38/0,"""2026-08-15""",DefiLlama,"""2026-10-05""",CC BY 4.0,https://creativecommons.org/licenses/by/4.0/,Luca Valente,"CC BY 4.0 applies to the original compilation and editorial work by Luca Valente. Underlying third-party data retain their source terms, including Coin Metrics CC BY-NC 4.0 where indicated; this export does not replace those terms."
revenue_quality,2026-10-05,/blocchi/0/valori/0/punti/38/1,0.973361,DefiLlama,"""2026-10-05""",CC BY 4.0,https://creativecommons.org/licenses/by/4.0/,Luca Valente,"CC BY 4.0 applies to the original compilation and editorial work by Luca Valente. Underlying third-party data retain their source terms, including Coin Metrics CC BY-NC 4.0 where indicated; this export does not replace those terms."
revenue_quality,2026-10-05,/blocchi/0/valori/0/punti/39/0,"""2026-08-16""",DefiLlama,"""2026-10-05""",CC BY 4.0,https://creativecommons.org/licenses/by/4.0/,Luca Valente,"CC BY 4.0 applies to the original compilation and editorial work by Luca Valente. Underlying third-party data retain their source terms, including Coin Metrics CC BY-NC 4.0 where indicated; this export does not replace those terms."
revenue_quality,2026-10-05,/blocchi/0/valori/0/punti/39/1,0.974378,DefiLlama,"""2026-10-05""",CC BY 4.0,https://creativecommons.org/licenses/by/4.0/,Luca Valente,"CC BY 4.0 applies to the original compilation and editorial work by Luca Valente. Underlying third-party data retain their source terms, including Coin Metrics CC BY-NC 4.0 where indicated; this export does not replace those terms."
revenue_quality,2026-10-05,/blocchi/0/valori/0/punti/40/0,"""2026-08-17""",DefiLlama,"""2026-10-05""",CC BY 4.0,https://creativecommons.org/licenses/by/4.0/,Luca Valente,"CC BY 4.0 applies to the original compilation and editorial work by Luca Valente. Underlying third-party data retain their source terms, including Coin Metrics CC BY-NC 4.0 where indicated; this export does not replace those terms."
revenue_quality,2026-10-05,/blocchi/0/valori/0/punti/40/1,0.971436,DefiLlama,"""2026-10-05""",CC BY 4.0,https://creativecommons.org/licenses/by/4.0/,Luca Valente,"CC BY 4.0 applies to the original compilation and editorial work by Luca Valente. Underlying third-party data retain their source terms, including Coin Metrics CC BY-NC 4.0 where indicated; this export does not replace those terms."
revenue_quality,2026-10-05,/blocchi/0/valori/0/punti/41/0,"""2026-08-18""",DefiLlama,"""2026-10-05""",CC BY 4.0,https://creativecommons.org/licenses/by/4.0/,Luca Valente,"CC BY 4.0 applies to the original compilation and editorial work by Luca Valente. Underlying third-party data retain their source terms, including Coin Metrics CC BY-NC 4.0 where indicated; this export does not replace those terms."
revenue_quality,2026-10-05,/blocchi/0/valori/0/punti/41/1,0.972359,DefiLlama,"""2026-10-05""",CC BY 4.0,https://creativecommons.org/licenses/by/4.0/,Luca Valente,"CC BY 4.0 applies to the original compilation and editorial work by Luca Valente. Underlying third-party data retain their source terms, including Coin Metrics CC BY-NC 4.0 where indicated; this export does not replace those terms."
revenue_quality,2026-10-05,/blocchi/0/valori/0/punti/42/0,"""2026-08-19""",DefiLlama,"""2026-10-05""",CC BY 4.0,https://creativecommons.org/licenses/by/4.0/,Luca Valente,"CC BY 4.0 applies to the original compilation and editorial work by Luca Valente. Underlying third-party data retain their source terms, including Coin Metrics CC BY-NC 4.0 where indicated; this export does not replace those terms."
revenue_quality,2026-10-05,/blocchi/0/valori/0/punti/42/1,0.972413,DefiLlama,"""2026-10-05""",CC BY 4.0,https://creativecommons.org/licenses/by/4.0/,Luca Valente,"CC BY 4.0 applies to the original compilation and editorial work by Luca Valente. Underlying third-party data retain their source terms, including Coin Metrics CC BY-NC 4.0 where indicated; this export does not replace those terms."
revenue_quality,2026-10-05,/blocchi/0/valori/0/punti/43/0,"""2026-08-20""",DefiLlama,"""2026-10-05""",CC BY 4.0,https://creativecommons.org/licenses/by/4.0/,Luca Valente,"CC BY 4.0 applies to the original compilation and editorial work by Luca Valente. Underlying third-party data retain their source terms, including Coin Metrics CC BY-NC 4.0 where indicated; this export does not replace those terms."
revenue_quality,2026-10-05,/blocchi/0/valori/0/punti/43/1,0.95817,DefiLlama,"""2026-10-05""",CC BY 4.0,https://creativecommons.org/licenses/by/4.0/,Luca Valente,"CC BY 4.0 applies to the original compilation and editorial work by Luca Valente. Underlying third-party data retain their source terms, including Coin Metrics CC BY-NC 4.0 where indicated; this export does not replace those terms."
revenue_quality,2026-10-05,/blocchi/0/valori/0/punti/44/0,"""2026-08-21""",DefiLlama,"""2026-10-05""",CC BY 4.0,https://creativecommons.org/licenses/by/4.0/,Luca Valente,"CC BY 4.0 applies to the original compilation and editorial work by Luca Valente. Underlying third-party data retain their source terms, including Coin Metrics CC BY-NC 4.0 where indicated; this export does not replace those terms."
revenue_quality,2026-10-05,/blocchi/0/valori/0/punti/44/1,0.955817,DefiLlama,"""2026-10-05""",CC BY 4.0,https://creativecommons.org/licenses/by/4.0/,Luca Valente,"CC BY 4.0 applies to the original compilation and editorial work by Luca Valente. Underlying third-party data retain their source terms, including Coin Metrics CC BY-NC 4.0 where indicated; this export does not replace those terms."
revenue_quality,2026-10-05,/blocchi/0/valori/0/punti/45/0,"""2026-08-22""",DefiLlama,"""2026-10-05""",CC BY 4.0,https://creativecommons.org/licenses/by/4.0/,Luca Valente,"CC BY 4.0 applies to the original compilation and editorial work by Luca Valente. Underlying third-party data retain their source terms, including Coin Metrics CC BY-NC 4.0 where indicated; this export does not replace those terms."
revenue_quality,2026-10-05,/blocchi/0/valori/0/punti/45/1,0.942014,DefiLlama,"""2026-10-05""",CC BY 4.0,https://creativecommons.org/licenses/by/4.0/,Luca Valente,"CC BY 4.0 applies to the original compilation and editorial work by Luca Valente. Underlying third-party data retain their source terms, including Coin Metrics CC BY-NC 4.0 where indicated; this export does not replace those terms."
revenue_quality,2026-10-05,/blocchi/0/valori/0/punti/46/0,"""2026-08-23""",DefiLlama,"""2026-10-05""",CC BY 4.0,https://creativecommons.org/licenses/by/4.0/,Luca Valente,"CC BY 4.0 applies to the original compilation and editorial work by Luca Valente. Underlying third-party data retain their source terms, including Coin Metrics CC BY-NC 4.0 where indicated; this export does not replace those terms."
revenue_quality,2026-10-05,/blocchi/0/valori/0/punti/46/1,0.93973,DefiLlama,"""2026-10-05""",CC BY 4.0,https://creativecommons.org/licenses/by/4.0/,Luca Valente,"CC BY 4.0 applies to the original compilation and editorial work by Luca Valente. Underlying third-party data retain their source terms, including Coin Metrics CC BY-NC 4.0 where indicated; this export does not replace those terms."
revenue_quality,2026-10-05,/blocchi/0/valori/0/punti/47/0,"""2026-08-24""",DefiLlama,"""2026-10-05""",CC BY 4.0,https://creativecommons.org/licenses/by/4.0/,Luca Valente,"CC BY 4.0 applies to the original compilation and editorial work by Luca Valente. Underlying third-party data retain their source terms, including Coin Metrics CC BY-NC 4.0 where indicated; this export does not replace those terms."
revenue_quality,2026-10-05,/blocchi/0/valori/0/punti/47/1,0.934774,DefiLlama,"""2026-10-05""",CC BY 4.0,https://creativecommons.org/licenses/by/4.0/,Luca Valente,"CC BY 4.0 applies to the original compilation and editorial work by Luca Valente. Underlying third-party data retain their source terms, including Coin Metrics CC BY-NC 4.0 where indicated; this export does not replace those terms."
revenue_quality,2026-10-05,/blocchi/0/valori/0/punti/48/0,"""2026-08-25""",DefiLlama,"""2026-10-05""",CC BY 4.0,https://creativecommons.org/licenses/by/4.0/,Luca Valente,"CC BY 4.0 applies to the original compilation and editorial work by Luca Valente. Underlying third-party data retain their source terms, including Coin Metrics CC BY-NC 4.0 where indicated; this export does not replace those terms."
revenue_quality,2026-10-05,/blocchi/0/valori/0/punti/48/1,0.936292,DefiLlama,"""2026-10-05""",CC BY 4.0,https://creativecommons.org/licenses/by/4.0/,Luca Valente,"CC BY 4.0 applies to the original compilation and editorial work by Luca Valente. Underlying third-party data retain their source terms, including Coin Metrics CC BY-NC 4.0 where indicated; this export does not replace those terms."
revenue_quality,2026-10-05,/blocchi/0/valori/0/punti/49/0,"""2026-08-26""",DefiLlama,"""2026-10-05""",CC BY 4.0,https://creativecommons.org/licenses/by/4.0/,Luca Valente,"CC BY 4.0 applies to the original compilation and editorial work by Luca Valente. Underlying third-party data retain their source terms, including Coin Metrics CC BY-NC 4.0 where indicated; this export does not replace those terms."
revenue_quality,2026-10-05,/blocchi/0/valori/0/punti/49/1,0.936409,DefiLlama,"""2026-10-05""",CC BY 4.0,https://creativecommons.org/licenses/by/4.0/,Luca Valente,"CC BY 4.0 applies to the original compilation and editorial work by Luca Valente. Underlying third-party data retain their source terms, including Coin Metrics CC BY-NC 4.0 where indicated; this export does not replace those terms."
revenue_quality,2026-10-05,/blocchi/0/valori/0/punti/50/0,"""2026-08-27""",DefiLlama,"""2026-10-05""",CC BY 4.0,https://creativecommons.org/licenses/by/4.0/,Luca Valente,"CC BY 4.0 applies to the original compilation and editorial work by Luca Valente. Underlying third-party data retain their source terms, including Coin Metrics CC BY-NC 4.0 where indicated; this export does not replace those terms."
revenue_quality,2026-10-05,/blocchi/0/valori/0/punti/50/1,0.937448,DefiLlama,"""2026-10-05""",CC BY 4.0,https://creativecommons.org/licenses/by/4.0/,Luca Valente,"CC BY 4.0 applies to the original compilation and editorial work by Luca Valente. Underlying third-party data retain their source terms, including Coin Metrics CC BY-NC 4.0 where indicated; this export does not replace those terms."
revenue_quality,2026-10-05,/blocchi/0/valori/0/punti/51/0,"""2026-08-28""",DefiLlama,"""2026-10-05""",CC BY 4.0,https://creativecommons.org/licenses/by/4.0/,Luca Valente,"CC BY 4.0 applies to the original compilation and editorial work by Luca Valente. Underlying third-party data retain their source terms, including Coin Metrics CC BY-NC 4.0 where indicated; this export does not replace those terms."
revenue_quality,2026-10-05,/blocchi/0/valori/0/punti/51/1,0.936627,DefiLlama,"""2026-10-05""",CC BY 4.0,https://creativecommons.org/licenses/by/4.0/,Luca Valente,"CC BY 4.0 applies to the original compilation and editorial work by Luca Valente. Underlying third-party data retain their source terms, including Coin Metrics CC BY-NC 4.0 where indicated; this export does not replace those terms."
revenue_quality,2026-10-05,/blocchi/0/valori/0/punti/52/0,"""2026-08-29""",DefiLlama,"""2026-10-05""",CC BY 4.0,https://creativecommons.org/licenses/by/4.0/,Luca Valente,"CC BY 4.0 applies to the original compilation and editorial work by Luca Valente. Underlying third-party data retain their source terms, including Coin Metrics CC BY-NC 4.0 where indicated; this export does not replace those terms."
revenue_quality,2026-10-05,/blocchi/0/valori/0/punti/52/1,0.936452,DefiLlama,"""2026-10-05""",CC BY 4.0,https://creativecommons.org/licenses/by/4.0/,Luca Valente,"CC BY 4.0 applies to the original compilation and editorial work by Luca Valente. Underlying third-party data retain their source terms, including Coin Metrics CC BY-NC 4.0 where indicated; this export does not replace those terms."
revenue_quality,2026-10-05,/blocchi/0/valori/0/punti/53/0,"""2026-08-30""",DefiLlama,"""2026-10-05""",CC BY 4.0,https://creativecommons.org/licenses/by/4.0/,Luca Valente,"CC BY 4.0 applies to the original compilation and editorial work by Luca Valente. Underlying third-party data retain their source terms, including Coin Metrics CC BY-NC 4.0 where indicated; this export does not replace those terms."
revenue_quality,2026-10-05,/blocchi/0/valori/0/punti/53/1,0.938381,DefiLlama,"""2026-10-05""",CC BY 4.0,https://creativecommons.org/licenses/by/4.0/,Luca Valente,"CC BY 4.0 applies to the original compilation and editorial work by Luca Valente. Underlying third-party data retain their source terms, including Coin Metrics CC BY-NC 4.0 where indicated; this export does not replace those terms."
revenue_quality,2026-10-05,/blocchi/0/valori/0/punti/54/0,"""2026-08-31""",DefiLlama,"""2026-10-05""",CC BY 4.0,https://creativecommons.org/licenses/by/4.0/,Luca Valente,"CC BY 4.0 applies to the original compilation and editorial work by Luca Valente. Underlying third-party data retain their source terms, including Coin Metrics CC BY-NC 4.0 where indicated; this export does not replace those terms."
revenue_quality,2026-10-05,/blocchi/0/valori/0/punti/54/1,0.938159,DefiLlama,"""2026-10-05""",CC BY 4.0,https://creativecommons.org/licenses/by/4.0/,Luca Valente,"CC BY 4.0 applies to the original compilation and editorial work by Luca Valente. Underlying third-party data retain their source terms, including Coin Metrics CC BY-NC 4.0 where indicated; this export does not replace those terms."
revenue_quality,2026-10-05,/blocchi/0/valori/0/punti/55/0,"""2026-09-01""",DefiLlama,"""2026-10-05""",CC BY 4.0,https://creativecommons.org/licenses/by/4.0/,Luca Valente,"CC BY 4.0 applies to the original compilation and editorial work by Luca Valente. Underlying third-party data retain their source terms, including Coin Metrics CC BY-NC 4.0 where indicated; this export does not replace those terms."
revenue_quality,2026-10-05,/blocchi/0/valori/0/punti/55/1,0.935943,DefiLlama,"""2026-10-05""",CC BY 4.0,https://creativecommons.org/licenses/by/4.0/,Luca Valente,"CC BY 4.0 applies to the original compilation and editorial work by Luca Valente. Underlying third-party data retain their source terms, including Coin Metrics CC BY-NC 4.0 where indicated; this export does not replace those terms."
revenue_quality,2026-10-05,/blocchi/0/valori/0/punti/56/0,"""2026-09-02""",DefiLlama,"""2026-10-05""",CC BY 4.0,https://creativecommons.org/licenses/by/4.0/,Luca Valente,"CC BY 4.0 applies to the original compilation and editorial work by Luca Valente. Underlying third-party data retain their source terms, including Coin Metrics CC BY-NC 4.0 where indicated; this export does not replace those terms."
revenue_quality,2026-10-05,/blocchi/0/valori/0/punti/56/1,0.930977,DefiLlama,"""2026-10-05""",CC BY 4.0,https://creativecommons.org/licenses/by/4.0/,Luca Valente,"CC BY 4.0 applies to the original compilation and editorial work by Luca Valente. Underlying third-party data retain their source terms, including Coin Metrics CC BY-NC 4.0 where indicated; this export does not replace those terms."
revenue_quality,2026-10-05,/blocchi/0/valori/0/punti/57/0,"""2026-09-03""",DefiLlama,"""2026-10-05""",CC BY 4.0,https://creativecommons.org/licenses/by/4.0/,Luca Valente,"CC BY 4.0 applies to the original compilation and editorial work by Luca Valente. Underlying third-party data retain their source terms, including Coin Metrics CC BY-NC 4.0 where indicated; this export does not replace those terms."
revenue_quality,2026-10-05,/blocchi/0/valori/0/punti/57/1,0.923977,DefiLlama,"""2026-10-05""",CC BY 4.0,https://creativecommons.org/licenses/by/4.0/,Luca Valente,"CC BY 4.0 applies to the original compilation and editorial work by Luca Valente. Underlying third-party data retain their source terms, including Coin Metrics CC BY-NC 4.0 where indicated; this export does not replace those terms."
revenue_quality,2026-10-05,/blocchi/0/valori/0/punti/58/0,"""2026-09-04""",DefiLlama,"""2026-10-05""",CC BY 4.0,https://creativecommons.org/licenses/by/4.0/,Luca Valente,"CC BY 4.0 applies to the original compilation and editorial work by Luca Valente. Underlying third-party data retain their source terms, including Coin Metrics CC BY-NC 4.0 where indicated; this export does not replace those terms."
revenue_quality,2026-10-05,/blocchi/0/valori/0/punti/58/1,0.933704,DefiLlama,"""2026-10-05""",CC BY 4.0,https://creativecommons.org/licenses/by/4.0/,Luca Valente,"CC BY 4.0 applies to the original compilation and editorial work by Luca Valente. Underlying third-party data retain their source terms, including Coin Metrics CC BY-NC 4.0 where indicated; this export does not replace those terms."
revenue_quality,2026-10-05,/blocchi/0/valori/0/punti/59/0,"""2026-09-05""",DefiLlama,"""2026-10-05""",CC BY 4.0,https://creativecommons.org/licenses/by/4.0/,Luca Valente,"CC BY 4.0 applies to the original compilation and editorial work by Luca Valente. Underlying third-party data retain their source terms, including Coin Metrics CC BY-NC 4.0 where indicated; this export does not replace those terms."
revenue_quality,2026-10-05,/blocchi/0/valori/0/punti/59/1,0.927317,DefiLlama,"""2026-10-05""",CC BY 4.0,https://creativecommons.org/licenses/by/4.0/,Luca Valente,"CC BY 4.0 applies to the original compilation and editorial work by Luca Valente. Underlying third-party data retain their source terms, including Coin Metrics CC BY-NC 4.0 where indicated; this export does not replace those terms."
revenue_quality,2026-10-05,/blocchi/0/valori/0/punti/60/0,"""2026-09-06""",DefiLlama,"""2026-10-05""",CC BY 4.0,https://creativecommons.org/licenses/by/4.0/,Luca Valente,"CC BY 4.0 applies to the original compilation and editorial work by Luca Valente. Underlying third-party data retain their source terms, including Coin Metrics CC BY-NC 4.0 where indicated; this export does not replace those terms."
revenue_quality,2026-10-05,/blocchi/0/valori/0/punti/60/1,0.929548,DefiLlama,"""2026-10-05""",CC BY 4.0,https://creativecommons.org/licenses/by/4.0/,Luca Valente,"CC BY 4.0 applies to the original compilation and editorial work by Luca Valente. Underlying third-party data retain their source terms, including Coin Metrics CC BY-NC 4.0 where indicated; this export does not replace those terms."
revenue_quality,2026-10-05,/blocchi/0/valori/0/punti/61/0,"""2026-09-07""",DefiLlama,"""2026-10-05""",CC BY 4.0,https://creativecommons.org/licenses/by/4.0/,Luca Valente,"CC BY 4.0 applies to the original compilation and editorial work by Luca Valente. Underlying third-party data retain their source terms, including Coin Metrics CC BY-NC 4.0 where indicated; this export does not replace those terms."
revenue_quality,2026-10-05,/blocchi/0/valori/0/punti/61/1,0.920118,DefiLlama,"""2026-10-05""",CC BY 4.0,https://creativecommons.org/licenses/by/4.0/,Luca Valente,"CC BY 4.0 applies to the original compilation and editorial work by Luca Valente. Underlying third-party data retain their source terms, including Coin Metrics CC BY-NC 4.0 where indicated; this export does not replace those terms."
revenue_quality,2026-10-05,/blocchi/0/valori/0/punti/62/0,"""2026-09-08""",DefiLlama,"""2026-10-05""",CC BY 4.0,https://creativecommons.org/licenses/by/4.0/,Luca Valente,"CC BY 4.0 applies to the original compilation and editorial work by Luca Valente. Underlying third-party data retain their source terms, including Coin Metrics CC BY-NC 4.0 where indicated; this export does not replace those terms."
revenue_quality,2026-10-05,/blocchi/0/valori/0/punti/62/1,0.928665,DefiLlama,"""2026-10-05""",CC BY 4.0,https://creativecommons.org/licenses/by/4.0/,Luca Valente,"CC BY 4.0 applies to the original compilation and editorial work by Luca Valente. Underlying third-party data retain their source terms, including Coin Metrics CC BY-NC 4.0 where indicated; this export does not replace those terms."
revenue_quality,2026-10-05,/blocchi/0/valori/0/punti/63/0,"""2026-09-09""",DefiLlama,"""2026-10-05""",CC BY 4.0,https://creativecommons.org/licenses/by/4.0/,Luca Valente,"CC BY 4.0 applies to the original compilation and editorial work by Luca Valente. Underlying third-party data retain their source terms, including Coin Metrics CC BY-NC 4.0 where indicated; this export does not replace those terms."
revenue_quality,2026-10-05,/blocchi/0/valori/0/punti/63/1,0.923108,DefiLlama,"""2026-10-05""",CC BY 4.0,https://creativecommons.org/licenses/by/4.0/,Luca Valente,"CC BY 4.0 applies to the original compilation and editorial work by Luca Valente. Underlying third-party data retain their source terms, including Coin Metrics CC BY-NC 4.0 where indicated; this export does not replace those terms."
revenue_quality,2026-10-05,/blocchi/0/valori/0/punti/64/0,"""2026-09-10""",DefiLlama,"""2026-10-05""",CC BY 4.0,https://creativecommons.org/licenses/by/4.0/,Luca Valente,"CC BY 4.0 applies to the original compilation and editorial work by Luca Valente. Underlying third-party data retain their source terms, including Coin Metrics CC BY-NC 4.0 where indicated; this export does not replace those terms."
revenue_quality,2026-10-05,/blocchi/0/valori/0/punti/64/1,0.91438,DefiLlama,"""2026-10-05""",CC BY 4.0,https://creativecommons.org/licenses/by/4.0/,Luca Valente,"CC BY 4.0 applies to the original compilation and editorial work by Luca Valente. Underlying third-party data retain their source terms, including Coin Metrics CC BY-NC 4.0 where indicated; this export does not replace those terms."
revenue_quality,2026-10-05,/blocchi/0/valori/0/punti/65/0,"""2026-09-11""",DefiLlama,"""2026-10-05""",CC BY 4.0,https://creativecommons.org/licenses/by/4.0/,Luca Valente,"CC BY 4.0 applies to the original compilation and editorial work by Luca Valente. Underlying third-party data retain their source terms, including Coin Metrics CC BY-NC 4.0 where indicated; this export does not replace those terms."
revenue_quality,2026-10-05,/blocchi/0/valori/0/punti/65/1,0.923695,DefiLlama,"""2026-10-05""",CC BY 4.0,https://creativecommons.org/licenses/by/4.0/,Luca Valente,"CC BY 4.0 applies to the original compilation and editorial work by Luca Valente. Underlying third-party data retain their source terms, including Coin Metrics CC BY-NC 4.0 where indicated; this export does not replace those terms."
revenue_quality,2026-10-05,/blocchi/0/valori/0/punti/66/0,"""2026-09-12""",DefiLlama,"""2026-10-05""",CC BY 4.0,https://creativecommons.org/licenses/by/4.0/,Luca Valente,"CC BY 4.0 applies to the original compilation and editorial work by Luca Valente. Underlying third-party data retain their source terms, including Coin Metrics CC BY-NC 4.0 where indicated; this export does not replace those terms."
revenue_quality,2026-10-05,/blocchi/0/valori/0/punti/66/1,0.922198,DefiLlama,"""2026-10-05""",CC BY 4.0,https://creativecommons.org/licenses/by/4.0/,Luca Valente,"CC BY 4.0 applies to the original compilation and editorial work by Luca Valente. Underlying third-party data retain their source terms, including Coin Metrics CC BY-NC 4.0 where indicated; this export does not replace those terms."
revenue_quality,2026-10-05,/blocchi/0/valori/0/punti/67/0,"""2026-09-13""",DefiLlama,"""2026-10-05""",CC BY 4.0,https://creativecommons.org/licenses/by/4.0/,Luca Valente,"CC BY 4.0 applies to the original compilation and editorial work by Luca Valente. Underlying third-party data retain their source terms, including Coin Metrics CC BY-NC 4.0 where indicated; this export does not replace those terms."
revenue_quality,2026-10-05,/blocchi/0/valori/0/punti/67/1,0.930205,DefiLlama,"""2026-10-05""",CC BY 4.0,https://creativecommons.org/licenses/by/4.0/,Luca Valente,"CC BY 4.0 applies to the original compilation and editorial work by Luca Valente. Underlying third-party data retain their source terms, including Coin Metrics CC BY-NC 4.0 where indicated; this export does not replace those terms."
revenue_quality,2026-10-05,/blocchi/0/valori/0/punti/68/0,"""2026-09-14""",DefiLlama,"""2026-10-05""",CC BY 4.0,https://creativecommons.org/licenses/by/4.0/,Luca Valente,"CC BY 4.0 applies to the original compilation and editorial work by Luca Valente. Underlying third-party data retain their source terms, including Coin Metrics CC BY-NC 4.0 where indicated; this export does not replace those terms."
revenue_quality,2026-10-05,/blocchi/0/valori/0/punti/68/1,0.92834,DefiLlama,"""2026-10-05""",CC BY 4.0,https://creativecommons.org/licenses/by/4.0/,Luca Valente,"CC BY 4.0 applies to the original compilation and editorial work by Luca Valente. Underlying third-party data retain their source terms, including Coin Metrics CC BY-NC 4.0 where indicated; this export does not replace those terms."
revenue_quality,2026-10-05,/blocchi/0/valori/0/punti/69/0,"""2026-09-15""",DefiLlama,"""2026-10-05""",CC BY 4.0,https://creativecommons.org/licenses/by/4.0/,Luca Valente,"CC BY 4.0 applies to the original compilation and editorial work by Luca Valente. Underlying third-party data retain their source terms, including Coin Metrics CC BY-NC 4.0 where indicated; this export does not replace those terms."
revenue_quality,2026-10-05,/blocchi/0/valori/0/punti/69/1,0.936707,DefiLlama,"""2026-10-05""",CC BY 4.0,https://creativecommons.org/licenses/by/4.0/,Luca Valente,"CC BY 4.0 applies to the original compilation and editorial work by Luca Valente. Underlying third-party data retain their source terms, including Coin Metrics CC BY-NC 4.0 where indicated; this export does not replace those terms."
revenue_quality,2026-10-05,/blocchi/0/valori/0/punti/70/0,"""2026-09-16""",DefiLlama,"""2026-10-05""",CC BY 4.0,https://creativecommons.org/licenses/by/4.0/,Luca Valente,"CC BY 4.0 applies to the original compilation and editorial work by Luca Valente. Underlying third-party data retain their source terms, including Coin Metrics CC BY-NC 4.0 where indicated; this export does not replace those terms."
revenue_quality,2026-10-05,/blocchi/0/valori/0/punti/70/1,0.936639,DefiLlama,"""2026-10-05""",CC BY 4.0,https://creativecommons.org/licenses/by/4.0/,Luca Valente,"CC BY 4.0 applies to the original compilation and editorial work by Luca Valente. Underlying third-party data retain their source terms, including Coin Metrics CC BY-NC 4.0 where indicated; this export does not replace those terms."
revenue_quality,2026-10-05,/blocchi/0/valori/0/punti/71/0,"""2026-09-17""",DefiLlama,"""2026-10-05""",CC BY 4.0,https://creativecommons.org/licenses/by/4.0/,Luca Valente,"CC BY 4.0 applies to the original compilation and editorial work by Luca Valente. Underlying third-party data retain their source terms, including Coin Metrics CC BY-NC 4.0 where indicated; this export does not replace those terms."
revenue_quality,2026-10-05,/blocchi/0/valori/0/punti/71/1,0.93835,DefiLlama,"""2026-10-05""",CC BY 4.0,https://creativecommons.org/licenses/by/4.0/,Luca Valente,"CC BY 4.0 applies to the original compilation and editorial work by Luca Valente. Underlying third-party data retain their source terms, including Coin Metrics CC BY-NC 4.0 where indicated; this export does not replace those terms."
revenue_quality,2026-10-05,/blocchi/0/valori/0/punti/72/0,"""2026-09-18""",DefiLlama,"""2026-10-05""",CC BY 4.0,https://creativecommons.org/licenses/by/4.0/,Luca Valente,"CC BY 4.0 applies to the original compilation and editorial work by Luca Valente. Underlying third-party data retain their source terms, including Coin Metrics CC BY-NC 4.0 where indicated; this export does not replace those terms."
revenue_quality,2026-10-05,/blocchi/0/valori/0/punti/72/1,0.940181,DefiLlama,"""2026-10-05""",CC BY 4.0,https://creativecommons.org/licenses/by/4.0/,Luca Valente,"CC BY 4.0 applies to the original compilation and editorial work by Luca Valente. Underlying third-party data retain their source terms, including Coin Metrics CC BY-NC 4.0 where indicated; this export does not replace those terms."
revenue_quality,2026-10-05,/blocchi/0/valori/0/punti/73/0,"""2026-09-19""",DefiLlama,"""2026-10-05""",CC BY 4.0,https://creativecommons.org/licenses/by/4.0/,Luca Valente,"CC BY 4.0 applies to the original compilation and editorial work by Luca Valente. Underlying third-party data retain their source terms, including Coin Metrics CC BY-NC 4.0 where indicated; this export does not replace those terms."
revenue_quality,2026-10-05,/blocchi/0/valori/0/punti/73/1,0.946354,DefiLlama,"""2026-10-05""",CC BY 4.0,https://creativecommons.org/licenses/by/4.0/,Luca Valente,"CC BY 4.0 applies to the original compilation and editorial work by Luca Valente. Underlying third-party data retain their source terms, including Coin Metrics CC BY-NC 4.0 where indicated; this export does not replace those terms."
revenue_quality,2026-10-05,/blocchi/0/valori/0/punti/74/0,"""2026-09-20""",DefiLlama,"""2026-10-05""",CC BY 4.0,https://creativecommons.org/licenses/by/4.0/,Luca Valente,"CC BY 4.0 applies to the original compilation and editorial work by Luca Valente. Underlying third-party data retain their source terms, including Coin Metrics CC BY-NC 4.0 where indicated; this export does not replace those terms."
revenue_quality,2026-10-05,/blocchi/0/valori/0/punti/74/1,0.954212,DefiLlama,"""2026-10-05""",CC BY 4.0,https://creativecommons.org/licenses/by/4.0/,Luca Valente,"CC BY 4.0 applies to the original compilation and editorial work by Luca Valente. Underlying third-party data retain their source terms, including Coin Metrics CC BY-NC 4.0 where indicated; this export does not replace those terms."
revenue_quality,2026-10-05,/blocchi/0/valori/0/punti/75/0,"""2026-09-21""",DefiLlama,"""2026-10-05""",CC BY 4.0,https://creativecommons.org/licenses/by/4.0/,Luca Valente,"CC BY 4.0 applies to the original compilation and editorial work by Luca Valente. Underlying third-party data retain their source terms, including Coin Metrics CC BY-NC 4.0 where indicated; this export does not replace those terms."
revenue_quality,2026-10-05,/blocchi/0/valori/0/punti/75/1,0.960648,DefiLlama,"""2026-10-05""",CC BY 4.0,https://creativecommons.org/licenses/by/4.0/,Luca Valente,"CC BY 4.0 applies to the original compilation and editorial work by Luca Valente. Underlying third-party data retain their source terms, including Coin Metrics CC BY-NC 4.0 where indicated; this export does not replace those terms."
revenue_quality,2026-10-05,/blocchi/0/valori/0/punti/76/0,"""2026-09-22""",DefiLlama,"""2026-10-05""",CC BY 4.0,https://creativecommons.org/licenses/by/4.0/,Luca Valente,"CC BY 4.0 applies to the original compilation and editorial work by Luca Valente. Underlying third-party data retain their source terms, including Coin Metrics CC BY-NC 4.0 where indicated; this export does not replace those terms."
revenue_quality,2026-10-05,/blocchi/0/valori/0/punti/76/1,0.960001,DefiLlama,"""2026-10-05""",CC BY 4.0,https://creativecommons.org/licenses/by/4.0/,Luca Valente,"CC BY 4.0 applies to the original compilation and editorial work by Luca Valente. Underlying third-party data retain their source terms, including Coin Metrics CC BY-NC 4.0 where indicated; this export does not replace those terms."
revenue_quality,2026-10-05,/blocchi/0/valori/0/punti/77/0,"""2026-09-23""",DefiLlama,"""2026-10-05""",CC BY 4.0,https://creativecommons.org/licenses/by/4.0/,Luca Valente,"CC BY 4.0 applies to the original compilation and editorial work by Luca Valente. Underlying third-party data retain their source terms, including Coin Metrics CC BY-NC 4.0 where indicated; this export does not replace those terms."
revenue_quality,2026-10-05,/blocchi/0/valori/0/punti/77/1,0.960658,DefiLlama,"""2026-10-05""",CC BY 4.0,https://creativecommons.org/licenses/by/4.0/,Luca Valente,"CC BY 4.0 applies to the original compilation and editorial work by Luca Valente. Underlying third-party data retain their source terms, including Coin Metrics CC BY-NC 4.0 where indicated; this export does not replace those terms."
revenue_quality,2026-10-05,/blocchi/0/valori/0/punti/78/0,"""2026-09-24""",DefiLlama,"""2026-10-05""",CC BY 4.0,https://creativecommons.org/licenses/by/4.0/,Luca Valente,"CC BY 4.0 applies to the original compilation and editorial work by Luca Valente. Underlying third-party data retain their source terms, including Coin Metrics CC BY-NC 4.0 where indicated; this export does not replace those terms."
revenue_quality,2026-10-05,/blocchi/0/valori/0/punti/78/1,0.959953,DefiLlama,"""2026-10-05""",CC BY 4.0,https://creativecommons.org/licenses/by/4.0/,Luca Valente,"CC BY 4.0 applies to the original compilation and editorial work by Luca Valente. Underlying third-party data retain their source terms, including Coin Metrics CC BY-NC 4.0 where indicated; this export does not replace those terms."
revenue_quality,2026-10-05,/blocchi/0/valori/0/punti/79/0,"""2026-09-25""",DefiLlama,"""2026-10-05""",CC BY 4.0,https://creativecommons.org/licenses/by/4.0/,Luca Valente,"CC BY 4.0 applies to the original compilation and editorial work by Luca Valente. Underlying third-party data retain their source terms, including Coin Metrics CC BY-NC 4.0 where indicated; this export does not replace those terms."
revenue_quality,2026-10-05,/blocchi/0/valori/0/punti/79/1,0.962073,DefiLlama,"""2026-10-05""",CC BY 4.0,https://creativecommons.org/licenses/by/4.0/,Luca Valente,"CC BY 4.0 applies to the original compilation and editorial work by Luca Valente. Underlying third-party data retain their source terms, including Coin Metrics CC BY-NC 4.0 where indicated; this export does not replace those terms."
revenue_quality,2026-10-05,/blocchi/0/valori/0/punti/80/0,"""2026-09-26""",DefiLlama,"""2026-10-05""",CC BY 4.0,https://creativecommons.org/licenses/by/4.0/,Luca Valente,"CC BY 4.0 applies to the original compilation and editorial work by Luca Valente. Underlying third-party data retain their source terms, including Coin Metrics CC BY-NC 4.0 where indicated; this export does not replace those terms."
revenue_quality,2026-10-05,/blocchi/0/valori/0/punti/80/1,0.962014,DefiLlama,"""2026-10-05""",CC BY 4.0,https://creativecommons.org/licenses/by/4.0/,Luca Valente,"CC BY 4.0 applies to the original compilation and editorial work by Luca Valente. Underlying third-party data retain their source terms, including Coin Metrics CC BY-NC 4.0 where indicated; this export does not replace those terms."
revenue_quality,2026-10-05,/blocchi/0/valori/0/punti/81/0,"""2026-09-27""",DefiLlama,"""2026-10-05""",CC BY 4.0,https://creativecommons.org/licenses/by/4.0/,Luca Valente,"CC BY 4.0 applies to the original compilation and editorial work by Luca Valente. Underlying third-party data retain their source terms, including Coin Metrics CC BY-NC 4.0 where indicated; this export does not replace those terms."
revenue_quality,2026-10-05,/blocchi/0/valori/0/punti/81/1,0.961187,DefiLlama,"""2026-10-05""",CC BY 4.0,https://creativecommons.org/licenses/by/4.0/,Luca Valente,"CC BY 4.0 applies to the original compilation and editorial work by Luca Valente. Underlying third-party data retain their source terms, including Coin Metrics CC BY-NC 4.0 where indicated; this export does not replace those terms."
revenue_quality,2026-10-05,/blocchi/0/valori/0/punti/82/0,"""2026-09-28""",DefiLlama,"""2026-10-05""",CC BY 4.0,https://creativecommons.org/licenses/by/4.0/,Luca Valente,"CC BY 4.0 applies to the original compilation and editorial work by Luca Valente. Underlying third-party data retain their source terms, including Coin Metrics CC BY-NC 4.0 where indicated; this export does not replace those terms."
revenue_quality,2026-10-05,/blocchi/0/valori/0/punti/82/1,0.961809,DefiLlama,"""2026-10-05""",CC BY 4.0,https://creativecommons.org/licenses/by/4.0/,Luca Valente,"CC BY 4.0 applies to the original compilation and editorial work by Luca Valente. Underlying third-party data retain their source terms, including Coin Metrics CC BY-NC 4.0 where indicated; this export does not replace those terms."
revenue_quality,2026-10-05,/blocchi/0/valori/0/punti/83/0,"""2026-09-29""",DefiLlama,"""2026-10-05""",CC BY 4.0,https://creativecommons.org/licenses/by/4.0/,Luca Valente,"CC BY 4.0 applies to the original compilation and editorial work by Luca Valente. Underlying third-party data retain their source terms, including Coin Metrics CC BY-NC 4.0 where indicated; this export does not replace those terms."
revenue_quality,2026-10-05,/blocchi/0/valori/0/punti/83/1,0.962678,DefiLlama,"""2026-10-05""",CC BY 4.0,https://creativecommons.org/licenses/by/4.0/,Luca Valente,"CC BY 4.0 applies to the original compilation and editorial work by Luca Valente. Underlying third-party data retain their source terms, including Coin Metrics CC BY-NC 4.0 where indicated; this export does not replace those terms."
revenue_quality,2026-10-05,/blocchi/0/valori/0/punti/84/0,"""2026-09-30""",DefiLlama,"""2026-10-05""",CC BY 4.0,https://creativecommons.org/licenses/by/4.0/,Luca Valente,"CC BY 4.0 applies to the original compilation and editorial work by Luca Valente. Underlying third-party data retain their source terms, including Coin Metrics CC BY-NC 4.0 where indicated; this export does not replace those terms."
revenue_quality,2026-10-05,/blocchi/0/valori/0/punti/84/1,0.962248,DefiLlama,"""2026-10-05""",CC BY 4.0,https://creativecommons.org/licenses/by/4.0/,Luca Valente,"CC BY 4.0 applies to the original compilation and editorial work by Luca Valente. Underlying third-party data retain their source terms, including Coin Metrics CC BY-NC 4.0 where indicated; this export does not replace those terms."
revenue_quality,2026-10-05,/blocchi/0/valori/0/punti/85/0,"""2026-10-01""",DefiLlama,"""2026-10-05""",CC BY 4.0,https://creativecommons.org/licenses/by/4.0/,Luca Valente,"CC BY 4.0 applies to the original compilation and editorial work by Luca Valente. Underlying third-party data retain their source terms, including Coin Metrics CC BY-NC 4.0 where indicated; this export does not replace those terms."
revenue_quality,2026-10-05,/blocchi/0/valori/0/punti/85/1,0.959874,DefiLlama,"""2026-10-05""",CC BY 4.0,https://creativecommons.org/licenses/by/4.0/,Luca Valente,"CC BY 4.0 applies to the original compilation and editorial work by Luca Valente. Underlying third-party data retain their source terms, including Coin Metrics CC BY-NC 4.0 where indicated; this export does not replace those terms."
revenue_quality,2026-10-05,/blocchi/0/valori/0/punti/86/0,"""2026-10-02""",DefiLlama,"""2026-10-05""",CC BY 4.0,https://creativecommons.org/licenses/by/4.0/,Luca Valente,"CC BY 4.0 applies to the original compilation and editorial work by Luca Valente. Underlying third-party data retain their source terms, including Coin Metrics CC BY-NC 4.0 where indicated; this export does not replace those terms."
revenue_quality,2026-10-05,/blocchi/0/valori/0/punti/86/1,0.960619,DefiLlama,"""2026-10-05""",CC BY 4.0,https://creativecommons.org/licenses/by/4.0/,Luca Valente,"CC BY 4.0 applies to the original compilation and editorial work by Luca Valente. Underlying third-party data retain their source terms, including Coin Metrics CC BY-NC 4.0 where indicated; this export does not replace those terms."
revenue_quality,2026-10-05,/blocchi/0/valori/0/punti/87/0,"""2026-10-03""",DefiLlama,"""2026-10-05""",CC BY 4.0,https://creativecommons.org/licenses/by/4.0/,Luca Valente,"CC BY 4.0 applies to the original compilation and editorial work by Luca Valente. Underlying third-party data retain their source terms, including Coin Metrics CC BY-NC 4.0 where indicated; this export does not replace those terms."
revenue_quality,2026-10-05,/blocchi/0/valori/0/punti/87/1,0.960988,DefiLlama,"""2026-10-05""",CC BY 4.0,https://creativecommons.org/licenses/by/4.0/,Luca Valente,"CC BY 4.0 applies to the original compilation and editorial work by Luca Valente. Underlying third-party data retain their source terms, including Coin Metrics CC BY-NC 4.0 where indicated; this export does not replace those terms."
revenue_quality,2026-10-05,/blocchi/0/valori/0/punti/88/0,"""2026-10-04""",DefiLlama,"""2026-10-05""",CC BY 4.0,https://creativecommons.org/licenses/by/4.0/,Luca Valente,"CC BY 4.0 applies to the original compilation and editorial work by Luca Valente. Underlying third-party data retain their source terms, including Coin Metrics CC BY-NC 4.0 where indicated; this export does not replace those terms."
revenue_quality,2026-10-05,/blocchi/0/valori/0/punti/88/1,0.960143,DefiLlama,"""2026-10-05""",CC BY 4.0,https://creativecommons.org/licenses/by/4.0/,Luca Valente,"CC BY 4.0 applies to the original compilation and editorial work by Luca Valente. Underlying third-party data retain their source terms, including Coin Metrics CC BY-NC 4.0 where indicated; this export does not replace those terms."
revenue_quality,2026-10-05,/blocchi/0/valori/0/punti/89/0,"""2026-10-05""",DefiLlama,"""2026-10-05""",CC BY 4.0,https://creativecommons.org/licenses/by/4.0/,Luca Valente,"CC BY 4.0 applies to the original compilation and editorial work by Luca Valente. Underlying third-party data retain their source terms, including Coin Metrics CC BY-NC 4.0 where indicated; this export does not replace those terms."
revenue_quality,2026-10-05,/blocchi/0/valori/0/punti/89/1,0.974515,DefiLlama,"""2026-10-05""",CC BY 4.0,https://creativecommons.org/licenses/by/4.0/,Luca Valente,"CC BY 4.0 applies to the original compilation and editorial work by Luca Valente. Underlying third-party data retain their source terms, including Coin Metrics CC BY-NC 4.0 where indicated; this export does not replace those terms."
revenue_quality,2026-10-05,/blocchi/0/valori/1/etichetta,"""Protocols with at least one one-off fee day in 30 days""","DefiLlama (fees, revenue)","""2026-10-04""",CC BY 4.0,https://creativecommons.org/licenses/by/4.0/,Luca Valente,"CC BY 4.0 applies to the original compilation and editorial work by Luca Valente. Underlying third-party data retain their source terms, including Coin Metrics CC BY-NC 4.0 where indicated; this export does not replace those terms."
revenue_quality,2026-10-05,/blocchi/0/valori/1/valore,12,"DefiLlama (fees, revenue)","""2026-10-04""",CC BY 4.0,https://creativecommons.org/licenses/by/4.0/,Luca Valente,"CC BY 4.0 applies to the original compilation and editorial work by Luca Valente. Underlying third-party data retain their source terms, including Coin Metrics CC BY-NC 4.0 where indicated; this export does not replace those terms."
revenue_quality,2026-10-05,/blocchi/0/valori/1/unita,"""unita""","DefiLlama (fees, revenue)","""2026-10-04""",CC BY 4.0,https://creativecommons.org/licenses/by/4.0/,Luca Valente,"CC BY 4.0 applies to the original compilation and editorial work by Luca Valente. Underlying third-party data retain their source terms, including Coin Metrics CC BY-NC 4.0 where indicated; this export does not replace those terms."
revenue_quality,2026-10-05,/blocchi/0/valori/1/su,40,"DefiLlama (fees, revenue)","""2026-10-04""",CC BY 4.0,https://creativecommons.org/licenses/by/4.0/,Luca Valente,"CC BY 4.0 applies to the original compilation and editorial work by Luca Valente. Underlying third-party data retain their source terms, including Coin Metrics CC BY-NC 4.0 where indicated; this export does not replace those terms."
revenue_quality,2026-10-05,/blocchi/0/valori/2/etichetta,"""Protocols paid in lumps (not split)""","DefiLlama (fees, revenue)","""2026-10-04""",CC BY 4.0,https://creativecommons.org/licenses/by/4.0/,Luca Valente,"CC BY 4.0 applies to the original compilation and editorial work by Luca Valente. Underlying third-party data retain their source terms, including Coin Metrics CC BY-NC 4.0 where indicated; this export does not replace those terms."
revenue_quality,2026-10-05,/blocchi/0/valori/2/valore,0,"DefiLlama (fees, revenue)","""2026-10-04""",CC BY 4.0,https://creativecommons.org/licenses/by/4.0/,Luca Valente,"CC BY 4.0 applies to the original compilation and editorial work by Luca Valente. Underlying third-party data retain their source terms, including Coin Metrics CC BY-NC 4.0 where indicated; this export does not replace those terms."
revenue_quality,2026-10-05,/blocchi/0/valori/2/unita,"""unita""","DefiLlama (fees, revenue)","""2026-10-04""",CC BY 4.0,https://creativecommons.org/licenses/by/4.0/,Luca Valente,"CC BY 4.0 applies to the original compilation and editorial work by Luca Valente. Underlying third-party data retain their source terms, including Coin Metrics CC BY-NC 4.0 where indicated; this export does not replace those terms."
revenue_quality,2026-10-05,/blocchi/0/valori/2/su,40,"DefiLlama (fees, revenue)","""2026-10-04""",CC BY 4.0,https://creativecommons.org/licenses/by/4.0/,Luca Valente,"CC BY 4.0 applies to the original compilation and editorial work by Luca Valente. Underlying third-party data retain their source terms, including Coin Metrics CC BY-NC 4.0 where indicated; this export does not replace those terms."
revenue_quality,2026-10-05,/blocchi/0/serie/0/etichetta,"""Recurring share of fees""","DefiLlama (fees, revenue)","""2026-10-04""",CC BY 4.0,https://creativecommons.org/licenses/by/4.0/,Luca Valente,"CC BY 4.0 applies to the original compilation and editorial work by Luca Valente. Underlying third-party data retain their source terms, including Coin Metrics CC BY-NC 4.0 where indicated; this export does not replace those terms."
revenue_quality,2026-10-05,/blocchi/0/serie/0/unita,"""quota""","DefiLlama (fees, revenue)","""2026-10-04""",CC BY 4.0,https://creativecommons.org/licenses/by/4.0/,Luca Valente,"CC BY 4.0 applies to the original compilation and editorial work by Luca Valente. Underlying third-party data retain their source terms, including Coin Metrics CC BY-NC 4.0 where indicated; this export does not replace those terms."
revenue_quality,2026-10-05,/blocchi/0/serie/0/punti/0/0,"""2026-07-08""","DefiLlama (fees, revenue)","""2026-10-04""",CC BY 4.0,https://creativecommons.org/licenses/by/4.0/,Luca Valente,"CC BY 4.0 applies to the original compilation and editorial work by Luca Valente. Underlying third-party data retain their source terms, including Coin Metrics CC BY-NC 4.0 where indicated; this export does not replace those terms."
revenue_quality,2026-10-05,/blocchi/0/serie/0/punti/0/1,0.977621,"DefiLlama (fees, revenue)","""2026-10-04""",CC BY 4.0,https://creativecommons.org/licenses/by/4.0/,Luca Valente,"CC BY 4.0 applies to the original compilation and editorial work by Luca Valente. Underlying third-party data retain their source terms, including Coin Metrics CC BY-NC 4.0 where indicated; this export does not replace those terms."
revenue_quality,2026-10-05,/blocchi/0/serie/0/punti/1/0,"""2026-07-09""","DefiLlama (fees, revenue)","""2026-10-04""",CC BY 4.0,https://creativecommons.org/licenses/by/4.0/,Luca Valente,"CC BY 4.0 applies to the original compilation and editorial work by Luca Valente. Underlying third-party data retain their source terms, including Coin Metrics CC BY-NC 4.0 where indicated; this export does not replace those terms."
revenue_quality,2026-10-05,/blocchi/0/serie/0/punti/1/1,0.974916,"DefiLlama (fees, revenue)","""2026-10-04""",CC BY 4.0,https://creativecommons.org/licenses/by/4.0/,Luca Valente,"CC BY 4.0 applies to the original compilation and editorial work by Luca Valente. Underlying third-party data retain their source terms, including Coin Metrics CC BY-NC 4.0 where indicated; this export does not replace those terms."
revenue_quality,2026-10-05,/blocchi/0/serie/0/punti/2/0,"""2026-07-10""","DefiLlama (fees, revenue)","""2026-10-04""",CC BY 4.0,https://creativecommons.org/licenses/by/4.0/,Luca Valente,"CC BY 4.0 applies to the original compilation and editorial work by Luca Valente. Underlying third-party data retain their source terms, including Coin Metrics CC BY-NC 4.0 where indicated; this export does not replace those terms."
revenue_quality,2026-10-05,/blocchi/0/serie/0/punti/2/1,0.973654,"DefiLlama (fees, revenue)","""2026-10-04""",CC BY 4.0,https://creativecommons.org/licenses/by/4.0/,Luca Valente,"CC BY 4.0 applies to the original compilation and editorial work by Luca Valente. Underlying third-party data retain their source terms, including Coin Metrics CC BY-NC 4.0 where indicated; this export does not replace those terms."
revenue_quality,2026-10-05,/blocchi/0/serie/0/punti/3/0,"""2026-07-11""","DefiLlama (fees, revenue)","""2026-10-04""",CC BY 4.0,https://creativecommons.org/licenses/by/4.0/,Luca Valente,"CC BY 4.0 applies to the original compilation and editorial work by Luca Valente. Underlying third-party data retain their source terms, including Coin Metrics CC BY-NC 4.0 where indicated; this export does not replace those terms."
revenue_quality,2026-10-05,/blocchi/0/serie/0/punti/3/1,0.964051,"DefiLlama (fees, revenue)","""2026-10-04""",CC BY 4.0,https://creativecommons.org/licenses/by/4.0/,Luca Valente,"CC BY 4.0 applies to the original compilation and editorial work by Luca Valente. Underlying third-party data retain their source terms, including Coin Metrics CC BY-NC 4.0 where indicated; this export does not replace those terms."
revenue_quality,2026-10-05,/blocchi/0/serie/0/punti/4/0,"""2026-07-12""","DefiLlama (fees, revenue)","""2026-10-04""",CC BY 4.0,https://creativecommons.org/licenses/by/4.0/,Luca Valente,"CC BY 4.0 applies to the original compilation and editorial work by Luca Valente. Underlying third-party data retain their source terms, including Coin Metrics CC BY-NC 4.0 where indicated; this export does not replace those terms."
revenue_quality,2026-10-05,/blocchi/0/serie/0/punti/4/1,0.957262,"DefiLlama (fees, revenue)","""2026-10-04""",CC BY 4.0,https://creativecommons.org/licenses/by/4.0/,Luca Valente,"CC BY 4.0 applies to the original compilation and editorial work by Luca Valente. Underlying third-party data retain their source terms, including Coin Metrics CC BY-NC 4.0 where indicated; this export does not replace those terms."
revenue_quality,2026-10-05,/blocchi/0/serie/0/punti/5/0,"""2026-07-13""","DefiLlama (fees, revenue)","""2026-10-04""",CC BY 4.0,https://creativecommons.org/licenses/by/4.0/,Luca Valente,"CC BY 4.0 applies to the original compilation and editorial work by Luca Valente. Underlying third-party data retain their source terms, including Coin Metrics CC BY-NC 4.0 where indicated; this export does not replace those terms."
revenue_quality,2026-10-05,/blocchi/0/serie/0/punti/5/1,0.950414,"DefiLlama (fees, revenue)","""2026-10-04""",CC BY 4.0,https://creativecommons.org/licenses/by/4.0/,Luca Valente,"CC BY 4.0 applies to the original compilation and editorial work by Luca Valente. Underlying third-party data retain their source terms, including Coin Metrics CC BY-NC 4.0 where indicated; this export does not replace those terms."
revenue_quality,2026-10-05,/blocchi/0/serie/0/punti/6/0,"""2026-07-14""","DefiLlama (fees, revenue)","""2026-10-04""",CC BY 4.0,https://creativecommons.org/licenses/by/4.0/,Luca Valente,"CC BY 4.0 applies to the original compilation and editorial work by Luca Valente. Underlying third-party data retain their source terms, including Coin Metrics CC BY-NC 4.0 where indicated; this export does not replace those terms."
revenue_quality,2026-10-05,/blocchi/0/serie/0/punti/6/1,0.950454,"DefiLlama (fees, revenue)","""2026-10-04""",CC BY 4.0,https://creativecommons.org/licenses/by/4.0/,Luca Valente,"CC BY 4.0 applies to the original compilation and editorial work by Luca Valente. Underlying third-party data retain their source terms, including Coin Metrics CC BY-NC 4.0 where indicated; this export does not replace those terms."
revenue_quality,2026-10-05,/blocchi/0/serie/0/punti/7/0,"""2026-07-15""","DefiLlama (fees, revenue)","""2026-10-04""",CC BY 4.0,https://creativecommons.org/licenses/by/4.0/,Luca Valente,"CC BY 4.0 applies to the original compilation and editorial work by Luca Valente. Underlying third-party data retain their source terms, including Coin Metrics CC BY-NC 4.0 where indicated; this export does not replace those terms."
revenue_quality,2026-10-05,/blocchi/0/serie/0/punti/7/1,0.945316,"DefiLlama (fees, revenue)","""2026-10-04""",CC BY 4.0,https://creativecommons.org/licenses/by/4.0/,Luca Valente,"CC BY 4.0 applies to the original compilation and editorial work by Luca Valente. Underlying third-party data retain their source terms, including Coin Metrics CC BY-NC 4.0 where indicated; this export does not replace those terms."
revenue_quality,2026-10-05,/blocchi/0/serie/0/punti/8/0,"""2026-07-16""","DefiLlama (fees, revenue)","""2026-10-04""",CC BY 4.0,https://creativecommons.org/licenses/by/4.0/,Luca Valente,"CC BY 4.0 applies to the original compilation and editorial work by Luca Valente. Underlying third-party data retain their source terms, including Coin Metrics CC BY-NC 4.0 where indicated; this export does not replace those terms."
revenue_quality,2026-10-05,/blocchi/0/serie/0/punti/8/1,0.935153,"DefiLlama (fees, revenue)","""2026-10-04""",CC BY 4.0,https://creativecommons.org/licenses/by/4.0/,Luca Valente,"CC BY 4.0 applies to the original compilation and editorial work by Luca Valente. Underlying third-party data retain their source terms, including Coin Metrics CC BY-NC 4.0 where indicated; this export does not replace those terms."
revenue_quality,2026-10-05,/blocchi/0/serie/0/punti/9/0,"""2026-07-17""","DefiLlama (fees, revenue)","""2026-10-04""",CC BY 4.0,https://creativecommons.org/licenses/by/4.0/,Luca Valente,"CC BY 4.0 applies to the original compilation and editorial work by Luca Valente. Underlying third-party data retain their source terms, including Coin Metrics CC BY-NC 4.0 where indicated; this export does not replace those terms."
revenue_quality,2026-10-05,/blocchi/0/serie/0/punti/9/1,0.93956,"DefiLlama (fees, revenue)","""2026-10-04""",CC BY 4.0,https://creativecommons.org/licenses/by/4.0/,Luca Valente,"CC BY 4.0 applies to the original compilation and editorial work by Luca Valente. Underlying third-party data retain their source terms, including Coin Metrics CC BY-NC 4.0 where indicated; this export does not replace those terms."
revenue_quality,2026-10-05,/blocchi/0/serie/0/punti/10/0,"""2026-07-18""","DefiLlama (fees, revenue)","""2026-10-04""",CC BY 4.0,https://creativecommons.org/licenses/by/4.0/,Luca Valente,"CC BY 4.0 applies to the original compilation and editorial work by Luca Valente. Underlying third-party data retain their source terms, including Coin Metrics CC BY-NC 4.0 where indicated; this export does not replace those terms."
revenue_quality,2026-10-05,/blocchi/0/serie/0/punti/10/1,0.937772,"DefiLlama (fees, revenue)","""2026-10-04""",CC BY 4.0,https://creativecommons.org/licenses/by/4.0/,Luca Valente,"CC BY 4.0 applies to the original compilation and editorial work by Luca Valente. Underlying third-party data retain their source terms, including Coin Metrics CC BY-NC 4.0 where indicated; this export does not replace those terms."
revenue_quality,2026-10-05,/blocchi/0/serie/0/punti/11/0,"""2026-07-19""","DefiLlama (fees, revenue)","""2026-10-04""",CC BY 4.0,https://creativecommons.org/licenses/by/4.0/,Luca Valente,"CC BY 4.0 applies to the original compilation and editorial work by Luca Valente. Underlying third-party data retain their source terms, including Coin Metrics CC BY-NC 4.0 where indicated; this export does not replace those terms."
revenue_quality,2026-10-05,/blocchi/0/serie/0/punti/11/1,0.934205,"DefiLlama (fees, revenue)","""2026-10-04""",CC BY 4.0,https://creativecommons.org/licenses/by/4.0/,Luca Valente,"CC BY 4.0 applies to the original compilation and editorial work by Luca Valente. Underlying third-party data retain their source terms, including Coin Metrics CC BY-NC 4.0 where indicated; this export does not replace those terms."
revenue_quality,2026-10-05,/blocchi/0/serie/0/punti/12/0,"""2026-07-20""","DefiLlama (fees, revenue)","""2026-10-04""",CC BY 4.0,https://creativecommons.org/licenses/by/4.0/,Luca Valente,"CC BY 4.0 applies to the original compilation and editorial work by Luca Valente. Underlying third-party data retain their source terms, including Coin Metrics CC BY-NC 4.0 where indicated; this export does not replace those terms."
revenue_quality,2026-10-05,/blocchi/0/serie/0/punti/12/1,0.951859,"DefiLlama (fees, revenue)","""2026-10-04""",CC BY 4.0,https://creativecommons.org/licenses/by/4.0/,Luca Valente,"CC BY 4.0 applies to the original compilation and editorial work by Luca Valente. Underlying third-party data retain their source terms, including Coin Metrics CC BY-NC 4.0 where indicated; this export does not replace those terms."
revenue_quality,2026-10-05,/blocchi/0/serie/0/punti/13/0,"""2026-07-21""","DefiLlama (fees, revenue)","""2026-10-04""",CC BY 4.0,https://creativecommons.org/licenses/by/4.0/,Luca Valente,"CC BY 4.0 applies to the original compilation and editorial work by Luca Valente. Underlying third-party data retain their source terms, including Coin Metrics CC BY-NC 4.0 where indicated; this export does not replace those terms."
revenue_quality,2026-10-05,/blocchi/0/serie/0/punti/13/1,0.951327,"DefiLlama (fees, revenue)","""2026-10-04""",CC BY 4.0,https://creativecommons.org/licenses/by/4.0/,Luca Valente,"CC BY 4.0 applies to the original compilation and editorial work by Luca Valente. Underlying third-party data retain their source terms, including Coin Metrics CC BY-NC 4.0 where indicated; this export does not replace those terms."
revenue_quality,2026-10-05,/blocchi/0/serie/0/punti/14/0,"""2026-07-22""","DefiLlama (fees, revenue)","""2026-10-04""",CC BY 4.0,https://creativecommons.org/licenses/by/4.0/,Luca Valente,"CC BY 4.0 applies to the original compilation and editorial work by Luca Valente. Underlying third-party data retain their source terms, including Coin Metrics CC BY-NC 4.0 where indicated; this export does not replace those terms."
revenue_quality,2026-10-05,/blocchi/0/serie/0/punti/14/1,0.964247,"DefiLlama (fees, revenue)","""2026-10-04""",CC BY 4.0,https://creativecommons.org/licenses/by/4.0/,Luca Valente,"CC BY 4.0 applies to the original compilation and editorial work by Luca Valente. Underlying third-party data retain their source terms, including Coin Metrics CC BY-NC 4.0 where indicated; this export does not replace those terms."
revenue_quality,2026-10-05,/blocchi/0/serie/0/punti/15/0,"""2026-07-23""","DefiLlama (fees, revenue)","""2026-10-04""",CC BY 4.0,https://creativecommons.org/licenses/by/4.0/,Luca Valente,"CC BY 4.0 applies to the original compilation and editorial work by Luca Valente. Underlying third-party data retain their source terms, including Coin Metrics CC BY-NC 4.0 where indicated; this export does not replace those terms."
revenue_quality,2026-10-05,/blocchi/0/serie/0/punti/15/1,0.97435,"DefiLlama (fees, revenue)","""2026-10-04""",CC BY 4.0,https://creativecommons.org/licenses/by/4.0/,Luca Valente,"CC BY 4.0 applies to the original compilation and editorial work by Luca Valente. Underlying third-party data retain their source terms, including Coin Metrics CC BY-NC 4.0 where indicated; this export does not replace those terms."
revenue_quality,2026-10-05,/blocchi/0/serie/0/punti/16/0,"""2026-07-24""","DefiLlama (fees, revenue)","""2026-10-04""",CC BY 4.0,https://creativecommons.org/licenses/by/4.0/,Luca Valente,"CC BY 4.0 applies to the original compilation and editorial work by Luca Valente. Underlying third-party data retain their source terms, including Coin Metrics CC BY-NC 4.0 where indicated; this export does not replace those terms."
revenue_quality,2026-10-05,/blocchi/0/serie/0/punti/16/1,0.974512,"DefiLlama (fees, revenue)","""2026-10-04""",CC BY 4.0,https://creativecommons.org/licenses/by/4.0/,Luca Valente,"CC BY 4.0 applies to the original compilation and editorial work by Luca Valente. Underlying third-party data retain their source terms, including Coin Metrics CC BY-NC 4.0 where indicated; this export does not replace those terms."
revenue_quality,2026-10-05,/blocchi/0/serie/0/punti/17/0,"""2026-07-25""","DefiLlama (fees, revenue)","""2026-10-04""",CC BY 4.0,https://creativecommons.org/licenses/by/4.0/,Luca Valente,"CC BY 4.0 applies to the original compilation and editorial work by Luca Valente. Underlying third-party data retain their source terms, including Coin Metrics CC BY-NC 4.0 where indicated; this export does not replace those terms."
revenue_quality,2026-10-05,/blocchi/0/serie/0/punti/17/1,0.981057,"DefiLlama (fees, revenue)","""2026-10-04""",CC BY 4.0,https://creativecommons.org/licenses/by/4.0/,Luca Valente,"CC BY 4.0 applies to the original compilation and editorial work by Luca Valente. Underlying third-party data retain their source terms, including Coin Metrics CC BY-NC 4.0 where indicated; this export does not replace those terms."
revenue_quality,2026-10-05,/blocchi/0/serie/0/punti/18/0,"""2026-07-26""","DefiLlama (fees, revenue)","""2026-10-04""",CC BY 4.0,https://creativecommons.org/licenses/by/4.0/,Luca Valente,"CC BY 4.0 applies to the original compilation and editorial work by Luca Valente. Underlying third-party data retain their source terms, including Coin Metrics CC BY-NC 4.0 where indicated; this export does not replace those terms."
revenue_quality,2026-10-05,/blocchi/0/serie/0/punti/18/1,0.973753,"DefiLlama (fees, revenue)","""2026-10-04""",CC BY 4.0,https://creativecommons.org/licenses/by/4.0/,Luca Valente,"CC BY 4.0 applies to the original compilation and editorial work by Luca Valente. Underlying third-party data retain their source terms, including Coin Metrics CC BY-NC 4.0 where indicated; this export does not replace those terms."
revenue_quality,2026-10-05,/blocchi/0/serie/0/punti/19/0,"""2026-07-27""","DefiLlama (fees, revenue)","""2026-10-04""",CC BY 4.0,https://creativecommons.org/licenses/by/4.0/,Luca Valente,"CC BY 4.0 applies to the original compilation and editorial work by Luca Valente. Underlying third-party data retain their source terms, including Coin Metrics CC BY-NC 4.0 where indicated; this export does not replace those terms."
revenue_quality,2026-10-05,/blocchi/0/serie/0/punti/19/1,0.979497,"DefiLlama (fees, revenue)","""2026-10-04""",CC BY 4.0,https://creativecommons.org/licenses/by/4.0/,Luca Valente,"CC BY 4.0 applies to the original compilation and editorial work by Luca Valente. Underlying third-party data retain their source terms, including Coin Metrics CC BY-NC 4.0 where indicated; this export does not replace those terms."
revenue_quality,2026-10-05,/blocchi/0/serie/0/punti/20/0,"""2026-07-28""","DefiLlama (fees, revenue)","""2026-10-04""",CC BY 4.0,https://creativecommons.org/licenses/by/4.0/,Luca Valente,"CC BY 4.0 applies to the original compilation and editorial work by Luca Valente. Underlying third-party data retain their source terms, including Coin Metrics CC BY-NC 4.0 where indicated; this export does not replace those terms."
revenue_quality,2026-10-05,/blocchi/0/serie/0/punti/20/1,0.973613,"DefiLlama (fees, revenue)","""2026-10-04""",CC BY 4.0,https://creativecommons.org/licenses/by/4.0/,Luca Valente,"CC BY 4.0 applies to the original compilation and editorial work by Luca Valente. Underlying third-party data retain their source terms, including Coin Metrics CC BY-NC 4.0 where indicated; this export does not replace those terms."
revenue_quality,2026-10-05,/blocchi/0/serie/0/punti/21/0,"""2026-07-29""","DefiLlama (fees, revenue)","""2026-10-04""",CC BY 4.0,https://creativecommons.org/licenses/by/4.0/,Luca Valente,"CC BY 4.0 applies to the original compilation and editorial work by Luca Valente. Underlying third-party data retain their source terms, including Coin Metrics CC BY-NC 4.0 where indicated; this export does not replace those terms."
revenue_quality,2026-10-05,/blocchi/0/serie/0/punti/21/1,0.980051,"DefiLlama (fees, revenue)","""2026-10-04""",CC BY 4.0,https://creativecommons.org/licenses/by/4.0/,Luca Valente,"CC BY 4.0 applies to the original compilation and editorial work by Luca Valente. Underlying third-party data retain their source terms, including Coin Metrics CC BY-NC 4.0 where indicated; this export does not replace those terms."
revenue_quality,2026-10-05,/blocchi/0/serie/0/punti/22/0,"""2026-07-30""","DefiLlama (fees, revenue)","""2026-10-04""",CC BY 4.0,https://creativecommons.org/licenses/by/4.0/,Luca Valente,"CC BY 4.0 applies to the original compilation and editorial work by Luca Valente. Underlying third-party data retain their source terms, including Coin Metrics CC BY-NC 4.0 where indicated; this export does not replace those terms."
revenue_quality,2026-10-05,/blocchi/0/serie/0/punti/22/1,0.969951,"DefiLlama (fees, revenue)","""2026-10-04""",CC BY 4.0,https://creativecommons.org/licenses/by/4.0/,Luca Valente,"CC BY 4.0 applies to the original compilation and editorial work by Luca Valente. Underlying third-party data retain their source terms, including Coin Metrics CC BY-NC 4.0 where indicated; this export does not replace those terms."
revenue_quality,2026-10-05,/blocchi/0/serie/0/punti/23/0,"""2026-07-31""","DefiLlama (fees, revenue)","""2026-10-04""",CC BY 4.0,https://creativecommons.org/licenses/by/4.0/,Luca Valente,"CC BY 4.0 applies to the original compilation and editorial work by Luca Valente. Underlying third-party data retain their source terms, including Coin Metrics CC BY-NC 4.0 where indicated; this export does not replace those terms."
revenue_quality,2026-10-05,/blocchi/0/serie/0/punti/23/1,0.976734,"DefiLlama (fees, revenue)","""2026-10-04""",CC BY 4.0,https://creativecommons.org/licenses/by/4.0/,Luca Valente,"CC BY 4.0 applies to the original compilation and editorial work by Luca Valente. Underlying third-party data retain their source terms, including Coin Metrics CC BY-NC 4.0 where indicated; this export does not replace those terms."
revenue_quality,2026-10-05,/blocchi/0/serie/0/punti/24/0,"""2026-08-01""","DefiLlama (fees, revenue)","""2026-10-04""",CC BY 4.0,https://creativecommons.org/licenses/by/4.0/,Luca Valente,"CC BY 4.0 applies to the original compilation and editorial work by Luca Valente. Underlying third-party data retain their source terms, including Coin Metrics CC BY-NC 4.0 where indicated; this export does not replace those terms."
revenue_quality,2026-10-05,/blocchi/0/serie/0/punti/24/1,0.972469,"DefiLlama (fees, revenue)","""2026-10-04""",CC BY 4.0,https://creativecommons.org/licenses/by/4.0/,Luca Valente,"CC BY 4.0 applies to the original compilation and editorial work by Luca Valente. Underlying third-party data retain their source terms, including Coin Metrics CC BY-NC 4.0 where indicated; this export does not replace those terms."
revenue_quality,2026-10-05,/blocchi/0/serie/0/punti/25/0,"""2026-08-02""","DefiLlama (fees, revenue)","""2026-10-04""",CC BY 4.0,https://creativecommons.org/licenses/by/4.0/,Luca Valente,"CC BY 4.0 applies to the original compilation and editorial work by Luca Valente. Underlying third-party data retain their source terms, including Coin Metrics CC BY-NC 4.0 where indicated; this export does not replace those terms."
revenue_quality,2026-10-05,/blocchi/0/serie/0/punti/25/1,0.97902,"DefiLlama (fees, revenue)","""2026-10-04""",CC BY 4.0,https://creativecommons.org/licenses/by/4.0/,Luca Valente,"CC BY 4.0 applies to the original compilation and editorial work by Luca Valente. Underlying third-party data retain their source terms, including Coin Metrics CC BY-NC 4.0 where indicated; this export does not replace those terms."
revenue_quality,2026-10-05,/blocchi/0/serie/0/punti/26/0,"""2026-08-03""","DefiLlama (fees, revenue)","""2026-10-04""",CC BY 4.0,https://creativecommons.org/licenses/by/4.0/,Luca Valente,"CC BY 4.0 applies to the original compilation and editorial work by Luca Valente. Underlying third-party data retain their source terms, including Coin Metrics CC BY-NC 4.0 where indicated; this export does not replace those terms."
revenue_quality,2026-10-05,/blocchi/0/serie/0/punti/26/1,0.968642,"DefiLlama (fees, revenue)","""2026-10-04""",CC BY 4.0,https://creativecommons.org/licenses/by/4.0/,Luca Valente,"CC BY 4.0 applies to the original compilation and editorial work by Luca Valente. Underlying third-party data retain their source terms, including Coin Metrics CC BY-NC 4.0 where indicated; this export does not replace those terms."
revenue_quality,2026-10-05,/blocchi/0/serie/0/punti/27/0,"""2026-08-04""","DefiLlama (fees, revenue)","""2026-10-04""",CC BY 4.0,https://creativecommons.org/licenses/by/4.0/,Luca Valente,"CC BY 4.0 applies to the original compilation and editorial work by Luca Valente. Underlying third-party data retain their source terms, including Coin Metrics CC BY-NC 4.0 where indicated; this export does not replace those terms."
revenue_quality,2026-10-05,/blocchi/0/serie/0/punti/27/1,0.976067,"DefiLlama (fees, revenue)","""2026-10-04""",CC BY 4.0,https://creativecommons.org/licenses/by/4.0/,Luca Valente,"CC BY 4.0 applies to the original compilation and editorial work by Luca Valente. Underlying third-party data retain their source terms, including Coin Metrics CC BY-NC 4.0 where indicated; this export does not replace those terms."
revenue_quality,2026-10-05,/blocchi/0/serie/0/punti/28/0,"""2026-08-05""","DefiLlama (fees, revenue)","""2026-10-04""",CC BY 4.0,https://creativecommons.org/licenses/by/4.0/,Luca Valente,"CC BY 4.0 applies to the original compilation and editorial work by Luca Valente. Underlying third-party data retain their source terms, including Coin Metrics CC BY-NC 4.0 where indicated; this export does not replace those terms."
revenue_quality,2026-10-05,/blocchi/0/serie/0/punti/28/1,0.965544,"DefiLlama (fees, revenue)","""2026-10-04""",CC BY 4.0,https://creativecommons.org/licenses/by/4.0/,Luca Valente,"CC BY 4.0 applies to the original compilation and editorial work by Luca Valente. Underlying third-party data retain their source terms, including Coin Metrics CC BY-NC 4.0 where indicated; this export does not replace those terms."
revenue_quality,2026-10-05,/blocchi/0/serie/0/punti/29/0,"""2026-08-06""","DefiLlama (fees, revenue)","""2026-10-04""",CC BY 4.0,https://creativecommons.org/licenses/by/4.0/,Luca Valente,"CC BY 4.0 applies to the original compilation and editorial work by Luca Valente. Underlying third-party data retain their source terms, including Coin Metrics CC BY-NC 4.0 where indicated; this export does not replace those terms."
revenue_quality,2026-10-05,/blocchi/0/serie/0/punti/29/1,0.976676,"DefiLlama (fees, revenue)","""2026-10-04""",CC BY 4.0,https://creativecommons.org/licenses/by/4.0/,Luca Valente,"CC BY 4.0 applies to the original compilation and editorial work by Luca Valente. Underlying third-party data retain their source terms, including Coin Metrics CC BY-NC 4.0 where indicated; this export does not replace those terms."
revenue_quality,2026-10-05,/blocchi/0/serie/0/punti/30/0,"""2026-08-07""","DefiLlama (fees, revenue)","""2026-10-04""",CC BY 4.0,https://creativecommons.org/licenses/by/4.0/,Luca Valente,"CC BY 4.0 applies to the original compilation and editorial work by Luca Valente. Underlying third-party data retain their source terms, including Coin Metrics CC BY-NC 4.0 where indicated; this export does not replace those terms."
revenue_quality,2026-10-05,/blocchi/0/serie/0/punti/30/1,0.966047,"DefiLlama (fees, revenue)","""2026-10-04""",CC BY 4.0,https://creativecommons.org/licenses/by/4.0/,Luca Valente,"CC BY 4.0 applies to the original compilation and editorial work by Luca Valente. Underlying third-party data retain their source terms, including Coin Metrics CC BY-NC 4.0 where indicated; this export does not replace those terms."
revenue_quality,2026-10-05,/blocchi/0/serie/0/punti/31/0,"""2026-08-08""","DefiLlama (fees, revenue)","""2026-10-04""",CC BY 4.0,https://creativecommons.org/licenses/by/4.0/,Luca Valente,"CC BY 4.0 applies to the original compilation and editorial work by Luca Valente. Underlying third-party data retain their source terms, including Coin Metrics CC BY-NC 4.0 where indicated; this export does not replace those terms."
revenue_quality,2026-10-05,/blocchi/0/serie/0/punti/31/1,0.9762,"DefiLlama (fees, revenue)","""2026-10-04""",CC BY 4.0,https://creativecommons.org/licenses/by/4.0/,Luca Valente,"CC BY 4.0 applies to the original compilation and editorial work by Luca Valente. Underlying third-party data retain their source terms, including Coin Metrics CC BY-NC 4.0 where indicated; this export does not replace those terms."
revenue_quality,2026-10-05,/blocchi/0/serie/0/punti/32/0,"""2026-08-09""","DefiLlama (fees, revenue)","""2026-10-04""",CC BY 4.0,https://creativecommons.org/licenses/by/4.0/,Luca Valente,"CC BY 4.0 applies to the original compilation and editorial work by Luca Valente. Underlying third-party data retain their source terms, including Coin Metrics CC BY-NC 4.0 where indicated; this export does not replace those terms."
revenue_quality,2026-10-05,/blocchi/0/serie/0/punti/32/1,0.966323,"DefiLlama (fees, revenue)","""2026-10-04""",CC BY 4.0,https://creativecommons.org/licenses/by/4.0/,Luca Valente,"CC BY 4.0 applies to the original compilation and editorial work by Luca Valente. Underlying third-party data retain their source terms, including Coin Metrics CC BY-NC 4.0 where indicated; this export does not replace those terms."
revenue_quality,2026-10-05,/blocchi/0/serie/0/punti/33/0,"""2026-08-10""","DefiLlama (fees, revenue)","""2026-10-04""",CC BY 4.0,https://creativecommons.org/licenses/by/4.0/,Luca Valente,"CC BY 4.0 applies to the original compilation and editorial work by Luca Valente. Underlying third-party data retain their source terms, including Coin Metrics CC BY-NC 4.0 where indicated; this export does not replace those terms."
revenue_quality,2026-10-05,/blocchi/0/serie/0/punti/33/1,0.976846,"DefiLlama (fees, revenue)","""2026-10-04""",CC BY 4.0,https://creativecommons.org/licenses/by/4.0/,Luca Valente,"CC BY 4.0 applies to the original compilation and editorial work by Luca Valente. Underlying third-party data retain their source terms, including Coin Metrics CC BY-NC 4.0 where indicated; this export does not replace those terms."
revenue_quality,2026-10-05,/blocchi/0/serie/0/punti/34/0,"""2026-08-11""","DefiLlama (fees, revenue)","""2026-10-04""",CC BY 4.0,https://creativecommons.org/licenses/by/4.0/,Luca Valente,"CC BY 4.0 applies to the original compilation and editorial work by Luca Valente. Underlying third-party data retain their source terms, including Coin Metrics CC BY-NC 4.0 where indicated; this export does not replace those terms."
revenue_quality,2026-10-05,/blocchi/0/serie/0/punti/34/1,0.963116,"DefiLlama (fees, revenue)","""2026-10-04""",CC BY 4.0,https://creativecommons.org/licenses/by/4.0/,Luca Valente,"CC BY 4.0 applies to the original compilation and editorial work by Luca Valente. Underlying third-party data retain their source terms, including Coin Metrics CC BY-NC 4.0 where indicated; this export does not replace those terms."
revenue_quality,2026-10-05,/blocchi/0/serie/0/punti/35/0,"""2026-08-12""","DefiLlama (fees, revenue)","""2026-10-04""",CC BY 4.0,https://creativecommons.org/licenses/by/4.0/,Luca Valente,"CC BY 4.0 applies to the original compilation and editorial work by Luca Valente. Underlying third-party data retain their source terms, including Coin Metrics CC BY-NC 4.0 where indicated; this export does not replace those terms."
revenue_quality,2026-10-05,/blocchi/0/serie/0/punti/35/1,0.972261,"DefiLlama (fees, revenue)","""2026-10-04""",CC BY 4.0,https://creativecommons.org/licenses/by/4.0/,Luca Valente,"CC BY 4.0 applies to the original compilation and editorial work by Luca Valente. Underlying third-party data retain their source terms, including Coin Metrics CC BY-NC 4.0 where indicated; this export does not replace those terms."
revenue_quality,2026-10-05,/blocchi/0/serie/0/punti/36/0,"""2026-08-13""","DefiLlama (fees, revenue)","""2026-10-04""",CC BY 4.0,https://creativecommons.org/licenses/by/4.0/,Luca Valente,"CC BY 4.0 applies to the original compilation and editorial work by Luca Valente. Underlying third-party data retain their source terms, including Coin Metrics CC BY-NC 4.0 where indicated; this export does not replace those terms."
revenue_quality,2026-10-05,/blocchi/0/serie/0/punti/36/1,0.971236,"DefiLlama (fees, revenue)","""2026-10-04""",CC BY 4.0,https://creativecommons.org/licenses/by/4.0/,Luca Valente,"CC BY 4.0 applies to the original compilation and editorial work by Luca Valente. Underlying third-party data retain their source terms, including Coin Metrics CC BY-NC 4.0 where indicated; this export does not replace those terms."
revenue_quality,2026-10-05,/blocchi/0/serie/0/punti/37/0,"""2026-08-14""","DefiLlama (fees, revenue)","""2026-10-04""",CC BY 4.0,https://creativecommons.org/licenses/by/4.0/,Luca Valente,"CC BY 4.0 applies to the original compilation and editorial work by Luca Valente. Underlying third-party data retain their source terms, including Coin Metrics CC BY-NC 4.0 where indicated; this export does not replace those terms."
revenue_quality,2026-10-05,/blocchi/0/serie/0/punti/37/1,0.972393,"DefiLlama (fees, revenue)","""2026-10-04""",CC BY 4.0,https://creativecommons.org/licenses/by/4.0/,Luca Valente,"CC BY 4.0 applies to the original compilation and editorial work by Luca Valente. Underlying third-party data retain their source terms, including Coin Metrics CC BY-NC 4.0 where indicated; this export does not replace those terms."
revenue_quality,2026-10-05,/blocchi/0/serie/0/punti/38/0,"""2026-08-15""","DefiLlama (fees, revenue)","""2026-10-04""",CC BY 4.0,https://creativecommons.org/licenses/by/4.0/,Luca Valente,"CC BY 4.0 applies to the original compilation and editorial work by Luca Valente. Underlying third-party data retain their source terms, including Coin Metrics CC BY-NC 4.0 where indicated; this export does not replace those terms."
revenue_quality,2026-10-05,/blocchi/0/serie/0/punti/38/1,0.973361,"DefiLlama (fees, revenue)","""2026-10-04""",CC BY 4.0,https://creativecommons.org/licenses/by/4.0/,Luca Valente,"CC BY 4.0 applies to the original compilation and editorial work by Luca Valente. Underlying third-party data retain their source terms, including Coin Metrics CC BY-NC 4.0 where indicated; this export does not replace those terms."
revenue_quality,2026-10-05,/blocchi/0/serie/0/punti/39/0,"""2026-08-16""","DefiLlama (fees, revenue)","""2026-10-04""",CC BY 4.0,https://creativecommons.org/licenses/by/4.0/,Luca Valente,"CC BY 4.0 applies to the original compilation and editorial work by Luca Valente. Underlying third-party data retain their source terms, including Coin Metrics CC BY-NC 4.0 where indicated; this export does not replace those terms."
revenue_quality,2026-10-05,/blocchi/0/serie/0/punti/39/1,0.974378,"DefiLlama (fees, revenue)","""2026-10-04""",CC BY 4.0,https://creativecommons.org/licenses/by/4.0/,Luca Valente,"CC BY 4.0 applies to the original compilation and editorial work by Luca Valente. Underlying third-party data retain their source terms, including Coin Metrics CC BY-NC 4.0 where indicated; this export does not replace those terms."
revenue_quality,2026-10-05,/blocchi/0/serie/0/punti/40/0,"""2026-08-17""","DefiLlama (fees, revenue)","""2026-10-04""",CC BY 4.0,https://creativecommons.org/licenses/by/4.0/,Luca Valente,"CC BY 4.0 applies to the original compilation and editorial work by Luca Valente. Underlying third-party data retain their source terms, including Coin Metrics CC BY-NC 4.0 where indicated; this export does not replace those terms."
revenue_quality,2026-10-05,/blocchi/0/serie/0/punti/40/1,0.971436,"DefiLlama (fees, revenue)","""2026-10-04""",CC BY 4.0,https://creativecommons.org/licenses/by/4.0/,Luca Valente,"CC BY 4.0 applies to the original compilation and editorial work by Luca Valente. Underlying third-party data retain their source terms, including Coin Metrics CC BY-NC 4.0 where indicated; this export does not replace those terms."
revenue_quality,2026-10-05,/blocchi/0/serie/0/punti/41/0,"""2026-08-18""","DefiLlama (fees, revenue)","""2026-10-04""",CC BY 4.0,https://creativecommons.org/licenses/by/4.0/,Luca Valente,"CC BY 4.0 applies to the original compilation and editorial work by Luca Valente. Underlying third-party data retain their source terms, including Coin Metrics CC BY-NC 4.0 where indicated; this export does not replace those terms."
revenue_quality,2026-10-05,/blocchi/0/serie/0/punti/41/1,0.972359,"DefiLlama (fees, revenue)","""2026-10-04""",CC BY 4.0,https://creativecommons.org/licenses/by/4.0/,Luca Valente,"CC BY 4.0 applies to the original compilation and editorial work by Luca Valente. Underlying third-party data retain their source terms, including Coin Metrics CC BY-NC 4.0 where indicated; this export does not replace those terms."
revenue_quality,2026-10-05,/blocchi/0/serie/0/punti/42/0,"""2026-08-19""","DefiLlama (fees, revenue)","""2026-10-04""",CC BY 4.0,https://creativecommons.org/licenses/by/4.0/,Luca Valente,"CC BY 4.0 applies to the original compilation and editorial work by Luca Valente. Underlying third-party data retain their source terms, including Coin Metrics CC BY-NC 4.0 where indicated; this export does not replace those terms."
revenue_quality,2026-10-05,/blocchi/0/serie/0/punti/42/1,0.972413,"DefiLlama (fees, revenue)","""2026-10-04""",CC BY 4.0,https://creativecommons.org/licenses/by/4.0/,Luca Valente,"CC BY 4.0 applies to the original compilation and editorial work by Luca Valente. Underlying third-party data retain their source terms, including Coin Metrics CC BY-NC 4.0 where indicated; this export does not replace those terms."
revenue_quality,2026-10-05,/blocchi/0/serie/0/punti/43/0,"""2026-08-20""","DefiLlama (fees, revenue)","""2026-10-04""",CC BY 4.0,https://creativecommons.org/licenses/by/4.0/,Luca Valente,"CC BY 4.0 applies to the original compilation and editorial work by Luca Valente. Underlying third-party data retain their source terms, including Coin Metrics CC BY-NC 4.0 where indicated; this export does not replace those terms."
revenue_quality,2026-10-05,/blocchi/0/serie/0/punti/43/1,0.95817,"DefiLlama (fees, revenue)","""2026-10-04""",CC BY 4.0,https://creativecommons.org/licenses/by/4.0/,Luca Valente,"CC BY 4.0 applies to the original compilation and editorial work by Luca Valente. Underlying third-party data retain their source terms, including Coin Metrics CC BY-NC 4.0 where indicated; this export does not replace those terms."
revenue_quality,2026-10-05,/blocchi/0/serie/0/punti/44/0,"""2026-08-21""","DefiLlama (fees, revenue)","""2026-10-04""",CC BY 4.0,https://creativecommons.org/licenses/by/4.0/,Luca Valente,"CC BY 4.0 applies to the original compilation and editorial work by Luca Valente. Underlying third-party data retain their source terms, including Coin Metrics CC BY-NC 4.0 where indicated; this export does not replace those terms."
revenue_quality,2026-10-05,/blocchi/0/serie/0/punti/44/1,0.955817,"DefiLlama (fees, revenue)","""2026-10-04""",CC BY 4.0,https://creativecommons.org/licenses/by/4.0/,Luca Valente,"CC BY 4.0 applies to the original compilation and editorial work by Luca Valente. Underlying third-party data retain their source terms, including Coin Metrics CC BY-NC 4.0 where indicated; this export does not replace those terms."
revenue_quality,2026-10-05,/blocchi/0/serie/0/punti/45/0,"""2026-08-22""","DefiLlama (fees, revenue)","""2026-10-04""",CC BY 4.0,https://creativecommons.org/licenses/by/4.0/,Luca Valente,"CC BY 4.0 applies to the original compilation and editorial work by Luca Valente. Underlying third-party data retain their source terms, including Coin Metrics CC BY-NC 4.0 where indicated; this export does not replace those terms."
revenue_quality,2026-10-05,/blocchi/0/serie/0/punti/45/1,0.942014,"DefiLlama (fees, revenue)","""2026-10-04""",CC BY 4.0,https://creativecommons.org/licenses/by/4.0/,Luca Valente,"CC BY 4.0 applies to the original compilation and editorial work by Luca Valente. Underlying third-party data retain their source terms, including Coin Metrics CC BY-NC 4.0 where indicated; this export does not replace those terms."
revenue_quality,2026-10-05,/blocchi/0/serie/0/punti/46/0,"""2026-08-23""","DefiLlama (fees, revenue)","""2026-10-04""",CC BY 4.0,https://creativecommons.org/licenses/by/4.0/,Luca Valente,"CC BY 4.0 applies to the original compilation and editorial work by Luca Valente. Underlying third-party data retain their source terms, including Coin Metrics CC BY-NC 4.0 where indicated; this export does not replace those terms."
revenue_quality,2026-10-05,/blocchi/0/serie/0/punti/46/1,0.93973,"DefiLlama (fees, revenue)","""2026-10-04""",CC BY 4.0,https://creativecommons.org/licenses/by/4.0/,Luca Valente,"CC BY 4.0 applies to the original compilation and editorial work by Luca Valente. Underlying third-party data retain their source terms, including Coin Metrics CC BY-NC 4.0 where indicated; this export does not replace those terms."
revenue_quality,2026-10-05,/blocchi/0/serie/0/punti/47/0,"""2026-08-24""","DefiLlama (fees, revenue)","""2026-10-04""",CC BY 4.0,https://creativecommons.org/licenses/by/4.0/,Luca Valente,"CC BY 4.0 applies to the original compilation and editorial work by Luca Valente. Underlying third-party data retain their source terms, including Coin Metrics CC BY-NC 4.0 where indicated; this export does not replace those terms."
revenue_quality,2026-10-05,/blocchi/0/serie/0/punti/47/1,0.934774,"DefiLlama (fees, revenue)","""2026-10-04""",CC BY 4.0,https://creativecommons.org/licenses/by/4.0/,Luca Valente,"CC BY 4.0 applies to the original compilation and editorial work by Luca Valente. Underlying third-party data retain their source terms, including Coin Metrics CC BY-NC 4.0 where indicated; this export does not replace those terms."
revenue_quality,2026-10-05,/blocchi/0/serie/0/punti/48/0,"""2026-08-25""","DefiLlama (fees, revenue)","""2026-10-04""",CC BY 4.0,https://creativecommons.org/licenses/by/4.0/,Luca Valente,"CC BY 4.0 applies to the original compilation and editorial work by Luca Valente. Underlying third-party data retain their source terms, including Coin Metrics CC BY-NC 4.0 where indicated; this export does not replace those terms."
revenue_quality,2026-10-05,/blocchi/0/serie/0/punti/48/1,0.936292,"DefiLlama (fees, revenue)","""2026-10-04""",CC BY 4.0,https://creativecommons.org/licenses/by/4.0/,Luca Valente,"CC BY 4.0 applies to the original compilation and editorial work by Luca Valente. Underlying third-party data retain their source terms, including Coin Metrics CC BY-NC 4.0 where indicated; this export does not replace those terms."
revenue_quality,2026-10-05,/blocchi/0/serie/0/punti/49/0,"""2026-08-26""","DefiLlama (fees, revenue)","""2026-10-04""",CC BY 4.0,https://creativecommons.org/licenses/by/4.0/,Luca Valente,"CC BY 4.0 applies to the original compilation and editorial work by Luca Valente. Underlying third-party data retain their source terms, including Coin Metrics CC BY-NC 4.0 where indicated; this export does not replace those terms."
revenue_quality,2026-10-05,/blocchi/0/serie/0/punti/49/1,0.936409,"DefiLlama (fees, revenue)","""2026-10-04""",CC BY 4.0,https://creativecommons.org/licenses/by/4.0/,Luca Valente,"CC BY 4.0 applies to the original compilation and editorial work by Luca Valente. Underlying third-party data retain their source terms, including Coin Metrics CC BY-NC 4.0 where indicated; this export does not replace those terms."
revenue_quality,2026-10-05,/blocchi/0/serie/0/punti/50/0,"""2026-08-27""","DefiLlama (fees, revenue)","""2026-10-04""",CC BY 4.0,https://creativecommons.org/licenses/by/4.0/,Luca Valente,"CC BY 4.0 applies to the original compilation and editorial work by Luca Valente. Underlying third-party data retain their source terms, including Coin Metrics CC BY-NC 4.0 where indicated; this export does not replace those terms."
revenue_quality,2026-10-05,/blocchi/0/serie/0/punti/50/1,0.937448,"DefiLlama (fees, revenue)","""2026-10-04""",CC BY 4.0,https://creativecommons.org/licenses/by/4.0/,Luca Valente,"CC BY 4.0 applies to the original compilation and editorial work by Luca Valente. Underlying third-party data retain their source terms, including Coin Metrics CC BY-NC 4.0 where indicated; this export does not replace those terms."
revenue_quality,2026-10-05,/blocchi/0/serie/0/punti/51/0,"""2026-08-28""","DefiLlama (fees, revenue)","""2026-10-04""",CC BY 4.0,https://creativecommons.org/licenses/by/4.0/,Luca Valente,"CC BY 4.0 applies to the original compilation and editorial work by Luca Valente. Underlying third-party data retain their source terms, including Coin Metrics CC BY-NC 4.0 where indicated; this export does not replace those terms."
revenue_quality,2026-10-05,/blocchi/0/serie/0/punti/51/1,0.936627,"DefiLlama (fees, revenue)","""2026-10-04""",CC BY 4.0,https://creativecommons.org/licenses/by/4.0/,Luca Valente,"CC BY 4.0 applies to the original compilation and editorial work by Luca Valente. Underlying third-party data retain their source terms, including Coin Metrics CC BY-NC 4.0 where indicated; this export does not replace those terms."
revenue_quality,2026-10-05,/blocchi/0/serie/0/punti/52/0,"""2026-08-29""","DefiLlama (fees, revenue)","""2026-10-04""",CC BY 4.0,https://creativecommons.org/licenses/by/4.0/,Luca Valente,"CC BY 4.0 applies to the original compilation and editorial work by Luca Valente. Underlying third-party data retain their source terms, including Coin Metrics CC BY-NC 4.0 where indicated; this export does not replace those terms."
revenue_quality,2026-10-05,/blocchi/0/serie/0/punti/52/1,0.936452,"DefiLlama (fees, revenue)","""2026-10-04""",CC BY 4.0,https://creativecommons.org/licenses/by/4.0/,Luca Valente,"CC BY 4.0 applies to the original compilation and editorial work by Luca Valente. Underlying third-party data retain their source terms, including Coin Metrics CC BY-NC 4.0 where indicated; this export does not replace those terms."
revenue_quality,2026-10-05,/blocchi/0/serie/0/punti/53/0,"""2026-08-30""","DefiLlama (fees, revenue)","""2026-10-04""",CC BY 4.0,https://creativecommons.org/licenses/by/4.0/,Luca Valente,"CC BY 4.0 applies to the original compilation and editorial work by Luca Valente. Underlying third-party data retain their source terms, including Coin Metrics CC BY-NC 4.0 where indicated; this export does not replace those terms."
revenue_quality,2026-10-05,/blocchi/0/serie/0/punti/53/1,0.938381,"DefiLlama (fees, revenue)","""2026-10-04""",CC BY 4.0,https://creativecommons.org/licenses/by/4.0/,Luca Valente,"CC BY 4.0 applies to the original compilation and editorial work by Luca Valente. Underlying third-party data retain their source terms, including Coin Metrics CC BY-NC 4.0 where indicated; this export does not replace those terms."
revenue_quality,2026-10-05,/blocchi/0/serie/0/punti/54/0,"""2026-08-31""","DefiLlama (fees, revenue)","""2026-10-04""",CC BY 4.0,https://creativecommons.org/licenses/by/4.0/,Luca Valente,"CC BY 4.0 applies to the original compilation and editorial work by Luca Valente. Underlying third-party data retain their source terms, including Coin Metrics CC BY-NC 4.0 where indicated; this export does not replace those terms."
revenue_quality,2026-10-05,/blocchi/0/serie/0/punti/54/1,0.938159,"DefiLlama (fees, revenue)","""2026-10-04""",CC BY 4.0,https://creativecommons.org/licenses/by/4.0/,Luca Valente,"CC BY 4.0 applies to the original compilation and editorial work by Luca Valente. Underlying third-party data retain their source terms, including Coin Metrics CC BY-NC 4.0 where indicated; this export does not replace those terms."
revenue_quality,2026-10-05,/blocchi/0/serie/0/punti/55/0,"""2026-09-01""","DefiLlama (fees, revenue)","""2026-10-04""",CC BY 4.0,https://creativecommons.org/licenses/by/4.0/,Luca Valente,"CC BY 4.0 applies to the original compilation and editorial work by Luca Valente. Underlying third-party data retain their source terms, including Coin Metrics CC BY-NC 4.0 where indicated; this export does not replace those terms."
revenue_quality,2026-10-05,/blocchi/0/serie/0/punti/55/1,0.935943,"DefiLlama (fees, revenue)","""2026-10-04""",CC BY 4.0,https://creativecommons.org/licenses/by/4.0/,Luca Valente,"CC BY 4.0 applies to the original compilation and editorial work by Luca Valente. Underlying third-party data retain their source terms, including Coin Metrics CC BY-NC 4.0 where indicated; this export does not replace those terms."
revenue_quality,2026-10-05,/blocchi/0/serie/0/punti/56/0,"""2026-09-02""","DefiLlama (fees, revenue)","""2026-10-04""",CC BY 4.0,https://creativecommons.org/licenses/by/4.0/,Luca Valente,"CC BY 4.0 applies to the original compilation and editorial work by Luca Valente. Underlying third-party data retain their source terms, including Coin Metrics CC BY-NC 4.0 where indicated; this export does not replace those terms."
revenue_quality,2026-10-05,/blocchi/0/serie/0/punti/56/1,0.930977,"DefiLlama (fees, revenue)","""2026-10-04""",CC BY 4.0,https://creativecommons.org/licenses/by/4.0/,Luca Valente,"CC BY 4.0 applies to the original compilation and editorial work by Luca Valente. Underlying third-party data retain their source terms, including Coin Metrics CC BY-NC 4.0 where indicated; this export does not replace those terms."
revenue_quality,2026-10-05,/blocchi/0/serie/0/punti/57/0,"""2026-09-03""","DefiLlama (fees, revenue)","""2026-10-04""",CC BY 4.0,https://creativecommons.org/licenses/by/4.0/,Luca Valente,"CC BY 4.0 applies to the original compilation and editorial work by Luca Valente. Underlying third-party data retain their source terms, including Coin Metrics CC BY-NC 4.0 where indicated; this export does not replace those terms."
revenue_quality,2026-10-05,/blocchi/0/serie/0/punti/57/1,0.923977,"DefiLlama (fees, revenue)","""2026-10-04""",CC BY 4.0,https://creativecommons.org/licenses/by/4.0/,Luca Valente,"CC BY 4.0 applies to the original compilation and editorial work by Luca Valente. Underlying third-party data retain their source terms, including Coin Metrics CC BY-NC 4.0 where indicated; this export does not replace those terms."
revenue_quality,2026-10-05,/blocchi/0/serie/0/punti/58/0,"""2026-09-04""","DefiLlama (fees, revenue)","""2026-10-04""",CC BY 4.0,https://creativecommons.org/licenses/by/4.0/,Luca Valente,"CC BY 4.0 applies to the original compilation and editorial work by Luca Valente. Underlying third-party data retain their source terms, including Coin Metrics CC BY-NC 4.0 where indicated; this export does not replace those terms."
revenue_quality,2026-10-05,/blocchi/0/serie/0/punti/58/1,0.933704,"DefiLlama (fees, revenue)","""2026-10-04""",CC BY 4.0,https://creativecommons.org/licenses/by/4.0/,Luca Valente,"CC BY 4.0 applies to the original compilation and editorial work by Luca Valente. Underlying third-party data retain their source terms, including Coin Metrics CC BY-NC 4.0 where indicated; this export does not replace those terms."
revenue_quality,2026-10-05,/blocchi/0/serie/0/punti/59/0,"""2026-09-05""","DefiLlama (fees, revenue)","""2026-10-04""",CC BY 4.0,https://creativecommons.org/licenses/by/4.0/,Luca Valente,"CC BY 4.0 applies to the original compilation and editorial work by Luca Valente. Underlying third-party data retain their source terms, including Coin Metrics CC BY-NC 4.0 where indicated; this export does not replace those terms."
revenue_quality,2026-10-05,/blocchi/0/serie/0/punti/59/1,0.927317,"DefiLlama (fees, revenue)","""2026-10-04""",CC BY 4.0,https://creativecommons.org/licenses/by/4.0/,Luca Valente,"CC BY 4.0 applies to the original compilation and editorial work by Luca Valente. Underlying third-party data retain their source terms, including Coin Metrics CC BY-NC 4.0 where indicated; this export does not replace those terms."
revenue_quality,2026-10-05,/blocchi/0/serie/0/punti/60/0,"""2026-09-06""","DefiLlama (fees, revenue)","""2026-10-04""",CC BY 4.0,https://creativecommons.org/licenses/by/4.0/,Luca Valente,"CC BY 4.0 applies to the original compilation and editorial work by Luca Valente. Underlying third-party data retain their source terms, including Coin Metrics CC BY-NC 4.0 where indicated; this export does not replace those terms."
revenue_quality,2026-10-05,/blocchi/0/serie/0/punti/60/1,0.929548,"DefiLlama (fees, revenue)","""2026-10-04""",CC BY 4.0,https://creativecommons.org/licenses/by/4.0/,Luca Valente,"CC BY 4.0 applies to the original compilation and editorial work by Luca Valente. Underlying third-party data retain their source terms, including Coin Metrics CC BY-NC 4.0 where indicated; this export does not replace those terms."
revenue_quality,2026-10-05,/blocchi/0/serie/0/punti/61/0,"""2026-09-07""","DefiLlama (fees, revenue)","""2026-10-04""",CC BY 4.0,https://creativecommons.org/licenses/by/4.0/,Luca Valente,"CC BY 4.0 applies to the original compilation and editorial work by Luca Valente. Underlying third-party data retain their source terms, including Coin Metrics CC BY-NC 4.0 where indicated; this export does not replace those terms."
revenue_quality,2026-10-05,/blocchi/0/serie/0/punti/61/1,0.920118,"DefiLlama (fees, revenue)","""2026-10-04""",CC BY 4.0,https://creativecommons.org/licenses/by/4.0/,Luca Valente,"CC BY 4.0 applies to the original compilation and editorial work by Luca Valente. Underlying third-party data retain their source terms, including Coin Metrics CC BY-NC 4.0 where indicated; this export does not replace those terms."
revenue_quality,2026-10-05,/blocchi/0/serie/0/punti/62/0,"""2026-09-08""","DefiLlama (fees, revenue)","""2026-10-04""",CC BY 4.0,https://creativecommons.org/licenses/by/4.0/,Luca Valente,"CC BY 4.0 applies to the original compilation and editorial work by Luca Valente. Underlying third-party data retain their source terms, including Coin Metrics CC BY-NC 4.0 where indicated; this export does not replace those terms."
revenue_quality,2026-10-05,/blocchi/0/serie/0/punti/62/1,0.928665,"DefiLlama (fees, revenue)","""2026-10-04""",CC BY 4.0,https://creativecommons.org/licenses/by/4.0/,Luca Valente,"CC BY 4.0 applies to the original compilation and editorial work by Luca Valente. Underlying third-party data retain their source terms, including Coin Metrics CC BY-NC 4.0 where indicated; this export does not replace those terms."
revenue_quality,2026-10-05,/blocchi/0/serie/0/punti/63/0,"""2026-09-09""","DefiLlama (fees, revenue)","""2026-10-04""",CC BY 4.0,https://creativecommons.org/licenses/by/4.0/,Luca Valente,"CC BY 4.0 applies to the original compilation and editorial work by Luca Valente. Underlying third-party data retain their source terms, including Coin Metrics CC BY-NC 4.0 where indicated; this export does not replace those terms."
revenue_quality,2026-10-05,/blocchi/0/serie/0/punti/63/1,0.923108,"DefiLlama (fees, revenue)","""2026-10-04""",CC BY 4.0,https://creativecommons.org/licenses/by/4.0/,Luca Valente,"CC BY 4.0 applies to the original compilation and editorial work by Luca Valente. Underlying third-party data retain their source terms, including Coin Metrics CC BY-NC 4.0 where indicated; this export does not replace those terms."
revenue_quality,2026-10-05,/blocchi/0/serie/0/punti/64/0,"""2026-09-10""","DefiLlama (fees, revenue)","""2026-10-04""",CC BY 4.0,https://creativecommons.org/licenses/by/4.0/,Luca Valente,"CC BY 4.0 applies to the original compilation and editorial work by Luca Valente. Underlying third-party data retain their source terms, including Coin Metrics CC BY-NC 4.0 where indicated; this export does not replace those terms."
revenue_quality,2026-10-05,/blocchi/0/serie/0/punti/64/1,0.91438,"DefiLlama (fees, revenue)","""2026-10-04""",CC BY 4.0,https://creativecommons.org/licenses/by/4.0/,Luca Valente,"CC BY 4.0 applies to the original compilation and editorial work by Luca Valente. Underlying third-party data retain their source terms, including Coin Metrics CC BY-NC 4.0 where indicated; this export does not replace those terms."
revenue_quality,2026-10-05,/blocchi/0/serie/0/punti/65/0,"""2026-09-11""","DefiLlama (fees, revenue)","""2026-10-04""",CC BY 4.0,https://creativecommons.org/licenses/by/4.0/,Luca Valente,"CC BY 4.0 applies to the original compilation and editorial work by Luca Valente. Underlying third-party data retain their source terms, including Coin Metrics CC BY-NC 4.0 where indicated; this export does not replace those terms."
revenue_quality,2026-10-05,/blocchi/0/serie/0/punti/65/1,0.923695,"DefiLlama (fees, revenue)","""2026-10-04""",CC BY 4.0,https://creativecommons.org/licenses/by/4.0/,Luca Valente,"CC BY 4.0 applies to the original compilation and editorial work by Luca Valente. Underlying third-party data retain their source terms, including Coin Metrics CC BY-NC 4.0 where indicated; this export does not replace those terms."
revenue_quality,2026-10-05,/blocchi/0/serie/0/punti/66/0,"""2026-09-12""","DefiLlama (fees, revenue)","""2026-10-04""",CC BY 4.0,https://creativecommons.org/licenses/by/4.0/,Luca Valente,"CC BY 4.0 applies to the original compilation and editorial work by Luca Valente. Underlying third-party data retain their source terms, including Coin Metrics CC BY-NC 4.0 where indicated; this export does not replace those terms."
revenue_quality,2026-10-05,/blocchi/0/serie/0/punti/66/1,0.922198,"DefiLlama (fees, revenue)","""2026-10-04""",CC BY 4.0,https://creativecommons.org/licenses/by/4.0/,Luca Valente,"CC BY 4.0 applies to the original compilation and editorial work by Luca Valente. Underlying third-party data retain their source terms, including Coin Metrics CC BY-NC 4.0 where indicated; this export does not replace those terms."
revenue_quality,2026-10-05,/blocchi/0/serie/0/punti/67/0,"""2026-09-13""","DefiLlama (fees, revenue)","""2026-10-04""",CC BY 4.0,https://creativecommons.org/licenses/by/4.0/,Luca Valente,"CC BY 4.0 applies to the original compilation and editorial work by Luca Valente. Underlying third-party data retain their source terms, including Coin Metrics CC BY-NC 4.0 where indicated; this export does not replace those terms."
revenue_quality,2026-10-05,/blocchi/0/serie/0/punti/67/1,0.930205,"DefiLlama (fees, revenue)","""2026-10-04""",CC BY 4.0,https://creativecommons.org/licenses/by/4.0/,Luca Valente,"CC BY 4.0 applies to the original compilation and editorial work by Luca Valente. Underlying third-party data retain their source terms, including Coin Metrics CC BY-NC 4.0 where indicated; this export does not replace those terms."
revenue_quality,2026-10-05,/blocchi/0/serie/0/punti/68/0,"""2026-09-14""","DefiLlama (fees, revenue)","""2026-10-04""",CC BY 4.0,https://creativecommons.org/licenses/by/4.0/,Luca Valente,"CC BY 4.0 applies to the original compilation and editorial work by Luca Valente. Underlying third-party data retain their source terms, including Coin Metrics CC BY-NC 4.0 where indicated; this export does not replace those terms."
revenue_quality,2026-10-05,/blocchi/0/serie/0/punti/68/1,0.92834,"DefiLlama (fees, revenue)","""2026-10-04""",CC BY 4.0,https://creativecommons.org/licenses/by/4.0/,Luca Valente,"CC BY 4.0 applies to the original compilation and editorial work by Luca Valente. Underlying third-party data retain their source terms, including Coin Metrics CC BY-NC 4.0 where indicated; this export does not replace those terms."
revenue_quality,2026-10-05,/blocchi/0/serie/0/punti/69/0,"""2026-09-15""","DefiLlama (fees, revenue)","""2026-10-04""",CC BY 4.0,https://creativecommons.org/licenses/by/4.0/,Luca Valente,"CC BY 4.0 applies to the original compilation and editorial work by Luca Valente. Underlying third-party data retain their source terms, including Coin Metrics CC BY-NC 4.0 where indicated; this export does not replace those terms."
revenue_quality,2026-10-05,/blocchi/0/serie/0/punti/69/1,0.936707,"DefiLlama (fees, revenue)","""2026-10-04""",CC BY 4.0,https://creativecommons.org/licenses/by/4.0/,Luca Valente,"CC BY 4.0 applies to the original compilation and editorial work by Luca Valente. Underlying third-party data retain their source terms, including Coin Metrics CC BY-NC 4.0 where indicated; this export does not replace those terms."
revenue_quality,2026-10-05,/blocchi/0/serie/0/punti/70/0,"""2026-09-16""","DefiLlama (fees, revenue)","""2026-10-04""",CC BY 4.0,https://creativecommons.org/licenses/by/4.0/,Luca Valente,"CC BY 4.0 applies to the original compilation and editorial work by Luca Valente. Underlying third-party data retain their source terms, including Coin Metrics CC BY-NC 4.0 where indicated; this export does not replace those terms."
revenue_quality,2026-10-05,/blocchi/0/serie/0/punti/70/1,0.936639,"DefiLlama (fees, revenue)","""2026-10-04""",CC BY 4.0,https://creativecommons.org/licenses/by/4.0/,Luca Valente,"CC BY 4.0 applies to the original compilation and editorial work by Luca Valente. Underlying third-party data retain their source terms, including Coin Metrics CC BY-NC 4.0 where indicated; this export does not replace those terms."
revenue_quality,2026-10-05,/blocchi/0/serie/0/punti/71/0,"""2026-09-17""","DefiLlama (fees, revenue)","""2026-10-04""",CC BY 4.0,https://creativecommons.org/licenses/by/4.0/,Luca Valente,"CC BY 4.0 applies to the original compilation and editorial work by Luca Valente. Underlying third-party data retain their source terms, including Coin Metrics CC BY-NC 4.0 where indicated; this export does not replace those terms."
revenue_quality,2026-10-05,/blocchi/0/serie/0/punti/71/1,0.93835,"DefiLlama (fees, revenue)","""2026-10-04""",CC BY 4.0,https://creativecommons.org/licenses/by/4.0/,Luca Valente,"CC BY 4.0 applies to the original compilation and editorial work by Luca Valente. Underlying third-party data retain their source terms, including Coin Metrics CC BY-NC 4.0 where indicated; this export does not replace those terms."
revenue_quality,2026-10-05,/blocchi/0/serie/0/punti/72/0,"""2026-09-18""","DefiLlama (fees, revenue)","""2026-10-04""",CC BY 4.0,https://creativecommons.org/licenses/by/4.0/,Luca Valente,"CC BY 4.0 applies to the original compilation and editorial work by Luca Valente. Underlying third-party data retain their source terms, including Coin Metrics CC BY-NC 4.0 where indicated; this export does not replace those terms."
revenue_quality,2026-10-05,/blocchi/0/serie/0/punti/72/1,0.940181,"DefiLlama (fees, revenue)","""2026-10-04""",CC BY 4.0,https://creativecommons.org/licenses/by/4.0/,Luca Valente,"CC BY 4.0 applies to the original compilation and editorial work by Luca Valente. Underlying third-party data retain their source terms, including Coin Metrics CC BY-NC 4.0 where indicated; this export does not replace those terms."
revenue_quality,2026-10-05,/blocchi/0/serie/0/punti/73/0,"""2026-09-19""","DefiLlama (fees, revenue)","""2026-10-04""",CC BY 4.0,https://creativecommons.org/licenses/by/4.0/,Luca Valente,"CC BY 4.0 applies to the original compilation and editorial work by Luca Valente. Underlying third-party data retain their source terms, including Coin Metrics CC BY-NC 4.0 where indicated; this export does not replace those terms."
revenue_quality,2026-10-05,/blocchi/0/serie/0/punti/73/1,0.946354,"DefiLlama (fees, revenue)","""2026-10-04""",CC BY 4.0,https://creativecommons.org/licenses/by/4.0/,Luca Valente,"CC BY 4.0 applies to the original compilation and editorial work by Luca Valente. Underlying third-party data retain their source terms, including Coin Metrics CC BY-NC 4.0 where indicated; this export does not replace those terms."
revenue_quality,2026-10-05,/blocchi/0/serie/0/punti/74/0,"""2026-09-20""","DefiLlama (fees, revenue)","""2026-10-04""",CC BY 4.0,https://creativecommons.org/licenses/by/4.0/,Luca Valente,"CC BY 4.0 applies to the original compilation and editorial work by Luca Valente. Underlying third-party data retain their source terms, including Coin Metrics CC BY-NC 4.0 where indicated; this export does not replace those terms."
revenue_quality,2026-10-05,/blocchi/0/serie/0/punti/74/1,0.954212,"DefiLlama (fees, revenue)","""2026-10-04""",CC BY 4.0,https://creativecommons.org/licenses/by/4.0/,Luca Valente,"CC BY 4.0 applies to the original compilation and editorial work by Luca Valente. Underlying third-party data retain their source terms, including Coin Metrics CC BY-NC 4.0 where indicated; this export does not replace those terms."
revenue_quality,2026-10-05,/blocchi/0/serie/0/punti/75/0,"""2026-09-21""","DefiLlama (fees, revenue)","""2026-10-04""",CC BY 4.0,https://creativecommons.org/licenses/by/4.0/,Luca Valente,"CC BY 4.0 applies to the original compilation and editorial work by Luca Valente. Underlying third-party data retain their source terms, including Coin Metrics CC BY-NC 4.0 where indicated; this export does not replace those terms."
revenue_quality,2026-10-05,/blocchi/0/serie/0/punti/75/1,0.960648,"DefiLlama (fees, revenue)","""2026-10-04""",CC BY 4.0,https://creativecommons.org/licenses/by/4.0/,Luca Valente,"CC BY 4.0 applies to the original compilation and editorial work by Luca Valente. Underlying third-party data retain their source terms, including Coin Metrics CC BY-NC 4.0 where indicated; this export does not replace those terms."
revenue_quality,2026-10-05,/blocchi/0/serie/0/punti/76/0,"""2026-09-22""","DefiLlama (fees, revenue)","""2026-10-04""",CC BY 4.0,https://creativecommons.org/licenses/by/4.0/,Luca Valente,"CC BY 4.0 applies to the original compilation and editorial work by Luca Valente. Underlying third-party data retain their source terms, including Coin Metrics CC BY-NC 4.0 where indicated; this export does not replace those terms."
revenue_quality,2026-10-05,/blocchi/0/serie/0/punti/76/1,0.960001,"DefiLlama (fees, revenue)","""2026-10-04""",CC BY 4.0,https://creativecommons.org/licenses/by/4.0/,Luca Valente,"CC BY 4.0 applies to the original compilation and editorial work by Luca Valente. Underlying third-party data retain their source terms, including Coin Metrics CC BY-NC 4.0 where indicated; this export does not replace those terms."
revenue_quality,2026-10-05,/blocchi/0/serie/0/punti/77/0,"""2026-09-23""","DefiLlama (fees, revenue)","""2026-10-04""",CC BY 4.0,https://creativecommons.org/licenses/by/4.0/,Luca Valente,"CC BY 4.0 applies to the original compilation and editorial work by Luca Valente. Underlying third-party data retain their source terms, including Coin Metrics CC BY-NC 4.0 where indicated; this export does not replace those terms."
revenue_quality,2026-10-05,/blocchi/0/serie/0/punti/77/1,0.960658,"DefiLlama (fees, revenue)","""2026-10-04""",CC BY 4.0,https://creativecommons.org/licenses/by/4.0/,Luca Valente,"CC BY 4.0 applies to the original compilation and editorial work by Luca Valente. Underlying third-party data retain their source terms, including Coin Metrics CC BY-NC 4.0 where indicated; this export does not replace those terms."
revenue_quality,2026-10-05,/blocchi/0/serie/0/punti/78/0,"""2026-09-24""","DefiLlama (fees, revenue)","""2026-10-04""",CC BY 4.0,https://creativecommons.org/licenses/by/4.0/,Luca Valente,"CC BY 4.0 applies to the original compilation and editorial work by Luca Valente. Underlying third-party data retain their source terms, including Coin Metrics CC BY-NC 4.0 where indicated; this export does not replace those terms."
revenue_quality,2026-10-05,/blocchi/0/serie/0/punti/78/1,0.959953,"DefiLlama (fees, revenue)","""2026-10-04""",CC BY 4.0,https://creativecommons.org/licenses/by/4.0/,Luca Valente,"CC BY 4.0 applies to the original compilation and editorial work by Luca Valente. Underlying third-party data retain their source terms, including Coin Metrics CC BY-NC 4.0 where indicated; this export does not replace those terms."
revenue_quality,2026-10-05,/blocchi/0/serie/0/punti/79/0,"""2026-09-25""","DefiLlama (fees, revenue)","""2026-10-04""",CC BY 4.0,https://creativecommons.org/licenses/by/4.0/,Luca Valente,"CC BY 4.0 applies to the original compilation and editorial work by Luca Valente. Underlying third-party data retain their source terms, including Coin Metrics CC BY-NC 4.0 where indicated; this export does not replace those terms."
revenue_quality,2026-10-05,/blocchi/0/serie/0/punti/79/1,0.962073,"DefiLlama (fees, revenue)","""2026-10-04""",CC BY 4.0,https://creativecommons.org/licenses/by/4.0/,Luca Valente,"CC BY 4.0 applies to the original compilation and editorial work by Luca Valente. Underlying third-party data retain their source terms, including Coin Metrics CC BY-NC 4.0 where indicated; this export does not replace those terms."
revenue_quality,2026-10-05,/blocchi/0/serie/0/punti/80/0,"""2026-09-26""","DefiLlama (fees, revenue)","""2026-10-04""",CC BY 4.0,https://creativecommons.org/licenses/by/4.0/,Luca Valente,"CC BY 4.0 applies to the original compilation and editorial work by Luca Valente. Underlying third-party data retain their source terms, including Coin Metrics CC BY-NC 4.0 where indicated; this export does not replace those terms."
revenue_quality,2026-10-05,/blocchi/0/serie/0/punti/80/1,0.962014,"DefiLlama (fees, revenue)","""2026-10-04""",CC BY 4.0,https://creativecommons.org/licenses/by/4.0/,Luca Valente,"CC BY 4.0 applies to the original compilation and editorial work by Luca Valente. Underlying third-party data retain their source terms, including Coin Metrics CC BY-NC 4.0 where indicated; this export does not replace those terms."
revenue_quality,2026-10-05,/blocchi/0/serie/0/punti/81/0,"""2026-09-27""","DefiLlama (fees, revenue)","""2026-10-04""",CC BY 4.0,https://creativecommons.org/licenses/by/4.0/,Luca Valente,"CC BY 4.0 applies to the original compilation and editorial work by Luca Valente. Underlying third-party data retain their source terms, including Coin Metrics CC BY-NC 4.0 where indicated; this export does not replace those terms."
revenue_quality,2026-10-05,/blocchi/0/serie/0/punti/81/1,0.961187,"DefiLlama (fees, revenue)","""2026-10-04""",CC BY 4.0,https://creativecommons.org/licenses/by/4.0/,Luca Valente,"CC BY 4.0 applies to the original compilation and editorial work by Luca Valente. Underlying third-party data retain their source terms, including Coin Metrics CC BY-NC 4.0 where indicated; this export does not replace those terms."
revenue_quality,2026-10-05,/blocchi/0/serie/0/punti/82/0,"""2026-09-28""","DefiLlama (fees, revenue)","""2026-10-04""",CC BY 4.0,https://creativecommons.org/licenses/by/4.0/,Luca Valente,"CC BY 4.0 applies to the original compilation and editorial work by Luca Valente. Underlying third-party data retain their source terms, including Coin Metrics CC BY-NC 4.0 where indicated; this export does not replace those terms."
revenue_quality,2026-10-05,/blocchi/0/serie/0/punti/82/1,0.961809,"DefiLlama (fees, revenue)","""2026-10-04""",CC BY 4.0,https://creativecommons.org/licenses/by/4.0/,Luca Valente,"CC BY 4.0 applies to the original compilation and editorial work by Luca Valente. Underlying third-party data retain their source terms, including Coin Metrics CC BY-NC 4.0 where indicated; this export does not replace those terms."
revenue_quality,2026-10-05,/blocchi/0/serie/0/punti/83/0,"""2026-09-29""","DefiLlama (fees, revenue)","""2026-10-04""",CC BY 4.0,https://creativecommons.org/licenses/by/4.0/,Luca Valente,"CC BY 4.0 applies to the original compilation and editorial work by Luca Valente. Underlying third-party data retain their source terms, including Coin Metrics CC BY-NC 4.0 where indicated; this export does not replace those terms."
revenue_quality,2026-10-05,/blocchi/0/serie/0/punti/83/1,0.962678,"DefiLlama (fees, revenue)","""2026-10-04""",CC BY 4.0,https://creativecommons.org/licenses/by/4.0/,Luca Valente,"CC BY 4.0 applies to the original compilation and editorial work by Luca Valente. Underlying third-party data retain their source terms, including Coin Metrics CC BY-NC 4.0 where indicated; this export does not replace those terms."
revenue_quality,2026-10-05,/blocchi/0/serie/0/punti/84/0,"""2026-09-30""","DefiLlama (fees, revenue)","""2026-10-04""",CC BY 4.0,https://creativecommons.org/licenses/by/4.0/,Luca Valente,"CC BY 4.0 applies to the original compilation and editorial work by Luca Valente. Underlying third-party data retain their source terms, including Coin Metrics CC BY-NC 4.0 where indicated; this export does not replace those terms."
revenue_quality,2026-10-05,/blocchi/0/serie/0/punti/84/1,0.962248,"DefiLlama (fees, revenue)","""2026-10-04""",CC BY 4.0,https://creativecommons.org/licenses/by/4.0/,Luca Valente,"CC BY 4.0 applies to the original compilation and editorial work by Luca Valente. Underlying third-party data retain their source terms, including Coin Metrics CC BY-NC 4.0 where indicated; this export does not replace those terms."
revenue_quality,2026-10-05,/blocchi/0/serie/0/punti/85/0,"""2026-10-01""","DefiLlama (fees, revenue)","""2026-10-04""",CC BY 4.0,https://creativecommons.org/licenses/by/4.0/,Luca Valente,"CC BY 4.0 applies to the original compilation and editorial work by Luca Valente. Underlying third-party data retain their source terms, including Coin Metrics CC BY-NC 4.0 where indicated; this export does not replace those terms."
revenue_quality,2026-10-05,/blocchi/0/serie/0/punti/85/1,0.959874,"DefiLlama (fees, revenue)","""2026-10-04""",CC BY 4.0,https://creativecommons.org/licenses/by/4.0/,Luca Valente,"CC BY 4.0 applies to the original compilation and editorial work by Luca Valente. Underlying third-party data retain their source terms, including Coin Metrics CC BY-NC 4.0 where indicated; this export does not replace those terms."
revenue_quality,2026-10-05,/blocchi/0/serie/0/punti/86/0,"""2026-10-02""","DefiLlama (fees, revenue)","""2026-10-04""",CC BY 4.0,https://creativecommons.org/licenses/by/4.0/,Luca Valente,"CC BY 4.0 applies to the original compilation and editorial work by Luca Valente. Underlying third-party data retain their source terms, including Coin Metrics CC BY-NC 4.0 where indicated; this export does not replace those terms."
revenue_quality,2026-10-05,/blocchi/0/serie/0/punti/86/1,0.960619,"DefiLlama (fees, revenue)","""2026-10-04""",CC BY 4.0,https://creativecommons.org/licenses/by/4.0/,Luca Valente,"CC BY 4.0 applies to the original compilation and editorial work by Luca Valente. Underlying third-party data retain their source terms, including Coin Metrics CC BY-NC 4.0 where indicated; this export does not replace those terms."
revenue_quality,2026-10-05,/blocchi/0/serie/0/punti/87/0,"""2026-10-03""","DefiLlama (fees, revenue)","""2026-10-04""",CC BY 4.0,https://creativecommons.org/licenses/by/4.0/,Luca Valente,"CC BY 4.0 applies to the original compilation and editorial work by Luca Valente. Underlying third-party data retain their source terms, including Coin Metrics CC BY-NC 4.0 where indicated; this export does not replace those terms."
revenue_quality,2026-10-05,/blocchi/0/serie/0/punti/87/1,0.960988,"DefiLlama (fees, revenue)","""2026-10-04""",CC BY 4.0,https://creativecommons.org/licenses/by/4.0/,Luca Valente,"CC BY 4.0 applies to the original compilation and editorial work by Luca Valente. Underlying third-party data retain their source terms, including Coin Metrics CC BY-NC 4.0 where indicated; this export does not replace those terms."
revenue_quality,2026-10-05,/blocchi/0/serie/0/punti/88/0,"""2026-10-04""","DefiLlama (fees, revenue)","""2026-10-04""",CC BY 4.0,https://creativecommons.org/licenses/by/4.0/,Luca Valente,"CC BY 4.0 applies to the original compilation and editorial work by Luca Valente. Underlying third-party data retain their source terms, including Coin Metrics CC BY-NC 4.0 where indicated; this export does not replace those terms."
revenue_quality,2026-10-05,/blocchi/0/serie/0/punti/88/1,0.960143,"DefiLlama (fees, revenue)","""2026-10-04""",CC BY 4.0,https://creativecommons.org/licenses/by/4.0/,Luca Valente,"CC BY 4.0 applies to the original compilation and editorial work by Luca Valente. Underlying third-party data retain their source terms, including Coin Metrics CC BY-NC 4.0 where indicated; this export does not replace those terms."
revenue_quality,2026-10-05,/blocchi/0/serie/0/punti/89/0,"""2026-10-05""","DefiLlama (fees, revenue)","""2026-10-04""",CC BY 4.0,https://creativecommons.org/licenses/by/4.0/,Luca Valente,"CC BY 4.0 applies to the original compilation and editorial work by Luca Valente. Underlying third-party data retain their source terms, including Coin Metrics CC BY-NC 4.0 where indicated; this export does not replace those terms."
revenue_quality,2026-10-05,/blocchi/0/serie/0/punti/89/1,0.974515,"DefiLlama (fees, revenue)","""2026-10-04""",CC BY 4.0,https://creativecommons.org/licenses/by/4.0/,Luca Valente,"CC BY 4.0 applies to the original compilation and editorial work by Luca Valente. Underlying third-party data retain their source terms, including Coin Metrics CC BY-NC 4.0 where indicated; this export does not replace those terms."
revenue_quality,2026-10-05,/blocchi/1/id,"""settori""","DefiLlama (fees, revenue)","""2026-10-04""",CC BY 4.0,https://creativecommons.org/licenses/by/4.0/,Luca Valente,"CC BY 4.0 applies to the original compilation and editorial work by Luca Valente. Underlying third-party data retain their source terms, including Coin Metrics CC BY-NC 4.0 where indicated; this export does not replace those terms."
revenue_quality,2026-10-05,/blocchi/1/titolo,"""By sector (at least 5 protocols)""","DefiLlama (fees, revenue)","""2026-10-04""",CC BY 4.0,https://creativecommons.org/licenses/by/4.0/,Luca Valente,"CC BY 4.0 applies to the original compilation and editorial work by Luca Valente. Underlying third-party data retain their source terms, including Coin Metrics CC BY-NC 4.0 where indicated; this export does not replace those terms."
revenue_quality,2026-10-05,/blocchi/1/tabella/colonne/0,"""Sector""","DefiLlama (fees, revenue)","""2026-10-04""",CC BY 4.0,https://creativecommons.org/licenses/by/4.0/,Luca Valente,"CC BY 4.0 applies to the original compilation and editorial work by Luca Valente. Underlying third-party data retain their source terms, including Coin Metrics CC BY-NC 4.0 where indicated; this export does not replace those terms."
revenue_quality,2026-10-05,/blocchi/1/tabella/colonne/1,"""Protocols""","DefiLlama (fees, revenue)","""2026-10-04""",CC BY 4.0,https://creativecommons.org/licenses/by/4.0/,Luca Valente,"CC BY 4.0 applies to the original compilation and editorial work by Luca Valente. Underlying third-party data retain their source terms, including Coin Metrics CC BY-NC 4.0 where indicated; this export does not replace those terms."
revenue_quality,2026-10-05,/blocchi/1/tabella/colonne/2,"""Median recurring share of fees""","DefiLlama (fees, revenue)","""2026-10-04""",CC BY 4.0,https://creativecommons.org/licenses/by/4.0/,Luca Valente,"CC BY 4.0 applies to the original compilation and editorial work by Luca Valente. Underlying third-party data retain their source terms, including Coin Metrics CC BY-NC 4.0 where indicated; this export does not replace those terms."
revenue_quality,2026-10-05,/blocchi/1/tabella/colonne/3,"""With a one-off day""","DefiLlama (fees, revenue)","""2026-10-04""",CC BY 4.0,https://creativecommons.org/licenses/by/4.0/,Luca Valente,"CC BY 4.0 applies to the original compilation and editorial work by Luca Valente. Underlying third-party data retain their source terms, including Coin Metrics CC BY-NC 4.0 where indicated; this export does not replace those terms."
revenue_quality,2026-10-05,/blocchi/1/tabella/colonne/4,"""Fees, 30 days (usd)""","DefiLlama (fees, revenue)","""2026-10-04""",CC BY 4.0,https://creativecommons.org/licenses/by/4.0/,Luca Valente,"CC BY 4.0 applies to the original compilation and editorial work by Luca Valente. Underlying third-party data retain their source terms, including Coin Metrics CC BY-NC 4.0 where indicated; this export does not replace those terms."
revenue_quality,2026-10-05,/blocchi/1/tabella/righe/0/0,"""Lending""","DefiLlama (fees, revenue)","""2026-10-04""",CC BY 4.0,https://creativecommons.org/licenses/by/4.0/,Luca Valente,"CC BY 4.0 applies to the original compilation and editorial work by Luca Valente. Underlying third-party data retain their source terms, including Coin Metrics CC BY-NC 4.0 where indicated; this export does not replace those terms."
revenue_quality,2026-10-05,/blocchi/1/tabella/righe/0/1,11,"DefiLlama (fees, revenue)","""2026-10-04""",CC BY 4.0,https://creativecommons.org/licenses/by/4.0/,Luca Valente,"CC BY 4.0 applies to the original compilation and editorial work by Luca Valente. Underlying third-party data retain their source terms, including Coin Metrics CC BY-NC 4.0 where indicated; this export does not replace those terms."
revenue_quality,2026-10-05,/blocchi/1/tabella/righe/0/2,1.0,"DefiLlama (fees, revenue)","""2026-10-04""",CC BY 4.0,https://creativecommons.org/licenses/by/4.0/,Luca Valente,"CC BY 4.0 applies to the original compilation and editorial work by Luca Valente. Underlying third-party data retain their source terms, including Coin Metrics CC BY-NC 4.0 where indicated; this export does not replace those terms."
revenue_quality,2026-10-05,/blocchi/1/tabella/righe/0/3,3,"DefiLlama (fees, revenue)","""2026-10-04""",CC BY 4.0,https://creativecommons.org/licenses/by/4.0/,Luca Valente,"CC BY 4.0 applies to the original compilation and editorial work by Luca Valente. Underlying third-party data retain their source terms, including Coin Metrics CC BY-NC 4.0 where indicated; this export does not replace those terms."
revenue_quality,2026-10-05,/blocchi/1/tabella/righe/0/4,85863971,"DefiLlama (fees, revenue)","""2026-10-04""",CC BY 4.0,https://creativecommons.org/licenses/by/4.0/,Luca Valente,"CC BY 4.0 applies to the original compilation and editorial work by Luca Valente. Underlying third-party data retain their source terms, including Coin Metrics CC BY-NC 4.0 where indicated; this export does not replace those terms."
revenue_quality,2026-10-05,/blocchi/1/tabella/righe/1/0,"""Liquid staking""","DefiLlama (fees, revenue)","""2026-10-04""",CC BY 4.0,https://creativecommons.org/licenses/by/4.0/,Luca Valente,"CC BY 4.0 applies to the original compilation and editorial work by Luca Valente. Underlying third-party data retain their source terms, including Coin Metrics CC BY-NC 4.0 where indicated; this export does not replace those terms."
revenue_quality,2026-10-05,/blocchi/1/tabella/righe/1/1,10,"DefiLlama (fees, revenue)","""2026-10-04""",CC BY 4.0,https://creativecommons.org/licenses/by/4.0/,Luca Valente,"CC BY 4.0 applies to the original compilation and editorial work by Luca Valente. Underlying third-party data retain their source terms, including Coin Metrics CC BY-NC 4.0 where indicated; this export does not replace those terms."
revenue_quality,2026-10-05,/blocchi/1/tabella/righe/1/2,1.0,"DefiLlama (fees, revenue)","""2026-10-04""",CC BY 4.0,https://creativecommons.org/licenses/by/4.0/,Luca Valente,"CC BY 4.0 applies to the original compilation and editorial work by Luca Valente. Underlying third-party data retain their source terms, including Coin Metrics CC BY-NC 4.0 where indicated; this export does not replace those terms."
revenue_quality,2026-10-05,/blocchi/1/tabella/righe/1/3,2,"DefiLlama (fees, revenue)","""2026-10-04""",CC BY 4.0,https://creativecommons.org/licenses/by/4.0/,Luca Valente,"CC BY 4.0 applies to the original compilation and editorial work by Luca Valente. Underlying third-party data retain their source terms, including Coin Metrics CC BY-NC 4.0 where indicated; this export does not replace those terms."
revenue_quality,2026-10-05,/blocchi/1/tabella/righe/1/4,73891064,"DefiLlama (fees, revenue)","""2026-10-04""",CC BY 4.0,https://creativecommons.org/licenses/by/4.0/,Luca Valente,"CC BY 4.0 applies to the original compilation and editorial work by Luca Valente. Underlying third-party data retain their source terms, including Coin Metrics CC BY-NC 4.0 where indicated; this export does not replace those terms."
revenue_quality,2026-10-05,/blocchi/1/tabella/righe/2/0,"""DEXs""","DefiLlama (fees, revenue)","""2026-10-04""",CC BY 4.0,https://creativecommons.org/licenses/by/4.0/,Luca Valente,"CC BY 4.0 applies to the original compilation and editorial work by Luca Valente. Underlying third-party data retain their source terms, including Coin Metrics CC BY-NC 4.0 where indicated; this export does not replace those terms."
revenue_quality,2026-10-05,/blocchi/1/tabella/righe/2/1,9,"DefiLlama (fees, revenue)","""2026-10-04""",CC BY 4.0,https://creativecommons.org/licenses/by/4.0/,Luca Valente,"CC BY 4.0 applies to the original compilation and editorial work by Luca Valente. Underlying third-party data retain their source terms, including Coin Metrics CC BY-NC 4.0 where indicated; this export does not replace those terms."
revenue_quality,2026-10-05,/blocchi/1/tabella/righe/2/2,1.0,"DefiLlama (fees, revenue)","""2026-10-04""",CC BY 4.0,https://creativecommons.org/licenses/by/4.0/,Luca Valente,"CC BY 4.0 applies to the original compilation and editorial work by Luca Valente. Underlying third-party data retain their source terms, including Coin Metrics CC BY-NC 4.0 where indicated; this export does not replace those terms."
revenue_quality,2026-10-05,/blocchi/1/tabella/righe/2/3,3,"DefiLlama (fees, revenue)","""2026-10-04""",CC BY 4.0,https://creativecommons.org/licenses/by/4.0/,Luca Valente,"CC BY 4.0 applies to the original compilation and editorial work by Luca Valente. Underlying third-party data retain their source terms, including Coin Metrics CC BY-NC 4.0 where indicated; this export does not replace those terms."
revenue_quality,2026-10-05,/blocchi/1/tabella/righe/2/4,411401958,"DefiLlama (fees, revenue)","""2026-10-04""",CC BY 4.0,https://creativecommons.org/licenses/by/4.0/,Luca Valente,"CC BY 4.0 applies to the original compilation and editorial work by Luca Valente. Underlying third-party data retain their source terms, including Coin Metrics CC BY-NC 4.0 where indicated; this export does not replace those terms."
revenue_quality,2026-10-05,/blocchi/2/id,"""protocolli""","DefiLlama (fees, revenue)","""2026-10-04""",CC BY 4.0,https://creativecommons.org/licenses/by/4.0/,Luca Valente,"CC BY 4.0 applies to the original compilation and editorial work by Luca Valente. Underlying third-party data retain their source terms, including Coin Metrics CC BY-NC 4.0 where indicated; this export does not replace those terms."
revenue_quality,2026-10-05,/blocchi/2/titolo,"""Protocols of the public list""","DefiLlama (fees, revenue)","""2026-10-04""",CC BY 4.0,https://creativecommons.org/licenses/by/4.0/,Luca Valente,"CC BY 4.0 applies to the original compilation and editorial work by Luca Valente. Underlying third-party data retain their source terms, including Coin Metrics CC BY-NC 4.0 where indicated; this export does not replace those terms."
revenue_quality,2026-10-05,/blocchi/2/tabella/colonne/0,"""Protocol""","DefiLlama (fees, revenue)","""2026-10-04""",CC BY 4.0,https://creativecommons.org/licenses/by/4.0/,Luca Valente,"CC BY 4.0 applies to the original compilation and editorial work by Luca Valente. Underlying third-party data retain their source terms, including Coin Metrics CC BY-NC 4.0 where indicated; this export does not replace those terms."
revenue_quality,2026-10-05,/blocchi/2/tabella/colonne/1,"""Sector""","DefiLlama (fees, revenue)","""2026-10-04""",CC BY 4.0,https://creativecommons.org/licenses/by/4.0/,Luca Valente,"CC BY 4.0 applies to the original compilation and editorial work by Luca Valente. Underlying third-party data retain their source terms, including Coin Metrics CC BY-NC 4.0 where indicated; this export does not replace those terms."
revenue_quality,2026-10-05,/blocchi/2/tabella/colonne/2,"""Fees, 30 days (usd)""","DefiLlama (fees, revenue)","""2026-10-04""",CC BY 4.0,https://creativecommons.org/licenses/by/4.0/,Luca Valente,"CC BY 4.0 applies to the original compilation and editorial work by Luca Valente. Underlying third-party data retain their source terms, including Coin Metrics CC BY-NC 4.0 where indicated; this export does not replace those terms."
revenue_quality,2026-10-05,/blocchi/2/tabella/colonne/3,"""Recurring share of fees""","DefiLlama (fees, revenue)","""2026-10-04""",CC BY 4.0,https://creativecommons.org/licenses/by/4.0/,Luca Valente,"CC BY 4.0 applies to the original compilation and editorial work by Luca Valente. Underlying third-party data retain their source terms, including Coin Metrics CC BY-NC 4.0 where indicated; this export does not replace those terms."
revenue_quality,2026-10-05,/blocchi/2/tabella/colonne/4,"""One-off days""","DefiLlama (fees, revenue)","""2026-10-04""",CC BY 4.0,https://creativecommons.org/licenses/by/4.0/,Luca Valente,"CC BY 4.0 applies to the original compilation and editorial work by Luca Valente. Underlying third-party data retain their source terms, including Coin Metrics CC BY-NC 4.0 where indicated; this export does not replace those terms."
revenue_quality,2026-10-05,/blocchi/2/tabella/colonne/5,"""Paid in lumps""","DefiLlama (fees, revenue)","""2026-10-04""",CC BY 4.0,https://creativecommons.org/licenses/by/4.0/,Luca Valente,"CC BY 4.0 applies to the original compilation and editorial work by Luca Valente. Underlying third-party data retain their source terms, including Coin Metrics CC BY-NC 4.0 where indicated; this export does not replace those terms."
revenue_quality,2026-10-05,/blocchi/2/tabella/colonne/6,"""Recurring share of revenue""","DefiLlama (fees, revenue)","""2026-10-04""",CC BY 4.0,https://creativecommons.org/licenses/by/4.0/,Luca Valente,"CC BY 4.0 applies to the original compilation and editorial work by Luca Valente. Underlying third-party data retain their source terms, including Coin Metrics CC BY-NC 4.0 where indicated; this export does not replace those terms."
revenue_quality,2026-10-05,/blocchi/2/tabella/colonne/7,"""One-off revenue days""","DefiLlama (fees, revenue)","""2026-10-04""",CC BY 4.0,https://creativecommons.org/licenses/by/4.0/,Luca Valente,"CC BY 4.0 applies to the original compilation and editorial work by Luca Valente. Underlying third-party data retain their source terms, including Coin Metrics CC BY-NC 4.0 where indicated; this export does not replace those terms."
revenue_quality,2026-10-05,/blocchi/2/tabella/righe/0/0,"""Pump.fun""","DefiLlama (fees, revenue)","""2026-10-04""",CC BY 4.0,https://creativecommons.org/licenses/by/4.0/,Luca Valente,"CC BY 4.0 applies to the original compilation and editorial work by Luca Valente. Underlying third-party data retain their source terms, including Coin Metrics CC BY-NC 4.0 where indicated; this export does not replace those terms."
revenue_quality,2026-10-05,/blocchi/2/tabella/righe/0/1,"""Launchpad""","DefiLlama (fees, revenue)","""2026-10-04""",CC BY 4.0,https://creativecommons.org/licenses/by/4.0/,Luca Valente,"CC BY 4.0 applies to the original compilation and editorial work by Luca Valente. Underlying third-party data retain their source terms, including Coin Metrics CC BY-NC 4.0 where indicated; this export does not replace those terms."
revenue_quality,2026-10-05,/blocchi/2/tabella/righe/0/2,176907389,"DefiLlama (fees, revenue)","""2026-10-04""",CC BY 4.0,https://creativecommons.org/licenses/by/4.0/,Luca Valente,"CC BY 4.0 applies to the original compilation and editorial work by Luca Valente. Underlying third-party data retain their source terms, including Coin Metrics CC BY-NC 4.0 where indicated; this export does not replace those terms."
revenue_quality,2026-10-05,/blocchi/2/tabella/righe/0/3,1.0,"DefiLlama (fees, revenue)","""2026-10-04""",CC BY 4.0,https://creativecommons.org/licenses/by/4.0/,Luca Valente,"CC BY 4.0 applies to the original compilation and editorial work by Luca Valente. Underlying third-party data retain their source terms, including Coin Metrics CC BY-NC 4.0 where indicated; this export does not replace those terms."
revenue_quality,2026-10-05,/blocchi/2/tabella/righe/0/4,0,"DefiLlama (fees, revenue)","""2026-10-04""",CC BY 4.0,https://creativecommons.org/licenses/by/4.0/,Luca Valente,"CC BY 4.0 applies to the original compilation and editorial work by Luca Valente. Underlying third-party data retain their source terms, including Coin Metrics CC BY-NC 4.0 where indicated; this export does not replace those terms."
revenue_quality,2026-10-05,/blocchi/2/tabella/righe/0/5,"""""","DefiLlama (fees, revenue)","""2026-10-04""",CC BY 4.0,https://creativecommons.org/licenses/by/4.0/,Luca Valente,"CC BY 4.0 applies to the original compilation and editorial work by Luca Valente. Underlying third-party data retain their source terms, including Coin Metrics CC BY-NC 4.0 where indicated; this export does not replace those terms."
revenue_quality,2026-10-05,/blocchi/2/tabella/righe/0/6,1.0,"DefiLlama (fees, revenue)","""2026-10-04""",CC BY 4.0,https://creativecommons.org/licenses/by/4.0/,Luca Valente,"CC BY 4.0 applies to the original compilation and editorial work by Luca Valente. Underlying third-party data retain their source terms, including Coin Metrics CC BY-NC 4.0 where indicated; this export does not replace those terms."
revenue_quality,2026-10-05,/blocchi/2/tabella/righe/0/7,0,"DefiLlama (fees, revenue)","""2026-10-04""",CC BY 4.0,https://creativecommons.org/licenses/by/4.0/,Luca Valente,"CC BY 4.0 applies to the original compilation and editorial work by Luca Valente. Underlying third-party data retain their source terms, including Coin Metrics CC BY-NC 4.0 where indicated; this export does not replace those terms."
revenue_quality,2026-10-05,/blocchi/2/tabella/righe/1/0,"""PumpSwap""","DefiLlama (fees, revenue)","""2026-10-04""",CC BY 4.0,https://creativecommons.org/licenses/by/4.0/,Luca Valente,"CC BY 4.0 applies to the original compilation and editorial work by Luca Valente. Underlying third-party data retain their source terms, including Coin Metrics CC BY-NC 4.0 where indicated; this export does not replace those terms."
revenue_quality,2026-10-05,/blocchi/2/tabella/righe/1/1,"""DEXs""","DefiLlama (fees, revenue)","""2026-10-04""",CC BY 4.0,https://creativecommons.org/licenses/by/4.0/,Luca Valente,"CC BY 4.0 applies to the original compilation and editorial work by Luca Valente. Underlying third-party data retain their source terms, including Coin Metrics CC BY-NC 4.0 where indicated; this export does not replace those terms."
revenue_quality,2026-10-05,/blocchi/2/tabella/righe/1/2,112702925,"DefiLlama (fees, revenue)","""2026-10-04""",CC BY 4.0,https://creativecommons.org/licenses/by/4.0/,Luca Valente,"CC BY 4.0 applies to the original compilation and editorial work by Luca Valente. Underlying third-party data retain their source terms, including Coin Metrics CC BY-NC 4.0 where indicated; this export does not replace those terms."
revenue_quality,2026-10-05,/blocchi/2/tabella/righe/1/3,1.0,"DefiLlama (fees, revenue)","""2026-10-04""",CC BY 4.0,https://creativecommons.org/licenses/by/4.0/,Luca Valente,"CC BY 4.0 applies to the original compilation and editorial work by Luca Valente. Underlying third-party data retain their source terms, including Coin Metrics CC BY-NC 4.0 where indicated; this export does not replace those terms."
revenue_quality,2026-10-05,/blocchi/2/tabella/righe/1/4,0,"DefiLlama (fees, revenue)","""2026-10-04""",CC BY 4.0,https://creativecommons.org/licenses/by/4.0/,Luca Valente,"CC BY 4.0 applies to the original compilation and editorial work by Luca Valente. Underlying third-party data retain their source terms, including Coin Metrics CC BY-NC 4.0 where indicated; this export does not replace those terms."
revenue_quality,2026-10-05,/blocchi/2/tabella/righe/1/5,"""""","DefiLlama (fees, revenue)","""2026-10-04""",CC BY 4.0,https://creativecommons.org/licenses/by/4.0/,Luca Valente,"CC BY 4.0 applies to the original compilation and editorial work by Luca Valente. Underlying third-party data retain their source terms, including Coin Metrics CC BY-NC 4.0 where indicated; this export does not replace those terms."
revenue_quality,2026-10-05,/blocchi/2/tabella/righe/1/6,1.0,"DefiLlama (fees, revenue)","""2026-10-04""",CC BY 4.0,https://creativecommons.org/licenses/by/4.0/,Luca Valente,"CC BY 4.0 applies to the original compilation and editorial work by Luca Valente. Underlying third-party data retain their source terms, including Coin Metrics CC BY-NC 4.0 where indicated; this export does not replace those terms."
revenue_quality,2026-10-05,/blocchi/2/tabella/righe/1/7,0,"DefiLlama (fees, revenue)","""2026-10-04""",CC BY 4.0,https://creativecommons.org/licenses/by/4.0/,Luca Valente,"CC BY 4.0 applies to the original compilation and editorial work by Luca Valente. Underlying third-party data retain their source terms, including Coin Metrics CC BY-NC 4.0 where indicated; this export does not replace those terms."
revenue_quality,2026-10-05,/blocchi/2/tabella/righe/2/0,"""Uniswap V4""","DefiLlama (fees, revenue)","""2026-10-04""",CC BY 4.0,https://creativecommons.org/licenses/by/4.0/,Luca Valente,"CC BY 4.0 applies to the original compilation and editorial work by Luca Valente. Underlying third-party data retain their source terms, including Coin Metrics CC BY-NC 4.0 where indicated; this export does not replace those terms."
revenue_quality,2026-10-05,/blocchi/2/tabella/righe/2/1,"""DEXs""","DefiLlama (fees, revenue)","""2026-10-04""",CC BY 4.0,https://creativecommons.org/licenses/by/4.0/,Luca Valente,"CC BY 4.0 applies to the original compilation and editorial work by Luca Valente. Underlying third-party data retain their source terms, including Coin Metrics CC BY-NC 4.0 where indicated; this export does not replace those terms."
revenue_quality,2026-10-05,/blocchi/2/tabella/righe/2/2,109279250,"DefiLlama (fees, revenue)","""2026-10-04""",CC BY 4.0,https://creativecommons.org/licenses/by/4.0/,Luca Valente,"CC BY 4.0 applies to the original compilation and editorial work by Luca Valente. Underlying third-party data retain their source terms, including Coin Metrics CC BY-NC 4.0 where indicated; this export does not replace those terms."
revenue_quality,2026-10-05,/blocchi/2/tabella/righe/2/3,1.0,"DefiLlama (fees, revenue)","""2026-10-04""",CC BY 4.0,https://creativecommons.org/licenses/by/4.0/,Luca Valente,"CC BY 4.0 applies to the original compilation and editorial work by Luca Valente. Underlying third-party data retain their source terms, including Coin Metrics CC BY-NC 4.0 where indicated; this export does not replace those terms."
revenue_quality,2026-10-05,/blocchi/2/tabella/righe/2/4,0,"DefiLlama (fees, revenue)","""2026-10-04""",CC BY 4.0,https://creativecommons.org/licenses/by/4.0/,Luca Valente,"CC BY 4.0 applies to the original compilation and editorial work by Luca Valente. Underlying third-party data retain their source terms, including Coin Metrics CC BY-NC 4.0 where indicated; this export does not replace those terms."
revenue_quality,2026-10-05,/blocchi/2/tabella/righe/2/5,"""""","DefiLlama (fees, revenue)","""2026-10-04""",CC BY 4.0,https://creativecommons.org/licenses/by/4.0/,Luca Valente,"CC BY 4.0 applies to the original compilation and editorial work by Luca Valente. Underlying third-party data retain their source terms, including Coin Metrics CC BY-NC 4.0 where indicated; this export does not replace those terms."
revenue_quality,2026-10-05,/blocchi/2/tabella/righe/2/6,null,"DefiLlama (fees, revenue)","""2026-10-04""",CC BY 4.0,https://creativecommons.org/licenses/by/4.0/,Luca Valente,"CC BY 4.0 applies to the original compilation and editorial work by Luca Valente. Underlying third-party data retain their source terms, including Coin Metrics CC BY-NC 4.0 where indicated; this export does not replace those terms."
revenue_quality,2026-10-05,/blocchi/2/tabella/righe/2/7,null,"DefiLlama (fees, revenue)","""2026-10-04""",CC BY 4.0,https://creativecommons.org/licenses/by/4.0/,Luca Valente,"CC BY 4.0 applies to the original compilation and editorial work by Luca Valente. Underlying third-party data retain their source terms, including Coin Metrics CC BY-NC 4.0 where indicated; this export does not replace those terms."
revenue_quality,2026-10-05,/blocchi/2/tabella/righe/3/0,"""Hyperliquid""","DefiLlama (fees, revenue)","""2026-10-04""",CC BY 4.0,https://creativecommons.org/licenses/by/4.0/,Luca Valente,"CC BY 4.0 applies to the original compilation and editorial work by Luca Valente. Underlying third-party data retain their source terms, including Coin Metrics CC BY-NC 4.0 where indicated; this export does not replace those terms."
revenue_quality,2026-10-05,/blocchi/2/tabella/righe/3/1,"""Derivatives""","DefiLlama (fees, revenue)","""2026-10-04""",CC BY 4.0,https://creativecommons.org/licenses/by/4.0/,Luca Valente,"CC BY 4.0 applies to the original compilation and editorial work by Luca Valente. Underlying third-party data retain their source terms, including Coin Metrics CC BY-NC 4.0 where indicated; this export does not replace those terms."
revenue_quality,2026-10-05,/blocchi/2/tabella/righe/3/2,87529020,"DefiLlama (fees, revenue)","""2026-10-04""",CC BY 4.0,https://creativecommons.org/licenses/by/4.0/,Luca Valente,"CC BY 4.0 applies to the original compilation and editorial work by Luca Valente. Underlying third-party data retain their source terms, including Coin Metrics CC BY-NC 4.0 where indicated; this export does not replace those terms."
revenue_quality,2026-10-05,/blocchi/2/tabella/righe/3/3,1.0,"DefiLlama (fees, revenue)","""2026-10-04""",CC BY 4.0,https://creativecommons.org/licenses/by/4.0/,Luca Valente,"CC BY 4.0 applies to the original compilation and editorial work by Luca Valente. Underlying third-party data retain their source terms, including Coin Metrics CC BY-NC 4.0 where indicated; this export does not replace those terms."
revenue_quality,2026-10-05,/blocchi/2/tabella/righe/3/4,0,"DefiLlama (fees, revenue)","""2026-10-04""",CC BY 4.0,https://creativecommons.org/licenses/by/4.0/,Luca Valente,"CC BY 4.0 applies to the original compilation and editorial work by Luca Valente. Underlying third-party data retain their source terms, including Coin Metrics CC BY-NC 4.0 where indicated; this export does not replace those terms."
revenue_quality,2026-10-05,/blocchi/2/tabella/righe/3/5,"""""","DefiLlama (fees, revenue)","""2026-10-04""",CC BY 4.0,https://creativecommons.org/licenses/by/4.0/,Luca Valente,"CC BY 4.0 applies to the original compilation and editorial work by Luca Valente. Underlying third-party data retain their source terms, including Coin Metrics CC BY-NC 4.0 where indicated; this export does not replace those terms."
revenue_quality,2026-10-05,/blocchi/2/tabella/righe/3/6,1.0,"DefiLlama (fees, revenue)","""2026-10-04""",CC BY 4.0,https://creativecommons.org/licenses/by/4.0/,Luca Valente,"CC BY 4.0 applies to the original compilation and editorial work by Luca Valente. Underlying third-party data retain their source terms, including Coin Metrics CC BY-NC 4.0 where indicated; this export does not replace those terms."
revenue_quality,2026-10-05,/blocchi/2/tabella/righe/3/7,0,"DefiLlama (fees, revenue)","""2026-10-04""",CC BY 4.0,https://creativecommons.org/licenses/by/4.0/,Luca Valente,"CC BY 4.0 applies to the original compilation and editorial work by Luca Valente. Underlying third-party data retain their source terms, including Coin Metrics CC BY-NC 4.0 where indicated; this export does not replace those terms."
revenue_quality,2026-10-05,/blocchi/2/tabella/righe/4/0,"""Uniswap V3""","DefiLlama (fees, revenue)","""2026-10-04""",CC BY 4.0,https://creativecommons.org/licenses/by/4.0/,Luca Valente,"CC BY 4.0 applies to the original compilation and editorial work by Luca Valente. Underlying third-party data retain their source terms, including Coin Metrics CC BY-NC 4.0 where indicated; this export does not replace those terms."
revenue_quality,2026-10-05,/blocchi/2/tabella/righe/4/1,"""DEXs""","DefiLlama (fees, revenue)","""2026-10-04""",CC BY 4.0,https://creativecommons.org/licenses/by/4.0/,Luca Valente,"CC BY 4.0 applies to the original compilation and editorial work by Luca Valente. Underlying third-party data retain their source terms, including Coin Metrics CC BY-NC 4.0 where indicated; this export does not replace those terms."
revenue_quality,2026-10-05,/blocchi/2/tabella/righe/4/2,54269366,"DefiLlama (fees, revenue)","""2026-10-04""",CC BY 4.0,https://creativecommons.org/licenses/by/4.0/,Luca Valente,"CC BY 4.0 applies to the original compilation and editorial work by Luca Valente. Underlying third-party data retain their source terms, including Coin Metrics CC BY-NC 4.0 where indicated; this export does not replace those terms."
revenue_quality,2026-10-05,/blocchi/2/tabella/righe/4/3,1.0,"DefiLlama (fees, revenue)","""2026-10-04""",CC BY 4.0,https://creativecommons.org/licenses/by/4.0/,Luca Valente,"CC BY 4.0 applies to the original compilation and editorial work by Luca Valente. Underlying third-party data retain their source terms, including Coin Metrics CC BY-NC 4.0 where indicated; this export does not replace those terms."
revenue_quality,2026-10-05,/blocchi/2/tabella/righe/4/4,0,"DefiLlama (fees, revenue)","""2026-10-04""",CC BY 4.0,https://creativecommons.org/licenses/by/4.0/,Luca Valente,"CC BY 4.0 applies to the original compilation and editorial work by Luca Valente. Underlying third-party data retain their source terms, including Coin Metrics CC BY-NC 4.0 where indicated; this export does not replace those terms."
revenue_quality,2026-10-05,/blocchi/2/tabella/righe/4/5,"""""","DefiLlama (fees, revenue)","""2026-10-04""",CC BY 4.0,https://creativecommons.org/licenses/by/4.0/,Luca Valente,"CC BY 4.0 applies to the original compilation and editorial work by Luca Valente. Underlying third-party data retain their source terms, including Coin Metrics CC BY-NC 4.0 where indicated; this export does not replace those terms."
revenue_quality,2026-10-05,/blocchi/2/tabella/righe/4/6,1.0,"DefiLlama (fees, revenue)","""2026-10-04""",CC BY 4.0,https://creativecommons.org/licenses/by/4.0/,Luca Valente,"CC BY 4.0 applies to the original compilation and editorial work by Luca Valente. Underlying third-party data retain their source terms, including Coin Metrics CC BY-NC 4.0 where indicated; this export does not replace those terms."
revenue_quality,2026-10-05,/blocchi/2/tabella/righe/4/7,0,"DefiLlama (fees, revenue)","""2026-10-04""",CC BY 4.0,https://creativecommons.org/licenses/by/4.0/,Luca Valente,"CC BY 4.0 applies to the original compilation and editorial work by Luca Valente. Underlying third-party data retain their source terms, including Coin Metrics CC BY-NC 4.0 where indicated; this export does not replace those terms."
revenue_quality,2026-10-05,/blocchi/2/tabella/righe/5/0,"""Lido""","DefiLlama (fees, revenue)","""2026-10-04""",CC BY 4.0,https://creativecommons.org/licenses/by/4.0/,Luca Valente,"CC BY 4.0 applies to the original compilation and editorial work by Luca Valente. Underlying third-party data retain their source terms, including Coin Metrics CC BY-NC 4.0 where indicated; this export does not replace those terms."
revenue_quality,2026-10-05,/blocchi/2/tabella/righe/5/1,"""Liquid staking""","DefiLlama (fees, revenue)","""2026-10-04""",CC BY 4.0,https://creativecommons.org/licenses/by/4.0/,Luca Valente,"CC BY 4.0 applies to the original compilation and editorial work by Luca Valente. Underlying third-party data retain their source terms, including Coin Metrics CC BY-NC 4.0 where indicated; this export does not replace those terms."
revenue_quality,2026-10-05,/blocchi/2/tabella/righe/5/2,51711983,"DefiLlama (fees, revenue)","""2026-10-04""",CC BY 4.0,https://creativecommons.org/licenses/by/4.0/,Luca Valente,"CC BY 4.0 applies to the original compilation and editorial work by Luca Valente. Underlying third-party data retain their source terms, including Coin Metrics CC BY-NC 4.0 where indicated; this export does not replace those terms."
revenue_quality,2026-10-05,/blocchi/2/tabella/righe/5/3,1.0,"DefiLlama (fees, revenue)","""2026-10-04""",CC BY 4.0,https://creativecommons.org/licenses/by/4.0/,Luca Valente,"CC BY 4.0 applies to the original compilation and editorial work by Luca Valente. Underlying third-party data retain their source terms, including Coin Metrics CC BY-NC 4.0 where indicated; this export does not replace those terms."
revenue_quality,2026-10-05,/blocchi/2/tabella/righe/5/4,0,"DefiLlama (fees, revenue)","""2026-10-04""",CC BY 4.0,https://creativecommons.org/licenses/by/4.0/,Luca Valente,"CC BY 4.0 applies to the original compilation and editorial work by Luca Valente. Underlying third-party data retain their source terms, including Coin Metrics CC BY-NC 4.0 where indicated; this export does not replace those terms."
revenue_quality,2026-10-05,/blocchi/2/tabella/righe/5/5,"""""","DefiLlama (fees, revenue)","""2026-10-04""",CC BY 4.0,https://creativecommons.org/licenses/by/4.0/,Luca Valente,"CC BY 4.0 applies to the original compilation and editorial work by Luca Valente. Underlying third-party data retain their source terms, including Coin Metrics CC BY-NC 4.0 where indicated; this export does not replace those terms."
revenue_quality,2026-10-05,/blocchi/2/tabella/righe/5/6,1.0,"DefiLlama (fees, revenue)","""2026-10-04""",CC BY 4.0,https://creativecommons.org/licenses/by/4.0/,Luca Valente,"CC BY 4.0 applies to the original compilation and editorial work by Luca Valente. Underlying third-party data retain their source terms, including Coin Metrics CC BY-NC 4.0 where indicated; this export does not replace those terms."
revenue_quality,2026-10-05,/blocchi/2/tabella/righe/5/7,0,"DefiLlama (fees, revenue)","""2026-10-04""",CC BY 4.0,https://creativecommons.org/licenses/by/4.0/,Luca Valente,"CC BY 4.0 applies to the original compilation and editorial work by Luca Valente. Underlying third-party data retain their source terms, including Coin Metrics CC BY-NC 4.0 where indicated; this export does not replace those terms."
revenue_quality,2026-10-05,/blocchi/2/tabella/righe/6/0,"""Raydium""","DefiLlama (fees, revenue)","""2026-10-04""",CC BY 4.0,https://creativecommons.org/licenses/by/4.0/,Luca Valente,"CC BY 4.0 applies to the original compilation and editorial work by Luca Valente. Underlying third-party data retain their source terms, including Coin Metrics CC BY-NC 4.0 where indicated; this export does not replace those terms."
revenue_quality,2026-10-05,/blocchi/2/tabella/righe/6/1,"""DEXs""","DefiLlama (fees, revenue)","""2026-10-04""",CC BY 4.0,https://creativecommons.org/licenses/by/4.0/,Luca Valente,"CC BY 4.0 applies to the original compilation and editorial work by Luca Valente. Underlying third-party data retain their source terms, including Coin Metrics CC BY-NC 4.0 where indicated; this export does not replace those terms."
revenue_quality,2026-10-05,/blocchi/2/tabella/righe/6/2,46059714,"DefiLlama (fees, revenue)","""2026-10-04""",CC BY 4.0,https://creativecommons.org/licenses/by/4.0/,Luca Valente,"CC BY 4.0 applies to the original compilation and editorial work by Luca Valente. Underlying third-party data retain their source terms, including Coin Metrics CC BY-NC 4.0 where indicated; this export does not replace those terms."
revenue_quality,2026-10-05,/blocchi/2/tabella/righe/6/3,1.0,"DefiLlama (fees, revenue)","""2026-10-04""",CC BY 4.0,https://creativecommons.org/licenses/by/4.0/,Luca Valente,"CC BY 4.0 applies to the original compilation and editorial work by Luca Valente. Underlying third-party data retain their source terms, including Coin Metrics CC BY-NC 4.0 where indicated; this export does not replace those terms."
revenue_quality,2026-10-05,/blocchi/2/tabella/righe/6/4,0,"DefiLlama (fees, revenue)","""2026-10-04""",CC BY 4.0,https://creativecommons.org/licenses/by/4.0/,Luca Valente,"CC BY 4.0 applies to the original compilation and editorial work by Luca Valente. Underlying third-party data retain their source terms, including Coin Metrics CC BY-NC 4.0 where indicated; this export does not replace those terms."
revenue_quality,2026-10-05,/blocchi/2/tabella/righe/6/5,"""""","DefiLlama (fees, revenue)","""2026-10-04""",CC BY 4.0,https://creativecommons.org/licenses/by/4.0/,Luca Valente,"CC BY 4.0 applies to the original compilation and editorial work by Luca Valente. Underlying third-party data retain their source terms, including Coin Metrics CC BY-NC 4.0 where indicated; this export does not replace those terms."
revenue_quality,2026-10-05,/blocchi/2/tabella/righe/6/6,1.0,"DefiLlama (fees, revenue)","""2026-10-04""",CC BY 4.0,https://creativecommons.org/licenses/by/4.0/,Luca Valente,"CC BY 4.0 applies to the original compilation and editorial work by Luca Valente. Underlying third-party data retain their source terms, including Coin Metrics CC BY-NC 4.0 where indicated; this export does not replace those terms."
revenue_quality,2026-10-05,/blocchi/2/tabella/righe/6/7,0,"DefiLlama (fees, revenue)","""2026-10-04""",CC BY 4.0,https://creativecommons.org/licenses/by/4.0/,Luca Valente,"CC BY 4.0 applies to the original compilation and editorial work by Luca Valente. Underlying third-party data retain their source terms, including Coin Metrics CC BY-NC 4.0 where indicated; this export does not replace those terms."
revenue_quality,2026-10-05,/blocchi/2/tabella/righe/7/0,"""Aave V3""","DefiLlama (fees, revenue)","""2026-10-04""",CC BY 4.0,https://creativecommons.org/licenses/by/4.0/,Luca Valente,"CC BY 4.0 applies to the original compilation and editorial work by Luca Valente. Underlying third-party data retain their source terms, including Coin Metrics CC BY-NC 4.0 where indicated; this export does not replace those terms."
revenue_quality,2026-10-05,/blocchi/2/tabella/righe/7/1,"""Lending""","DefiLlama (fees, revenue)","""2026-10-04""",CC BY 4.0,https://creativecommons.org/licenses/by/4.0/,Luca Valente,"CC BY 4.0 applies to the original compilation and editorial work by Luca Valente. Underlying third-party data retain their source terms, including Coin Metrics CC BY-NC 4.0 where indicated; this export does not replace those terms."
revenue_quality,2026-10-05,/blocchi/2/tabella/righe/7/2,36270333,"DefiLlama (fees, revenue)","""2026-10-04""",CC BY 4.0,https://creativecommons.org/licenses/by/4.0/,Luca Valente,"CC BY 4.0 applies to the original compilation and editorial work by Luca Valente. Underlying third-party data retain their source terms, including Coin Metrics CC BY-NC 4.0 where indicated; this export does not replace those terms."
revenue_quality,2026-10-05,/blocchi/2/tabella/righe/7/3,1.0,"DefiLlama (fees, revenue)","""2026-10-04""",CC BY 4.0,https://creativecommons.org/licenses/by/4.0/,Luca Valente,"CC BY 4.0 applies to the original compilation and editorial work by Luca Valente. Underlying third-party data retain their source terms, including Coin Metrics CC BY-NC 4.0 where indicated; this export does not replace those terms."
revenue_quality,2026-10-05,/blocchi/2/tabella/righe/7/4,0,"DefiLlama (fees, revenue)","""2026-10-04""",CC BY 4.0,https://creativecommons.org/licenses/by/4.0/,Luca Valente,"CC BY 4.0 applies to the original compilation and editorial work by Luca Valente. Underlying third-party data retain their source terms, including Coin Metrics CC BY-NC 4.0 where indicated; this export does not replace those terms."
revenue_quality,2026-10-05,/blocchi/2/tabella/righe/7/5,"""""","DefiLlama (fees, revenue)","""2026-10-04""",CC BY 4.0,https://creativecommons.org/licenses/by/4.0/,Luca Valente,"CC BY 4.0 applies to the original compilation and editorial work by Luca Valente. Underlying third-party data retain their source terms, including Coin Metrics CC BY-NC 4.0 where indicated; this export does not replace those terms."
revenue_quality,2026-10-05,/blocchi/2/tabella/righe/7/6,1.0,"DefiLlama (fees, revenue)","""2026-10-04""",CC BY 4.0,https://creativecommons.org/licenses/by/4.0/,Luca Valente,"CC BY 4.0 applies to the original compilation and editorial work by Luca Valente. Underlying third-party data retain their source terms, including Coin Metrics CC BY-NC 4.0 where indicated; this export does not replace those terms."
revenue_quality,2026-10-05,/blocchi/2/tabella/righe/7/7,0,"DefiLlama (fees, revenue)","""2026-10-04""",CC BY 4.0,https://creativecommons.org/licenses/by/4.0/,Luca Valente,"CC BY 4.0 applies to the original compilation and editorial work by Luca Valente. Underlying third-party data retain their source terms, including Coin Metrics CC BY-NC 4.0 where indicated; this export does not replace those terms."
revenue_quality,2026-10-05,/blocchi/2/tabella/righe/8/0,"""Meteora""","DefiLlama (fees, revenue)","""2026-10-04""",CC BY 4.0,https://creativecommons.org/licenses/by/4.0/,Luca Valente,"CC BY 4.0 applies to the original compilation and editorial work by Luca Valente. Underlying third-party data retain their source terms, including Coin Metrics CC BY-NC 4.0 where indicated; this export does not replace those terms."
revenue_quality,2026-10-05,/blocchi/2/tabella/righe/8/1,"""DEXs""","DefiLlama (fees, revenue)","""2026-10-04""",CC BY 4.0,https://creativecommons.org/licenses/by/4.0/,Luca Valente,"CC BY 4.0 applies to the original compilation and editorial work by Luca Valente. Underlying third-party data retain their source terms, including Coin Metrics CC BY-NC 4.0 where indicated; this export does not replace those terms."
revenue_quality,2026-10-05,/blocchi/2/tabella/righe/8/2,33708433,"DefiLlama (fees, revenue)","""2026-10-04""",CC BY 4.0,https://creativecommons.org/licenses/by/4.0/,Luca Valente,"CC BY 4.0 applies to the original compilation and editorial work by Luca Valente. Underlying third-party data retain their source terms, including Coin Metrics CC BY-NC 4.0 where indicated; this export does not replace those terms."
revenue_quality,2026-10-05,/blocchi/2/tabella/righe/8/3,1.0,"DefiLlama (fees, revenue)","""2026-10-04""",CC BY 4.0,https://creativecommons.org/licenses/by/4.0/,Luca Valente,"CC BY 4.0 applies to the original compilation and editorial work by Luca Valente. Underlying third-party data retain their source terms, including Coin Metrics CC BY-NC 4.0 where indicated; this export does not replace those terms."
revenue_quality,2026-10-05,/blocchi/2/tabella/righe/8/4,0,"DefiLlama (fees, revenue)","""2026-10-04""",CC BY 4.0,https://creativecommons.org/licenses/by/4.0/,Luca Valente,"CC BY 4.0 applies to the original compilation and editorial work by Luca Valente. Underlying third-party data retain their source terms, including Coin Metrics CC BY-NC 4.0 where indicated; this export does not replace those terms."
revenue_quality,2026-10-05,/blocchi/2/tabella/righe/8/5,"""""","DefiLlama (fees, revenue)","""2026-10-04""",CC BY 4.0,https://creativecommons.org/licenses/by/4.0/,Luca Valente,"CC BY 4.0 applies to the original compilation and editorial work by Luca Valente. Underlying third-party data retain their source terms, including Coin Metrics CC BY-NC 4.0 where indicated; this export does not replace those terms."
revenue_quality,2026-10-05,/blocchi/2/tabella/righe/8/6,1.0,"DefiLlama (fees, revenue)","""2026-10-04""",CC BY 4.0,https://creativecommons.org/licenses/by/4.0/,Luca Valente,"CC BY 4.0 applies to the original compilation and editorial work by Luca Valente. Underlying third-party data retain their source terms, including Coin Metrics CC BY-NC 4.0 where indicated; this export does not replace those terms."
revenue_quality,2026-10-05,/blocchi/2/tabella/righe/8/7,0,"DefiLlama (fees, revenue)","""2026-10-04""",CC BY 4.0,https://creativecommons.org/licenses/by/4.0/,Luca Valente,"CC BY 4.0 applies to the original compilation and editorial work by Luca Valente. Underlying third-party data retain their source terms, including Coin Metrics CC BY-NC 4.0 where indicated; this export does not replace those terms."
revenue_quality,2026-10-05,/blocchi/2/tabella/righe/9/0,"""Polymarket International""","DefiLlama (fees, revenue)","""2026-10-04""",CC BY 4.0,https://creativecommons.org/licenses/by/4.0/,Luca Valente,"CC BY 4.0 applies to the original compilation and editorial work by Luca Valente. Underlying third-party data retain their source terms, including Coin Metrics CC BY-NC 4.0 where indicated; this export does not replace those terms."
revenue_quality,2026-10-05,/blocchi/2/tabella/righe/9/1,"""Prediction markets""","DefiLlama (fees, revenue)","""2026-10-04""",CC BY 4.0,https://creativecommons.org/licenses/by/4.0/,Luca Valente,"CC BY 4.0 applies to the original compilation and editorial work by Luca Valente. Underlying third-party data retain their source terms, including Coin Metrics CC BY-NC 4.0 where indicated; this export does not replace those terms."
revenue_quality,2026-10-05,/blocchi/2/tabella/righe/9/2,31638539,"DefiLlama (fees, revenue)","""2026-10-04""",CC BY 4.0,https://creativecommons.org/licenses/by/4.0/,Luca Valente,"CC BY 4.0 applies to the original compilation and editorial work by Luca Valente. Underlying third-party data retain their source terms, including Coin Metrics CC BY-NC 4.0 where indicated; this export does not replace those terms."
revenue_quality,2026-10-05,/blocchi/2/tabella/righe/9/3,1.0,"DefiLlama (fees, revenue)","""2026-10-04""",CC BY 4.0,https://creativecommons.org/licenses/by/4.0/,Luca Valente,"CC BY 4.0 applies to the original compilation and editorial work by Luca Valente. Underlying third-party data retain their source terms, including Coin Metrics CC BY-NC 4.0 where indicated; this export does not replace those terms."
revenue_quality,2026-10-05,/blocchi/2/tabella/righe/9/4,0,"DefiLlama (fees, revenue)","""2026-10-04""",CC BY 4.0,https://creativecommons.org/licenses/by/4.0/,Luca Valente,"CC BY 4.0 applies to the original compilation and editorial work by Luca Valente. Underlying third-party data retain their source terms, including Coin Metrics CC BY-NC 4.0 where indicated; this export does not replace those terms."
revenue_quality,2026-10-05,/blocchi/2/tabella/righe/9/5,"""""","DefiLlama (fees, revenue)","""2026-10-04""",CC BY 4.0,https://creativecommons.org/licenses/by/4.0/,Luca Valente,"CC BY 4.0 applies to the original compilation and editorial work by Luca Valente. Underlying third-party data retain their source terms, including Coin Metrics CC BY-NC 4.0 where indicated; this export does not replace those terms."
revenue_quality,2026-10-05,/blocchi/2/tabella/righe/9/6,1.0,"DefiLlama (fees, revenue)","""2026-10-04""",CC BY 4.0,https://creativecommons.org/licenses/by/4.0/,Luca Valente,"CC BY 4.0 applies to the original compilation and editorial work by Luca Valente. Underlying third-party data retain their source terms, including Coin Metrics CC BY-NC 4.0 where indicated; this export does not replace those terms."
revenue_quality,2026-10-05,/blocchi/2/tabella/righe/9/7,0,"DefiLlama (fees, revenue)","""2026-10-04""",CC BY 4.0,https://creativecommons.org/licenses/by/4.0/,Luca Valente,"CC BY 4.0 applies to the original compilation and editorial work by Luca Valente. Underlying third-party data retain their source terms, including Coin Metrics CC BY-NC 4.0 where indicated; this export does not replace those terms."
revenue_quality,2026-10-05,/blocchi/2/tabella/righe/10/0,"""Sky Lending""","DefiLlama (fees, revenue)","""2026-10-04""",CC BY 4.0,https://creativecommons.org/licenses/by/4.0/,Luca Valente,"CC BY 4.0 applies to the original compilation and editorial work by Luca Valente. Underlying third-party data retain their source terms, including Coin Metrics CC BY-NC 4.0 where indicated; this export does not replace those terms."
revenue_quality,2026-10-05,/blocchi/2/tabella/righe/10/1,"""Collateralised debt""","DefiLlama (fees, revenue)","""2026-10-04""",CC BY 4.0,https://creativecommons.org/licenses/by/4.0/,Luca Valente,"CC BY 4.0 applies to the original compilation and editorial work by Luca Valente. Underlying third-party data retain their source terms, including Coin Metrics CC BY-NC 4.0 where indicated; this export does not replace those terms."
revenue_quality,2026-10-05,/blocchi/2/tabella/righe/10/2,26892545,"DefiLlama (fees, revenue)","""2026-10-04""",CC BY 4.0,https://creativecommons.org/licenses/by/4.0/,Luca Valente,"CC BY 4.0 applies to the original compilation and editorial work by Luca Valente. Underlying third-party data retain their source terms, including Coin Metrics CC BY-NC 4.0 where indicated; this export does not replace those terms."
revenue_quality,2026-10-05,/blocchi/2/tabella/righe/10/3,1.0,"DefiLlama (fees, revenue)","""2026-10-04""",CC BY 4.0,https://creativecommons.org/licenses/by/4.0/,Luca Valente,"CC BY 4.0 applies to the original compilation and editorial work by Luca Valente. Underlying third-party data retain their source terms, including Coin Metrics CC BY-NC 4.0 where indicated; this export does not replace those terms."
revenue_quality,2026-10-05,/blocchi/2/tabella/righe/10/4,0,"DefiLlama (fees, revenue)","""2026-10-04""",CC BY 4.0,https://creativecommons.org/licenses/by/4.0/,Luca Valente,"CC BY 4.0 applies to the original compilation and editorial work by Luca Valente. Underlying third-party data retain their source terms, including Coin Metrics CC BY-NC 4.0 where indicated; this export does not replace those terms."
revenue_quality,2026-10-05,/blocchi/2/tabella/righe/10/5,"""""","DefiLlama (fees, revenue)","""2026-10-04""",CC BY 4.0,https://creativecommons.org/licenses/by/4.0/,Luca Valente,"CC BY 4.0 applies to the original compilation and editorial work by Luca Valente. Underlying third-party data retain their source terms, including Coin Metrics CC BY-NC 4.0 where indicated; this export does not replace those terms."
revenue_quality,2026-10-05,/blocchi/2/tabella/righe/10/6,1.0,"DefiLlama (fees, revenue)","""2026-10-04""",CC BY 4.0,https://creativecommons.org/licenses/by/4.0/,Luca Valente,"CC BY 4.0 applies to the original compilation and editorial work by Luca Valente. Underlying third-party data retain their source terms, including Coin Metrics CC BY-NC 4.0 where indicated; this export does not replace those terms."
revenue_quality,2026-10-05,/blocchi/2/tabella/righe/10/7,0,"DefiLlama (fees, revenue)","""2026-10-04""",CC BY 4.0,https://creativecommons.org/licenses/by/4.0/,Luca Valente,"CC BY 4.0 applies to the original compilation and editorial work by Luca Valente. Underlying third-party data retain their source terms, including Coin Metrics CC BY-NC 4.0 where indicated; this export does not replace those terms."
revenue_quality,2026-10-05,/blocchi/2/tabella/righe/11/0,"""PancakeSwap""","DefiLlama (fees, revenue)","""2026-10-04""",CC BY 4.0,https://creativecommons.org/licenses/by/4.0/,Luca Valente,"CC BY 4.0 applies to the original compilation and editorial work by Luca Valente. Underlying third-party data retain their source terms, including Coin Metrics CC BY-NC 4.0 where indicated; this export does not replace those terms."
revenue_quality,2026-10-05,/blocchi/2/tabella/righe/11/1,"""DEXs""","DefiLlama (fees, revenue)","""2026-10-04""",CC BY 4.0,https://creativecommons.org/licenses/by/4.0/,Luca Valente,"CC BY 4.0 applies to the original compilation and editorial work by Luca Valente. Underlying third-party data retain their source terms, including Coin Metrics CC BY-NC 4.0 where indicated; this export does not replace those terms."
revenue_quality,2026-10-05,/blocchi/2/tabella/righe/11/2,22016859,"DefiLlama (fees, revenue)","""2026-10-04""",CC BY 4.0,https://creativecommons.org/licenses/by/4.0/,Luca Valente,"CC BY 4.0 applies to the original compilation and editorial work by Luca Valente. Underlying third-party data retain their source terms, including Coin Metrics CC BY-NC 4.0 where indicated; this export does not replace those terms."
revenue_quality,2026-10-05,/blocchi/2/tabella/righe/11/3,0.846,"DefiLlama (fees, revenue)","""2026-10-04""",CC BY 4.0,https://creativecommons.org/licenses/by/4.0/,Luca Valente,"CC BY 4.0 applies to the original compilation and editorial work by Luca Valente. Underlying third-party data retain their source terms, including Coin Metrics CC BY-NC 4.0 where indicated; this export does not replace those terms."
revenue_quality,2026-10-05,/blocchi/2/tabella/righe/11/4,1,"DefiLlama (fees, revenue)","""2026-10-04""",CC BY 4.0,https://creativecommons.org/licenses/by/4.0/,Luca Valente,"CC BY 4.0 applies to the original compilation and editorial work by Luca Valente. Underlying third-party data retain their source terms, including Coin Metrics CC BY-NC 4.0 where indicated; this export does not replace those terms."
revenue_quality,2026-10-05,/blocchi/2/tabella/righe/11/5,"""""","DefiLlama (fees, revenue)","""2026-10-04""",CC BY 4.0,https://creativecommons.org/licenses/by/4.0/,Luca Valente,"CC BY 4.0 applies to the original compilation and editorial work by Luca Valente. Underlying third-party data retain their source terms, including Coin Metrics CC BY-NC 4.0 where indicated; this export does not replace those terms."
revenue_quality,2026-10-05,/blocchi/2/tabella/righe/11/6,0.8486,"DefiLlama (fees, revenue)","""2026-10-04""",CC BY 4.0,https://creativecommons.org/licenses/by/4.0/,Luca Valente,"CC BY 4.0 applies to the original compilation and editorial work by Luca Valente. Underlying third-party data retain their source terms, including Coin Metrics CC BY-NC 4.0 where indicated; this export does not replace those terms."
revenue_quality,2026-10-05,/blocchi/2/tabella/righe/11/7,1,"DefiLlama (fees, revenue)","""2026-10-04""",CC BY 4.0,https://creativecommons.org/licenses/by/4.0/,Luca Valente,"CC BY 4.0 applies to the original compilation and editorial work by Luca Valente. Underlying third-party data retain their source terms, including Coin Metrics CC BY-NC 4.0 where indicated; this export does not replace those terms."
revenue_quality,2026-10-05,/blocchi/2/tabella/righe/12/0,"""Morpho Blue""","DefiLlama (fees, revenue)","""2026-10-04""",CC BY 4.0,https://creativecommons.org/licenses/by/4.0/,Luca Valente,"CC BY 4.0 applies to the original compilation and editorial work by Luca Valente. Underlying third-party data retain their source terms, including Coin Metrics CC BY-NC 4.0 where indicated; this export does not replace those terms."
revenue_quality,2026-10-05,/blocchi/2/tabella/righe/12/1,"""Lending""","DefiLlama (fees, revenue)","""2026-10-04""",CC BY 4.0,https://creativecommons.org/licenses/by/4.0/,Luca Valente,"CC BY 4.0 applies to the original compilation and editorial work by Luca Valente. Underlying third-party data retain their source terms, including Coin Metrics CC BY-NC 4.0 where indicated; this export does not replace those terms."
revenue_quality,2026-10-05,/blocchi/2/tabella/righe/12/2,19957990,"DefiLlama (fees, revenue)","""2026-10-04""",CC BY 4.0,https://creativecommons.org/licenses/by/4.0/,Luca Valente,"CC BY 4.0 applies to the original compilation and editorial work by Luca Valente. Underlying third-party data retain their source terms, including Coin Metrics CC BY-NC 4.0 where indicated; this export does not replace those terms."
revenue_quality,2026-10-05,/blocchi/2/tabella/righe/12/3,1.0,"DefiLlama (fees, revenue)","""2026-10-04""",CC BY 4.0,https://creativecommons.org/licenses/by/4.0/,Luca Valente,"CC BY 4.0 applies to the original compilation and editorial work by Luca Valente. Underlying third-party data retain their source terms, including Coin Metrics CC BY-NC 4.0 where indicated; this export does not replace those terms."
revenue_quality,2026-10-05,/blocchi/2/tabella/righe/12/4,0,"DefiLlama (fees, revenue)","""2026-10-04""",CC BY 4.0,https://creativecommons.org/licenses/by/4.0/,Luca Valente,"CC BY 4.0 applies to the original compilation and editorial work by Luca Valente. Underlying third-party data retain their source terms, including Coin Metrics CC BY-NC 4.0 where indicated; this export does not replace those terms."
revenue_quality,2026-10-05,/blocchi/2/tabella/righe/12/5,"""""","DefiLlama (fees, revenue)","""2026-10-04""",CC BY 4.0,https://creativecommons.org/licenses/by/4.0/,Luca Valente,"CC BY 4.0 applies to the original compilation and editorial work by Luca Valente. Underlying third-party data retain their source terms, including Coin Metrics CC BY-NC 4.0 where indicated; this export does not replace those terms."
revenue_quality,2026-10-05,/blocchi/2/tabella/righe/12/6,null,"DefiLlama (fees, revenue)","""2026-10-04""",CC BY 4.0,https://creativecommons.org/licenses/by/4.0/,Luca Valente,"CC BY 4.0 applies to the original compilation and editorial work by Luca Valente. Underlying third-party data retain their source terms, including Coin Metrics CC BY-NC 4.0 where indicated; this export does not replace those terms."
revenue_quality,2026-10-05,/blocchi/2/tabella/righe/12/7,null,"DefiLlama (fees, revenue)","""2026-10-04""",CC BY 4.0,https://creativecommons.org/licenses/by/4.0/,Luca Valente,"CC BY 4.0 applies to the original compilation and editorial work by Luca Valente. Underlying third-party data retain their source terms, including Coin Metrics CC BY-NC 4.0 where indicated; this export does not replace those terms."
revenue_quality,2026-10-05,/blocchi/2/tabella/righe/13/0,"""Aerodrome Finance""","DefiLlama (fees, revenue)","""2026-10-04""",CC BY 4.0,https://creativecommons.org/licenses/by/4.0/,Luca Valente,"CC BY 4.0 applies to the original compilation and editorial work by Luca Valente. Underlying third-party data retain their source terms, including Coin Metrics CC BY-NC 4.0 where indicated; this export does not replace those terms."
revenue_quality,2026-10-05,/blocchi/2/tabella/righe/13/1,"""DEXs""","DefiLlama (fees, revenue)","""2026-10-04""",CC BY 4.0,https://creativecommons.org/licenses/by/4.0/,Luca Valente,"CC BY 4.0 applies to the original compilation and editorial work by Luca Valente. Underlying third-party data retain their source terms, including Coin Metrics CC BY-NC 4.0 where indicated; this export does not replace those terms."
revenue_quality,2026-10-05,/blocchi/2/tabella/righe/13/2,18990002,"DefiLlama (fees, revenue)","""2026-10-04""",CC BY 4.0,https://creativecommons.org/licenses/by/4.0/,Luca Valente,"CC BY 4.0 applies to the original compilation and editorial work by Luca Valente. Underlying third-party data retain their source terms, including Coin Metrics CC BY-NC 4.0 where indicated; this export does not replace those terms."
revenue_quality,2026-10-05,/blocchi/2/tabella/righe/13/3,0.569,"DefiLlama (fees, revenue)","""2026-10-04""",CC BY 4.0,https://creativecommons.org/licenses/by/4.0/,Luca Valente,"CC BY 4.0 applies to the original compilation and editorial work by Luca Valente. Underlying third-party data retain their source terms, including Coin Metrics CC BY-NC 4.0 where indicated; this export does not replace those terms."
revenue_quality,2026-10-05,/blocchi/2/tabella/righe/13/4,1,"DefiLlama (fees, revenue)","""2026-10-04""",CC BY 4.0,https://creativecommons.org/licenses/by/4.0/,Luca Valente,"CC BY 4.0 applies to the original compilation and editorial work by Luca Valente. Underlying third-party data retain their source terms, including Coin Metrics CC BY-NC 4.0 where indicated; this export does not replace those terms."
revenue_quality,2026-10-05,/blocchi/2/tabella/righe/13/5,"""""","DefiLlama (fees, revenue)","""2026-10-04""",CC BY 4.0,https://creativecommons.org/licenses/by/4.0/,Luca Valente,"CC BY 4.0 applies to the original compilation and editorial work by Luca Valente. Underlying third-party data retain their source terms, including Coin Metrics CC BY-NC 4.0 where indicated; this export does not replace those terms."
revenue_quality,2026-10-05,/blocchi/2/tabella/righe/13/6,0.4741,"DefiLlama (fees, revenue)","""2026-10-04""",CC BY 4.0,https://creativecommons.org/licenses/by/4.0/,Luca Valente,"CC BY 4.0 applies to the original compilation and editorial work by Luca Valente. Underlying third-party data retain their source terms, including Coin Metrics CC BY-NC 4.0 where indicated; this export does not replace those terms."
revenue_quality,2026-10-05,/blocchi/2/tabella/righe/13/7,1,"DefiLlama (fees, revenue)","""2026-10-04""",CC BY 4.0,https://creativecommons.org/licenses/by/4.0/,Luca Valente,"CC BY 4.0 applies to the original compilation and editorial work by Luca Valente. Underlying third-party data retain their source terms, including Coin Metrics CC BY-NC 4.0 where indicated; this export does not replace those terms."
revenue_quality,2026-10-05,/blocchi/2/tabella/righe/14/0,"""Ethena USDe""","DefiLlama (fees, revenue)","""2026-10-04""",CC BY 4.0,https://creativecommons.org/licenses/by/4.0/,Luca Valente,"CC BY 4.0 applies to the original compilation and editorial work by Luca Valente. Underlying third-party data retain their source terms, including Coin Metrics CC BY-NC 4.0 where indicated; this export does not replace those terms."
revenue_quality,2026-10-05,/blocchi/2/tabella/righe/14/1,"""Basis trading""","DefiLlama (fees, revenue)","""2026-10-04""",CC BY 4.0,https://creativecommons.org/licenses/by/4.0/,Luca Valente,"CC BY 4.0 applies to the original compilation and editorial work by Luca Valente. Underlying third-party data retain their source terms, including Coin Metrics CC BY-NC 4.0 where indicated; this export does not replace those terms."
revenue_quality,2026-10-05,/blocchi/2/tabella/righe/14/2,18338229,"DefiLlama (fees, revenue)","""2026-10-04""",CC BY 4.0,https://creativecommons.org/licenses/by/4.0/,Luca Valente,"CC BY 4.0 applies to the original compilation and editorial work by Luca Valente. Underlying third-party data retain their source terms, including Coin Metrics CC BY-NC 4.0 where indicated; this export does not replace those terms."
revenue_quality,2026-10-05,/blocchi/2/tabella/righe/14/3,0.0001,"DefiLlama (fees, revenue)","""2026-10-04""",CC BY 4.0,https://creativecommons.org/licenses/by/4.0/,Luca Valente,"CC BY 4.0 applies to the original compilation and editorial work by Luca Valente. Underlying third-party data retain their source terms, including Coin Metrics CC BY-NC 4.0 where indicated; this export does not replace those terms."
revenue_quality,2026-10-05,/blocchi/2/tabella/righe/14/4,12,"DefiLlama (fees, revenue)","""2026-10-04""",CC BY 4.0,https://creativecommons.org/licenses/by/4.0/,Luca Valente,"CC BY 4.0 applies to the original compilation and editorial work by Luca Valente. Underlying third-party data retain their source terms, including Coin Metrics CC BY-NC 4.0 where indicated; this export does not replace those terms."
revenue_quality,2026-10-05,/blocchi/2/tabella/righe/14/5,"""yes""","DefiLlama (fees, revenue)","""2026-10-04""",CC BY 4.0,https://creativecommons.org/licenses/by/4.0/,Luca Valente,"CC BY 4.0 applies to the original compilation and editorial work by Luca Valente. Underlying third-party data retain their source terms, including Coin Metrics CC BY-NC 4.0 where indicated; this export does not replace those terms."
revenue_quality,2026-10-05,/blocchi/2/tabella/righe/14/6,0.1107,"DefiLlama (fees, revenue)","""2026-10-04""",CC BY 4.0,https://creativecommons.org/licenses/by/4.0/,Luca Valente,"CC BY 4.0 applies to the original compilation and editorial work by Luca Valente. Underlying third-party data retain their source terms, including Coin Metrics CC BY-NC 4.0 where indicated; this export does not replace those terms."
revenue_quality,2026-10-05,/blocchi/2/tabella/righe/14/7,9,"DefiLlama (fees, revenue)","""2026-10-04""",CC BY 4.0,https://creativecommons.org/licenses/by/4.0/,Luca Valente,"CC BY 4.0 applies to the original compilation and editorial work by Luca Valente. Underlying third-party data retain their source terms, including Coin Metrics CC BY-NC 4.0 where indicated; this export does not replace those terms."
revenue_quality,2026-10-05,/blocchi/2/tabella/righe/15/0,"""Jupiter""","DefiLlama (fees, revenue)","""2026-10-04""",CC BY 4.0,https://creativecommons.org/licenses/by/4.0/,Luca Valente,"CC BY 4.0 applies to the original compilation and editorial work by Luca Valente. Underlying third-party data retain their source terms, including Coin Metrics CC BY-NC 4.0 where indicated; this export does not replace those terms."
revenue_quality,2026-10-05,/blocchi/2/tabella/righe/15/1,"""DEX Aggregator""","DefiLlama (fees, revenue)","""2026-10-04""",CC BY 4.0,https://creativecommons.org/licenses/by/4.0/,Luca Valente,"CC BY 4.0 applies to the original compilation and editorial work by Luca Valente. Underlying third-party data retain their source terms, including Coin Metrics CC BY-NC 4.0 where indicated; this export does not replace those terms."
revenue_quality,2026-10-05,/blocchi/2/tabella/righe/15/2,18047097,"DefiLlama (fees, revenue)","""2026-10-04""",CC BY 4.0,https://creativecommons.org/licenses/by/4.0/,Luca Valente,"CC BY 4.0 applies to the original compilation and editorial work by Luca Valente. Underlying third-party data retain their source terms, including Coin Metrics CC BY-NC 4.0 where indicated; this export does not replace those terms."
revenue_quality,2026-10-05,/blocchi/2/tabella/righe/15/3,1.0,"DefiLlama (fees, revenue)","""2026-10-04""",CC BY 4.0,https://creativecommons.org/licenses/by/4.0/,Luca Valente,"CC BY 4.0 applies to the original compilation and editorial work by Luca Valente. Underlying third-party data retain their source terms, including Coin Metrics CC BY-NC 4.0 where indicated; this export does not replace those terms."
revenue_quality,2026-10-05,/blocchi/2/tabella/righe/15/4,0,"DefiLlama (fees, revenue)","""2026-10-04""",CC BY 4.0,https://creativecommons.org/licenses/by/4.0/,Luca Valente,"CC BY 4.0 applies to the original compilation and editorial work by Luca Valente. Underlying third-party data retain their source terms, including Coin Metrics CC BY-NC 4.0 where indicated; this export does not replace those terms."
revenue_quality,2026-10-05,/blocchi/2/tabella/righe/15/5,"""""","DefiLlama (fees, revenue)","""2026-10-04""",CC BY 4.0,https://creativecommons.org/licenses/by/4.0/,Luca Valente,"CC BY 4.0 applies to the original compilation and editorial work by Luca Valente. Underlying third-party data retain their source terms, including Coin Metrics CC BY-NC 4.0 where indicated; this export does not replace those terms."
revenue_quality,2026-10-05,/blocchi/2/tabella/righe/15/6,1.0,"DefiLlama (fees, revenue)","""2026-10-04""",CC BY 4.0,https://creativecommons.org/licenses/by/4.0/,Luca Valente,"CC BY 4.0 applies to the original compilation and editorial work by Luca Valente. Underlying third-party data retain their source terms, including Coin Metrics CC BY-NC 4.0 where indicated; this export does not replace those terms."
revenue_quality,2026-10-05,/blocchi/2/tabella/righe/15/7,0,"DefiLlama (fees, revenue)","""2026-10-04""",CC BY 4.0,https://creativecommons.org/licenses/by/4.0/,Luca Valente,"CC BY 4.0 applies to the original compilation and editorial work by Luca Valente. Underlying third-party data retain their source terms, including Coin Metrics CC BY-NC 4.0 where indicated; this export does not replace those terms."
revenue_quality,2026-10-05,/blocchi/2/tabella/righe/16/0,"""Orca DEX""","DefiLlama (fees, revenue)","""2026-10-04""",CC BY 4.0,https://creativecommons.org/licenses/by/4.0/,Luca Valente,"CC BY 4.0 applies to the original compilation and editorial work by Luca Valente. Underlying third-party data retain their source terms, including Coin Metrics CC BY-NC 4.0 where indicated; this export does not replace those terms."
revenue_quality,2026-10-05,/blocchi/2/tabella/righe/16/1,"""DEXs""","DefiLlama (fees, revenue)","""2026-10-04""",CC BY 4.0,https://creativecommons.org/licenses/by/4.0/,Luca Valente,"CC BY 4.0 applies to the original compilation and editorial work by Luca Valente. Underlying third-party data retain their source terms, including Coin Metrics CC BY-NC 4.0 where indicated; this export does not replace those terms."
revenue_quality,2026-10-05,/blocchi/2/tabella/righe/16/2,10955414,"DefiLlama (fees, revenue)","""2026-10-04""",CC BY 4.0,https://creativecommons.org/licenses/by/4.0/,Luca Valente,"CC BY 4.0 applies to the original compilation and editorial work by Luca Valente. Underlying third-party data retain their source terms, including Coin Metrics CC BY-NC 4.0 where indicated; this export does not replace those terms."
revenue_quality,2026-10-05,/blocchi/2/tabella/righe/16/3,1.0,"DefiLlama (fees, revenue)","""2026-10-04""",CC BY 4.0,https://creativecommons.org/licenses/by/4.0/,Luca Valente,"CC BY 4.0 applies to the original compilation and editorial work by Luca Valente. Underlying third-party data retain their source terms, including Coin Metrics CC BY-NC 4.0 where indicated; this export does not replace those terms."
revenue_quality,2026-10-05,/blocchi/2/tabella/righe/16/4,0,"DefiLlama (fees, revenue)","""2026-10-04""",CC BY 4.0,https://creativecommons.org/licenses/by/4.0/,Luca Valente,"CC BY 4.0 applies to the original compilation and editorial work by Luca Valente. Underlying third-party data retain their source terms, including Coin Metrics CC BY-NC 4.0 where indicated; this export does not replace those terms."
revenue_quality,2026-10-05,/blocchi/2/tabella/righe/16/5,"""""","DefiLlama (fees, revenue)","""2026-10-04""",CC BY 4.0,https://creativecommons.org/licenses/by/4.0/,Luca Valente,"CC BY 4.0 applies to the original compilation and editorial work by Luca Valente. Underlying third-party data retain their source terms, including Coin Metrics CC BY-NC 4.0 where indicated; this export does not replace those terms."
revenue_quality,2026-10-05,/blocchi/2/tabella/righe/16/6,1.0,"DefiLlama (fees, revenue)","""2026-10-04""",CC BY 4.0,https://creativecommons.org/licenses/by/4.0/,Luca Valente,"CC BY 4.0 applies to the original compilation and editorial work by Luca Valente. Underlying third-party data retain their source terms, including Coin Metrics CC BY-NC 4.0 where indicated; this export does not replace those terms."
revenue_quality,2026-10-05,/blocchi/2/tabella/righe/16/7,0,"DefiLlama (fees, revenue)","""2026-10-04""",CC BY 4.0,https://creativecommons.org/licenses/by/4.0/,Luca Valente,"CC BY 4.0 applies to the original compilation and editorial work by Luca Valente. Underlying third-party data retain their source terms, including Coin Metrics CC BY-NC 4.0 where indicated; this export does not replace those terms."
revenue_quality,2026-10-05,/blocchi/2/tabella/righe/17/0,"""Maple""","DefiLlama (fees, revenue)","""2026-10-04""",CC BY 4.0,https://creativecommons.org/licenses/by/4.0/,Luca Valente,"CC BY 4.0 applies to the original compilation and editorial work by Luca Valente. Underlying third-party data retain their source terms, including Coin Metrics CC BY-NC 4.0 where indicated; this export does not replace those terms."
revenue_quality,2026-10-05,/blocchi/2/tabella/righe/17/1,"""Lending""","DefiLlama (fees, revenue)","""2026-10-04""",CC BY 4.0,https://creativecommons.org/licenses/by/4.0/,Luca Valente,"CC BY 4.0 applies to the original compilation and editorial work by Luca Valente. Underlying third-party data retain their source terms, including Coin Metrics CC BY-NC 4.0 where indicated; this export does not replace those terms."
revenue_quality,2026-10-05,/blocchi/2/tabella/righe/17/2,9611326,"DefiLlama (fees, revenue)","""2026-10-04""",CC BY 4.0,https://creativecommons.org/licenses/by/4.0/,Luca Valente,"CC BY 4.0 applies to the original compilation and editorial work by Luca Valente. Underlying third-party data retain their source terms, including Coin Metrics CC BY-NC 4.0 where indicated; this export does not replace those terms."
revenue_quality,2026-10-05,/blocchi/2/tabella/righe/17/3,0.4194,"DefiLlama (fees, revenue)","""2026-10-04""",CC BY 4.0,https://creativecommons.org/licenses/by/4.0/,Luca Valente,"CC BY 4.0 applies to the original compilation and editorial work by Luca Valente. Underlying third-party data retain their source terms, including Coin Metrics CC BY-NC 4.0 where indicated; this export does not replace those terms."
revenue_quality,2026-10-05,/blocchi/2/tabella/righe/17/4,4,"DefiLlama (fees, revenue)","""2026-10-04""",CC BY 4.0,https://creativecommons.org/licenses/by/4.0/,Luca Valente,"CC BY 4.0 applies to the original compilation and editorial work by Luca Valente. Underlying third-party data retain their source terms, including Coin Metrics CC BY-NC 4.0 where indicated; this export does not replace those terms."
revenue_quality,2026-10-05,/blocchi/2/tabella/righe/17/5,"""""","DefiLlama (fees, revenue)","""2026-10-04""",CC BY 4.0,https://creativecommons.org/licenses/by/4.0/,Luca Valente,"CC BY 4.0 applies to the original compilation and editorial work by Luca Valente. Underlying third-party data retain their source terms, including Coin Metrics CC BY-NC 4.0 where indicated; this export does not replace those terms."
revenue_quality,2026-10-05,/blocchi/2/tabella/righe/17/6,0.3447,"DefiLlama (fees, revenue)","""2026-10-04""",CC BY 4.0,https://creativecommons.org/licenses/by/4.0/,Luca Valente,"CC BY 4.0 applies to the original compilation and editorial work by Luca Valente. Underlying third-party data retain their source terms, including Coin Metrics CC BY-NC 4.0 where indicated; this export does not replace those terms."
revenue_quality,2026-10-05,/blocchi/2/tabella/righe/17/7,5,"DefiLlama (fees, revenue)","""2026-10-04""",CC BY 4.0,https://creativecommons.org/licenses/by/4.0/,Luca Valente,"CC BY 4.0 applies to the original compilation and editorial work by Luca Valente. Underlying third-party data retain their source terms, including Coin Metrics CC BY-NC 4.0 where indicated; this export does not replace those terms."
revenue_quality,2026-10-05,/blocchi/2/tabella/righe/18/0,"""Sanctum Validator LSTs""","DefiLlama (fees, revenue)","""2026-10-04""",CC BY 4.0,https://creativecommons.org/licenses/by/4.0/,Luca Valente,"CC BY 4.0 applies to the original compilation and editorial work by Luca Valente. Underlying third-party data retain their source terms, including Coin Metrics CC BY-NC 4.0 where indicated; this export does not replace those terms."
revenue_quality,2026-10-05,/blocchi/2/tabella/righe/18/1,"""Liquid staking""","DefiLlama (fees, revenue)","""2026-10-04""",CC BY 4.0,https://creativecommons.org/licenses/by/4.0/,Luca Valente,"CC BY 4.0 applies to the original compilation and editorial work by Luca Valente. Underlying third-party data retain their source terms, including Coin Metrics CC BY-NC 4.0 where indicated; this export does not replace those terms."
revenue_quality,2026-10-05,/blocchi/2/tabella/righe/18/2,7851289,"DefiLlama (fees, revenue)","""2026-10-04""",CC BY 4.0,https://creativecommons.org/licenses/by/4.0/,Luca Valente,"CC BY 4.0 applies to the original compilation and editorial work by Luca Valente. Underlying third-party data retain their source terms, including Coin Metrics CC BY-NC 4.0 where indicated; this export does not replace those terms."
revenue_quality,2026-10-05,/blocchi/2/tabella/righe/18/3,1.0,"DefiLlama (fees, revenue)","""2026-10-04""",CC BY 4.0,https://creativecommons.org/licenses/by/4.0/,Luca Valente,"CC BY 4.0 applies to the original compilation and editorial work by Luca Valente. Underlying third-party data retain their source terms, including Coin Metrics CC BY-NC 4.0 where indicated; this export does not replace those terms."
revenue_quality,2026-10-05,/blocchi/2/tabella/righe/18/4,0,"DefiLlama (fees, revenue)","""2026-10-04""",CC BY 4.0,https://creativecommons.org/licenses/by/4.0/,Luca Valente,"CC BY 4.0 applies to the original compilation and editorial work by Luca Valente. Underlying third-party data retain their source terms, including Coin Metrics CC BY-NC 4.0 where indicated; this export does not replace those terms."
revenue_quality,2026-10-05,/blocchi/2/tabella/righe/18/5,"""""","DefiLlama (fees, revenue)","""2026-10-04""",CC BY 4.0,https://creativecommons.org/licenses/by/4.0/,Luca Valente,"CC BY 4.0 applies to the original compilation and editorial work by Luca Valente. Underlying third-party data retain their source terms, including Coin Metrics CC BY-NC 4.0 where indicated; this export does not replace those terms."
revenue_quality,2026-10-05,/blocchi/2/tabella/righe/18/6,1.0,"DefiLlama (fees, revenue)","""2026-10-04""",CC BY 4.0,https://creativecommons.org/licenses/by/4.0/,Luca Valente,"CC BY 4.0 applies to the original compilation and editorial work by Luca Valente. Underlying third-party data retain their source terms, including Coin Metrics CC BY-NC 4.0 where indicated; this export does not replace those terms."
revenue_quality,2026-10-05,/blocchi/2/tabella/righe/18/7,0,"DefiLlama (fees, revenue)","""2026-10-04""",CC BY 4.0,https://creativecommons.org/licenses/by/4.0/,Luca Valente,"CC BY 4.0 applies to the original compilation and editorial work by Luca Valente. Underlying third-party data retain their source terms, including Coin Metrics CC BY-NC 4.0 where indicated; this export does not replace those terms."
revenue_quality,2026-10-05,/blocchi/2/tabella/righe/19/0,"""Jupiter Perpetual Exchange""","DefiLlama (fees, revenue)","""2026-10-04""",CC BY 4.0,https://creativecommons.org/licenses/by/4.0/,Luca Valente,"CC BY 4.0 applies to the original compilation and editorial work by Luca Valente. Underlying third-party data retain their source terms, including Coin Metrics CC BY-NC 4.0 where indicated; this export does not replace those terms."
revenue_quality,2026-10-05,/blocchi/2/tabella/righe/19/1,"""Derivatives""","DefiLlama (fees, revenue)","""2026-10-04""",CC BY 4.0,https://creativecommons.org/licenses/by/4.0/,Luca Valente,"CC BY 4.0 applies to the original compilation and editorial work by Luca Valente. Underlying third-party data retain their source terms, including Coin Metrics CC BY-NC 4.0 where indicated; this export does not replace those terms."
revenue_quality,2026-10-05,/blocchi/2/tabella/righe/19/2,7800434,"DefiLlama (fees, revenue)","""2026-10-04""",CC BY 4.0,https://creativecommons.org/licenses/by/4.0/,Luca Valente,"CC BY 4.0 applies to the original compilation and editorial work by Luca Valente. Underlying third-party data retain their source terms, including Coin Metrics CC BY-NC 4.0 where indicated; this export does not replace those terms."
revenue_quality,2026-10-05,/blocchi/2/tabella/righe/19/3,1.0,"DefiLlama (fees, revenue)","""2026-10-04""",CC BY 4.0,https://creativecommons.org/licenses/by/4.0/,Luca Valente,"CC BY 4.0 applies to the original compilation and editorial work by Luca Valente. Underlying third-party data retain their source terms, including Coin Metrics CC BY-NC 4.0 where indicated; this export does not replace those terms."
revenue_quality,2026-10-05,/blocchi/2/tabella/righe/19/4,0,"DefiLlama (fees, revenue)","""2026-10-04""",CC BY 4.0,https://creativecommons.org/licenses/by/4.0/,Luca Valente,"CC BY 4.0 applies to the original compilation and editorial work by Luca Valente. Underlying third-party data retain their source terms, including Coin Metrics CC BY-NC 4.0 where indicated; this export does not replace those terms."
revenue_quality,2026-10-05,/blocchi/2/tabella/righe/19/5,"""""","DefiLlama (fees, revenue)","""2026-10-04""",CC BY 4.0,https://creativecommons.org/licenses/by/4.0/,Luca Valente,"CC BY 4.0 applies to the original compilation and editorial work by Luca Valente. Underlying third-party data retain their source terms, including Coin Metrics CC BY-NC 4.0 where indicated; this export does not replace those terms."
revenue_quality,2026-10-05,/blocchi/2/tabella/righe/19/6,1.0,"DefiLlama (fees, revenue)","""2026-10-04""",CC BY 4.0,https://creativecommons.org/licenses/by/4.0/,Luca Valente,"CC BY 4.0 applies to the original compilation and editorial work by Luca Valente. Underlying third-party data retain their source terms, including Coin Metrics CC BY-NC 4.0 where indicated; this export does not replace those terms."
revenue_quality,2026-10-05,/blocchi/2/tabella/righe/19/7,0,"DefiLlama (fees, revenue)","""2026-10-04""",CC BY 4.0,https://creativecommons.org/licenses/by/4.0/,Luca Valente,"CC BY 4.0 applies to the original compilation and editorial work by Luca Valente. Underlying third-party data retain their source terms, including Coin Metrics CC BY-NC 4.0 where indicated; this export does not replace those terms."
revenue_quality,2026-10-05,/blocchi/2/tabella/righe/20/0,"""SparkLend""","DefiLlama (fees, revenue)","""2026-10-04""",CC BY 4.0,https://creativecommons.org/licenses/by/4.0/,Luca Valente,"CC BY 4.0 applies to the original compilation and editorial work by Luca Valente. Underlying third-party data retain their source terms, including Coin Metrics CC BY-NC 4.0 where indicated; this export does not replace those terms."
revenue_quality,2026-10-05,/blocchi/2/tabella/righe/20/1,"""Lending""","DefiLlama (fees, revenue)","""2026-10-04""",CC BY 4.0,https://creativecommons.org/licenses/by/4.0/,Luca Valente,"CC BY 4.0 applies to the original compilation and editorial work by Luca Valente. Underlying third-party data retain their source terms, including Coin Metrics CC BY-NC 4.0 where indicated; this export does not replace those terms."
revenue_quality,2026-10-05,/blocchi/2/tabella/righe/20/2,6513342,"DefiLlama (fees, revenue)","""2026-10-04""",CC BY 4.0,https://creativecommons.org/licenses/by/4.0/,Luca Valente,"CC BY 4.0 applies to the original compilation and editorial work by Luca Valente. Underlying third-party data retain their source terms, including Coin Metrics CC BY-NC 4.0 where indicated; this export does not replace those terms."
revenue_quality,2026-10-05,/blocchi/2/tabella/righe/20/3,1.0,"DefiLlama (fees, revenue)","""2026-10-04""",CC BY 4.0,https://creativecommons.org/licenses/by/4.0/,Luca Valente,"CC BY 4.0 applies to the original compilation and editorial work by Luca Valente. Underlying third-party data retain their source terms, including Coin Metrics CC BY-NC 4.0 where indicated; this export does not replace those terms."
revenue_quality,2026-10-05,/blocchi/2/tabella/righe/20/4,0,"DefiLlama (fees, revenue)","""2026-10-04""",CC BY 4.0,https://creativecommons.org/licenses/by/4.0/,Luca Valente,"CC BY 4.0 applies to the original compilation and editorial work by Luca Valente. Underlying third-party data retain their source terms, including Coin Metrics CC BY-NC 4.0 where indicated; this export does not replace those terms."
revenue_quality,2026-10-05,/blocchi/2/tabella/righe/20/5,"""""","DefiLlama (fees, revenue)","""2026-10-04""",CC BY 4.0,https://creativecommons.org/licenses/by/4.0/,Luca Valente,"CC BY 4.0 applies to the original compilation and editorial work by Luca Valente. Underlying third-party data retain their source terms, including Coin Metrics CC BY-NC 4.0 where indicated; this export does not replace those terms."
revenue_quality,2026-10-05,/blocchi/2/tabella/righe/20/6,1.0,"DefiLlama (fees, revenue)","""2026-10-04""",CC BY 4.0,https://creativecommons.org/licenses/by/4.0/,Luca Valente,"CC BY 4.0 applies to the original compilation and editorial work by Luca Valente. Underlying third-party data retain their source terms, including Coin Metrics CC BY-NC 4.0 where indicated; this export does not replace those terms."
revenue_quality,2026-10-05,/blocchi/2/tabella/righe/20/7,0,"DefiLlama (fees, revenue)","""2026-10-04""",CC BY 4.0,https://creativecommons.org/licenses/by/4.0/,Luca Valente,"CC BY 4.0 applies to the original compilation and editorial work by Luca Valente. Underlying third-party data retain their source terms, including Coin Metrics CC BY-NC 4.0 where indicated; this export does not replace those terms."
revenue_quality,2026-10-05,/blocchi/2/tabella/righe/21/0,"""Jito Liquid Staking""","DefiLlama (fees, revenue)","""2026-10-04""",CC BY 4.0,https://creativecommons.org/licenses/by/4.0/,Luca Valente,"CC BY 4.0 applies to the original compilation and editorial work by Luca Valente. Underlying third-party data retain their source terms, including Coin Metrics CC BY-NC 4.0 where indicated; this export does not replace those terms."
revenue_quality,2026-10-05,/blocchi/2/tabella/righe/21/1,"""Liquid staking""","DefiLlama (fees, revenue)","""2026-10-04""",CC BY 4.0,https://creativecommons.org/licenses/by/4.0/,Luca Valente,"CC BY 4.0 applies to the original compilation and editorial work by Luca Valente. Underlying third-party data retain their source terms, including Coin Metrics CC BY-NC 4.0 where indicated; this export does not replace those terms."
revenue_quality,2026-10-05,/blocchi/2/tabella/righe/21/2,4479407,"DefiLlama (fees, revenue)","""2026-10-04""",CC BY 4.0,https://creativecommons.org/licenses/by/4.0/,Luca Valente,"CC BY 4.0 applies to the original compilation and editorial work by Luca Valente. Underlying third-party data retain their source terms, including Coin Metrics CC BY-NC 4.0 where indicated; this export does not replace those terms."
revenue_quality,2026-10-05,/blocchi/2/tabella/righe/21/3,1.0,"DefiLlama (fees, revenue)","""2026-10-04""",CC BY 4.0,https://creativecommons.org/licenses/by/4.0/,Luca Valente,"CC BY 4.0 applies to the original compilation and editorial work by Luca Valente. Underlying third-party data retain their source terms, including Coin Metrics CC BY-NC 4.0 where indicated; this export does not replace those terms."
revenue_quality,2026-10-05,/blocchi/2/tabella/righe/21/4,0,"DefiLlama (fees, revenue)","""2026-10-04""",CC BY 4.0,https://creativecommons.org/licenses/by/4.0/,Luca Valente,"CC BY 4.0 applies to the original compilation and editorial work by Luca Valente. Underlying third-party data retain their source terms, including Coin Metrics CC BY-NC 4.0 where indicated; this export does not replace those terms."
revenue_quality,2026-10-05,/blocchi/2/tabella/righe/21/5,"""""","DefiLlama (fees, revenue)","""2026-10-04""",CC BY 4.0,https://creativecommons.org/licenses/by/4.0/,Luca Valente,"CC BY 4.0 applies to the original compilation and editorial work by Luca Valente. Underlying third-party data retain their source terms, including Coin Metrics CC BY-NC 4.0 where indicated; this export does not replace those terms."
revenue_quality,2026-10-05,/blocchi/2/tabella/righe/21/6,null,"DefiLlama (fees, revenue)","""2026-10-04""",CC BY 4.0,https://creativecommons.org/licenses/by/4.0/,Luca Valente,"CC BY 4.0 applies to the original compilation and editorial work by Luca Valente. Underlying third-party data retain their source terms, including Coin Metrics CC BY-NC 4.0 where indicated; this export does not replace those terms."
revenue_quality,2026-10-05,/blocchi/2/tabella/righe/21/7,null,"DefiLlama (fees, revenue)","""2026-10-04""",CC BY 4.0,https://creativecommons.org/licenses/by/4.0/,Luca Valente,"CC BY 4.0 applies to the original compilation and editorial work by Luca Valente. Underlying third-party data retain their source terms, including Coin Metrics CC BY-NC 4.0 where indicated; this export does not replace those terms."
revenue_quality,2026-10-05,/blocchi/2/tabella/righe/22/0,"""Jupiter Lend""","DefiLlama (fees, revenue)","""2026-10-04""",CC BY 4.0,https://creativecommons.org/licenses/by/4.0/,Luca Valente,"CC BY 4.0 applies to the original compilation and editorial work by Luca Valente. Underlying third-party data retain their source terms, including Coin Metrics CC BY-NC 4.0 where indicated; this export does not replace those terms."
revenue_quality,2026-10-05,/blocchi/2/tabella/righe/22/1,"""Lending""","DefiLlama (fees, revenue)","""2026-10-04""",CC BY 4.0,https://creativecommons.org/licenses/by/4.0/,Luca Valente,"CC BY 4.0 applies to the original compilation and editorial work by Luca Valente. Underlying third-party data retain their source terms, including Coin Metrics CC BY-NC 4.0 where indicated; this export does not replace those terms."
revenue_quality,2026-10-05,/blocchi/2/tabella/righe/22/2,3897906,"DefiLlama (fees, revenue)","""2026-10-04""",CC BY 4.0,https://creativecommons.org/licenses/by/4.0/,Luca Valente,"CC BY 4.0 applies to the original compilation and editorial work by Luca Valente. Underlying third-party data retain their source terms, including Coin Metrics CC BY-NC 4.0 where indicated; this export does not replace those terms."
revenue_quality,2026-10-05,/blocchi/2/tabella/righe/22/3,1.0,"DefiLlama (fees, revenue)","""2026-10-04""",CC BY 4.0,https://creativecommons.org/licenses/by/4.0/,Luca Valente,"CC BY 4.0 applies to the original compilation and editorial work by Luca Valente. Underlying third-party data retain their source terms, including Coin Metrics CC BY-NC 4.0 where indicated; this export does not replace those terms."
revenue_quality,2026-10-05,/blocchi/2/tabella/righe/22/4,0,"DefiLlama (fees, revenue)","""2026-10-04""",CC BY 4.0,https://creativecommons.org/licenses/by/4.0/,Luca Valente,"CC BY 4.0 applies to the original compilation and editorial work by Luca Valente. Underlying third-party data retain their source terms, including Coin Metrics CC BY-NC 4.0 where indicated; this export does not replace those terms."
revenue_quality,2026-10-05,/blocchi/2/tabella/righe/22/5,"""""","DefiLlama (fees, revenue)","""2026-10-04""",CC BY 4.0,https://creativecommons.org/licenses/by/4.0/,Luca Valente,"CC BY 4.0 applies to the original compilation and editorial work by Luca Valente. Underlying third-party data retain their source terms, including Coin Metrics CC BY-NC 4.0 where indicated; this export does not replace those terms."
revenue_quality,2026-10-05,/blocchi/2/tabella/righe/22/6,1.0,"DefiLlama (fees, revenue)","""2026-10-04""",CC BY 4.0,https://creativecommons.org/licenses/by/4.0/,Luca Valente,"CC BY 4.0 applies to the original compilation and editorial work by Luca Valente. Underlying third-party data retain their source terms, including Coin Metrics CC BY-NC 4.0 where indicated; this export does not replace those terms."
revenue_quality,2026-10-05,/blocchi/2/tabella/righe/22/7,0,"DefiLlama (fees, revenue)","""2026-10-04""",CC BY 4.0,https://creativecommons.org/licenses/by/4.0/,Luca Valente,"CC BY 4.0 applies to the original compilation and editorial work by Luca Valente. Underlying third-party data retain their source terms, including Coin Metrics CC BY-NC 4.0 where indicated; this export does not replace those terms."
revenue_quality,2026-10-05,/blocchi/2/tabella/righe/23/0,"""Curve DEX""","DefiLlama (fees, revenue)","""2026-10-04""",CC BY 4.0,https://creativecommons.org/licenses/by/4.0/,Luca Valente,"CC BY 4.0 applies to the original compilation and editorial work by Luca Valente. Underlying third-party data retain their source terms, including Coin Metrics CC BY-NC 4.0 where indicated; this export does not replace those terms."
revenue_quality,2026-10-05,/blocchi/2/tabella/righe/23/1,"""DEXs""","DefiLlama (fees, revenue)","""2026-10-04""",CC BY 4.0,https://creativecommons.org/licenses/by/4.0/,Luca Valente,"CC BY 4.0 applies to the original compilation and editorial work by Luca Valente. Underlying third-party data retain their source terms, including Coin Metrics CC BY-NC 4.0 where indicated; this export does not replace those terms."
revenue_quality,2026-10-05,/blocchi/2/tabella/righe/23/2,3419995,"DefiLlama (fees, revenue)","""2026-10-04""",CC BY 4.0,https://creativecommons.org/licenses/by/4.0/,Luca Valente,"CC BY 4.0 applies to the original compilation and editorial work by Luca Valente. Underlying third-party data retain their source terms, including Coin Metrics CC BY-NC 4.0 where indicated; this export does not replace those terms."
revenue_quality,2026-10-05,/blocchi/2/tabella/righe/23/3,0.6632,"DefiLlama (fees, revenue)","""2026-10-04""",CC BY 4.0,https://creativecommons.org/licenses/by/4.0/,Luca Valente,"CC BY 4.0 applies to the original compilation and editorial work by Luca Valente. Underlying third-party data retain their source terms, including Coin Metrics CC BY-NC 4.0 where indicated; this export does not replace those terms."
revenue_quality,2026-10-05,/blocchi/2/tabella/righe/23/4,4,"DefiLlama (fees, revenue)","""2026-10-04""",CC BY 4.0,https://creativecommons.org/licenses/by/4.0/,Luca Valente,"CC BY 4.0 applies to the original compilation and editorial work by Luca Valente. Underlying third-party data retain their source terms, including Coin Metrics CC BY-NC 4.0 where indicated; this export does not replace those terms."
revenue_quality,2026-10-05,/blocchi/2/tabella/righe/23/5,"""""","DefiLlama (fees, revenue)","""2026-10-04""",CC BY 4.0,https://creativecommons.org/licenses/by/4.0/,Luca Valente,"CC BY 4.0 applies to the original compilation and editorial work by Luca Valente. Underlying third-party data retain their source terms, including Coin Metrics CC BY-NC 4.0 where indicated; this export does not replace those terms."
revenue_quality,2026-10-05,/blocchi/2/tabella/righe/23/6,0.1952,"DefiLlama (fees, revenue)","""2026-10-04""",CC BY 4.0,https://creativecommons.org/licenses/by/4.0/,Luca Valente,"CC BY 4.0 applies to the original compilation and editorial work by Luca Valente. Underlying third-party data retain their source terms, including Coin Metrics CC BY-NC 4.0 where indicated; this export does not replace those terms."
revenue_quality,2026-10-05,/blocchi/2/tabella/righe/23/7,6,"DefiLlama (fees, revenue)","""2026-10-04""",CC BY 4.0,https://creativecommons.org/licenses/by/4.0/,Luca Valente,"CC BY 4.0 applies to the original compilation and editorial work by Luca Valente. Underlying third-party data retain their source terms, including Coin Metrics CC BY-NC 4.0 where indicated; this export does not replace those terms."
revenue_quality,2026-10-05,/blocchi/2/tabella/righe/24/0,"""Rocket Pool""","DefiLlama (fees, revenue)","""2026-10-04""",CC BY 4.0,https://creativecommons.org/licenses/by/4.0/,Luca Valente,"CC BY 4.0 applies to the original compilation and editorial work by Luca Valente. Underlying third-party data retain their source terms, including Coin Metrics CC BY-NC 4.0 where indicated; this export does not replace those terms."
revenue_quality,2026-10-05,/blocchi/2/tabella/righe/24/1,"""Liquid staking""","DefiLlama (fees, revenue)","""2026-10-04""",CC BY 4.0,https://creativecommons.org/licenses/by/4.0/,Luca Valente,"CC BY 4.0 applies to the original compilation and editorial work by Luca Valente. Underlying third-party data retain their source terms, including Coin Metrics CC BY-NC 4.0 where indicated; this export does not replace those terms."
revenue_quality,2026-10-05,/blocchi/2/tabella/righe/24/2,2917082,"DefiLlama (fees, revenue)","""2026-10-04""",CC BY 4.0,https://creativecommons.org/licenses/by/4.0/,Luca Valente,"CC BY 4.0 applies to the original compilation and editorial work by Luca Valente. Underlying third-party data retain their source terms, including Coin Metrics CC BY-NC 4.0 where indicated; this export does not replace those terms."
revenue_quality,2026-10-05,/blocchi/2/tabella/righe/24/3,0.6101,"DefiLlama (fees, revenue)","""2026-10-04""",CC BY 4.0,https://creativecommons.org/licenses/by/4.0/,Luca Valente,"CC BY 4.0 applies to the original compilation and editorial work by Luca Valente. Underlying third-party data retain their source terms, including Coin Metrics CC BY-NC 4.0 where indicated; this export does not replace those terms."
revenue_quality,2026-10-05,/blocchi/2/tabella/righe/24/4,4,"DefiLlama (fees, revenue)","""2026-10-04""",CC BY 4.0,https://creativecommons.org/licenses/by/4.0/,Luca Valente,"CC BY 4.0 applies to the original compilation and editorial work by Luca Valente. Underlying third-party data retain their source terms, including Coin Metrics CC BY-NC 4.0 where indicated; this export does not replace those terms."
revenue_quality,2026-10-05,/blocchi/2/tabella/righe/24/5,"""""","DefiLlama (fees, revenue)","""2026-10-04""",CC BY 4.0,https://creativecommons.org/licenses/by/4.0/,Luca Valente,"CC BY 4.0 applies to the original compilation and editorial work by Luca Valente. Underlying third-party data retain their source terms, including Coin Metrics CC BY-NC 4.0 where indicated; this export does not replace those terms."
revenue_quality,2026-10-05,/blocchi/2/tabella/righe/24/6,null,"DefiLlama (fees, revenue)","""2026-10-04""",CC BY 4.0,https://creativecommons.org/licenses/by/4.0/,Luca Valente,"CC BY 4.0 applies to the original compilation and editorial work by Luca Valente. Underlying third-party data retain their source terms, including Coin Metrics CC BY-NC 4.0 where indicated; this export does not replace those terms."
revenue_quality,2026-10-05,/blocchi/2/tabella/righe/24/7,null,"DefiLlama (fees, revenue)","""2026-10-04""",CC BY 4.0,https://creativecommons.org/licenses/by/4.0/,Luca Valente,"CC BY 4.0 applies to the original compilation and editorial work by Luca Valente. Underlying third-party data retain their source terms, including Coin Metrics CC BY-NC 4.0 where indicated; this export does not replace those terms."
revenue_quality,2026-10-05,/blocchi/2/tabella/righe/25/0,"""Compound V3""","DefiLlama (fees, revenue)","""2026-10-04""",CC BY 4.0,https://creativecommons.org/licenses/by/4.0/,Luca Valente,"CC BY 4.0 applies to the original compilation and editorial work by Luca Valente. Underlying third-party data retain their source terms, including Coin Metrics CC BY-NC 4.0 where indicated; this export does not replace those terms."
revenue_quality,2026-10-05,/blocchi/2/tabella/righe/25/1,"""Lending""","DefiLlama (fees, revenue)","""2026-10-04""",CC BY 4.0,https://creativecommons.org/licenses/by/4.0/,Luca Valente,"CC BY 4.0 applies to the original compilation and editorial work by Luca Valente. Underlying third-party data retain their source terms, including Coin Metrics CC BY-NC 4.0 where indicated; this export does not replace those terms."
revenue_quality,2026-10-05,/blocchi/2/tabella/righe/25/2,2386352,"DefiLlama (fees, revenue)","""2026-10-04""",CC BY 4.0,https://creativecommons.org/licenses/by/4.0/,Luca Valente,"CC BY 4.0 applies to the original compilation and editorial work by Luca Valente. Underlying third-party data retain their source terms, including Coin Metrics CC BY-NC 4.0 where indicated; this export does not replace those terms."
revenue_quality,2026-10-05,/blocchi/2/tabella/righe/25/3,1.0,"DefiLlama (fees, revenue)","""2026-10-04""",CC BY 4.0,https://creativecommons.org/licenses/by/4.0/,Luca Valente,"CC BY 4.0 applies to the original compilation and editorial work by Luca Valente. Underlying third-party data retain their source terms, including Coin Metrics CC BY-NC 4.0 where indicated; this export does not replace those terms."
revenue_quality,2026-10-05,/blocchi/2/tabella/righe/25/4,0,"DefiLlama (fees, revenue)","""2026-10-04""",CC BY 4.0,https://creativecommons.org/licenses/by/4.0/,Luca Valente,"CC BY 4.0 applies to the original compilation and editorial work by Luca Valente. Underlying third-party data retain their source terms, including Coin Metrics CC BY-NC 4.0 where indicated; this export does not replace those terms."
revenue_quality,2026-10-05,/blocchi/2/tabella/righe/25/5,"""""","DefiLlama (fees, revenue)","""2026-10-04""",CC BY 4.0,https://creativecommons.org/licenses/by/4.0/,Luca Valente,"CC BY 4.0 applies to the original compilation and editorial work by Luca Valente. Underlying third-party data retain their source terms, including Coin Metrics CC BY-NC 4.0 where indicated; this export does not replace those terms."
revenue_quality,2026-10-05,/blocchi/2/tabella/righe/25/6,1.0,"DefiLlama (fees, revenue)","""2026-10-04""",CC BY 4.0,https://creativecommons.org/licenses/by/4.0/,Luca Valente,"CC BY 4.0 applies to the original compilation and editorial work by Luca Valente. Underlying third-party data retain their source terms, including Coin Metrics CC BY-NC 4.0 where indicated; this export does not replace those terms."
revenue_quality,2026-10-05,/blocchi/2/tabella/righe/25/7,0,"DefiLlama (fees, revenue)","""2026-10-04""",CC BY 4.0,https://creativecommons.org/licenses/by/4.0/,Luca Valente,"CC BY 4.0 applies to the original compilation and editorial work by Luca Valente. Underlying third-party data retain their source terms, including Coin Metrics CC BY-NC 4.0 where indicated; this export does not replace those terms."
revenue_quality,2026-10-05,/blocchi/2/tabella/righe/26/0,"""Convex Finance""","DefiLlama (fees, revenue)","""2026-10-04""",CC BY 4.0,https://creativecommons.org/licenses/by/4.0/,Luca Valente,"CC BY 4.0 applies to the original compilation and editorial work by Luca Valente. Underlying third-party data retain their source terms, including Coin Metrics CC BY-NC 4.0 where indicated; this export does not replace those terms."
revenue_quality,2026-10-05,/blocchi/2/tabella/righe/26/1,"""Yield""","DefiLlama (fees, revenue)","""2026-10-04""",CC BY 4.0,https://creativecommons.org/licenses/by/4.0/,Luca Valente,"CC BY 4.0 applies to the original compilation and editorial work by Luca Valente. Underlying third-party data retain their source terms, including Coin Metrics CC BY-NC 4.0 where indicated; this export does not replace those terms."
revenue_quality,2026-10-05,/blocchi/2/tabella/righe/26/2,2374918,"DefiLlama (fees, revenue)","""2026-10-04""",CC BY 4.0,https://creativecommons.org/licenses/by/4.0/,Luca Valente,"CC BY 4.0 applies to the original compilation and editorial work by Luca Valente. Underlying third-party data retain their source terms, including Coin Metrics CC BY-NC 4.0 where indicated; this export does not replace those terms."
revenue_quality,2026-10-05,/blocchi/2/tabella/righe/26/3,0.6928,"DefiLlama (fees, revenue)","""2026-10-04""",CC BY 4.0,https://creativecommons.org/licenses/by/4.0/,Luca Valente,"CC BY 4.0 applies to the original compilation and editorial work by Luca Valente. Underlying third-party data retain their source terms, including Coin Metrics CC BY-NC 4.0 where indicated; this export does not replace those terms."
revenue_quality,2026-10-05,/blocchi/2/tabella/righe/26/4,2,"DefiLlama (fees, revenue)","""2026-10-04""",CC BY 4.0,https://creativecommons.org/licenses/by/4.0/,Luca Valente,"CC BY 4.0 applies to the original compilation and editorial work by Luca Valente. Underlying third-party data retain their source terms, including Coin Metrics CC BY-NC 4.0 where indicated; this export does not replace those terms."
revenue_quality,2026-10-05,/blocchi/2/tabella/righe/26/5,"""""","DefiLlama (fees, revenue)","""2026-10-04""",CC BY 4.0,https://creativecommons.org/licenses/by/4.0/,Luca Valente,"CC BY 4.0 applies to the original compilation and editorial work by Luca Valente. Underlying third-party data retain their source terms, including Coin Metrics CC BY-NC 4.0 where indicated; this export does not replace those terms."
revenue_quality,2026-10-05,/blocchi/2/tabella/righe/26/6,0.309,"DefiLlama (fees, revenue)","""2026-10-04""",CC BY 4.0,https://creativecommons.org/licenses/by/4.0/,Luca Valente,"CC BY 4.0 applies to the original compilation and editorial work by Luca Valente. Underlying third-party data retain their source terms, including Coin Metrics CC BY-NC 4.0 where indicated; this export does not replace those terms."
revenue_quality,2026-10-05,/blocchi/2/tabella/righe/26/7,2,"DefiLlama (fees, revenue)","""2026-10-04""",CC BY 4.0,https://creativecommons.org/licenses/by/4.0/,Luca Valente,"CC BY 4.0 applies to the original compilation and editorial work by Luca Valente. Underlying third-party data retain their source terms, including Coin Metrics CC BY-NC 4.0 where indicated; this export does not replace those terms."
revenue_quality,2026-10-05,/blocchi/2/tabella/righe/27/0,"""Kelp""","DefiLlama (fees, revenue)","""2026-10-04""",CC BY 4.0,https://creativecommons.org/licenses/by/4.0/,Luca Valente,"CC BY 4.0 applies to the original compilation and editorial work by Luca Valente. Underlying third-party data retain their source terms, including Coin Metrics CC BY-NC 4.0 where indicated; this export does not replace those terms."
revenue_quality,2026-10-05,/blocchi/2/tabella/righe/27/1,"""Liquid restaking""","DefiLlama (fees, revenue)","""2026-10-04""",CC BY 4.0,https://creativecommons.org/licenses/by/4.0/,Luca Valente,"CC BY 4.0 applies to the original compilation and editorial work by Luca Valente. Underlying third-party data retain their source terms, including Coin Metrics CC BY-NC 4.0 where indicated; this export does not replace those terms."
revenue_quality,2026-10-05,/blocchi/2/tabella/righe/27/2,2283393,"DefiLlama (fees, revenue)","""2026-10-04""",CC BY 4.0,https://creativecommons.org/licenses/by/4.0/,Luca Valente,"CC BY 4.0 applies to the original compilation and editorial work by Luca Valente. Underlying third-party data retain their source terms, including Coin Metrics CC BY-NC 4.0 where indicated; this export does not replace those terms."
revenue_quality,2026-10-05,/blocchi/2/tabella/righe/27/3,0.5985,"DefiLlama (fees, revenue)","""2026-10-04""",CC BY 4.0,https://creativecommons.org/licenses/by/4.0/,Luca Valente,"CC BY 4.0 applies to the original compilation and editorial work by Luca Valente. Underlying third-party data retain their source terms, including Coin Metrics CC BY-NC 4.0 where indicated; this export does not replace those terms."
revenue_quality,2026-10-05,/blocchi/2/tabella/righe/27/4,5,"DefiLlama (fees, revenue)","""2026-10-04""",CC BY 4.0,https://creativecommons.org/licenses/by/4.0/,Luca Valente,"CC BY 4.0 applies to the original compilation and editorial work by Luca Valente. Underlying third-party data retain their source terms, including Coin Metrics CC BY-NC 4.0 where indicated; this export does not replace those terms."
revenue_quality,2026-10-05,/blocchi/2/tabella/righe/27/5,"""""","DefiLlama (fees, revenue)","""2026-10-04""",CC BY 4.0,https://creativecommons.org/licenses/by/4.0/,Luca Valente,"CC BY 4.0 applies to the original compilation and editorial work by Luca Valente. Underlying third-party data retain their source terms, including Coin Metrics CC BY-NC 4.0 where indicated; this export does not replace those terms."
revenue_quality,2026-10-05,/blocchi/2/tabella/righe/27/6,0.7351,"DefiLlama (fees, revenue)","""2026-10-04""",CC BY 4.0,https://creativecommons.org/licenses/by/4.0/,Luca Valente,"CC BY 4.0 applies to the original compilation and editorial work by Luca Valente. Underlying third-party data retain their source terms, including Coin Metrics CC BY-NC 4.0 where indicated; this export does not replace those terms."
revenue_quality,2026-10-05,/blocchi/2/tabella/righe/27/7,3,"DefiLlama (fees, revenue)","""2026-10-04""",CC BY 4.0,https://creativecommons.org/licenses/by/4.0/,Luca Valente,"CC BY 4.0 applies to the original compilation and editorial work by Luca Valente. Underlying third-party data retain their source terms, including Coin Metrics CC BY-NC 4.0 where indicated; this export does not replace those terms."
revenue_quality,2026-10-05,/blocchi/2/tabella/righe/28/0,"""Kinetiq kHYPE""","DefiLlama (fees, revenue)","""2026-10-04""",CC BY 4.0,https://creativecommons.org/licenses/by/4.0/,Luca Valente,"CC BY 4.0 applies to the original compilation and editorial work by Luca Valente. Underlying third-party data retain their source terms, including Coin Metrics CC BY-NC 4.0 where indicated; this export does not replace those terms."
revenue_quality,2026-10-05,/blocchi/2/tabella/righe/28/1,"""Liquid staking""","DefiLlama (fees, revenue)","""2026-10-04""",CC BY 4.0,https://creativecommons.org/licenses/by/4.0/,Luca Valente,"CC BY 4.0 applies to the original compilation and editorial work by Luca Valente. Underlying third-party data retain their source terms, including Coin Metrics CC BY-NC 4.0 where indicated; this export does not replace those terms."
revenue_quality,2026-10-05,/blocchi/2/tabella/righe/28/2,1871326,"DefiLlama (fees, revenue)","""2026-10-04""",CC BY 4.0,https://creativecommons.org/licenses/by/4.0/,Luca Valente,"CC BY 4.0 applies to the original compilation and editorial work by Luca Valente. Underlying third-party data retain their source terms, including Coin Metrics CC BY-NC 4.0 where indicated; this export does not replace those terms."
revenue_quality,2026-10-05,/blocchi/2/tabella/righe/28/3,1.0,"DefiLlama (fees, revenue)","""2026-10-04""",CC BY 4.0,https://creativecommons.org/licenses/by/4.0/,Luca Valente,"CC BY 4.0 applies to the original compilation and editorial work by Luca Valente. Underlying third-party data retain their source terms, including Coin Metrics CC BY-NC 4.0 where indicated; this export does not replace those terms."
revenue_quality,2026-10-05,/blocchi/2/tabella/righe/28/4,0,"DefiLlama (fees, revenue)","""2026-10-04""",CC BY 4.0,https://creativecommons.org/licenses/by/4.0/,Luca Valente,"CC BY 4.0 applies to the original compilation and editorial work by Luca Valente. Underlying third-party data retain their source terms, including Coin Metrics CC BY-NC 4.0 where indicated; this export does not replace those terms."
revenue_quality,2026-10-05,/blocchi/2/tabella/righe/28/5,"""""","DefiLlama (fees, revenue)","""2026-10-04""",CC BY 4.0,https://creativecommons.org/licenses/by/4.0/,Luca Valente,"CC BY 4.0 applies to the original compilation and editorial work by Luca Valente. Underlying third-party data retain their source terms, including Coin Metrics CC BY-NC 4.0 where indicated; this export does not replace those terms."
revenue_quality,2026-10-05,/blocchi/2/tabella/righe/28/6,1.0,"DefiLlama (fees, revenue)","""2026-10-04""",CC BY 4.0,https://creativecommons.org/licenses/by/4.0/,Luca Valente,"CC BY 4.0 applies to the original compilation and editorial work by Luca Valente. Underlying third-party data retain their source terms, including Coin Metrics CC BY-NC 4.0 where indicated; this export does not replace those terms."
revenue_quality,2026-10-05,/blocchi/2/tabella/righe/28/7,0,"DefiLlama (fees, revenue)","""2026-10-04""",CC BY 4.0,https://creativecommons.org/licenses/by/4.0/,Luca Valente,"CC BY 4.0 applies to the original compilation and editorial work by Luca Valente. Underlying third-party data retain their source terms, including Coin Metrics CC BY-NC 4.0 where indicated; this export does not replace those terms."
revenue_quality,2026-10-05,/blocchi/2/tabella/righe/29/0,"""Euler V2""","DefiLlama (fees, revenue)","""2026-10-04""",CC BY 4.0,https://creativecommons.org/licenses/by/4.0/,Luca Valente,"CC BY 4.0 applies to the original compilation and editorial work by Luca Valente. Underlying third-party data retain their source terms, including Coin Metrics CC BY-NC 4.0 where indicated; this export does not replace those terms."
revenue_quality,2026-10-05,/blocchi/2/tabella/righe/29/1,"""Lending""","DefiLlama (fees, revenue)","""2026-10-04""",CC BY 4.0,https://creativecommons.org/licenses/by/4.0/,Luca Valente,"CC BY 4.0 applies to the original compilation and editorial work by Luca Valente. Underlying third-party data retain their source terms, including Coin Metrics CC BY-NC 4.0 where indicated; this export does not replace those terms."
revenue_quality,2026-10-05,/blocchi/2/tabella/righe/29/2,1747344,"DefiLlama (fees, revenue)","""2026-10-04""",CC BY 4.0,https://creativecommons.org/licenses/by/4.0/,Luca Valente,"CC BY 4.0 applies to the original compilation and editorial work by Luca Valente. Underlying third-party data retain their source terms, including Coin Metrics CC BY-NC 4.0 where indicated; this export does not replace those terms."
revenue_quality,2026-10-05,/blocchi/2/tabella/righe/29/3,1.0,"DefiLlama (fees, revenue)","""2026-10-04""",CC BY 4.0,https://creativecommons.org/licenses/by/4.0/,Luca Valente,"CC BY 4.0 applies to the original compilation and editorial work by Luca Valente. Underlying third-party data retain their source terms, including Coin Metrics CC BY-NC 4.0 where indicated; this export does not replace those terms."
revenue_quality,2026-10-05,/blocchi/2/tabella/righe/29/4,0,"DefiLlama (fees, revenue)","""2026-10-04""",CC BY 4.0,https://creativecommons.org/licenses/by/4.0/,Luca Valente,"CC BY 4.0 applies to the original compilation and editorial work by Luca Valente. Underlying third-party data retain their source terms, including Coin Metrics CC BY-NC 4.0 where indicated; this export does not replace those terms."
revenue_quality,2026-10-05,/blocchi/2/tabella/righe/29/5,"""""","DefiLlama (fees, revenue)","""2026-10-04""",CC BY 4.0,https://creativecommons.org/licenses/by/4.0/,Luca Valente,"CC BY 4.0 applies to the original compilation and editorial work by Luca Valente. Underlying third-party data retain their source terms, including Coin Metrics CC BY-NC 4.0 where indicated; this export does not replace those terms."
revenue_quality,2026-10-05,/blocchi/2/tabella/righe/29/6,1.0,"DefiLlama (fees, revenue)","""2026-10-04""",CC BY 4.0,https://creativecommons.org/licenses/by/4.0/,Luca Valente,"CC BY 4.0 applies to the original compilation and editorial work by Luca Valente. Underlying third-party data retain their source terms, including Coin Metrics CC BY-NC 4.0 where indicated; this export does not replace those terms."
revenue_quality,2026-10-05,/blocchi/2/tabella/righe/29/7,0,"DefiLlama (fees, revenue)","""2026-10-04""",CC BY 4.0,https://creativecommons.org/licenses/by/4.0/,Luca Valente,"CC BY 4.0 applies to the original compilation and editorial work by Luca Valente. Underlying third-party data retain their source terms, including Coin Metrics CC BY-NC 4.0 where indicated; this export does not replace those terms."
revenue_quality,2026-10-05,/blocchi/2/tabella/righe/30/0,"""Lombard LBTC""","DefiLlama (fees, revenue)","""2026-10-04""",CC BY 4.0,https://creativecommons.org/licenses/by/4.0/,Luca Valente,"CC BY 4.0 applies to the original compilation and editorial work by Luca Valente. Underlying third-party data retain their source terms, including Coin Metrics CC BY-NC 4.0 where indicated; this export does not replace those terms."
revenue_quality,2026-10-05,/blocchi/2/tabella/righe/30/1,"""Restaked BTC""","DefiLlama (fees, revenue)","""2026-10-04""",CC BY 4.0,https://creativecommons.org/licenses/by/4.0/,Luca Valente,"CC BY 4.0 applies to the original compilation and editorial work by Luca Valente. Underlying third-party data retain their source terms, including Coin Metrics CC BY-NC 4.0 where indicated; this export does not replace those terms."
revenue_quality,2026-10-05,/blocchi/2/tabella/righe/30/2,1670226,"DefiLlama (fees, revenue)","""2026-10-04""",CC BY 4.0,https://creativecommons.org/licenses/by/4.0/,Luca Valente,"CC BY 4.0 applies to the original compilation and editorial work by Luca Valente. Underlying third-party data retain their source terms, including Coin Metrics CC BY-NC 4.0 where indicated; this export does not replace those terms."
revenue_quality,2026-10-05,/blocchi/2/tabella/righe/30/3,0.286,"DefiLlama (fees, revenue)","""2026-10-04""",CC BY 4.0,https://creativecommons.org/licenses/by/4.0/,Luca Valente,"CC BY 4.0 applies to the original compilation and editorial work by Luca Valente. Underlying third-party data retain their source terms, including Coin Metrics CC BY-NC 4.0 where indicated; this export does not replace those terms."
revenue_quality,2026-10-05,/blocchi/2/tabella/righe/30/4,7,"DefiLlama (fees, revenue)","""2026-10-04""",CC BY 4.0,https://creativecommons.org/licenses/by/4.0/,Luca Valente,"CC BY 4.0 applies to the original compilation and editorial work by Luca Valente. Underlying third-party data retain their source terms, including Coin Metrics CC BY-NC 4.0 where indicated; this export does not replace those terms."
revenue_quality,2026-10-05,/blocchi/2/tabella/righe/30/5,"""""","DefiLlama (fees, revenue)","""2026-10-04""",CC BY 4.0,https://creativecommons.org/licenses/by/4.0/,Luca Valente,"CC BY 4.0 applies to the original compilation and editorial work by Luca Valente. Underlying third-party data retain their source terms, including Coin Metrics CC BY-NC 4.0 where indicated; this export does not replace those terms."
revenue_quality,2026-10-05,/blocchi/2/tabella/righe/30/6,0.286,"DefiLlama (fees, revenue)","""2026-10-04""",CC BY 4.0,https://creativecommons.org/licenses/by/4.0/,Luca Valente,"CC BY 4.0 applies to the original compilation and editorial work by Luca Valente. Underlying third-party data retain their source terms, including Coin Metrics CC BY-NC 4.0 where indicated; this export does not replace those terms."
revenue_quality,2026-10-05,/blocchi/2/tabella/righe/30/7,7,"DefiLlama (fees, revenue)","""2026-10-04""",CC BY 4.0,https://creativecommons.org/licenses/by/4.0/,Luca Valente,"CC BY 4.0 applies to the original compilation and editorial work by Luca Valente. Underlying third-party data retain their source terms, including Coin Metrics CC BY-NC 4.0 where indicated; this export does not replace those terms."
revenue_quality,2026-10-05,/blocchi/2/tabella/righe/31/0,"""Venus Core Pool""","DefiLlama (fees, revenue)","""2026-10-04""",CC BY 4.0,https://creativecommons.org/licenses/by/4.0/,Luca Valente,"CC BY 4.0 applies to the original compilation and editorial work by Luca Valente. Underlying third-party data retain their source terms, including Coin Metrics CC BY-NC 4.0 where indicated; this export does not replace those terms."
revenue_quality,2026-10-05,/blocchi/2/tabella/righe/31/1,"""Lending""","DefiLlama (fees, revenue)","""2026-10-04""",CC BY 4.0,https://creativecommons.org/licenses/by/4.0/,Luca Valente,"CC BY 4.0 applies to the original compilation and editorial work by Luca Valente. Underlying third-party data retain their source terms, including Coin Metrics CC BY-NC 4.0 where indicated; this export does not replace those terms."
revenue_quality,2026-10-05,/blocchi/2/tabella/righe/31/2,1532817,"DefiLlama (fees, revenue)","""2026-10-04""",CC BY 4.0,https://creativecommons.org/licenses/by/4.0/,Luca Valente,"CC BY 4.0 applies to the original compilation and editorial work by Luca Valente. Underlying third-party data retain their source terms, including Coin Metrics CC BY-NC 4.0 where indicated; this export does not replace those terms."
revenue_quality,2026-10-05,/blocchi/2/tabella/righe/31/3,0.7539,"DefiLlama (fees, revenue)","""2026-10-04""",CC BY 4.0,https://creativecommons.org/licenses/by/4.0/,Luca Valente,"CC BY 4.0 applies to the original compilation and editorial work by Luca Valente. Underlying third-party data retain their source terms, including Coin Metrics CC BY-NC 4.0 where indicated; this export does not replace those terms."
revenue_quality,2026-10-05,/blocchi/2/tabella/righe/31/4,2,"DefiLlama (fees, revenue)","""2026-10-04""",CC BY 4.0,https://creativecommons.org/licenses/by/4.0/,Luca Valente,"CC BY 4.0 applies to the original compilation and editorial work by Luca Valente. Underlying third-party data retain their source terms, including Coin Metrics CC BY-NC 4.0 where indicated; this export does not replace those terms."
revenue_quality,2026-10-05,/blocchi/2/tabella/righe/31/5,"""""","DefiLlama (fees, revenue)","""2026-10-04""",CC BY 4.0,https://creativecommons.org/licenses/by/4.0/,Luca Valente,"CC BY 4.0 applies to the original compilation and editorial work by Luca Valente. Underlying third-party data retain their source terms, including Coin Metrics CC BY-NC 4.0 where indicated; this export does not replace those terms."
revenue_quality,2026-10-05,/blocchi/2/tabella/righe/31/6,0.3116,"DefiLlama (fees, revenue)","""2026-10-04""",CC BY 4.0,https://creativecommons.org/licenses/by/4.0/,Luca Valente,"CC BY 4.0 applies to the original compilation and editorial work by Luca Valente. Underlying third-party data retain their source terms, including Coin Metrics CC BY-NC 4.0 where indicated; this export does not replace those terms."
revenue_quality,2026-10-05,/blocchi/2/tabella/righe/31/7,7,"DefiLlama (fees, revenue)","""2026-10-04""",CC BY 4.0,https://creativecommons.org/licenses/by/4.0/,Luca Valente,"CC BY 4.0 applies to the original compilation and editorial work by Luca Valente. Underlying third-party data retain their source terms, including Coin Metrics CC BY-NC 4.0 where indicated; this export does not replace those terms."
revenue_quality,2026-10-05,/blocchi/2/tabella/righe/32/0,"""JustLend V1""","DefiLlama (fees, revenue)","""2026-10-04""",CC BY 4.0,https://creativecommons.org/licenses/by/4.0/,Luca Valente,"CC BY 4.0 applies to the original compilation and editorial work by Luca Valente. Underlying third-party data retain their source terms, including Coin Metrics CC BY-NC 4.0 where indicated; this export does not replace those terms."
revenue_quality,2026-10-05,/blocchi/2/tabella/righe/32/1,"""Lending""","DefiLlama (fees, revenue)","""2026-10-04""",CC BY 4.0,https://creativecommons.org/licenses/by/4.0/,Luca Valente,"CC BY 4.0 applies to the original compilation and editorial work by Luca Valente. Underlying third-party data retain their source terms, including Coin Metrics CC BY-NC 4.0 where indicated; this export does not replace those terms."
revenue_quality,2026-10-05,/blocchi/2/tabella/righe/32/2,1510341,"DefiLlama (fees, revenue)","""2026-10-04""",CC BY 4.0,https://creativecommons.org/licenses/by/4.0/,Luca Valente,"CC BY 4.0 applies to the original compilation and editorial work by Luca Valente. Underlying third-party data retain their source terms, including Coin Metrics CC BY-NC 4.0 where indicated; this export does not replace those terms."
revenue_quality,2026-10-05,/blocchi/2/tabella/righe/32/3,1.0,"DefiLlama (fees, revenue)","""2026-10-04""",CC BY 4.0,https://creativecommons.org/licenses/by/4.0/,Luca Valente,"CC BY 4.0 applies to the original compilation and editorial work by Luca Valente. Underlying third-party data retain their source terms, including Coin Metrics CC BY-NC 4.0 where indicated; this export does not replace those terms."
revenue_quality,2026-10-05,/blocchi/2/tabella/righe/32/4,0,"DefiLlama (fees, revenue)","""2026-10-04""",CC BY 4.0,https://creativecommons.org/licenses/by/4.0/,Luca Valente,"CC BY 4.0 applies to the original compilation and editorial work by Luca Valente. Underlying third-party data retain their source terms, including Coin Metrics CC BY-NC 4.0 where indicated; this export does not replace those terms."
revenue_quality,2026-10-05,/blocchi/2/tabella/righe/32/5,"""""","DefiLlama (fees, revenue)","""2026-10-04""",CC BY 4.0,https://creativecommons.org/licenses/by/4.0/,Luca Valente,"CC BY 4.0 applies to the original compilation and editorial work by Luca Valente. Underlying third-party data retain their source terms, including Coin Metrics CC BY-NC 4.0 where indicated; this export does not replace those terms."
revenue_quality,2026-10-05,/blocchi/2/tabella/righe/32/6,1.0,"DefiLlama (fees, revenue)","""2026-10-04""",CC BY 4.0,https://creativecommons.org/licenses/by/4.0/,Luca Valente,"CC BY 4.0 applies to the original compilation and editorial work by Luca Valente. Underlying third-party data retain their source terms, including Coin Metrics CC BY-NC 4.0 where indicated; this export does not replace those terms."
revenue_quality,2026-10-05,/blocchi/2/tabella/righe/32/7,0,"DefiLlama (fees, revenue)","""2026-10-04""",CC BY 4.0,https://creativecommons.org/licenses/by/4.0/,Luca Valente,"CC BY 4.0 applies to the original compilation and editorial work by Luca Valente. Underlying third-party data retain their source terms, including Coin Metrics CC BY-NC 4.0 where indicated; this export does not replace those terms."
revenue_quality,2026-10-05,/blocchi/2/tabella/righe/33/0,"""mETH Protocol""","DefiLlama (fees, revenue)","""2026-10-04""",CC BY 4.0,https://creativecommons.org/licenses/by/4.0/,Luca Valente,"CC BY 4.0 applies to the original compilation and editorial work by Luca Valente. Underlying third-party data retain their source terms, including Coin Metrics CC BY-NC 4.0 where indicated; this export does not replace those terms."
revenue_quality,2026-10-05,/blocchi/2/tabella/righe/33/1,"""Liquid staking""","DefiLlama (fees, revenue)","""2026-10-04""",CC BY 4.0,https://creativecommons.org/licenses/by/4.0/,Luca Valente,"CC BY 4.0 applies to the original compilation and editorial work by Luca Valente. Underlying third-party data retain their source terms, including Coin Metrics CC BY-NC 4.0 where indicated; this export does not replace those terms."
revenue_quality,2026-10-05,/blocchi/2/tabella/righe/33/2,1271731,"DefiLlama (fees, revenue)","""2026-10-04""",CC BY 4.0,https://creativecommons.org/licenses/by/4.0/,Luca Valente,"CC BY 4.0 applies to the original compilation and editorial work by Luca Valente. Underlying third-party data retain their source terms, including Coin Metrics CC BY-NC 4.0 where indicated; this export does not replace those terms."
revenue_quality,2026-10-05,/blocchi/2/tabella/righe/33/3,1.0,"DefiLlama (fees, revenue)","""2026-10-04""",CC BY 4.0,https://creativecommons.org/licenses/by/4.0/,Luca Valente,"CC BY 4.0 applies to the original compilation and editorial work by Luca Valente. Underlying third-party data retain their source terms, including Coin Metrics CC BY-NC 4.0 where indicated; this export does not replace those terms."
revenue_quality,2026-10-05,/blocchi/2/tabella/righe/33/4,0,"DefiLlama (fees, revenue)","""2026-10-04""",CC BY 4.0,https://creativecommons.org/licenses/by/4.0/,Luca Valente,"CC BY 4.0 applies to the original compilation and editorial work by Luca Valente. Underlying third-party data retain their source terms, including Coin Metrics CC BY-NC 4.0 where indicated; this export does not replace those terms."
revenue_quality,2026-10-05,/blocchi/2/tabella/righe/33/5,"""""","DefiLlama (fees, revenue)","""2026-10-04""",CC BY 4.0,https://creativecommons.org/licenses/by/4.0/,Luca Valente,"CC BY 4.0 applies to the original compilation and editorial work by Luca Valente. Underlying third-party data retain their source terms, including Coin Metrics CC BY-NC 4.0 where indicated; this export does not replace those terms."
revenue_quality,2026-10-05,/blocchi/2/tabella/righe/33/6,1.0,"DefiLlama (fees, revenue)","""2026-10-04""",CC BY 4.0,https://creativecommons.org/licenses/by/4.0/,Luca Valente,"CC BY 4.0 applies to the original compilation and editorial work by Luca Valente. Underlying third-party data retain their source terms, including Coin Metrics CC BY-NC 4.0 where indicated; this export does not replace those terms."
revenue_quality,2026-10-05,/blocchi/2/tabella/righe/33/7,0,"DefiLlama (fees, revenue)","""2026-10-04""",CC BY 4.0,https://creativecommons.org/licenses/by/4.0/,Luca Valente,"CC BY 4.0 applies to the original compilation and editorial work by Luca Valente. Underlying third-party data retain their source terms, including Coin Metrics CC BY-NC 4.0 where indicated; this export does not replace those terms."
revenue_quality,2026-10-05,/blocchi/2/tabella/righe/34/0,"""Dolomite""","DefiLlama (fees, revenue)","""2026-10-04""",CC BY 4.0,https://creativecommons.org/licenses/by/4.0/,Luca Valente,"CC BY 4.0 applies to the original compilation and editorial work by Luca Valente. Underlying third-party data retain their source terms, including Coin Metrics CC BY-NC 4.0 where indicated; this export does not replace those terms."
revenue_quality,2026-10-05,/blocchi/2/tabella/righe/34/1,"""Lending""","DefiLlama (fees, revenue)","""2026-10-04""",CC BY 4.0,https://creativecommons.org/licenses/by/4.0/,Luca Valente,"CC BY 4.0 applies to the original compilation and editorial work by Luca Valente. Underlying third-party data retain their source terms, including Coin Metrics CC BY-NC 4.0 where indicated; this export does not replace those terms."
revenue_quality,2026-10-05,/blocchi/2/tabella/righe/34/2,1245505,"DefiLlama (fees, revenue)","""2026-10-04""",CC BY 4.0,https://creativecommons.org/licenses/by/4.0/,Luca Valente,"CC BY 4.0 applies to the original compilation and editorial work by Luca Valente. Underlying third-party data retain their source terms, including Coin Metrics CC BY-NC 4.0 where indicated; this export does not replace those terms."
revenue_quality,2026-10-05,/blocchi/2/tabella/righe/34/3,1.0,"DefiLlama (fees, revenue)","""2026-10-04""",CC BY 4.0,https://creativecommons.org/licenses/by/4.0/,Luca Valente,"CC BY 4.0 applies to the original compilation and editorial work by Luca Valente. Underlying third-party data retain their source terms, including Coin Metrics CC BY-NC 4.0 where indicated; this export does not replace those terms."
revenue_quality,2026-10-05,/blocchi/2/tabella/righe/34/4,0,"DefiLlama (fees, revenue)","""2026-10-04""",CC BY 4.0,https://creativecommons.org/licenses/by/4.0/,Luca Valente,"CC BY 4.0 applies to the original compilation and editorial work by Luca Valente. Underlying third-party data retain their source terms, including Coin Metrics CC BY-NC 4.0 where indicated; this export does not replace those terms."
revenue_quality,2026-10-05,/blocchi/2/tabella/righe/34/5,"""""","DefiLlama (fees, revenue)","""2026-10-04""",CC BY 4.0,https://creativecommons.org/licenses/by/4.0/,Luca Valente,"CC BY 4.0 applies to the original compilation and editorial work by Luca Valente. Underlying third-party data retain their source terms, including Coin Metrics CC BY-NC 4.0 where indicated; this export does not replace those terms."
revenue_quality,2026-10-05,/blocchi/2/tabella/righe/34/6,1.0,"DefiLlama (fees, revenue)","""2026-10-04""",CC BY 4.0,https://creativecommons.org/licenses/by/4.0/,Luca Valente,"CC BY 4.0 applies to the original compilation and editorial work by Luca Valente. Underlying third-party data retain their source terms, including Coin Metrics CC BY-NC 4.0 where indicated; this export does not replace those terms."
revenue_quality,2026-10-05,/blocchi/2/tabella/righe/34/7,0,"DefiLlama (fees, revenue)","""2026-10-04""",CC BY 4.0,https://creativecommons.org/licenses/by/4.0/,Luca Valente,"CC BY 4.0 applies to the original compilation and editorial work by Luca Valente. Underlying third-party data retain their source terms, including Coin Metrics CC BY-NC 4.0 where indicated; this export does not replace those terms."
revenue_quality,2026-10-05,/blocchi/2/tabella/righe/35/0,"""Marinade Liquid Staking""","DefiLlama (fees, revenue)","""2026-10-04""",CC BY 4.0,https://creativecommons.org/licenses/by/4.0/,Luca Valente,"CC BY 4.0 applies to the original compilation and editorial work by Luca Valente. Underlying third-party data retain their source terms, including Coin Metrics CC BY-NC 4.0 where indicated; this export does not replace those terms."
revenue_quality,2026-10-05,/blocchi/2/tabella/righe/35/1,"""Liquid staking""","DefiLlama (fees, revenue)","""2026-10-04""",CC BY 4.0,https://creativecommons.org/licenses/by/4.0/,Luca Valente,"CC BY 4.0 applies to the original compilation and editorial work by Luca Valente. Underlying third-party data retain their source terms, including Coin Metrics CC BY-NC 4.0 where indicated; this export does not replace those terms."
revenue_quality,2026-10-05,/blocchi/2/tabella/righe/35/2,1220065,"DefiLlama (fees, revenue)","""2026-10-04""",CC BY 4.0,https://creativecommons.org/licenses/by/4.0/,Luca Valente,"CC BY 4.0 applies to the original compilation and editorial work by Luca Valente. Underlying third-party data retain their source terms, including Coin Metrics CC BY-NC 4.0 where indicated; this export does not replace those terms."
revenue_quality,2026-10-05,/blocchi/2/tabella/righe/35/3,1.0,"DefiLlama (fees, revenue)","""2026-10-04""",CC BY 4.0,https://creativecommons.org/licenses/by/4.0/,Luca Valente,"CC BY 4.0 applies to the original compilation and editorial work by Luca Valente. Underlying third-party data retain their source terms, including Coin Metrics CC BY-NC 4.0 where indicated; this export does not replace those terms."
revenue_quality,2026-10-05,/blocchi/2/tabella/righe/35/4,0,"DefiLlama (fees, revenue)","""2026-10-04""",CC BY 4.0,https://creativecommons.org/licenses/by/4.0/,Luca Valente,"CC BY 4.0 applies to the original compilation and editorial work by Luca Valente. Underlying third-party data retain their source terms, including Coin Metrics CC BY-NC 4.0 where indicated; this export does not replace those terms."
revenue_quality,2026-10-05,/blocchi/2/tabella/righe/35/5,"""""","DefiLlama (fees, revenue)","""2026-10-04""",CC BY 4.0,https://creativecommons.org/licenses/by/4.0/,Luca Valente,"CC BY 4.0 applies to the original compilation and editorial work by Luca Valente. Underlying third-party data retain their source terms, including Coin Metrics CC BY-NC 4.0 where indicated; this export does not replace those terms."
revenue_quality,2026-10-05,/blocchi/2/tabella/righe/35/6,1.0,"DefiLlama (fees, revenue)","""2026-10-04""",CC BY 4.0,https://creativecommons.org/licenses/by/4.0/,Luca Valente,"CC BY 4.0 applies to the original compilation and editorial work by Luca Valente. Underlying third-party data retain their source terms, including Coin Metrics CC BY-NC 4.0 where indicated; this export does not replace those terms."
revenue_quality,2026-10-05,/blocchi/2/tabella/righe/35/7,0,"DefiLlama (fees, revenue)","""2026-10-04""",CC BY 4.0,https://creativecommons.org/licenses/by/4.0/,Luca Valente,"CC BY 4.0 applies to the original compilation and editorial work by Luca Valente. Underlying third-party data retain their source terms, including Coin Metrics CC BY-NC 4.0 where indicated; this export does not replace those terms."
revenue_quality,2026-10-05,/blocchi/2/tabella/righe/36/0,"""HyperLend Pooled""","DefiLlama (fees, revenue)","""2026-10-04""",CC BY 4.0,https://creativecommons.org/licenses/by/4.0/,Luca Valente,"CC BY 4.0 applies to the original compilation and editorial work by Luca Valente. Underlying third-party data retain their source terms, including Coin Metrics CC BY-NC 4.0 where indicated; this export does not replace those terms."
revenue_quality,2026-10-05,/blocchi/2/tabella/righe/36/1,"""Lending""","DefiLlama (fees, revenue)","""2026-10-04""",CC BY 4.0,https://creativecommons.org/licenses/by/4.0/,Luca Valente,"CC BY 4.0 applies to the original compilation and editorial work by Luca Valente. Underlying third-party data retain their source terms, including Coin Metrics CC BY-NC 4.0 where indicated; this export does not replace those terms."
revenue_quality,2026-10-05,/blocchi/2/tabella/righe/36/2,1190715,"DefiLlama (fees, revenue)","""2026-10-04""",CC BY 4.0,https://creativecommons.org/licenses/by/4.0/,Luca Valente,"CC BY 4.0 applies to the original compilation and editorial work by Luca Valente. Underlying third-party data retain their source terms, including Coin Metrics CC BY-NC 4.0 where indicated; this export does not replace those terms."
revenue_quality,2026-10-05,/blocchi/2/tabella/righe/36/3,0.6312,"DefiLlama (fees, revenue)","""2026-10-04""",CC BY 4.0,https://creativecommons.org/licenses/by/4.0/,Luca Valente,"CC BY 4.0 applies to the original compilation and editorial work by Luca Valente. Underlying third-party data retain their source terms, including Coin Metrics CC BY-NC 4.0 where indicated; this export does not replace those terms."
revenue_quality,2026-10-05,/blocchi/2/tabella/righe/36/4,4,"DefiLlama (fees, revenue)","""2026-10-04""",CC BY 4.0,https://creativecommons.org/licenses/by/4.0/,Luca Valente,"CC BY 4.0 applies to the original compilation and editorial work by Luca Valente. Underlying third-party data retain their source terms, including Coin Metrics CC BY-NC 4.0 where indicated; this export does not replace those terms."
revenue_quality,2026-10-05,/blocchi/2/tabella/righe/36/5,"""""","DefiLlama (fees, revenue)","""2026-10-04""",CC BY 4.0,https://creativecommons.org/licenses/by/4.0/,Luca Valente,"CC BY 4.0 applies to the original compilation and editorial work by Luca Valente. Underlying third-party data retain their source terms, including Coin Metrics CC BY-NC 4.0 where indicated; this export does not replace those terms."
revenue_quality,2026-10-05,/blocchi/2/tabella/righe/36/6,0.3548,"DefiLlama (fees, revenue)","""2026-10-04""",CC BY 4.0,https://creativecommons.org/licenses/by/4.0/,Luca Valente,"CC BY 4.0 applies to the original compilation and editorial work by Luca Valente. Underlying third-party data retain their source terms, including Coin Metrics CC BY-NC 4.0 where indicated; this export does not replace those terms."
revenue_quality,2026-10-05,/blocchi/2/tabella/righe/36/7,8,"DefiLlama (fees, revenue)","""2026-10-04""",CC BY 4.0,https://creativecommons.org/licenses/by/4.0/,Luca Valente,"CC BY 4.0 applies to the original compilation and editorial work by Luca Valente. Underlying third-party data retain their source terms, including Coin Metrics CC BY-NC 4.0 where indicated; this export does not replace those terms."
revenue_quality,2026-10-05,/blocchi/2/tabella/righe/37/0,"""Benqi Staked Avax""","DefiLlama (fees, revenue)","""2026-10-04""",CC BY 4.0,https://creativecommons.org/licenses/by/4.0/,Luca Valente,"CC BY 4.0 applies to the original compilation and editorial work by Luca Valente. Underlying third-party data retain their source terms, including Coin Metrics CC BY-NC 4.0 where indicated; this export does not replace those terms."
revenue_quality,2026-10-05,/blocchi/2/tabella/righe/37/1,"""Liquid staking""","DefiLlama (fees, revenue)","""2026-10-04""",CC BY 4.0,https://creativecommons.org/licenses/by/4.0/,Luca Valente,"CC BY 4.0 applies to the original compilation and editorial work by Luca Valente. Underlying third-party data retain their source terms, including Coin Metrics CC BY-NC 4.0 where indicated; this export does not replace those terms."
revenue_quality,2026-10-05,/blocchi/2/tabella/righe/37/2,955118,"DefiLlama (fees, revenue)","""2026-10-04""",CC BY 4.0,https://creativecommons.org/licenses/by/4.0/,Luca Valente,"CC BY 4.0 applies to the original compilation and editorial work by Luca Valente. Underlying third-party data retain their source terms, including Coin Metrics CC BY-NC 4.0 where indicated; this export does not replace those terms."
revenue_quality,2026-10-05,/blocchi/2/tabella/righe/37/3,0.7145,"DefiLlama (fees, revenue)","""2026-10-04""",CC BY 4.0,https://creativecommons.org/licenses/by/4.0/,Luca Valente,"CC BY 4.0 applies to the original compilation and editorial work by Luca Valente. Underlying third-party data retain their source terms, including Coin Metrics CC BY-NC 4.0 where indicated; this export does not replace those terms."
revenue_quality,2026-10-05,/blocchi/2/tabella/righe/37/4,2,"DefiLlama (fees, revenue)","""2026-10-04""",CC BY 4.0,https://creativecommons.org/licenses/by/4.0/,Luca Valente,"CC BY 4.0 applies to the original compilation and editorial work by Luca Valente. Underlying third-party data retain their source terms, including Coin Metrics CC BY-NC 4.0 where indicated; this export does not replace those terms."
revenue_quality,2026-10-05,/blocchi/2/tabella/righe/37/5,"""""","DefiLlama (fees, revenue)","""2026-10-04""",CC BY 4.0,https://creativecommons.org/licenses/by/4.0/,Luca Valente,"CC BY 4.0 applies to the original compilation and editorial work by Luca Valente. Underlying third-party data retain their source terms, including Coin Metrics CC BY-NC 4.0 where indicated; this export does not replace those terms."
revenue_quality,2026-10-05,/blocchi/2/tabella/righe/37/6,0.7145,"DefiLlama (fees, revenue)","""2026-10-04""",CC BY 4.0,https://creativecommons.org/licenses/by/4.0/,Luca Valente,"CC BY 4.0 applies to the original compilation and editorial work by Luca Valente. Underlying third-party data retain their source terms, including Coin Metrics CC BY-NC 4.0 where indicated; this export does not replace those terms."
revenue_quality,2026-10-05,/blocchi/2/tabella/righe/37/7,2,"DefiLlama (fees, revenue)","""2026-10-04""",CC BY 4.0,https://creativecommons.org/licenses/by/4.0/,Luca Valente,"CC BY 4.0 applies to the original compilation and editorial work by Luca Valente. Underlying third-party data retain their source terms, including Coin Metrics CC BY-NC 4.0 where indicated; this export does not replace those terms."
revenue_quality,2026-10-05,/blocchi/2/tabella/righe/38/0,"""StakeWise V3""","DefiLlama (fees, revenue)","""2026-10-04""",CC BY 4.0,https://creativecommons.org/licenses/by/4.0/,Luca Valente,"CC BY 4.0 applies to the original compilation and editorial work by Luca Valente. Underlying third-party data retain their source terms, including Coin Metrics CC BY-NC 4.0 where indicated; this export does not replace those terms."
revenue_quality,2026-10-05,/blocchi/2/tabella/righe/38/1,"""Liquid staking""","DefiLlama (fees, revenue)","""2026-10-04""",CC BY 4.0,https://creativecommons.org/licenses/by/4.0/,Luca Valente,"CC BY 4.0 applies to the original compilation and editorial work by Luca Valente. Underlying third-party data retain their source terms, including Coin Metrics CC BY-NC 4.0 where indicated; this export does not replace those terms."
revenue_quality,2026-10-05,/blocchi/2/tabella/righe/38/2,855983,"DefiLlama (fees, revenue)","""2026-10-04""",CC BY 4.0,https://creativecommons.org/licenses/by/4.0/,Luca Valente,"CC BY 4.0 applies to the original compilation and editorial work by Luca Valente. Underlying third-party data retain their source terms, including Coin Metrics CC BY-NC 4.0 where indicated; this export does not replace those terms."
revenue_quality,2026-10-05,/blocchi/2/tabella/righe/38/3,1.0,"DefiLlama (fees, revenue)","""2026-10-04""",CC BY 4.0,https://creativecommons.org/licenses/by/4.0/,Luca Valente,"CC BY 4.0 applies to the original compilation and editorial work by Luca Valente. Underlying third-party data retain their source terms, including Coin Metrics CC BY-NC 4.0 where indicated; this export does not replace those terms."
revenue_quality,2026-10-05,/blocchi/2/tabella/righe/38/4,0,"DefiLlama (fees, revenue)","""2026-10-04""",CC BY 4.0,https://creativecommons.org/licenses/by/4.0/,Luca Valente,"CC BY 4.0 applies to the original compilation and editorial work by Luca Valente. Underlying third-party data retain their source terms, including Coin Metrics CC BY-NC 4.0 where indicated; this export does not replace those terms."
revenue_quality,2026-10-05,/blocchi/2/tabella/righe/38/5,"""""","DefiLlama (fees, revenue)","""2026-10-04""",CC BY 4.0,https://creativecommons.org/licenses/by/4.0/,Luca Valente,"CC BY 4.0 applies to the original compilation and editorial work by Luca Valente. Underlying third-party data retain their source terms, including Coin Metrics CC BY-NC 4.0 where indicated; this export does not replace those terms."
revenue_quality,2026-10-05,/blocchi/2/tabella/righe/38/6,1.0,"DefiLlama (fees, revenue)","""2026-10-04""",CC BY 4.0,https://creativecommons.org/licenses/by/4.0/,Luca Valente,"CC BY 4.0 applies to the original compilation and editorial work by Luca Valente. Underlying third-party data retain their source terms, including Coin Metrics CC BY-NC 4.0 where indicated; this export does not replace those terms."
revenue_quality,2026-10-05,/blocchi/2/tabella/righe/38/7,0,"DefiLlama (fees, revenue)","""2026-10-04""",CC BY 4.0,https://creativecommons.org/licenses/by/4.0/,Luca Valente,"CC BY 4.0 applies to the original compilation and editorial work by Luca Valente. Underlying third-party data retain their source terms, including Coin Metrics CC BY-NC 4.0 where indicated; this export does not replace those terms."
revenue_quality,2026-10-05,/blocchi/2/tabella/righe/39/0,"""Lista Liquid Staking""","DefiLlama (fees, revenue)","""2026-10-04""",CC BY 4.0,https://creativecommons.org/licenses/by/4.0/,Luca Valente,"CC BY 4.0 applies to the original compilation and editorial work by Luca Valente. Underlying third-party data retain their source terms, including Coin Metrics CC BY-NC 4.0 where indicated; this export does not replace those terms."
revenue_quality,2026-10-05,/blocchi/2/tabella/righe/39/1,"""Liquid staking""","DefiLlama (fees, revenue)","""2026-10-04""",CC BY 4.0,https://creativecommons.org/licenses/by/4.0/,Luca Valente,"CC BY 4.0 applies to the original compilation and editorial work by Luca Valente. Underlying third-party data retain their source terms, including Coin Metrics CC BY-NC 4.0 where indicated; this export does not replace those terms."
revenue_quality,2026-10-05,/blocchi/2/tabella/righe/39/2,757080,"DefiLlama (fees, revenue)","""2026-10-04""",CC BY 4.0,https://creativecommons.org/licenses/by/4.0/,Luca Valente,"CC BY 4.0 applies to the original compilation and editorial work by Luca Valente. Underlying third-party data retain their source terms, including Coin Metrics CC BY-NC 4.0 where indicated; this export does not replace those terms."
revenue_quality,2026-10-05,/blocchi/2/tabella/righe/39/3,1.0,"DefiLlama (fees, revenue)","""2026-10-04""",CC BY 4.0,https://creativecommons.org/licenses/by/4.0/,Luca Valente,"CC BY 4.0 applies to the original compilation and editorial work by Luca Valente. Underlying third-party data retain their source terms, including Coin Metrics CC BY-NC 4.0 where indicated; this export does not replace those terms."
revenue_quality,2026-10-05,/blocchi/2/tabella/righe/39/4,0,"DefiLlama (fees, revenue)","""2026-10-04""",CC BY 4.0,https://creativecommons.org/licenses/by/4.0/,Luca Valente,"CC BY 4.0 applies to the original compilation and editorial work by Luca Valente. Underlying third-party data retain their source terms, including Coin Metrics CC BY-NC 4.0 where indicated; this export does not replace those terms."
revenue_quality,2026-10-05,/blocchi/2/tabella/righe/39/5,"""""","DefiLlama (fees, revenue)","""2026-10-04""",CC BY 4.0,https://creativecommons.org/licenses/by/4.0/,Luca Valente,"CC BY 4.0 applies to the original compilation and editorial work by Luca Valente. Underlying third-party data retain their source terms, including Coin Metrics CC BY-NC 4.0 where indicated; this export does not replace those terms."
revenue_quality,2026-10-05,/blocchi/2/tabella/righe/39/6,1.0,"DefiLlama (fees, revenue)","""2026-10-04""",CC BY 4.0,https://creativecommons.org/licenses/by/4.0/,Luca Valente,"CC BY 4.0 applies to the original compilation and editorial work by Luca Valente. Underlying third-party data retain their source terms, including Coin Metrics CC BY-NC 4.0 where indicated; this export does not replace those terms."
revenue_quality,2026-10-05,/blocchi/2/tabella/righe/39/7,0,"DefiLlama (fees, revenue)","""2026-10-04""",CC BY 4.0,https://creativecommons.org/licenses/by/4.0/,Luca Valente,"CC BY 4.0 applies to the original compilation and editorial work by Luca Valente. Underlying third-party data retain their source terms, including Coin Metrics CC BY-NC 4.0 where indicated; this export does not replace those terms."
revenue_quality,2026-10-05,/blocchi/2/tabella/righe/40/0,"""Pendle V2""","DefiLlama (fees, revenue)","""2026-10-04""",CC BY 4.0,https://creativecommons.org/licenses/by/4.0/,Luca Valente,"CC BY 4.0 applies to the original compilation and editorial work by Luca Valente. Underlying third-party data retain their source terms, including Coin Metrics CC BY-NC 4.0 where indicated; this export does not replace those terms."
revenue_quality,2026-10-05,/blocchi/2/tabella/righe/40/1,"""Yield""","DefiLlama (fees, revenue)","""2026-10-04""",CC BY 4.0,https://creativecommons.org/licenses/by/4.0/,Luca Valente,"CC BY 4.0 applies to the original compilation and editorial work by Luca Valente. Underlying third-party data retain their source terms, including Coin Metrics CC BY-NC 4.0 where indicated; this export does not replace those terms."
revenue_quality,2026-10-05,/blocchi/2/tabella/righe/40/2,509235,"DefiLlama (fees, revenue)","""2026-10-04""",CC BY 4.0,https://creativecommons.org/licenses/by/4.0/,Luca Valente,"CC BY 4.0 applies to the original compilation and editorial work by Luca Valente. Underlying third-party data retain their source terms, including Coin Metrics CC BY-NC 4.0 where indicated; this export does not replace those terms."
revenue_quality,2026-10-05,/blocchi/2/tabella/righe/40/3,0.5149,"DefiLlama (fees, revenue)","""2026-10-04""",CC BY 4.0,https://creativecommons.org/licenses/by/4.0/,Luca Valente,"CC BY 4.0 applies to the original compilation and editorial work by Luca Valente. Underlying third-party data retain their source terms, including Coin Metrics CC BY-NC 4.0 where indicated; this export does not replace those terms."
revenue_quality,2026-10-05,/blocchi/2/tabella/righe/40/4,2,"DefiLlama (fees, revenue)","""2026-10-04""",CC BY 4.0,https://creativecommons.org/licenses/by/4.0/,Luca Valente,"CC BY 4.0 applies to the original compilation and editorial work by Luca Valente. Underlying third-party data retain their source terms, including Coin Metrics CC BY-NC 4.0 where indicated; this export does not replace those terms."
revenue_quality,2026-10-05,/blocchi/2/tabella/righe/40/5,"""""","DefiLlama (fees, revenue)","""2026-10-04""",CC BY 4.0,https://creativecommons.org/licenses/by/4.0/,Luca Valente,"CC BY 4.0 applies to the original compilation and editorial work by Luca Valente. Underlying third-party data retain their source terms, including Coin Metrics CC BY-NC 4.0 where indicated; this export does not replace those terms."
revenue_quality,2026-10-05,/blocchi/2/tabella/righe/40/6,0.5098,"DefiLlama (fees, revenue)","""2026-10-04""",CC BY 4.0,https://creativecommons.org/licenses/by/4.0/,Luca Valente,"CC BY 4.0 applies to the original compilation and editorial work by Luca Valente. Underlying third-party data retain their source terms, including Coin Metrics CC BY-NC 4.0 where indicated; this export does not replace those terms."
revenue_quality,2026-10-05,/blocchi/2/tabella/righe/40/7,2,"DefiLlama (fees, revenue)","""2026-10-04""",CC BY 4.0,https://creativecommons.org/licenses/by/4.0/,Luca Valente,"CC BY 4.0 applies to the original compilation and editorial work by Luca Valente. Underlying third-party data retain their source terms, including Coin Metrics CC BY-NC 4.0 where indicated; this export does not replace those terms."
revenue_quality,2026-10-05,/blocchi/2/nota,"""paid in lumps = fees settle a few times a month (weekly, for example): the recurring / one-off split does not describe these series""","DefiLlama (fees, revenue)","""2026-10-04""",CC BY 4.0,https://creativecommons.org/licenses/by/4.0/,Luca Valente,"CC BY 4.0 applies to the original compilation and editorial work by Luca Valente. Underlying third-party data retain their source terms, including Coin Metrics CC BY-NC 4.0 where indicated; this export does not replace those terms."
revenue_quality,2026-10-05,/blocchi/3/id,"""incentivi""","DefiLlama (fees, revenue)","""2026-10-04""",CC BY 4.0,https://creativecommons.org/licenses/by/4.0/,Luca Valente,"CC BY 4.0 applies to the original compilation and editorial work by Luca Valente. Underlying third-party data retain their source terms, including Coin Metrics CC BY-NC 4.0 where indicated; this export does not replace those terms."
revenue_quality,2026-10-05,/blocchi/3/titolo,"""Dependence on incentives""","DefiLlama (fees, revenue)","""2026-10-04""",CC BY 4.0,https://creativecommons.org/licenses/by/4.0/,Luca Valente,"CC BY 4.0 applies to the original compilation and editorial work by Luca Valente. Underlying third-party data retain their source terms, including Coin Metrics CC BY-NC 4.0 where indicated; this export does not replace those terms."
revenue_quality,2026-10-05,/blocchi/3/disponibile,false,"DefiLlama (fees, revenue)","""2026-10-04""",CC BY 4.0,https://creativecommons.org/licenses/by/4.0/,Luca Valente,"CC BY 4.0 applies to the original compilation and editorial work by Luca Valente. Underlying third-party data retain their source terms, including Coin Metrics CC BY-NC 4.0 where indicated; this export does not replace those terms."
revenue_quality,2026-10-05,/blocchi/3/nota,"""not available: the archive holds no series of incentives paid""","DefiLlama (fees, revenue)","""2026-10-04""",CC BY 4.0,https://creativecommons.org/licenses/by/4.0/,Luca Valente,"CC BY 4.0 applies to the original compilation and editorial work by Luca Valente. Underlying third-party data retain their source terms, including Coin Metrics CC BY-NC 4.0 where indicated; this export does not replace those terms."
revenue_quality,2026-10-05,/frasi/0/id,"""totale""","DefiLlama (fees, revenue)","""2026-10-04""",CC BY 4.0,https://creativecommons.org/licenses/by/4.0/,Luca Valente,"CC BY 4.0 applies to the original compilation and editorial work by Luca Valente. Underlying third-party data retain their source terms, including Coin Metrics CC BY-NC 4.0 where indicated; this export does not replace those terms."
revenue_quality,2026-10-05,/frasi/0/testo,"""97% of the 30-day fees of 40 large protocols were recurring""","DefiLlama (fees, revenue)","""2026-10-04""",CC BY 4.0,https://creativecommons.org/licenses/by/4.0/,Luca Valente,"CC BY 4.0 applies to the original compilation and editorial work by Luca Valente. Underlying third-party data retain their source terms, including Coin Metrics CC BY-NC 4.0 where indicated; this export does not replace those terms."
revenue_quality,2026-10-05,/frasi/0/modello,"""cruscotti.revenue_quality.totale""","DefiLlama (fees, revenue)","""2026-10-04""",CC BY 4.0,https://creativecommons.org/licenses/by/4.0/,Luca Valente,"CC BY 4.0 applies to the original compilation and editorial work by Luca Valente. Underlying third-party data retain their source terms, including Coin Metrics CC BY-NC 4.0 where indicated; this export does not replace those terms."
revenue_quality,2026-10-05,/frasi/0/contratto,"""contratto""","DefiLlama (fees, revenue)","""2026-10-04""",CC BY 4.0,https://creativecommons.org/licenses/by/4.0/,Luca Valente,"CC BY 4.0 applies to the original compilation and editorial work by Luca Valente. Underlying third-party data retain their source terms, including Coin Metrics CC BY-NC 4.0 where indicated; this export does not replace those terms."
revenue_quality,2026-10-05,/frasi/0/numeri/quota_ricorrente,0.9745,"DefiLlama (fees, revenue)","""2026-10-04""",CC BY 4.0,https://creativecommons.org/licenses/by/4.0/,Luca Valente,"CC BY 4.0 applies to the original compilation and editorial work by Luca Valente. Underlying third-party data retain their source terms, including Coin Metrics CC BY-NC 4.0 where indicated; this export does not replace those terms."
revenue_quality,2026-10-05,/frasi/0/numeri/protocolli,40,"DefiLlama (fees, revenue)","""2026-10-04""",CC BY 4.0,https://creativecommons.org/licenses/by/4.0/,Luca Valente,"CC BY 4.0 applies to the original compilation and editorial work by Luca Valente. Underlying third-party data retain their source terms, including Coin Metrics CC BY-NC 4.0 where indicated; this export does not replace those terms."
revenue_quality,2026-10-05,/frasi/0/numeri/commissioni_30g_usd,926809790,"DefiLlama (fees, revenue)","""2026-10-04""",CC BY 4.0,https://creativecommons.org/licenses/by/4.0/,Luca Valente,"CC BY 4.0 applies to the original compilation and editorial work by Luca Valente. Underlying third-party data retain their source terms, including Coin Metrics CC BY-NC 4.0 where indicated; this export does not replace those terms."
revenue_quality,2026-10-05,/frasi/0/misura,"""quota_ricorrente""","DefiLlama (fees, revenue)","""2026-10-04""",CC BY 4.0,https://creativecommons.org/licenses/by/4.0/,Luca Valente,"CC BY 4.0 applies to the original compilation and editorial work by Luca Valente. Underlying third-party data retain their source terms, including Coin Metrics CC BY-NC 4.0 where indicated; this export does not replace those terms."
revenue_quality,2026-10-05,/frasi/0/finestra_giorni,30,"DefiLlama (fees, revenue)","""2026-10-04""",CC BY 4.0,https://creativecommons.org/licenses/by/4.0/,Luca Valente,"CC BY 4.0 applies to the original compilation and editorial work by Luca Valente. Underlying third-party data retain their source terms, including Coin Metrics CC BY-NC 4.0 where indicated; this export does not replace those terms."
revenue_quality,2026-10-05,/frasi/0/base,926809789.8399999,"DefiLlama (fees, revenue)","""2026-10-04""",CC BY 4.0,https://creativecommons.org/licenses/by/4.0/,Luca Valente,"CC BY 4.0 applies to the original compilation and editorial work by Luca Valente. Underlying third-party data retain their source terms, including Coin Metrics CC BY-NC 4.0 where indicated; this export does not replace those terms."
revenue_quality,2026-10-05,/frasi/0/base_minima,100000000.0,"DefiLlama (fees, revenue)","""2026-10-04""",CC BY 4.0,https://creativecommons.org/licenses/by/4.0/,Luca Valente,"CC BY 4.0 applies to the original compilation and editorial work by Luca Valente. Underlying third-party data retain their source terms, including Coin Metrics CC BY-NC 4.0 where indicated; this export does not replace those terms."
revenue_quality,2026-10-05,/frasi/0/quota_primo_contributo,0.19087777334607187,"DefiLlama (fees, revenue)","""2026-10-04""",CC BY 4.0,https://creativecommons.org/licenses/by/4.0/,Luca Valente,"CC BY 4.0 applies to the original compilation and editorial work by Luca Valente. Underlying third-party data retain their source terms, including Coin Metrics CC BY-NC 4.0 where indicated; this export does not replace those terms."
revenue_quality,2026-10-05,/frasi/0/cancello,"""fermato""","DefiLlama (fees, revenue)","""2026-10-04""",CC BY 4.0,https://creativecommons.org/licenses/by/4.0/,Luca Valente,"CC BY 4.0 applies to the original compilation and editorial work by Luca Valente. Underlying third-party data retain their source terms, including Coin Metrics CC BY-NC 4.0 where indicated; this export does not replace those terms."
revenue_quality,2026-10-05,/frasi/0/motivo,"""stopped by the gate""","DefiLlama (fees, revenue)","""2026-10-04""",CC BY 4.0,https://creativecommons.org/licenses/by/4.0/,Luca Valente,"CC BY 4.0 applies to the original compilation and editorial work by Luca Valente. Underlying third-party data retain their source terms, including Coin Metrics CC BY-NC 4.0 where indicated; this export does not replace those terms."
revenue_quality,2026-10-05,/frasi/1/id,"""conteggio""","DefiLlama (fees, revenue)","""2026-10-04""",CC BY 4.0,https://creativecommons.org/licenses/by/4.0/,Luca Valente,"CC BY 4.0 applies to the original compilation and editorial work by Luca Valente. Underlying third-party data retain their source terms, including Coin Metrics CC BY-NC 4.0 where indicated; this export does not replace those terms."
revenue_quality,2026-10-05,/frasi/1/testo,"""12 of 40 large protocols had at least one one-off fee day in 30 days""","DefiLlama (fees, revenue)","""2026-10-04""",CC BY 4.0,https://creativecommons.org/licenses/by/4.0/,Luca Valente,"CC BY 4.0 applies to the original compilation and editorial work by Luca Valente. Underlying third-party data retain their source terms, including Coin Metrics CC BY-NC 4.0 where indicated; this export does not replace those terms."
revenue_quality,2026-10-05,/frasi/1/modello,"""cruscotti.revenue_quality.conteggio""","DefiLlama (fees, revenue)","""2026-10-04""",CC BY 4.0,https://creativecommons.org/licenses/by/4.0/,Luca Valente,"CC BY 4.0 applies to the original compilation and editorial work by Luca Valente. Underlying third-party data retain their source terms, including Coin Metrics CC BY-NC 4.0 where indicated; this export does not replace those terms."
revenue_quality,2026-10-05,/frasi/1/contratto,"""contratto""","DefiLlama (fees, revenue)","""2026-10-04""",CC BY 4.0,https://creativecommons.org/licenses/by/4.0/,Luca Valente,"CC BY 4.0 applies to the original compilation and editorial work by Luca Valente. Underlying third-party data retain their source terms, including Coin Metrics CC BY-NC 4.0 where indicated; this export does not replace those terms."
revenue_quality,2026-10-05,/frasi/1/numeri/con_un_giorno_una_tantum,12,"DefiLlama (fees, revenue)","""2026-10-04""",CC BY 4.0,https://creativecommons.org/licenses/by/4.0/,Luca Valente,"CC BY 4.0 applies to the original compilation and editorial work by Luca Valente. Underlying third-party data retain their source terms, including Coin Metrics CC BY-NC 4.0 where indicated; this export does not replace those terms."
revenue_quality,2026-10-05,/frasi/1/numeri/protocolli,40,"DefiLlama (fees, revenue)","""2026-10-04""",CC BY 4.0,https://creativecommons.org/licenses/by/4.0/,Luca Valente,"CC BY 4.0 applies to the original compilation and editorial work by Luca Valente. Underlying third-party data retain their source terms, including Coin Metrics CC BY-NC 4.0 where indicated; this export does not replace those terms."
revenue_quality,2026-10-05,/frasi/1/misura,"""quota_ricorrente""","DefiLlama (fees, revenue)","""2026-10-04""",CC BY 4.0,https://creativecommons.org/licenses/by/4.0/,Luca Valente,"CC BY 4.0 applies to the original compilation and editorial work by Luca Valente. Underlying third-party data retain their source terms, including Coin Metrics CC BY-NC 4.0 where indicated; this export does not replace those terms."
revenue_quality,2026-10-05,/frasi/1/finestra_giorni,30,"DefiLlama (fees, revenue)","""2026-10-04""",CC BY 4.0,https://creativecommons.org/licenses/by/4.0/,Luca Valente,"CC BY 4.0 applies to the original compilation and editorial work by Luca Valente. Underlying third-party data retain their source terms, including Coin Metrics CC BY-NC 4.0 where indicated; this export does not replace those terms."
revenue_quality,2026-10-05,/frasi/1/base,40,"DefiLlama (fees, revenue)","""2026-10-04""",CC BY 4.0,https://creativecommons.org/licenses/by/4.0/,Luca Valente,"CC BY 4.0 applies to the original compilation and editorial work by Luca Valente. Underlying third-party data retain their source terms, including Coin Metrics CC BY-NC 4.0 where indicated; this export does not replace those terms."
revenue_quality,2026-10-05,/frasi/1/base_minima,20,"DefiLlama (fees, revenue)","""2026-10-04""",CC BY 4.0,https://creativecommons.org/licenses/by/4.0/,Luca Valente,"CC BY 4.0 applies to the original compilation and editorial work by Luca Valente. Underlying third-party data retain their source terms, including Coin Metrics CC BY-NC 4.0 where indicated; this export does not replace those terms."
revenue_quality,2026-10-05,/frasi/1/cancello,"""passa""","DefiLlama (fees, revenue)","""2026-10-04""",CC BY 4.0,https://creativecommons.org/licenses/by/4.0/,Luca Valente,"CC BY 4.0 applies to the original compilation and editorial work by Luca Valente. Underlying third-party data retain their source terms, including Coin Metrics CC BY-NC 4.0 where indicated; this export does not replace those terms."
revenue_quality,2026-10-05,/frasi/2/id,"""settore_lending""","DefiLlama (fees, revenue)","""2026-10-04""",CC BY 4.0,https://creativecommons.org/licenses/by/4.0/,Luca Valente,"CC BY 4.0 applies to the original compilation and editorial work by Luca Valente. Underlying third-party data retain their source terms, including Coin Metrics CC BY-NC 4.0 where indicated; this export does not replace those terms."
revenue_quality,2026-10-05,/frasi/2/testo,"""The median recurring share of fees among Lending was 100%""","DefiLlama (fees, revenue)","""2026-10-04""",CC BY 4.0,https://creativecommons.org/licenses/by/4.0/,Luca Valente,"CC BY 4.0 applies to the original compilation and editorial work by Luca Valente. Underlying third-party data retain their source terms, including Coin Metrics CC BY-NC 4.0 where indicated; this export does not replace those terms."
revenue_quality,2026-10-05,/frasi/2/modello,"""cruscotti.revenue_quality.settore""","DefiLlama (fees, revenue)","""2026-10-04""",CC BY 4.0,https://creativecommons.org/licenses/by/4.0/,Luca Valente,"CC BY 4.0 applies to the original compilation and editorial work by Luca Valente. Underlying third-party data retain their source terms, including Coin Metrics CC BY-NC 4.0 where indicated; this export does not replace those terms."
revenue_quality,2026-10-05,/frasi/2/contratto,"""contratto""","DefiLlama (fees, revenue)","""2026-10-04""",CC BY 4.0,https://creativecommons.org/licenses/by/4.0/,Luca Valente,"CC BY 4.0 applies to the original compilation and editorial work by Luca Valente. Underlying third-party data retain their source terms, including Coin Metrics CC BY-NC 4.0 where indicated; this export does not replace those terms."
revenue_quality,2026-10-05,/frasi/2/numeri/mediana_quota_ricorrente,1.0,"DefiLlama (fees, revenue)","""2026-10-04""",CC BY 4.0,https://creativecommons.org/licenses/by/4.0/,Luca Valente,"CC BY 4.0 applies to the original compilation and editorial work by Luca Valente. Underlying third-party data retain their source terms, including Coin Metrics CC BY-NC 4.0 where indicated; this export does not replace those terms."
revenue_quality,2026-10-05,/frasi/2/numeri/protocolli,11,"DefiLlama (fees, revenue)","""2026-10-04""",CC BY 4.0,https://creativecommons.org/licenses/by/4.0/,Luca Valente,"CC BY 4.0 applies to the original compilation and editorial work by Luca Valente. Underlying third-party data retain their source terms, including Coin Metrics CC BY-NC 4.0 where indicated; this export does not replace those terms."
revenue_quality,2026-10-05,/frasi/2/misura,"""quota_ricorrente""","DefiLlama (fees, revenue)","""2026-10-04""",CC BY 4.0,https://creativecommons.org/licenses/by/4.0/,Luca Valente,"CC BY 4.0 applies to the original compilation and editorial work by Luca Valente. Underlying third-party data retain their source terms, including Coin Metrics CC BY-NC 4.0 where indicated; this export does not replace those terms."
revenue_quality,2026-10-05,/frasi/2/finestra_giorni,30,"DefiLlama (fees, revenue)","""2026-10-04""",CC BY 4.0,https://creativecommons.org/licenses/by/4.0/,Luca Valente,"CC BY 4.0 applies to the original compilation and editorial work by Luca Valente. Underlying third-party data retain their source terms, including Coin Metrics CC BY-NC 4.0 where indicated; this export does not replace those terms."
revenue_quality,2026-10-05,/frasi/2/base,11,"DefiLlama (fees, revenue)","""2026-10-04""",CC BY 4.0,https://creativecommons.org/licenses/by/4.0/,Luca Valente,"CC BY 4.0 applies to the original compilation and editorial work by Luca Valente. Underlying third-party data retain their source terms, including Coin Metrics CC BY-NC 4.0 where indicated; this export does not replace those terms."
revenue_quality,2026-10-05,/frasi/2/base_minima,5,"DefiLlama (fees, revenue)","""2026-10-04""",CC BY 4.0,https://creativecommons.org/licenses/by/4.0/,Luca Valente,"CC BY 4.0 applies to the original compilation and editorial work by Luca Valente. Underlying third-party data retain their source terms, including Coin Metrics CC BY-NC 4.0 where indicated; this export does not replace those terms."
revenue_quality,2026-10-05,/frasi/2/cancello,"""fermato""","DefiLlama (fees, revenue)","""2026-10-04""",CC BY 4.0,https://creativecommons.org/licenses/by/4.0/,Luca Valente,"CC BY 4.0 applies to the original compilation and editorial work by Luca Valente. Underlying third-party data retain their source terms, including Coin Metrics CC BY-NC 4.0 where indicated; this export does not replace those terms."
revenue_quality,2026-10-05,/frasi/2/motivo,"""stopped by the gate""","DefiLlama (fees, revenue)","""2026-10-04""",CC BY 4.0,https://creativecommons.org/licenses/by/4.0/,Luca Valente,"CC BY 4.0 applies to the original compilation and editorial work by Luca Valente. Underlying third-party data retain their source terms, including Coin Metrics CC BY-NC 4.0 where indicated; this export does not replace those terms."
revenue_quality,2026-10-05,/frasi/3/id,"""settore_liquid_staking""","DefiLlama (fees, revenue)","""2026-10-04""",CC BY 4.0,https://creativecommons.org/licenses/by/4.0/,Luca Valente,"CC BY 4.0 applies to the original compilation and editorial work by Luca Valente. Underlying third-party data retain their source terms, including Coin Metrics CC BY-NC 4.0 where indicated; this export does not replace those terms."
revenue_quality,2026-10-05,/frasi/3/testo,"""The median recurring share of fees among Liquid staking was 100%""","DefiLlama (fees, revenue)","""2026-10-04""",CC BY 4.0,https://creativecommons.org/licenses/by/4.0/,Luca Valente,"CC BY 4.0 applies to the original compilation and editorial work by Luca Valente. Underlying third-party data retain their source terms, including Coin Metrics CC BY-NC 4.0 where indicated; this export does not replace those terms."
revenue_quality,2026-10-05,/frasi/3/modello,"""cruscotti.revenue_quality.settore""","DefiLlama (fees, revenue)","""2026-10-04""",CC BY 4.0,https://creativecommons.org/licenses/by/4.0/,Luca Valente,"CC BY 4.0 applies to the original compilation and editorial work by Luca Valente. Underlying third-party data retain their source terms, including Coin Metrics CC BY-NC 4.0 where indicated; this export does not replace those terms."
revenue_quality,2026-10-05,/frasi/3/contratto,"""contratto""","DefiLlama (fees, revenue)","""2026-10-04""",CC BY 4.0,https://creativecommons.org/licenses/by/4.0/,Luca Valente,"CC BY 4.0 applies to the original compilation and editorial work by Luca Valente. Underlying third-party data retain their source terms, including Coin Metrics CC BY-NC 4.0 where indicated; this export does not replace those terms."
revenue_quality,2026-10-05,/frasi/3/numeri/mediana_quota_ricorrente,1.0,"DefiLlama (fees, revenue)","""2026-10-04""",CC BY 4.0,https://creativecommons.org/licenses/by/4.0/,Luca Valente,"CC BY 4.0 applies to the original compilation and editorial work by Luca Valente. Underlying third-party data retain their source terms, including Coin Metrics CC BY-NC 4.0 where indicated; this export does not replace those terms."
revenue_quality,2026-10-05,/frasi/3/numeri/protocolli,10,"DefiLlama (fees, revenue)","""2026-10-04""",CC BY 4.0,https://creativecommons.org/licenses/by/4.0/,Luca Valente,"CC BY 4.0 applies to the original compilation and editorial work by Luca Valente. Underlying third-party data retain their source terms, including Coin Metrics CC BY-NC 4.0 where indicated; this export does not replace those terms."
revenue_quality,2026-10-05,/frasi/3/misura,"""quota_ricorrente""","DefiLlama (fees, revenue)","""2026-10-04""",CC BY 4.0,https://creativecommons.org/licenses/by/4.0/,Luca Valente,"CC BY 4.0 applies to the original compilation and editorial work by Luca Valente. Underlying third-party data retain their source terms, including Coin Metrics CC BY-NC 4.0 where indicated; this export does not replace those terms."
revenue_quality,2026-10-05,/frasi/3/finestra_giorni,30,"DefiLlama (fees, revenue)","""2026-10-04""",CC BY 4.0,https://creativecommons.org/licenses/by/4.0/,Luca Valente,"CC BY 4.0 applies to the original compilation and editorial work by Luca Valente. Underlying third-party data retain their source terms, including Coin Metrics CC BY-NC 4.0 where indicated; this export does not replace those terms."
revenue_quality,2026-10-05,/frasi/3/base,10,"DefiLlama (fees, revenue)","""2026-10-04""",CC BY 4.0,https://creativecommons.org/licenses/by/4.0/,Luca Valente,"CC BY 4.0 applies to the original compilation and editorial work by Luca Valente. Underlying third-party data retain their source terms, including Coin Metrics CC BY-NC 4.0 where indicated; this export does not replace those terms."
revenue_quality,2026-10-05,/frasi/3/base_minima,5,"DefiLlama (fees, revenue)","""2026-10-04""",CC BY 4.0,https://creativecommons.org/licenses/by/4.0/,Luca Valente,"CC BY 4.0 applies to the original compilation and editorial work by Luca Valente. Underlying third-party data retain their source terms, including Coin Metrics CC BY-NC 4.0 where indicated; this export does not replace those terms."
revenue_quality,2026-10-05,/frasi/3/cancello,"""fermato""","DefiLlama (fees, revenue)","""2026-10-04""",CC BY 4.0,https://creativecommons.org/licenses/by/4.0/,Luca Valente,"CC BY 4.0 applies to the original compilation and editorial work by Luca Valente. Underlying third-party data retain their source terms, including Coin Metrics CC BY-NC 4.0 where indicated; this export does not replace those terms."
revenue_quality,2026-10-05,/frasi/3/motivo,"""stopped by the gate""","DefiLlama (fees, revenue)","""2026-10-04""",CC BY 4.0,https://creativecommons.org/licenses/by/4.0/,Luca Valente,"CC BY 4.0 applies to the original compilation and editorial work by Luca Valente. Underlying third-party data retain their source terms, including Coin Metrics CC BY-NC 4.0 where indicated; this export does not replace those terms."
revenue_quality,2026-10-05,/frasi/4/id,"""settore_dexs""","DefiLlama (fees, revenue)","""2026-10-04""",CC BY 4.0,https://creativecommons.org/licenses/by/4.0/,Luca Valente,"CC BY 4.0 applies to the original compilation and editorial work by Luca Valente. Underlying third-party data retain their source terms, including Coin Metrics CC BY-NC 4.0 where indicated; this export does not replace those terms."
revenue_quality,2026-10-05,/frasi/4/testo,"""The median recurring share of fees among DEXs was 100%""","DefiLlama (fees, revenue)","""2026-10-04""",CC BY 4.0,https://creativecommons.org/licenses/by/4.0/,Luca Valente,"CC BY 4.0 applies to the original compilation and editorial work by Luca Valente. Underlying third-party data retain their source terms, including Coin Metrics CC BY-NC 4.0 where indicated; this export does not replace those terms."
revenue_quality,2026-10-05,/frasi/4/modello,"""cruscotti.revenue_quality.settore""","DefiLlama (fees, revenue)","""2026-10-04""",CC BY 4.0,https://creativecommons.org/licenses/by/4.0/,Luca Valente,"CC BY 4.0 applies to the original compilation and editorial work by Luca Valente. Underlying third-party data retain their source terms, including Coin Metrics CC BY-NC 4.0 where indicated; this export does not replace those terms."
revenue_quality,2026-10-05,/frasi/4/contratto,"""contratto""","DefiLlama (fees, revenue)","""2026-10-04""",CC BY 4.0,https://creativecommons.org/licenses/by/4.0/,Luca Valente,"CC BY 4.0 applies to the original compilation and editorial work by Luca Valente. Underlying third-party data retain their source terms, including Coin Metrics CC BY-NC 4.0 where indicated; this export does not replace those terms."
revenue_quality,2026-10-05,/frasi/4/numeri/mediana_quota_ricorrente,1.0,"DefiLlama (fees, revenue)","""2026-10-04""",CC BY 4.0,https://creativecommons.org/licenses/by/4.0/,Luca Valente,"CC BY 4.0 applies to the original compilation and editorial work by Luca Valente. Underlying third-party data retain their source terms, including Coin Metrics CC BY-NC 4.0 where indicated; this export does not replace those terms."
revenue_quality,2026-10-05,/frasi/4/numeri/protocolli,9,"DefiLlama (fees, revenue)","""2026-10-04""",CC BY 4.0,https://creativecommons.org/licenses/by/4.0/,Luca Valente,"CC BY 4.0 applies to the original compilation and editorial work by Luca Valente. Underlying third-party data retain their source terms, including Coin Metrics CC BY-NC 4.0 where indicated; this export does not replace those terms."
revenue_quality,2026-10-05,/frasi/4/misura,"""quota_ricorrente""","DefiLlama (fees, revenue)","""2026-10-04""",CC BY 4.0,https://creativecommons.org/licenses/by/4.0/,Luca Valente,"CC BY 4.0 applies to the original compilation and editorial work by Luca Valente. Underlying third-party data retain their source terms, including Coin Metrics CC BY-NC 4.0 where indicated; this export does not replace those terms."
revenue_quality,2026-10-05,/frasi/4/finestra_giorni,30,"DefiLlama (fees, revenue)","""2026-10-04""",CC BY 4.0,https://creativecommons.org/licenses/by/4.0/,Luca Valente,"CC BY 4.0 applies to the original compilation and editorial work by Luca Valente. Underlying third-party data retain their source terms, including Coin Metrics CC BY-NC 4.0 where indicated; this export does not replace those terms."
revenue_quality,2026-10-05,/frasi/4/base,9,"DefiLlama (fees, revenue)","""2026-10-04""",CC BY 4.0,https://creativecommons.org/licenses/by/4.0/,Luca Valente,"CC BY 4.0 applies to the original compilation and editorial work by Luca Valente. Underlying third-party data retain their source terms, including Coin Metrics CC BY-NC 4.0 where indicated; this export does not replace those terms."
revenue_quality,2026-10-05,/frasi/4/base_minima,5,"DefiLlama (fees, revenue)","""2026-10-04""",CC BY 4.0,https://creativecommons.org/licenses/by/4.0/,Luca Valente,"CC BY 4.0 applies to the original compilation and editorial work by Luca Valente. Underlying third-party data retain their source terms, including Coin Metrics CC BY-NC 4.0 where indicated; this export does not replace those terms."
revenue_quality,2026-10-05,/frasi/4/cancello,"""fermato""","DefiLlama (fees, revenue)","""2026-10-04""",CC BY 4.0,https://creativecommons.org/licenses/by/4.0/,Luca Valente,"CC BY 4.0 applies to the original compilation and editorial work by Luca Valente. Underlying third-party data retain their source terms, including Coin Metrics CC BY-NC 4.0 where indicated; this export does not replace those terms."
revenue_quality,2026-10-05,/frasi/4/motivo,"""stopped by the gate""","DefiLlama (fees, revenue)","""2026-10-04""",CC BY 4.0,https://creativecommons.org/licenses/by/4.0/,Luca Valente,"CC BY 4.0 applies to the original compilation and editorial work by Luca Valente. Underlying third-party data retain their source terms, including Coin Metrics CC BY-NC 4.0 where indicated; this export does not replace those terms."
revenue_quality,2026-10-05,/fonti/0,"""DefiLlama (fees, revenue)""","DefiLlama (fees, revenue)","""2026-10-04""",CC BY 4.0,https://creativecommons.org/licenses/by/4.0/,Luca Valente,"CC BY 4.0 applies to the original compilation and editorial work by Luca Valente. Underlying third-party data retain their source terms, including Coin Metrics CC BY-NC 4.0 where indicated; this export does not replace those terms."
revenue_quality,2026-10-05,/fuori_dal_totale/incasso_a_blocchi/0,"""Ethena USDe""","DefiLlama (fees, revenue)","""2026-10-04""",CC BY 4.0,https://creativecommons.org/licenses/by/4.0/,Luca Valente,"CC BY 4.0 applies to the original compilation and editorial work by Luca Valente. Underlying third-party data retain their source terms, including Coin Metrics CC BY-NC 4.0 where indicated; this export does not replace those terms."
revenue_quality,2026-10-05,/metodo,"""fees, not net revenue or profit; 'ordinary' means statistically regular, not economically verified; protocols whose fees arrive in blocks (1 today) are listed but left out of the total and of the counts, on every day of the history; a day is one-off when the data check flags it as an isolated spike or when it is above 3 times the median of its 30 days; the whole day's fees count as one-off; 30 days through 2026-10-04""","DefiLlama (fees, revenue)","""2026-10-04""",CC BY 4.0,https://creativecommons.org/licenses/by/4.0/,Luca Valente,"CC BY 4.0 applies to the original compilation and editorial work by Luca Valente. Underlying third-party data retain their source terms, including Coin Metrics CC BY-NC 4.0 where indicated; this export does not replace those terms."
revenue_quality,2026-10-05,/cancello,"""ok""","DefiLlama (fees, revenue)","""2026-10-04""",CC BY 4.0,https://creativecommons.org/licenses/by/4.0/,Luca Valente,"CC BY 4.0 applies to the original compilation and editorial work by Luca Valente. Underlying third-party data retain their source terms, including Coin Metrics CC BY-NC 4.0 where indicated; this export does not replace those terms."
revenue_quality,2026-10-05,/cancello_nota,"""gate result for the sentences: ok = at least one sentence passed; each sentence carries its own result; the values in tables and history are not certified one by one""","DefiLlama (fees, revenue)","""2026-10-04""",CC BY 4.0,https://creativecommons.org/licenses/by/4.0/,Luca Valente,"CC BY 4.0 applies to the original compilation and editorial work by Luca Valente. Underlying third-party data retain their source terms, including Coin Metrics CC BY-NC 4.0 where indicated; this export does not replace those terms."
revenue_quality,2026-10-05,/motivi/0,"""totale: stopped by the gate""","DefiLlama (fees, revenue)","""2026-10-04""",CC BY 4.0,https://creativecommons.org/licenses/by/4.0/,Luca Valente,"CC BY 4.0 applies to the original compilation and editorial work by Luca Valente. Underlying third-party data retain their source terms, including Coin Metrics CC BY-NC 4.0 where indicated; this export does not replace those terms."
revenue_quality,2026-10-05,/motivi/1,"""settore_lending: stopped by the gate""","DefiLlama (fees, revenue)","""2026-10-04""",CC BY 4.0,https://creativecommons.org/licenses/by/4.0/,Luca Valente,"CC BY 4.0 applies to the original compilation and editorial work by Luca Valente. Underlying third-party data retain their source terms, including Coin Metrics CC BY-NC 4.0 where indicated; this export does not replace those terms."
revenue_quality,2026-10-05,/motivi/2,"""settore_liquid_staking: stopped by the gate""","DefiLlama (fees, revenue)","""2026-10-04""",CC BY 4.0,https://creativecommons.org/licenses/by/4.0/,Luca Valente,"CC BY 4.0 applies to the original compilation and editorial work by Luca Valente. Underlying third-party data retain their source terms, including Coin Metrics CC BY-NC 4.0 where indicated; this export does not replace those terms."
revenue_quality,2026-10-05,/motivi/3,"""settore_dexs: stopped by the gate""","DefiLlama (fees, revenue)","""2026-10-04""",CC BY 4.0,https://creativecommons.org/licenses/by/4.0/,Luca Valente,"CC BY 4.0 applies to the original compilation and editorial work by Luca Valente. Underlying third-party data retain their source terms, including Coin Metrics CC BY-NC 4.0 where indicated; this export does not replace those terms."
revenue_quality,2026-10-05,/immagini/1600x900,"""immagine_2026-10-05_1600x900.png""","DefiLlama (fees, revenue)","""2026-10-04""",CC BY 4.0,https://creativecommons.org/licenses/by/4.0/,Luca Valente,"CC BY 4.0 applies to the original compilation and editorial work by Luca Valente. Underlying third-party data retain their source terms, including Coin Metrics CC BY-NC 4.0 where indicated; this export does not replace those terms."
revenue_quality,2026-10-05,/immagini/1080x1350,"""immagine_2026-10-05_1080x1350.png""","DefiLlama (fees, revenue)","""2026-10-04""",CC BY 4.0,https://creativecommons.org/licenses/by/4.0/,Luca Valente,"CC BY 4.0 applies to the original compilation and editorial work by Luca Valente. Underlying third-party data retain their source terms, including Coin Metrics CC BY-NC 4.0 where indicated; this export does not replace those terms."
revenue_quality,2026-10-05,/immagine_titolo,"""12 of 40 large protocols had at least one one-off fee day in 30 days""","DefiLlama (fees, revenue)","""2026-10-04""",CC BY 4.0,https://creativecommons.org/licenses/by/4.0/,Luca Valente,"CC BY 4.0 applies to the original compilation and editorial work by Luca Valente. Underlying third-party data retain their source terms, including Coin Metrics CC BY-NC 4.0 where indicated; this export does not replace those terms."
revenue_quality,2026-10-05,/carta_x/file,"""x_card.png""","DefiLlama (fees, revenue)","""2026-10-04""",CC BY 4.0,https://creativecommons.org/licenses/by/4.0/,Luca Valente,"CC BY 4.0 applies to the original compilation and editorial work by Luca Valente. Underlying third-party data retain their source terms, including Coin Metrics CC BY-NC 4.0 where indicated; this export does not replace those terms."
revenue_quality,2026-10-05,/carta_x/formato,"""1200x675""","DefiLlama (fees, revenue)","""2026-10-04""",CC BY 4.0,https://creativecommons.org/licenses/by/4.0/,Luca Valente,"CC BY 4.0 applies to the original compilation and editorial work by Luca Valente. Underlying third-party data retain their source terms, including Coin Metrics CC BY-NC 4.0 where indicated; this export does not replace those terms."
revenue_quality,2026-10-05,/carta_x/data,"""2026-10-01""","DefiLlama (fees, revenue)","""2026-10-04""",CC BY 4.0,https://creativecommons.org/licenses/by/4.0/,Luca Valente,"CC BY 4.0 applies to the original compilation and editorial work by Luca Valente. Underlying third-party data retain their source terms, including Coin Metrics CC BY-NC 4.0 where indicated; this export does not replace those terms."
revenue_quality,2026-10-05,/carta_x/nuova,false,"DefiLlama (fees, revenue)","""2026-10-04""",CC BY 4.0,https://creativecommons.org/licenses/by/4.0/,Luca Valente,"CC BY 4.0 applies to the original compilation and editorial work by Luca Valente. Underlying third-party data retain their source terms, including Coin Metrics CC BY-NC 4.0 where indicated; this export does not replace those terms."
revenue_quality,2026-10-05,/carta_x/motivo,"""no cover layout allowed today by the rules""","DefiLlama (fees, revenue)","""2026-10-04""",CC BY 4.0,https://creativecommons.org/licenses/by/4.0/,Luca Valente,"CC BY 4.0 applies to the original compilation and editorial work by Luca Valente. Underlying third-party data retain their source terms, including Coin Metrics CC BY-NC 4.0 where indicated; this export does not replace those terms."
revenue_quality,2026-10-05,/carta_x/modello,"""B""","DefiLlama (fees, revenue)","""2026-10-04""",CC BY 4.0,https://creativecommons.org/licenses/by/4.0/,Luca Valente,"CC BY 4.0 applies to the original compilation and editorial work by Luca Valente. Underlying third-party data retain their source terms, including Coin Metrics CC BY-NC 4.0 where indicated; this export does not replace those terms."
revenue_quality,2026-10-05,/carta_x/frase_id,"""totale""","DefiLlama (fees, revenue)","""2026-10-04""",CC BY 4.0,https://creativecommons.org/licenses/by/4.0/,Luca Valente,"CC BY 4.0 applies to the original compilation and editorial work by Luca Valente. Underlying third-party data retain their source terms, including Coin Metrics CC BY-NC 4.0 where indicated; this export does not replace those terms."
revenue_quality,2026-10-05,/carta_x/titolo,"""96% of protocol fees came from ordinary days""","DefiLlama (fees, revenue)","""2026-10-04""",CC BY 4.0,https://creativecommons.org/licenses/by/4.0/,Luca Valente,"CC BY 4.0 applies to the original compilation and editorial work by Luca Valente. Underlying third-party data retain their source terms, including Coin Metrics CC BY-NC 4.0 where indicated; this export does not replace those terms."
revenue_quality,2026-10-05,/carta_x/note/0,"""High: 98%, 25 Jul""","DefiLlama (fees, revenue)","""2026-10-04""",CC BY 4.0,https://creativecommons.org/licenses/by/4.0/,Luca Valente,"CC BY 4.0 applies to the original compilation and editorial work by Luca Valente. Underlying third-party data retain their source terms, including Coin Metrics CC BY-NC 4.0 where indicated; this export does not replace those terms."
revenue_quality,2026-10-05,/carta_x/note/1,"""Low: 91%, 10 Sep""","DefiLlama (fees, revenue)","""2026-10-04""",CC BY 4.0,https://creativecommons.org/licenses/by/4.0/,Luca Valente,"CC BY 4.0 applies to the original compilation and editorial work by Luca Valente. Underlying third-party data retain their source terms, including Coin Metrics CC BY-NC 4.0 where indicated; this export does not replace those terms."
revenue_quality,2026-10-05,/carta_x/note/2,"""1 Oct: 96%""","DefiLlama (fees, revenue)","""2026-10-04""",CC BY 4.0,https://creativecommons.org/licenses/by/4.0/,Luca Valente,"CC BY 4.0 applies to the original compilation and editorial work by Luca Valente. Underlying third-party data retain their source terms, including Coin Metrics CC BY-NC 4.0 where indicated; this export does not replace those terms."
revenue_quality,2026-10-05,/immagini_problemi,2,"DefiLlama (fees, revenue)","""2026-10-04""",CC BY 4.0,https://creativecommons.org/licenses/by/4.0/,Luca Valente,"CC BY 4.0 applies to the original compilation and editorial work by Luca Valente. Underlying third-party data retain their source terms, including Coin Metrics CC BY-NC 4.0 where indicated; this export does not replace those terms."
revenue_quality,2026-10-05,/generato_il,"""2026-10-06T03:55:35Z""","DefiLlama (fees, revenue)","""2026-10-04""",CC BY 4.0,https://creativecommons.org/licenses/by/4.0/,Luca Valente,"CC BY 4.0 applies to the original compilation and editorial work by Luca Valente. Underlying third-party data retain their source terms, including Coin Metrics CC BY-NC 4.0 where indicated; this export does not replace those terms."
