cruscotto,data,percorso,valore_json,fonte,dati_fino_a_json,licenza,licenza_url,attribuzione,nota_licenza_fonti
flussi_etf,2026-10-04,/btc/intestazioni/0/0,"""""",https://farside.co.uk/btc/; https://farside.co.uk/eth/,"""Righe datate fino al giorno richiesto; nel weekend ultima seduta precedente. Importi originali in milioni USD; trattini preservati.""",Licenza dei dati terzi non verificata come aperta: valgono i termini della fonte; accesso pubblico non equivale a diritto di ripubblicazione. Codice locale originale CC0; nessuna nuova licenza applicata ai dati.,,Fonti originali,Licenza dei dati terzi non verificata come aperta: valgono i termini della fonte; accesso pubblico non equivale a diritto di ripubblicazione. Codice locale originale CC0; nessuna nuova licenza applicata ai dati.
flussi_etf,2026-10-04,/btc/intestazioni/0/1,"""""",https://farside.co.uk/btc/; https://farside.co.uk/eth/,"""Righe datate fino al giorno richiesto; nel weekend ultima seduta precedente. Importi originali in milioni USD; trattini preservati.""",Licenza dei dati terzi non verificata come aperta: valgono i termini della fonte; accesso pubblico non equivale a diritto di ripubblicazione. Codice locale originale CC0; nessuna nuova licenza applicata ai dati.,,Fonti originali,Licenza dei dati terzi non verificata come aperta: valgono i termini della fonte; accesso pubblico non equivale a diritto di ripubblicazione. Codice locale originale CC0; nessuna nuova licenza applicata ai dati.
flussi_etf,2026-10-04,/btc/intestazioni/0/2,"""""",https://farside.co.uk/btc/; https://farside.co.uk/eth/,"""Righe datate fino al giorno richiesto; nel weekend ultima seduta precedente. Importi originali in milioni USD; trattini preservati.""",Licenza dei dati terzi non verificata come aperta: valgono i termini della fonte; accesso pubblico non equivale a diritto di ripubblicazione. Codice locale originale CC0; nessuna nuova licenza applicata ai dati.,,Fonti originali,Licenza dei dati terzi non verificata come aperta: valgono i termini della fonte; accesso pubblico non equivale a diritto di ripubblicazione. Codice locale originale CC0; nessuna nuova licenza applicata ai dati.
flussi_etf,2026-10-04,/btc/intestazioni/0/3,"""""",https://farside.co.uk/btc/; https://farside.co.uk/eth/,"""Righe datate fino al giorno richiesto; nel weekend ultima seduta precedente. Importi originali in milioni USD; trattini preservati.""",Licenza dei dati terzi non verificata come aperta: valgono i termini della fonte; accesso pubblico non equivale a diritto di ripubblicazione. Codice locale originale CC0; nessuna nuova licenza applicata ai dati.,,Fonti originali,Licenza dei dati terzi non verificata come aperta: valgono i termini della fonte; accesso pubblico non equivale a diritto di ripubblicazione. Codice locale originale CC0; nessuna nuova licenza applicata ai dati.
flussi_etf,2026-10-04,/btc/intestazioni/0/4,"""""",https://farside.co.uk/btc/; https://farside.co.uk/eth/,"""Righe datate fino al giorno richiesto; nel weekend ultima seduta precedente. Importi originali in milioni USD; trattini preservati.""",Licenza dei dati terzi non verificata come aperta: valgono i termini della fonte; accesso pubblico non equivale a diritto di ripubblicazione. Codice locale originale CC0; nessuna nuova licenza applicata ai dati.,,Fonti originali,Licenza dei dati terzi non verificata come aperta: valgono i termini della fonte; accesso pubblico non equivale a diritto di ripubblicazione. Codice locale originale CC0; nessuna nuova licenza applicata ai dati.
flussi_etf,2026-10-04,/btc/intestazioni/0/5,"""""",https://farside.co.uk/btc/; https://farside.co.uk/eth/,"""Righe datate fino al giorno richiesto; nel weekend ultima seduta precedente. Importi originali in milioni USD; trattini preservati.""",Licenza dei dati terzi non verificata come aperta: valgono i termini della fonte; accesso pubblico non equivale a diritto di ripubblicazione. Codice locale originale CC0; nessuna nuova licenza applicata ai dati.,,Fonti originali,Licenza dei dati terzi non verificata come aperta: valgono i termini della fonte; accesso pubblico non equivale a diritto di ripubblicazione. Codice locale originale CC0; nessuna nuova licenza applicata ai dati.
flussi_etf,2026-10-04,/btc/intestazioni/0/6,"""""",https://farside.co.uk/btc/; https://farside.co.uk/eth/,"""Righe datate fino al giorno richiesto; nel weekend ultima seduta precedente. Importi originali in milioni USD; trattini preservati.""",Licenza dei dati terzi non verificata come aperta: valgono i termini della fonte; accesso pubblico non equivale a diritto di ripubblicazione. Codice locale originale CC0; nessuna nuova licenza applicata ai dati.,,Fonti originali,Licenza dei dati terzi non verificata come aperta: valgono i termini della fonte; accesso pubblico non equivale a diritto di ripubblicazione. Codice locale originale CC0; nessuna nuova licenza applicata ai dati.
flussi_etf,2026-10-04,/btc/intestazioni/0/7,"""""",https://farside.co.uk/btc/; https://farside.co.uk/eth/,"""Righe datate fino al giorno richiesto; nel weekend ultima seduta precedente. Importi originali in milioni USD; trattini preservati.""",Licenza dei dati terzi non verificata come aperta: valgono i termini della fonte; accesso pubblico non equivale a diritto di ripubblicazione. Codice locale originale CC0; nessuna nuova licenza applicata ai dati.,,Fonti originali,Licenza dei dati terzi non verificata come aperta: valgono i termini della fonte; accesso pubblico non equivale a diritto di ripubblicazione. Codice locale originale CC0; nessuna nuova licenza applicata ai dati.
flussi_etf,2026-10-04,/btc/intestazioni/0/8,"""""",https://farside.co.uk/btc/; https://farside.co.uk/eth/,"""Righe datate fino al giorno richiesto; nel weekend ultima seduta precedente. Importi originali in milioni USD; trattini preservati.""",Licenza dei dati terzi non verificata come aperta: valgono i termini della fonte; accesso pubblico non equivale a diritto di ripubblicazione. Codice locale originale CC0; nessuna nuova licenza applicata ai dati.,,Fonti originali,Licenza dei dati terzi non verificata come aperta: valgono i termini della fonte; accesso pubblico non equivale a diritto di ripubblicazione. Codice locale originale CC0; nessuna nuova licenza applicata ai dati.
flussi_etf,2026-10-04,/btc/intestazioni/0/9,"""""",https://farside.co.uk/btc/; https://farside.co.uk/eth/,"""Righe datate fino al giorno richiesto; nel weekend ultima seduta precedente. Importi originali in milioni USD; trattini preservati.""",Licenza dei dati terzi non verificata come aperta: valgono i termini della fonte; accesso pubblico non equivale a diritto di ripubblicazione. Codice locale originale CC0; nessuna nuova licenza applicata ai dati.,,Fonti originali,Licenza dei dati terzi non verificata come aperta: valgono i termini della fonte; accesso pubblico non equivale a diritto di ripubblicazione. Codice locale originale CC0; nessuna nuova licenza applicata ai dati.
flussi_etf,2026-10-04,/btc/intestazioni/0/10,"""""",https://farside.co.uk/btc/; https://farside.co.uk/eth/,"""Righe datate fino al giorno richiesto; nel weekend ultima seduta precedente. Importi originali in milioni USD; trattini preservati.""",Licenza dei dati terzi non verificata come aperta: valgono i termini della fonte; accesso pubblico non equivale a diritto di ripubblicazione. Codice locale originale CC0; nessuna nuova licenza applicata ai dati.,,Fonti originali,Licenza dei dati terzi non verificata come aperta: valgono i termini della fonte; accesso pubblico non equivale a diritto di ripubblicazione. Codice locale originale CC0; nessuna nuova licenza applicata ai dati.
flussi_etf,2026-10-04,/btc/intestazioni/0/11,"""""",https://farside.co.uk/btc/; https://farside.co.uk/eth/,"""Righe datate fino al giorno richiesto; nel weekend ultima seduta precedente. Importi originali in milioni USD; trattini preservati.""",Licenza dei dati terzi non verificata come aperta: valgono i termini della fonte; accesso pubblico non equivale a diritto di ripubblicazione. Codice locale originale CC0; nessuna nuova licenza applicata ai dati.,,Fonti originali,Licenza dei dati terzi non verificata come aperta: valgono i termini della fonte; accesso pubblico non equivale a diritto di ripubblicazione. Codice locale originale CC0; nessuna nuova licenza applicata ai dati.
flussi_etf,2026-10-04,/btc/intestazioni/0/12,"""""",https://farside.co.uk/btc/; https://farside.co.uk/eth/,"""Righe datate fino al giorno richiesto; nel weekend ultima seduta precedente. Importi originali in milioni USD; trattini preservati.""",Licenza dei dati terzi non verificata come aperta: valgono i termini della fonte; accesso pubblico non equivale a diritto di ripubblicazione. Codice locale originale CC0; nessuna nuova licenza applicata ai dati.,,Fonti originali,Licenza dei dati terzi non verificata come aperta: valgono i termini della fonte; accesso pubblico non equivale a diritto di ripubblicazione. Codice locale originale CC0; nessuna nuova licenza applicata ai dati.
flussi_etf,2026-10-04,/btc/intestazioni/0/13,"""Total""",https://farside.co.uk/btc/; https://farside.co.uk/eth/,"""Righe datate fino al giorno richiesto; nel weekend ultima seduta precedente. Importi originali in milioni USD; trattini preservati.""",Licenza dei dati terzi non verificata come aperta: valgono i termini della fonte; accesso pubblico non equivale a diritto di ripubblicazione. Codice locale originale CC0; nessuna nuova licenza applicata ai dati.,,Fonti originali,Licenza dei dati terzi non verificata come aperta: valgono i termini della fonte; accesso pubblico non equivale a diritto di ripubblicazione. Codice locale originale CC0; nessuna nuova licenza applicata ai dati.
flussi_etf,2026-10-04,/btc/intestazioni/1/0,"""""",https://farside.co.uk/btc/; https://farside.co.uk/eth/,"""Righe datate fino al giorno richiesto; nel weekend ultima seduta precedente. Importi originali in milioni USD; trattini preservati.""",Licenza dei dati terzi non verificata come aperta: valgono i termini della fonte; accesso pubblico non equivale a diritto di ripubblicazione. Codice locale originale CC0; nessuna nuova licenza applicata ai dati.,,Fonti originali,Licenza dei dati terzi non verificata come aperta: valgono i termini della fonte; accesso pubblico non equivale a diritto di ripubblicazione. Codice locale originale CC0; nessuna nuova licenza applicata ai dati.
flussi_etf,2026-10-04,/btc/intestazioni/1/1,"""IBIT""",https://farside.co.uk/btc/; https://farside.co.uk/eth/,"""Righe datate fino al giorno richiesto; nel weekend ultima seduta precedente. Importi originali in milioni USD; trattini preservati.""",Licenza dei dati terzi non verificata come aperta: valgono i termini della fonte; accesso pubblico non equivale a diritto di ripubblicazione. Codice locale originale CC0; nessuna nuova licenza applicata ai dati.,,Fonti originali,Licenza dei dati terzi non verificata come aperta: valgono i termini della fonte; accesso pubblico non equivale a diritto di ripubblicazione. Codice locale originale CC0; nessuna nuova licenza applicata ai dati.
flussi_etf,2026-10-04,/btc/intestazioni/1/2,"""FBTC""",https://farside.co.uk/btc/; https://farside.co.uk/eth/,"""Righe datate fino al giorno richiesto; nel weekend ultima seduta precedente. Importi originali in milioni USD; trattini preservati.""",Licenza dei dati terzi non verificata come aperta: valgono i termini della fonte; accesso pubblico non equivale a diritto di ripubblicazione. Codice locale originale CC0; nessuna nuova licenza applicata ai dati.,,Fonti originali,Licenza dei dati terzi non verificata come aperta: valgono i termini della fonte; accesso pubblico non equivale a diritto di ripubblicazione. Codice locale originale CC0; nessuna nuova licenza applicata ai dati.
flussi_etf,2026-10-04,/btc/intestazioni/1/3,"""BITB""",https://farside.co.uk/btc/; https://farside.co.uk/eth/,"""Righe datate fino al giorno richiesto; nel weekend ultima seduta precedente. Importi originali in milioni USD; trattini preservati.""",Licenza dei dati terzi non verificata come aperta: valgono i termini della fonte; accesso pubblico non equivale a diritto di ripubblicazione. Codice locale originale CC0; nessuna nuova licenza applicata ai dati.,,Fonti originali,Licenza dei dati terzi non verificata come aperta: valgono i termini della fonte; accesso pubblico non equivale a diritto di ripubblicazione. Codice locale originale CC0; nessuna nuova licenza applicata ai dati.
flussi_etf,2026-10-04,/btc/intestazioni/1/4,"""ARKB""",https://farside.co.uk/btc/; https://farside.co.uk/eth/,"""Righe datate fino al giorno richiesto; nel weekend ultima seduta precedente. Importi originali in milioni USD; trattini preservati.""",Licenza dei dati terzi non verificata come aperta: valgono i termini della fonte; accesso pubblico non equivale a diritto di ripubblicazione. Codice locale originale CC0; nessuna nuova licenza applicata ai dati.,,Fonti originali,Licenza dei dati terzi non verificata come aperta: valgono i termini della fonte; accesso pubblico non equivale a diritto di ripubblicazione. Codice locale originale CC0; nessuna nuova licenza applicata ai dati.
flussi_etf,2026-10-04,/btc/intestazioni/1/5,"""BTCO""",https://farside.co.uk/btc/; https://farside.co.uk/eth/,"""Righe datate fino al giorno richiesto; nel weekend ultima seduta precedente. Importi originali in milioni USD; trattini preservati.""",Licenza dei dati terzi non verificata come aperta: valgono i termini della fonte; accesso pubblico non equivale a diritto di ripubblicazione. Codice locale originale CC0; nessuna nuova licenza applicata ai dati.,,Fonti originali,Licenza dei dati terzi non verificata come aperta: valgono i termini della fonte; accesso pubblico non equivale a diritto di ripubblicazione. Codice locale originale CC0; nessuna nuova licenza applicata ai dati.
flussi_etf,2026-10-04,/btc/intestazioni/1/6,"""EZBC""",https://farside.co.uk/btc/; https://farside.co.uk/eth/,"""Righe datate fino al giorno richiesto; nel weekend ultima seduta precedente. Importi originali in milioni USD; trattini preservati.""",Licenza dei dati terzi non verificata come aperta: valgono i termini della fonte; accesso pubblico non equivale a diritto di ripubblicazione. Codice locale originale CC0; nessuna nuova licenza applicata ai dati.,,Fonti originali,Licenza dei dati terzi non verificata come aperta: valgono i termini della fonte; accesso pubblico non equivale a diritto di ripubblicazione. Codice locale originale CC0; nessuna nuova licenza applicata ai dati.
flussi_etf,2026-10-04,/btc/intestazioni/1/7,"""BRRR""",https://farside.co.uk/btc/; https://farside.co.uk/eth/,"""Righe datate fino al giorno richiesto; nel weekend ultima seduta precedente. Importi originali in milioni USD; trattini preservati.""",Licenza dei dati terzi non verificata come aperta: valgono i termini della fonte; accesso pubblico non equivale a diritto di ripubblicazione. Codice locale originale CC0; nessuna nuova licenza applicata ai dati.,,Fonti originali,Licenza dei dati terzi non verificata come aperta: valgono i termini della fonte; accesso pubblico non equivale a diritto di ripubblicazione. Codice locale originale CC0; nessuna nuova licenza applicata ai dati.
flussi_etf,2026-10-04,/btc/intestazioni/1/8,"""HODL""",https://farside.co.uk/btc/; https://farside.co.uk/eth/,"""Righe datate fino al giorno richiesto; nel weekend ultima seduta precedente. Importi originali in milioni USD; trattini preservati.""",Licenza dei dati terzi non verificata come aperta: valgono i termini della fonte; accesso pubblico non equivale a diritto di ripubblicazione. Codice locale originale CC0; nessuna nuova licenza applicata ai dati.,,Fonti originali,Licenza dei dati terzi non verificata come aperta: valgono i termini della fonte; accesso pubblico non equivale a diritto di ripubblicazione. Codice locale originale CC0; nessuna nuova licenza applicata ai dati.
flussi_etf,2026-10-04,/btc/intestazioni/1/9,"""BTCW""",https://farside.co.uk/btc/; https://farside.co.uk/eth/,"""Righe datate fino al giorno richiesto; nel weekend ultima seduta precedente. Importi originali in milioni USD; trattini preservati.""",Licenza dei dati terzi non verificata come aperta: valgono i termini della fonte; accesso pubblico non equivale a diritto di ripubblicazione. Codice locale originale CC0; nessuna nuova licenza applicata ai dati.,,Fonti originali,Licenza dei dati terzi non verificata come aperta: valgono i termini della fonte; accesso pubblico non equivale a diritto di ripubblicazione. Codice locale originale CC0; nessuna nuova licenza applicata ai dati.
flussi_etf,2026-10-04,/btc/intestazioni/1/10,"""MSBT""",https://farside.co.uk/btc/; https://farside.co.uk/eth/,"""Righe datate fino al giorno richiesto; nel weekend ultima seduta precedente. Importi originali in milioni USD; trattini preservati.""",Licenza dei dati terzi non verificata come aperta: valgono i termini della fonte; accesso pubblico non equivale a diritto di ripubblicazione. Codice locale originale CC0; nessuna nuova licenza applicata ai dati.,,Fonti originali,Licenza dei dati terzi non verificata come aperta: valgono i termini della fonte; accesso pubblico non equivale a diritto di ripubblicazione. Codice locale originale CC0; nessuna nuova licenza applicata ai dati.
flussi_etf,2026-10-04,/btc/intestazioni/1/11,"""GBTC""",https://farside.co.uk/btc/; https://farside.co.uk/eth/,"""Righe datate fino al giorno richiesto; nel weekend ultima seduta precedente. Importi originali in milioni USD; trattini preservati.""",Licenza dei dati terzi non verificata come aperta: valgono i termini della fonte; accesso pubblico non equivale a diritto di ripubblicazione. Codice locale originale CC0; nessuna nuova licenza applicata ai dati.,,Fonti originali,Licenza dei dati terzi non verificata come aperta: valgono i termini della fonte; accesso pubblico non equivale a diritto di ripubblicazione. Codice locale originale CC0; nessuna nuova licenza applicata ai dati.
flussi_etf,2026-10-04,/btc/intestazioni/1/12,"""BTC""",https://farside.co.uk/btc/; https://farside.co.uk/eth/,"""Righe datate fino al giorno richiesto; nel weekend ultima seduta precedente. Importi originali in milioni USD; trattini preservati.""",Licenza dei dati terzi non verificata come aperta: valgono i termini della fonte; accesso pubblico non equivale a diritto di ripubblicazione. Codice locale originale CC0; nessuna nuova licenza applicata ai dati.,,Fonti originali,Licenza dei dati terzi non verificata come aperta: valgono i termini della fonte; accesso pubblico non equivale a diritto di ripubblicazione. Codice locale originale CC0; nessuna nuova licenza applicata ai dati.
flussi_etf,2026-10-04,/btc/intestazioni/1/13,"""""",https://farside.co.uk/btc/; https://farside.co.uk/eth/,"""Righe datate fino al giorno richiesto; nel weekend ultima seduta precedente. Importi originali in milioni USD; trattini preservati.""",Licenza dei dati terzi non verificata come aperta: valgono i termini della fonte; accesso pubblico non equivale a diritto di ripubblicazione. Codice locale originale CC0; nessuna nuova licenza applicata ai dati.,,Fonti originali,Licenza dei dati terzi non verificata come aperta: valgono i termini della fonte; accesso pubblico non equivale a diritto di ripubblicazione. Codice locale originale CC0; nessuna nuova licenza applicata ai dati.
flussi_etf,2026-10-04,/btc/righe/0/data,"""2026-09-16""",https://farside.co.uk/btc/; https://farside.co.uk/eth/,"""Righe datate fino al giorno richiesto; nel weekend ultima seduta precedente. Importi originali in milioni USD; trattini preservati.""",Licenza dei dati terzi non verificata come aperta: valgono i termini della fonte; accesso pubblico non equivale a diritto di ripubblicazione. Codice locale originale CC0; nessuna nuova licenza applicata ai dati.,,Fonti originali,Licenza dei dati terzi non verificata come aperta: valgono i termini della fonte; accesso pubblico non equivale a diritto di ripubblicazione. Codice locale originale CC0; nessuna nuova licenza applicata ai dati.
flussi_etf,2026-10-04,/btc/righe/0/celle_originali/0,"""16 Sep 2026""",https://farside.co.uk/btc/; https://farside.co.uk/eth/,"""Righe datate fino al giorno richiesto; nel weekend ultima seduta precedente. Importi originali in milioni USD; trattini preservati.""",Licenza dei dati terzi non verificata come aperta: valgono i termini della fonte; accesso pubblico non equivale a diritto di ripubblicazione. Codice locale originale CC0; nessuna nuova licenza applicata ai dati.,,Fonti originali,Licenza dei dati terzi non verificata come aperta: valgono i termini della fonte; accesso pubblico non equivale a diritto di ripubblicazione. Codice locale originale CC0; nessuna nuova licenza applicata ai dati.
flussi_etf,2026-10-04,/btc/righe/0/celle_originali/1,"""(144.1)""",https://farside.co.uk/btc/; https://farside.co.uk/eth/,"""Righe datate fino al giorno richiesto; nel weekend ultima seduta precedente. Importi originali in milioni USD; trattini preservati.""",Licenza dei dati terzi non verificata come aperta: valgono i termini della fonte; accesso pubblico non equivale a diritto di ripubblicazione. Codice locale originale CC0; nessuna nuova licenza applicata ai dati.,,Fonti originali,Licenza dei dati terzi non verificata come aperta: valgono i termini della fonte; accesso pubblico non equivale a diritto di ripubblicazione. Codice locale originale CC0; nessuna nuova licenza applicata ai dati.
flussi_etf,2026-10-04,/btc/righe/0/celle_originali/2,"""(52.7)""",https://farside.co.uk/btc/; https://farside.co.uk/eth/,"""Righe datate fino al giorno richiesto; nel weekend ultima seduta precedente. Importi originali in milioni USD; trattini preservati.""",Licenza dei dati terzi non verificata come aperta: valgono i termini della fonte; accesso pubblico non equivale a diritto di ripubblicazione. Codice locale originale CC0; nessuna nuova licenza applicata ai dati.,,Fonti originali,Licenza dei dati terzi non verificata come aperta: valgono i termini della fonte; accesso pubblico non equivale a diritto di ripubblicazione. Codice locale originale CC0; nessuna nuova licenza applicata ai dati.
flussi_etf,2026-10-04,/btc/righe/0/celle_originali/3,"""0.0""",https://farside.co.uk/btc/; https://farside.co.uk/eth/,"""Righe datate fino al giorno richiesto; nel weekend ultima seduta precedente. Importi originali in milioni USD; trattini preservati.""",Licenza dei dati terzi non verificata come aperta: valgono i termini della fonte; accesso pubblico non equivale a diritto di ripubblicazione. Codice locale originale CC0; nessuna nuova licenza applicata ai dati.,,Fonti originali,Licenza dei dati terzi non verificata come aperta: valgono i termini della fonte; accesso pubblico non equivale a diritto di ripubblicazione. Codice locale originale CC0; nessuna nuova licenza applicata ai dati.
flussi_etf,2026-10-04,/btc/righe/0/celle_originali/4,"""(84.4)""",https://farside.co.uk/btc/; https://farside.co.uk/eth/,"""Righe datate fino al giorno richiesto; nel weekend ultima seduta precedente. Importi originali in milioni USD; trattini preservati.""",Licenza dei dati terzi non verificata come aperta: valgono i termini della fonte; accesso pubblico non equivale a diritto di ripubblicazione. Codice locale originale CC0; nessuna nuova licenza applicata ai dati.,,Fonti originali,Licenza dei dati terzi non verificata come aperta: valgono i termini della fonte; accesso pubblico non equivale a diritto di ripubblicazione. Codice locale originale CC0; nessuna nuova licenza applicata ai dati.
flussi_etf,2026-10-04,/btc/righe/0/celle_originali/5,"""0.0""",https://farside.co.uk/btc/; https://farside.co.uk/eth/,"""Righe datate fino al giorno richiesto; nel weekend ultima seduta precedente. Importi originali in milioni USD; trattini preservati.""",Licenza dei dati terzi non verificata come aperta: valgono i termini della fonte; accesso pubblico non equivale a diritto di ripubblicazione. Codice locale originale CC0; nessuna nuova licenza applicata ai dati.,,Fonti originali,Licenza dei dati terzi non verificata come aperta: valgono i termini della fonte; accesso pubblico non equivale a diritto di ripubblicazione. Codice locale originale CC0; nessuna nuova licenza applicata ai dati.
flussi_etf,2026-10-04,/btc/righe/0/celle_originali/6,"""0.0""",https://farside.co.uk/btc/; https://farside.co.uk/eth/,"""Righe datate fino al giorno richiesto; nel weekend ultima seduta precedente. Importi originali in milioni USD; trattini preservati.""",Licenza dei dati terzi non verificata come aperta: valgono i termini della fonte; accesso pubblico non equivale a diritto di ripubblicazione. Codice locale originale CC0; nessuna nuova licenza applicata ai dati.,,Fonti originali,Licenza dei dati terzi non verificata come aperta: valgono i termini della fonte; accesso pubblico non equivale a diritto di ripubblicazione. Codice locale originale CC0; nessuna nuova licenza applicata ai dati.
flussi_etf,2026-10-04,/btc/righe/0/celle_originali/7,"""0.0""",https://farside.co.uk/btc/; https://farside.co.uk/eth/,"""Righe datate fino al giorno richiesto; nel weekend ultima seduta precedente. Importi originali in milioni USD; trattini preservati.""",Licenza dei dati terzi non verificata come aperta: valgono i termini della fonte; accesso pubblico non equivale a diritto di ripubblicazione. Codice locale originale CC0; nessuna nuova licenza applicata ai dati.,,Fonti originali,Licenza dei dati terzi non verificata come aperta: valgono i termini della fonte; accesso pubblico non equivale a diritto di ripubblicazione. Codice locale originale CC0; nessuna nuova licenza applicata ai dati.
flussi_etf,2026-10-04,/btc/righe/0/celle_originali/8,"""0.0""",https://farside.co.uk/btc/; https://farside.co.uk/eth/,"""Righe datate fino al giorno richiesto; nel weekend ultima seduta precedente. Importi originali in milioni USD; trattini preservati.""",Licenza dei dati terzi non verificata come aperta: valgono i termini della fonte; accesso pubblico non equivale a diritto di ripubblicazione. Codice locale originale CC0; nessuna nuova licenza applicata ai dati.,,Fonti originali,Licenza dei dati terzi non verificata come aperta: valgono i termini della fonte; accesso pubblico non equivale a diritto di ripubblicazione. Codice locale originale CC0; nessuna nuova licenza applicata ai dati.
flussi_etf,2026-10-04,/btc/righe/0/celle_originali/9,"""0.0""",https://farside.co.uk/btc/; https://farside.co.uk/eth/,"""Righe datate fino al giorno richiesto; nel weekend ultima seduta precedente. Importi originali in milioni USD; trattini preservati.""",Licenza dei dati terzi non verificata come aperta: valgono i termini della fonte; accesso pubblico non equivale a diritto di ripubblicazione. Codice locale originale CC0; nessuna nuova licenza applicata ai dati.,,Fonti originali,Licenza dei dati terzi non verificata come aperta: valgono i termini della fonte; accesso pubblico non equivale a diritto di ripubblicazione. Codice locale originale CC0; nessuna nuova licenza applicata ai dati.
flussi_etf,2026-10-04,/btc/righe/0/celle_originali/10,"""3.5""",https://farside.co.uk/btc/; https://farside.co.uk/eth/,"""Righe datate fino al giorno richiesto; nel weekend ultima seduta precedente. Importi originali in milioni USD; trattini preservati.""",Licenza dei dati terzi non verificata come aperta: valgono i termini della fonte; accesso pubblico non equivale a diritto di ripubblicazione. Codice locale originale CC0; nessuna nuova licenza applicata ai dati.,,Fonti originali,Licenza dei dati terzi non verificata come aperta: valgono i termini della fonte; accesso pubblico non equivale a diritto di ripubblicazione. Codice locale originale CC0; nessuna nuova licenza applicata ai dati.
flussi_etf,2026-10-04,/btc/righe/0/celle_originali/11,"""(18.2)""",https://farside.co.uk/btc/; https://farside.co.uk/eth/,"""Righe datate fino al giorno richiesto; nel weekend ultima seduta precedente. Importi originali in milioni USD; trattini preservati.""",Licenza dei dati terzi non verificata come aperta: valgono i termini della fonte; accesso pubblico non equivale a diritto di ripubblicazione. Codice locale originale CC0; nessuna nuova licenza applicata ai dati.,,Fonti originali,Licenza dei dati terzi non verificata come aperta: valgono i termini della fonte; accesso pubblico non equivale a diritto di ripubblicazione. Codice locale originale CC0; nessuna nuova licenza applicata ai dati.
flussi_etf,2026-10-04,/btc/righe/0/celle_originali/12,"""0.0""",https://farside.co.uk/btc/; https://farside.co.uk/eth/,"""Righe datate fino al giorno richiesto; nel weekend ultima seduta precedente. Importi originali in milioni USD; trattini preservati.""",Licenza dei dati terzi non verificata come aperta: valgono i termini della fonte; accesso pubblico non equivale a diritto di ripubblicazione. Codice locale originale CC0; nessuna nuova licenza applicata ai dati.,,Fonti originali,Licenza dei dati terzi non verificata come aperta: valgono i termini della fonte; accesso pubblico non equivale a diritto di ripubblicazione. Codice locale originale CC0; nessuna nuova licenza applicata ai dati.
flussi_etf,2026-10-04,/btc/righe/0/celle_originali/13,"""(295.9)""",https://farside.co.uk/btc/; https://farside.co.uk/eth/,"""Righe datate fino al giorno richiesto; nel weekend ultima seduta precedente. Importi originali in milioni USD; trattini preservati.""",Licenza dei dati terzi non verificata come aperta: valgono i termini della fonte; accesso pubblico non equivale a diritto di ripubblicazione. Codice locale originale CC0; nessuna nuova licenza applicata ai dati.,,Fonti originali,Licenza dei dati terzi non verificata come aperta: valgono i termini della fonte; accesso pubblico non equivale a diritto di ripubblicazione. Codice locale originale CC0; nessuna nuova licenza applicata ai dati.
flussi_etf,2026-10-04,/btc/righe/1/data,"""2026-09-17""",https://farside.co.uk/btc/; https://farside.co.uk/eth/,"""Righe datate fino al giorno richiesto; nel weekend ultima seduta precedente. Importi originali in milioni USD; trattini preservati.""",Licenza dei dati terzi non verificata come aperta: valgono i termini della fonte; accesso pubblico non equivale a diritto di ripubblicazione. Codice locale originale CC0; nessuna nuova licenza applicata ai dati.,,Fonti originali,Licenza dei dati terzi non verificata come aperta: valgono i termini della fonte; accesso pubblico non equivale a diritto di ripubblicazione. Codice locale originale CC0; nessuna nuova licenza applicata ai dati.
flussi_etf,2026-10-04,/btc/righe/1/celle_originali/0,"""17 Sep 2026""",https://farside.co.uk/btc/; https://farside.co.uk/eth/,"""Righe datate fino al giorno richiesto; nel weekend ultima seduta precedente. Importi originali in milioni USD; trattini preservati.""",Licenza dei dati terzi non verificata come aperta: valgono i termini della fonte; accesso pubblico non equivale a diritto di ripubblicazione. Codice locale originale CC0; nessuna nuova licenza applicata ai dati.,,Fonti originali,Licenza dei dati terzi non verificata come aperta: valgono i termini della fonte; accesso pubblico non equivale a diritto di ripubblicazione. Codice locale originale CC0; nessuna nuova licenza applicata ai dati.
flussi_etf,2026-10-04,/btc/righe/1/celle_originali/1,"""183.7""",https://farside.co.uk/btc/; https://farside.co.uk/eth/,"""Righe datate fino al giorno richiesto; nel weekend ultima seduta precedente. Importi originali in milioni USD; trattini preservati.""",Licenza dei dati terzi non verificata come aperta: valgono i termini della fonte; accesso pubblico non equivale a diritto di ripubblicazione. Codice locale originale CC0; nessuna nuova licenza applicata ai dati.,,Fonti originali,Licenza dei dati terzi non verificata come aperta: valgono i termini della fonte; accesso pubblico non equivale a diritto di ripubblicazione. Codice locale originale CC0; nessuna nuova licenza applicata ai dati.
flussi_etf,2026-10-04,/btc/righe/1/celle_originali/2,"""(16.6)""",https://farside.co.uk/btc/; https://farside.co.uk/eth/,"""Righe datate fino al giorno richiesto; nel weekend ultima seduta precedente. Importi originali in milioni USD; trattini preservati.""",Licenza dei dati terzi non verificata come aperta: valgono i termini della fonte; accesso pubblico non equivale a diritto di ripubblicazione. Codice locale originale CC0; nessuna nuova licenza applicata ai dati.,,Fonti originali,Licenza dei dati terzi non verificata come aperta: valgono i termini della fonte; accesso pubblico non equivale a diritto di ripubblicazione. Codice locale originale CC0; nessuna nuova licenza applicata ai dati.
flussi_etf,2026-10-04,/btc/righe/1/celle_originali/3,"""0.0""",https://farside.co.uk/btc/; https://farside.co.uk/eth/,"""Righe datate fino al giorno richiesto; nel weekend ultima seduta precedente. Importi originali in milioni USD; trattini preservati.""",Licenza dei dati terzi non verificata come aperta: valgono i termini della fonte; accesso pubblico non equivale a diritto di ripubblicazione. Codice locale originale CC0; nessuna nuova licenza applicata ai dati.,,Fonti originali,Licenza dei dati terzi non verificata come aperta: valgono i termini della fonte; accesso pubblico non equivale a diritto di ripubblicazione. Codice locale originale CC0; nessuna nuova licenza applicata ai dati.
flussi_etf,2026-10-04,/btc/righe/1/celle_originali/4,"""0.0""",https://farside.co.uk/btc/; https://farside.co.uk/eth/,"""Righe datate fino al giorno richiesto; nel weekend ultima seduta precedente. Importi originali in milioni USD; trattini preservati.""",Licenza dei dati terzi non verificata come aperta: valgono i termini della fonte; accesso pubblico non equivale a diritto di ripubblicazione. Codice locale originale CC0; nessuna nuova licenza applicata ai dati.,,Fonti originali,Licenza dei dati terzi non verificata come aperta: valgono i termini della fonte; accesso pubblico non equivale a diritto di ripubblicazione. Codice locale originale CC0; nessuna nuova licenza applicata ai dati.
flussi_etf,2026-10-04,/btc/righe/1/celle_originali/5,"""0.0""",https://farside.co.uk/btc/; https://farside.co.uk/eth/,"""Righe datate fino al giorno richiesto; nel weekend ultima seduta precedente. Importi originali in milioni USD; trattini preservati.""",Licenza dei dati terzi non verificata come aperta: valgono i termini della fonte; accesso pubblico non equivale a diritto di ripubblicazione. Codice locale originale CC0; nessuna nuova licenza applicata ai dati.,,Fonti originali,Licenza dei dati terzi non verificata come aperta: valgono i termini della fonte; accesso pubblico non equivale a diritto di ripubblicazione. Codice locale originale CC0; nessuna nuova licenza applicata ai dati.
flussi_etf,2026-10-04,/btc/righe/1/celle_originali/6,"""0.0""",https://farside.co.uk/btc/; https://farside.co.uk/eth/,"""Righe datate fino al giorno richiesto; nel weekend ultima seduta precedente. Importi originali in milioni USD; trattini preservati.""",Licenza dei dati terzi non verificata come aperta: valgono i termini della fonte; accesso pubblico non equivale a diritto di ripubblicazione. Codice locale originale CC0; nessuna nuova licenza applicata ai dati.,,Fonti originali,Licenza dei dati terzi non verificata come aperta: valgono i termini della fonte; accesso pubblico non equivale a diritto di ripubblicazione. Codice locale originale CC0; nessuna nuova licenza applicata ai dati.
flussi_etf,2026-10-04,/btc/righe/1/celle_originali/7,"""0.0""",https://farside.co.uk/btc/; https://farside.co.uk/eth/,"""Righe datate fino al giorno richiesto; nel weekend ultima seduta precedente. Importi originali in milioni USD; trattini preservati.""",Licenza dei dati terzi non verificata come aperta: valgono i termini della fonte; accesso pubblico non equivale a diritto di ripubblicazione. Codice locale originale CC0; nessuna nuova licenza applicata ai dati.,,Fonti originali,Licenza dei dati terzi non verificata come aperta: valgono i termini della fonte; accesso pubblico non equivale a diritto di ripubblicazione. Codice locale originale CC0; nessuna nuova licenza applicata ai dati.
flussi_etf,2026-10-04,/btc/righe/1/celle_originali/8,"""(7.6)""",https://farside.co.uk/btc/; https://farside.co.uk/eth/,"""Righe datate fino al giorno richiesto; nel weekend ultima seduta precedente. Importi originali in milioni USD; trattini preservati.""",Licenza dei dati terzi non verificata come aperta: valgono i termini della fonte; accesso pubblico non equivale a diritto di ripubblicazione. Codice locale originale CC0; nessuna nuova licenza applicata ai dati.,,Fonti originali,Licenza dei dati terzi non verificata come aperta: valgono i termini della fonte; accesso pubblico non equivale a diritto di ripubblicazione. Codice locale originale CC0; nessuna nuova licenza applicata ai dati.
flussi_etf,2026-10-04,/btc/righe/1/celle_originali/9,"""0.0""",https://farside.co.uk/btc/; https://farside.co.uk/eth/,"""Righe datate fino al giorno richiesto; nel weekend ultima seduta precedente. Importi originali in milioni USD; trattini preservati.""",Licenza dei dati terzi non verificata come aperta: valgono i termini della fonte; accesso pubblico non equivale a diritto di ripubblicazione. Codice locale originale CC0; nessuna nuova licenza applicata ai dati.,,Fonti originali,Licenza dei dati terzi non verificata come aperta: valgono i termini della fonte; accesso pubblico non equivale a diritto di ripubblicazione. Codice locale originale CC0; nessuna nuova licenza applicata ai dati.
flussi_etf,2026-10-04,/btc/righe/1/celle_originali/10,"""0.0""",https://farside.co.uk/btc/; https://farside.co.uk/eth/,"""Righe datate fino al giorno richiesto; nel weekend ultima seduta precedente. Importi originali in milioni USD; trattini preservati.""",Licenza dei dati terzi non verificata come aperta: valgono i termini della fonte; accesso pubblico non equivale a diritto di ripubblicazione. Codice locale originale CC0; nessuna nuova licenza applicata ai dati.,,Fonti originali,Licenza dei dati terzi non verificata come aperta: valgono i termini della fonte; accesso pubblico non equivale a diritto di ripubblicazione. Codice locale originale CC0; nessuna nuova licenza applicata ai dati.
flussi_etf,2026-10-04,/btc/righe/1/celle_originali/11,"""0.0""",https://farside.co.uk/btc/; https://farside.co.uk/eth/,"""Righe datate fino al giorno richiesto; nel weekend ultima seduta precedente. Importi originali in milioni USD; trattini preservati.""",Licenza dei dati terzi non verificata come aperta: valgono i termini della fonte; accesso pubblico non equivale a diritto di ripubblicazione. Codice locale originale CC0; nessuna nuova licenza applicata ai dati.,,Fonti originali,Licenza dei dati terzi non verificata come aperta: valgono i termini della fonte; accesso pubblico non equivale a diritto di ripubblicazione. Codice locale originale CC0; nessuna nuova licenza applicata ai dati.
flussi_etf,2026-10-04,/btc/righe/1/celle_originali/12,"""0.0""",https://farside.co.uk/btc/; https://farside.co.uk/eth/,"""Righe datate fino al giorno richiesto; nel weekend ultima seduta precedente. Importi originali in milioni USD; trattini preservati.""",Licenza dei dati terzi non verificata come aperta: valgono i termini della fonte; accesso pubblico non equivale a diritto di ripubblicazione. Codice locale originale CC0; nessuna nuova licenza applicata ai dati.,,Fonti originali,Licenza dei dati terzi non verificata come aperta: valgono i termini della fonte; accesso pubblico non equivale a diritto di ripubblicazione. Codice locale originale CC0; nessuna nuova licenza applicata ai dati.
flussi_etf,2026-10-04,/btc/righe/1/celle_originali/13,"""159.5""",https://farside.co.uk/btc/; https://farside.co.uk/eth/,"""Righe datate fino al giorno richiesto; nel weekend ultima seduta precedente. Importi originali in milioni USD; trattini preservati.""",Licenza dei dati terzi non verificata come aperta: valgono i termini della fonte; accesso pubblico non equivale a diritto di ripubblicazione. Codice locale originale CC0; nessuna nuova licenza applicata ai dati.,,Fonti originali,Licenza dei dati terzi non verificata come aperta: valgono i termini della fonte; accesso pubblico non equivale a diritto di ripubblicazione. Codice locale originale CC0; nessuna nuova licenza applicata ai dati.
flussi_etf,2026-10-04,/btc/righe/2/data,"""2026-09-18""",https://farside.co.uk/btc/; https://farside.co.uk/eth/,"""Righe datate fino al giorno richiesto; nel weekend ultima seduta precedente. Importi originali in milioni USD; trattini preservati.""",Licenza dei dati terzi non verificata come aperta: valgono i termini della fonte; accesso pubblico non equivale a diritto di ripubblicazione. Codice locale originale CC0; nessuna nuova licenza applicata ai dati.,,Fonti originali,Licenza dei dati terzi non verificata come aperta: valgono i termini della fonte; accesso pubblico non equivale a diritto di ripubblicazione. Codice locale originale CC0; nessuna nuova licenza applicata ai dati.
flussi_etf,2026-10-04,/btc/righe/2/celle_originali/0,"""18 Sep 2026""",https://farside.co.uk/btc/; https://farside.co.uk/eth/,"""Righe datate fino al giorno richiesto; nel weekend ultima seduta precedente. Importi originali in milioni USD; trattini preservati.""",Licenza dei dati terzi non verificata come aperta: valgono i termini della fonte; accesso pubblico non equivale a diritto di ripubblicazione. Codice locale originale CC0; nessuna nuova licenza applicata ai dati.,,Fonti originali,Licenza dei dati terzi non verificata come aperta: valgono i termini della fonte; accesso pubblico non equivale a diritto di ripubblicazione. Codice locale originale CC0; nessuna nuova licenza applicata ai dati.
flussi_etf,2026-10-04,/btc/righe/2/celle_originali/1,"""108.4""",https://farside.co.uk/btc/; https://farside.co.uk/eth/,"""Righe datate fino al giorno richiesto; nel weekend ultima seduta precedente. Importi originali in milioni USD; trattini preservati.""",Licenza dei dati terzi non verificata come aperta: valgono i termini della fonte; accesso pubblico non equivale a diritto di ripubblicazione. Codice locale originale CC0; nessuna nuova licenza applicata ai dati.,,Fonti originali,Licenza dei dati terzi non verificata come aperta: valgono i termini della fonte; accesso pubblico non equivale a diritto di ripubblicazione. Codice locale originale CC0; nessuna nuova licenza applicata ai dati.
flussi_etf,2026-10-04,/btc/righe/2/celle_originali/2,"""310.7""",https://farside.co.uk/btc/; https://farside.co.uk/eth/,"""Righe datate fino al giorno richiesto; nel weekend ultima seduta precedente. Importi originali in milioni USD; trattini preservati.""",Licenza dei dati terzi non verificata come aperta: valgono i termini della fonte; accesso pubblico non equivale a diritto di ripubblicazione. Codice locale originale CC0; nessuna nuova licenza applicata ai dati.,,Fonti originali,Licenza dei dati terzi non verificata come aperta: valgono i termini della fonte; accesso pubblico non equivale a diritto di ripubblicazione. Codice locale originale CC0; nessuna nuova licenza applicata ai dati.
flussi_etf,2026-10-04,/btc/righe/2/celle_originali/3,"""9.7""",https://farside.co.uk/btc/; https://farside.co.uk/eth/,"""Righe datate fino al giorno richiesto; nel weekend ultima seduta precedente. Importi originali in milioni USD; trattini preservati.""",Licenza dei dati terzi non verificata come aperta: valgono i termini della fonte; accesso pubblico non equivale a diritto di ripubblicazione. Codice locale originale CC0; nessuna nuova licenza applicata ai dati.,,Fonti originali,Licenza dei dati terzi non verificata come aperta: valgono i termini della fonte; accesso pubblico non equivale a diritto di ripubblicazione. Codice locale originale CC0; nessuna nuova licenza applicata ai dati.
flussi_etf,2026-10-04,/btc/righe/2/celle_originali/4,"""1.9""",https://farside.co.uk/btc/; https://farside.co.uk/eth/,"""Righe datate fino al giorno richiesto; nel weekend ultima seduta precedente. Importi originali in milioni USD; trattini preservati.""",Licenza dei dati terzi non verificata come aperta: valgono i termini della fonte; accesso pubblico non equivale a diritto di ripubblicazione. Codice locale originale CC0; nessuna nuova licenza applicata ai dati.,,Fonti originali,Licenza dei dati terzi non verificata come aperta: valgono i termini della fonte; accesso pubblico non equivale a diritto di ripubblicazione. Codice locale originale CC0; nessuna nuova licenza applicata ai dati.
flussi_etf,2026-10-04,/btc/righe/2/celle_originali/5,"""0.0""",https://farside.co.uk/btc/; https://farside.co.uk/eth/,"""Righe datate fino al giorno richiesto; nel weekend ultima seduta precedente. Importi originali in milioni USD; trattini preservati.""",Licenza dei dati terzi non verificata come aperta: valgono i termini della fonte; accesso pubblico non equivale a diritto di ripubblicazione. Codice locale originale CC0; nessuna nuova licenza applicata ai dati.,,Fonti originali,Licenza dei dati terzi non verificata come aperta: valgono i termini della fonte; accesso pubblico non equivale a diritto di ripubblicazione. Codice locale originale CC0; nessuna nuova licenza applicata ai dati.
flussi_etf,2026-10-04,/btc/righe/2/celle_originali/6,"""0.0""",https://farside.co.uk/btc/; https://farside.co.uk/eth/,"""Righe datate fino al giorno richiesto; nel weekend ultima seduta precedente. Importi originali in milioni USD; trattini preservati.""",Licenza dei dati terzi non verificata come aperta: valgono i termini della fonte; accesso pubblico non equivale a diritto di ripubblicazione. Codice locale originale CC0; nessuna nuova licenza applicata ai dati.,,Fonti originali,Licenza dei dati terzi non verificata come aperta: valgono i termini della fonte; accesso pubblico non equivale a diritto di ripubblicazione. Codice locale originale CC0; nessuna nuova licenza applicata ai dati.
flussi_etf,2026-10-04,/btc/righe/2/celle_originali/7,"""0.0""",https://farside.co.uk/btc/; https://farside.co.uk/eth/,"""Righe datate fino al giorno richiesto; nel weekend ultima seduta precedente. Importi originali in milioni USD; trattini preservati.""",Licenza dei dati terzi non verificata come aperta: valgono i termini della fonte; accesso pubblico non equivale a diritto di ripubblicazione. Codice locale originale CC0; nessuna nuova licenza applicata ai dati.,,Fonti originali,Licenza dei dati terzi non verificata come aperta: valgono i termini della fonte; accesso pubblico non equivale a diritto di ripubblicazione. Codice locale originale CC0; nessuna nuova licenza applicata ai dati.
flussi_etf,2026-10-04,/btc/righe/2/celle_originali/8,"""2.3""",https://farside.co.uk/btc/; https://farside.co.uk/eth/,"""Righe datate fino al giorno richiesto; nel weekend ultima seduta precedente. Importi originali in milioni USD; trattini preservati.""",Licenza dei dati terzi non verificata come aperta: valgono i termini della fonte; accesso pubblico non equivale a diritto di ripubblicazione. Codice locale originale CC0; nessuna nuova licenza applicata ai dati.,,Fonti originali,Licenza dei dati terzi non verificata come aperta: valgono i termini della fonte; accesso pubblico non equivale a diritto di ripubblicazione. Codice locale originale CC0; nessuna nuova licenza applicata ai dati.
flussi_etf,2026-10-04,/btc/righe/2/celle_originali/9,"""0.0""",https://farside.co.uk/btc/; https://farside.co.uk/eth/,"""Righe datate fino al giorno richiesto; nel weekend ultima seduta precedente. Importi originali in milioni USD; trattini preservati.""",Licenza dei dati terzi non verificata come aperta: valgono i termini della fonte; accesso pubblico non equivale a diritto di ripubblicazione. Codice locale originale CC0; nessuna nuova licenza applicata ai dati.,,Fonti originali,Licenza dei dati terzi non verificata come aperta: valgono i termini della fonte; accesso pubblico non equivale a diritto di ripubblicazione. Codice locale originale CC0; nessuna nuova licenza applicata ai dati.
flussi_etf,2026-10-04,/btc/righe/2/celle_originali/10,"""0.0""",https://farside.co.uk/btc/; https://farside.co.uk/eth/,"""Righe datate fino al giorno richiesto; nel weekend ultima seduta precedente. Importi originali in milioni USD; trattini preservati.""",Licenza dei dati terzi non verificata come aperta: valgono i termini della fonte; accesso pubblico non equivale a diritto di ripubblicazione. Codice locale originale CC0; nessuna nuova licenza applicata ai dati.,,Fonti originali,Licenza dei dati terzi non verificata come aperta: valgono i termini della fonte; accesso pubblico non equivale a diritto di ripubblicazione. Codice locale originale CC0; nessuna nuova licenza applicata ai dati.
flussi_etf,2026-10-04,/btc/righe/2/celle_originali/11,"""0.0""",https://farside.co.uk/btc/; https://farside.co.uk/eth/,"""Righe datate fino al giorno richiesto; nel weekend ultima seduta precedente. Importi originali in milioni USD; trattini preservati.""",Licenza dei dati terzi non verificata come aperta: valgono i termini della fonte; accesso pubblico non equivale a diritto di ripubblicazione. Codice locale originale CC0; nessuna nuova licenza applicata ai dati.,,Fonti originali,Licenza dei dati terzi non verificata come aperta: valgono i termini della fonte; accesso pubblico non equivale a diritto di ripubblicazione. Codice locale originale CC0; nessuna nuova licenza applicata ai dati.
flussi_etf,2026-10-04,/btc/righe/2/celle_originali/12,"""0.0""",https://farside.co.uk/btc/; https://farside.co.uk/eth/,"""Righe datate fino al giorno richiesto; nel weekend ultima seduta precedente. Importi originali in milioni USD; trattini preservati.""",Licenza dei dati terzi non verificata come aperta: valgono i termini della fonte; accesso pubblico non equivale a diritto di ripubblicazione. Codice locale originale CC0; nessuna nuova licenza applicata ai dati.,,Fonti originali,Licenza dei dati terzi non verificata come aperta: valgono i termini della fonte; accesso pubblico non equivale a diritto di ripubblicazione. Codice locale originale CC0; nessuna nuova licenza applicata ai dati.
flussi_etf,2026-10-04,/btc/righe/2/celle_originali/13,"""433.0""",https://farside.co.uk/btc/; https://farside.co.uk/eth/,"""Righe datate fino al giorno richiesto; nel weekend ultima seduta precedente. Importi originali in milioni USD; trattini preservati.""",Licenza dei dati terzi non verificata come aperta: valgono i termini della fonte; accesso pubblico non equivale a diritto di ripubblicazione. Codice locale originale CC0; nessuna nuova licenza applicata ai dati.,,Fonti originali,Licenza dei dati terzi non verificata come aperta: valgono i termini della fonte; accesso pubblico non equivale a diritto di ripubblicazione. Codice locale originale CC0; nessuna nuova licenza applicata ai dati.
flussi_etf,2026-10-04,/btc/righe/3/data,"""2026-09-21""",https://farside.co.uk/btc/; https://farside.co.uk/eth/,"""Righe datate fino al giorno richiesto; nel weekend ultima seduta precedente. Importi originali in milioni USD; trattini preservati.""",Licenza dei dati terzi non verificata come aperta: valgono i termini della fonte; accesso pubblico non equivale a diritto di ripubblicazione. Codice locale originale CC0; nessuna nuova licenza applicata ai dati.,,Fonti originali,Licenza dei dati terzi non verificata come aperta: valgono i termini della fonte; accesso pubblico non equivale a diritto di ripubblicazione. Codice locale originale CC0; nessuna nuova licenza applicata ai dati.
flussi_etf,2026-10-04,/btc/righe/3/celle_originali/0,"""21 Sep 2026""",https://farside.co.uk/btc/; https://farside.co.uk/eth/,"""Righe datate fino al giorno richiesto; nel weekend ultima seduta precedente. Importi originali in milioni USD; trattini preservati.""",Licenza dei dati terzi non verificata come aperta: valgono i termini della fonte; accesso pubblico non equivale a diritto di ripubblicazione. Codice locale originale CC0; nessuna nuova licenza applicata ai dati.,,Fonti originali,Licenza dei dati terzi non verificata come aperta: valgono i termini della fonte; accesso pubblico non equivale a diritto di ripubblicazione. Codice locale originale CC0; nessuna nuova licenza applicata ai dati.
flussi_etf,2026-10-04,/btc/righe/3/celle_originali/1,"""381.4""",https://farside.co.uk/btc/; https://farside.co.uk/eth/,"""Righe datate fino al giorno richiesto; nel weekend ultima seduta precedente. Importi originali in milioni USD; trattini preservati.""",Licenza dei dati terzi non verificata come aperta: valgono i termini della fonte; accesso pubblico non equivale a diritto di ripubblicazione. Codice locale originale CC0; nessuna nuova licenza applicata ai dati.,,Fonti originali,Licenza dei dati terzi non verificata come aperta: valgono i termini della fonte; accesso pubblico non equivale a diritto di ripubblicazione. Codice locale originale CC0; nessuna nuova licenza applicata ai dati.
flussi_etf,2026-10-04,/btc/righe/3/celle_originali/2,"""238.8""",https://farside.co.uk/btc/; https://farside.co.uk/eth/,"""Righe datate fino al giorno richiesto; nel weekend ultima seduta precedente. Importi originali in milioni USD; trattini preservati.""",Licenza dei dati terzi non verificata come aperta: valgono i termini della fonte; accesso pubblico non equivale a diritto di ripubblicazione. Codice locale originale CC0; nessuna nuova licenza applicata ai dati.,,Fonti originali,Licenza dei dati terzi non verificata come aperta: valgono i termini della fonte; accesso pubblico non equivale a diritto di ripubblicazione. Codice locale originale CC0; nessuna nuova licenza applicata ai dati.
flussi_etf,2026-10-04,/btc/righe/3/celle_originali/3,"""21.6""",https://farside.co.uk/btc/; https://farside.co.uk/eth/,"""Righe datate fino al giorno richiesto; nel weekend ultima seduta precedente. Importi originali in milioni USD; trattini preservati.""",Licenza dei dati terzi non verificata come aperta: valgono i termini della fonte; accesso pubblico non equivale a diritto di ripubblicazione. Codice locale originale CC0; nessuna nuova licenza applicata ai dati.,,Fonti originali,Licenza dei dati terzi non verificata come aperta: valgono i termini della fonte; accesso pubblico non equivale a diritto di ripubblicazione. Codice locale originale CC0; nessuna nuova licenza applicata ai dati.
flussi_etf,2026-10-04,/btc/righe/3/celle_originali/4,"""289.1""",https://farside.co.uk/btc/; https://farside.co.uk/eth/,"""Righe datate fino al giorno richiesto; nel weekend ultima seduta precedente. Importi originali in milioni USD; trattini preservati.""",Licenza dei dati terzi non verificata come aperta: valgono i termini della fonte; accesso pubblico non equivale a diritto di ripubblicazione. Codice locale originale CC0; nessuna nuova licenza applicata ai dati.,,Fonti originali,Licenza dei dati terzi non verificata come aperta: valgono i termini della fonte; accesso pubblico non equivale a diritto di ripubblicazione. Codice locale originale CC0; nessuna nuova licenza applicata ai dati.
flussi_etf,2026-10-04,/btc/righe/3/celle_originali/5,"""0.0""",https://farside.co.uk/btc/; https://farside.co.uk/eth/,"""Righe datate fino al giorno richiesto; nel weekend ultima seduta precedente. Importi originali in milioni USD; trattini preservati.""",Licenza dei dati terzi non verificata come aperta: valgono i termini della fonte; accesso pubblico non equivale a diritto di ripubblicazione. Codice locale originale CC0; nessuna nuova licenza applicata ai dati.,,Fonti originali,Licenza dei dati terzi non verificata come aperta: valgono i termini della fonte; accesso pubblico non equivale a diritto di ripubblicazione. Codice locale originale CC0; nessuna nuova licenza applicata ai dati.
flussi_etf,2026-10-04,/btc/righe/3/celle_originali/6,"""0.0""",https://farside.co.uk/btc/; https://farside.co.uk/eth/,"""Righe datate fino al giorno richiesto; nel weekend ultima seduta precedente. Importi originali in milioni USD; trattini preservati.""",Licenza dei dati terzi non verificata come aperta: valgono i termini della fonte; accesso pubblico non equivale a diritto di ripubblicazione. Codice locale originale CC0; nessuna nuova licenza applicata ai dati.,,Fonti originali,Licenza dei dati terzi non verificata come aperta: valgono i termini della fonte; accesso pubblico non equivale a diritto di ripubblicazione. Codice locale originale CC0; nessuna nuova licenza applicata ai dati.
flussi_etf,2026-10-04,/btc/righe/3/celle_originali/7,"""0.0""",https://farside.co.uk/btc/; https://farside.co.uk/eth/,"""Righe datate fino al giorno richiesto; nel weekend ultima seduta precedente. Importi originali in milioni USD; trattini preservati.""",Licenza dei dati terzi non verificata come aperta: valgono i termini della fonte; accesso pubblico non equivale a diritto di ripubblicazione. Codice locale originale CC0; nessuna nuova licenza applicata ai dati.,,Fonti originali,Licenza dei dati terzi non verificata come aperta: valgono i termini della fonte; accesso pubblico non equivale a diritto di ripubblicazione. Codice locale originale CC0; nessuna nuova licenza applicata ai dati.
flussi_etf,2026-10-04,/btc/righe/3/celle_originali/8,"""0.0""",https://farside.co.uk/btc/; https://farside.co.uk/eth/,"""Righe datate fino al giorno richiesto; nel weekend ultima seduta precedente. Importi originali in milioni USD; trattini preservati.""",Licenza dei dati terzi non verificata come aperta: valgono i termini della fonte; accesso pubblico non equivale a diritto di ripubblicazione. Codice locale originale CC0; nessuna nuova licenza applicata ai dati.,,Fonti originali,Licenza dei dati terzi non verificata come aperta: valgono i termini della fonte; accesso pubblico non equivale a diritto di ripubblicazione. Codice locale originale CC0; nessuna nuova licenza applicata ai dati.
flussi_etf,2026-10-04,/btc/righe/3/celle_originali/9,"""0.0""",https://farside.co.uk/btc/; https://farside.co.uk/eth/,"""Righe datate fino al giorno richiesto; nel weekend ultima seduta precedente. Importi originali in milioni USD; trattini preservati.""",Licenza dei dati terzi non verificata come aperta: valgono i termini della fonte; accesso pubblico non equivale a diritto di ripubblicazione. Codice locale originale CC0; nessuna nuova licenza applicata ai dati.,,Fonti originali,Licenza dei dati terzi non verificata come aperta: valgono i termini della fonte; accesso pubblico non equivale a diritto di ripubblicazione. Codice locale originale CC0; nessuna nuova licenza applicata ai dati.
flussi_etf,2026-10-04,/btc/righe/3/celle_originali/10,"""61.7""",https://farside.co.uk/btc/; https://farside.co.uk/eth/,"""Righe datate fino al giorno richiesto; nel weekend ultima seduta precedente. Importi originali in milioni USD; trattini preservati.""",Licenza dei dati terzi non verificata come aperta: valgono i termini della fonte; accesso pubblico non equivale a diritto di ripubblicazione. Codice locale originale CC0; nessuna nuova licenza applicata ai dati.,,Fonti originali,Licenza dei dati terzi non verificata come aperta: valgono i termini della fonte; accesso pubblico non equivale a diritto di ripubblicazione. Codice locale originale CC0; nessuna nuova licenza applicata ai dati.
flussi_etf,2026-10-04,/btc/righe/3/celle_originali/11,"""3.3""",https://farside.co.uk/btc/; https://farside.co.uk/eth/,"""Righe datate fino al giorno richiesto; nel weekend ultima seduta precedente. Importi originali in milioni USD; trattini preservati.""",Licenza dei dati terzi non verificata come aperta: valgono i termini della fonte; accesso pubblico non equivale a diritto di ripubblicazione. Codice locale originale CC0; nessuna nuova licenza applicata ai dati.,,Fonti originali,Licenza dei dati terzi non verificata come aperta: valgono i termini della fonte; accesso pubblico non equivale a diritto di ripubblicazione. Codice locale originale CC0; nessuna nuova licenza applicata ai dati.
flussi_etf,2026-10-04,/btc/righe/3/celle_originali/12,"""3.1""",https://farside.co.uk/btc/; https://farside.co.uk/eth/,"""Righe datate fino al giorno richiesto; nel weekend ultima seduta precedente. Importi originali in milioni USD; trattini preservati.""",Licenza dei dati terzi non verificata come aperta: valgono i termini della fonte; accesso pubblico non equivale a diritto di ripubblicazione. Codice locale originale CC0; nessuna nuova licenza applicata ai dati.,,Fonti originali,Licenza dei dati terzi non verificata come aperta: valgono i termini della fonte; accesso pubblico non equivale a diritto di ripubblicazione. Codice locale originale CC0; nessuna nuova licenza applicata ai dati.
flussi_etf,2026-10-04,/btc/righe/3/celle_originali/13,"""999.0""",https://farside.co.uk/btc/; https://farside.co.uk/eth/,"""Righe datate fino al giorno richiesto; nel weekend ultima seduta precedente. Importi originali in milioni USD; trattini preservati.""",Licenza dei dati terzi non verificata come aperta: valgono i termini della fonte; accesso pubblico non equivale a diritto di ripubblicazione. Codice locale originale CC0; nessuna nuova licenza applicata ai dati.,,Fonti originali,Licenza dei dati terzi non verificata come aperta: valgono i termini della fonte; accesso pubblico non equivale a diritto di ripubblicazione. Codice locale originale CC0; nessuna nuova licenza applicata ai dati.
flussi_etf,2026-10-04,/btc/righe/4/data,"""2026-09-22""",https://farside.co.uk/btc/; https://farside.co.uk/eth/,"""Righe datate fino al giorno richiesto; nel weekend ultima seduta precedente. Importi originali in milioni USD; trattini preservati.""",Licenza dei dati terzi non verificata come aperta: valgono i termini della fonte; accesso pubblico non equivale a diritto di ripubblicazione. Codice locale originale CC0; nessuna nuova licenza applicata ai dati.,,Fonti originali,Licenza dei dati terzi non verificata come aperta: valgono i termini della fonte; accesso pubblico non equivale a diritto di ripubblicazione. Codice locale originale CC0; nessuna nuova licenza applicata ai dati.
flussi_etf,2026-10-04,/btc/righe/4/celle_originali/0,"""22 Sep 2026""",https://farside.co.uk/btc/; https://farside.co.uk/eth/,"""Righe datate fino al giorno richiesto; nel weekend ultima seduta precedente. Importi originali in milioni USD; trattini preservati.""",Licenza dei dati terzi non verificata come aperta: valgono i termini della fonte; accesso pubblico non equivale a diritto di ripubblicazione. Codice locale originale CC0; nessuna nuova licenza applicata ai dati.,,Fonti originali,Licenza dei dati terzi non verificata come aperta: valgono i termini della fonte; accesso pubblico non equivale a diritto di ripubblicazione. Codice locale originale CC0; nessuna nuova licenza applicata ai dati.
flussi_etf,2026-10-04,/btc/righe/4/celle_originali/1,"""350.3""",https://farside.co.uk/btc/; https://farside.co.uk/eth/,"""Righe datate fino al giorno richiesto; nel weekend ultima seduta precedente. Importi originali in milioni USD; trattini preservati.""",Licenza dei dati terzi non verificata come aperta: valgono i termini della fonte; accesso pubblico non equivale a diritto di ripubblicazione. Codice locale originale CC0; nessuna nuova licenza applicata ai dati.,,Fonti originali,Licenza dei dati terzi non verificata come aperta: valgono i termini della fonte; accesso pubblico non equivale a diritto di ripubblicazione. Codice locale originale CC0; nessuna nuova licenza applicata ai dati.
flussi_etf,2026-10-04,/btc/righe/4/celle_originali/2,"""257.4""",https://farside.co.uk/btc/; https://farside.co.uk/eth/,"""Righe datate fino al giorno richiesto; nel weekend ultima seduta precedente. Importi originali in milioni USD; trattini preservati.""",Licenza dei dati terzi non verificata come aperta: valgono i termini della fonte; accesso pubblico non equivale a diritto di ripubblicazione. Codice locale originale CC0; nessuna nuova licenza applicata ai dati.,,Fonti originali,Licenza dei dati terzi non verificata come aperta: valgono i termini della fonte; accesso pubblico non equivale a diritto di ripubblicazione. Codice locale originale CC0; nessuna nuova licenza applicata ai dati.
flussi_etf,2026-10-04,/btc/righe/4/celle_originali/3,"""0.0""",https://farside.co.uk/btc/; https://farside.co.uk/eth/,"""Righe datate fino al giorno richiesto; nel weekend ultima seduta precedente. Importi originali in milioni USD; trattini preservati.""",Licenza dei dati terzi non verificata come aperta: valgono i termini della fonte; accesso pubblico non equivale a diritto di ripubblicazione. Codice locale originale CC0; nessuna nuova licenza applicata ai dati.,,Fonti originali,Licenza dei dati terzi non verificata come aperta: valgono i termini della fonte; accesso pubblico non equivale a diritto di ripubblicazione. Codice locale originale CC0; nessuna nuova licenza applicata ai dati.
flussi_etf,2026-10-04,/btc/righe/4/celle_originali/4,"""0.6""",https://farside.co.uk/btc/; https://farside.co.uk/eth/,"""Righe datate fino al giorno richiesto; nel weekend ultima seduta precedente. Importi originali in milioni USD; trattini preservati.""",Licenza dei dati terzi non verificata come aperta: valgono i termini della fonte; accesso pubblico non equivale a diritto di ripubblicazione. Codice locale originale CC0; nessuna nuova licenza applicata ai dati.,,Fonti originali,Licenza dei dati terzi non verificata come aperta: valgono i termini della fonte; accesso pubblico non equivale a diritto di ripubblicazione. Codice locale originale CC0; nessuna nuova licenza applicata ai dati.
flussi_etf,2026-10-04,/btc/righe/4/celle_originali/5,"""0.0""",https://farside.co.uk/btc/; https://farside.co.uk/eth/,"""Righe datate fino al giorno richiesto; nel weekend ultima seduta precedente. Importi originali in milioni USD; trattini preservati.""",Licenza dei dati terzi non verificata come aperta: valgono i termini della fonte; accesso pubblico non equivale a diritto di ripubblicazione. Codice locale originale CC0; nessuna nuova licenza applicata ai dati.,,Fonti originali,Licenza dei dati terzi non verificata come aperta: valgono i termini della fonte; accesso pubblico non equivale a diritto di ripubblicazione. Codice locale originale CC0; nessuna nuova licenza applicata ai dati.
flussi_etf,2026-10-04,/btc/righe/4/celle_originali/6,"""0.0""",https://farside.co.uk/btc/; https://farside.co.uk/eth/,"""Righe datate fino al giorno richiesto; nel weekend ultima seduta precedente. Importi originali in milioni USD; trattini preservati.""",Licenza dei dati terzi non verificata come aperta: valgono i termini della fonte; accesso pubblico non equivale a diritto di ripubblicazione. Codice locale originale CC0; nessuna nuova licenza applicata ai dati.,,Fonti originali,Licenza dei dati terzi non verificata come aperta: valgono i termini della fonte; accesso pubblico non equivale a diritto di ripubblicazione. Codice locale originale CC0; nessuna nuova licenza applicata ai dati.
flussi_etf,2026-10-04,/btc/righe/4/celle_originali/7,"""0.0""",https://farside.co.uk/btc/; https://farside.co.uk/eth/,"""Righe datate fino al giorno richiesto; nel weekend ultima seduta precedente. Importi originali in milioni USD; trattini preservati.""",Licenza dei dati terzi non verificata come aperta: valgono i termini della fonte; accesso pubblico non equivale a diritto di ripubblicazione. Codice locale originale CC0; nessuna nuova licenza applicata ai dati.,,Fonti originali,Licenza dei dati terzi non verificata come aperta: valgono i termini della fonte; accesso pubblico non equivale a diritto di ripubblicazione. Codice locale originale CC0; nessuna nuova licenza applicata ai dati.
flussi_etf,2026-10-04,/btc/righe/4/celle_originali/8,"""2.4""",https://farside.co.uk/btc/; https://farside.co.uk/eth/,"""Righe datate fino al giorno richiesto; nel weekend ultima seduta precedente. Importi originali in milioni USD; trattini preservati.""",Licenza dei dati terzi non verificata come aperta: valgono i termini della fonte; accesso pubblico non equivale a diritto di ripubblicazione. Codice locale originale CC0; nessuna nuova licenza applicata ai dati.,,Fonti originali,Licenza dei dati terzi non verificata come aperta: valgono i termini della fonte; accesso pubblico non equivale a diritto di ripubblicazione. Codice locale originale CC0; nessuna nuova licenza applicata ai dati.
flussi_etf,2026-10-04,/btc/righe/4/celle_originali/9,"""0.0""",https://farside.co.uk/btc/; https://farside.co.uk/eth/,"""Righe datate fino al giorno richiesto; nel weekend ultima seduta precedente. Importi originali in milioni USD; trattini preservati.""",Licenza dei dati terzi non verificata come aperta: valgono i termini della fonte; accesso pubblico non equivale a diritto di ripubblicazione. Codice locale originale CC0; nessuna nuova licenza applicata ai dati.,,Fonti originali,Licenza dei dati terzi non verificata come aperta: valgono i termini della fonte; accesso pubblico non equivale a diritto di ripubblicazione. Codice locale originale CC0; nessuna nuova licenza applicata ai dati.
flussi_etf,2026-10-04,/btc/righe/4/celle_originali/10,"""99.0""",https://farside.co.uk/btc/; https://farside.co.uk/eth/,"""Righe datate fino al giorno richiesto; nel weekend ultima seduta precedente. Importi originali in milioni USD; trattini preservati.""",Licenza dei dati terzi non verificata come aperta: valgono i termini della fonte; accesso pubblico non equivale a diritto di ripubblicazione. Codice locale originale CC0; nessuna nuova licenza applicata ai dati.,,Fonti originali,Licenza dei dati terzi non verificata come aperta: valgono i termini della fonte; accesso pubblico non equivale a diritto di ripubblicazione. Codice locale originale CC0; nessuna nuova licenza applicata ai dati.
flussi_etf,2026-10-04,/btc/righe/4/celle_originali/11,"""0.0""",https://farside.co.uk/btc/; https://farside.co.uk/eth/,"""Righe datate fino al giorno richiesto; nel weekend ultima seduta precedente. Importi originali in milioni USD; trattini preservati.""",Licenza dei dati terzi non verificata come aperta: valgono i termini della fonte; accesso pubblico non equivale a diritto di ripubblicazione. Codice locale originale CC0; nessuna nuova licenza applicata ai dati.,,Fonti originali,Licenza dei dati terzi non verificata come aperta: valgono i termini della fonte; accesso pubblico non equivale a diritto di ripubblicazione. Codice locale originale CC0; nessuna nuova licenza applicata ai dati.
flussi_etf,2026-10-04,/btc/righe/4/celle_originali/12,"""5.0""",https://farside.co.uk/btc/; https://farside.co.uk/eth/,"""Righe datate fino al giorno richiesto; nel weekend ultima seduta precedente. Importi originali in milioni USD; trattini preservati.""",Licenza dei dati terzi non verificata come aperta: valgono i termini della fonte; accesso pubblico non equivale a diritto di ripubblicazione. Codice locale originale CC0; nessuna nuova licenza applicata ai dati.,,Fonti originali,Licenza dei dati terzi non verificata come aperta: valgono i termini della fonte; accesso pubblico non equivale a diritto di ripubblicazione. Codice locale originale CC0; nessuna nuova licenza applicata ai dati.
flussi_etf,2026-10-04,/btc/righe/4/celle_originali/13,"""714.7""",https://farside.co.uk/btc/; https://farside.co.uk/eth/,"""Righe datate fino al giorno richiesto; nel weekend ultima seduta precedente. Importi originali in milioni USD; trattini preservati.""",Licenza dei dati terzi non verificata come aperta: valgono i termini della fonte; accesso pubblico non equivale a diritto di ripubblicazione. Codice locale originale CC0; nessuna nuova licenza applicata ai dati.,,Fonti originali,Licenza dei dati terzi non verificata come aperta: valgono i termini della fonte; accesso pubblico non equivale a diritto di ripubblicazione. Codice locale originale CC0; nessuna nuova licenza applicata ai dati.
flussi_etf,2026-10-04,/btc/righe/5/data,"""2026-09-23""",https://farside.co.uk/btc/; https://farside.co.uk/eth/,"""Righe datate fino al giorno richiesto; nel weekend ultima seduta precedente. Importi originali in milioni USD; trattini preservati.""",Licenza dei dati terzi non verificata come aperta: valgono i termini della fonte; accesso pubblico non equivale a diritto di ripubblicazione. Codice locale originale CC0; nessuna nuova licenza applicata ai dati.,,Fonti originali,Licenza dei dati terzi non verificata come aperta: valgono i termini della fonte; accesso pubblico non equivale a diritto di ripubblicazione. Codice locale originale CC0; nessuna nuova licenza applicata ai dati.
flussi_etf,2026-10-04,/btc/righe/5/celle_originali/0,"""23 Sep 2026""",https://farside.co.uk/btc/; https://farside.co.uk/eth/,"""Righe datate fino al giorno richiesto; nel weekend ultima seduta precedente. Importi originali in milioni USD; trattini preservati.""",Licenza dei dati terzi non verificata come aperta: valgono i termini della fonte; accesso pubblico non equivale a diritto di ripubblicazione. Codice locale originale CC0; nessuna nuova licenza applicata ai dati.,,Fonti originali,Licenza dei dati terzi non verificata come aperta: valgono i termini della fonte; accesso pubblico non equivale a diritto di ripubblicazione. Codice locale originale CC0; nessuna nuova licenza applicata ai dati.
flussi_etf,2026-10-04,/btc/righe/5/celle_originali/1,"""166.3""",https://farside.co.uk/btc/; https://farside.co.uk/eth/,"""Righe datate fino al giorno richiesto; nel weekend ultima seduta precedente. Importi originali in milioni USD; trattini preservati.""",Licenza dei dati terzi non verificata come aperta: valgono i termini della fonte; accesso pubblico non equivale a diritto di ripubblicazione. Codice locale originale CC0; nessuna nuova licenza applicata ai dati.,,Fonti originali,Licenza dei dati terzi non verificata come aperta: valgono i termini della fonte; accesso pubblico non equivale a diritto di ripubblicazione. Codice locale originale CC0; nessuna nuova licenza applicata ai dati.
flussi_etf,2026-10-04,/btc/righe/5/celle_originali/2,"""143.2""",https://farside.co.uk/btc/; https://farside.co.uk/eth/,"""Righe datate fino al giorno richiesto; nel weekend ultima seduta precedente. Importi originali in milioni USD; trattini preservati.""",Licenza dei dati terzi non verificata come aperta: valgono i termini della fonte; accesso pubblico non equivale a diritto di ripubblicazione. Codice locale originale CC0; nessuna nuova licenza applicata ai dati.,,Fonti originali,Licenza dei dati terzi non verificata come aperta: valgono i termini della fonte; accesso pubblico non equivale a diritto di ripubblicazione. Codice locale originale CC0; nessuna nuova licenza applicata ai dati.
flussi_etf,2026-10-04,/btc/righe/5/celle_originali/3,"""0.0""",https://farside.co.uk/btc/; https://farside.co.uk/eth/,"""Righe datate fino al giorno richiesto; nel weekend ultima seduta precedente. Importi originali in milioni USD; trattini preservati.""",Licenza dei dati terzi non verificata come aperta: valgono i termini della fonte; accesso pubblico non equivale a diritto di ripubblicazione. Codice locale originale CC0; nessuna nuova licenza applicata ai dati.,,Fonti originali,Licenza dei dati terzi non verificata come aperta: valgono i termini della fonte; accesso pubblico non equivale a diritto di ripubblicazione. Codice locale originale CC0; nessuna nuova licenza applicata ai dati.
flussi_etf,2026-10-04,/btc/righe/5/celle_originali/4,"""5.0""",https://farside.co.uk/btc/; https://farside.co.uk/eth/,"""Righe datate fino al giorno richiesto; nel weekend ultima seduta precedente. Importi originali in milioni USD; trattini preservati.""",Licenza dei dati terzi non verificata come aperta: valgono i termini della fonte; accesso pubblico non equivale a diritto di ripubblicazione. Codice locale originale CC0; nessuna nuova licenza applicata ai dati.,,Fonti originali,Licenza dei dati terzi non verificata come aperta: valgono i termini della fonte; accesso pubblico non equivale a diritto di ripubblicazione. Codice locale originale CC0; nessuna nuova licenza applicata ai dati.
flussi_etf,2026-10-04,/btc/righe/5/celle_originali/5,"""0.0""",https://farside.co.uk/btc/; https://farside.co.uk/eth/,"""Righe datate fino al giorno richiesto; nel weekend ultima seduta precedente. Importi originali in milioni USD; trattini preservati.""",Licenza dei dati terzi non verificata come aperta: valgono i termini della fonte; accesso pubblico non equivale a diritto di ripubblicazione. Codice locale originale CC0; nessuna nuova licenza applicata ai dati.,,Fonti originali,Licenza dei dati terzi non verificata come aperta: valgono i termini della fonte; accesso pubblico non equivale a diritto di ripubblicazione. Codice locale originale CC0; nessuna nuova licenza applicata ai dati.
flussi_etf,2026-10-04,/btc/righe/5/celle_originali/6,"""0.0""",https://farside.co.uk/btc/; https://farside.co.uk/eth/,"""Righe datate fino al giorno richiesto; nel weekend ultima seduta precedente. Importi originali in milioni USD; trattini preservati.""",Licenza dei dati terzi non verificata come aperta: valgono i termini della fonte; accesso pubblico non equivale a diritto di ripubblicazione. Codice locale originale CC0; nessuna nuova licenza applicata ai dati.,,Fonti originali,Licenza dei dati terzi non verificata come aperta: valgono i termini della fonte; accesso pubblico non equivale a diritto di ripubblicazione. Codice locale originale CC0; nessuna nuova licenza applicata ai dati.
flussi_etf,2026-10-04,/btc/righe/5/celle_originali/7,"""0.0""",https://farside.co.uk/btc/; https://farside.co.uk/eth/,"""Righe datate fino al giorno richiesto; nel weekend ultima seduta precedente. Importi originali in milioni USD; trattini preservati.""",Licenza dei dati terzi non verificata come aperta: valgono i termini della fonte; accesso pubblico non equivale a diritto di ripubblicazione. Codice locale originale CC0; nessuna nuova licenza applicata ai dati.,,Fonti originali,Licenza dei dati terzi non verificata come aperta: valgono i termini della fonte; accesso pubblico non equivale a diritto di ripubblicazione. Codice locale originale CC0; nessuna nuova licenza applicata ai dati.
flussi_etf,2026-10-04,/btc/righe/5/celle_originali/8,"""0.0""",https://farside.co.uk/btc/; https://farside.co.uk/eth/,"""Righe datate fino al giorno richiesto; nel weekend ultima seduta precedente. Importi originali in milioni USD; trattini preservati.""",Licenza dei dati terzi non verificata come aperta: valgono i termini della fonte; accesso pubblico non equivale a diritto di ripubblicazione. Codice locale originale CC0; nessuna nuova licenza applicata ai dati.,,Fonti originali,Licenza dei dati terzi non verificata come aperta: valgono i termini della fonte; accesso pubblico non equivale a diritto di ripubblicazione. Codice locale originale CC0; nessuna nuova licenza applicata ai dati.
flussi_etf,2026-10-04,/btc/righe/5/celle_originali/9,"""0.0""",https://farside.co.uk/btc/; https://farside.co.uk/eth/,"""Righe datate fino al giorno richiesto; nel weekend ultima seduta precedente. Importi originali in milioni USD; trattini preservati.""",Licenza dei dati terzi non verificata come aperta: valgono i termini della fonte; accesso pubblico non equivale a diritto di ripubblicazione. Codice locale originale CC0; nessuna nuova licenza applicata ai dati.,,Fonti originali,Licenza dei dati terzi non verificata come aperta: valgono i termini della fonte; accesso pubblico non equivale a diritto di ripubblicazione. Codice locale originale CC0; nessuna nuova licenza applicata ai dati.
flussi_etf,2026-10-04,/btc/righe/5/celle_originali/10,"""32.4""",https://farside.co.uk/btc/; https://farside.co.uk/eth/,"""Righe datate fino al giorno richiesto; nel weekend ultima seduta precedente. Importi originali in milioni USD; trattini preservati.""",Licenza dei dati terzi non verificata come aperta: valgono i termini della fonte; accesso pubblico non equivale a diritto di ripubblicazione. Codice locale originale CC0; nessuna nuova licenza applicata ai dati.,,Fonti originali,Licenza dei dati terzi non verificata come aperta: valgono i termini della fonte; accesso pubblico non equivale a diritto di ripubblicazione. Codice locale originale CC0; nessuna nuova licenza applicata ai dati.
flussi_etf,2026-10-04,/btc/righe/5/celle_originali/11,"""0.0""",https://farside.co.uk/btc/; https://farside.co.uk/eth/,"""Righe datate fino al giorno richiesto; nel weekend ultima seduta precedente. Importi originali in milioni USD; trattini preservati.""",Licenza dei dati terzi non verificata come aperta: valgono i termini della fonte; accesso pubblico non equivale a diritto di ripubblicazione. Codice locale originale CC0; nessuna nuova licenza applicata ai dati.,,Fonti originali,Licenza dei dati terzi non verificata come aperta: valgono i termini della fonte; accesso pubblico non equivale a diritto di ripubblicazione. Codice locale originale CC0; nessuna nuova licenza applicata ai dati.
flussi_etf,2026-10-04,/btc/righe/5/celle_originali/12,"""0.0""",https://farside.co.uk/btc/; https://farside.co.uk/eth/,"""Righe datate fino al giorno richiesto; nel weekend ultima seduta precedente. Importi originali in milioni USD; trattini preservati.""",Licenza dei dati terzi non verificata come aperta: valgono i termini della fonte; accesso pubblico non equivale a diritto di ripubblicazione. Codice locale originale CC0; nessuna nuova licenza applicata ai dati.,,Fonti originali,Licenza dei dati terzi non verificata come aperta: valgono i termini della fonte; accesso pubblico non equivale a diritto di ripubblicazione. Codice locale originale CC0; nessuna nuova licenza applicata ai dati.
flussi_etf,2026-10-04,/btc/righe/5/celle_originali/13,"""346.9""",https://farside.co.uk/btc/; https://farside.co.uk/eth/,"""Righe datate fino al giorno richiesto; nel weekend ultima seduta precedente. Importi originali in milioni USD; trattini preservati.""",Licenza dei dati terzi non verificata come aperta: valgono i termini della fonte; accesso pubblico non equivale a diritto di ripubblicazione. Codice locale originale CC0; nessuna nuova licenza applicata ai dati.,,Fonti originali,Licenza dei dati terzi non verificata come aperta: valgono i termini della fonte; accesso pubblico non equivale a diritto di ripubblicazione. Codice locale originale CC0; nessuna nuova licenza applicata ai dati.
flussi_etf,2026-10-04,/btc/righe/6/data,"""2026-09-24""",https://farside.co.uk/btc/; https://farside.co.uk/eth/,"""Righe datate fino al giorno richiesto; nel weekend ultima seduta precedente. Importi originali in milioni USD; trattini preservati.""",Licenza dei dati terzi non verificata come aperta: valgono i termini della fonte; accesso pubblico non equivale a diritto di ripubblicazione. Codice locale originale CC0; nessuna nuova licenza applicata ai dati.,,Fonti originali,Licenza dei dati terzi non verificata come aperta: valgono i termini della fonte; accesso pubblico non equivale a diritto di ripubblicazione. Codice locale originale CC0; nessuna nuova licenza applicata ai dati.
flussi_etf,2026-10-04,/btc/righe/6/celle_originali/0,"""24 Sep 2026""",https://farside.co.uk/btc/; https://farside.co.uk/eth/,"""Righe datate fino al giorno richiesto; nel weekend ultima seduta precedente. Importi originali in milioni USD; trattini preservati.""",Licenza dei dati terzi non verificata come aperta: valgono i termini della fonte; accesso pubblico non equivale a diritto di ripubblicazione. Codice locale originale CC0; nessuna nuova licenza applicata ai dati.,,Fonti originali,Licenza dei dati terzi non verificata come aperta: valgono i termini della fonte; accesso pubblico non equivale a diritto di ripubblicazione. Codice locale originale CC0; nessuna nuova licenza applicata ai dati.
flussi_etf,2026-10-04,/btc/righe/6/celle_originali/1,"""162.6""",https://farside.co.uk/btc/; https://farside.co.uk/eth/,"""Righe datate fino al giorno richiesto; nel weekend ultima seduta precedente. Importi originali in milioni USD; trattini preservati.""",Licenza dei dati terzi non verificata come aperta: valgono i termini della fonte; accesso pubblico non equivale a diritto di ripubblicazione. Codice locale originale CC0; nessuna nuova licenza applicata ai dati.,,Fonti originali,Licenza dei dati terzi non verificata come aperta: valgono i termini della fonte; accesso pubblico non equivale a diritto di ripubblicazione. Codice locale originale CC0; nessuna nuova licenza applicata ai dati.
flussi_etf,2026-10-04,/btc/righe/6/celle_originali/2,"""12.9""",https://farside.co.uk/btc/; https://farside.co.uk/eth/,"""Righe datate fino al giorno richiesto; nel weekend ultima seduta precedente. Importi originali in milioni USD; trattini preservati.""",Licenza dei dati terzi non verificata come aperta: valgono i termini della fonte; accesso pubblico non equivale a diritto di ripubblicazione. Codice locale originale CC0; nessuna nuova licenza applicata ai dati.,,Fonti originali,Licenza dei dati terzi non verificata come aperta: valgono i termini della fonte; accesso pubblico non equivale a diritto di ripubblicazione. Codice locale originale CC0; nessuna nuova licenza applicata ai dati.
flussi_etf,2026-10-04,/btc/righe/6/celle_originali/3,"""4.1""",https://farside.co.uk/btc/; https://farside.co.uk/eth/,"""Righe datate fino al giorno richiesto; nel weekend ultima seduta precedente. Importi originali in milioni USD; trattini preservati.""",Licenza dei dati terzi non verificata come aperta: valgono i termini della fonte; accesso pubblico non equivale a diritto di ripubblicazione. Codice locale originale CC0; nessuna nuova licenza applicata ai dati.,,Fonti originali,Licenza dei dati terzi non verificata come aperta: valgono i termini della fonte; accesso pubblico non equivale a diritto di ripubblicazione. Codice locale originale CC0; nessuna nuova licenza applicata ai dati.
flussi_etf,2026-10-04,/btc/righe/6/celle_originali/4,"""0.0""",https://farside.co.uk/btc/; https://farside.co.uk/eth/,"""Righe datate fino al giorno richiesto; nel weekend ultima seduta precedente. Importi originali in milioni USD; trattini preservati.""",Licenza dei dati terzi non verificata come aperta: valgono i termini della fonte; accesso pubblico non equivale a diritto di ripubblicazione. Codice locale originale CC0; nessuna nuova licenza applicata ai dati.,,Fonti originali,Licenza dei dati terzi non verificata come aperta: valgono i termini della fonte; accesso pubblico non equivale a diritto di ripubblicazione. Codice locale originale CC0; nessuna nuova licenza applicata ai dati.
flussi_etf,2026-10-04,/btc/righe/6/celle_originali/5,"""0.0""",https://farside.co.uk/btc/; https://farside.co.uk/eth/,"""Righe datate fino al giorno richiesto; nel weekend ultima seduta precedente. Importi originali in milioni USD; trattini preservati.""",Licenza dei dati terzi non verificata come aperta: valgono i termini della fonte; accesso pubblico non equivale a diritto di ripubblicazione. Codice locale originale CC0; nessuna nuova licenza applicata ai dati.,,Fonti originali,Licenza dei dati terzi non verificata come aperta: valgono i termini della fonte; accesso pubblico non equivale a diritto di ripubblicazione. Codice locale originale CC0; nessuna nuova licenza applicata ai dati.
flussi_etf,2026-10-04,/btc/righe/6/celle_originali/6,"""4.9""",https://farside.co.uk/btc/; https://farside.co.uk/eth/,"""Righe datate fino al giorno richiesto; nel weekend ultima seduta precedente. Importi originali in milioni USD; trattini preservati.""",Licenza dei dati terzi non verificata come aperta: valgono i termini della fonte; accesso pubblico non equivale a diritto di ripubblicazione. Codice locale originale CC0; nessuna nuova licenza applicata ai dati.,,Fonti originali,Licenza dei dati terzi non verificata come aperta: valgono i termini della fonte; accesso pubblico non equivale a diritto di ripubblicazione. Codice locale originale CC0; nessuna nuova licenza applicata ai dati.
flussi_etf,2026-10-04,/btc/righe/6/celle_originali/7,"""0.0""",https://farside.co.uk/btc/; https://farside.co.uk/eth/,"""Righe datate fino al giorno richiesto; nel weekend ultima seduta precedente. Importi originali in milioni USD; trattini preservati.""",Licenza dei dati terzi non verificata come aperta: valgono i termini della fonte; accesso pubblico non equivale a diritto di ripubblicazione. Codice locale originale CC0; nessuna nuova licenza applicata ai dati.,,Fonti originali,Licenza dei dati terzi non verificata come aperta: valgono i termini della fonte; accesso pubblico non equivale a diritto di ripubblicazione. Codice locale originale CC0; nessuna nuova licenza applicata ai dati.
flussi_etf,2026-10-04,/btc/righe/6/celle_originali/8,"""0.0""",https://farside.co.uk/btc/; https://farside.co.uk/eth/,"""Righe datate fino al giorno richiesto; nel weekend ultima seduta precedente. Importi originali in milioni USD; trattini preservati.""",Licenza dei dati terzi non verificata come aperta: valgono i termini della fonte; accesso pubblico non equivale a diritto di ripubblicazione. Codice locale originale CC0; nessuna nuova licenza applicata ai dati.,,Fonti originali,Licenza dei dati terzi non verificata come aperta: valgono i termini della fonte; accesso pubblico non equivale a diritto di ripubblicazione. Codice locale originale CC0; nessuna nuova licenza applicata ai dati.
flussi_etf,2026-10-04,/btc/righe/6/celle_originali/9,"""(4.0)""",https://farside.co.uk/btc/; https://farside.co.uk/eth/,"""Righe datate fino al giorno richiesto; nel weekend ultima seduta precedente. Importi originali in milioni USD; trattini preservati.""",Licenza dei dati terzi non verificata come aperta: valgono i termini della fonte; accesso pubblico non equivale a diritto di ripubblicazione. Codice locale originale CC0; nessuna nuova licenza applicata ai dati.,,Fonti originali,Licenza dei dati terzi non verificata come aperta: valgono i termini della fonte; accesso pubblico non equivale a diritto di ripubblicazione. Codice locale originale CC0; nessuna nuova licenza applicata ai dati.
flussi_etf,2026-10-04,/btc/righe/6/celle_originali/10,"""10.2""",https://farside.co.uk/btc/; https://farside.co.uk/eth/,"""Righe datate fino al giorno richiesto; nel weekend ultima seduta precedente. Importi originali in milioni USD; trattini preservati.""",Licenza dei dati terzi non verificata come aperta: valgono i termini della fonte; accesso pubblico non equivale a diritto di ripubblicazione. Codice locale originale CC0; nessuna nuova licenza applicata ai dati.,,Fonti originali,Licenza dei dati terzi non verificata come aperta: valgono i termini della fonte; accesso pubblico non equivale a diritto di ripubblicazione. Codice locale originale CC0; nessuna nuova licenza applicata ai dati.
flussi_etf,2026-10-04,/btc/righe/6/celle_originali/11,"""0.0""",https://farside.co.uk/btc/; https://farside.co.uk/eth/,"""Righe datate fino al giorno richiesto; nel weekend ultima seduta precedente. Importi originali in milioni USD; trattini preservati.""",Licenza dei dati terzi non verificata come aperta: valgono i termini della fonte; accesso pubblico non equivale a diritto di ripubblicazione. Codice locale originale CC0; nessuna nuova licenza applicata ai dati.,,Fonti originali,Licenza dei dati terzi non verificata come aperta: valgono i termini della fonte; accesso pubblico non equivale a diritto di ripubblicazione. Codice locale originale CC0; nessuna nuova licenza applicata ai dati.
flussi_etf,2026-10-04,/btc/righe/6/celle_originali/12,"""0.0""",https://farside.co.uk/btc/; https://farside.co.uk/eth/,"""Righe datate fino al giorno richiesto; nel weekend ultima seduta precedente. Importi originali in milioni USD; trattini preservati.""",Licenza dei dati terzi non verificata come aperta: valgono i termini della fonte; accesso pubblico non equivale a diritto di ripubblicazione. Codice locale originale CC0; nessuna nuova licenza applicata ai dati.,,Fonti originali,Licenza dei dati terzi non verificata come aperta: valgono i termini della fonte; accesso pubblico non equivale a diritto di ripubblicazione. Codice locale originale CC0; nessuna nuova licenza applicata ai dati.
flussi_etf,2026-10-04,/btc/righe/6/celle_originali/13,"""190.7""",https://farside.co.uk/btc/; https://farside.co.uk/eth/,"""Righe datate fino al giorno richiesto; nel weekend ultima seduta precedente. Importi originali in milioni USD; trattini preservati.""",Licenza dei dati terzi non verificata come aperta: valgono i termini della fonte; accesso pubblico non equivale a diritto di ripubblicazione. Codice locale originale CC0; nessuna nuova licenza applicata ai dati.,,Fonti originali,Licenza dei dati terzi non verificata come aperta: valgono i termini della fonte; accesso pubblico non equivale a diritto di ripubblicazione. Codice locale originale CC0; nessuna nuova licenza applicata ai dati.
flussi_etf,2026-10-04,/btc/righe/7/data,"""2026-09-25""",https://farside.co.uk/btc/; https://farside.co.uk/eth/,"""Righe datate fino al giorno richiesto; nel weekend ultima seduta precedente. Importi originali in milioni USD; trattini preservati.""",Licenza dei dati terzi non verificata come aperta: valgono i termini della fonte; accesso pubblico non equivale a diritto di ripubblicazione. Codice locale originale CC0; nessuna nuova licenza applicata ai dati.,,Fonti originali,Licenza dei dati terzi non verificata come aperta: valgono i termini della fonte; accesso pubblico non equivale a diritto di ripubblicazione. Codice locale originale CC0; nessuna nuova licenza applicata ai dati.
flussi_etf,2026-10-04,/btc/righe/7/celle_originali/0,"""25 Sep 2026""",https://farside.co.uk/btc/; https://farside.co.uk/eth/,"""Righe datate fino al giorno richiesto; nel weekend ultima seduta precedente. Importi originali in milioni USD; trattini preservati.""",Licenza dei dati terzi non verificata come aperta: valgono i termini della fonte; accesso pubblico non equivale a diritto di ripubblicazione. Codice locale originale CC0; nessuna nuova licenza applicata ai dati.,,Fonti originali,Licenza dei dati terzi non verificata come aperta: valgono i termini della fonte; accesso pubblico non equivale a diritto di ripubblicazione. Codice locale originale CC0; nessuna nuova licenza applicata ai dati.
flussi_etf,2026-10-04,/btc/righe/7/celle_originali/1,"""97.0""",https://farside.co.uk/btc/; https://farside.co.uk/eth/,"""Righe datate fino al giorno richiesto; nel weekend ultima seduta precedente. Importi originali in milioni USD; trattini preservati.""",Licenza dei dati terzi non verificata come aperta: valgono i termini della fonte; accesso pubblico non equivale a diritto di ripubblicazione. Codice locale originale CC0; nessuna nuova licenza applicata ai dati.,,Fonti originali,Licenza dei dati terzi non verificata come aperta: valgono i termini della fonte; accesso pubblico non equivale a diritto di ripubblicazione. Codice locale originale CC0; nessuna nuova licenza applicata ai dati.
flussi_etf,2026-10-04,/btc/righe/7/celle_originali/2,"""49.3""",https://farside.co.uk/btc/; https://farside.co.uk/eth/,"""Righe datate fino al giorno richiesto; nel weekend ultima seduta precedente. Importi originali in milioni USD; trattini preservati.""",Licenza dei dati terzi non verificata come aperta: valgono i termini della fonte; accesso pubblico non equivale a diritto di ripubblicazione. Codice locale originale CC0; nessuna nuova licenza applicata ai dati.,,Fonti originali,Licenza dei dati terzi non verificata come aperta: valgono i termini della fonte; accesso pubblico non equivale a diritto di ripubblicazione. Codice locale originale CC0; nessuna nuova licenza applicata ai dati.
flussi_etf,2026-10-04,/btc/righe/7/celle_originali/3,"""(11.8)""",https://farside.co.uk/btc/; https://farside.co.uk/eth/,"""Righe datate fino al giorno richiesto; nel weekend ultima seduta precedente. Importi originali in milioni USD; trattini preservati.""",Licenza dei dati terzi non verificata come aperta: valgono i termini della fonte; accesso pubblico non equivale a diritto di ripubblicazione. Codice locale originale CC0; nessuna nuova licenza applicata ai dati.,,Fonti originali,Licenza dei dati terzi non verificata come aperta: valgono i termini della fonte; accesso pubblico non equivale a diritto di ripubblicazione. Codice locale originale CC0; nessuna nuova licenza applicata ai dati.
flussi_etf,2026-10-04,/btc/righe/7/celle_originali/4,"""0.0""",https://farside.co.uk/btc/; https://farside.co.uk/eth/,"""Righe datate fino al giorno richiesto; nel weekend ultima seduta precedente. Importi originali in milioni USD; trattini preservati.""",Licenza dei dati terzi non verificata come aperta: valgono i termini della fonte; accesso pubblico non equivale a diritto di ripubblicazione. Codice locale originale CC0; nessuna nuova licenza applicata ai dati.,,Fonti originali,Licenza dei dati terzi non verificata come aperta: valgono i termini della fonte; accesso pubblico non equivale a diritto di ripubblicazione. Codice locale originale CC0; nessuna nuova licenza applicata ai dati.
flussi_etf,2026-10-04,/btc/righe/7/celle_originali/5,"""0.0""",https://farside.co.uk/btc/; https://farside.co.uk/eth/,"""Righe datate fino al giorno richiesto; nel weekend ultima seduta precedente. Importi originali in milioni USD; trattini preservati.""",Licenza dei dati terzi non verificata come aperta: valgono i termini della fonte; accesso pubblico non equivale a diritto di ripubblicazione. Codice locale originale CC0; nessuna nuova licenza applicata ai dati.,,Fonti originali,Licenza dei dati terzi non verificata come aperta: valgono i termini della fonte; accesso pubblico non equivale a diritto di ripubblicazione. Codice locale originale CC0; nessuna nuova licenza applicata ai dati.
flussi_etf,2026-10-04,/btc/righe/7/celle_originali/6,"""0.0""",https://farside.co.uk/btc/; https://farside.co.uk/eth/,"""Righe datate fino al giorno richiesto; nel weekend ultima seduta precedente. Importi originali in milioni USD; trattini preservati.""",Licenza dei dati terzi non verificata come aperta: valgono i termini della fonte; accesso pubblico non equivale a diritto di ripubblicazione. Codice locale originale CC0; nessuna nuova licenza applicata ai dati.,,Fonti originali,Licenza dei dati terzi non verificata come aperta: valgono i termini della fonte; accesso pubblico non equivale a diritto di ripubblicazione. Codice locale originale CC0; nessuna nuova licenza applicata ai dati.
flussi_etf,2026-10-04,/btc/righe/7/celle_originali/7,"""0.0""",https://farside.co.uk/btc/; https://farside.co.uk/eth/,"""Righe datate fino al giorno richiesto; nel weekend ultima seduta precedente. Importi originali in milioni USD; trattini preservati.""",Licenza dei dati terzi non verificata come aperta: valgono i termini della fonte; accesso pubblico non equivale a diritto di ripubblicazione. Codice locale originale CC0; nessuna nuova licenza applicata ai dati.,,Fonti originali,Licenza dei dati terzi non verificata come aperta: valgono i termini della fonte; accesso pubblico non equivale a diritto di ripubblicazione. Codice locale originale CC0; nessuna nuova licenza applicata ai dati.
flussi_etf,2026-10-04,/btc/righe/7/celle_originali/8,"""0.0""",https://farside.co.uk/btc/; https://farside.co.uk/eth/,"""Righe datate fino al giorno richiesto; nel weekend ultima seduta precedente. Importi originali in milioni USD; trattini preservati.""",Licenza dei dati terzi non verificata come aperta: valgono i termini della fonte; accesso pubblico non equivale a diritto di ripubblicazione. Codice locale originale CC0; nessuna nuova licenza applicata ai dati.,,Fonti originali,Licenza dei dati terzi non verificata come aperta: valgono i termini della fonte; accesso pubblico non equivale a diritto di ripubblicazione. Codice locale originale CC0; nessuna nuova licenza applicata ai dati.
flussi_etf,2026-10-04,/btc/righe/7/celle_originali/9,"""0.0""",https://farside.co.uk/btc/; https://farside.co.uk/eth/,"""Righe datate fino al giorno richiesto; nel weekend ultima seduta precedente. Importi originali in milioni USD; trattini preservati.""",Licenza dei dati terzi non verificata come aperta: valgono i termini della fonte; accesso pubblico non equivale a diritto di ripubblicazione. Codice locale originale CC0; nessuna nuova licenza applicata ai dati.,,Fonti originali,Licenza dei dati terzi non verificata come aperta: valgono i termini della fonte; accesso pubblico non equivale a diritto di ripubblicazione. Codice locale originale CC0; nessuna nuova licenza applicata ai dati.
flussi_etf,2026-10-04,/btc/righe/7/celle_originali/10,"""0.0""",https://farside.co.uk/btc/; https://farside.co.uk/eth/,"""Righe datate fino al giorno richiesto; nel weekend ultima seduta precedente. Importi originali in milioni USD; trattini preservati.""",Licenza dei dati terzi non verificata come aperta: valgono i termini della fonte; accesso pubblico non equivale a diritto di ripubblicazione. Codice locale originale CC0; nessuna nuova licenza applicata ai dati.,,Fonti originali,Licenza dei dati terzi non verificata come aperta: valgono i termini della fonte; accesso pubblico non equivale a diritto di ripubblicazione. Codice locale originale CC0; nessuna nuova licenza applicata ai dati.
flussi_etf,2026-10-04,/btc/righe/7/celle_originali/11,"""0.0""",https://farside.co.uk/btc/; https://farside.co.uk/eth/,"""Righe datate fino al giorno richiesto; nel weekend ultima seduta precedente. Importi originali in milioni USD; trattini preservati.""",Licenza dei dati terzi non verificata come aperta: valgono i termini della fonte; accesso pubblico non equivale a diritto di ripubblicazione. Codice locale originale CC0; nessuna nuova licenza applicata ai dati.,,Fonti originali,Licenza dei dati terzi non verificata come aperta: valgono i termini della fonte; accesso pubblico non equivale a diritto di ripubblicazione. Codice locale originale CC0; nessuna nuova licenza applicata ai dati.
flussi_etf,2026-10-04,/btc/righe/7/celle_originali/12,"""0.0""",https://farside.co.uk/btc/; https://farside.co.uk/eth/,"""Righe datate fino al giorno richiesto; nel weekend ultima seduta precedente. Importi originali in milioni USD; trattini preservati.""",Licenza dei dati terzi non verificata come aperta: valgono i termini della fonte; accesso pubblico non equivale a diritto di ripubblicazione. Codice locale originale CC0; nessuna nuova licenza applicata ai dati.,,Fonti originali,Licenza dei dati terzi non verificata come aperta: valgono i termini della fonte; accesso pubblico non equivale a diritto di ripubblicazione. Codice locale originale CC0; nessuna nuova licenza applicata ai dati.
flussi_etf,2026-10-04,/btc/righe/7/celle_originali/13,"""134.5""",https://farside.co.uk/btc/; https://farside.co.uk/eth/,"""Righe datate fino al giorno richiesto; nel weekend ultima seduta precedente. Importi originali in milioni USD; trattini preservati.""",Licenza dei dati terzi non verificata come aperta: valgono i termini della fonte; accesso pubblico non equivale a diritto di ripubblicazione. Codice locale originale CC0; nessuna nuova licenza applicata ai dati.,,Fonti originali,Licenza dei dati terzi non verificata come aperta: valgono i termini della fonte; accesso pubblico non equivale a diritto di ripubblicazione. Codice locale originale CC0; nessuna nuova licenza applicata ai dati.
flussi_etf,2026-10-04,/btc/righe/8/data,"""2026-09-28""",https://farside.co.uk/btc/; https://farside.co.uk/eth/,"""Righe datate fino al giorno richiesto; nel weekend ultima seduta precedente. Importi originali in milioni USD; trattini preservati.""",Licenza dei dati terzi non verificata come aperta: valgono i termini della fonte; accesso pubblico non equivale a diritto di ripubblicazione. Codice locale originale CC0; nessuna nuova licenza applicata ai dati.,,Fonti originali,Licenza dei dati terzi non verificata come aperta: valgono i termini della fonte; accesso pubblico non equivale a diritto di ripubblicazione. Codice locale originale CC0; nessuna nuova licenza applicata ai dati.
flussi_etf,2026-10-04,/btc/righe/8/celle_originali/0,"""28 Sep 2026""",https://farside.co.uk/btc/; https://farside.co.uk/eth/,"""Righe datate fino al giorno richiesto; nel weekend ultima seduta precedente. Importi originali in milioni USD; trattini preservati.""",Licenza dei dati terzi non verificata come aperta: valgono i termini della fonte; accesso pubblico non equivale a diritto di ripubblicazione. Codice locale originale CC0; nessuna nuova licenza applicata ai dati.,,Fonti originali,Licenza dei dati terzi non verificata come aperta: valgono i termini della fonte; accesso pubblico non equivale a diritto di ripubblicazione. Codice locale originale CC0; nessuna nuova licenza applicata ai dati.
flussi_etf,2026-10-04,/btc/righe/8/celle_originali/1,"""54.8""",https://farside.co.uk/btc/; https://farside.co.uk/eth/,"""Righe datate fino al giorno richiesto; nel weekend ultima seduta precedente. Importi originali in milioni USD; trattini preservati.""",Licenza dei dati terzi non verificata come aperta: valgono i termini della fonte; accesso pubblico non equivale a diritto di ripubblicazione. Codice locale originale CC0; nessuna nuova licenza applicata ai dati.,,Fonti originali,Licenza dei dati terzi non verificata come aperta: valgono i termini della fonte; accesso pubblico non equivale a diritto di ripubblicazione. Codice locale originale CC0; nessuna nuova licenza applicata ai dati.
flussi_etf,2026-10-04,/btc/righe/8/celle_originali/2,"""(10.9)""",https://farside.co.uk/btc/; https://farside.co.uk/eth/,"""Righe datate fino al giorno richiesto; nel weekend ultima seduta precedente. Importi originali in milioni USD; trattini preservati.""",Licenza dei dati terzi non verificata come aperta: valgono i termini della fonte; accesso pubblico non equivale a diritto di ripubblicazione. Codice locale originale CC0; nessuna nuova licenza applicata ai dati.,,Fonti originali,Licenza dei dati terzi non verificata come aperta: valgono i termini della fonte; accesso pubblico non equivale a diritto di ripubblicazione. Codice locale originale CC0; nessuna nuova licenza applicata ai dati.
flussi_etf,2026-10-04,/btc/righe/8/celle_originali/3,"""0.0""",https://farside.co.uk/btc/; https://farside.co.uk/eth/,"""Righe datate fino al giorno richiesto; nel weekend ultima seduta precedente. Importi originali in milioni USD; trattini preservati.""",Licenza dei dati terzi non verificata come aperta: valgono i termini della fonte; accesso pubblico non equivale a diritto di ripubblicazione. Codice locale originale CC0; nessuna nuova licenza applicata ai dati.,,Fonti originali,Licenza dei dati terzi non verificata come aperta: valgono i termini della fonte; accesso pubblico non equivale a diritto di ripubblicazione. Codice locale originale CC0; nessuna nuova licenza applicata ai dati.
flussi_etf,2026-10-04,/btc/righe/8/celle_originali/4,"""0.0""",https://farside.co.uk/btc/; https://farside.co.uk/eth/,"""Righe datate fino al giorno richiesto; nel weekend ultima seduta precedente. Importi originali in milioni USD; trattini preservati.""",Licenza dei dati terzi non verificata come aperta: valgono i termini della fonte; accesso pubblico non equivale a diritto di ripubblicazione. Codice locale originale CC0; nessuna nuova licenza applicata ai dati.,,Fonti originali,Licenza dei dati terzi non verificata come aperta: valgono i termini della fonte; accesso pubblico non equivale a diritto di ripubblicazione. Codice locale originale CC0; nessuna nuova licenza applicata ai dati.
flussi_etf,2026-10-04,/btc/righe/8/celle_originali/5,"""0.0""",https://farside.co.uk/btc/; https://farside.co.uk/eth/,"""Righe datate fino al giorno richiesto; nel weekend ultima seduta precedente. Importi originali in milioni USD; trattini preservati.""",Licenza dei dati terzi non verificata come aperta: valgono i termini della fonte; accesso pubblico non equivale a diritto di ripubblicazione. Codice locale originale CC0; nessuna nuova licenza applicata ai dati.,,Fonti originali,Licenza dei dati terzi non verificata come aperta: valgono i termini della fonte; accesso pubblico non equivale a diritto di ripubblicazione. Codice locale originale CC0; nessuna nuova licenza applicata ai dati.
flussi_etf,2026-10-04,/btc/righe/8/celle_originali/6,"""0.0""",https://farside.co.uk/btc/; https://farside.co.uk/eth/,"""Righe datate fino al giorno richiesto; nel weekend ultima seduta precedente. Importi originali in milioni USD; trattini preservati.""",Licenza dei dati terzi non verificata come aperta: valgono i termini della fonte; accesso pubblico non equivale a diritto di ripubblicazione. Codice locale originale CC0; nessuna nuova licenza applicata ai dati.,,Fonti originali,Licenza dei dati terzi non verificata come aperta: valgono i termini della fonte; accesso pubblico non equivale a diritto di ripubblicazione. Codice locale originale CC0; nessuna nuova licenza applicata ai dati.
flussi_etf,2026-10-04,/btc/righe/8/celle_originali/7,"""0.0""",https://farside.co.uk/btc/; https://farside.co.uk/eth/,"""Righe datate fino al giorno richiesto; nel weekend ultima seduta precedente. Importi originali in milioni USD; trattini preservati.""",Licenza dei dati terzi non verificata come aperta: valgono i termini della fonte; accesso pubblico non equivale a diritto di ripubblicazione. Codice locale originale CC0; nessuna nuova licenza applicata ai dati.,,Fonti originali,Licenza dei dati terzi non verificata come aperta: valgono i termini della fonte; accesso pubblico non equivale a diritto di ripubblicazione. Codice locale originale CC0; nessuna nuova licenza applicata ai dati.
flussi_etf,2026-10-04,/btc/righe/8/celle_originali/8,"""0.0""",https://farside.co.uk/btc/; https://farside.co.uk/eth/,"""Righe datate fino al giorno richiesto; nel weekend ultima seduta precedente. Importi originali in milioni USD; trattini preservati.""",Licenza dei dati terzi non verificata come aperta: valgono i termini della fonte; accesso pubblico non equivale a diritto di ripubblicazione. Codice locale originale CC0; nessuna nuova licenza applicata ai dati.,,Fonti originali,Licenza dei dati terzi non verificata come aperta: valgono i termini della fonte; accesso pubblico non equivale a diritto di ripubblicazione. Codice locale originale CC0; nessuna nuova licenza applicata ai dati.
flussi_etf,2026-10-04,/btc/righe/8/celle_originali/9,"""0.0""",https://farside.co.uk/btc/; https://farside.co.uk/eth/,"""Righe datate fino al giorno richiesto; nel weekend ultima seduta precedente. Importi originali in milioni USD; trattini preservati.""",Licenza dei dati terzi non verificata come aperta: valgono i termini della fonte; accesso pubblico non equivale a diritto di ripubblicazione. Codice locale originale CC0; nessuna nuova licenza applicata ai dati.,,Fonti originali,Licenza dei dati terzi non verificata come aperta: valgono i termini della fonte; accesso pubblico non equivale a diritto di ripubblicazione. Codice locale originale CC0; nessuna nuova licenza applicata ai dati.
flussi_etf,2026-10-04,/btc/righe/8/celle_originali/10,"""0.0""",https://farside.co.uk/btc/; https://farside.co.uk/eth/,"""Righe datate fino al giorno richiesto; nel weekend ultima seduta precedente. Importi originali in milioni USD; trattini preservati.""",Licenza dei dati terzi non verificata come aperta: valgono i termini della fonte; accesso pubblico non equivale a diritto di ripubblicazione. Codice locale originale CC0; nessuna nuova licenza applicata ai dati.,,Fonti originali,Licenza dei dati terzi non verificata come aperta: valgono i termini della fonte; accesso pubblico non equivale a diritto di ripubblicazione. Codice locale originale CC0; nessuna nuova licenza applicata ai dati.
flussi_etf,2026-10-04,/btc/righe/8/celle_originali/11,"""(23.2)""",https://farside.co.uk/btc/; https://farside.co.uk/eth/,"""Righe datate fino al giorno richiesto; nel weekend ultima seduta precedente. Importi originali in milioni USD; trattini preservati.""",Licenza dei dati terzi non verificata come aperta: valgono i termini della fonte; accesso pubblico non equivale a diritto di ripubblicazione. Codice locale originale CC0; nessuna nuova licenza applicata ai dati.,,Fonti originali,Licenza dei dati terzi non verificata come aperta: valgono i termini della fonte; accesso pubblico non equivale a diritto di ripubblicazione. Codice locale originale CC0; nessuna nuova licenza applicata ai dati.
flussi_etf,2026-10-04,/btc/righe/8/celle_originali/12,"""10.3""",https://farside.co.uk/btc/; https://farside.co.uk/eth/,"""Righe datate fino al giorno richiesto; nel weekend ultima seduta precedente. Importi originali in milioni USD; trattini preservati.""",Licenza dei dati terzi non verificata come aperta: valgono i termini della fonte; accesso pubblico non equivale a diritto di ripubblicazione. Codice locale originale CC0; nessuna nuova licenza applicata ai dati.,,Fonti originali,Licenza dei dati terzi non verificata come aperta: valgono i termini della fonte; accesso pubblico non equivale a diritto di ripubblicazione. Codice locale originale CC0; nessuna nuova licenza applicata ai dati.
flussi_etf,2026-10-04,/btc/righe/8/celle_originali/13,"""31.0""",https://farside.co.uk/btc/; https://farside.co.uk/eth/,"""Righe datate fino al giorno richiesto; nel weekend ultima seduta precedente. Importi originali in milioni USD; trattini preservati.""",Licenza dei dati terzi non verificata come aperta: valgono i termini della fonte; accesso pubblico non equivale a diritto di ripubblicazione. Codice locale originale CC0; nessuna nuova licenza applicata ai dati.,,Fonti originali,Licenza dei dati terzi non verificata come aperta: valgono i termini della fonte; accesso pubblico non equivale a diritto di ripubblicazione. Codice locale originale CC0; nessuna nuova licenza applicata ai dati.
flussi_etf,2026-10-04,/btc/righe/9/data,"""2026-09-29""",https://farside.co.uk/btc/; https://farside.co.uk/eth/,"""Righe datate fino al giorno richiesto; nel weekend ultima seduta precedente. Importi originali in milioni USD; trattini preservati.""",Licenza dei dati terzi non verificata come aperta: valgono i termini della fonte; accesso pubblico non equivale a diritto di ripubblicazione. Codice locale originale CC0; nessuna nuova licenza applicata ai dati.,,Fonti originali,Licenza dei dati terzi non verificata come aperta: valgono i termini della fonte; accesso pubblico non equivale a diritto di ripubblicazione. Codice locale originale CC0; nessuna nuova licenza applicata ai dati.
flussi_etf,2026-10-04,/btc/righe/9/celle_originali/0,"""29 Sep 2026""",https://farside.co.uk/btc/; https://farside.co.uk/eth/,"""Righe datate fino al giorno richiesto; nel weekend ultima seduta precedente. Importi originali in milioni USD; trattini preservati.""",Licenza dei dati terzi non verificata come aperta: valgono i termini della fonte; accesso pubblico non equivale a diritto di ripubblicazione. Codice locale originale CC0; nessuna nuova licenza applicata ai dati.,,Fonti originali,Licenza dei dati terzi non verificata come aperta: valgono i termini della fonte; accesso pubblico non equivale a diritto di ripubblicazione. Codice locale originale CC0; nessuna nuova licenza applicata ai dati.
flussi_etf,2026-10-04,/btc/righe/9/celle_originali/1,"""51.1""",https://farside.co.uk/btc/; https://farside.co.uk/eth/,"""Righe datate fino al giorno richiesto; nel weekend ultima seduta precedente. Importi originali in milioni USD; trattini preservati.""",Licenza dei dati terzi non verificata come aperta: valgono i termini della fonte; accesso pubblico non equivale a diritto di ripubblicazione. Codice locale originale CC0; nessuna nuova licenza applicata ai dati.,,Fonti originali,Licenza dei dati terzi non verificata come aperta: valgono i termini della fonte; accesso pubblico non equivale a diritto di ripubblicazione. Codice locale originale CC0; nessuna nuova licenza applicata ai dati.
flussi_etf,2026-10-04,/btc/righe/9/celle_originali/2,"""0.0""",https://farside.co.uk/btc/; https://farside.co.uk/eth/,"""Righe datate fino al giorno richiesto; nel weekend ultima seduta precedente. Importi originali in milioni USD; trattini preservati.""",Licenza dei dati terzi non verificata come aperta: valgono i termini della fonte; accesso pubblico non equivale a diritto di ripubblicazione. Codice locale originale CC0; nessuna nuova licenza applicata ai dati.,,Fonti originali,Licenza dei dati terzi non verificata come aperta: valgono i termini della fonte; accesso pubblico non equivale a diritto di ripubblicazione. Codice locale originale CC0; nessuna nuova licenza applicata ai dati.
flussi_etf,2026-10-04,/btc/righe/9/celle_originali/3,"""(18.1)""",https://farside.co.uk/btc/; https://farside.co.uk/eth/,"""Righe datate fino al giorno richiesto; nel weekend ultima seduta precedente. Importi originali in milioni USD; trattini preservati.""",Licenza dei dati terzi non verificata come aperta: valgono i termini della fonte; accesso pubblico non equivale a diritto di ripubblicazione. Codice locale originale CC0; nessuna nuova licenza applicata ai dati.,,Fonti originali,Licenza dei dati terzi non verificata come aperta: valgono i termini della fonte; accesso pubblico non equivale a diritto di ripubblicazione. Codice locale originale CC0; nessuna nuova licenza applicata ai dati.
flussi_etf,2026-10-04,/btc/righe/9/celle_originali/4,"""33.2""",https://farside.co.uk/btc/; https://farside.co.uk/eth/,"""Righe datate fino al giorno richiesto; nel weekend ultima seduta precedente. Importi originali in milioni USD; trattini preservati.""",Licenza dei dati terzi non verificata come aperta: valgono i termini della fonte; accesso pubblico non equivale a diritto di ripubblicazione. Codice locale originale CC0; nessuna nuova licenza applicata ai dati.,,Fonti originali,Licenza dei dati terzi non verificata come aperta: valgono i termini della fonte; accesso pubblico non equivale a diritto di ripubblicazione. Codice locale originale CC0; nessuna nuova licenza applicata ai dati.
flussi_etf,2026-10-04,/btc/righe/9/celle_originali/5,"""0.0""",https://farside.co.uk/btc/; https://farside.co.uk/eth/,"""Righe datate fino al giorno richiesto; nel weekend ultima seduta precedente. Importi originali in milioni USD; trattini preservati.""",Licenza dei dati terzi non verificata come aperta: valgono i termini della fonte; accesso pubblico non equivale a diritto di ripubblicazione. Codice locale originale CC0; nessuna nuova licenza applicata ai dati.,,Fonti originali,Licenza dei dati terzi non verificata come aperta: valgono i termini della fonte; accesso pubblico non equivale a diritto di ripubblicazione. Codice locale originale CC0; nessuna nuova licenza applicata ai dati.
flussi_etf,2026-10-04,/btc/righe/9/celle_originali/6,"""0.0""",https://farside.co.uk/btc/; https://farside.co.uk/eth/,"""Righe datate fino al giorno richiesto; nel weekend ultima seduta precedente. Importi originali in milioni USD; trattini preservati.""",Licenza dei dati terzi non verificata come aperta: valgono i termini della fonte; accesso pubblico non equivale a diritto di ripubblicazione. Codice locale originale CC0; nessuna nuova licenza applicata ai dati.,,Fonti originali,Licenza dei dati terzi non verificata come aperta: valgono i termini della fonte; accesso pubblico non equivale a diritto di ripubblicazione. Codice locale originale CC0; nessuna nuova licenza applicata ai dati.
flussi_etf,2026-10-04,/btc/righe/9/celle_originali/7,"""0.0""",https://farside.co.uk/btc/; https://farside.co.uk/eth/,"""Righe datate fino al giorno richiesto; nel weekend ultima seduta precedente. Importi originali in milioni USD; trattini preservati.""",Licenza dei dati terzi non verificata come aperta: valgono i termini della fonte; accesso pubblico non equivale a diritto di ripubblicazione. Codice locale originale CC0; nessuna nuova licenza applicata ai dati.,,Fonti originali,Licenza dei dati terzi non verificata come aperta: valgono i termini della fonte; accesso pubblico non equivale a diritto di ripubblicazione. Codice locale originale CC0; nessuna nuova licenza applicata ai dati.
flussi_etf,2026-10-04,/btc/righe/9/celle_originali/8,"""0.0""",https://farside.co.uk/btc/; https://farside.co.uk/eth/,"""Righe datate fino al giorno richiesto; nel weekend ultima seduta precedente. Importi originali in milioni USD; trattini preservati.""",Licenza dei dati terzi non verificata come aperta: valgono i termini della fonte; accesso pubblico non equivale a diritto di ripubblicazione. Codice locale originale CC0; nessuna nuova licenza applicata ai dati.,,Fonti originali,Licenza dei dati terzi non verificata come aperta: valgono i termini della fonte; accesso pubblico non equivale a diritto di ripubblicazione. Codice locale originale CC0; nessuna nuova licenza applicata ai dati.
flussi_etf,2026-10-04,/btc/righe/9/celle_originali/9,"""0.0""",https://farside.co.uk/btc/; https://farside.co.uk/eth/,"""Righe datate fino al giorno richiesto; nel weekend ultima seduta precedente. Importi originali in milioni USD; trattini preservati.""",Licenza dei dati terzi non verificata come aperta: valgono i termini della fonte; accesso pubblico non equivale a diritto di ripubblicazione. Codice locale originale CC0; nessuna nuova licenza applicata ai dati.,,Fonti originali,Licenza dei dati terzi non verificata come aperta: valgono i termini della fonte; accesso pubblico non equivale a diritto di ripubblicazione. Codice locale originale CC0; nessuna nuova licenza applicata ai dati.
flussi_etf,2026-10-04,/btc/righe/9/celle_originali/10,"""0.0""",https://farside.co.uk/btc/; https://farside.co.uk/eth/,"""Righe datate fino al giorno richiesto; nel weekend ultima seduta precedente. Importi originali in milioni USD; trattini preservati.""",Licenza dei dati terzi non verificata come aperta: valgono i termini della fonte; accesso pubblico non equivale a diritto di ripubblicazione. Codice locale originale CC0; nessuna nuova licenza applicata ai dati.,,Fonti originali,Licenza dei dati terzi non verificata come aperta: valgono i termini della fonte; accesso pubblico non equivale a diritto di ripubblicazione. Codice locale originale CC0; nessuna nuova licenza applicata ai dati.
flussi_etf,2026-10-04,/btc/righe/9/celle_originali/11,"""0.0""",https://farside.co.uk/btc/; https://farside.co.uk/eth/,"""Righe datate fino al giorno richiesto; nel weekend ultima seduta precedente. Importi originali in milioni USD; trattini preservati.""",Licenza dei dati terzi non verificata come aperta: valgono i termini della fonte; accesso pubblico non equivale a diritto di ripubblicazione. Codice locale originale CC0; nessuna nuova licenza applicata ai dati.,,Fonti originali,Licenza dei dati terzi non verificata come aperta: valgono i termini della fonte; accesso pubblico non equivale a diritto di ripubblicazione. Codice locale originale CC0; nessuna nuova licenza applicata ai dati.
flussi_etf,2026-10-04,/btc/righe/9/celle_originali/12,"""0.0""",https://farside.co.uk/btc/; https://farside.co.uk/eth/,"""Righe datate fino al giorno richiesto; nel weekend ultima seduta precedente. Importi originali in milioni USD; trattini preservati.""",Licenza dei dati terzi non verificata come aperta: valgono i termini della fonte; accesso pubblico non equivale a diritto di ripubblicazione. Codice locale originale CC0; nessuna nuova licenza applicata ai dati.,,Fonti originali,Licenza dei dati terzi non verificata come aperta: valgono i termini della fonte; accesso pubblico non equivale a diritto di ripubblicazione. Codice locale originale CC0; nessuna nuova licenza applicata ai dati.
flussi_etf,2026-10-04,/btc/righe/9/celle_originali/13,"""66.2""",https://farside.co.uk/btc/; https://farside.co.uk/eth/,"""Righe datate fino al giorno richiesto; nel weekend ultima seduta precedente. Importi originali in milioni USD; trattini preservati.""",Licenza dei dati terzi non verificata come aperta: valgono i termini della fonte; accesso pubblico non equivale a diritto di ripubblicazione. Codice locale originale CC0; nessuna nuova licenza applicata ai dati.,,Fonti originali,Licenza dei dati terzi non verificata come aperta: valgono i termini della fonte; accesso pubblico non equivale a diritto di ripubblicazione. Codice locale originale CC0; nessuna nuova licenza applicata ai dati.
flussi_etf,2026-10-04,/btc/righe/10/data,"""2026-09-30""",https://farside.co.uk/btc/; https://farside.co.uk/eth/,"""Righe datate fino al giorno richiesto; nel weekend ultima seduta precedente. Importi originali in milioni USD; trattini preservati.""",Licenza dei dati terzi non verificata come aperta: valgono i termini della fonte; accesso pubblico non equivale a diritto di ripubblicazione. Codice locale originale CC0; nessuna nuova licenza applicata ai dati.,,Fonti originali,Licenza dei dati terzi non verificata come aperta: valgono i termini della fonte; accesso pubblico non equivale a diritto di ripubblicazione. Codice locale originale CC0; nessuna nuova licenza applicata ai dati.
flussi_etf,2026-10-04,/btc/righe/10/celle_originali/0,"""30 Sep 2026""",https://farside.co.uk/btc/; https://farside.co.uk/eth/,"""Righe datate fino al giorno richiesto; nel weekend ultima seduta precedente. Importi originali in milioni USD; trattini preservati.""",Licenza dei dati terzi non verificata come aperta: valgono i termini della fonte; accesso pubblico non equivale a diritto di ripubblicazione. Codice locale originale CC0; nessuna nuova licenza applicata ai dati.,,Fonti originali,Licenza dei dati terzi non verificata come aperta: valgono i termini della fonte; accesso pubblico non equivale a diritto di ripubblicazione. Codice locale originale CC0; nessuna nuova licenza applicata ai dati.
flussi_etf,2026-10-04,/btc/righe/10/celle_originali/1,"""(9.5)""",https://farside.co.uk/btc/; https://farside.co.uk/eth/,"""Righe datate fino al giorno richiesto; nel weekend ultima seduta precedente. Importi originali in milioni USD; trattini preservati.""",Licenza dei dati terzi non verificata come aperta: valgono i termini della fonte; accesso pubblico non equivale a diritto di ripubblicazione. Codice locale originale CC0; nessuna nuova licenza applicata ai dati.,,Fonti originali,Licenza dei dati terzi non verificata come aperta: valgono i termini della fonte; accesso pubblico non equivale a diritto di ripubblicazione. Codice locale originale CC0; nessuna nuova licenza applicata ai dati.
flussi_etf,2026-10-04,/btc/righe/10/celle_originali/2,"""(125.6)""",https://farside.co.uk/btc/; https://farside.co.uk/eth/,"""Righe datate fino al giorno richiesto; nel weekend ultima seduta precedente. Importi originali in milioni USD; trattini preservati.""",Licenza dei dati terzi non verificata come aperta: valgono i termini della fonte; accesso pubblico non equivale a diritto di ripubblicazione. Codice locale originale CC0; nessuna nuova licenza applicata ai dati.,,Fonti originali,Licenza dei dati terzi non verificata come aperta: valgono i termini della fonte; accesso pubblico non equivale a diritto di ripubblicazione. Codice locale originale CC0; nessuna nuova licenza applicata ai dati.
flussi_etf,2026-10-04,/btc/righe/10/celle_originali/3,"""(13.6)""",https://farside.co.uk/btc/; https://farside.co.uk/eth/,"""Righe datate fino al giorno richiesto; nel weekend ultima seduta precedente. Importi originali in milioni USD; trattini preservati.""",Licenza dei dati terzi non verificata come aperta: valgono i termini della fonte; accesso pubblico non equivale a diritto di ripubblicazione. Codice locale originale CC0; nessuna nuova licenza applicata ai dati.,,Fonti originali,Licenza dei dati terzi non verificata come aperta: valgono i termini della fonte; accesso pubblico non equivale a diritto di ripubblicazione. Codice locale originale CC0; nessuna nuova licenza applicata ai dati.
flussi_etf,2026-10-04,/btc/righe/10/celle_originali/4,"""0.0""",https://farside.co.uk/btc/; https://farside.co.uk/eth/,"""Righe datate fino al giorno richiesto; nel weekend ultima seduta precedente. Importi originali in milioni USD; trattini preservati.""",Licenza dei dati terzi non verificata come aperta: valgono i termini della fonte; accesso pubblico non equivale a diritto di ripubblicazione. Codice locale originale CC0; nessuna nuova licenza applicata ai dati.,,Fonti originali,Licenza dei dati terzi non verificata come aperta: valgono i termini della fonte; accesso pubblico non equivale a diritto di ripubblicazione. Codice locale originale CC0; nessuna nuova licenza applicata ai dati.
flussi_etf,2026-10-04,/btc/righe/10/celle_originali/5,"""0.0""",https://farside.co.uk/btc/; https://farside.co.uk/eth/,"""Righe datate fino al giorno richiesto; nel weekend ultima seduta precedente. Importi originali in milioni USD; trattini preservati.""",Licenza dei dati terzi non verificata come aperta: valgono i termini della fonte; accesso pubblico non equivale a diritto di ripubblicazione. Codice locale originale CC0; nessuna nuova licenza applicata ai dati.,,Fonti originali,Licenza dei dati terzi non verificata come aperta: valgono i termini della fonte; accesso pubblico non equivale a diritto di ripubblicazione. Codice locale originale CC0; nessuna nuova licenza applicata ai dati.
flussi_etf,2026-10-04,/btc/righe/10/celle_originali/6,"""0.0""",https://farside.co.uk/btc/; https://farside.co.uk/eth/,"""Righe datate fino al giorno richiesto; nel weekend ultima seduta precedente. Importi originali in milioni USD; trattini preservati.""",Licenza dei dati terzi non verificata come aperta: valgono i termini della fonte; accesso pubblico non equivale a diritto di ripubblicazione. Codice locale originale CC0; nessuna nuova licenza applicata ai dati.,,Fonti originali,Licenza dei dati terzi non verificata come aperta: valgono i termini della fonte; accesso pubblico non equivale a diritto di ripubblicazione. Codice locale originale CC0; nessuna nuova licenza applicata ai dati.
flussi_etf,2026-10-04,/btc/righe/10/celle_originali/7,"""0.0""",https://farside.co.uk/btc/; https://farside.co.uk/eth/,"""Righe datate fino al giorno richiesto; nel weekend ultima seduta precedente. Importi originali in milioni USD; trattini preservati.""",Licenza dei dati terzi non verificata come aperta: valgono i termini della fonte; accesso pubblico non equivale a diritto di ripubblicazione. Codice locale originale CC0; nessuna nuova licenza applicata ai dati.,,Fonti originali,Licenza dei dati terzi non verificata come aperta: valgono i termini della fonte; accesso pubblico non equivale a diritto di ripubblicazione. Codice locale originale CC0; nessuna nuova licenza applicata ai dati.
flussi_etf,2026-10-04,/btc/righe/10/celle_originali/8,"""0.0""",https://farside.co.uk/btc/; https://farside.co.uk/eth/,"""Righe datate fino al giorno richiesto; nel weekend ultima seduta precedente. Importi originali in milioni USD; trattini preservati.""",Licenza dei dati terzi non verificata come aperta: valgono i termini della fonte; accesso pubblico non equivale a diritto di ripubblicazione. Codice locale originale CC0; nessuna nuova licenza applicata ai dati.,,Fonti originali,Licenza dei dati terzi non verificata come aperta: valgono i termini della fonte; accesso pubblico non equivale a diritto di ripubblicazione. Codice locale originale CC0; nessuna nuova licenza applicata ai dati.
flussi_etf,2026-10-04,/btc/righe/10/celle_originali/9,"""0.0""",https://farside.co.uk/btc/; https://farside.co.uk/eth/,"""Righe datate fino al giorno richiesto; nel weekend ultima seduta precedente. Importi originali in milioni USD; trattini preservati.""",Licenza dei dati terzi non verificata come aperta: valgono i termini della fonte; accesso pubblico non equivale a diritto di ripubblicazione. Codice locale originale CC0; nessuna nuova licenza applicata ai dati.,,Fonti originali,Licenza dei dati terzi non verificata come aperta: valgono i termini della fonte; accesso pubblico non equivale a diritto di ripubblicazione. Codice locale originale CC0; nessuna nuova licenza applicata ai dati.
flussi_etf,2026-10-04,/btc/righe/10/celle_originali/10,"""0.0""",https://farside.co.uk/btc/; https://farside.co.uk/eth/,"""Righe datate fino al giorno richiesto; nel weekend ultima seduta precedente. Importi originali in milioni USD; trattini preservati.""",Licenza dei dati terzi non verificata come aperta: valgono i termini della fonte; accesso pubblico non equivale a diritto di ripubblicazione. Codice locale originale CC0; nessuna nuova licenza applicata ai dati.,,Fonti originali,Licenza dei dati terzi non verificata come aperta: valgono i termini della fonte; accesso pubblico non equivale a diritto di ripubblicazione. Codice locale originale CC0; nessuna nuova licenza applicata ai dati.
flussi_etf,2026-10-04,/btc/righe/10/celle_originali/11,"""0.0""",https://farside.co.uk/btc/; https://farside.co.uk/eth/,"""Righe datate fino al giorno richiesto; nel weekend ultima seduta precedente. Importi originali in milioni USD; trattini preservati.""",Licenza dei dati terzi non verificata come aperta: valgono i termini della fonte; accesso pubblico non equivale a diritto di ripubblicazione. Codice locale originale CC0; nessuna nuova licenza applicata ai dati.,,Fonti originali,Licenza dei dati terzi non verificata come aperta: valgono i termini della fonte; accesso pubblico non equivale a diritto di ripubblicazione. Codice locale originale CC0; nessuna nuova licenza applicata ai dati.
flussi_etf,2026-10-04,/btc/righe/10/celle_originali/12,"""0.0""",https://farside.co.uk/btc/; https://farside.co.uk/eth/,"""Righe datate fino al giorno richiesto; nel weekend ultima seduta precedente. Importi originali in milioni USD; trattini preservati.""",Licenza dei dati terzi non verificata come aperta: valgono i termini della fonte; accesso pubblico non equivale a diritto di ripubblicazione. Codice locale originale CC0; nessuna nuova licenza applicata ai dati.,,Fonti originali,Licenza dei dati terzi non verificata come aperta: valgono i termini della fonte; accesso pubblico non equivale a diritto di ripubblicazione. Codice locale originale CC0; nessuna nuova licenza applicata ai dati.
flussi_etf,2026-10-04,/btc/righe/10/celle_originali/13,"""(148.7)""",https://farside.co.uk/btc/; https://farside.co.uk/eth/,"""Righe datate fino al giorno richiesto; nel weekend ultima seduta precedente. Importi originali in milioni USD; trattini preservati.""",Licenza dei dati terzi non verificata come aperta: valgono i termini della fonte; accesso pubblico non equivale a diritto di ripubblicazione. Codice locale originale CC0; nessuna nuova licenza applicata ai dati.,,Fonti originali,Licenza dei dati terzi non verificata come aperta: valgono i termini della fonte; accesso pubblico non equivale a diritto di ripubblicazione. Codice locale originale CC0; nessuna nuova licenza applicata ai dati.
flussi_etf,2026-10-04,/btc/righe/11/data,"""2026-10-01""",https://farside.co.uk/btc/; https://farside.co.uk/eth/,"""Righe datate fino al giorno richiesto; nel weekend ultima seduta precedente. Importi originali in milioni USD; trattini preservati.""",Licenza dei dati terzi non verificata come aperta: valgono i termini della fonte; accesso pubblico non equivale a diritto di ripubblicazione. Codice locale originale CC0; nessuna nuova licenza applicata ai dati.,,Fonti originali,Licenza dei dati terzi non verificata come aperta: valgono i termini della fonte; accesso pubblico non equivale a diritto di ripubblicazione. Codice locale originale CC0; nessuna nuova licenza applicata ai dati.
flussi_etf,2026-10-04,/btc/righe/11/celle_originali/0,"""01 Oct 2026""",https://farside.co.uk/btc/; https://farside.co.uk/eth/,"""Righe datate fino al giorno richiesto; nel weekend ultima seduta precedente. Importi originali in milioni USD; trattini preservati.""",Licenza dei dati terzi non verificata come aperta: valgono i termini della fonte; accesso pubblico non equivale a diritto di ripubblicazione. Codice locale originale CC0; nessuna nuova licenza applicata ai dati.,,Fonti originali,Licenza dei dati terzi non verificata come aperta: valgono i termini della fonte; accesso pubblico non equivale a diritto di ripubblicazione. Codice locale originale CC0; nessuna nuova licenza applicata ai dati.
flussi_etf,2026-10-04,/btc/righe/11/celle_originali/1,"""195.6""",https://farside.co.uk/btc/; https://farside.co.uk/eth/,"""Righe datate fino al giorno richiesto; nel weekend ultima seduta precedente. Importi originali in milioni USD; trattini preservati.""",Licenza dei dati terzi non verificata come aperta: valgono i termini della fonte; accesso pubblico non equivale a diritto di ripubblicazione. Codice locale originale CC0; nessuna nuova licenza applicata ai dati.,,Fonti originali,Licenza dei dati terzi non verificata come aperta: valgono i termini della fonte; accesso pubblico non equivale a diritto di ripubblicazione. Codice locale originale CC0; nessuna nuova licenza applicata ai dati.
flussi_etf,2026-10-04,/btc/righe/11/celle_originali/2,"""(60.7)""",https://farside.co.uk/btc/; https://farside.co.uk/eth/,"""Righe datate fino al giorno richiesto; nel weekend ultima seduta precedente. Importi originali in milioni USD; trattini preservati.""",Licenza dei dati terzi non verificata come aperta: valgono i termini della fonte; accesso pubblico non equivale a diritto di ripubblicazione. Codice locale originale CC0; nessuna nuova licenza applicata ai dati.,,Fonti originali,Licenza dei dati terzi non verificata come aperta: valgono i termini della fonte; accesso pubblico non equivale a diritto di ripubblicazione. Codice locale originale CC0; nessuna nuova licenza applicata ai dati.
flussi_etf,2026-10-04,/btc/righe/11/celle_originali/3,"""(6.9)""",https://farside.co.uk/btc/; https://farside.co.uk/eth/,"""Righe datate fino al giorno richiesto; nel weekend ultima seduta precedente. Importi originali in milioni USD; trattini preservati.""",Licenza dei dati terzi non verificata come aperta: valgono i termini della fonte; accesso pubblico non equivale a diritto di ripubblicazione. Codice locale originale CC0; nessuna nuova licenza applicata ai dati.,,Fonti originali,Licenza dei dati terzi non verificata come aperta: valgono i termini della fonte; accesso pubblico non equivale a diritto di ripubblicazione. Codice locale originale CC0; nessuna nuova licenza applicata ai dati.
flussi_etf,2026-10-04,/btc/righe/11/celle_originali/4,"""(7.7)""",https://farside.co.uk/btc/; https://farside.co.uk/eth/,"""Righe datate fino al giorno richiesto; nel weekend ultima seduta precedente. Importi originali in milioni USD; trattini preservati.""",Licenza dei dati terzi non verificata come aperta: valgono i termini della fonte; accesso pubblico non equivale a diritto di ripubblicazione. Codice locale originale CC0; nessuna nuova licenza applicata ai dati.,,Fonti originali,Licenza dei dati terzi non verificata come aperta: valgono i termini della fonte; accesso pubblico non equivale a diritto di ripubblicazione. Codice locale originale CC0; nessuna nuova licenza applicata ai dati.
flussi_etf,2026-10-04,/btc/righe/11/celle_originali/5,"""(4.2)""",https://farside.co.uk/btc/; https://farside.co.uk/eth/,"""Righe datate fino al giorno richiesto; nel weekend ultima seduta precedente. Importi originali in milioni USD; trattini preservati.""",Licenza dei dati terzi non verificata come aperta: valgono i termini della fonte; accesso pubblico non equivale a diritto di ripubblicazione. Codice locale originale CC0; nessuna nuova licenza applicata ai dati.,,Fonti originali,Licenza dei dati terzi non verificata come aperta: valgono i termini della fonte; accesso pubblico non equivale a diritto di ripubblicazione. Codice locale originale CC0; nessuna nuova licenza applicata ai dati.
flussi_etf,2026-10-04,/btc/righe/11/celle_originali/6,"""0.0""",https://farside.co.uk/btc/; https://farside.co.uk/eth/,"""Righe datate fino al giorno richiesto; nel weekend ultima seduta precedente. Importi originali in milioni USD; trattini preservati.""",Licenza dei dati terzi non verificata come aperta: valgono i termini della fonte; accesso pubblico non equivale a diritto di ripubblicazione. Codice locale originale CC0; nessuna nuova licenza applicata ai dati.,,Fonti originali,Licenza dei dati terzi non verificata come aperta: valgono i termini della fonte; accesso pubblico non equivale a diritto di ripubblicazione. Codice locale originale CC0; nessuna nuova licenza applicata ai dati.
flussi_etf,2026-10-04,/btc/righe/11/celle_originali/7,"""0.0""",https://farside.co.uk/btc/; https://farside.co.uk/eth/,"""Righe datate fino al giorno richiesto; nel weekend ultima seduta precedente. Importi originali in milioni USD; trattini preservati.""",Licenza dei dati terzi non verificata come aperta: valgono i termini della fonte; accesso pubblico non equivale a diritto di ripubblicazione. Codice locale originale CC0; nessuna nuova licenza applicata ai dati.,,Fonti originali,Licenza dei dati terzi non verificata come aperta: valgono i termini della fonte; accesso pubblico non equivale a diritto di ripubblicazione. Codice locale originale CC0; nessuna nuova licenza applicata ai dati.
flussi_etf,2026-10-04,/btc/righe/11/celle_originali/8,"""(3.6)""",https://farside.co.uk/btc/; https://farside.co.uk/eth/,"""Righe datate fino al giorno richiesto; nel weekend ultima seduta precedente. Importi originali in milioni USD; trattini preservati.""",Licenza dei dati terzi non verificata come aperta: valgono i termini della fonte; accesso pubblico non equivale a diritto di ripubblicazione. Codice locale originale CC0; nessuna nuova licenza applicata ai dati.,,Fonti originali,Licenza dei dati terzi non verificata come aperta: valgono i termini della fonte; accesso pubblico non equivale a diritto di ripubblicazione. Codice locale originale CC0; nessuna nuova licenza applicata ai dati.
flussi_etf,2026-10-04,/btc/righe/11/celle_originali/9,"""0.0""",https://farside.co.uk/btc/; https://farside.co.uk/eth/,"""Righe datate fino al giorno richiesto; nel weekend ultima seduta precedente. Importi originali in milioni USD; trattini preservati.""",Licenza dei dati terzi non verificata come aperta: valgono i termini della fonte; accesso pubblico non equivale a diritto di ripubblicazione. Codice locale originale CC0; nessuna nuova licenza applicata ai dati.,,Fonti originali,Licenza dei dati terzi non verificata come aperta: valgono i termini della fonte; accesso pubblico non equivale a diritto di ripubblicazione. Codice locale originale CC0; nessuna nuova licenza applicata ai dati.
flussi_etf,2026-10-04,/btc/righe/11/celle_originali/10,"""7.0""",https://farside.co.uk/btc/; https://farside.co.uk/eth/,"""Righe datate fino al giorno richiesto; nel weekend ultima seduta precedente. Importi originali in milioni USD; trattini preservati.""",Licenza dei dati terzi non verificata come aperta: valgono i termini della fonte; accesso pubblico non equivale a diritto di ripubblicazione. Codice locale originale CC0; nessuna nuova licenza applicata ai dati.,,Fonti originali,Licenza dei dati terzi non verificata come aperta: valgono i termini della fonte; accesso pubblico non equivale a diritto di ripubblicazione. Codice locale originale CC0; nessuna nuova licenza applicata ai dati.
flussi_etf,2026-10-04,/btc/righe/11/celle_originali/11,"""(31.4)""",https://farside.co.uk/btc/; https://farside.co.uk/eth/,"""Righe datate fino al giorno richiesto; nel weekend ultima seduta precedente. Importi originali in milioni USD; trattini preservati.""",Licenza dei dati terzi non verificata come aperta: valgono i termini della fonte; accesso pubblico non equivale a diritto di ripubblicazione. Codice locale originale CC0; nessuna nuova licenza applicata ai dati.,,Fonti originali,Licenza dei dati terzi non verificata come aperta: valgono i termini della fonte; accesso pubblico non equivale a diritto di ripubblicazione. Codice locale originale CC0; nessuna nuova licenza applicata ai dati.
flussi_etf,2026-10-04,/btc/righe/11/celle_originali/12,"""14.6""",https://farside.co.uk/btc/; https://farside.co.uk/eth/,"""Righe datate fino al giorno richiesto; nel weekend ultima seduta precedente. Importi originali in milioni USD; trattini preservati.""",Licenza dei dati terzi non verificata come aperta: valgono i termini della fonte; accesso pubblico non equivale a diritto di ripubblicazione. Codice locale originale CC0; nessuna nuova licenza applicata ai dati.,,Fonti originali,Licenza dei dati terzi non verificata come aperta: valgono i termini della fonte; accesso pubblico non equivale a diritto di ripubblicazione. Codice locale originale CC0; nessuna nuova licenza applicata ai dati.
flussi_etf,2026-10-04,/btc/righe/11/celle_originali/13,"""102.7""",https://farside.co.uk/btc/; https://farside.co.uk/eth/,"""Righe datate fino al giorno richiesto; nel weekend ultima seduta precedente. Importi originali in milioni USD; trattini preservati.""",Licenza dei dati terzi non verificata come aperta: valgono i termini della fonte; accesso pubblico non equivale a diritto di ripubblicazione. Codice locale originale CC0; nessuna nuova licenza applicata ai dati.,,Fonti originali,Licenza dei dati terzi non verificata come aperta: valgono i termini della fonte; accesso pubblico non equivale a diritto di ripubblicazione. Codice locale originale CC0; nessuna nuova licenza applicata ai dati.
flussi_etf,2026-10-04,/btc/righe/12/data,"""2026-10-02""",https://farside.co.uk/btc/; https://farside.co.uk/eth/,"""Righe datate fino al giorno richiesto; nel weekend ultima seduta precedente. Importi originali in milioni USD; trattini preservati.""",Licenza dei dati terzi non verificata come aperta: valgono i termini della fonte; accesso pubblico non equivale a diritto di ripubblicazione. Codice locale originale CC0; nessuna nuova licenza applicata ai dati.,,Fonti originali,Licenza dei dati terzi non verificata come aperta: valgono i termini della fonte; accesso pubblico non equivale a diritto di ripubblicazione. Codice locale originale CC0; nessuna nuova licenza applicata ai dati.
flussi_etf,2026-10-04,/btc/righe/12/celle_originali/0,"""02 Oct 2026""",https://farside.co.uk/btc/; https://farside.co.uk/eth/,"""Righe datate fino al giorno richiesto; nel weekend ultima seduta precedente. Importi originali in milioni USD; trattini preservati.""",Licenza dei dati terzi non verificata come aperta: valgono i termini della fonte; accesso pubblico non equivale a diritto di ripubblicazione. Codice locale originale CC0; nessuna nuova licenza applicata ai dati.,,Fonti originali,Licenza dei dati terzi non verificata come aperta: valgono i termini della fonte; accesso pubblico non equivale a diritto di ripubblicazione. Codice locale originale CC0; nessuna nuova licenza applicata ai dati.
flussi_etf,2026-10-04,/btc/righe/12/celle_originali/1,"""158.2""",https://farside.co.uk/btc/; https://farside.co.uk/eth/,"""Righe datate fino al giorno richiesto; nel weekend ultima seduta precedente. Importi originali in milioni USD; trattini preservati.""",Licenza dei dati terzi non verificata come aperta: valgono i termini della fonte; accesso pubblico non equivale a diritto di ripubblicazione. Codice locale originale CC0; nessuna nuova licenza applicata ai dati.,,Fonti originali,Licenza dei dati terzi non verificata come aperta: valgono i termini della fonte; accesso pubblico non equivale a diritto di ripubblicazione. Codice locale originale CC0; nessuna nuova licenza applicata ai dati.
flussi_etf,2026-10-04,/btc/righe/12/celle_originali/2,"""29.3""",https://farside.co.uk/btc/; https://farside.co.uk/eth/,"""Righe datate fino al giorno richiesto; nel weekend ultima seduta precedente. Importi originali in milioni USD; trattini preservati.""",Licenza dei dati terzi non verificata come aperta: valgono i termini della fonte; accesso pubblico non equivale a diritto di ripubblicazione. Codice locale originale CC0; nessuna nuova licenza applicata ai dati.,,Fonti originali,Licenza dei dati terzi non verificata come aperta: valgono i termini della fonte; accesso pubblico non equivale a diritto di ripubblicazione. Codice locale originale CC0; nessuna nuova licenza applicata ai dati.
flussi_etf,2026-10-04,/btc/righe/12/celle_originali/3,"""0.0""",https://farside.co.uk/btc/; https://farside.co.uk/eth/,"""Righe datate fino al giorno richiesto; nel weekend ultima seduta precedente. Importi originali in milioni USD; trattini preservati.""",Licenza dei dati terzi non verificata come aperta: valgono i termini della fonte; accesso pubblico non equivale a diritto di ripubblicazione. Codice locale originale CC0; nessuna nuova licenza applicata ai dati.,,Fonti originali,Licenza dei dati terzi non verificata come aperta: valgono i termini della fonte; accesso pubblico non equivale a diritto di ripubblicazione. Codice locale originale CC0; nessuna nuova licenza applicata ai dati.
flussi_etf,2026-10-04,/btc/righe/12/celle_originali/4,"""0.0""",https://farside.co.uk/btc/; https://farside.co.uk/eth/,"""Righe datate fino al giorno richiesto; nel weekend ultima seduta precedente. Importi originali in milioni USD; trattini preservati.""",Licenza dei dati terzi non verificata come aperta: valgono i termini della fonte; accesso pubblico non equivale a diritto di ripubblicazione. Codice locale originale CC0; nessuna nuova licenza applicata ai dati.,,Fonti originali,Licenza dei dati terzi non verificata come aperta: valgono i termini della fonte; accesso pubblico non equivale a diritto di ripubblicazione. Codice locale originale CC0; nessuna nuova licenza applicata ai dati.
flussi_etf,2026-10-04,/btc/righe/12/celle_originali/5,"""0.0""",https://farside.co.uk/btc/; https://farside.co.uk/eth/,"""Righe datate fino al giorno richiesto; nel weekend ultima seduta precedente. Importi originali in milioni USD; trattini preservati.""",Licenza dei dati terzi non verificata come aperta: valgono i termini della fonte; accesso pubblico non equivale a diritto di ripubblicazione. Codice locale originale CC0; nessuna nuova licenza applicata ai dati.,,Fonti originali,Licenza dei dati terzi non verificata come aperta: valgono i termini della fonte; accesso pubblico non equivale a diritto di ripubblicazione. Codice locale originale CC0; nessuna nuova licenza applicata ai dati.
flussi_etf,2026-10-04,/btc/righe/12/celle_originali/6,"""0.0""",https://farside.co.uk/btc/; https://farside.co.uk/eth/,"""Righe datate fino al giorno richiesto; nel weekend ultima seduta precedente. Importi originali in milioni USD; trattini preservati.""",Licenza dei dati terzi non verificata come aperta: valgono i termini della fonte; accesso pubblico non equivale a diritto di ripubblicazione. Codice locale originale CC0; nessuna nuova licenza applicata ai dati.,,Fonti originali,Licenza dei dati terzi non verificata come aperta: valgono i termini della fonte; accesso pubblico non equivale a diritto di ripubblicazione. Codice locale originale CC0; nessuna nuova licenza applicata ai dati.
flussi_etf,2026-10-04,/btc/righe/12/celle_originali/7,"""0.0""",https://farside.co.uk/btc/; https://farside.co.uk/eth/,"""Righe datate fino al giorno richiesto; nel weekend ultima seduta precedente. Importi originali in milioni USD; trattini preservati.""",Licenza dei dati terzi non verificata come aperta: valgono i termini della fonte; accesso pubblico non equivale a diritto di ripubblicazione. Codice locale originale CC0; nessuna nuova licenza applicata ai dati.,,Fonti originali,Licenza dei dati terzi non verificata come aperta: valgono i termini della fonte; accesso pubblico non equivale a diritto di ripubblicazione. Codice locale originale CC0; nessuna nuova licenza applicata ai dati.
flussi_etf,2026-10-04,/btc/righe/12/celle_originali/8,"""0.0""",https://farside.co.uk/btc/; https://farside.co.uk/eth/,"""Righe datate fino al giorno richiesto; nel weekend ultima seduta precedente. Importi originali in milioni USD; trattini preservati.""",Licenza dei dati terzi non verificata come aperta: valgono i termini della fonte; accesso pubblico non equivale a diritto di ripubblicazione. Codice locale originale CC0; nessuna nuova licenza applicata ai dati.,,Fonti originali,Licenza dei dati terzi non verificata come aperta: valgono i termini della fonte; accesso pubblico non equivale a diritto di ripubblicazione. Codice locale originale CC0; nessuna nuova licenza applicata ai dati.
flussi_etf,2026-10-04,/btc/righe/12/celle_originali/9,"""0.0""",https://farside.co.uk/btc/; https://farside.co.uk/eth/,"""Righe datate fino al giorno richiesto; nel weekend ultima seduta precedente. Importi originali in milioni USD; trattini preservati.""",Licenza dei dati terzi non verificata come aperta: valgono i termini della fonte; accesso pubblico non equivale a diritto di ripubblicazione. Codice locale originale CC0; nessuna nuova licenza applicata ai dati.,,Fonti originali,Licenza dei dati terzi non verificata come aperta: valgono i termini della fonte; accesso pubblico non equivale a diritto di ripubblicazione. Codice locale originale CC0; nessuna nuova licenza applicata ai dati.
flussi_etf,2026-10-04,/btc/righe/12/celle_originali/10,"""2.4""",https://farside.co.uk/btc/; https://farside.co.uk/eth/,"""Righe datate fino al giorno richiesto; nel weekend ultima seduta precedente. Importi originali in milioni USD; trattini preservati.""",Licenza dei dati terzi non verificata come aperta: valgono i termini della fonte; accesso pubblico non equivale a diritto di ripubblicazione. Codice locale originale CC0; nessuna nuova licenza applicata ai dati.,,Fonti originali,Licenza dei dati terzi non verificata come aperta: valgono i termini della fonte; accesso pubblico non equivale a diritto di ripubblicazione. Codice locale originale CC0; nessuna nuova licenza applicata ai dati.
flussi_etf,2026-10-04,/btc/righe/12/celle_originali/11,"""0.0""",https://farside.co.uk/btc/; https://farside.co.uk/eth/,"""Righe datate fino al giorno richiesto; nel weekend ultima seduta precedente. Importi originali in milioni USD; trattini preservati.""",Licenza dei dati terzi non verificata come aperta: valgono i termini della fonte; accesso pubblico non equivale a diritto di ripubblicazione. Codice locale originale CC0; nessuna nuova licenza applicata ai dati.,,Fonti originali,Licenza dei dati terzi non verificata come aperta: valgono i termini della fonte; accesso pubblico non equivale a diritto di ripubblicazione. Codice locale originale CC0; nessuna nuova licenza applicata ai dati.
flussi_etf,2026-10-04,/btc/righe/12/celle_originali/12,"""0.0""",https://farside.co.uk/btc/; https://farside.co.uk/eth/,"""Righe datate fino al giorno richiesto; nel weekend ultima seduta precedente. Importi originali in milioni USD; trattini preservati.""",Licenza dei dati terzi non verificata come aperta: valgono i termini della fonte; accesso pubblico non equivale a diritto di ripubblicazione. Codice locale originale CC0; nessuna nuova licenza applicata ai dati.,,Fonti originali,Licenza dei dati terzi non verificata come aperta: valgono i termini della fonte; accesso pubblico non equivale a diritto di ripubblicazione. Codice locale originale CC0; nessuna nuova licenza applicata ai dati.
flussi_etf,2026-10-04,/btc/righe/12/celle_originali/13,"""189.9""",https://farside.co.uk/btc/; https://farside.co.uk/eth/,"""Righe datate fino al giorno richiesto; nel weekend ultima seduta precedente. Importi originali in milioni USD; trattini preservati.""",Licenza dei dati terzi non verificata come aperta: valgono i termini della fonte; accesso pubblico non equivale a diritto di ripubblicazione. Codice locale originale CC0; nessuna nuova licenza applicata ai dati.,,Fonti originali,Licenza dei dati terzi non verificata come aperta: valgono i termini della fonte; accesso pubblico non equivale a diritto di ripubblicazione. Codice locale originale CC0; nessuna nuova licenza applicata ai dati.
flussi_etf,2026-10-04,/btc/ultima_data,"""2026-10-02""",https://farside.co.uk/btc/; https://farside.co.uk/eth/,"""Righe datate fino al giorno richiesto; nel weekend ultima seduta precedente. Importi originali in milioni USD; trattini preservati.""",Licenza dei dati terzi non verificata come aperta: valgono i termini della fonte; accesso pubblico non equivale a diritto di ripubblicazione. Codice locale originale CC0; nessuna nuova licenza applicata ai dati.,,Fonti originali,Licenza dei dati terzi non verificata come aperta: valgono i termini della fonte; accesso pubblico non equivale a diritto di ripubblicazione. Codice locale originale CC0; nessuna nuova licenza applicata ai dati.
flussi_etf,2026-10-04,/eth/intestazioni/0/0,"""""",https://farside.co.uk/btc/; https://farside.co.uk/eth/,"""Righe datate fino al giorno richiesto; nel weekend ultima seduta precedente. Importi originali in milioni USD; trattini preservati.""",Licenza dei dati terzi non verificata come aperta: valgono i termini della fonte; accesso pubblico non equivale a diritto di ripubblicazione. Codice locale originale CC0; nessuna nuova licenza applicata ai dati.,,Fonti originali,Licenza dei dati terzi non verificata come aperta: valgono i termini della fonte; accesso pubblico non equivale a diritto di ripubblicazione. Codice locale originale CC0; nessuna nuova licenza applicata ai dati.
flussi_etf,2026-10-04,/eth/intestazioni/0/1,"""""",https://farside.co.uk/btc/; https://farside.co.uk/eth/,"""Righe datate fino al giorno richiesto; nel weekend ultima seduta precedente. Importi originali in milioni USD; trattini preservati.""",Licenza dei dati terzi non verificata come aperta: valgono i termini della fonte; accesso pubblico non equivale a diritto di ripubblicazione. Codice locale originale CC0; nessuna nuova licenza applicata ai dati.,,Fonti originali,Licenza dei dati terzi non verificata come aperta: valgono i termini della fonte; accesso pubblico non equivale a diritto di ripubblicazione. Codice locale originale CC0; nessuna nuova licenza applicata ai dati.
flussi_etf,2026-10-04,/eth/intestazioni/0/2,"""""",https://farside.co.uk/btc/; https://farside.co.uk/eth/,"""Righe datate fino al giorno richiesto; nel weekend ultima seduta precedente. Importi originali in milioni USD; trattini preservati.""",Licenza dei dati terzi non verificata come aperta: valgono i termini della fonte; accesso pubblico non equivale a diritto di ripubblicazione. Codice locale originale CC0; nessuna nuova licenza applicata ai dati.,,Fonti originali,Licenza dei dati terzi non verificata come aperta: valgono i termini della fonte; accesso pubblico non equivale a diritto di ripubblicazione. Codice locale originale CC0; nessuna nuova licenza applicata ai dati.
flussi_etf,2026-10-04,/eth/intestazioni/0/3,"""""",https://farside.co.uk/btc/; https://farside.co.uk/eth/,"""Righe datate fino al giorno richiesto; nel weekend ultima seduta precedente. Importi originali in milioni USD; trattini preservati.""",Licenza dei dati terzi non verificata come aperta: valgono i termini della fonte; accesso pubblico non equivale a diritto di ripubblicazione. Codice locale originale CC0; nessuna nuova licenza applicata ai dati.,,Fonti originali,Licenza dei dati terzi non verificata come aperta: valgono i termini della fonte; accesso pubblico non equivale a diritto di ripubblicazione. Codice locale originale CC0; nessuna nuova licenza applicata ai dati.
flussi_etf,2026-10-04,/eth/intestazioni/0/4,"""""",https://farside.co.uk/btc/; https://farside.co.uk/eth/,"""Righe datate fino al giorno richiesto; nel weekend ultima seduta precedente. Importi originali in milioni USD; trattini preservati.""",Licenza dei dati terzi non verificata come aperta: valgono i termini della fonte; accesso pubblico non equivale a diritto di ripubblicazione. Codice locale originale CC0; nessuna nuova licenza applicata ai dati.,,Fonti originali,Licenza dei dati terzi non verificata come aperta: valgono i termini della fonte; accesso pubblico non equivale a diritto di ripubblicazione. Codice locale originale CC0; nessuna nuova licenza applicata ai dati.
flussi_etf,2026-10-04,/eth/intestazioni/0/5,"""""",https://farside.co.uk/btc/; https://farside.co.uk/eth/,"""Righe datate fino al giorno richiesto; nel weekend ultima seduta precedente. Importi originali in milioni USD; trattini preservati.""",Licenza dei dati terzi non verificata come aperta: valgono i termini della fonte; accesso pubblico non equivale a diritto di ripubblicazione. Codice locale originale CC0; nessuna nuova licenza applicata ai dati.,,Fonti originali,Licenza dei dati terzi non verificata come aperta: valgono i termini della fonte; accesso pubblico non equivale a diritto di ripubblicazione. Codice locale originale CC0; nessuna nuova licenza applicata ai dati.
flussi_etf,2026-10-04,/eth/intestazioni/0/6,"""""",https://farside.co.uk/btc/; https://farside.co.uk/eth/,"""Righe datate fino al giorno richiesto; nel weekend ultima seduta precedente. Importi originali in milioni USD; trattini preservati.""",Licenza dei dati terzi non verificata come aperta: valgono i termini della fonte; accesso pubblico non equivale a diritto di ripubblicazione. Codice locale originale CC0; nessuna nuova licenza applicata ai dati.,,Fonti originali,Licenza dei dati terzi non verificata come aperta: valgono i termini della fonte; accesso pubblico non equivale a diritto di ripubblicazione. Codice locale originale CC0; nessuna nuova licenza applicata ai dati.
flussi_etf,2026-10-04,/eth/intestazioni/0/7,"""""",https://farside.co.uk/btc/; https://farside.co.uk/eth/,"""Righe datate fino al giorno richiesto; nel weekend ultima seduta precedente. Importi originali in milioni USD; trattini preservati.""",Licenza dei dati terzi non verificata come aperta: valgono i termini della fonte; accesso pubblico non equivale a diritto di ripubblicazione. Codice locale originale CC0; nessuna nuova licenza applicata ai dati.,,Fonti originali,Licenza dei dati terzi non verificata come aperta: valgono i termini della fonte; accesso pubblico non equivale a diritto di ripubblicazione. Codice locale originale CC0; nessuna nuova licenza applicata ai dati.
flussi_etf,2026-10-04,/eth/intestazioni/0/8,"""""",https://farside.co.uk/btc/; https://farside.co.uk/eth/,"""Righe datate fino al giorno richiesto; nel weekend ultima seduta precedente. Importi originali in milioni USD; trattini preservati.""",Licenza dei dati terzi non verificata come aperta: valgono i termini della fonte; accesso pubblico non equivale a diritto di ripubblicazione. Codice locale originale CC0; nessuna nuova licenza applicata ai dati.,,Fonti originali,Licenza dei dati terzi non verificata come aperta: valgono i termini della fonte; accesso pubblico non equivale a diritto di ripubblicazione. Codice locale originale CC0; nessuna nuova licenza applicata ai dati.
flussi_etf,2026-10-04,/eth/intestazioni/0/9,"""""",https://farside.co.uk/btc/; https://farside.co.uk/eth/,"""Righe datate fino al giorno richiesto; nel weekend ultima seduta precedente. Importi originali in milioni USD; trattini preservati.""",Licenza dei dati terzi non verificata come aperta: valgono i termini della fonte; accesso pubblico non equivale a diritto di ripubblicazione. Codice locale originale CC0; nessuna nuova licenza applicata ai dati.,,Fonti originali,Licenza dei dati terzi non verificata come aperta: valgono i termini della fonte; accesso pubblico non equivale a diritto di ripubblicazione. Codice locale originale CC0; nessuna nuova licenza applicata ai dati.
flussi_etf,2026-10-04,/eth/intestazioni/0/10,"""""",https://farside.co.uk/btc/; https://farside.co.uk/eth/,"""Righe datate fino al giorno richiesto; nel weekend ultima seduta precedente. Importi originali in milioni USD; trattini preservati.""",Licenza dei dati terzi non verificata come aperta: valgono i termini della fonte; accesso pubblico non equivale a diritto di ripubblicazione. Codice locale originale CC0; nessuna nuova licenza applicata ai dati.,,Fonti originali,Licenza dei dati terzi non verificata come aperta: valgono i termini della fonte; accesso pubblico non equivale a diritto di ripubblicazione. Codice locale originale CC0; nessuna nuova licenza applicata ai dati.
flussi_etf,2026-10-04,/eth/intestazioni/0/11,"""""",https://farside.co.uk/btc/; https://farside.co.uk/eth/,"""Righe datate fino al giorno richiesto; nel weekend ultima seduta precedente. Importi originali in milioni USD; trattini preservati.""",Licenza dei dati terzi non verificata come aperta: valgono i termini della fonte; accesso pubblico non equivale a diritto di ripubblicazione. Codice locale originale CC0; nessuna nuova licenza applicata ai dati.,,Fonti originali,Licenza dei dati terzi non verificata come aperta: valgono i termini della fonte; accesso pubblico non equivale a diritto di ripubblicazione. Codice locale originale CC0; nessuna nuova licenza applicata ai dati.
flussi_etf,2026-10-04,/eth/intestazioni/0/12,"""Total""",https://farside.co.uk/btc/; https://farside.co.uk/eth/,"""Righe datate fino al giorno richiesto; nel weekend ultima seduta precedente. Importi originali in milioni USD; trattini preservati.""",Licenza dei dati terzi non verificata come aperta: valgono i termini della fonte; accesso pubblico non equivale a diritto di ripubblicazione. Codice locale originale CC0; nessuna nuova licenza applicata ai dati.,,Fonti originali,Licenza dei dati terzi non verificata come aperta: valgono i termini della fonte; accesso pubblico non equivale a diritto di ripubblicazione. Codice locale originale CC0; nessuna nuova licenza applicata ai dati.
flussi_etf,2026-10-04,/eth/intestazioni/1/0,"""""",https://farside.co.uk/btc/; https://farside.co.uk/eth/,"""Righe datate fino al giorno richiesto; nel weekend ultima seduta precedente. Importi originali in milioni USD; trattini preservati.""",Licenza dei dati terzi non verificata come aperta: valgono i termini della fonte; accesso pubblico non equivale a diritto di ripubblicazione. Codice locale originale CC0; nessuna nuova licenza applicata ai dati.,,Fonti originali,Licenza dei dati terzi non verificata come aperta: valgono i termini della fonte; accesso pubblico non equivale a diritto di ripubblicazione. Codice locale originale CC0; nessuna nuova licenza applicata ai dati.
flussi_etf,2026-10-04,/eth/intestazioni/1/1,"""ETHA""",https://farside.co.uk/btc/; https://farside.co.uk/eth/,"""Righe datate fino al giorno richiesto; nel weekend ultima seduta precedente. Importi originali in milioni USD; trattini preservati.""",Licenza dei dati terzi non verificata come aperta: valgono i termini della fonte; accesso pubblico non equivale a diritto di ripubblicazione. Codice locale originale CC0; nessuna nuova licenza applicata ai dati.,,Fonti originali,Licenza dei dati terzi non verificata come aperta: valgono i termini della fonte; accesso pubblico non equivale a diritto di ripubblicazione. Codice locale originale CC0; nessuna nuova licenza applicata ai dati.
flussi_etf,2026-10-04,/eth/intestazioni/1/2,"""ETHB""",https://farside.co.uk/btc/; https://farside.co.uk/eth/,"""Righe datate fino al giorno richiesto; nel weekend ultima seduta precedente. Importi originali in milioni USD; trattini preservati.""",Licenza dei dati terzi non verificata come aperta: valgono i termini della fonte; accesso pubblico non equivale a diritto di ripubblicazione. Codice locale originale CC0; nessuna nuova licenza applicata ai dati.,,Fonti originali,Licenza dei dati terzi non verificata come aperta: valgono i termini della fonte; accesso pubblico non equivale a diritto di ripubblicazione. Codice locale originale CC0; nessuna nuova licenza applicata ai dati.
flussi_etf,2026-10-04,/eth/intestazioni/1/3,"""FETH""",https://farside.co.uk/btc/; https://farside.co.uk/eth/,"""Righe datate fino al giorno richiesto; nel weekend ultima seduta precedente. Importi originali in milioni USD; trattini preservati.""",Licenza dei dati terzi non verificata come aperta: valgono i termini della fonte; accesso pubblico non equivale a diritto di ripubblicazione. Codice locale originale CC0; nessuna nuova licenza applicata ai dati.,,Fonti originali,Licenza dei dati terzi non verificata come aperta: valgono i termini della fonte; accesso pubblico non equivale a diritto di ripubblicazione. Codice locale originale CC0; nessuna nuova licenza applicata ai dati.
flussi_etf,2026-10-04,/eth/intestazioni/1/4,"""ETHW""",https://farside.co.uk/btc/; https://farside.co.uk/eth/,"""Righe datate fino al giorno richiesto; nel weekend ultima seduta precedente. Importi originali in milioni USD; trattini preservati.""",Licenza dei dati terzi non verificata come aperta: valgono i termini della fonte; accesso pubblico non equivale a diritto di ripubblicazione. Codice locale originale CC0; nessuna nuova licenza applicata ai dati.,,Fonti originali,Licenza dei dati terzi non verificata come aperta: valgono i termini della fonte; accesso pubblico non equivale a diritto di ripubblicazione. Codice locale originale CC0; nessuna nuova licenza applicata ai dati.
flussi_etf,2026-10-04,/eth/intestazioni/1/5,"""TETH""",https://farside.co.uk/btc/; https://farside.co.uk/eth/,"""Righe datate fino al giorno richiesto; nel weekend ultima seduta precedente. Importi originali in milioni USD; trattini preservati.""",Licenza dei dati terzi non verificata come aperta: valgono i termini della fonte; accesso pubblico non equivale a diritto di ripubblicazione. Codice locale originale CC0; nessuna nuova licenza applicata ai dati.,,Fonti originali,Licenza dei dati terzi non verificata come aperta: valgono i termini della fonte; accesso pubblico non equivale a diritto di ripubblicazione. Codice locale originale CC0; nessuna nuova licenza applicata ai dati.
flussi_etf,2026-10-04,/eth/intestazioni/1/6,"""ETHV""",https://farside.co.uk/btc/; https://farside.co.uk/eth/,"""Righe datate fino al giorno richiesto; nel weekend ultima seduta precedente. Importi originali in milioni USD; trattini preservati.""",Licenza dei dati terzi non verificata come aperta: valgono i termini della fonte; accesso pubblico non equivale a diritto di ripubblicazione. Codice locale originale CC0; nessuna nuova licenza applicata ai dati.,,Fonti originali,Licenza dei dati terzi non verificata come aperta: valgono i termini della fonte; accesso pubblico non equivale a diritto di ripubblicazione. Codice locale originale CC0; nessuna nuova licenza applicata ai dati.
flussi_etf,2026-10-04,/eth/intestazioni/1/7,"""QETH""",https://farside.co.uk/btc/; https://farside.co.uk/eth/,"""Righe datate fino al giorno richiesto; nel weekend ultima seduta precedente. Importi originali in milioni USD; trattini preservati.""",Licenza dei dati terzi non verificata come aperta: valgono i termini della fonte; accesso pubblico non equivale a diritto di ripubblicazione. Codice locale originale CC0; nessuna nuova licenza applicata ai dati.,,Fonti originali,Licenza dei dati terzi non verificata come aperta: valgono i termini della fonte; accesso pubblico non equivale a diritto di ripubblicazione. Codice locale originale CC0; nessuna nuova licenza applicata ai dati.
flussi_etf,2026-10-04,/eth/intestazioni/1/8,"""EZET""",https://farside.co.uk/btc/; https://farside.co.uk/eth/,"""Righe datate fino al giorno richiesto; nel weekend ultima seduta precedente. Importi originali in milioni USD; trattini preservati.""",Licenza dei dati terzi non verificata come aperta: valgono i termini della fonte; accesso pubblico non equivale a diritto di ripubblicazione. Codice locale originale CC0; nessuna nuova licenza applicata ai dati.,,Fonti originali,Licenza dei dati terzi non verificata come aperta: valgono i termini della fonte; accesso pubblico non equivale a diritto di ripubblicazione. Codice locale originale CC0; nessuna nuova licenza applicata ai dati.
flussi_etf,2026-10-04,/eth/intestazioni/1/9,"""MSSE""",https://farside.co.uk/btc/; https://farside.co.uk/eth/,"""Righe datate fino al giorno richiesto; nel weekend ultima seduta precedente. Importi originali in milioni USD; trattini preservati.""",Licenza dei dati terzi non verificata come aperta: valgono i termini della fonte; accesso pubblico non equivale a diritto di ripubblicazione. Codice locale originale CC0; nessuna nuova licenza applicata ai dati.,,Fonti originali,Licenza dei dati terzi non verificata come aperta: valgono i termini della fonte; accesso pubblico non equivale a diritto di ripubblicazione. Codice locale originale CC0; nessuna nuova licenza applicata ai dati.
flussi_etf,2026-10-04,/eth/intestazioni/1/10,"""ETHE""",https://farside.co.uk/btc/; https://farside.co.uk/eth/,"""Righe datate fino al giorno richiesto; nel weekend ultima seduta precedente. Importi originali in milioni USD; trattini preservati.""",Licenza dei dati terzi non verificata come aperta: valgono i termini della fonte; accesso pubblico non equivale a diritto di ripubblicazione. Codice locale originale CC0; nessuna nuova licenza applicata ai dati.,,Fonti originali,Licenza dei dati terzi non verificata come aperta: valgono i termini della fonte; accesso pubblico non equivale a diritto di ripubblicazione. Codice locale originale CC0; nessuna nuova licenza applicata ai dati.
flussi_etf,2026-10-04,/eth/intestazioni/1/11,"""ETH""",https://farside.co.uk/btc/; https://farside.co.uk/eth/,"""Righe datate fino al giorno richiesto; nel weekend ultima seduta precedente. Importi originali in milioni USD; trattini preservati.""",Licenza dei dati terzi non verificata come aperta: valgono i termini della fonte; accesso pubblico non equivale a diritto di ripubblicazione. Codice locale originale CC0; nessuna nuova licenza applicata ai dati.,,Fonti originali,Licenza dei dati terzi non verificata come aperta: valgono i termini della fonte; accesso pubblico non equivale a diritto di ripubblicazione. Codice locale originale CC0; nessuna nuova licenza applicata ai dati.
flussi_etf,2026-10-04,/eth/intestazioni/1/12,"""""",https://farside.co.uk/btc/; https://farside.co.uk/eth/,"""Righe datate fino al giorno richiesto; nel weekend ultima seduta precedente. Importi originali in milioni USD; trattini preservati.""",Licenza dei dati terzi non verificata come aperta: valgono i termini della fonte; accesso pubblico non equivale a diritto di ripubblicazione. Codice locale originale CC0; nessuna nuova licenza applicata ai dati.,,Fonti originali,Licenza dei dati terzi non verificata come aperta: valgono i termini della fonte; accesso pubblico non equivale a diritto di ripubblicazione. Codice locale originale CC0; nessuna nuova licenza applicata ai dati.
flussi_etf,2026-10-04,/eth/righe/0/data,"""2026-09-16""",https://farside.co.uk/btc/; https://farside.co.uk/eth/,"""Righe datate fino al giorno richiesto; nel weekend ultima seduta precedente. Importi originali in milioni USD; trattini preservati.""",Licenza dei dati terzi non verificata come aperta: valgono i termini della fonte; accesso pubblico non equivale a diritto di ripubblicazione. Codice locale originale CC0; nessuna nuova licenza applicata ai dati.,,Fonti originali,Licenza dei dati terzi non verificata come aperta: valgono i termini della fonte; accesso pubblico non equivale a diritto di ripubblicazione. Codice locale originale CC0; nessuna nuova licenza applicata ai dati.
flussi_etf,2026-10-04,/eth/righe/0/celle_originali/0,"""16 Sep 2026""",https://farside.co.uk/btc/; https://farside.co.uk/eth/,"""Righe datate fino al giorno richiesto; nel weekend ultima seduta precedente. Importi originali in milioni USD; trattini preservati.""",Licenza dei dati terzi non verificata come aperta: valgono i termini della fonte; accesso pubblico non equivale a diritto di ripubblicazione. Codice locale originale CC0; nessuna nuova licenza applicata ai dati.,,Fonti originali,Licenza dei dati terzi non verificata come aperta: valgono i termini della fonte; accesso pubblico non equivale a diritto di ripubblicazione. Codice locale originale CC0; nessuna nuova licenza applicata ai dati.
flussi_etf,2026-10-04,/eth/righe/0/celle_originali/1,"""(110.0)""",https://farside.co.uk/btc/; https://farside.co.uk/eth/,"""Righe datate fino al giorno richiesto; nel weekend ultima seduta precedente. Importi originali in milioni USD; trattini preservati.""",Licenza dei dati terzi non verificata come aperta: valgono i termini della fonte; accesso pubblico non equivale a diritto di ripubblicazione. Codice locale originale CC0; nessuna nuova licenza applicata ai dati.,,Fonti originali,Licenza dei dati terzi non verificata come aperta: valgono i termini della fonte; accesso pubblico non equivale a diritto di ripubblicazione. Codice locale originale CC0; nessuna nuova licenza applicata ai dati.
flussi_etf,2026-10-04,/eth/righe/0/celle_originali/2,"""(19.8)""",https://farside.co.uk/btc/; https://farside.co.uk/eth/,"""Righe datate fino al giorno richiesto; nel weekend ultima seduta precedente. Importi originali in milioni USD; trattini preservati.""",Licenza dei dati terzi non verificata come aperta: valgono i termini della fonte; accesso pubblico non equivale a diritto di ripubblicazione. Codice locale originale CC0; nessuna nuova licenza applicata ai dati.,,Fonti originali,Licenza dei dati terzi non verificata come aperta: valgono i termini della fonte; accesso pubblico non equivale a diritto di ripubblicazione. Codice locale originale CC0; nessuna nuova licenza applicata ai dati.
flussi_etf,2026-10-04,/eth/righe/0/celle_originali/3,"""(55.6)""",https://farside.co.uk/btc/; https://farside.co.uk/eth/,"""Righe datate fino al giorno richiesto; nel weekend ultima seduta precedente. Importi originali in milioni USD; trattini preservati.""",Licenza dei dati terzi non verificata come aperta: valgono i termini della fonte; accesso pubblico non equivale a diritto di ripubblicazione. Codice locale originale CC0; nessuna nuova licenza applicata ai dati.,,Fonti originali,Licenza dei dati terzi non verificata come aperta: valgono i termini della fonte; accesso pubblico non equivale a diritto di ripubblicazione. Codice locale originale CC0; nessuna nuova licenza applicata ai dati.
flussi_etf,2026-10-04,/eth/righe/0/celle_originali/4,"""0.0""",https://farside.co.uk/btc/; https://farside.co.uk/eth/,"""Righe datate fino al giorno richiesto; nel weekend ultima seduta precedente. Importi originali in milioni USD; trattini preservati.""",Licenza dei dati terzi non verificata come aperta: valgono i termini della fonte; accesso pubblico non equivale a diritto di ripubblicazione. Codice locale originale CC0; nessuna nuova licenza applicata ai dati.,,Fonti originali,Licenza dei dati terzi non verificata come aperta: valgono i termini della fonte; accesso pubblico non equivale a diritto di ripubblicazione. Codice locale originale CC0; nessuna nuova licenza applicata ai dati.
flussi_etf,2026-10-04,/eth/righe/0/celle_originali/5,"""(10.8)""",https://farside.co.uk/btc/; https://farside.co.uk/eth/,"""Righe datate fino al giorno richiesto; nel weekend ultima seduta precedente. Importi originali in milioni USD; trattini preservati.""",Licenza dei dati terzi non verificata come aperta: valgono i termini della fonte; accesso pubblico non equivale a diritto di ripubblicazione. Codice locale originale CC0; nessuna nuova licenza applicata ai dati.,,Fonti originali,Licenza dei dati terzi non verificata come aperta: valgono i termini della fonte; accesso pubblico non equivale a diritto di ripubblicazione. Codice locale originale CC0; nessuna nuova licenza applicata ai dati.
flussi_etf,2026-10-04,/eth/righe/0/celle_originali/6,"""(14.0)""",https://farside.co.uk/btc/; https://farside.co.uk/eth/,"""Righe datate fino al giorno richiesto; nel weekend ultima seduta precedente. Importi originali in milioni USD; trattini preservati.""",Licenza dei dati terzi non verificata come aperta: valgono i termini della fonte; accesso pubblico non equivale a diritto di ripubblicazione. Codice locale originale CC0; nessuna nuova licenza applicata ai dati.,,Fonti originali,Licenza dei dati terzi non verificata come aperta: valgono i termini della fonte; accesso pubblico non equivale a diritto di ripubblicazione. Codice locale originale CC0; nessuna nuova licenza applicata ai dati.
flussi_etf,2026-10-04,/eth/righe/0/celle_originali/7,"""0.0""",https://farside.co.uk/btc/; https://farside.co.uk/eth/,"""Righe datate fino al giorno richiesto; nel weekend ultima seduta precedente. Importi originali in milioni USD; trattini preservati.""",Licenza dei dati terzi non verificata come aperta: valgono i termini della fonte; accesso pubblico non equivale a diritto di ripubblicazione. Codice locale originale CC0; nessuna nuova licenza applicata ai dati.,,Fonti originali,Licenza dei dati terzi non verificata come aperta: valgono i termini della fonte; accesso pubblico non equivale a diritto di ripubblicazione. Codice locale originale CC0; nessuna nuova licenza applicata ai dati.
flussi_etf,2026-10-04,/eth/righe/0/celle_originali/8,"""0.0""",https://farside.co.uk/btc/; https://farside.co.uk/eth/,"""Righe datate fino al giorno richiesto; nel weekend ultima seduta precedente. Importi originali in milioni USD; trattini preservati.""",Licenza dei dati terzi non verificata come aperta: valgono i termini della fonte; accesso pubblico non equivale a diritto di ripubblicazione. Codice locale originale CC0; nessuna nuova licenza applicata ai dati.,,Fonti originali,Licenza dei dati terzi non verificata come aperta: valgono i termini della fonte; accesso pubblico non equivale a diritto di ripubblicazione. Codice locale originale CC0; nessuna nuova licenza applicata ai dati.
flussi_etf,2026-10-04,/eth/righe/0/celle_originali/9,"""0.0""",https://farside.co.uk/btc/; https://farside.co.uk/eth/,"""Righe datate fino al giorno richiesto; nel weekend ultima seduta precedente. Importi originali in milioni USD; trattini preservati.""",Licenza dei dati terzi non verificata come aperta: valgono i termini della fonte; accesso pubblico non equivale a diritto di ripubblicazione. Codice locale originale CC0; nessuna nuova licenza applicata ai dati.,,Fonti originali,Licenza dei dati terzi non verificata come aperta: valgono i termini della fonte; accesso pubblico non equivale a diritto di ripubblicazione. Codice locale originale CC0; nessuna nuova licenza applicata ai dati.
flussi_etf,2026-10-04,/eth/righe/0/celle_originali/10,"""(13.9)""",https://farside.co.uk/btc/; https://farside.co.uk/eth/,"""Righe datate fino al giorno richiesto; nel weekend ultima seduta precedente. Importi originali in milioni USD; trattini preservati.""",Licenza dei dati terzi non verificata come aperta: valgono i termini della fonte; accesso pubblico non equivale a diritto di ripubblicazione. Codice locale originale CC0; nessuna nuova licenza applicata ai dati.,,Fonti originali,Licenza dei dati terzi non verificata come aperta: valgono i termini della fonte; accesso pubblico non equivale a diritto di ripubblicazione. Codice locale originale CC0; nessuna nuova licenza applicata ai dati.
flussi_etf,2026-10-04,/eth/righe/0/celle_originali/11,"""0.0""",https://farside.co.uk/btc/; https://farside.co.uk/eth/,"""Righe datate fino al giorno richiesto; nel weekend ultima seduta precedente. Importi originali in milioni USD; trattini preservati.""",Licenza dei dati terzi non verificata come aperta: valgono i termini della fonte; accesso pubblico non equivale a diritto di ripubblicazione. Codice locale originale CC0; nessuna nuova licenza applicata ai dati.,,Fonti originali,Licenza dei dati terzi non verificata come aperta: valgono i termini della fonte; accesso pubblico non equivale a diritto di ripubblicazione. Codice locale originale CC0; nessuna nuova licenza applicata ai dati.
flussi_etf,2026-10-04,/eth/righe/0/celle_originali/12,"""(224.1)""",https://farside.co.uk/btc/; https://farside.co.uk/eth/,"""Righe datate fino al giorno richiesto; nel weekend ultima seduta precedente. Importi originali in milioni USD; trattini preservati.""",Licenza dei dati terzi non verificata come aperta: valgono i termini della fonte; accesso pubblico non equivale a diritto di ripubblicazione. Codice locale originale CC0; nessuna nuova licenza applicata ai dati.,,Fonti originali,Licenza dei dati terzi non verificata come aperta: valgono i termini della fonte; accesso pubblico non equivale a diritto di ripubblicazione. Codice locale originale CC0; nessuna nuova licenza applicata ai dati.
flussi_etf,2026-10-04,/eth/righe/1/data,"""2026-09-17""",https://farside.co.uk/btc/; https://farside.co.uk/eth/,"""Righe datate fino al giorno richiesto; nel weekend ultima seduta precedente. Importi originali in milioni USD; trattini preservati.""",Licenza dei dati terzi non verificata come aperta: valgono i termini della fonte; accesso pubblico non equivale a diritto di ripubblicazione. Codice locale originale CC0; nessuna nuova licenza applicata ai dati.,,Fonti originali,Licenza dei dati terzi non verificata come aperta: valgono i termini della fonte; accesso pubblico non equivale a diritto di ripubblicazione. Codice locale originale CC0; nessuna nuova licenza applicata ai dati.
flussi_etf,2026-10-04,/eth/righe/1/celle_originali/0,"""17 Sep 2026""",https://farside.co.uk/btc/; https://farside.co.uk/eth/,"""Righe datate fino al giorno richiesto; nel weekend ultima seduta precedente. Importi originali in milioni USD; trattini preservati.""",Licenza dei dati terzi non verificata come aperta: valgono i termini della fonte; accesso pubblico non equivale a diritto di ripubblicazione. Codice locale originale CC0; nessuna nuova licenza applicata ai dati.,,Fonti originali,Licenza dei dati terzi non verificata come aperta: valgono i termini della fonte; accesso pubblico non equivale a diritto di ripubblicazione. Codice locale originale CC0; nessuna nuova licenza applicata ai dati.
flussi_etf,2026-10-04,/eth/righe/1/celle_originali/1,"""(42.9)""",https://farside.co.uk/btc/; https://farside.co.uk/eth/,"""Righe datate fino al giorno richiesto; nel weekend ultima seduta precedente. Importi originali in milioni USD; trattini preservati.""",Licenza dei dati terzi non verificata come aperta: valgono i termini della fonte; accesso pubblico non equivale a diritto di ripubblicazione. Codice locale originale CC0; nessuna nuova licenza applicata ai dati.,,Fonti originali,Licenza dei dati terzi non verificata come aperta: valgono i termini della fonte; accesso pubblico non equivale a diritto di ripubblicazione. Codice locale originale CC0; nessuna nuova licenza applicata ai dati.
flussi_etf,2026-10-04,/eth/righe/1/celle_originali/2,"""0.0""",https://farside.co.uk/btc/; https://farside.co.uk/eth/,"""Righe datate fino al giorno richiesto; nel weekend ultima seduta precedente. Importi originali in milioni USD; trattini preservati.""",Licenza dei dati terzi non verificata come aperta: valgono i termini della fonte; accesso pubblico non equivale a diritto di ripubblicazione. Codice locale originale CC0; nessuna nuova licenza applicata ai dati.,,Fonti originali,Licenza dei dati terzi non verificata come aperta: valgono i termini della fonte; accesso pubblico non equivale a diritto di ripubblicazione. Codice locale originale CC0; nessuna nuova licenza applicata ai dati.
flussi_etf,2026-10-04,/eth/righe/1/celle_originali/3,"""1.8""",https://farside.co.uk/btc/; https://farside.co.uk/eth/,"""Righe datate fino al giorno richiesto; nel weekend ultima seduta precedente. Importi originali in milioni USD; trattini preservati.""",Licenza dei dati terzi non verificata come aperta: valgono i termini della fonte; accesso pubblico non equivale a diritto di ripubblicazione. Codice locale originale CC0; nessuna nuova licenza applicata ai dati.,,Fonti originali,Licenza dei dati terzi non verificata come aperta: valgono i termini della fonte; accesso pubblico non equivale a diritto di ripubblicazione. Codice locale originale CC0; nessuna nuova licenza applicata ai dati.
flussi_etf,2026-10-04,/eth/righe/1/celle_originali/4,"""0.0""",https://farside.co.uk/btc/; https://farside.co.uk/eth/,"""Righe datate fino al giorno richiesto; nel weekend ultima seduta precedente. Importi originali in milioni USD; trattini preservati.""",Licenza dei dati terzi non verificata come aperta: valgono i termini della fonte; accesso pubblico non equivale a diritto di ripubblicazione. Codice locale originale CC0; nessuna nuova licenza applicata ai dati.,,Fonti originali,Licenza dei dati terzi non verificata come aperta: valgono i termini della fonte; accesso pubblico non equivale a diritto di ripubblicazione. Codice locale originale CC0; nessuna nuova licenza applicata ai dati.
flussi_etf,2026-10-04,/eth/righe/1/celle_originali/5,"""0.0""",https://farside.co.uk/btc/; https://farside.co.uk/eth/,"""Righe datate fino al giorno richiesto; nel weekend ultima seduta precedente. Importi originali in milioni USD; trattini preservati.""",Licenza dei dati terzi non verificata come aperta: valgono i termini della fonte; accesso pubblico non equivale a diritto di ripubblicazione. Codice locale originale CC0; nessuna nuova licenza applicata ai dati.,,Fonti originali,Licenza dei dati terzi non verificata come aperta: valgono i termini della fonte; accesso pubblico non equivale a diritto di ripubblicazione. Codice locale originale CC0; nessuna nuova licenza applicata ai dati.
flussi_etf,2026-10-04,/eth/righe/1/celle_originali/6,"""1.8""",https://farside.co.uk/btc/; https://farside.co.uk/eth/,"""Righe datate fino al giorno richiesto; nel weekend ultima seduta precedente. Importi originali in milioni USD; trattini preservati.""",Licenza dei dati terzi non verificata come aperta: valgono i termini della fonte; accesso pubblico non equivale a diritto di ripubblicazione. Codice locale originale CC0; nessuna nuova licenza applicata ai dati.,,Fonti originali,Licenza dei dati terzi non verificata come aperta: valgono i termini della fonte; accesso pubblico non equivale a diritto di ripubblicazione. Codice locale originale CC0; nessuna nuova licenza applicata ai dati.
flussi_etf,2026-10-04,/eth/righe/1/celle_originali/7,"""0.0""",https://farside.co.uk/btc/; https://farside.co.uk/eth/,"""Righe datate fino al giorno richiesto; nel weekend ultima seduta precedente. Importi originali in milioni USD; trattini preservati.""",Licenza dei dati terzi non verificata come aperta: valgono i termini della fonte; accesso pubblico non equivale a diritto di ripubblicazione. Codice locale originale CC0; nessuna nuova licenza applicata ai dati.,,Fonti originali,Licenza dei dati terzi non verificata come aperta: valgono i termini della fonte; accesso pubblico non equivale a diritto di ripubblicazione. Codice locale originale CC0; nessuna nuova licenza applicata ai dati.
flussi_etf,2026-10-04,/eth/righe/1/celle_originali/8,"""0.0""",https://farside.co.uk/btc/; https://farside.co.uk/eth/,"""Righe datate fino al giorno richiesto; nel weekend ultima seduta precedente. Importi originali in milioni USD; trattini preservati.""",Licenza dei dati terzi non verificata come aperta: valgono i termini della fonte; accesso pubblico non equivale a diritto di ripubblicazione. Codice locale originale CC0; nessuna nuova licenza applicata ai dati.,,Fonti originali,Licenza dei dati terzi non verificata come aperta: valgono i termini della fonte; accesso pubblico non equivale a diritto di ripubblicazione. Codice locale originale CC0; nessuna nuova licenza applicata ai dati.
flussi_etf,2026-10-04,/eth/righe/1/celle_originali/9,"""0.0""",https://farside.co.uk/btc/; https://farside.co.uk/eth/,"""Righe datate fino al giorno richiesto; nel weekend ultima seduta precedente. Importi originali in milioni USD; trattini preservati.""",Licenza dei dati terzi non verificata come aperta: valgono i termini della fonte; accesso pubblico non equivale a diritto di ripubblicazione. Codice locale originale CC0; nessuna nuova licenza applicata ai dati.,,Fonti originali,Licenza dei dati terzi non verificata come aperta: valgono i termini della fonte; accesso pubblico non equivale a diritto di ripubblicazione. Codice locale originale CC0; nessuna nuova licenza applicata ai dati.
flussi_etf,2026-10-04,/eth/righe/1/celle_originali/10,"""0.0""",https://farside.co.uk/btc/; https://farside.co.uk/eth/,"""Righe datate fino al giorno richiesto; nel weekend ultima seduta precedente. Importi originali in milioni USD; trattini preservati.""",Licenza dei dati terzi non verificata come aperta: valgono i termini della fonte; accesso pubblico non equivale a diritto di ripubblicazione. Codice locale originale CC0; nessuna nuova licenza applicata ai dati.,,Fonti originali,Licenza dei dati terzi non verificata come aperta: valgono i termini della fonte; accesso pubblico non equivale a diritto di ripubblicazione. Codice locale originale CC0; nessuna nuova licenza applicata ai dati.
flussi_etf,2026-10-04,/eth/righe/1/celle_originali/11,"""0.0""",https://farside.co.uk/btc/; https://farside.co.uk/eth/,"""Righe datate fino al giorno richiesto; nel weekend ultima seduta precedente. Importi originali in milioni USD; trattini preservati.""",Licenza dei dati terzi non verificata come aperta: valgono i termini della fonte; accesso pubblico non equivale a diritto di ripubblicazione. Codice locale originale CC0; nessuna nuova licenza applicata ai dati.,,Fonti originali,Licenza dei dati terzi non verificata come aperta: valgono i termini della fonte; accesso pubblico non equivale a diritto di ripubblicazione. Codice locale originale CC0; nessuna nuova licenza applicata ai dati.
flussi_etf,2026-10-04,/eth/righe/1/celle_originali/12,"""(39.3)""",https://farside.co.uk/btc/; https://farside.co.uk/eth/,"""Righe datate fino al giorno richiesto; nel weekend ultima seduta precedente. Importi originali in milioni USD; trattini preservati.""",Licenza dei dati terzi non verificata come aperta: valgono i termini della fonte; accesso pubblico non equivale a diritto di ripubblicazione. Codice locale originale CC0; nessuna nuova licenza applicata ai dati.,,Fonti originali,Licenza dei dati terzi non verificata come aperta: valgono i termini della fonte; accesso pubblico non equivale a diritto di ripubblicazione. Codice locale originale CC0; nessuna nuova licenza applicata ai dati.
flussi_etf,2026-10-04,/eth/righe/2/data,"""2026-09-18""",https://farside.co.uk/btc/; https://farside.co.uk/eth/,"""Righe datate fino al giorno richiesto; nel weekend ultima seduta precedente. Importi originali in milioni USD; trattini preservati.""",Licenza dei dati terzi non verificata come aperta: valgono i termini della fonte; accesso pubblico non equivale a diritto di ripubblicazione. Codice locale originale CC0; nessuna nuova licenza applicata ai dati.,,Fonti originali,Licenza dei dati terzi non verificata come aperta: valgono i termini della fonte; accesso pubblico non equivale a diritto di ripubblicazione. Codice locale originale CC0; nessuna nuova licenza applicata ai dati.
flussi_etf,2026-10-04,/eth/righe/2/celle_originali/0,"""18 Sep 2026""",https://farside.co.uk/btc/; https://farside.co.uk/eth/,"""Righe datate fino al giorno richiesto; nel weekend ultima seduta precedente. Importi originali in milioni USD; trattini preservati.""",Licenza dei dati terzi non verificata come aperta: valgono i termini della fonte; accesso pubblico non equivale a diritto di ripubblicazione. Codice locale originale CC0; nessuna nuova licenza applicata ai dati.,,Fonti originali,Licenza dei dati terzi non verificata come aperta: valgono i termini della fonte; accesso pubblico non equivale a diritto di ripubblicazione. Codice locale originale CC0; nessuna nuova licenza applicata ai dati.
flussi_etf,2026-10-04,/eth/righe/2/celle_originali/1,"""114.3""",https://farside.co.uk/btc/; https://farside.co.uk/eth/,"""Righe datate fino al giorno richiesto; nel weekend ultima seduta precedente. Importi originali in milioni USD; trattini preservati.""",Licenza dei dati terzi non verificata come aperta: valgono i termini della fonte; accesso pubblico non equivale a diritto di ripubblicazione. Codice locale originale CC0; nessuna nuova licenza applicata ai dati.,,Fonti originali,Licenza dei dati terzi non verificata come aperta: valgono i termini della fonte; accesso pubblico non equivale a diritto di ripubblicazione. Codice locale originale CC0; nessuna nuova licenza applicata ai dati.
flussi_etf,2026-10-04,/eth/righe/2/celle_originali/2,"""0.0""",https://farside.co.uk/btc/; https://farside.co.uk/eth/,"""Righe datate fino al giorno richiesto; nel weekend ultima seduta precedente. Importi originali in milioni USD; trattini preservati.""",Licenza dei dati terzi non verificata come aperta: valgono i termini della fonte; accesso pubblico non equivale a diritto di ripubblicazione. Codice locale originale CC0; nessuna nuova licenza applicata ai dati.,,Fonti originali,Licenza dei dati terzi non verificata come aperta: valgono i termini della fonte; accesso pubblico non equivale a diritto di ripubblicazione. Codice locale originale CC0; nessuna nuova licenza applicata ai dati.
flussi_etf,2026-10-04,/eth/righe/2/celle_originali/3,"""26.2""",https://farside.co.uk/btc/; https://farside.co.uk/eth/,"""Righe datate fino al giorno richiesto; nel weekend ultima seduta precedente. Importi originali in milioni USD; trattini preservati.""",Licenza dei dati terzi non verificata come aperta: valgono i termini della fonte; accesso pubblico non equivale a diritto di ripubblicazione. Codice locale originale CC0; nessuna nuova licenza applicata ai dati.,,Fonti originali,Licenza dei dati terzi non verificata come aperta: valgono i termini della fonte; accesso pubblico non equivale a diritto di ripubblicazione. Codice locale originale CC0; nessuna nuova licenza applicata ai dati.
flussi_etf,2026-10-04,/eth/righe/2/celle_originali/4,"""1.3""",https://farside.co.uk/btc/; https://farside.co.uk/eth/,"""Righe datate fino al giorno richiesto; nel weekend ultima seduta precedente. Importi originali in milioni USD; trattini preservati.""",Licenza dei dati terzi non verificata come aperta: valgono i termini della fonte; accesso pubblico non equivale a diritto di ripubblicazione. Codice locale originale CC0; nessuna nuova licenza applicata ai dati.,,Fonti originali,Licenza dei dati terzi non verificata come aperta: valgono i termini della fonte; accesso pubblico non equivale a diritto di ripubblicazione. Codice locale originale CC0; nessuna nuova licenza applicata ai dati.
flussi_etf,2026-10-04,/eth/righe/2/celle_originali/5,"""0.0""",https://farside.co.uk/btc/; https://farside.co.uk/eth/,"""Righe datate fino al giorno richiesto; nel weekend ultima seduta precedente. Importi originali in milioni USD; trattini preservati.""",Licenza dei dati terzi non verificata come aperta: valgono i termini della fonte; accesso pubblico non equivale a diritto di ripubblicazione. Codice locale originale CC0; nessuna nuova licenza applicata ai dati.,,Fonti originali,Licenza dei dati terzi non verificata come aperta: valgono i termini della fonte; accesso pubblico non equivale a diritto di ripubblicazione. Codice locale originale CC0; nessuna nuova licenza applicata ai dati.
flussi_etf,2026-10-04,/eth/righe/2/celle_originali/6,"""1.9""",https://farside.co.uk/btc/; https://farside.co.uk/eth/,"""Righe datate fino al giorno richiesto; nel weekend ultima seduta precedente. Importi originali in milioni USD; trattini preservati.""",Licenza dei dati terzi non verificata come aperta: valgono i termini della fonte; accesso pubblico non equivale a diritto di ripubblicazione. Codice locale originale CC0; nessuna nuova licenza applicata ai dati.,,Fonti originali,Licenza dei dati terzi non verificata come aperta: valgono i termini della fonte; accesso pubblico non equivale a diritto di ripubblicazione. Codice locale originale CC0; nessuna nuova licenza applicata ai dati.
flussi_etf,2026-10-04,/eth/righe/2/celle_originali/7,"""0.0""",https://farside.co.uk/btc/; https://farside.co.uk/eth/,"""Righe datate fino al giorno richiesto; nel weekend ultima seduta precedente. Importi originali in milioni USD; trattini preservati.""",Licenza dei dati terzi non verificata come aperta: valgono i termini della fonte; accesso pubblico non equivale a diritto di ripubblicazione. Codice locale originale CC0; nessuna nuova licenza applicata ai dati.,,Fonti originali,Licenza dei dati terzi non verificata come aperta: valgono i termini della fonte; accesso pubblico non equivale a diritto di ripubblicazione. Codice locale originale CC0; nessuna nuova licenza applicata ai dati.
flussi_etf,2026-10-04,/eth/righe/2/celle_originali/8,"""0.0""",https://farside.co.uk/btc/; https://farside.co.uk/eth/,"""Righe datate fino al giorno richiesto; nel weekend ultima seduta precedente. Importi originali in milioni USD; trattini preservati.""",Licenza dei dati terzi non verificata come aperta: valgono i termini della fonte; accesso pubblico non equivale a diritto di ripubblicazione. Codice locale originale CC0; nessuna nuova licenza applicata ai dati.,,Fonti originali,Licenza dei dati terzi non verificata come aperta: valgono i termini della fonte; accesso pubblico non equivale a diritto di ripubblicazione. Codice locale originale CC0; nessuna nuova licenza applicata ai dati.
flussi_etf,2026-10-04,/eth/righe/2/celle_originali/9,"""0.0""",https://farside.co.uk/btc/; https://farside.co.uk/eth/,"""Righe datate fino al giorno richiesto; nel weekend ultima seduta precedente. Importi originali in milioni USD; trattini preservati.""",Licenza dei dati terzi non verificata come aperta: valgono i termini della fonte; accesso pubblico non equivale a diritto di ripubblicazione. Codice locale originale CC0; nessuna nuova licenza applicata ai dati.,,Fonti originali,Licenza dei dati terzi non verificata come aperta: valgono i termini della fonte; accesso pubblico non equivale a diritto di ripubblicazione. Codice locale originale CC0; nessuna nuova licenza applicata ai dati.
flussi_etf,2026-10-04,/eth/righe/2/celle_originali/10,"""0.0""",https://farside.co.uk/btc/; https://farside.co.uk/eth/,"""Righe datate fino al giorno richiesto; nel weekend ultima seduta precedente. Importi originali in milioni USD; trattini preservati.""",Licenza dei dati terzi non verificata come aperta: valgono i termini della fonte; accesso pubblico non equivale a diritto di ripubblicazione. Codice locale originale CC0; nessuna nuova licenza applicata ai dati.,,Fonti originali,Licenza dei dati terzi non verificata come aperta: valgono i termini della fonte; accesso pubblico non equivale a diritto di ripubblicazione. Codice locale originale CC0; nessuna nuova licenza applicata ai dati.
flussi_etf,2026-10-04,/eth/righe/2/celle_originali/11,"""0.0""",https://farside.co.uk/btc/; https://farside.co.uk/eth/,"""Righe datate fino al giorno richiesto; nel weekend ultima seduta precedente. Importi originali in milioni USD; trattini preservati.""",Licenza dei dati terzi non verificata come aperta: valgono i termini della fonte; accesso pubblico non equivale a diritto di ripubblicazione. Codice locale originale CC0; nessuna nuova licenza applicata ai dati.,,Fonti originali,Licenza dei dati terzi non verificata come aperta: valgono i termini della fonte; accesso pubblico non equivale a diritto di ripubblicazione. Codice locale originale CC0; nessuna nuova licenza applicata ai dati.
flussi_etf,2026-10-04,/eth/righe/2/celle_originali/12,"""143.7""",https://farside.co.uk/btc/; https://farside.co.uk/eth/,"""Righe datate fino al giorno richiesto; nel weekend ultima seduta precedente. Importi originali in milioni USD; trattini preservati.""",Licenza dei dati terzi non verificata come aperta: valgono i termini della fonte; accesso pubblico non equivale a diritto di ripubblicazione. Codice locale originale CC0; nessuna nuova licenza applicata ai dati.,,Fonti originali,Licenza dei dati terzi non verificata come aperta: valgono i termini della fonte; accesso pubblico non equivale a diritto di ripubblicazione. Codice locale originale CC0; nessuna nuova licenza applicata ai dati.
flussi_etf,2026-10-04,/eth/righe/3/data,"""2026-09-21""",https://farside.co.uk/btc/; https://farside.co.uk/eth/,"""Righe datate fino al giorno richiesto; nel weekend ultima seduta precedente. Importi originali in milioni USD; trattini preservati.""",Licenza dei dati terzi non verificata come aperta: valgono i termini della fonte; accesso pubblico non equivale a diritto di ripubblicazione. Codice locale originale CC0; nessuna nuova licenza applicata ai dati.,,Fonti originali,Licenza dei dati terzi non verificata come aperta: valgono i termini della fonte; accesso pubblico non equivale a diritto di ripubblicazione. Codice locale originale CC0; nessuna nuova licenza applicata ai dati.
flussi_etf,2026-10-04,/eth/righe/3/celle_originali/0,"""21 Sep 2026""",https://farside.co.uk/btc/; https://farside.co.uk/eth/,"""Righe datate fino al giorno richiesto; nel weekend ultima seduta precedente. Importi originali in milioni USD; trattini preservati.""",Licenza dei dati terzi non verificata come aperta: valgono i termini della fonte; accesso pubblico non equivale a diritto di ripubblicazione. Codice locale originale CC0; nessuna nuova licenza applicata ai dati.,,Fonti originali,Licenza dei dati terzi non verificata come aperta: valgono i termini della fonte; accesso pubblico non equivale a diritto di ripubblicazione. Codice locale originale CC0; nessuna nuova licenza applicata ai dati.
flussi_etf,2026-10-04,/eth/righe/3/celle_originali/1,"""110.1""",https://farside.co.uk/btc/; https://farside.co.uk/eth/,"""Righe datate fino al giorno richiesto; nel weekend ultima seduta precedente. Importi originali in milioni USD; trattini preservati.""",Licenza dei dati terzi non verificata come aperta: valgono i termini della fonte; accesso pubblico non equivale a diritto di ripubblicazione. Codice locale originale CC0; nessuna nuova licenza applicata ai dati.,,Fonti originali,Licenza dei dati terzi non verificata come aperta: valgono i termini della fonte; accesso pubblico non equivale a diritto di ripubblicazione. Codice locale originale CC0; nessuna nuova licenza applicata ai dati.
flussi_etf,2026-10-04,/eth/righe/3/celle_originali/2,"""12.8""",https://farside.co.uk/btc/; https://farside.co.uk/eth/,"""Righe datate fino al giorno richiesto; nel weekend ultima seduta precedente. Importi originali in milioni USD; trattini preservati.""",Licenza dei dati terzi non verificata come aperta: valgono i termini della fonte; accesso pubblico non equivale a diritto di ripubblicazione. Codice locale originale CC0; nessuna nuova licenza applicata ai dati.,,Fonti originali,Licenza dei dati terzi non verificata come aperta: valgono i termini della fonte; accesso pubblico non equivale a diritto di ripubblicazione. Codice locale originale CC0; nessuna nuova licenza applicata ai dati.
flussi_etf,2026-10-04,/eth/righe/3/celle_originali/3,"""73.0""",https://farside.co.uk/btc/; https://farside.co.uk/eth/,"""Righe datate fino al giorno richiesto; nel weekend ultima seduta precedente. Importi originali in milioni USD; trattini preservati.""",Licenza dei dati terzi non verificata come aperta: valgono i termini della fonte; accesso pubblico non equivale a diritto di ripubblicazione. Codice locale originale CC0; nessuna nuova licenza applicata ai dati.,,Fonti originali,Licenza dei dati terzi non verificata come aperta: valgono i termini della fonte; accesso pubblico non equivale a diritto di ripubblicazione. Codice locale originale CC0; nessuna nuova licenza applicata ai dati.
flussi_etf,2026-10-04,/eth/righe/3/celle_originali/4,"""4.3""",https://farside.co.uk/btc/; https://farside.co.uk/eth/,"""Righe datate fino al giorno richiesto; nel weekend ultima seduta precedente. Importi originali in milioni USD; trattini preservati.""",Licenza dei dati terzi non verificata come aperta: valgono i termini della fonte; accesso pubblico non equivale a diritto di ripubblicazione. Codice locale originale CC0; nessuna nuova licenza applicata ai dati.,,Fonti originali,Licenza dei dati terzi non verificata come aperta: valgono i termini della fonte; accesso pubblico non equivale a diritto di ripubblicazione. Codice locale originale CC0; nessuna nuova licenza applicata ai dati.
flussi_etf,2026-10-04,/eth/righe/3/celle_originali/5,"""4.1""",https://farside.co.uk/btc/; https://farside.co.uk/eth/,"""Righe datate fino al giorno richiesto; nel weekend ultima seduta precedente. Importi originali in milioni USD; trattini preservati.""",Licenza dei dati terzi non verificata come aperta: valgono i termini della fonte; accesso pubblico non equivale a diritto di ripubblicazione. Codice locale originale CC0; nessuna nuova licenza applicata ai dati.,,Fonti originali,Licenza dei dati terzi non verificata come aperta: valgono i termini della fonte; accesso pubblico non equivale a diritto di ripubblicazione. Codice locale originale CC0; nessuna nuova licenza applicata ai dati.
flussi_etf,2026-10-04,/eth/righe/3/celle_originali/6,"""0.0""",https://farside.co.uk/btc/; https://farside.co.uk/eth/,"""Righe datate fino al giorno richiesto; nel weekend ultima seduta precedente. Importi originali in milioni USD; trattini preservati.""",Licenza dei dati terzi non verificata come aperta: valgono i termini della fonte; accesso pubblico non equivale a diritto di ripubblicazione. Codice locale originale CC0; nessuna nuova licenza applicata ai dati.,,Fonti originali,Licenza dei dati terzi non verificata come aperta: valgono i termini della fonte; accesso pubblico non equivale a diritto di ripubblicazione. Codice locale originale CC0; nessuna nuova licenza applicata ai dati.
flussi_etf,2026-10-04,/eth/righe/3/celle_originali/7,"""0.0""",https://farside.co.uk/btc/; https://farside.co.uk/eth/,"""Righe datate fino al giorno richiesto; nel weekend ultima seduta precedente. Importi originali in milioni USD; trattini preservati.""",Licenza dei dati terzi non verificata come aperta: valgono i termini della fonte; accesso pubblico non equivale a diritto di ripubblicazione. Codice locale originale CC0; nessuna nuova licenza applicata ai dati.,,Fonti originali,Licenza dei dati terzi non verificata come aperta: valgono i termini della fonte; accesso pubblico non equivale a diritto di ripubblicazione. Codice locale originale CC0; nessuna nuova licenza applicata ai dati.
flussi_etf,2026-10-04,/eth/righe/3/celle_originali/8,"""0.0""",https://farside.co.uk/btc/; https://farside.co.uk/eth/,"""Righe datate fino al giorno richiesto; nel weekend ultima seduta precedente. Importi originali in milioni USD; trattini preservati.""",Licenza dei dati terzi non verificata come aperta: valgono i termini della fonte; accesso pubblico non equivale a diritto di ripubblicazione. Codice locale originale CC0; nessuna nuova licenza applicata ai dati.,,Fonti originali,Licenza dei dati terzi non verificata come aperta: valgono i termini della fonte; accesso pubblico non equivale a diritto di ripubblicazione. Codice locale originale CC0; nessuna nuova licenza applicata ai dati.
flussi_etf,2026-10-04,/eth/righe/3/celle_originali/9,"""1.5""",https://farside.co.uk/btc/; https://farside.co.uk/eth/,"""Righe datate fino al giorno richiesto; nel weekend ultima seduta precedente. Importi originali in milioni USD; trattini preservati.""",Licenza dei dati terzi non verificata come aperta: valgono i termini della fonte; accesso pubblico non equivale a diritto di ripubblicazione. Codice locale originale CC0; nessuna nuova licenza applicata ai dati.,,Fonti originali,Licenza dei dati terzi non verificata come aperta: valgono i termini della fonte; accesso pubblico non equivale a diritto di ripubblicazione. Codice locale originale CC0; nessuna nuova licenza applicata ai dati.
flussi_etf,2026-10-04,/eth/righe/3/celle_originali/10,"""4.9""",https://farside.co.uk/btc/; https://farside.co.uk/eth/,"""Righe datate fino al giorno richiesto; nel weekend ultima seduta precedente. Importi originali in milioni USD; trattini preservati.""",Licenza dei dati terzi non verificata come aperta: valgono i termini della fonte; accesso pubblico non equivale a diritto di ripubblicazione. Codice locale originale CC0; nessuna nuova licenza applicata ai dati.,,Fonti originali,Licenza dei dati terzi non verificata come aperta: valgono i termini della fonte; accesso pubblico non equivale a diritto di ripubblicazione. Codice locale originale CC0; nessuna nuova licenza applicata ai dati.
flussi_etf,2026-10-04,/eth/righe/3/celle_originali/11,"""59.3""",https://farside.co.uk/btc/; https://farside.co.uk/eth/,"""Righe datate fino al giorno richiesto; nel weekend ultima seduta precedente. Importi originali in milioni USD; trattini preservati.""",Licenza dei dati terzi non verificata come aperta: valgono i termini della fonte; accesso pubblico non equivale a diritto di ripubblicazione. Codice locale originale CC0; nessuna nuova licenza applicata ai dati.,,Fonti originali,Licenza dei dati terzi non verificata come aperta: valgono i termini della fonte; accesso pubblico non equivale a diritto di ripubblicazione. Codice locale originale CC0; nessuna nuova licenza applicata ai dati.
flussi_etf,2026-10-04,/eth/righe/3/celle_originali/12,"""270.0""",https://farside.co.uk/btc/; https://farside.co.uk/eth/,"""Righe datate fino al giorno richiesto; nel weekend ultima seduta precedente. Importi originali in milioni USD; trattini preservati.""",Licenza dei dati terzi non verificata come aperta: valgono i termini della fonte; accesso pubblico non equivale a diritto di ripubblicazione. Codice locale originale CC0; nessuna nuova licenza applicata ai dati.,,Fonti originali,Licenza dei dati terzi non verificata come aperta: valgono i termini della fonte; accesso pubblico non equivale a diritto di ripubblicazione. Codice locale originale CC0; nessuna nuova licenza applicata ai dati.
flussi_etf,2026-10-04,/eth/righe/4/data,"""2026-09-22""",https://farside.co.uk/btc/; https://farside.co.uk/eth/,"""Righe datate fino al giorno richiesto; nel weekend ultima seduta precedente. Importi originali in milioni USD; trattini preservati.""",Licenza dei dati terzi non verificata come aperta: valgono i termini della fonte; accesso pubblico non equivale a diritto di ripubblicazione. Codice locale originale CC0; nessuna nuova licenza applicata ai dati.,,Fonti originali,Licenza dei dati terzi non verificata come aperta: valgono i termini della fonte; accesso pubblico non equivale a diritto di ripubblicazione. Codice locale originale CC0; nessuna nuova licenza applicata ai dati.
flussi_etf,2026-10-04,/eth/righe/4/celle_originali/0,"""22 Sep 2026""",https://farside.co.uk/btc/; https://farside.co.uk/eth/,"""Righe datate fino al giorno richiesto; nel weekend ultima seduta precedente. Importi originali in milioni USD; trattini preservati.""",Licenza dei dati terzi non verificata come aperta: valgono i termini della fonte; accesso pubblico non equivale a diritto di ripubblicazione. Codice locale originale CC0; nessuna nuova licenza applicata ai dati.,,Fonti originali,Licenza dei dati terzi non verificata come aperta: valgono i termini della fonte; accesso pubblico non equivale a diritto di ripubblicazione. Codice locale originale CC0; nessuna nuova licenza applicata ai dati.
flussi_etf,2026-10-04,/eth/righe/4/celle_originali/1,"""88.1""",https://farside.co.uk/btc/; https://farside.co.uk/eth/,"""Righe datate fino al giorno richiesto; nel weekend ultima seduta precedente. Importi originali in milioni USD; trattini preservati.""",Licenza dei dati terzi non verificata come aperta: valgono i termini della fonte; accesso pubblico non equivale a diritto di ripubblicazione. Codice locale originale CC0; nessuna nuova licenza applicata ai dati.,,Fonti originali,Licenza dei dati terzi non verificata come aperta: valgono i termini della fonte; accesso pubblico non equivale a diritto di ripubblicazione. Codice locale originale CC0; nessuna nuova licenza applicata ai dati.
flussi_etf,2026-10-04,/eth/righe/4/celle_originali/2,"""2.8""",https://farside.co.uk/btc/; https://farside.co.uk/eth/,"""Righe datate fino al giorno richiesto; nel weekend ultima seduta precedente. Importi originali in milioni USD; trattini preservati.""",Licenza dei dati terzi non verificata come aperta: valgono i termini della fonte; accesso pubblico non equivale a diritto di ripubblicazione. Codice locale originale CC0; nessuna nuova licenza applicata ai dati.,,Fonti originali,Licenza dei dati terzi non verificata come aperta: valgono i termini della fonte; accesso pubblico non equivale a diritto di ripubblicazione. Codice locale originale CC0; nessuna nuova licenza applicata ai dati.
flussi_etf,2026-10-04,/eth/righe/4/celle_originali/3,"""33.6""",https://farside.co.uk/btc/; https://farside.co.uk/eth/,"""Righe datate fino al giorno richiesto; nel weekend ultima seduta precedente. Importi originali in milioni USD; trattini preservati.""",Licenza dei dati terzi non verificata come aperta: valgono i termini della fonte; accesso pubblico non equivale a diritto di ripubblicazione. Codice locale originale CC0; nessuna nuova licenza applicata ai dati.,,Fonti originali,Licenza dei dati terzi non verificata come aperta: valgono i termini della fonte; accesso pubblico non equivale a diritto di ripubblicazione. Codice locale originale CC0; nessuna nuova licenza applicata ai dati.
flussi_etf,2026-10-04,/eth/righe/4/celle_originali/4,"""0.0""",https://farside.co.uk/btc/; https://farside.co.uk/eth/,"""Righe datate fino al giorno richiesto; nel weekend ultima seduta precedente. Importi originali in milioni USD; trattini preservati.""",Licenza dei dati terzi non verificata come aperta: valgono i termini della fonte; accesso pubblico non equivale a diritto di ripubblicazione. Codice locale originale CC0; nessuna nuova licenza applicata ai dati.,,Fonti originali,Licenza dei dati terzi non verificata come aperta: valgono i termini della fonte; accesso pubblico non equivale a diritto di ripubblicazione. Codice locale originale CC0; nessuna nuova licenza applicata ai dati.
flussi_etf,2026-10-04,/eth/righe/4/celle_originali/5,"""0.0""",https://farside.co.uk/btc/; https://farside.co.uk/eth/,"""Righe datate fino al giorno richiesto; nel weekend ultima seduta precedente. Importi originali in milioni USD; trattini preservati.""",Licenza dei dati terzi non verificata come aperta: valgono i termini della fonte; accesso pubblico non equivale a diritto di ripubblicazione. Codice locale originale CC0; nessuna nuova licenza applicata ai dati.,,Fonti originali,Licenza dei dati terzi non verificata come aperta: valgono i termini della fonte; accesso pubblico non equivale a diritto di ripubblicazione. Codice locale originale CC0; nessuna nuova licenza applicata ai dati.
flussi_etf,2026-10-04,/eth/righe/4/celle_originali/6,"""0.0""",https://farside.co.uk/btc/; https://farside.co.uk/eth/,"""Righe datate fino al giorno richiesto; nel weekend ultima seduta precedente. Importi originali in milioni USD; trattini preservati.""",Licenza dei dati terzi non verificata come aperta: valgono i termini della fonte; accesso pubblico non equivale a diritto di ripubblicazione. Codice locale originale CC0; nessuna nuova licenza applicata ai dati.,,Fonti originali,Licenza dei dati terzi non verificata come aperta: valgono i termini della fonte; accesso pubblico non equivale a diritto di ripubblicazione. Codice locale originale CC0; nessuna nuova licenza applicata ai dati.
flussi_etf,2026-10-04,/eth/righe/4/celle_originali/7,"""0.0""",https://farside.co.uk/btc/; https://farside.co.uk/eth/,"""Righe datate fino al giorno richiesto; nel weekend ultima seduta precedente. Importi originali in milioni USD; trattini preservati.""",Licenza dei dati terzi non verificata come aperta: valgono i termini della fonte; accesso pubblico non equivale a diritto di ripubblicazione. Codice locale originale CC0; nessuna nuova licenza applicata ai dati.,,Fonti originali,Licenza dei dati terzi non verificata come aperta: valgono i termini della fonte; accesso pubblico non equivale a diritto di ripubblicazione. Codice locale originale CC0; nessuna nuova licenza applicata ai dati.
flussi_etf,2026-10-04,/eth/righe/4/celle_originali/8,"""0.0""",https://farside.co.uk/btc/; https://farside.co.uk/eth/,"""Righe datate fino al giorno richiesto; nel weekend ultima seduta precedente. Importi originali in milioni USD; trattini preservati.""",Licenza dei dati terzi non verificata come aperta: valgono i termini della fonte; accesso pubblico non equivale a diritto di ripubblicazione. Codice locale originale CC0; nessuna nuova licenza applicata ai dati.,,Fonti originali,Licenza dei dati terzi non verificata come aperta: valgono i termini della fonte; accesso pubblico non equivale a diritto di ripubblicazione. Codice locale originale CC0; nessuna nuova licenza applicata ai dati.
flussi_etf,2026-10-04,/eth/righe/4/celle_originali/9,"""0.0""",https://farside.co.uk/btc/; https://farside.co.uk/eth/,"""Righe datate fino al giorno richiesto; nel weekend ultima seduta precedente. Importi originali in milioni USD; trattini preservati.""",Licenza dei dati terzi non verificata come aperta: valgono i termini della fonte; accesso pubblico non equivale a diritto di ripubblicazione. Codice locale originale CC0; nessuna nuova licenza applicata ai dati.,,Fonti originali,Licenza dei dati terzi non verificata come aperta: valgono i termini della fonte; accesso pubblico non equivale a diritto di ripubblicazione. Codice locale originale CC0; nessuna nuova licenza applicata ai dati.
flussi_etf,2026-10-04,/eth/righe/4/celle_originali/10,"""10.4""",https://farside.co.uk/btc/; https://farside.co.uk/eth/,"""Righe datate fino al giorno richiesto; nel weekend ultima seduta precedente. Importi originali in milioni USD; trattini preservati.""",Licenza dei dati terzi non verificata come aperta: valgono i termini della fonte; accesso pubblico non equivale a diritto di ripubblicazione. Codice locale originale CC0; nessuna nuova licenza applicata ai dati.,,Fonti originali,Licenza dei dati terzi non verificata come aperta: valgono i termini della fonte; accesso pubblico non equivale a diritto di ripubblicazione. Codice locale originale CC0; nessuna nuova licenza applicata ai dati.
flussi_etf,2026-10-04,/eth/righe/4/celle_originali/11,"""27.3""",https://farside.co.uk/btc/; https://farside.co.uk/eth/,"""Righe datate fino al giorno richiesto; nel weekend ultima seduta precedente. Importi originali in milioni USD; trattini preservati.""",Licenza dei dati terzi non verificata come aperta: valgono i termini della fonte; accesso pubblico non equivale a diritto di ripubblicazione. Codice locale originale CC0; nessuna nuova licenza applicata ai dati.,,Fonti originali,Licenza dei dati terzi non verificata come aperta: valgono i termini della fonte; accesso pubblico non equivale a diritto di ripubblicazione. Codice locale originale CC0; nessuna nuova licenza applicata ai dati.
flussi_etf,2026-10-04,/eth/righe/4/celle_originali/12,"""162.2""",https://farside.co.uk/btc/; https://farside.co.uk/eth/,"""Righe datate fino al giorno richiesto; nel weekend ultima seduta precedente. Importi originali in milioni USD; trattini preservati.""",Licenza dei dati terzi non verificata come aperta: valgono i termini della fonte; accesso pubblico non equivale a diritto di ripubblicazione. Codice locale originale CC0; nessuna nuova licenza applicata ai dati.,,Fonti originali,Licenza dei dati terzi non verificata come aperta: valgono i termini della fonte; accesso pubblico non equivale a diritto di ripubblicazione. Codice locale originale CC0; nessuna nuova licenza applicata ai dati.
flussi_etf,2026-10-04,/eth/righe/5/data,"""2026-09-23""",https://farside.co.uk/btc/; https://farside.co.uk/eth/,"""Righe datate fino al giorno richiesto; nel weekend ultima seduta precedente. Importi originali in milioni USD; trattini preservati.""",Licenza dei dati terzi non verificata come aperta: valgono i termini della fonte; accesso pubblico non equivale a diritto di ripubblicazione. Codice locale originale CC0; nessuna nuova licenza applicata ai dati.,,Fonti originali,Licenza dei dati terzi non verificata come aperta: valgono i termini della fonte; accesso pubblico non equivale a diritto di ripubblicazione. Codice locale originale CC0; nessuna nuova licenza applicata ai dati.
flussi_etf,2026-10-04,/eth/righe/5/celle_originali/0,"""23 Sep 2026""",https://farside.co.uk/btc/; https://farside.co.uk/eth/,"""Righe datate fino al giorno richiesto; nel weekend ultima seduta precedente. Importi originali in milioni USD; trattini preservati.""",Licenza dei dati terzi non verificata come aperta: valgono i termini della fonte; accesso pubblico non equivale a diritto di ripubblicazione. Codice locale originale CC0; nessuna nuova licenza applicata ai dati.,,Fonti originali,Licenza dei dati terzi non verificata come aperta: valgono i termini della fonte; accesso pubblico non equivale a diritto di ripubblicazione. Codice locale originale CC0; nessuna nuova licenza applicata ai dati.
flussi_etf,2026-10-04,/eth/righe/5/celle_originali/1,"""50.8""",https://farside.co.uk/btc/; https://farside.co.uk/eth/,"""Righe datate fino al giorno richiesto; nel weekend ultima seduta precedente. Importi originali in milioni USD; trattini preservati.""",Licenza dei dati terzi non verificata come aperta: valgono i termini della fonte; accesso pubblico non equivale a diritto di ripubblicazione. Codice locale originale CC0; nessuna nuova licenza applicata ai dati.,,Fonti originali,Licenza dei dati terzi non verificata come aperta: valgono i termini della fonte; accesso pubblico non equivale a diritto di ripubblicazione. Codice locale originale CC0; nessuna nuova licenza applicata ai dati.
flussi_etf,2026-10-04,/eth/righe/5/celle_originali/2,"""0.0""",https://farside.co.uk/btc/; https://farside.co.uk/eth/,"""Righe datate fino al giorno richiesto; nel weekend ultima seduta precedente. Importi originali in milioni USD; trattini preservati.""",Licenza dei dati terzi non verificata come aperta: valgono i termini della fonte; accesso pubblico non equivale a diritto di ripubblicazione. Codice locale originale CC0; nessuna nuova licenza applicata ai dati.,,Fonti originali,Licenza dei dati terzi non verificata come aperta: valgono i termini della fonte; accesso pubblico non equivale a diritto di ripubblicazione. Codice locale originale CC0; nessuna nuova licenza applicata ai dati.
flussi_etf,2026-10-04,/eth/righe/5/celle_originali/3,"""41.3""",https://farside.co.uk/btc/; https://farside.co.uk/eth/,"""Righe datate fino al giorno richiesto; nel weekend ultima seduta precedente. Importi originali in milioni USD; trattini preservati.""",Licenza dei dati terzi non verificata come aperta: valgono i termini della fonte; accesso pubblico non equivale a diritto di ripubblicazione. Codice locale originale CC0; nessuna nuova licenza applicata ai dati.,,Fonti originali,Licenza dei dati terzi non verificata come aperta: valgono i termini della fonte; accesso pubblico non equivale a diritto di ripubblicazione. Codice locale originale CC0; nessuna nuova licenza applicata ai dati.
flussi_etf,2026-10-04,/eth/righe/5/celle_originali/4,"""0.0""",https://farside.co.uk/btc/; https://farside.co.uk/eth/,"""Righe datate fino al giorno richiesto; nel weekend ultima seduta precedente. Importi originali in milioni USD; trattini preservati.""",Licenza dei dati terzi non verificata come aperta: valgono i termini della fonte; accesso pubblico non equivale a diritto di ripubblicazione. Codice locale originale CC0; nessuna nuova licenza applicata ai dati.,,Fonti originali,Licenza dei dati terzi non verificata come aperta: valgono i termini della fonte; accesso pubblico non equivale a diritto di ripubblicazione. Codice locale originale CC0; nessuna nuova licenza applicata ai dati.
flussi_etf,2026-10-04,/eth/righe/5/celle_originali/5,"""4.0""",https://farside.co.uk/btc/; https://farside.co.uk/eth/,"""Righe datate fino al giorno richiesto; nel weekend ultima seduta precedente. Importi originali in milioni USD; trattini preservati.""",Licenza dei dati terzi non verificata come aperta: valgono i termini della fonte; accesso pubblico non equivale a diritto di ripubblicazione. Codice locale originale CC0; nessuna nuova licenza applicata ai dati.,,Fonti originali,Licenza dei dati terzi non verificata come aperta: valgono i termini della fonte; accesso pubblico non equivale a diritto di ripubblicazione. Codice locale originale CC0; nessuna nuova licenza applicata ai dati.
flussi_etf,2026-10-04,/eth/righe/5/celle_originali/6,"""2.9""",https://farside.co.uk/btc/; https://farside.co.uk/eth/,"""Righe datate fino al giorno richiesto; nel weekend ultima seduta precedente. Importi originali in milioni USD; trattini preservati.""",Licenza dei dati terzi non verificata come aperta: valgono i termini della fonte; accesso pubblico non equivale a diritto di ripubblicazione. Codice locale originale CC0; nessuna nuova licenza applicata ai dati.,,Fonti originali,Licenza dei dati terzi non verificata come aperta: valgono i termini della fonte; accesso pubblico non equivale a diritto di ripubblicazione. Codice locale originale CC0; nessuna nuova licenza applicata ai dati.
flussi_etf,2026-10-04,/eth/righe/5/celle_originali/7,"""0.9""",https://farside.co.uk/btc/; https://farside.co.uk/eth/,"""Righe datate fino al giorno richiesto; nel weekend ultima seduta precedente. Importi originali in milioni USD; trattini preservati.""",Licenza dei dati terzi non verificata come aperta: valgono i termini della fonte; accesso pubblico non equivale a diritto di ripubblicazione. Codice locale originale CC0; nessuna nuova licenza applicata ai dati.,,Fonti originali,Licenza dei dati terzi non verificata come aperta: valgono i termini della fonte; accesso pubblico non equivale a diritto di ripubblicazione. Codice locale originale CC0; nessuna nuova licenza applicata ai dati.
flussi_etf,2026-10-04,/eth/righe/5/celle_originali/8,"""3.0""",https://farside.co.uk/btc/; https://farside.co.uk/eth/,"""Righe datate fino al giorno richiesto; nel weekend ultima seduta precedente. Importi originali in milioni USD; trattini preservati.""",Licenza dei dati terzi non verificata come aperta: valgono i termini della fonte; accesso pubblico non equivale a diritto di ripubblicazione. Codice locale originale CC0; nessuna nuova licenza applicata ai dati.,,Fonti originali,Licenza dei dati terzi non verificata come aperta: valgono i termini della fonte; accesso pubblico non equivale a diritto di ripubblicazione. Codice locale originale CC0; nessuna nuova licenza applicata ai dati.
flussi_etf,2026-10-04,/eth/righe/5/celle_originali/9,"""1.4""",https://farside.co.uk/btc/; https://farside.co.uk/eth/,"""Righe datate fino al giorno richiesto; nel weekend ultima seduta precedente. Importi originali in milioni USD; trattini preservati.""",Licenza dei dati terzi non verificata come aperta: valgono i termini della fonte; accesso pubblico non equivale a diritto di ripubblicazione. Codice locale originale CC0; nessuna nuova licenza applicata ai dati.,,Fonti originali,Licenza dei dati terzi non verificata come aperta: valgono i termini della fonte; accesso pubblico non equivale a diritto di ripubblicazione. Codice locale originale CC0; nessuna nuova licenza applicata ai dati.
flussi_etf,2026-10-04,/eth/righe/5/celle_originali/10,"""4.3""",https://farside.co.uk/btc/; https://farside.co.uk/eth/,"""Righe datate fino al giorno richiesto; nel weekend ultima seduta precedente. Importi originali in milioni USD; trattini preservati.""",Licenza dei dati terzi non verificata come aperta: valgono i termini della fonte; accesso pubblico non equivale a diritto di ripubblicazione. Codice locale originale CC0; nessuna nuova licenza applicata ai dati.,,Fonti originali,Licenza dei dati terzi non verificata come aperta: valgono i termini della fonte; accesso pubblico non equivale a diritto di ripubblicazione. Codice locale originale CC0; nessuna nuova licenza applicata ai dati.
flussi_etf,2026-10-04,/eth/righe/5/celle_originali/11,"""(4.1)""",https://farside.co.uk/btc/; https://farside.co.uk/eth/,"""Righe datate fino al giorno richiesto; nel weekend ultima seduta precedente. Importi originali in milioni USD; trattini preservati.""",Licenza dei dati terzi non verificata come aperta: valgono i termini della fonte; accesso pubblico non equivale a diritto di ripubblicazione. Codice locale originale CC0; nessuna nuova licenza applicata ai dati.,,Fonti originali,Licenza dei dati terzi non verificata come aperta: valgono i termini della fonte; accesso pubblico non equivale a diritto di ripubblicazione. Codice locale originale CC0; nessuna nuova licenza applicata ai dati.
flussi_etf,2026-10-04,/eth/righe/5/celle_originali/12,"""104.5""",https://farside.co.uk/btc/; https://farside.co.uk/eth/,"""Righe datate fino al giorno richiesto; nel weekend ultima seduta precedente. Importi originali in milioni USD; trattini preservati.""",Licenza dei dati terzi non verificata come aperta: valgono i termini della fonte; accesso pubblico non equivale a diritto di ripubblicazione. Codice locale originale CC0; nessuna nuova licenza applicata ai dati.,,Fonti originali,Licenza dei dati terzi non verificata come aperta: valgono i termini della fonte; accesso pubblico non equivale a diritto di ripubblicazione. Codice locale originale CC0; nessuna nuova licenza applicata ai dati.
flussi_etf,2026-10-04,/eth/righe/6/data,"""2026-09-24""",https://farside.co.uk/btc/; https://farside.co.uk/eth/,"""Righe datate fino al giorno richiesto; nel weekend ultima seduta precedente. Importi originali in milioni USD; trattini preservati.""",Licenza dei dati terzi non verificata come aperta: valgono i termini della fonte; accesso pubblico non equivale a diritto di ripubblicazione. Codice locale originale CC0; nessuna nuova licenza applicata ai dati.,,Fonti originali,Licenza dei dati terzi non verificata come aperta: valgono i termini della fonte; accesso pubblico non equivale a diritto di ripubblicazione. Codice locale originale CC0; nessuna nuova licenza applicata ai dati.
flussi_etf,2026-10-04,/eth/righe/6/celle_originali/0,"""24 Sep 2026""",https://farside.co.uk/btc/; https://farside.co.uk/eth/,"""Righe datate fino al giorno richiesto; nel weekend ultima seduta precedente. Importi originali in milioni USD; trattini preservati.""",Licenza dei dati terzi non verificata come aperta: valgono i termini della fonte; accesso pubblico non equivale a diritto di ripubblicazione. Codice locale originale CC0; nessuna nuova licenza applicata ai dati.,,Fonti originali,Licenza dei dati terzi non verificata come aperta: valgono i termini della fonte; accesso pubblico non equivale a diritto di ripubblicazione. Codice locale originale CC0; nessuna nuova licenza applicata ai dati.
flussi_etf,2026-10-04,/eth/righe/6/celle_originali/1,"""26.8""",https://farside.co.uk/btc/; https://farside.co.uk/eth/,"""Righe datate fino al giorno richiesto; nel weekend ultima seduta precedente. Importi originali in milioni USD; trattini preservati.""",Licenza dei dati terzi non verificata come aperta: valgono i termini della fonte; accesso pubblico non equivale a diritto di ripubblicazione. Codice locale originale CC0; nessuna nuova licenza applicata ai dati.,,Fonti originali,Licenza dei dati terzi non verificata come aperta: valgono i termini della fonte; accesso pubblico non equivale a diritto di ripubblicazione. Codice locale originale CC0; nessuna nuova licenza applicata ai dati.
flussi_etf,2026-10-04,/eth/righe/6/celle_originali/2,"""0.0""",https://farside.co.uk/btc/; https://farside.co.uk/eth/,"""Righe datate fino al giorno richiesto; nel weekend ultima seduta precedente. Importi originali in milioni USD; trattini preservati.""",Licenza dei dati terzi non verificata come aperta: valgono i termini della fonte; accesso pubblico non equivale a diritto di ripubblicazione. Codice locale originale CC0; nessuna nuova licenza applicata ai dati.,,Fonti originali,Licenza dei dati terzi non verificata come aperta: valgono i termini della fonte; accesso pubblico non equivale a diritto di ripubblicazione. Codice locale originale CC0; nessuna nuova licenza applicata ai dati.
flussi_etf,2026-10-04,/eth/righe/6/celle_originali/3,"""21.5""",https://farside.co.uk/btc/; https://farside.co.uk/eth/,"""Righe datate fino al giorno richiesto; nel weekend ultima seduta precedente. Importi originali in milioni USD; trattini preservati.""",Licenza dei dati terzi non verificata come aperta: valgono i termini della fonte; accesso pubblico non equivale a diritto di ripubblicazione. Codice locale originale CC0; nessuna nuova licenza applicata ai dati.,,Fonti originali,Licenza dei dati terzi non verificata come aperta: valgono i termini della fonte; accesso pubblico non equivale a diritto di ripubblicazione. Codice locale originale CC0; nessuna nuova licenza applicata ai dati.
flussi_etf,2026-10-04,/eth/righe/6/celle_originali/4,"""0.0""",https://farside.co.uk/btc/; https://farside.co.uk/eth/,"""Righe datate fino al giorno richiesto; nel weekend ultima seduta precedente. Importi originali in milioni USD; trattini preservati.""",Licenza dei dati terzi non verificata come aperta: valgono i termini della fonte; accesso pubblico non equivale a diritto di ripubblicazione. Codice locale originale CC0; nessuna nuova licenza applicata ai dati.,,Fonti originali,Licenza dei dati terzi non verificata come aperta: valgono i termini della fonte; accesso pubblico non equivale a diritto di ripubblicazione. Codice locale originale CC0; nessuna nuova licenza applicata ai dati.
flussi_etf,2026-10-04,/eth/righe/6/celle_originali/5,"""0.0""",https://farside.co.uk/btc/; https://farside.co.uk/eth/,"""Righe datate fino al giorno richiesto; nel weekend ultima seduta precedente. Importi originali in milioni USD; trattini preservati.""",Licenza dei dati terzi non verificata come aperta: valgono i termini della fonte; accesso pubblico non equivale a diritto di ripubblicazione. Codice locale originale CC0; nessuna nuova licenza applicata ai dati.,,Fonti originali,Licenza dei dati terzi non verificata come aperta: valgono i termini della fonte; accesso pubblico non equivale a diritto di ripubblicazione. Codice locale originale CC0; nessuna nuova licenza applicata ai dati.
flussi_etf,2026-10-04,/eth/righe/6/celle_originali/6,"""0.0""",https://farside.co.uk/btc/; https://farside.co.uk/eth/,"""Righe datate fino al giorno richiesto; nel weekend ultima seduta precedente. Importi originali in milioni USD; trattini preservati.""",Licenza dei dati terzi non verificata come aperta: valgono i termini della fonte; accesso pubblico non equivale a diritto di ripubblicazione. Codice locale originale CC0; nessuna nuova licenza applicata ai dati.,,Fonti originali,Licenza dei dati terzi non verificata come aperta: valgono i termini della fonte; accesso pubblico non equivale a diritto di ripubblicazione. Codice locale originale CC0; nessuna nuova licenza applicata ai dati.
flussi_etf,2026-10-04,/eth/righe/6/celle_originali/7,"""0.0""",https://farside.co.uk/btc/; https://farside.co.uk/eth/,"""Righe datate fino al giorno richiesto; nel weekend ultima seduta precedente. Importi originali in milioni USD; trattini preservati.""",Licenza dei dati terzi non verificata come aperta: valgono i termini della fonte; accesso pubblico non equivale a diritto di ripubblicazione. Codice locale originale CC0; nessuna nuova licenza applicata ai dati.,,Fonti originali,Licenza dei dati terzi non verificata come aperta: valgono i termini della fonte; accesso pubblico non equivale a diritto di ripubblicazione. Codice locale originale CC0; nessuna nuova licenza applicata ai dati.
flussi_etf,2026-10-04,/eth/righe/6/celle_originali/8,"""0.0""",https://farside.co.uk/btc/; https://farside.co.uk/eth/,"""Righe datate fino al giorno richiesto; nel weekend ultima seduta precedente. Importi originali in milioni USD; trattini preservati.""",Licenza dei dati terzi non verificata come aperta: valgono i termini della fonte; accesso pubblico non equivale a diritto di ripubblicazione. Codice locale originale CC0; nessuna nuova licenza applicata ai dati.,,Fonti originali,Licenza dei dati terzi non verificata come aperta: valgono i termini della fonte; accesso pubblico non equivale a diritto di ripubblicazione. Codice locale originale CC0; nessuna nuova licenza applicata ai dati.
flussi_etf,2026-10-04,/eth/righe/6/celle_originali/9,"""0.0""",https://farside.co.uk/btc/; https://farside.co.uk/eth/,"""Righe datate fino al giorno richiesto; nel weekend ultima seduta precedente. Importi originali in milioni USD; trattini preservati.""",Licenza dei dati terzi non verificata come aperta: valgono i termini della fonte; accesso pubblico non equivale a diritto di ripubblicazione. Codice locale originale CC0; nessuna nuova licenza applicata ai dati.,,Fonti originali,Licenza dei dati terzi non verificata come aperta: valgono i termini della fonte; accesso pubblico non equivale a diritto di ripubblicazione. Codice locale originale CC0; nessuna nuova licenza applicata ai dati.
flussi_etf,2026-10-04,/eth/righe/6/celle_originali/10,"""0.0""",https://farside.co.uk/btc/; https://farside.co.uk/eth/,"""Righe datate fino al giorno richiesto; nel weekend ultima seduta precedente. Importi originali in milioni USD; trattini preservati.""",Licenza dei dati terzi non verificata come aperta: valgono i termini della fonte; accesso pubblico non equivale a diritto di ripubblicazione. Codice locale originale CC0; nessuna nuova licenza applicata ai dati.,,Fonti originali,Licenza dei dati terzi non verificata come aperta: valgono i termini della fonte; accesso pubblico non equivale a diritto di ripubblicazione. Codice locale originale CC0; nessuna nuova licenza applicata ai dati.
flussi_etf,2026-10-04,/eth/righe/6/celle_originali/11,"""17.8""",https://farside.co.uk/btc/; https://farside.co.uk/eth/,"""Righe datate fino al giorno richiesto; nel weekend ultima seduta precedente. Importi originali in milioni USD; trattini preservati.""",Licenza dei dati terzi non verificata come aperta: valgono i termini della fonte; accesso pubblico non equivale a diritto di ripubblicazione. Codice locale originale CC0; nessuna nuova licenza applicata ai dati.,,Fonti originali,Licenza dei dati terzi non verificata come aperta: valgono i termini della fonte; accesso pubblico non equivale a diritto di ripubblicazione. Codice locale originale CC0; nessuna nuova licenza applicata ai dati.
flussi_etf,2026-10-04,/eth/righe/6/celle_originali/12,"""66.1""",https://farside.co.uk/btc/; https://farside.co.uk/eth/,"""Righe datate fino al giorno richiesto; nel weekend ultima seduta precedente. Importi originali in milioni USD; trattini preservati.""",Licenza dei dati terzi non verificata come aperta: valgono i termini della fonte; accesso pubblico non equivale a diritto di ripubblicazione. Codice locale originale CC0; nessuna nuova licenza applicata ai dati.,,Fonti originali,Licenza dei dati terzi non verificata come aperta: valgono i termini della fonte; accesso pubblico non equivale a diritto di ripubblicazione. Codice locale originale CC0; nessuna nuova licenza applicata ai dati.
flussi_etf,2026-10-04,/eth/righe/7/data,"""2026-09-25""",https://farside.co.uk/btc/; https://farside.co.uk/eth/,"""Righe datate fino al giorno richiesto; nel weekend ultima seduta precedente. Importi originali in milioni USD; trattini preservati.""",Licenza dei dati terzi non verificata come aperta: valgono i termini della fonte; accesso pubblico non equivale a diritto di ripubblicazione. Codice locale originale CC0; nessuna nuova licenza applicata ai dati.,,Fonti originali,Licenza dei dati terzi non verificata come aperta: valgono i termini della fonte; accesso pubblico non equivale a diritto di ripubblicazione. Codice locale originale CC0; nessuna nuova licenza applicata ai dati.
flussi_etf,2026-10-04,/eth/righe/7/celle_originali/0,"""25 Sep 2026""",https://farside.co.uk/btc/; https://farside.co.uk/eth/,"""Righe datate fino al giorno richiesto; nel weekend ultima seduta precedente. Importi originali in milioni USD; trattini preservati.""",Licenza dei dati terzi non verificata come aperta: valgono i termini della fonte; accesso pubblico non equivale a diritto di ripubblicazione. Codice locale originale CC0; nessuna nuova licenza applicata ai dati.,,Fonti originali,Licenza dei dati terzi non verificata come aperta: valgono i termini della fonte; accesso pubblico non equivale a diritto di ripubblicazione. Codice locale originale CC0; nessuna nuova licenza applicata ai dati.
flussi_etf,2026-10-04,/eth/righe/7/celle_originali/1,"""50.4""",https://farside.co.uk/btc/; https://farside.co.uk/eth/,"""Righe datate fino al giorno richiesto; nel weekend ultima seduta precedente. Importi originali in milioni USD; trattini preservati.""",Licenza dei dati terzi non verificata come aperta: valgono i termini della fonte; accesso pubblico non equivale a diritto di ripubblicazione. Codice locale originale CC0; nessuna nuova licenza applicata ai dati.,,Fonti originali,Licenza dei dati terzi non verificata come aperta: valgono i termini della fonte; accesso pubblico non equivale a diritto di ripubblicazione. Codice locale originale CC0; nessuna nuova licenza applicata ai dati.
flussi_etf,2026-10-04,/eth/righe/7/celle_originali/2,"""31.9""",https://farside.co.uk/btc/; https://farside.co.uk/eth/,"""Righe datate fino al giorno richiesto; nel weekend ultima seduta precedente. Importi originali in milioni USD; trattini preservati.""",Licenza dei dati terzi non verificata come aperta: valgono i termini della fonte; accesso pubblico non equivale a diritto di ripubblicazione. Codice locale originale CC0; nessuna nuova licenza applicata ai dati.,,Fonti originali,Licenza dei dati terzi non verificata come aperta: valgono i termini della fonte; accesso pubblico non equivale a diritto di ripubblicazione. Codice locale originale CC0; nessuna nuova licenza applicata ai dati.
flussi_etf,2026-10-04,/eth/righe/7/celle_originali/3,"""4.7""",https://farside.co.uk/btc/; https://farside.co.uk/eth/,"""Righe datate fino al giorno richiesto; nel weekend ultima seduta precedente. Importi originali in milioni USD; trattini preservati.""",Licenza dei dati terzi non verificata come aperta: valgono i termini della fonte; accesso pubblico non equivale a diritto di ripubblicazione. Codice locale originale CC0; nessuna nuova licenza applicata ai dati.,,Fonti originali,Licenza dei dati terzi non verificata come aperta: valgono i termini della fonte; accesso pubblico non equivale a diritto di ripubblicazione. Codice locale originale CC0; nessuna nuova licenza applicata ai dati.
flussi_etf,2026-10-04,/eth/righe/7/celle_originali/4,"""0.0""",https://farside.co.uk/btc/; https://farside.co.uk/eth/,"""Righe datate fino al giorno richiesto; nel weekend ultima seduta precedente. Importi originali in milioni USD; trattini preservati.""",Licenza dei dati terzi non verificata come aperta: valgono i termini della fonte; accesso pubblico non equivale a diritto di ripubblicazione. Codice locale originale CC0; nessuna nuova licenza applicata ai dati.,,Fonti originali,Licenza dei dati terzi non verificata come aperta: valgono i termini della fonte; accesso pubblico non equivale a diritto di ripubblicazione. Codice locale originale CC0; nessuna nuova licenza applicata ai dati.
flussi_etf,2026-10-04,/eth/righe/7/celle_originali/5,"""0.0""",https://farside.co.uk/btc/; https://farside.co.uk/eth/,"""Righe datate fino al giorno richiesto; nel weekend ultima seduta precedente. Importi originali in milioni USD; trattini preservati.""",Licenza dei dati terzi non verificata come aperta: valgono i termini della fonte; accesso pubblico non equivale a diritto di ripubblicazione. Codice locale originale CC0; nessuna nuova licenza applicata ai dati.,,Fonti originali,Licenza dei dati terzi non verificata come aperta: valgono i termini della fonte; accesso pubblico non equivale a diritto di ripubblicazione. Codice locale originale CC0; nessuna nuova licenza applicata ai dati.
flussi_etf,2026-10-04,/eth/righe/7/celle_originali/6,"""0.0""",https://farside.co.uk/btc/; https://farside.co.uk/eth/,"""Righe datate fino al giorno richiesto; nel weekend ultima seduta precedente. Importi originali in milioni USD; trattini preservati.""",Licenza dei dati terzi non verificata come aperta: valgono i termini della fonte; accesso pubblico non equivale a diritto di ripubblicazione. Codice locale originale CC0; nessuna nuova licenza applicata ai dati.,,Fonti originali,Licenza dei dati terzi non verificata come aperta: valgono i termini della fonte; accesso pubblico non equivale a diritto di ripubblicazione. Codice locale originale CC0; nessuna nuova licenza applicata ai dati.
flussi_etf,2026-10-04,/eth/righe/7/celle_originali/7,"""0.0""",https://farside.co.uk/btc/; https://farside.co.uk/eth/,"""Righe datate fino al giorno richiesto; nel weekend ultima seduta precedente. Importi originali in milioni USD; trattini preservati.""",Licenza dei dati terzi non verificata come aperta: valgono i termini della fonte; accesso pubblico non equivale a diritto di ripubblicazione. Codice locale originale CC0; nessuna nuova licenza applicata ai dati.,,Fonti originali,Licenza dei dati terzi non verificata come aperta: valgono i termini della fonte; accesso pubblico non equivale a diritto di ripubblicazione. Codice locale originale CC0; nessuna nuova licenza applicata ai dati.
flussi_etf,2026-10-04,/eth/righe/7/celle_originali/8,"""0.0""",https://farside.co.uk/btc/; https://farside.co.uk/eth/,"""Righe datate fino al giorno richiesto; nel weekend ultima seduta precedente. Importi originali in milioni USD; trattini preservati.""",Licenza dei dati terzi non verificata come aperta: valgono i termini della fonte; accesso pubblico non equivale a diritto di ripubblicazione. Codice locale originale CC0; nessuna nuova licenza applicata ai dati.,,Fonti originali,Licenza dei dati terzi non verificata come aperta: valgono i termini della fonte; accesso pubblico non equivale a diritto di ripubblicazione. Codice locale originale CC0; nessuna nuova licenza applicata ai dati.
flussi_etf,2026-10-04,/eth/righe/7/celle_originali/9,"""0.0""",https://farside.co.uk/btc/; https://farside.co.uk/eth/,"""Righe datate fino al giorno richiesto; nel weekend ultima seduta precedente. Importi originali in milioni USD; trattini preservati.""",Licenza dei dati terzi non verificata come aperta: valgono i termini della fonte; accesso pubblico non equivale a diritto di ripubblicazione. Codice locale originale CC0; nessuna nuova licenza applicata ai dati.,,Fonti originali,Licenza dei dati terzi non verificata come aperta: valgono i termini della fonte; accesso pubblico non equivale a diritto di ripubblicazione. Codice locale originale CC0; nessuna nuova licenza applicata ai dati.
flussi_etf,2026-10-04,/eth/righe/7/celle_originali/10,"""0.0""",https://farside.co.uk/btc/; https://farside.co.uk/eth/,"""Righe datate fino al giorno richiesto; nel weekend ultima seduta precedente. Importi originali in milioni USD; trattini preservati.""",Licenza dei dati terzi non verificata come aperta: valgono i termini della fonte; accesso pubblico non equivale a diritto di ripubblicazione. Codice locale originale CC0; nessuna nuova licenza applicata ai dati.,,Fonti originali,Licenza dei dati terzi non verificata come aperta: valgono i termini della fonte; accesso pubblico non equivale a diritto di ripubblicazione. Codice locale originale CC0; nessuna nuova licenza applicata ai dati.
flussi_etf,2026-10-04,/eth/righe/7/celle_originali/11,"""0.0""",https://farside.co.uk/btc/; https://farside.co.uk/eth/,"""Righe datate fino al giorno richiesto; nel weekend ultima seduta precedente. Importi originali in milioni USD; trattini preservati.""",Licenza dei dati terzi non verificata come aperta: valgono i termini della fonte; accesso pubblico non equivale a diritto di ripubblicazione. Codice locale originale CC0; nessuna nuova licenza applicata ai dati.,,Fonti originali,Licenza dei dati terzi non verificata come aperta: valgono i termini della fonte; accesso pubblico non equivale a diritto di ripubblicazione. Codice locale originale CC0; nessuna nuova licenza applicata ai dati.
flussi_etf,2026-10-04,/eth/righe/7/celle_originali/12,"""87.0""",https://farside.co.uk/btc/; https://farside.co.uk/eth/,"""Righe datate fino al giorno richiesto; nel weekend ultima seduta precedente. Importi originali in milioni USD; trattini preservati.""",Licenza dei dati terzi non verificata come aperta: valgono i termini della fonte; accesso pubblico non equivale a diritto di ripubblicazione. Codice locale originale CC0; nessuna nuova licenza applicata ai dati.,,Fonti originali,Licenza dei dati terzi non verificata come aperta: valgono i termini della fonte; accesso pubblico non equivale a diritto di ripubblicazione. Codice locale originale CC0; nessuna nuova licenza applicata ai dati.
flussi_etf,2026-10-04,/eth/righe/8/data,"""2026-09-28""",https://farside.co.uk/btc/; https://farside.co.uk/eth/,"""Righe datate fino al giorno richiesto; nel weekend ultima seduta precedente. Importi originali in milioni USD; trattini preservati.""",Licenza dei dati terzi non verificata come aperta: valgono i termini della fonte; accesso pubblico non equivale a diritto di ripubblicazione. Codice locale originale CC0; nessuna nuova licenza applicata ai dati.,,Fonti originali,Licenza dei dati terzi non verificata come aperta: valgono i termini della fonte; accesso pubblico non equivale a diritto di ripubblicazione. Codice locale originale CC0; nessuna nuova licenza applicata ai dati.
flussi_etf,2026-10-04,/eth/righe/8/celle_originali/0,"""28 Sep 2026""",https://farside.co.uk/btc/; https://farside.co.uk/eth/,"""Righe datate fino al giorno richiesto; nel weekend ultima seduta precedente. Importi originali in milioni USD; trattini preservati.""",Licenza dei dati terzi non verificata come aperta: valgono i termini della fonte; accesso pubblico non equivale a diritto di ripubblicazione. Codice locale originale CC0; nessuna nuova licenza applicata ai dati.,,Fonti originali,Licenza dei dati terzi non verificata come aperta: valgono i termini della fonte; accesso pubblico non equivale a diritto di ripubblicazione. Codice locale originale CC0; nessuna nuova licenza applicata ai dati.
flussi_etf,2026-10-04,/eth/righe/8/celle_originali/1,"""15.4""",https://farside.co.uk/btc/; https://farside.co.uk/eth/,"""Righe datate fino al giorno richiesto; nel weekend ultima seduta precedente. Importi originali in milioni USD; trattini preservati.""",Licenza dei dati terzi non verificata come aperta: valgono i termini della fonte; accesso pubblico non equivale a diritto di ripubblicazione. Codice locale originale CC0; nessuna nuova licenza applicata ai dati.,,Fonti originali,Licenza dei dati terzi non verificata come aperta: valgono i termini della fonte; accesso pubblico non equivale a diritto di ripubblicazione. Codice locale originale CC0; nessuna nuova licenza applicata ai dati.
flussi_etf,2026-10-04,/eth/righe/8/celle_originali/2,"""0.0""",https://farside.co.uk/btc/; https://farside.co.uk/eth/,"""Righe datate fino al giorno richiesto; nel weekend ultima seduta precedente. Importi originali in milioni USD; trattini preservati.""",Licenza dei dati terzi non verificata come aperta: valgono i termini della fonte; accesso pubblico non equivale a diritto di ripubblicazione. Codice locale originale CC0; nessuna nuova licenza applicata ai dati.,,Fonti originali,Licenza dei dati terzi non verificata come aperta: valgono i termini della fonte; accesso pubblico non equivale a diritto di ripubblicazione. Codice locale originale CC0; nessuna nuova licenza applicata ai dati.
flussi_etf,2026-10-04,/eth/righe/8/celle_originali/3,"""0.0""",https://farside.co.uk/btc/; https://farside.co.uk/eth/,"""Righe datate fino al giorno richiesto; nel weekend ultima seduta precedente. Importi originali in milioni USD; trattini preservati.""",Licenza dei dati terzi non verificata come aperta: valgono i termini della fonte; accesso pubblico non equivale a diritto di ripubblicazione. Codice locale originale CC0; nessuna nuova licenza applicata ai dati.,,Fonti originali,Licenza dei dati terzi non verificata come aperta: valgono i termini della fonte; accesso pubblico non equivale a diritto di ripubblicazione. Codice locale originale CC0; nessuna nuova licenza applicata ai dati.
flussi_etf,2026-10-04,/eth/righe/8/celle_originali/4,"""0.0""",https://farside.co.uk/btc/; https://farside.co.uk/eth/,"""Righe datate fino al giorno richiesto; nel weekend ultima seduta precedente. Importi originali in milioni USD; trattini preservati.""",Licenza dei dati terzi non verificata come aperta: valgono i termini della fonte; accesso pubblico non equivale a diritto di ripubblicazione. Codice locale originale CC0; nessuna nuova licenza applicata ai dati.,,Fonti originali,Licenza dei dati terzi non verificata come aperta: valgono i termini della fonte; accesso pubblico non equivale a diritto di ripubblicazione. Codice locale originale CC0; nessuna nuova licenza applicata ai dati.
flussi_etf,2026-10-04,/eth/righe/8/celle_originali/5,"""1.7""",https://farside.co.uk/btc/; https://farside.co.uk/eth/,"""Righe datate fino al giorno richiesto; nel weekend ultima seduta precedente. Importi originali in milioni USD; trattini preservati.""",Licenza dei dati terzi non verificata come aperta: valgono i termini della fonte; accesso pubblico non equivale a diritto di ripubblicazione. Codice locale originale CC0; nessuna nuova licenza applicata ai dati.,,Fonti originali,Licenza dei dati terzi non verificata come aperta: valgono i termini della fonte; accesso pubblico non equivale a diritto di ripubblicazione. Codice locale originale CC0; nessuna nuova licenza applicata ai dati.
flussi_etf,2026-10-04,/eth/righe/8/celle_originali/6,"""0.0""",https://farside.co.uk/btc/; https://farside.co.uk/eth/,"""Righe datate fino al giorno richiesto; nel weekend ultima seduta precedente. Importi originali in milioni USD; trattini preservati.""",Licenza dei dati terzi non verificata come aperta: valgono i termini della fonte; accesso pubblico non equivale a diritto di ripubblicazione. Codice locale originale CC0; nessuna nuova licenza applicata ai dati.,,Fonti originali,Licenza dei dati terzi non verificata come aperta: valgono i termini della fonte; accesso pubblico non equivale a diritto di ripubblicazione. Codice locale originale CC0; nessuna nuova licenza applicata ai dati.
flussi_etf,2026-10-04,/eth/righe/8/celle_originali/7,"""0.0""",https://farside.co.uk/btc/; https://farside.co.uk/eth/,"""Righe datate fino al giorno richiesto; nel weekend ultima seduta precedente. Importi originali in milioni USD; trattini preservati.""",Licenza dei dati terzi non verificata come aperta: valgono i termini della fonte; accesso pubblico non equivale a diritto di ripubblicazione. Codice locale originale CC0; nessuna nuova licenza applicata ai dati.,,Fonti originali,Licenza dei dati terzi non verificata come aperta: valgono i termini della fonte; accesso pubblico non equivale a diritto di ripubblicazione. Codice locale originale CC0; nessuna nuova licenza applicata ai dati.
flussi_etf,2026-10-04,/eth/righe/8/celle_originali/8,"""0.0""",https://farside.co.uk/btc/; https://farside.co.uk/eth/,"""Righe datate fino al giorno richiesto; nel weekend ultima seduta precedente. Importi originali in milioni USD; trattini preservati.""",Licenza dei dati terzi non verificata come aperta: valgono i termini della fonte; accesso pubblico non equivale a diritto di ripubblicazione. Codice locale originale CC0; nessuna nuova licenza applicata ai dati.,,Fonti originali,Licenza dei dati terzi non verificata come aperta: valgono i termini della fonte; accesso pubblico non equivale a diritto di ripubblicazione. Codice locale originale CC0; nessuna nuova licenza applicata ai dati.
flussi_etf,2026-10-04,/eth/righe/8/celle_originali/9,"""0.0""",https://farside.co.uk/btc/; https://farside.co.uk/eth/,"""Righe datate fino al giorno richiesto; nel weekend ultima seduta precedente. Importi originali in milioni USD; trattini preservati.""",Licenza dei dati terzi non verificata come aperta: valgono i termini della fonte; accesso pubblico non equivale a diritto di ripubblicazione. Codice locale originale CC0; nessuna nuova licenza applicata ai dati.,,Fonti originali,Licenza dei dati terzi non verificata come aperta: valgono i termini della fonte; accesso pubblico non equivale a diritto di ripubblicazione. Codice locale originale CC0; nessuna nuova licenza applicata ai dati.
flussi_etf,2026-10-04,/eth/righe/8/celle_originali/10,"""0.0""",https://farside.co.uk/btc/; https://farside.co.uk/eth/,"""Righe datate fino al giorno richiesto; nel weekend ultima seduta precedente. Importi originali in milioni USD; trattini preservati.""",Licenza dei dati terzi non verificata come aperta: valgono i termini della fonte; accesso pubblico non equivale a diritto di ripubblicazione. Codice locale originale CC0; nessuna nuova licenza applicata ai dati.,,Fonti originali,Licenza dei dati terzi non verificata come aperta: valgono i termini della fonte; accesso pubblico non equivale a diritto di ripubblicazione. Codice locale originale CC0; nessuna nuova licenza applicata ai dati.
flussi_etf,2026-10-04,/eth/righe/8/celle_originali/11,"""0.0""",https://farside.co.uk/btc/; https://farside.co.uk/eth/,"""Righe datate fino al giorno richiesto; nel weekend ultima seduta precedente. Importi originali in milioni USD; trattini preservati.""",Licenza dei dati terzi non verificata come aperta: valgono i termini della fonte; accesso pubblico non equivale a diritto di ripubblicazione. Codice locale originale CC0; nessuna nuova licenza applicata ai dati.,,Fonti originali,Licenza dei dati terzi non verificata come aperta: valgono i termini della fonte; accesso pubblico non equivale a diritto di ripubblicazione. Codice locale originale CC0; nessuna nuova licenza applicata ai dati.
flussi_etf,2026-10-04,/eth/righe/8/celle_originali/12,"""17.1""",https://farside.co.uk/btc/; https://farside.co.uk/eth/,"""Righe datate fino al giorno richiesto; nel weekend ultima seduta precedente. Importi originali in milioni USD; trattini preservati.""",Licenza dei dati terzi non verificata come aperta: valgono i termini della fonte; accesso pubblico non equivale a diritto di ripubblicazione. Codice locale originale CC0; nessuna nuova licenza applicata ai dati.,,Fonti originali,Licenza dei dati terzi non verificata come aperta: valgono i termini della fonte; accesso pubblico non equivale a diritto di ripubblicazione. Codice locale originale CC0; nessuna nuova licenza applicata ai dati.
flussi_etf,2026-10-04,/eth/righe/9/data,"""2026-09-29""",https://farside.co.uk/btc/; https://farside.co.uk/eth/,"""Righe datate fino al giorno richiesto; nel weekend ultima seduta precedente. Importi originali in milioni USD; trattini preservati.""",Licenza dei dati terzi non verificata come aperta: valgono i termini della fonte; accesso pubblico non equivale a diritto di ripubblicazione. Codice locale originale CC0; nessuna nuova licenza applicata ai dati.,,Fonti originali,Licenza dei dati terzi non verificata come aperta: valgono i termini della fonte; accesso pubblico non equivale a diritto di ripubblicazione. Codice locale originale CC0; nessuna nuova licenza applicata ai dati.
flussi_etf,2026-10-04,/eth/righe/9/celle_originali/0,"""29 Sep 2026""",https://farside.co.uk/btc/; https://farside.co.uk/eth/,"""Righe datate fino al giorno richiesto; nel weekend ultima seduta precedente. Importi originali in milioni USD; trattini preservati.""",Licenza dei dati terzi non verificata come aperta: valgono i termini della fonte; accesso pubblico non equivale a diritto di ripubblicazione. Codice locale originale CC0; nessuna nuova licenza applicata ai dati.,,Fonti originali,Licenza dei dati terzi non verificata come aperta: valgono i termini della fonte; accesso pubblico non equivale a diritto di ripubblicazione. Codice locale originale CC0; nessuna nuova licenza applicata ai dati.
flussi_etf,2026-10-04,/eth/righe/9/celle_originali/1,"""(8.9)""",https://farside.co.uk/btc/; https://farside.co.uk/eth/,"""Righe datate fino al giorno richiesto; nel weekend ultima seduta precedente. Importi originali in milioni USD; trattini preservati.""",Licenza dei dati terzi non verificata come aperta: valgono i termini della fonte; accesso pubblico non equivale a diritto di ripubblicazione. Codice locale originale CC0; nessuna nuova licenza applicata ai dati.,,Fonti originali,Licenza dei dati terzi non verificata come aperta: valgono i termini della fonte; accesso pubblico non equivale a diritto di ripubblicazione. Codice locale originale CC0; nessuna nuova licenza applicata ai dati.
flussi_etf,2026-10-04,/eth/righe/9/celle_originali/2,"""0.0""",https://farside.co.uk/btc/; https://farside.co.uk/eth/,"""Righe datate fino al giorno richiesto; nel weekend ultima seduta precedente. Importi originali in milioni USD; trattini preservati.""",Licenza dei dati terzi non verificata come aperta: valgono i termini della fonte; accesso pubblico non equivale a diritto di ripubblicazione. Codice locale originale CC0; nessuna nuova licenza applicata ai dati.,,Fonti originali,Licenza dei dati terzi non verificata come aperta: valgono i termini della fonte; accesso pubblico non equivale a diritto di ripubblicazione. Codice locale originale CC0; nessuna nuova licenza applicata ai dati.
flussi_etf,2026-10-04,/eth/righe/9/celle_originali/3,"""(6.7)""",https://farside.co.uk/btc/; https://farside.co.uk/eth/,"""Righe datate fino al giorno richiesto; nel weekend ultima seduta precedente. Importi originali in milioni USD; trattini preservati.""",Licenza dei dati terzi non verificata come aperta: valgono i termini della fonte; accesso pubblico non equivale a diritto di ripubblicazione. Codice locale originale CC0; nessuna nuova licenza applicata ai dati.,,Fonti originali,Licenza dei dati terzi non verificata come aperta: valgono i termini della fonte; accesso pubblico non equivale a diritto di ripubblicazione. Codice locale originale CC0; nessuna nuova licenza applicata ai dati.
flussi_etf,2026-10-04,/eth/righe/9/celle_originali/4,"""0.0""",https://farside.co.uk/btc/; https://farside.co.uk/eth/,"""Righe datate fino al giorno richiesto; nel weekend ultima seduta precedente. Importi originali in milioni USD; trattini preservati.""",Licenza dei dati terzi non verificata come aperta: valgono i termini della fonte; accesso pubblico non equivale a diritto di ripubblicazione. Codice locale originale CC0; nessuna nuova licenza applicata ai dati.,,Fonti originali,Licenza dei dati terzi non verificata come aperta: valgono i termini della fonte; accesso pubblico non equivale a diritto di ripubblicazione. Codice locale originale CC0; nessuna nuova licenza applicata ai dati.
flussi_etf,2026-10-04,/eth/righe/9/celle_originali/5,"""0.0""",https://farside.co.uk/btc/; https://farside.co.uk/eth/,"""Righe datate fino al giorno richiesto; nel weekend ultima seduta precedente. Importi originali in milioni USD; trattini preservati.""",Licenza dei dati terzi non verificata come aperta: valgono i termini della fonte; accesso pubblico non equivale a diritto di ripubblicazione. Codice locale originale CC0; nessuna nuova licenza applicata ai dati.,,Fonti originali,Licenza dei dati terzi non verificata come aperta: valgono i termini della fonte; accesso pubblico non equivale a diritto di ripubblicazione. Codice locale originale CC0; nessuna nuova licenza applicata ai dati.
flussi_etf,2026-10-04,/eth/righe/9/celle_originali/6,"""0.0""",https://farside.co.uk/btc/; https://farside.co.uk/eth/,"""Righe datate fino al giorno richiesto; nel weekend ultima seduta precedente. Importi originali in milioni USD; trattini preservati.""",Licenza dei dati terzi non verificata come aperta: valgono i termini della fonte; accesso pubblico non equivale a diritto di ripubblicazione. Codice locale originale CC0; nessuna nuova licenza applicata ai dati.,,Fonti originali,Licenza dei dati terzi non verificata come aperta: valgono i termini della fonte; accesso pubblico non equivale a diritto di ripubblicazione. Codice locale originale CC0; nessuna nuova licenza applicata ai dati.
flussi_etf,2026-10-04,/eth/righe/9/celle_originali/7,"""0.0""",https://farside.co.uk/btc/; https://farside.co.uk/eth/,"""Righe datate fino al giorno richiesto; nel weekend ultima seduta precedente. Importi originali in milioni USD; trattini preservati.""",Licenza dei dati terzi non verificata come aperta: valgono i termini della fonte; accesso pubblico non equivale a diritto di ripubblicazione. Codice locale originale CC0; nessuna nuova licenza applicata ai dati.,,Fonti originali,Licenza dei dati terzi non verificata come aperta: valgono i termini della fonte; accesso pubblico non equivale a diritto di ripubblicazione. Codice locale originale CC0; nessuna nuova licenza applicata ai dati.
flussi_etf,2026-10-04,/eth/righe/9/celle_originali/8,"""0.0""",https://farside.co.uk/btc/; https://farside.co.uk/eth/,"""Righe datate fino al giorno richiesto; nel weekend ultima seduta precedente. Importi originali in milioni USD; trattini preservati.""",Licenza dei dati terzi non verificata come aperta: valgono i termini della fonte; accesso pubblico non equivale a diritto di ripubblicazione. Codice locale originale CC0; nessuna nuova licenza applicata ai dati.,,Fonti originali,Licenza dei dati terzi non verificata come aperta: valgono i termini della fonte; accesso pubblico non equivale a diritto di ripubblicazione. Codice locale originale CC0; nessuna nuova licenza applicata ai dati.
flussi_etf,2026-10-04,/eth/righe/9/celle_originali/9,"""0.0""",https://farside.co.uk/btc/; https://farside.co.uk/eth/,"""Righe datate fino al giorno richiesto; nel weekend ultima seduta precedente. Importi originali in milioni USD; trattini preservati.""",Licenza dei dati terzi non verificata come aperta: valgono i termini della fonte; accesso pubblico non equivale a diritto di ripubblicazione. Codice locale originale CC0; nessuna nuova licenza applicata ai dati.,,Fonti originali,Licenza dei dati terzi non verificata come aperta: valgono i termini della fonte; accesso pubblico non equivale a diritto di ripubblicazione. Codice locale originale CC0; nessuna nuova licenza applicata ai dati.
flussi_etf,2026-10-04,/eth/righe/9/celle_originali/10,"""0.0""",https://farside.co.uk/btc/; https://farside.co.uk/eth/,"""Righe datate fino al giorno richiesto; nel weekend ultima seduta precedente. Importi originali in milioni USD; trattini preservati.""",Licenza dei dati terzi non verificata come aperta: valgono i termini della fonte; accesso pubblico non equivale a diritto di ripubblicazione. Codice locale originale CC0; nessuna nuova licenza applicata ai dati.,,Fonti originali,Licenza dei dati terzi non verificata come aperta: valgono i termini della fonte; accesso pubblico non equivale a diritto di ripubblicazione. Codice locale originale CC0; nessuna nuova licenza applicata ai dati.
flussi_etf,2026-10-04,/eth/righe/9/celle_originali/11,"""12.8""",https://farside.co.uk/btc/; https://farside.co.uk/eth/,"""Righe datate fino al giorno richiesto; nel weekend ultima seduta precedente. Importi originali in milioni USD; trattini preservati.""",Licenza dei dati terzi non verificata come aperta: valgono i termini della fonte; accesso pubblico non equivale a diritto di ripubblicazione. Codice locale originale CC0; nessuna nuova licenza applicata ai dati.,,Fonti originali,Licenza dei dati terzi non verificata come aperta: valgono i termini della fonte; accesso pubblico non equivale a diritto di ripubblicazione. Codice locale originale CC0; nessuna nuova licenza applicata ai dati.
flussi_etf,2026-10-04,/eth/righe/9/celle_originali/12,"""(2.8)""",https://farside.co.uk/btc/; https://farside.co.uk/eth/,"""Righe datate fino al giorno richiesto; nel weekend ultima seduta precedente. Importi originali in milioni USD; trattini preservati.""",Licenza dei dati terzi non verificata come aperta: valgono i termini della fonte; accesso pubblico non equivale a diritto di ripubblicazione. Codice locale originale CC0; nessuna nuova licenza applicata ai dati.,,Fonti originali,Licenza dei dati terzi non verificata come aperta: valgono i termini della fonte; accesso pubblico non equivale a diritto di ripubblicazione. Codice locale originale CC0; nessuna nuova licenza applicata ai dati.
flussi_etf,2026-10-04,/eth/righe/10/data,"""2026-09-30""",https://farside.co.uk/btc/; https://farside.co.uk/eth/,"""Righe datate fino al giorno richiesto; nel weekend ultima seduta precedente. Importi originali in milioni USD; trattini preservati.""",Licenza dei dati terzi non verificata come aperta: valgono i termini della fonte; accesso pubblico non equivale a diritto di ripubblicazione. Codice locale originale CC0; nessuna nuova licenza applicata ai dati.,,Fonti originali,Licenza dei dati terzi non verificata come aperta: valgono i termini della fonte; accesso pubblico non equivale a diritto di ripubblicazione. Codice locale originale CC0; nessuna nuova licenza applicata ai dati.
flussi_etf,2026-10-04,/eth/righe/10/celle_originali/0,"""30 Sep 2026""",https://farside.co.uk/btc/; https://farside.co.uk/eth/,"""Righe datate fino al giorno richiesto; nel weekend ultima seduta precedente. Importi originali in milioni USD; trattini preservati.""",Licenza dei dati terzi non verificata come aperta: valgono i termini della fonte; accesso pubblico non equivale a diritto di ripubblicazione. Codice locale originale CC0; nessuna nuova licenza applicata ai dati.,,Fonti originali,Licenza dei dati terzi non verificata come aperta: valgono i termini della fonte; accesso pubblico non equivale a diritto di ripubblicazione. Codice locale originale CC0; nessuna nuova licenza applicata ai dati.
flussi_etf,2026-10-04,/eth/righe/10/celle_originali/1,"""0.0""",https://farside.co.uk/btc/; https://farside.co.uk/eth/,"""Righe datate fino al giorno richiesto; nel weekend ultima seduta precedente. Importi originali in milioni USD; trattini preservati.""",Licenza dei dati terzi non verificata come aperta: valgono i termini della fonte; accesso pubblico non equivale a diritto di ripubblicazione. Codice locale originale CC0; nessuna nuova licenza applicata ai dati.,,Fonti originali,Licenza dei dati terzi non verificata come aperta: valgono i termini della fonte; accesso pubblico non equivale a diritto di ripubblicazione. Codice locale originale CC0; nessuna nuova licenza applicata ai dati.
flussi_etf,2026-10-04,/eth/righe/10/celle_originali/2,"""0.0""",https://farside.co.uk/btc/; https://farside.co.uk/eth/,"""Righe datate fino al giorno richiesto; nel weekend ultima seduta precedente. Importi originali in milioni USD; trattini preservati.""",Licenza dei dati terzi non verificata come aperta: valgono i termini della fonte; accesso pubblico non equivale a diritto di ripubblicazione. Codice locale originale CC0; nessuna nuova licenza applicata ai dati.,,Fonti originali,Licenza dei dati terzi non verificata come aperta: valgono i termini della fonte; accesso pubblico non equivale a diritto di ripubblicazione. Codice locale originale CC0; nessuna nuova licenza applicata ai dati.
flussi_etf,2026-10-04,/eth/righe/10/celle_originali/3,"""(26.6)""",https://farside.co.uk/btc/; https://farside.co.uk/eth/,"""Righe datate fino al giorno richiesto; nel weekend ultima seduta precedente. Importi originali in milioni USD; trattini preservati.""",Licenza dei dati terzi non verificata come aperta: valgono i termini della fonte; accesso pubblico non equivale a diritto di ripubblicazione. Codice locale originale CC0; nessuna nuova licenza applicata ai dati.,,Fonti originali,Licenza dei dati terzi non verificata come aperta: valgono i termini della fonte; accesso pubblico non equivale a diritto di ripubblicazione. Codice locale originale CC0; nessuna nuova licenza applicata ai dati.
flussi_etf,2026-10-04,/eth/righe/10/celle_originali/4,"""0.0""",https://farside.co.uk/btc/; https://farside.co.uk/eth/,"""Righe datate fino al giorno richiesto; nel weekend ultima seduta precedente. Importi originali in milioni USD; trattini preservati.""",Licenza dei dati terzi non verificata come aperta: valgono i termini della fonte; accesso pubblico non equivale a diritto di ripubblicazione. Codice locale originale CC0; nessuna nuova licenza applicata ai dati.,,Fonti originali,Licenza dei dati terzi non verificata come aperta: valgono i termini della fonte; accesso pubblico non equivale a diritto di ripubblicazione. Codice locale originale CC0; nessuna nuova licenza applicata ai dati.
flussi_etf,2026-10-04,/eth/righe/10/celle_originali/5,"""0.0""",https://farside.co.uk/btc/; https://farside.co.uk/eth/,"""Righe datate fino al giorno richiesto; nel weekend ultima seduta precedente. Importi originali in milioni USD; trattini preservati.""",Licenza dei dati terzi non verificata come aperta: valgono i termini della fonte; accesso pubblico non equivale a diritto di ripubblicazione. Codice locale originale CC0; nessuna nuova licenza applicata ai dati.,,Fonti originali,Licenza dei dati terzi non verificata come aperta: valgono i termini della fonte; accesso pubblico non equivale a diritto di ripubblicazione. Codice locale originale CC0; nessuna nuova licenza applicata ai dati.
flussi_etf,2026-10-04,/eth/righe/10/celle_originali/6,"""0.0""",https://farside.co.uk/btc/; https://farside.co.uk/eth/,"""Righe datate fino al giorno richiesto; nel weekend ultima seduta precedente. Importi originali in milioni USD; trattini preservati.""",Licenza dei dati terzi non verificata come aperta: valgono i termini della fonte; accesso pubblico non equivale a diritto di ripubblicazione. Codice locale originale CC0; nessuna nuova licenza applicata ai dati.,,Fonti originali,Licenza dei dati terzi non verificata come aperta: valgono i termini della fonte; accesso pubblico non equivale a diritto di ripubblicazione. Codice locale originale CC0; nessuna nuova licenza applicata ai dati.
flussi_etf,2026-10-04,/eth/righe/10/celle_originali/7,"""0.0""",https://farside.co.uk/btc/; https://farside.co.uk/eth/,"""Righe datate fino al giorno richiesto; nel weekend ultima seduta precedente. Importi originali in milioni USD; trattini preservati.""",Licenza dei dati terzi non verificata come aperta: valgono i termini della fonte; accesso pubblico non equivale a diritto di ripubblicazione. Codice locale originale CC0; nessuna nuova licenza applicata ai dati.,,Fonti originali,Licenza dei dati terzi non verificata come aperta: valgono i termini della fonte; accesso pubblico non equivale a diritto di ripubblicazione. Codice locale originale CC0; nessuna nuova licenza applicata ai dati.
flussi_etf,2026-10-04,/eth/righe/10/celle_originali/8,"""0.0""",https://farside.co.uk/btc/; https://farside.co.uk/eth/,"""Righe datate fino al giorno richiesto; nel weekend ultima seduta precedente. Importi originali in milioni USD; trattini preservati.""",Licenza dei dati terzi non verificata come aperta: valgono i termini della fonte; accesso pubblico non equivale a diritto di ripubblicazione. Codice locale originale CC0; nessuna nuova licenza applicata ai dati.,,Fonti originali,Licenza dei dati terzi non verificata come aperta: valgono i termini della fonte; accesso pubblico non equivale a diritto di ripubblicazione. Codice locale originale CC0; nessuna nuova licenza applicata ai dati.
flussi_etf,2026-10-04,/eth/righe/10/celle_originali/9,"""0.0""",https://farside.co.uk/btc/; https://farside.co.uk/eth/,"""Righe datate fino al giorno richiesto; nel weekend ultima seduta precedente. Importi originali in milioni USD; trattini preservati.""",Licenza dei dati terzi non verificata come aperta: valgono i termini della fonte; accesso pubblico non equivale a diritto di ripubblicazione. Codice locale originale CC0; nessuna nuova licenza applicata ai dati.,,Fonti originali,Licenza dei dati terzi non verificata come aperta: valgono i termini della fonte; accesso pubblico non equivale a diritto di ripubblicazione. Codice locale originale CC0; nessuna nuova licenza applicata ai dati.
flussi_etf,2026-10-04,/eth/righe/10/celle_originali/10,"""(7.5)""",https://farside.co.uk/btc/; https://farside.co.uk/eth/,"""Righe datate fino al giorno richiesto; nel weekend ultima seduta precedente. Importi originali in milioni USD; trattini preservati.""",Licenza dei dati terzi non verificata come aperta: valgono i termini della fonte; accesso pubblico non equivale a diritto di ripubblicazione. Codice locale originale CC0; nessuna nuova licenza applicata ai dati.,,Fonti originali,Licenza dei dati terzi non verificata come aperta: valgono i termini della fonte; accesso pubblico non equivale a diritto di ripubblicazione. Codice locale originale CC0; nessuna nuova licenza applicata ai dati.
flussi_etf,2026-10-04,/eth/righe/10/celle_originali/11,"""(25.5)""",https://farside.co.uk/btc/; https://farside.co.uk/eth/,"""Righe datate fino al giorno richiesto; nel weekend ultima seduta precedente. Importi originali in milioni USD; trattini preservati.""",Licenza dei dati terzi non verificata come aperta: valgono i termini della fonte; accesso pubblico non equivale a diritto di ripubblicazione. Codice locale originale CC0; nessuna nuova licenza applicata ai dati.,,Fonti originali,Licenza dei dati terzi non verificata come aperta: valgono i termini della fonte; accesso pubblico non equivale a diritto di ripubblicazione. Codice locale originale CC0; nessuna nuova licenza applicata ai dati.
flussi_etf,2026-10-04,/eth/righe/10/celle_originali/12,"""(59.6)""",https://farside.co.uk/btc/; https://farside.co.uk/eth/,"""Righe datate fino al giorno richiesto; nel weekend ultima seduta precedente. Importi originali in milioni USD; trattini preservati.""",Licenza dei dati terzi non verificata come aperta: valgono i termini della fonte; accesso pubblico non equivale a diritto di ripubblicazione. Codice locale originale CC0; nessuna nuova licenza applicata ai dati.,,Fonti originali,Licenza dei dati terzi non verificata come aperta: valgono i termini della fonte; accesso pubblico non equivale a diritto di ripubblicazione. Codice locale originale CC0; nessuna nuova licenza applicata ai dati.
flussi_etf,2026-10-04,/eth/righe/11/data,"""2026-10-01""",https://farside.co.uk/btc/; https://farside.co.uk/eth/,"""Righe datate fino al giorno richiesto; nel weekend ultima seduta precedente. Importi originali in milioni USD; trattini preservati.""",Licenza dei dati terzi non verificata come aperta: valgono i termini della fonte; accesso pubblico non equivale a diritto di ripubblicazione. Codice locale originale CC0; nessuna nuova licenza applicata ai dati.,,Fonti originali,Licenza dei dati terzi non verificata come aperta: valgono i termini della fonte; accesso pubblico non equivale a diritto di ripubblicazione. Codice locale originale CC0; nessuna nuova licenza applicata ai dati.
flussi_etf,2026-10-04,/eth/righe/11/celle_originali/0,"""01 Oct 2026""",https://farside.co.uk/btc/; https://farside.co.uk/eth/,"""Righe datate fino al giorno richiesto; nel weekend ultima seduta precedente. Importi originali in milioni USD; trattini preservati.""",Licenza dei dati terzi non verificata come aperta: valgono i termini della fonte; accesso pubblico non equivale a diritto di ripubblicazione. Codice locale originale CC0; nessuna nuova licenza applicata ai dati.,,Fonti originali,Licenza dei dati terzi non verificata come aperta: valgono i termini della fonte; accesso pubblico non equivale a diritto di ripubblicazione. Codice locale originale CC0; nessuna nuova licenza applicata ai dati.
flussi_etf,2026-10-04,/eth/righe/11/celle_originali/1,"""0.0""",https://farside.co.uk/btc/; https://farside.co.uk/eth/,"""Righe datate fino al giorno richiesto; nel weekend ultima seduta precedente. Importi originali in milioni USD; trattini preservati.""",Licenza dei dati terzi non verificata come aperta: valgono i termini della fonte; accesso pubblico non equivale a diritto di ripubblicazione. Codice locale originale CC0; nessuna nuova licenza applicata ai dati.,,Fonti originali,Licenza dei dati terzi non verificata come aperta: valgono i termini della fonte; accesso pubblico non equivale a diritto di ripubblicazione. Codice locale originale CC0; nessuna nuova licenza applicata ai dati.
flussi_etf,2026-10-04,/eth/righe/11/celle_originali/2,"""0.0""",https://farside.co.uk/btc/; https://farside.co.uk/eth/,"""Righe datate fino al giorno richiesto; nel weekend ultima seduta precedente. Importi originali in milioni USD; trattini preservati.""",Licenza dei dati terzi non verificata come aperta: valgono i termini della fonte; accesso pubblico non equivale a diritto di ripubblicazione. Codice locale originale CC0; nessuna nuova licenza applicata ai dati.,,Fonti originali,Licenza dei dati terzi non verificata come aperta: valgono i termini della fonte; accesso pubblico non equivale a diritto di ripubblicazione. Codice locale originale CC0; nessuna nuova licenza applicata ai dati.
flussi_etf,2026-10-04,/eth/righe/11/celle_originali/3,"""(23.5)""",https://farside.co.uk/btc/; https://farside.co.uk/eth/,"""Righe datate fino al giorno richiesto; nel weekend ultima seduta precedente. Importi originali in milioni USD; trattini preservati.""",Licenza dei dati terzi non verificata come aperta: valgono i termini della fonte; accesso pubblico non equivale a diritto di ripubblicazione. Codice locale originale CC0; nessuna nuova licenza applicata ai dati.,,Fonti originali,Licenza dei dati terzi non verificata come aperta: valgono i termini della fonte; accesso pubblico non equivale a diritto di ripubblicazione. Codice locale originale CC0; nessuna nuova licenza applicata ai dati.
flussi_etf,2026-10-04,/eth/righe/11/celle_originali/4,"""0.0""",https://farside.co.uk/btc/; https://farside.co.uk/eth/,"""Righe datate fino al giorno richiesto; nel weekend ultima seduta precedente. Importi originali in milioni USD; trattini preservati.""",Licenza dei dati terzi non verificata come aperta: valgono i termini della fonte; accesso pubblico non equivale a diritto di ripubblicazione. Codice locale originale CC0; nessuna nuova licenza applicata ai dati.,,Fonti originali,Licenza dei dati terzi non verificata come aperta: valgono i termini della fonte; accesso pubblico non equivale a diritto di ripubblicazione. Codice locale originale CC0; nessuna nuova licenza applicata ai dati.
flussi_etf,2026-10-04,/eth/righe/11/celle_originali/5,"""0.0""",https://farside.co.uk/btc/; https://farside.co.uk/eth/,"""Righe datate fino al giorno richiesto; nel weekend ultima seduta precedente. Importi originali in milioni USD; trattini preservati.""",Licenza dei dati terzi non verificata come aperta: valgono i termini della fonte; accesso pubblico non equivale a diritto di ripubblicazione. Codice locale originale CC0; nessuna nuova licenza applicata ai dati.,,Fonti originali,Licenza dei dati terzi non verificata come aperta: valgono i termini della fonte; accesso pubblico non equivale a diritto di ripubblicazione. Codice locale originale CC0; nessuna nuova licenza applicata ai dati.
flussi_etf,2026-10-04,/eth/righe/11/celle_originali/6,"""(6.9)""",https://farside.co.uk/btc/; https://farside.co.uk/eth/,"""Righe datate fino al giorno richiesto; nel weekend ultima seduta precedente. Importi originali in milioni USD; trattini preservati.""",Licenza dei dati terzi non verificata come aperta: valgono i termini della fonte; accesso pubblico non equivale a diritto di ripubblicazione. Codice locale originale CC0; nessuna nuova licenza applicata ai dati.,,Fonti originali,Licenza dei dati terzi non verificata come aperta: valgono i termini della fonte; accesso pubblico non equivale a diritto di ripubblicazione. Codice locale originale CC0; nessuna nuova licenza applicata ai dati.
flussi_etf,2026-10-04,/eth/righe/11/celle_originali/7,"""0.0""",https://farside.co.uk/btc/; https://farside.co.uk/eth/,"""Righe datate fino al giorno richiesto; nel weekend ultima seduta precedente. Importi originali in milioni USD; trattini preservati.""",Licenza dei dati terzi non verificata come aperta: valgono i termini della fonte; accesso pubblico non equivale a diritto di ripubblicazione. Codice locale originale CC0; nessuna nuova licenza applicata ai dati.,,Fonti originali,Licenza dei dati terzi non verificata come aperta: valgono i termini della fonte; accesso pubblico non equivale a diritto di ripubblicazione. Codice locale originale CC0; nessuna nuova licenza applicata ai dati.
flussi_etf,2026-10-04,/eth/righe/11/celle_originali/8,"""(6.1)""",https://farside.co.uk/btc/; https://farside.co.uk/eth/,"""Righe datate fino al giorno richiesto; nel weekend ultima seduta precedente. Importi originali in milioni USD; trattini preservati.""",Licenza dei dati terzi non verificata come aperta: valgono i termini della fonte; accesso pubblico non equivale a diritto di ripubblicazione. Codice locale originale CC0; nessuna nuova licenza applicata ai dati.,,Fonti originali,Licenza dei dati terzi non verificata come aperta: valgono i termini della fonte; accesso pubblico non equivale a diritto di ripubblicazione. Codice locale originale CC0; nessuna nuova licenza applicata ai dati.
flussi_etf,2026-10-04,/eth/righe/11/celle_originali/9,"""0.0""",https://farside.co.uk/btc/; https://farside.co.uk/eth/,"""Righe datate fino al giorno richiesto; nel weekend ultima seduta precedente. Importi originali in milioni USD; trattini preservati.""",Licenza dei dati terzi non verificata come aperta: valgono i termini della fonte; accesso pubblico non equivale a diritto di ripubblicazione. Codice locale originale CC0; nessuna nuova licenza applicata ai dati.,,Fonti originali,Licenza dei dati terzi non verificata come aperta: valgono i termini della fonte; accesso pubblico non equivale a diritto di ripubblicazione. Codice locale originale CC0; nessuna nuova licenza applicata ai dati.
flussi_etf,2026-10-04,/eth/righe/11/celle_originali/10,"""(20.4)""",https://farside.co.uk/btc/; https://farside.co.uk/eth/,"""Righe datate fino al giorno richiesto; nel weekend ultima seduta precedente. Importi originali in milioni USD; trattini preservati.""",Licenza dei dati terzi non verificata come aperta: valgono i termini della fonte; accesso pubblico non equivale a diritto di ripubblicazione. Codice locale originale CC0; nessuna nuova licenza applicata ai dati.,,Fonti originali,Licenza dei dati terzi non verificata come aperta: valgono i termini della fonte; accesso pubblico non equivale a diritto di ripubblicazione. Codice locale originale CC0; nessuna nuova licenza applicata ai dati.
flussi_etf,2026-10-04,/eth/righe/11/celle_originali/11,"""1.5""",https://farside.co.uk/btc/; https://farside.co.uk/eth/,"""Righe datate fino al giorno richiesto; nel weekend ultima seduta precedente. Importi originali in milioni USD; trattini preservati.""",Licenza dei dati terzi non verificata come aperta: valgono i termini della fonte; accesso pubblico non equivale a diritto di ripubblicazione. Codice locale originale CC0; nessuna nuova licenza applicata ai dati.,,Fonti originali,Licenza dei dati terzi non verificata come aperta: valgono i termini della fonte; accesso pubblico non equivale a diritto di ripubblicazione. Codice locale originale CC0; nessuna nuova licenza applicata ai dati.
flussi_etf,2026-10-04,/eth/righe/11/celle_originali/12,"""(55.4)""",https://farside.co.uk/btc/; https://farside.co.uk/eth/,"""Righe datate fino al giorno richiesto; nel weekend ultima seduta precedente. Importi originali in milioni USD; trattini preservati.""",Licenza dei dati terzi non verificata come aperta: valgono i termini della fonte; accesso pubblico non equivale a diritto di ripubblicazione. Codice locale originale CC0; nessuna nuova licenza applicata ai dati.,,Fonti originali,Licenza dei dati terzi non verificata come aperta: valgono i termini della fonte; accesso pubblico non equivale a diritto di ripubblicazione. Codice locale originale CC0; nessuna nuova licenza applicata ai dati.
flussi_etf,2026-10-04,/eth/righe/12/data,"""2026-10-02""",https://farside.co.uk/btc/; https://farside.co.uk/eth/,"""Righe datate fino al giorno richiesto; nel weekend ultima seduta precedente. Importi originali in milioni USD; trattini preservati.""",Licenza dei dati terzi non verificata come aperta: valgono i termini della fonte; accesso pubblico non equivale a diritto di ripubblicazione. Codice locale originale CC0; nessuna nuova licenza applicata ai dati.,,Fonti originali,Licenza dei dati terzi non verificata come aperta: valgono i termini della fonte; accesso pubblico non equivale a diritto di ripubblicazione. Codice locale originale CC0; nessuna nuova licenza applicata ai dati.
flussi_etf,2026-10-04,/eth/righe/12/celle_originali/0,"""02 Oct 2026""",https://farside.co.uk/btc/; https://farside.co.uk/eth/,"""Righe datate fino al giorno richiesto; nel weekend ultima seduta precedente. Importi originali in milioni USD; trattini preservati.""",Licenza dei dati terzi non verificata come aperta: valgono i termini della fonte; accesso pubblico non equivale a diritto di ripubblicazione. Codice locale originale CC0; nessuna nuova licenza applicata ai dati.,,Fonti originali,Licenza dei dati terzi non verificata come aperta: valgono i termini della fonte; accesso pubblico non equivale a diritto di ripubblicazione. Codice locale originale CC0; nessuna nuova licenza applicata ai dati.
flussi_etf,2026-10-04,/eth/righe/12/celle_originali/1,"""(20.1)""",https://farside.co.uk/btc/; https://farside.co.uk/eth/,"""Righe datate fino al giorno richiesto; nel weekend ultima seduta precedente. Importi originali in milioni USD; trattini preservati.""",Licenza dei dati terzi non verificata come aperta: valgono i termini della fonte; accesso pubblico non equivale a diritto di ripubblicazione. Codice locale originale CC0; nessuna nuova licenza applicata ai dati.,,Fonti originali,Licenza dei dati terzi non verificata come aperta: valgono i termini della fonte; accesso pubblico non equivale a diritto di ripubblicazione. Codice locale originale CC0; nessuna nuova licenza applicata ai dati.
flussi_etf,2026-10-04,/eth/righe/12/celle_originali/2,"""0.0""",https://farside.co.uk/btc/; https://farside.co.uk/eth/,"""Righe datate fino al giorno richiesto; nel weekend ultima seduta precedente. Importi originali in milioni USD; trattini preservati.""",Licenza dei dati terzi non verificata come aperta: valgono i termini della fonte; accesso pubblico non equivale a diritto di ripubblicazione. Codice locale originale CC0; nessuna nuova licenza applicata ai dati.,,Fonti originali,Licenza dei dati terzi non verificata come aperta: valgono i termini della fonte; accesso pubblico non equivale a diritto di ripubblicazione. Codice locale originale CC0; nessuna nuova licenza applicata ai dati.
flussi_etf,2026-10-04,/eth/righe/12/celle_originali/3,"""(17.3)""",https://farside.co.uk/btc/; https://farside.co.uk/eth/,"""Righe datate fino al giorno richiesto; nel weekend ultima seduta precedente. Importi originali in milioni USD; trattini preservati.""",Licenza dei dati terzi non verificata come aperta: valgono i termini della fonte; accesso pubblico non equivale a diritto di ripubblicazione. Codice locale originale CC0; nessuna nuova licenza applicata ai dati.,,Fonti originali,Licenza dei dati terzi non verificata come aperta: valgono i termini della fonte; accesso pubblico non equivale a diritto di ripubblicazione. Codice locale originale CC0; nessuna nuova licenza applicata ai dati.
flussi_etf,2026-10-04,/eth/righe/12/celle_originali/4,"""0.0""",https://farside.co.uk/btc/; https://farside.co.uk/eth/,"""Righe datate fino al giorno richiesto; nel weekend ultima seduta precedente. Importi originali in milioni USD; trattini preservati.""",Licenza dei dati terzi non verificata come aperta: valgono i termini della fonte; accesso pubblico non equivale a diritto di ripubblicazione. Codice locale originale CC0; nessuna nuova licenza applicata ai dati.,,Fonti originali,Licenza dei dati terzi non verificata come aperta: valgono i termini della fonte; accesso pubblico non equivale a diritto di ripubblicazione. Codice locale originale CC0; nessuna nuova licenza applicata ai dati.
flussi_etf,2026-10-04,/eth/righe/12/celle_originali/5,"""0.0""",https://farside.co.uk/btc/; https://farside.co.uk/eth/,"""Righe datate fino al giorno richiesto; nel weekend ultima seduta precedente. Importi originali in milioni USD; trattini preservati.""",Licenza dei dati terzi non verificata come aperta: valgono i termini della fonte; accesso pubblico non equivale a diritto di ripubblicazione. Codice locale originale CC0; nessuna nuova licenza applicata ai dati.,,Fonti originali,Licenza dei dati terzi non verificata come aperta: valgono i termini della fonte; accesso pubblico non equivale a diritto di ripubblicazione. Codice locale originale CC0; nessuna nuova licenza applicata ai dati.
flussi_etf,2026-10-04,/eth/righe/12/celle_originali/6,"""0.0""",https://farside.co.uk/btc/; https://farside.co.uk/eth/,"""Righe datate fino al giorno richiesto; nel weekend ultima seduta precedente. Importi originali in milioni USD; trattini preservati.""",Licenza dei dati terzi non verificata come aperta: valgono i termini della fonte; accesso pubblico non equivale a diritto di ripubblicazione. Codice locale originale CC0; nessuna nuova licenza applicata ai dati.,,Fonti originali,Licenza dei dati terzi non verificata come aperta: valgono i termini della fonte; accesso pubblico non equivale a diritto di ripubblicazione. Codice locale originale CC0; nessuna nuova licenza applicata ai dati.
flussi_etf,2026-10-04,/eth/righe/12/celle_originali/7,"""0.0""",https://farside.co.uk/btc/; https://farside.co.uk/eth/,"""Righe datate fino al giorno richiesto; nel weekend ultima seduta precedente. Importi originali in milioni USD; trattini preservati.""",Licenza dei dati terzi non verificata come aperta: valgono i termini della fonte; accesso pubblico non equivale a diritto di ripubblicazione. Codice locale originale CC0; nessuna nuova licenza applicata ai dati.,,Fonti originali,Licenza dei dati terzi non verificata come aperta: valgono i termini della fonte; accesso pubblico non equivale a diritto di ripubblicazione. Codice locale originale CC0; nessuna nuova licenza applicata ai dati.
flussi_etf,2026-10-04,/eth/righe/12/celle_originali/8,"""0.0""",https://farside.co.uk/btc/; https://farside.co.uk/eth/,"""Righe datate fino al giorno richiesto; nel weekend ultima seduta precedente. Importi originali in milioni USD; trattini preservati.""",Licenza dei dati terzi non verificata come aperta: valgono i termini della fonte; accesso pubblico non equivale a diritto di ripubblicazione. Codice locale originale CC0; nessuna nuova licenza applicata ai dati.,,Fonti originali,Licenza dei dati terzi non verificata come aperta: valgono i termini della fonte; accesso pubblico non equivale a diritto di ripubblicazione. Codice locale originale CC0; nessuna nuova licenza applicata ai dati.
flussi_etf,2026-10-04,/eth/righe/12/celle_originali/9,"""0.0""",https://farside.co.uk/btc/; https://farside.co.uk/eth/,"""Righe datate fino al giorno richiesto; nel weekend ultima seduta precedente. Importi originali in milioni USD; trattini preservati.""",Licenza dei dati terzi non verificata come aperta: valgono i termini della fonte; accesso pubblico non equivale a diritto di ripubblicazione. Codice locale originale CC0; nessuna nuova licenza applicata ai dati.,,Fonti originali,Licenza dei dati terzi non verificata come aperta: valgono i termini della fonte; accesso pubblico non equivale a diritto di ripubblicazione. Codice locale originale CC0; nessuna nuova licenza applicata ai dati.
flussi_etf,2026-10-04,/eth/righe/12/celle_originali/10,"""0.0""",https://farside.co.uk/btc/; https://farside.co.uk/eth/,"""Righe datate fino al giorno richiesto; nel weekend ultima seduta precedente. Importi originali in milioni USD; trattini preservati.""",Licenza dei dati terzi non verificata come aperta: valgono i termini della fonte; accesso pubblico non equivale a diritto di ripubblicazione. Codice locale originale CC0; nessuna nuova licenza applicata ai dati.,,Fonti originali,Licenza dei dati terzi non verificata come aperta: valgono i termini della fonte; accesso pubblico non equivale a diritto di ripubblicazione. Codice locale originale CC0; nessuna nuova licenza applicata ai dati.
flussi_etf,2026-10-04,/eth/righe/12/celle_originali/11,"""0.0""",https://farside.co.uk/btc/; https://farside.co.uk/eth/,"""Righe datate fino al giorno richiesto; nel weekend ultima seduta precedente. Importi originali in milioni USD; trattini preservati.""",Licenza dei dati terzi non verificata come aperta: valgono i termini della fonte; accesso pubblico non equivale a diritto di ripubblicazione. Codice locale originale CC0; nessuna nuova licenza applicata ai dati.,,Fonti originali,Licenza dei dati terzi non verificata come aperta: valgono i termini della fonte; accesso pubblico non equivale a diritto di ripubblicazione. Codice locale originale CC0; nessuna nuova licenza applicata ai dati.
flussi_etf,2026-10-04,/eth/righe/12/celle_originali/12,"""(37.4)""",https://farside.co.uk/btc/; https://farside.co.uk/eth/,"""Righe datate fino al giorno richiesto; nel weekend ultima seduta precedente. Importi originali in milioni USD; trattini preservati.""",Licenza dei dati terzi non verificata come aperta: valgono i termini della fonte; accesso pubblico non equivale a diritto di ripubblicazione. Codice locale originale CC0; nessuna nuova licenza applicata ai dati.,,Fonti originali,Licenza dei dati terzi non verificata come aperta: valgono i termini della fonte; accesso pubblico non equivale a diritto di ripubblicazione. Codice locale originale CC0; nessuna nuova licenza applicata ai dati.
flussi_etf,2026-10-04,/eth/ultima_data,"""2026-10-02""",https://farside.co.uk/btc/; https://farside.co.uk/eth/,"""Righe datate fino al giorno richiesto; nel weekend ultima seduta precedente. Importi originali in milioni USD; trattini preservati.""",Licenza dei dati terzi non verificata come aperta: valgono i termini della fonte; accesso pubblico non equivale a diritto di ripubblicazione. Codice locale originale CC0; nessuna nuova licenza applicata ai dati.,,Fonti originali,Licenza dei dati terzi non verificata come aperta: valgono i termini della fonte; accesso pubblico non equivale a diritto di ripubblicazione. Codice locale originale CC0; nessuna nuova licenza applicata ai dati.
