cruscotto,data,percorso,valore_json,fonte,dati_fino_a_json,licenza,licenza_url,attribuzione,nota_licenza_fonti
funding_medio,2026-10-04,/media_semplice_oraria,1.6069282584269666e-05,https://api.hyperliquid.xyz/info,"""Snapshot al momento del prelievo; non ricostruisce lo stato di ieri.""",Licenza dei dati terzi non verificata come aperta: valgono i termini della fonte; accesso pubblico non equivale a diritto di ripubblicazione. Codice locale originale CC0; nessuna nuova licenza applicata ai dati.,,Fonti originali,Licenza dei dati terzi non verificata come aperta: valgono i termini della fonte; accesso pubblico non equivale a diritto di ripubblicazione. Codice locale originale CC0; nessuna nuova licenza applicata ai dati.
funding_medio,2026-10-04,/media_ponderata_oi_oraria,1.2956696253162178e-05,https://api.hyperliquid.xyz/info,"""Snapshot al momento del prelievo; non ricostruisce lo stato di ieri.""",Licenza dei dati terzi non verificata come aperta: valgono i termini della fonte; accesso pubblico non equivale a diritto di ripubblicazione. Codice locale originale CC0; nessuna nuova licenza applicata ai dati.,,Fonti originali,Licenza dei dati terzi non verificata come aperta: valgono i termini della fonte; accesso pubblico non equivale a diritto di ripubblicazione. Codice locale originale CC0; nessuna nuova licenza applicata ai dati.
funding_medio,2026-10-04,/contratti/0/asset,"""BTC""",https://api.hyperliquid.xyz/info,"""Snapshot al momento del prelievo; non ricostruisce lo stato di ieri.""",Licenza dei dati terzi non verificata come aperta: valgono i termini della fonte; accesso pubblico non equivale a diritto di ripubblicazione. Codice locale originale CC0; nessuna nuova licenza applicata ai dati.,,Fonti originali,Licenza dei dati terzi non verificata come aperta: valgono i termini della fonte; accesso pubblico non equivale a diritto di ripubblicazione. Codice locale originale CC0; nessuna nuova licenza applicata ai dati.
funding_medio,2026-10-04,/contratti/0/funding_orario,1.25e-05,https://api.hyperliquid.xyz/info,"""Snapshot al momento del prelievo; non ricostruisce lo stato di ieri.""",Licenza dei dati terzi non verificata come aperta: valgono i termini della fonte; accesso pubblico non equivale a diritto di ripubblicazione. Codice locale originale CC0; nessuna nuova licenza applicata ai dati.,,Fonti originali,Licenza dei dati terzi non verificata come aperta: valgono i termini della fonte; accesso pubblico non equivale a diritto di ripubblicazione. Codice locale originale CC0; nessuna nuova licenza applicata ai dati.
funding_medio,2026-10-04,/contratti/0/open_interest_usd,3247145843.1807203,https://api.hyperliquid.xyz/info,"""Snapshot al momento del prelievo; non ricostruisce lo stato di ieri.""",Licenza dei dati terzi non verificata come aperta: valgono i termini della fonte; accesso pubblico non equivale a diritto di ripubblicazione. Codice locale originale CC0; nessuna nuova licenza applicata ai dati.,,Fonti originali,Licenza dei dati terzi non verificata come aperta: valgono i termini della fonte; accesso pubblico non equivale a diritto di ripubblicazione. Codice locale originale CC0; nessuna nuova licenza applicata ai dati.
funding_medio,2026-10-04,/contratti/1/asset,"""ETH""",https://api.hyperliquid.xyz/info,"""Snapshot al momento del prelievo; non ricostruisce lo stato di ieri.""",Licenza dei dati terzi non verificata come aperta: valgono i termini della fonte; accesso pubblico non equivale a diritto di ripubblicazione. Codice locale originale CC0; nessuna nuova licenza applicata ai dati.,,Fonti originali,Licenza dei dati terzi non verificata come aperta: valgono i termini della fonte; accesso pubblico non equivale a diritto di ripubblicazione. Codice locale originale CC0; nessuna nuova licenza applicata ai dati.
funding_medio,2026-10-04,/contratti/1/funding_orario,1.25e-05,https://api.hyperliquid.xyz/info,"""Snapshot al momento del prelievo; non ricostruisce lo stato di ieri.""",Licenza dei dati terzi non verificata come aperta: valgono i termini della fonte; accesso pubblico non equivale a diritto di ripubblicazione. Codice locale originale CC0; nessuna nuova licenza applicata ai dati.,,Fonti originali,Licenza dei dati terzi non verificata come aperta: valgono i termini della fonte; accesso pubblico non equivale a diritto di ripubblicazione. Codice locale originale CC0; nessuna nuova licenza applicata ai dati.
funding_medio,2026-10-04,/contratti/1/open_interest_usd,3224979208.6857395,https://api.hyperliquid.xyz/info,"""Snapshot al momento del prelievo; non ricostruisce lo stato di ieri.""",Licenza dei dati terzi non verificata come aperta: valgono i termini della fonte; accesso pubblico non equivale a diritto di ripubblicazione. Codice locale originale CC0; nessuna nuova licenza applicata ai dati.,,Fonti originali,Licenza dei dati terzi non verificata come aperta: valgono i termini della fonte; accesso pubblico non equivale a diritto di ripubblicazione. Codice locale originale CC0; nessuna nuova licenza applicata ai dati.
funding_medio,2026-10-04,/contratti/2/asset,"""ATOM""",https://api.hyperliquid.xyz/info,"""Snapshot al momento del prelievo; non ricostruisce lo stato di ieri.""",Licenza dei dati terzi non verificata come aperta: valgono i termini della fonte; accesso pubblico non equivale a diritto di ripubblicazione. Codice locale originale CC0; nessuna nuova licenza applicata ai dati.,,Fonti originali,Licenza dei dati terzi non verificata come aperta: valgono i termini della fonte; accesso pubblico non equivale a diritto di ripubblicazione. Codice locale originale CC0; nessuna nuova licenza applicata ai dati.
funding_medio,2026-10-04,/contratti/2/funding_orario,1.25e-05,https://api.hyperliquid.xyz/info,"""Snapshot al momento del prelievo; non ricostruisce lo stato di ieri.""",Licenza dei dati terzi non verificata come aperta: valgono i termini della fonte; accesso pubblico non equivale a diritto di ripubblicazione. Codice locale originale CC0; nessuna nuova licenza applicata ai dati.,,Fonti originali,Licenza dei dati terzi non verificata come aperta: valgono i termini della fonte; accesso pubblico non equivale a diritto di ripubblicazione. Codice locale originale CC0; nessuna nuova licenza applicata ai dati.
funding_medio,2026-10-04,/contratti/2/open_interest_usd,2787483.5921400003,https://api.hyperliquid.xyz/info,"""Snapshot al momento del prelievo; non ricostruisce lo stato di ieri.""",Licenza dei dati terzi non verificata come aperta: valgono i termini della fonte; accesso pubblico non equivale a diritto di ripubblicazione. Codice locale originale CC0; nessuna nuova licenza applicata ai dati.,,Fonti originali,Licenza dei dati terzi non verificata come aperta: valgono i termini della fonte; accesso pubblico non equivale a diritto di ripubblicazione. Codice locale originale CC0; nessuna nuova licenza applicata ai dati.
funding_medio,2026-10-04,/contratti/3/asset,"""DYDX""",https://api.hyperliquid.xyz/info,"""Snapshot al momento del prelievo; non ricostruisce lo stato di ieri.""",Licenza dei dati terzi non verificata come aperta: valgono i termini della fonte; accesso pubblico non equivale a diritto di ripubblicazione. Codice locale originale CC0; nessuna nuova licenza applicata ai dati.,,Fonti originali,Licenza dei dati terzi non verificata come aperta: valgono i termini della fonte; accesso pubblico non equivale a diritto di ripubblicazione. Codice locale originale CC0; nessuna nuova licenza applicata ai dati.
funding_medio,2026-10-04,/contratti/3/funding_orario,1.25e-05,https://api.hyperliquid.xyz/info,"""Snapshot al momento del prelievo; non ricostruisce lo stato di ieri.""",Licenza dei dati terzi non verificata come aperta: valgono i termini della fonte; accesso pubblico non equivale a diritto di ripubblicazione. Codice locale originale CC0; nessuna nuova licenza applicata ai dati.,,Fonti originali,Licenza dei dati terzi non verificata come aperta: valgono i termini della fonte; accesso pubblico non equivale a diritto di ripubblicazione. Codice locale originale CC0; nessuna nuova licenza applicata ai dati.
funding_medio,2026-10-04,/contratti/3/open_interest_usd,2601827.77844,https://api.hyperliquid.xyz/info,"""Snapshot al momento del prelievo; non ricostruisce lo stato di ieri.""",Licenza dei dati terzi non verificata come aperta: valgono i termini della fonte; accesso pubblico non equivale a diritto di ripubblicazione. Codice locale originale CC0; nessuna nuova licenza applicata ai dati.,,Fonti originali,Licenza dei dati terzi non verificata come aperta: valgono i termini della fonte; accesso pubblico non equivale a diritto di ripubblicazione. Codice locale originale CC0; nessuna nuova licenza applicata ai dati.
funding_medio,2026-10-04,/contratti/4/asset,"""SOL""",https://api.hyperliquid.xyz/info,"""Snapshot al momento del prelievo; non ricostruisce lo stato di ieri.""",Licenza dei dati terzi non verificata come aperta: valgono i termini della fonte; accesso pubblico non equivale a diritto di ripubblicazione. Codice locale originale CC0; nessuna nuova licenza applicata ai dati.,,Fonti originali,Licenza dei dati terzi non verificata come aperta: valgono i termini della fonte; accesso pubblico non equivale a diritto di ripubblicazione. Codice locale originale CC0; nessuna nuova licenza applicata ai dati.
funding_medio,2026-10-04,/contratti/4/funding_orario,5.9166e-06,https://api.hyperliquid.xyz/info,"""Snapshot al momento del prelievo; non ricostruisce lo stato di ieri.""",Licenza dei dati terzi non verificata come aperta: valgono i termini della fonte; accesso pubblico non equivale a diritto di ripubblicazione. Codice locale originale CC0; nessuna nuova licenza applicata ai dati.,,Fonti originali,Licenza dei dati terzi non verificata come aperta: valgono i termini della fonte; accesso pubblico non equivale a diritto di ripubblicazione. Codice locale originale CC0; nessuna nuova licenza applicata ai dati.
funding_medio,2026-10-04,/contratti/4/open_interest_usd,659474469.405,https://api.hyperliquid.xyz/info,"""Snapshot al momento del prelievo; non ricostruisce lo stato di ieri.""",Licenza dei dati terzi non verificata come aperta: valgono i termini della fonte; accesso pubblico non equivale a diritto di ripubblicazione. Codice locale originale CC0; nessuna nuova licenza applicata ai dati.,,Fonti originali,Licenza dei dati terzi non verificata come aperta: valgono i termini della fonte; accesso pubblico non equivale a diritto di ripubblicazione. Codice locale originale CC0; nessuna nuova licenza applicata ai dati.
funding_medio,2026-10-04,/contratti/5/asset,"""AVAX""",https://api.hyperliquid.xyz/info,"""Snapshot al momento del prelievo; non ricostruisce lo stato di ieri.""",Licenza dei dati terzi non verificata come aperta: valgono i termini della fonte; accesso pubblico non equivale a diritto di ripubblicazione. Codice locale originale CC0; nessuna nuova licenza applicata ai dati.,,Fonti originali,Licenza dei dati terzi non verificata come aperta: valgono i termini della fonte; accesso pubblico non equivale a diritto di ripubblicazione. Codice locale originale CC0; nessuna nuova licenza applicata ai dati.
funding_medio,2026-10-04,/contratti/5/funding_orario,1.25e-05,https://api.hyperliquid.xyz/info,"""Snapshot al momento del prelievo; non ricostruisce lo stato di ieri.""",Licenza dei dati terzi non verificata come aperta: valgono i termini della fonte; accesso pubblico non equivale a diritto di ripubblicazione. Codice locale originale CC0; nessuna nuova licenza applicata ai dati.,,Fonti originali,Licenza dei dati terzi non verificata come aperta: valgono i termini della fonte; accesso pubblico non equivale a diritto di ripubblicazione. Codice locale originale CC0; nessuna nuova licenza applicata ai dati.
funding_medio,2026-10-04,/contratti/5/open_interest_usd,36934858.24952,https://api.hyperliquid.xyz/info,"""Snapshot al momento del prelievo; non ricostruisce lo stato di ieri.""",Licenza dei dati terzi non verificata come aperta: valgono i termini della fonte; accesso pubblico non equivale a diritto di ripubblicazione. Codice locale originale CC0; nessuna nuova licenza applicata ai dati.,,Fonti originali,Licenza dei dati terzi non verificata come aperta: valgono i termini della fonte; accesso pubblico non equivale a diritto di ripubblicazione. Codice locale originale CC0; nessuna nuova licenza applicata ai dati.
funding_medio,2026-10-04,/contratti/6/asset,"""BNB""",https://api.hyperliquid.xyz/info,"""Snapshot al momento del prelievo; non ricostruisce lo stato di ieri.""",Licenza dei dati terzi non verificata come aperta: valgono i termini della fonte; accesso pubblico non equivale a diritto di ripubblicazione. Codice locale originale CC0; nessuna nuova licenza applicata ai dati.,,Fonti originali,Licenza dei dati terzi non verificata come aperta: valgono i termini della fonte; accesso pubblico non equivale a diritto di ripubblicazione. Codice locale originale CC0; nessuna nuova licenza applicata ai dati.
funding_medio,2026-10-04,/contratti/6/funding_orario,2.71741e-05,https://api.hyperliquid.xyz/info,"""Snapshot al momento del prelievo; non ricostruisce lo stato di ieri.""",Licenza dei dati terzi non verificata come aperta: valgono i termini della fonte; accesso pubblico non equivale a diritto di ripubblicazione. Codice locale originale CC0; nessuna nuova licenza applicata ai dati.,,Fonti originali,Licenza dei dati terzi non verificata come aperta: valgono i termini della fonte; accesso pubblico non equivale a diritto di ripubblicazione. Codice locale originale CC0; nessuna nuova licenza applicata ai dati.
funding_medio,2026-10-04,/contratti/6/open_interest_usd,57188049.218820006,https://api.hyperliquid.xyz/info,"""Snapshot al momento del prelievo; non ricostruisce lo stato di ieri.""",Licenza dei dati terzi non verificata come aperta: valgono i termini della fonte; accesso pubblico non equivale a diritto di ripubblicazione. Codice locale originale CC0; nessuna nuova licenza applicata ai dati.,,Fonti originali,Licenza dei dati terzi non verificata come aperta: valgono i termini della fonte; accesso pubblico non equivale a diritto di ripubblicazione. Codice locale originale CC0; nessuna nuova licenza applicata ai dati.
funding_medio,2026-10-04,/contratti/7/asset,"""APE""",https://api.hyperliquid.xyz/info,"""Snapshot al momento del prelievo; non ricostruisce lo stato di ieri.""",Licenza dei dati terzi non verificata come aperta: valgono i termini della fonte; accesso pubblico non equivale a diritto di ripubblicazione. Codice locale originale CC0; nessuna nuova licenza applicata ai dati.,,Fonti originali,Licenza dei dati terzi non verificata come aperta: valgono i termini della fonte; accesso pubblico non equivale a diritto di ripubblicazione. Codice locale originale CC0; nessuna nuova licenza applicata ai dati.
funding_medio,2026-10-04,/contratti/7/funding_orario,1.25e-05,https://api.hyperliquid.xyz/info,"""Snapshot al momento del prelievo; non ricostruisce lo stato di ieri.""",Licenza dei dati terzi non verificata come aperta: valgono i termini della fonte; accesso pubblico non equivale a diritto di ripubblicazione. Codice locale originale CC0; nessuna nuova licenza applicata ai dati.,,Fonti originali,Licenza dei dati terzi non verificata come aperta: valgono i termini della fonte; accesso pubblico non equivale a diritto di ripubblicazione. Codice locale originale CC0; nessuna nuova licenza applicata ai dati.
funding_medio,2026-10-04,/contratti/7/open_interest_usd,2019074.9990400001,https://api.hyperliquid.xyz/info,"""Snapshot al momento del prelievo; non ricostruisce lo stato di ieri.""",Licenza dei dati terzi non verificata come aperta: valgono i termini della fonte; accesso pubblico non equivale a diritto di ripubblicazione. Codice locale originale CC0; nessuna nuova licenza applicata ai dati.,,Fonti originali,Licenza dei dati terzi non verificata come aperta: valgono i termini della fonte; accesso pubblico non equivale a diritto di ripubblicazione. Codice locale originale CC0; nessuna nuova licenza applicata ai dati.
funding_medio,2026-10-04,/contratti/8/asset,"""OP""",https://api.hyperliquid.xyz/info,"""Snapshot al momento del prelievo; non ricostruisce lo stato di ieri.""",Licenza dei dati terzi non verificata come aperta: valgono i termini della fonte; accesso pubblico non equivale a diritto di ripubblicazione. Codice locale originale CC0; nessuna nuova licenza applicata ai dati.,,Fonti originali,Licenza dei dati terzi non verificata come aperta: valgono i termini della fonte; accesso pubblico non equivale a diritto di ripubblicazione. Codice locale originale CC0; nessuna nuova licenza applicata ai dati.
funding_medio,2026-10-04,/contratti/8/funding_orario,1.25e-05,https://api.hyperliquid.xyz/info,"""Snapshot al momento del prelievo; non ricostruisce lo stato di ieri.""",Licenza dei dati terzi non verificata come aperta: valgono i termini della fonte; accesso pubblico non equivale a diritto di ripubblicazione. Codice locale originale CC0; nessuna nuova licenza applicata ai dati.,,Fonti originali,Licenza dei dati terzi non verificata come aperta: valgono i termini della fonte; accesso pubblico non equivale a diritto di ripubblicazione. Codice locale originale CC0; nessuna nuova licenza applicata ai dati.
funding_medio,2026-10-04,/contratti/8/open_interest_usd,3533702.5071360003,https://api.hyperliquid.xyz/info,"""Snapshot al momento del prelievo; non ricostruisce lo stato di ieri.""",Licenza dei dati terzi non verificata come aperta: valgono i termini della fonte; accesso pubblico non equivale a diritto di ripubblicazione. Codice locale originale CC0; nessuna nuova licenza applicata ai dati.,,Fonti originali,Licenza dei dati terzi non verificata come aperta: valgono i termini della fonte; accesso pubblico non equivale a diritto di ripubblicazione. Codice locale originale CC0; nessuna nuova licenza applicata ai dati.
funding_medio,2026-10-04,/contratti/9/asset,"""LTC""",https://api.hyperliquid.xyz/info,"""Snapshot al momento del prelievo; non ricostruisce lo stato di ieri.""",Licenza dei dati terzi non verificata come aperta: valgono i termini della fonte; accesso pubblico non equivale a diritto di ripubblicazione. Codice locale originale CC0; nessuna nuova licenza applicata ai dati.,,Fonti originali,Licenza dei dati terzi non verificata come aperta: valgono i termini della fonte; accesso pubblico non equivale a diritto di ripubblicazione. Codice locale originale CC0; nessuna nuova licenza applicata ai dati.
funding_medio,2026-10-04,/contratti/9/funding_orario,1.25e-05,https://api.hyperliquid.xyz/info,"""Snapshot al momento del prelievo; non ricostruisce lo stato di ieri.""",Licenza dei dati terzi non verificata come aperta: valgono i termini della fonte; accesso pubblico non equivale a diritto di ripubblicazione. Codice locale originale CC0; nessuna nuova licenza applicata ai dati.,,Fonti originali,Licenza dei dati terzi non verificata come aperta: valgono i termini della fonte; accesso pubblico non equivale a diritto di ripubblicazione. Codice locale originale CC0; nessuna nuova licenza applicata ai dati.
funding_medio,2026-10-04,/contratti/9/open_interest_usd,48191721.62304,https://api.hyperliquid.xyz/info,"""Snapshot al momento del prelievo; non ricostruisce lo stato di ieri.""",Licenza dei dati terzi non verificata come aperta: valgono i termini della fonte; accesso pubblico non equivale a diritto di ripubblicazione. Codice locale originale CC0; nessuna nuova licenza applicata ai dati.,,Fonti originali,Licenza dei dati terzi non verificata come aperta: valgono i termini della fonte; accesso pubblico non equivale a diritto di ripubblicazione. Codice locale originale CC0; nessuna nuova licenza applicata ai dati.
funding_medio,2026-10-04,/contratti/10/asset,"""ARB""",https://api.hyperliquid.xyz/info,"""Snapshot al momento del prelievo; non ricostruisce lo stato di ieri.""",Licenza dei dati terzi non verificata come aperta: valgono i termini della fonte; accesso pubblico non equivale a diritto di ripubblicazione. Codice locale originale CC0; nessuna nuova licenza applicata ai dati.,,Fonti originali,Licenza dei dati terzi non verificata come aperta: valgono i termini della fonte; accesso pubblico non equivale a diritto di ripubblicazione. Codice locale originale CC0; nessuna nuova licenza applicata ai dati.
funding_medio,2026-10-04,/contratti/10/funding_orario,1.25e-05,https://api.hyperliquid.xyz/info,"""Snapshot al momento del prelievo; non ricostruisce lo stato di ieri.""",Licenza dei dati terzi non verificata come aperta: valgono i termini della fonte; accesso pubblico non equivale a diritto di ripubblicazione. Codice locale originale CC0; nessuna nuova licenza applicata ai dati.,,Fonti originali,Licenza dei dati terzi non verificata come aperta: valgono i termini della fonte; accesso pubblico non equivale a diritto di ripubblicazione. Codice locale originale CC0; nessuna nuova licenza applicata ai dati.
funding_medio,2026-10-04,/contratti/10/open_interest_usd,25011924.894720003,https://api.hyperliquid.xyz/info,"""Snapshot al momento del prelievo; non ricostruisce lo stato di ieri.""",Licenza dei dati terzi non verificata come aperta: valgono i termini della fonte; accesso pubblico non equivale a diritto di ripubblicazione. Codice locale originale CC0; nessuna nuova licenza applicata ai dati.,,Fonti originali,Licenza dei dati terzi non verificata come aperta: valgono i termini della fonte; accesso pubblico non equivale a diritto di ripubblicazione. Codice locale originale CC0; nessuna nuova licenza applicata ai dati.
funding_medio,2026-10-04,/contratti/11/asset,"""DOGE""",https://api.hyperliquid.xyz/info,"""Snapshot al momento del prelievo; non ricostruisce lo stato di ieri.""",Licenza dei dati terzi non verificata come aperta: valgono i termini della fonte; accesso pubblico non equivale a diritto di ripubblicazione. Codice locale originale CC0; nessuna nuova licenza applicata ai dati.,,Fonti originali,Licenza dei dati terzi non verificata come aperta: valgono i termini della fonte; accesso pubblico non equivale a diritto di ripubblicazione. Codice locale originale CC0; nessuna nuova licenza applicata ai dati.
funding_medio,2026-10-04,/contratti/11/funding_orario,1.25e-05,https://api.hyperliquid.xyz/info,"""Snapshot al momento del prelievo; non ricostruisce lo stato di ieri.""",Licenza dei dati terzi non verificata come aperta: valgono i termini della fonte; accesso pubblico non equivale a diritto di ripubblicazione. Codice locale originale CC0; nessuna nuova licenza applicata ai dati.,,Fonti originali,Licenza dei dati terzi non verificata come aperta: valgono i termini della fonte; accesso pubblico non equivale a diritto di ripubblicazione. Codice locale originale CC0; nessuna nuova licenza applicata ai dati.
funding_medio,2026-10-04,/contratti/11/open_interest_usd,109507000.09031999,https://api.hyperliquid.xyz/info,"""Snapshot al momento del prelievo; non ricostruisce lo stato di ieri.""",Licenza dei dati terzi non verificata come aperta: valgono i termini della fonte; accesso pubblico non equivale a diritto di ripubblicazione. Codice locale originale CC0; nessuna nuova licenza applicata ai dati.,,Fonti originali,Licenza dei dati terzi non verificata come aperta: valgono i termini della fonte; accesso pubblico non equivale a diritto di ripubblicazione. Codice locale originale CC0; nessuna nuova licenza applicata ai dati.
funding_medio,2026-10-04,/contratti/12/asset,"""INJ""",https://api.hyperliquid.xyz/info,"""Snapshot al momento del prelievo; non ricostruisce lo stato di ieri.""",Licenza dei dati terzi non verificata come aperta: valgono i termini della fonte; accesso pubblico non equivale a diritto di ripubblicazione. Codice locale originale CC0; nessuna nuova licenza applicata ai dati.,,Fonti originali,Licenza dei dati terzi non verificata come aperta: valgono i termini della fonte; accesso pubblico non equivale a diritto di ripubblicazione. Codice locale originale CC0; nessuna nuova licenza applicata ai dati.
funding_medio,2026-10-04,/contratti/12/funding_orario,1.25e-05,https://api.hyperliquid.xyz/info,"""Snapshot al momento del prelievo; non ricostruisce lo stato di ieri.""",Licenza dei dati terzi non verificata come aperta: valgono i termini della fonte; accesso pubblico non equivale a diritto di ripubblicazione. Codice locale originale CC0; nessuna nuova licenza applicata ai dati.,,Fonti originali,Licenza dei dati terzi non verificata come aperta: valgono i termini della fonte; accesso pubblico non equivale a diritto di ripubblicazione. Codice locale originale CC0; nessuna nuova licenza applicata ai dati.
funding_medio,2026-10-04,/contratti/12/open_interest_usd,7544882.1096,https://api.hyperliquid.xyz/info,"""Snapshot al momento del prelievo; non ricostruisce lo stato di ieri.""",Licenza dei dati terzi non verificata come aperta: valgono i termini della fonte; accesso pubblico non equivale a diritto di ripubblicazione. Codice locale originale CC0; nessuna nuova licenza applicata ai dati.,,Fonti originali,Licenza dei dati terzi non verificata come aperta: valgono i termini della fonte; accesso pubblico non equivale a diritto di ripubblicazione. Codice locale originale CC0; nessuna nuova licenza applicata ai dati.
funding_medio,2026-10-04,/contratti/13/asset,"""SUI""",https://api.hyperliquid.xyz/info,"""Snapshot al momento del prelievo; non ricostruisce lo stato di ieri.""",Licenza dei dati terzi non verificata come aperta: valgono i termini della fonte; accesso pubblico non equivale a diritto di ripubblicazione. Codice locale originale CC0; nessuna nuova licenza applicata ai dati.,,Fonti originali,Licenza dei dati terzi non verificata come aperta: valgono i termini della fonte; accesso pubblico non equivale a diritto di ripubblicazione. Codice locale originale CC0; nessuna nuova licenza applicata ai dati.
funding_medio,2026-10-04,/contratti/13/funding_orario,1.25e-05,https://api.hyperliquid.xyz/info,"""Snapshot al momento del prelievo; non ricostruisce lo stato di ieri.""",Licenza dei dati terzi non verificata come aperta: valgono i termini della fonte; accesso pubblico non equivale a diritto di ripubblicazione. Codice locale originale CC0; nessuna nuova licenza applicata ai dati.,,Fonti originali,Licenza dei dati terzi non verificata come aperta: valgono i termini della fonte; accesso pubblico non equivale a diritto di ripubblicazione. Codice locale originale CC0; nessuna nuova licenza applicata ai dati.
funding_medio,2026-10-04,/contratti/13/open_interest_usd,105327270.21959998,https://api.hyperliquid.xyz/info,"""Snapshot al momento del prelievo; non ricostruisce lo stato di ieri.""",Licenza dei dati terzi non verificata come aperta: valgono i termini della fonte; accesso pubblico non equivale a diritto di ripubblicazione. Codice locale originale CC0; nessuna nuova licenza applicata ai dati.,,Fonti originali,Licenza dei dati terzi non verificata come aperta: valgono i termini della fonte; accesso pubblico non equivale a diritto di ripubblicazione. Codice locale originale CC0; nessuna nuova licenza applicata ai dati.
funding_medio,2026-10-04,/contratti/14/asset,"""kPEPE""",https://api.hyperliquid.xyz/info,"""Snapshot al momento del prelievo; non ricostruisce lo stato di ieri.""",Licenza dei dati terzi non verificata come aperta: valgono i termini della fonte; accesso pubblico non equivale a diritto di ripubblicazione. Codice locale originale CC0; nessuna nuova licenza applicata ai dati.,,Fonti originali,Licenza dei dati terzi non verificata come aperta: valgono i termini della fonte; accesso pubblico non equivale a diritto di ripubblicazione. Codice locale originale CC0; nessuna nuova licenza applicata ai dati.
funding_medio,2026-10-04,/contratti/14/funding_orario,1.25e-05,https://api.hyperliquid.xyz/info,"""Snapshot al momento del prelievo; non ricostruisce lo stato di ieri.""",Licenza dei dati terzi non verificata come aperta: valgono i termini della fonte; accesso pubblico non equivale a diritto di ripubblicazione. Codice locale originale CC0; nessuna nuova licenza applicata ai dati.,,Fonti originali,Licenza dei dati terzi non verificata come aperta: valgono i termini della fonte; accesso pubblico non equivale a diritto di ripubblicazione. Codice locale originale CC0; nessuna nuova licenza applicata ai dati.
funding_medio,2026-10-04,/contratti/14/open_interest_usd,34508888.747999996,https://api.hyperliquid.xyz/info,"""Snapshot al momento del prelievo; non ricostruisce lo stato di ieri.""",Licenza dei dati terzi non verificata come aperta: valgono i termini della fonte; accesso pubblico non equivale a diritto di ripubblicazione. Codice locale originale CC0; nessuna nuova licenza applicata ai dati.,,Fonti originali,Licenza dei dati terzi non verificata come aperta: valgono i termini della fonte; accesso pubblico non equivale a diritto di ripubblicazione. Codice locale originale CC0; nessuna nuova licenza applicata ai dati.
funding_medio,2026-10-04,/contratti/15/asset,"""CRV""",https://api.hyperliquid.xyz/info,"""Snapshot al momento del prelievo; non ricostruisce lo stato di ieri.""",Licenza dei dati terzi non verificata come aperta: valgono i termini della fonte; accesso pubblico non equivale a diritto di ripubblicazione. Codice locale originale CC0; nessuna nuova licenza applicata ai dati.,,Fonti originali,Licenza dei dati terzi non verificata come aperta: valgono i termini della fonte; accesso pubblico non equivale a diritto di ripubblicazione. Codice locale originale CC0; nessuna nuova licenza applicata ai dati.
funding_medio,2026-10-04,/contratti/15/funding_orario,1.25e-05,https://api.hyperliquid.xyz/info,"""Snapshot al momento del prelievo; non ricostruisce lo stato di ieri.""",Licenza dei dati terzi non verificata come aperta: valgono i termini della fonte; accesso pubblico non equivale a diritto di ripubblicazione. Codice locale originale CC0; nessuna nuova licenza applicata ai dati.,,Fonti originali,Licenza dei dati terzi non verificata come aperta: valgono i termini della fonte; accesso pubblico non equivale a diritto di ripubblicazione. Codice locale originale CC0; nessuna nuova licenza applicata ai dati.
funding_medio,2026-10-04,/contratti/15/open_interest_usd,26848242.449961998,https://api.hyperliquid.xyz/info,"""Snapshot al momento del prelievo; non ricostruisce lo stato di ieri.""",Licenza dei dati terzi non verificata come aperta: valgono i termini della fonte; accesso pubblico non equivale a diritto di ripubblicazione. Codice locale originale CC0; nessuna nuova licenza applicata ai dati.,,Fonti originali,Licenza dei dati terzi non verificata come aperta: valgono i termini della fonte; accesso pubblico non equivale a diritto di ripubblicazione. Codice locale originale CC0; nessuna nuova licenza applicata ai dati.
funding_medio,2026-10-04,/contratti/16/asset,"""LDO""",https://api.hyperliquid.xyz/info,"""Snapshot al momento del prelievo; non ricostruisce lo stato di ieri.""",Licenza dei dati terzi non verificata come aperta: valgono i termini della fonte; accesso pubblico non equivale a diritto di ripubblicazione. Codice locale originale CC0; nessuna nuova licenza applicata ai dati.,,Fonti originali,Licenza dei dati terzi non verificata come aperta: valgono i termini della fonte; accesso pubblico non equivale a diritto di ripubblicazione. Codice locale originale CC0; nessuna nuova licenza applicata ai dati.
funding_medio,2026-10-04,/contratti/16/funding_orario,1.25e-05,https://api.hyperliquid.xyz/info,"""Snapshot al momento del prelievo; non ricostruisce lo stato di ieri.""",Licenza dei dati terzi non verificata come aperta: valgono i termini della fonte; accesso pubblico non equivale a diritto di ripubblicazione. Codice locale originale CC0; nessuna nuova licenza applicata ai dati.,,Fonti originali,Licenza dei dati terzi non verificata come aperta: valgono i termini della fonte; accesso pubblico non equivale a diritto di ripubblicazione. Codice locale originale CC0; nessuna nuova licenza applicata ai dati.
funding_medio,2026-10-04,/contratti/16/open_interest_usd,12862943.502656,https://api.hyperliquid.xyz/info,"""Snapshot al momento del prelievo; non ricostruisce lo stato di ieri.""",Licenza dei dati terzi non verificata come aperta: valgono i termini della fonte; accesso pubblico non equivale a diritto di ripubblicazione. Codice locale originale CC0; nessuna nuova licenza applicata ai dati.,,Fonti originali,Licenza dei dati terzi non verificata come aperta: valgono i termini della fonte; accesso pubblico non equivale a diritto di ripubblicazione. Codice locale originale CC0; nessuna nuova licenza applicata ai dati.
funding_medio,2026-10-04,/contratti/17/asset,"""LINK""",https://api.hyperliquid.xyz/info,"""Snapshot al momento del prelievo; non ricostruisce lo stato di ieri.""",Licenza dei dati terzi non verificata come aperta: valgono i termini della fonte; accesso pubblico non equivale a diritto di ripubblicazione. Codice locale originale CC0; nessuna nuova licenza applicata ai dati.,,Fonti originali,Licenza dei dati terzi non verificata come aperta: valgono i termini della fonte; accesso pubblico non equivale a diritto di ripubblicazione. Codice locale originale CC0; nessuna nuova licenza applicata ai dati.
funding_medio,2026-10-04,/contratti/17/funding_orario,1.25e-05,https://api.hyperliquid.xyz/info,"""Snapshot al momento del prelievo; non ricostruisce lo stato di ieri.""",Licenza dei dati terzi non verificata come aperta: valgono i termini della fonte; accesso pubblico non equivale a diritto di ripubblicazione. Codice locale originale CC0; nessuna nuova licenza applicata ai dati.,,Fonti originali,Licenza dei dati terzi non verificata come aperta: valgono i termini della fonte; accesso pubblico non equivale a diritto di ripubblicazione. Codice locale originale CC0; nessuna nuova licenza applicata ai dati.
funding_medio,2026-10-04,/contratti/17/open_interest_usd,82561162.85240002,https://api.hyperliquid.xyz/info,"""Snapshot al momento del prelievo; non ricostruisce lo stato di ieri.""",Licenza dei dati terzi non verificata come aperta: valgono i termini della fonte; accesso pubblico non equivale a diritto di ripubblicazione. Codice locale originale CC0; nessuna nuova licenza applicata ai dati.,,Fonti originali,Licenza dei dati terzi non verificata come aperta: valgono i termini della fonte; accesso pubblico non equivale a diritto di ripubblicazione. Codice locale originale CC0; nessuna nuova licenza applicata ai dati.
funding_medio,2026-10-04,/contratti/18/asset,"""STX""",https://api.hyperliquid.xyz/info,"""Snapshot al momento del prelievo; non ricostruisce lo stato di ieri.""",Licenza dei dati terzi non verificata come aperta: valgono i termini della fonte; accesso pubblico non equivale a diritto di ripubblicazione. Codice locale originale CC0; nessuna nuova licenza applicata ai dati.,,Fonti originali,Licenza dei dati terzi non verificata come aperta: valgono i termini della fonte; accesso pubblico non equivale a diritto di ripubblicazione. Codice locale originale CC0; nessuna nuova licenza applicata ai dati.
funding_medio,2026-10-04,/contratti/18/funding_orario,1.25e-05,https://api.hyperliquid.xyz/info,"""Snapshot al momento del prelievo; non ricostruisce lo stato di ieri.""",Licenza dei dati terzi non verificata come aperta: valgono i termini della fonte; accesso pubblico non equivale a diritto di ripubblicazione. Codice locale originale CC0; nessuna nuova licenza applicata ai dati.,,Fonti originali,Licenza dei dati terzi non verificata come aperta: valgono i termini della fonte; accesso pubblico non equivale a diritto di ripubblicazione. Codice locale originale CC0; nessuna nuova licenza applicata ai dati.
funding_medio,2026-10-04,/contratti/18/open_interest_usd,1479608.683008,https://api.hyperliquid.xyz/info,"""Snapshot al momento del prelievo; non ricostruisce lo stato di ieri.""",Licenza dei dati terzi non verificata come aperta: valgono i termini della fonte; accesso pubblico non equivale a diritto di ripubblicazione. Codice locale originale CC0; nessuna nuova licenza applicata ai dati.,,Fonti originali,Licenza dei dati terzi non verificata come aperta: valgono i termini della fonte; accesso pubblico non equivale a diritto di ripubblicazione. Codice locale originale CC0; nessuna nuova licenza applicata ai dati.
funding_medio,2026-10-04,/contratti/19/asset,"""CFX""",https://api.hyperliquid.xyz/info,"""Snapshot al momento del prelievo; non ricostruisce lo stato di ieri.""",Licenza dei dati terzi non verificata come aperta: valgono i termini della fonte; accesso pubblico non equivale a diritto di ripubblicazione. Codice locale originale CC0; nessuna nuova licenza applicata ai dati.,,Fonti originali,Licenza dei dati terzi non verificata come aperta: valgono i termini della fonte; accesso pubblico non equivale a diritto di ripubblicazione. Codice locale originale CC0; nessuna nuova licenza applicata ai dati.
funding_medio,2026-10-04,/contratti/19/funding_orario,2.26638e-05,https://api.hyperliquid.xyz/info,"""Snapshot al momento del prelievo; non ricostruisce lo stato di ieri.""",Licenza dei dati terzi non verificata come aperta: valgono i termini della fonte; accesso pubblico non equivale a diritto di ripubblicazione. Codice locale originale CC0; nessuna nuova licenza applicata ai dati.,,Fonti originali,Licenza dei dati terzi non verificata come aperta: valgono i termini della fonte; accesso pubblico non equivale a diritto di ripubblicazione. Codice locale originale CC0; nessuna nuova licenza applicata ai dati.
funding_medio,2026-10-04,/contratti/19/open_interest_usd,3850651.43376,https://api.hyperliquid.xyz/info,"""Snapshot al momento del prelievo; non ricostruisce lo stato di ieri.""",Licenza dei dati terzi non verificata come aperta: valgono i termini della fonte; accesso pubblico non equivale a diritto di ripubblicazione. Codice locale originale CC0; nessuna nuova licenza applicata ai dati.,,Fonti originali,Licenza dei dati terzi non verificata come aperta: valgono i termini della fonte; accesso pubblico non equivale a diritto di ripubblicazione. Codice locale originale CC0; nessuna nuova licenza applicata ai dati.
funding_medio,2026-10-04,/contratti/20/asset,"""GMX""",https://api.hyperliquid.xyz/info,"""Snapshot al momento del prelievo; non ricostruisce lo stato di ieri.""",Licenza dei dati terzi non verificata come aperta: valgono i termini della fonte; accesso pubblico non equivale a diritto di ripubblicazione. Codice locale originale CC0; nessuna nuova licenza applicata ai dati.,,Fonti originali,Licenza dei dati terzi non verificata come aperta: valgono i termini della fonte; accesso pubblico non equivale a diritto di ripubblicazione. Codice locale originale CC0; nessuna nuova licenza applicata ai dati.
funding_medio,2026-10-04,/contratti/20/funding_orario,5.49839e-05,https://api.hyperliquid.xyz/info,"""Snapshot al momento del prelievo; non ricostruisce lo stato di ieri.""",Licenza dei dati terzi non verificata come aperta: valgono i termini della fonte; accesso pubblico non equivale a diritto di ripubblicazione. Codice locale originale CC0; nessuna nuova licenza applicata ai dati.,,Fonti originali,Licenza dei dati terzi non verificata come aperta: valgono i termini della fonte; accesso pubblico non equivale a diritto di ripubblicazione. Codice locale originale CC0; nessuna nuova licenza applicata ai dati.
funding_medio,2026-10-04,/contratti/20/open_interest_usd,1081065.049348,https://api.hyperliquid.xyz/info,"""Snapshot al momento del prelievo; non ricostruisce lo stato di ieri.""",Licenza dei dati terzi non verificata come aperta: valgono i termini della fonte; accesso pubblico non equivale a diritto di ripubblicazione. Codice locale originale CC0; nessuna nuova licenza applicata ai dati.,,Fonti originali,Licenza dei dati terzi non verificata come aperta: valgono i termini della fonte; accesso pubblico non equivale a diritto di ripubblicazione. Codice locale originale CC0; nessuna nuova licenza applicata ai dati.
funding_medio,2026-10-04,/contratti/21/asset,"""SNX""",https://api.hyperliquid.xyz/info,"""Snapshot al momento del prelievo; non ricostruisce lo stato di ieri.""",Licenza dei dati terzi non verificata come aperta: valgono i termini della fonte; accesso pubblico non equivale a diritto di ripubblicazione. Codice locale originale CC0; nessuna nuova licenza applicata ai dati.,,Fonti originali,Licenza dei dati terzi non verificata come aperta: valgono i termini della fonte; accesso pubblico non equivale a diritto di ripubblicazione. Codice locale originale CC0; nessuna nuova licenza applicata ai dati.
funding_medio,2026-10-04,/contratti/21/funding_orario,1.25e-05,https://api.hyperliquid.xyz/info,"""Snapshot al momento del prelievo; non ricostruisce lo stato di ieri.""",Licenza dei dati terzi non verificata come aperta: valgono i termini della fonte; accesso pubblico non equivale a diritto di ripubblicazione. Codice locale originale CC0; nessuna nuova licenza applicata ai dati.,,Fonti originali,Licenza dei dati terzi non verificata come aperta: valgono i termini della fonte; accesso pubblico non equivale a diritto di ripubblicazione. Codice locale originale CC0; nessuna nuova licenza applicata ai dati.
funding_medio,2026-10-04,/contratti/21/open_interest_usd,471005.723,https://api.hyperliquid.xyz/info,"""Snapshot al momento del prelievo; non ricostruisce lo stato di ieri.""",Licenza dei dati terzi non verificata come aperta: valgono i termini della fonte; accesso pubblico non equivale a diritto di ripubblicazione. Codice locale originale CC0; nessuna nuova licenza applicata ai dati.,,Fonti originali,Licenza dei dati terzi non verificata come aperta: valgono i termini della fonte; accesso pubblico non equivale a diritto di ripubblicazione. Codice locale originale CC0; nessuna nuova licenza applicata ai dati.
funding_medio,2026-10-04,/contratti/22/asset,"""XRP""",https://api.hyperliquid.xyz/info,"""Snapshot al momento del prelievo; non ricostruisce lo stato di ieri.""",Licenza dei dati terzi non verificata come aperta: valgono i termini della fonte; accesso pubblico non equivale a diritto di ripubblicazione. Codice locale originale CC0; nessuna nuova licenza applicata ai dati.,,Fonti originali,Licenza dei dati terzi non verificata come aperta: valgono i termini della fonte; accesso pubblico non equivale a diritto di ripubblicazione. Codice locale originale CC0; nessuna nuova licenza applicata ai dati.
funding_medio,2026-10-04,/contratti/22/funding_orario,1.25e-05,https://api.hyperliquid.xyz/info,"""Snapshot al momento del prelievo; non ricostruisce lo stato di ieri.""",Licenza dei dati terzi non verificata come aperta: valgono i termini della fonte; accesso pubblico non equivale a diritto di ripubblicazione. Codice locale originale CC0; nessuna nuova licenza applicata ai dati.,,Fonti originali,Licenza dei dati terzi non verificata come aperta: valgono i termini della fonte; accesso pubblico non equivale a diritto di ripubblicazione. Codice locale originale CC0; nessuna nuova licenza applicata ai dati.
funding_medio,2026-10-04,/contratti/22/open_interest_usd,311181233.251,https://api.hyperliquid.xyz/info,"""Snapshot al momento del prelievo; non ricostruisce lo stato di ieri.""",Licenza dei dati terzi non verificata come aperta: valgono i termini della fonte; accesso pubblico non equivale a diritto di ripubblicazione. Codice locale originale CC0; nessuna nuova licenza applicata ai dati.,,Fonti originali,Licenza dei dati terzi non verificata come aperta: valgono i termini della fonte; accesso pubblico non equivale a diritto di ripubblicazione. Codice locale originale CC0; nessuna nuova licenza applicata ai dati.
funding_medio,2026-10-04,/contratti/23/asset,"""BCH""",https://api.hyperliquid.xyz/info,"""Snapshot al momento del prelievo; non ricostruisce lo stato di ieri.""",Licenza dei dati terzi non verificata come aperta: valgono i termini della fonte; accesso pubblico non equivale a diritto di ripubblicazione. Codice locale originale CC0; nessuna nuova licenza applicata ai dati.,,Fonti originali,Licenza dei dati terzi non verificata come aperta: valgono i termini della fonte; accesso pubblico non equivale a diritto di ripubblicazione. Codice locale originale CC0; nessuna nuova licenza applicata ai dati.
funding_medio,2026-10-04,/contratti/23/funding_orario,1.25e-05,https://api.hyperliquid.xyz/info,"""Snapshot al momento del prelievo; non ricostruisce lo stato di ieri.""",Licenza dei dati terzi non verificata come aperta: valgono i termini della fonte; accesso pubblico non equivale a diritto di ripubblicazione. Codice locale originale CC0; nessuna nuova licenza applicata ai dati.,,Fonti originali,Licenza dei dati terzi non verificata come aperta: valgono i termini della fonte; accesso pubblico non equivale a diritto di ripubblicazione. Codice locale originale CC0; nessuna nuova licenza applicata ai dati.
funding_medio,2026-10-04,/contratti/23/open_interest_usd,10453235.675400002,https://api.hyperliquid.xyz/info,"""Snapshot al momento del prelievo; non ricostruisce lo stato di ieri.""",Licenza dei dati terzi non verificata come aperta: valgono i termini della fonte; accesso pubblico non equivale a diritto di ripubblicazione. Codice locale originale CC0; nessuna nuova licenza applicata ai dati.,,Fonti originali,Licenza dei dati terzi non verificata come aperta: valgono i termini della fonte; accesso pubblico non equivale a diritto di ripubblicazione. Codice locale originale CC0; nessuna nuova licenza applicata ai dati.
funding_medio,2026-10-04,/contratti/24/asset,"""APT""",https://api.hyperliquid.xyz/info,"""Snapshot al momento del prelievo; non ricostruisce lo stato di ieri.""",Licenza dei dati terzi non verificata come aperta: valgono i termini della fonte; accesso pubblico non equivale a diritto di ripubblicazione. Codice locale originale CC0; nessuna nuova licenza applicata ai dati.,,Fonti originali,Licenza dei dati terzi non verificata come aperta: valgono i termini della fonte; accesso pubblico non equivale a diritto di ripubblicazione. Codice locale originale CC0; nessuna nuova licenza applicata ai dati.
funding_medio,2026-10-04,/contratti/24/funding_orario,1.25e-05,https://api.hyperliquid.xyz/info,"""Snapshot al momento del prelievo; non ricostruisce lo stato di ieri.""",Licenza dei dati terzi non verificata come aperta: valgono i termini della fonte; accesso pubblico non equivale a diritto di ripubblicazione. Codice locale originale CC0; nessuna nuova licenza applicata ai dati.,,Fonti originali,Licenza dei dati terzi non verificata come aperta: valgono i termini della fonte; accesso pubblico non equivale a diritto di ripubblicazione. Codice locale originale CC0; nessuna nuova licenza applicata ai dati.
funding_medio,2026-10-04,/contratti/24/open_interest_usd,4902921.24672,https://api.hyperliquid.xyz/info,"""Snapshot al momento del prelievo; non ricostruisce lo stato di ieri.""",Licenza dei dati terzi non verificata come aperta: valgono i termini della fonte; accesso pubblico non equivale a diritto di ripubblicazione. Codice locale originale CC0; nessuna nuova licenza applicata ai dati.,,Fonti originali,Licenza dei dati terzi non verificata come aperta: valgono i termini della fonte; accesso pubblico non equivale a diritto di ripubblicazione. Codice locale originale CC0; nessuna nuova licenza applicata ai dati.
funding_medio,2026-10-04,/contratti/25/asset,"""AAVE""",https://api.hyperliquid.xyz/info,"""Snapshot al momento del prelievo; non ricostruisce lo stato di ieri.""",Licenza dei dati terzi non verificata come aperta: valgono i termini della fonte; accesso pubblico non equivale a diritto di ripubblicazione. Codice locale originale CC0; nessuna nuova licenza applicata ai dati.,,Fonti originali,Licenza dei dati terzi non verificata come aperta: valgono i termini della fonte; accesso pubblico non equivale a diritto di ripubblicazione. Codice locale originale CC0; nessuna nuova licenza applicata ai dati.
funding_medio,2026-10-04,/contratti/25/funding_orario,1.25e-05,https://api.hyperliquid.xyz/info,"""Snapshot al momento del prelievo; non ricostruisce lo stato di ieri.""",Licenza dei dati terzi non verificata come aperta: valgono i termini della fonte; accesso pubblico non equivale a diritto di ripubblicazione. Codice locale originale CC0; nessuna nuova licenza applicata ai dati.,,Fonti originali,Licenza dei dati terzi non verificata come aperta: valgono i termini della fonte; accesso pubblico non equivale a diritto di ripubblicazione. Codice locale originale CC0; nessuna nuova licenza applicata ai dati.
funding_medio,2026-10-04,/contratti/25/open_interest_usd,81623966.40200001,https://api.hyperliquid.xyz/info,"""Snapshot al momento del prelievo; non ricostruisce lo stato di ieri.""",Licenza dei dati terzi non verificata come aperta: valgono i termini della fonte; accesso pubblico non equivale a diritto di ripubblicazione. Codice locale originale CC0; nessuna nuova licenza applicata ai dati.,,Fonti originali,Licenza dei dati terzi non verificata come aperta: valgono i termini della fonte; accesso pubblico non equivale a diritto di ripubblicazione. Codice locale originale CC0; nessuna nuova licenza applicata ai dati.
funding_medio,2026-10-04,/contratti/26/asset,"""COMP""",https://api.hyperliquid.xyz/info,"""Snapshot al momento del prelievo; non ricostruisce lo stato di ieri.""",Licenza dei dati terzi non verificata come aperta: valgono i termini della fonte; accesso pubblico non equivale a diritto di ripubblicazione. Codice locale originale CC0; nessuna nuova licenza applicata ai dati.,,Fonti originali,Licenza dei dati terzi non verificata come aperta: valgono i termini della fonte; accesso pubblico non equivale a diritto di ripubblicazione. Codice locale originale CC0; nessuna nuova licenza applicata ai dati.
funding_medio,2026-10-04,/contratti/26/funding_orario,1.25e-05,https://api.hyperliquid.xyz/info,"""Snapshot al momento del prelievo; non ricostruisce lo stato di ieri.""",Licenza dei dati terzi non verificata come aperta: valgono i termini della fonte; accesso pubblico non equivale a diritto di ripubblicazione. Codice locale originale CC0; nessuna nuova licenza applicata ai dati.,,Fonti originali,Licenza dei dati terzi non verificata come aperta: valgono i termini della fonte; accesso pubblico non equivale a diritto di ripubblicazione. Codice locale originale CC0; nessuna nuova licenza applicata ai dati.
funding_medio,2026-10-04,/contratti/26/open_interest_usd,951006.36296,https://api.hyperliquid.xyz/info,"""Snapshot al momento del prelievo; non ricostruisce lo stato di ieri.""",Licenza dei dati terzi non verificata come aperta: valgono i termini della fonte; accesso pubblico non equivale a diritto di ripubblicazione. Codice locale originale CC0; nessuna nuova licenza applicata ai dati.,,Fonti originali,Licenza dei dati terzi non verificata come aperta: valgono i termini della fonte; accesso pubblico non equivale a diritto di ripubblicazione. Codice locale originale CC0; nessuna nuova licenza applicata ai dati.
funding_medio,2026-10-04,/contratti/27/asset,"""WLD""",https://api.hyperliquid.xyz/info,"""Snapshot al momento del prelievo; non ricostruisce lo stato di ieri.""",Licenza dei dati terzi non verificata come aperta: valgono i termini della fonte; accesso pubblico non equivale a diritto di ripubblicazione. Codice locale originale CC0; nessuna nuova licenza applicata ai dati.,,Fonti originali,Licenza dei dati terzi non verificata come aperta: valgono i termini della fonte; accesso pubblico non equivale a diritto di ripubblicazione. Codice locale originale CC0; nessuna nuova licenza applicata ai dati.
funding_medio,2026-10-04,/contratti/27/funding_orario,1.25e-05,https://api.hyperliquid.xyz/info,"""Snapshot al momento del prelievo; non ricostruisce lo stato di ieri.""",Licenza dei dati terzi non verificata come aperta: valgono i termini della fonte; accesso pubblico non equivale a diritto di ripubblicazione. Codice locale originale CC0; nessuna nuova licenza applicata ai dati.,,Fonti originali,Licenza dei dati terzi non verificata come aperta: valgono i termini della fonte; accesso pubblico non equivale a diritto di ripubblicazione. Codice locale originale CC0; nessuna nuova licenza applicata ai dati.
funding_medio,2026-10-04,/contratti/27/open_interest_usd,92676040.49539196,https://api.hyperliquid.xyz/info,"""Snapshot al momento del prelievo; non ricostruisce lo stato di ieri.""",Licenza dei dati terzi non verificata come aperta: valgono i termini della fonte; accesso pubblico non equivale a diritto di ripubblicazione. Codice locale originale CC0; nessuna nuova licenza applicata ai dati.,,Fonti originali,Licenza dei dati terzi non verificata come aperta: valgono i termini della fonte; accesso pubblico non equivale a diritto di ripubblicazione. Codice locale originale CC0; nessuna nuova licenza applicata ai dati.
funding_medio,2026-10-04,/contratti/28/asset,"""YGG""",https://api.hyperliquid.xyz/info,"""Snapshot al momento del prelievo; non ricostruisce lo stato di ieri.""",Licenza dei dati terzi non verificata come aperta: valgono i termini della fonte; accesso pubblico non equivale a diritto di ripubblicazione. Codice locale originale CC0; nessuna nuova licenza applicata ai dati.,,Fonti originali,Licenza dei dati terzi non verificata come aperta: valgono i termini della fonte; accesso pubblico non equivale a diritto di ripubblicazione. Codice locale originale CC0; nessuna nuova licenza applicata ai dati.
funding_medio,2026-10-04,/contratti/28/funding_orario,1.25e-05,https://api.hyperliquid.xyz/info,"""Snapshot al momento del prelievo; non ricostruisce lo stato di ieri.""",Licenza dei dati terzi non verificata come aperta: valgono i termini della fonte; accesso pubblico non equivale a diritto di ripubblicazione. Codice locale originale CC0; nessuna nuova licenza applicata ai dati.,,Fonti originali,Licenza dei dati terzi non verificata come aperta: valgono i termini della fonte; accesso pubblico non equivale a diritto di ripubblicazione. Codice locale originale CC0; nessuna nuova licenza applicata ai dati.
funding_medio,2026-10-04,/contratti/28/open_interest_usd,205915.325464,https://api.hyperliquid.xyz/info,"""Snapshot al momento del prelievo; non ricostruisce lo stato di ieri.""",Licenza dei dati terzi non verificata come aperta: valgono i termini della fonte; accesso pubblico non equivale a diritto di ripubblicazione. Codice locale originale CC0; nessuna nuova licenza applicata ai dati.,,Fonti originali,Licenza dei dati terzi non verificata come aperta: valgono i termini della fonte; accesso pubblico non equivale a diritto di ripubblicazione. Codice locale originale CC0; nessuna nuova licenza applicata ai dati.
funding_medio,2026-10-04,/contratti/29/asset,"""TRX""",https://api.hyperliquid.xyz/info,"""Snapshot al momento del prelievo; non ricostruisce lo stato di ieri.""",Licenza dei dati terzi non verificata come aperta: valgono i termini della fonte; accesso pubblico non equivale a diritto di ripubblicazione. Codice locale originale CC0; nessuna nuova licenza applicata ai dati.,,Fonti originali,Licenza dei dati terzi non verificata come aperta: valgono i termini della fonte; accesso pubblico non equivale a diritto di ripubblicazione. Codice locale originale CC0; nessuna nuova licenza applicata ai dati.
funding_medio,2026-10-04,/contratti/29/funding_orario,-6.0793e-06,https://api.hyperliquid.xyz/info,"""Snapshot al momento del prelievo; non ricostruisce lo stato di ieri.""",Licenza dei dati terzi non verificata come aperta: valgono i termini della fonte; accesso pubblico non equivale a diritto di ripubblicazione. Codice locale originale CC0; nessuna nuova licenza applicata ai dati.,,Fonti originali,Licenza dei dati terzi non verificata come aperta: valgono i termini della fonte; accesso pubblico non equivale a diritto di ripubblicazione. Codice locale originale CC0; nessuna nuova licenza applicata ai dati.
funding_medio,2026-10-04,/contratti/29/open_interest_usd,13992496.453119999,https://api.hyperliquid.xyz/info,"""Snapshot al momento del prelievo; non ricostruisce lo stato di ieri.""",Licenza dei dati terzi non verificata come aperta: valgono i termini della fonte; accesso pubblico non equivale a diritto di ripubblicazione. Codice locale originale CC0; nessuna nuova licenza applicata ai dati.,,Fonti originali,Licenza dei dati terzi non verificata come aperta: valgono i termini della fonte; accesso pubblico non equivale a diritto di ripubblicazione. Codice locale originale CC0; nessuna nuova licenza applicata ai dati.
funding_medio,2026-10-04,/contratti/30/asset,"""kSHIB""",https://api.hyperliquid.xyz/info,"""Snapshot al momento del prelievo; non ricostruisce lo stato di ieri.""",Licenza dei dati terzi non verificata come aperta: valgono i termini della fonte; accesso pubblico non equivale a diritto di ripubblicazione. Codice locale originale CC0; nessuna nuova licenza applicata ai dati.,,Fonti originali,Licenza dei dati terzi non verificata come aperta: valgono i termini della fonte; accesso pubblico non equivale a diritto di ripubblicazione. Codice locale originale CC0; nessuna nuova licenza applicata ai dati.
funding_medio,2026-10-04,/contratti/30/funding_orario,4.14943e-05,https://api.hyperliquid.xyz/info,"""Snapshot al momento del prelievo; non ricostruisce lo stato di ieri.""",Licenza dei dati terzi non verificata come aperta: valgono i termini della fonte; accesso pubblico non equivale a diritto di ripubblicazione. Codice locale originale CC0; nessuna nuova licenza applicata ai dati.,,Fonti originali,Licenza dei dati terzi non verificata come aperta: valgono i termini della fonte; accesso pubblico non equivale a diritto di ripubblicazione. Codice locale originale CC0; nessuna nuova licenza applicata ai dati.
funding_medio,2026-10-04,/contratti/30/open_interest_usd,3597764.413032,https://api.hyperliquid.xyz/info,"""Snapshot al momento del prelievo; non ricostruisce lo stato di ieri.""",Licenza dei dati terzi non verificata come aperta: valgono i termini della fonte; accesso pubblico non equivale a diritto di ripubblicazione. Codice locale originale CC0; nessuna nuova licenza applicata ai dati.,,Fonti originali,Licenza dei dati terzi non verificata come aperta: valgono i termini della fonte; accesso pubblico non equivale a diritto di ripubblicazione. Codice locale originale CC0; nessuna nuova licenza applicata ai dati.
funding_medio,2026-10-04,/contratti/31/asset,"""UNI""",https://api.hyperliquid.xyz/info,"""Snapshot al momento del prelievo; non ricostruisce lo stato di ieri.""",Licenza dei dati terzi non verificata come aperta: valgono i termini della fonte; accesso pubblico non equivale a diritto di ripubblicazione. Codice locale originale CC0; nessuna nuova licenza applicata ai dati.,,Fonti originali,Licenza dei dati terzi non verificata come aperta: valgono i termini della fonte; accesso pubblico non equivale a diritto di ripubblicazione. Codice locale originale CC0; nessuna nuova licenza applicata ai dati.
funding_medio,2026-10-04,/contratti/31/funding_orario,1.25e-05,https://api.hyperliquid.xyz/info,"""Snapshot al momento del prelievo; non ricostruisce lo stato di ieri.""",Licenza dei dati terzi non verificata come aperta: valgono i termini della fonte; accesso pubblico non equivale a diritto di ripubblicazione. Codice locale originale CC0; nessuna nuova licenza applicata ai dati.,,Fonti originali,Licenza dei dati terzi non verificata come aperta: valgono i termini della fonte; accesso pubblico non equivale a diritto di ripubblicazione. Codice locale originale CC0; nessuna nuova licenza applicata ai dati.
funding_medio,2026-10-04,/contratti/31/open_interest_usd,90691269.88896003,https://api.hyperliquid.xyz/info,"""Snapshot al momento del prelievo; non ricostruisce lo stato di ieri.""",Licenza dei dati terzi non verificata come aperta: valgono i termini della fonte; accesso pubblico non equivale a diritto di ripubblicazione. Codice locale originale CC0; nessuna nuova licenza applicata ai dati.,,Fonti originali,Licenza dei dati terzi non verificata come aperta: valgono i termini della fonte; accesso pubblico non equivale a diritto di ripubblicazione. Codice locale originale CC0; nessuna nuova licenza applicata ai dati.
funding_medio,2026-10-04,/contratti/32/asset,"""SEI""",https://api.hyperliquid.xyz/info,"""Snapshot al momento del prelievo; non ricostruisce lo stato di ieri.""",Licenza dei dati terzi non verificata come aperta: valgono i termini della fonte; accesso pubblico non equivale a diritto di ripubblicazione. Codice locale originale CC0; nessuna nuova licenza applicata ai dati.,,Fonti originali,Licenza dei dati terzi non verificata come aperta: valgono i termini della fonte; accesso pubblico non equivale a diritto di ripubblicazione. Codice locale originale CC0; nessuna nuova licenza applicata ai dati.
funding_medio,2026-10-04,/contratti/32/funding_orario,1.25e-05,https://api.hyperliquid.xyz/info,"""Snapshot al momento del prelievo; non ricostruisce lo stato di ieri.""",Licenza dei dati terzi non verificata come aperta: valgono i termini della fonte; accesso pubblico non equivale a diritto di ripubblicazione. Codice locale originale CC0; nessuna nuova licenza applicata ai dati.,,Fonti originali,Licenza dei dati terzi non verificata come aperta: valgono i termini della fonte; accesso pubblico non equivale a diritto di ripubblicazione. Codice locale originale CC0; nessuna nuova licenza applicata ai dati.
funding_medio,2026-10-04,/contratti/32/open_interest_usd,5253450.361304,https://api.hyperliquid.xyz/info,"""Snapshot al momento del prelievo; non ricostruisce lo stato di ieri.""",Licenza dei dati terzi non verificata come aperta: valgono i termini della fonte; accesso pubblico non equivale a diritto di ripubblicazione. Codice locale originale CC0; nessuna nuova licenza applicata ai dati.,,Fonti originali,Licenza dei dati terzi non verificata come aperta: valgono i termini della fonte; accesso pubblico non equivale a diritto di ripubblicazione. Codice locale originale CC0; nessuna nuova licenza applicata ai dati.
funding_medio,2026-10-04,/contratti/33/asset,"""RUNE""",https://api.hyperliquid.xyz/info,"""Snapshot al momento del prelievo; non ricostruisce lo stato di ieri.""",Licenza dei dati terzi non verificata come aperta: valgono i termini della fonte; accesso pubblico non equivale a diritto di ripubblicazione. Codice locale originale CC0; nessuna nuova licenza applicata ai dati.,,Fonti originali,Licenza dei dati terzi non verificata come aperta: valgono i termini della fonte; accesso pubblico non equivale a diritto di ripubblicazione. Codice locale originale CC0; nessuna nuova licenza applicata ai dati.
funding_medio,2026-10-04,/contratti/33/funding_orario,1.25e-05,https://api.hyperliquid.xyz/info,"""Snapshot al momento del prelievo; non ricostruisce lo stato di ieri.""",Licenza dei dati terzi non verificata come aperta: valgono i termini della fonte; accesso pubblico non equivale a diritto di ripubblicazione. Codice locale originale CC0; nessuna nuova licenza applicata ai dati.,,Fonti originali,Licenza dei dati terzi non verificata come aperta: valgono i termini della fonte; accesso pubblico non equivale a diritto di ripubblicazione. Codice locale originale CC0; nessuna nuova licenza applicata ai dati.
funding_medio,2026-10-04,/contratti/33/open_interest_usd,2302008.672336,https://api.hyperliquid.xyz/info,"""Snapshot al momento del prelievo; non ricostruisce lo stato di ieri.""",Licenza dei dati terzi non verificata come aperta: valgono i termini della fonte; accesso pubblico non equivale a diritto di ripubblicazione. Codice locale originale CC0; nessuna nuova licenza applicata ai dati.,,Fonti originali,Licenza dei dati terzi non verificata come aperta: valgono i termini della fonte; accesso pubblico non equivale a diritto di ripubblicazione. Codice locale originale CC0; nessuna nuova licenza applicata ai dati.
funding_medio,2026-10-04,/contratti/34/asset,"""ZRO""",https://api.hyperliquid.xyz/info,"""Snapshot al momento del prelievo; non ricostruisce lo stato di ieri.""",Licenza dei dati terzi non verificata come aperta: valgono i termini della fonte; accesso pubblico non equivale a diritto di ripubblicazione. Codice locale originale CC0; nessuna nuova licenza applicata ai dati.,,Fonti originali,Licenza dei dati terzi non verificata come aperta: valgono i termini della fonte; accesso pubblico non equivale a diritto di ripubblicazione. Codice locale originale CC0; nessuna nuova licenza applicata ai dati.
funding_medio,2026-10-04,/contratti/34/funding_orario,1.25e-05,https://api.hyperliquid.xyz/info,"""Snapshot al momento del prelievo; non ricostruisce lo stato di ieri.""",Licenza dei dati terzi non verificata come aperta: valgono i termini della fonte; accesso pubblico non equivale a diritto di ripubblicazione. Codice locale originale CC0; nessuna nuova licenza applicata ai dati.,,Fonti originali,Licenza dei dati terzi non verificata come aperta: valgono i termini della fonte; accesso pubblico non equivale a diritto di ripubblicazione. Codice locale originale CC0; nessuna nuova licenza applicata ai dati.
funding_medio,2026-10-04,/contratti/34/open_interest_usd,96624086.28872001,https://api.hyperliquid.xyz/info,"""Snapshot al momento del prelievo; non ricostruisce lo stato di ieri.""",Licenza dei dati terzi non verificata come aperta: valgono i termini della fonte; accesso pubblico non equivale a diritto di ripubblicazione. Codice locale originale CC0; nessuna nuova licenza applicata ai dati.,,Fonti originali,Licenza dei dati terzi non verificata come aperta: valgono i termini della fonte; accesso pubblico non equivale a diritto di ripubblicazione. Codice locale originale CC0; nessuna nuova licenza applicata ai dati.
funding_medio,2026-10-04,/contratti/35/asset,"""DOT""",https://api.hyperliquid.xyz/info,"""Snapshot al momento del prelievo; non ricostruisce lo stato di ieri.""",Licenza dei dati terzi non verificata come aperta: valgono i termini della fonte; accesso pubblico non equivale a diritto di ripubblicazione. Codice locale originale CC0; nessuna nuova licenza applicata ai dati.,,Fonti originali,Licenza dei dati terzi non verificata come aperta: valgono i termini della fonte; accesso pubblico non equivale a diritto di ripubblicazione. Codice locale originale CC0; nessuna nuova licenza applicata ai dati.
funding_medio,2026-10-04,/contratti/35/funding_orario,1.25e-05,https://api.hyperliquid.xyz/info,"""Snapshot al momento del prelievo; non ricostruisce lo stato di ieri.""",Licenza dei dati terzi non verificata come aperta: valgono i termini della fonte; accesso pubblico non equivale a diritto di ripubblicazione. Codice locale originale CC0; nessuna nuova licenza applicata ai dati.,,Fonti originali,Licenza dei dati terzi non verificata come aperta: valgono i termini della fonte; accesso pubblico non equivale a diritto di ripubblicazione. Codice locale originale CC0; nessuna nuova licenza applicata ai dati.
funding_medio,2026-10-04,/contratti/35/open_interest_usd,5759429.229400001,https://api.hyperliquid.xyz/info,"""Snapshot al momento del prelievo; non ricostruisce lo stato di ieri.""",Licenza dei dati terzi non verificata come aperta: valgono i termini della fonte; accesso pubblico non equivale a diritto di ripubblicazione. Codice locale originale CC0; nessuna nuova licenza applicata ai dati.,,Fonti originali,Licenza dei dati terzi non verificata come aperta: valgono i termini della fonte; accesso pubblico non equivale a diritto di ripubblicazione. Codice locale originale CC0; nessuna nuova licenza applicata ai dati.
funding_medio,2026-10-04,/contratti/36/asset,"""BANANA""",https://api.hyperliquid.xyz/info,"""Snapshot al momento del prelievo; non ricostruisce lo stato di ieri.""",Licenza dei dati terzi non verificata come aperta: valgono i termini della fonte; accesso pubblico non equivale a diritto di ripubblicazione. Codice locale originale CC0; nessuna nuova licenza applicata ai dati.,,Fonti originali,Licenza dei dati terzi non verificata come aperta: valgono i termini della fonte; accesso pubblico non equivale a diritto di ripubblicazione. Codice locale originale CC0; nessuna nuova licenza applicata ai dati.
funding_medio,2026-10-04,/contratti/36/funding_orario,1.25e-05,https://api.hyperliquid.xyz/info,"""Snapshot al momento del prelievo; non ricostruisce lo stato di ieri.""",Licenza dei dati terzi non verificata come aperta: valgono i termini della fonte; accesso pubblico non equivale a diritto di ripubblicazione. Codice locale originale CC0; nessuna nuova licenza applicata ai dati.,,Fonti originali,Licenza dei dati terzi non verificata come aperta: valgono i termini della fonte; accesso pubblico non equivale a diritto di ripubblicazione. Codice locale originale CC0; nessuna nuova licenza applicata ai dati.
funding_medio,2026-10-04,/contratti/36/open_interest_usd,179671.81595999998,https://api.hyperliquid.xyz/info,"""Snapshot al momento del prelievo; non ricostruisce lo stato di ieri.""",Licenza dei dati terzi non verificata come aperta: valgono i termini della fonte; accesso pubblico non equivale a diritto di ripubblicazione. Codice locale originale CC0; nessuna nuova licenza applicata ai dati.,,Fonti originali,Licenza dei dati terzi non verificata come aperta: valgono i termini della fonte; accesso pubblico non equivale a diritto di ripubblicazione. Codice locale originale CC0; nessuna nuova licenza applicata ai dati.
funding_medio,2026-10-04,/contratti/37/asset,"""TRB""",https://api.hyperliquid.xyz/info,"""Snapshot al momento del prelievo; non ricostruisce lo stato di ieri.""",Licenza dei dati terzi non verificata come aperta: valgono i termini della fonte; accesso pubblico non equivale a diritto di ripubblicazione. Codice locale originale CC0; nessuna nuova licenza applicata ai dati.,,Fonti originali,Licenza dei dati terzi non verificata come aperta: valgono i termini della fonte; accesso pubblico non equivale a diritto di ripubblicazione. Codice locale originale CC0; nessuna nuova licenza applicata ai dati.
funding_medio,2026-10-04,/contratti/37/funding_orario,1.25e-05,https://api.hyperliquid.xyz/info,"""Snapshot al momento del prelievo; non ricostruisce lo stato di ieri.""",Licenza dei dati terzi non verificata come aperta: valgono i termini della fonte; accesso pubblico non equivale a diritto di ripubblicazione. Codice locale originale CC0; nessuna nuova licenza applicata ai dati.,,Fonti originali,Licenza dei dati terzi non verificata come aperta: valgono i termini della fonte; accesso pubblico non equivale a diritto di ripubblicazione. Codice locale originale CC0; nessuna nuova licenza applicata ai dati.
funding_medio,2026-10-04,/contratti/37/open_interest_usd,450243.2596800001,https://api.hyperliquid.xyz/info,"""Snapshot al momento del prelievo; non ricostruisce lo stato di ieri.""",Licenza dei dati terzi non verificata come aperta: valgono i termini della fonte; accesso pubblico non equivale a diritto di ripubblicazione. Codice locale originale CC0; nessuna nuova licenza applicata ai dati.,,Fonti originali,Licenza dei dati terzi non verificata come aperta: valgono i termini della fonte; accesso pubblico non equivale a diritto di ripubblicazione. Codice locale originale CC0; nessuna nuova licenza applicata ai dati.
funding_medio,2026-10-04,/contratti/38/asset,"""BIGTIME""",https://api.hyperliquid.xyz/info,"""Snapshot al momento del prelievo; non ricostruisce lo stato di ieri.""",Licenza dei dati terzi non verificata come aperta: valgono i termini della fonte; accesso pubblico non equivale a diritto di ripubblicazione. Codice locale originale CC0; nessuna nuova licenza applicata ai dati.,,Fonti originali,Licenza dei dati terzi non verificata come aperta: valgono i termini della fonte; accesso pubblico non equivale a diritto di ripubblicazione. Codice locale originale CC0; nessuna nuova licenza applicata ai dati.
funding_medio,2026-10-04,/contratti/38/funding_orario,1.25e-05,https://api.hyperliquid.xyz/info,"""Snapshot al momento del prelievo; non ricostruisce lo stato di ieri.""",Licenza dei dati terzi non verificata come aperta: valgono i termini della fonte; accesso pubblico non equivale a diritto di ripubblicazione. Codice locale originale CC0; nessuna nuova licenza applicata ai dati.,,Fonti originali,Licenza dei dati terzi non verificata come aperta: valgono i termini della fonte; accesso pubblico non equivale a diritto di ripubblicazione. Codice locale originale CC0; nessuna nuova licenza applicata ai dati.
funding_medio,2026-10-04,/contratti/38/open_interest_usd,168432.84123,https://api.hyperliquid.xyz/info,"""Snapshot al momento del prelievo; non ricostruisce lo stato di ieri.""",Licenza dei dati terzi non verificata come aperta: valgono i termini della fonte; accesso pubblico non equivale a diritto di ripubblicazione. Codice locale originale CC0; nessuna nuova licenza applicata ai dati.,,Fonti originali,Licenza dei dati terzi non verificata come aperta: valgono i termini della fonte; accesso pubblico non equivale a diritto di ripubblicazione. Codice locale originale CC0; nessuna nuova licenza applicata ai dati.
funding_medio,2026-10-04,/contratti/39/asset,"""KAS""",https://api.hyperliquid.xyz/info,"""Snapshot al momento del prelievo; non ricostruisce lo stato di ieri.""",Licenza dei dati terzi non verificata come aperta: valgono i termini della fonte; accesso pubblico non equivale a diritto di ripubblicazione. Codice locale originale CC0; nessuna nuova licenza applicata ai dati.,,Fonti originali,Licenza dei dati terzi non verificata come aperta: valgono i termini della fonte; accesso pubblico non equivale a diritto di ripubblicazione. Codice locale originale CC0; nessuna nuova licenza applicata ai dati.
funding_medio,2026-10-04,/contratti/39/funding_orario,1.25e-05,https://api.hyperliquid.xyz/info,"""Snapshot al momento del prelievo; non ricostruisce lo stato di ieri.""",Licenza dei dati terzi non verificata come aperta: valgono i termini della fonte; accesso pubblico non equivale a diritto di ripubblicazione. Codice locale originale CC0; nessuna nuova licenza applicata ai dati.,,Fonti originali,Licenza dei dati terzi non verificata come aperta: valgono i termini della fonte; accesso pubblico non equivale a diritto di ripubblicazione. Codice locale originale CC0; nessuna nuova licenza applicata ai dati.
funding_medio,2026-10-04,/contratti/39/open_interest_usd,2592228.761476,https://api.hyperliquid.xyz/info,"""Snapshot al momento del prelievo; non ricostruisce lo stato di ieri.""",Licenza dei dati terzi non verificata come aperta: valgono i termini della fonte; accesso pubblico non equivale a diritto di ripubblicazione. Codice locale originale CC0; nessuna nuova licenza applicata ai dati.,,Fonti originali,Licenza dei dati terzi non verificata come aperta: valgono i termini della fonte; accesso pubblico non equivale a diritto di ripubblicazione. Codice locale originale CC0; nessuna nuova licenza applicata ai dati.
funding_medio,2026-10-04,/contratti/40/asset,"""BLUR""",https://api.hyperliquid.xyz/info,"""Snapshot al momento del prelievo; non ricostruisce lo stato di ieri.""",Licenza dei dati terzi non verificata come aperta: valgono i termini della fonte; accesso pubblico non equivale a diritto di ripubblicazione. Codice locale originale CC0; nessuna nuova licenza applicata ai dati.,,Fonti originali,Licenza dei dati terzi non verificata come aperta: valgono i termini della fonte; accesso pubblico non equivale a diritto di ripubblicazione. Codice locale originale CC0; nessuna nuova licenza applicata ai dati.
funding_medio,2026-10-04,/contratti/40/funding_orario,1.25e-05,https://api.hyperliquid.xyz/info,"""Snapshot al momento del prelievo; non ricostruisce lo stato di ieri.""",Licenza dei dati terzi non verificata come aperta: valgono i termini della fonte; accesso pubblico non equivale a diritto di ripubblicazione. Codice locale originale CC0; nessuna nuova licenza applicata ai dati.,,Fonti originali,Licenza dei dati terzi non verificata come aperta: valgono i termini della fonte; accesso pubblico non equivale a diritto di ripubblicazione. Codice locale originale CC0; nessuna nuova licenza applicata ai dati.
funding_medio,2026-10-04,/contratti/40/open_interest_usd,1275176.7915,https://api.hyperliquid.xyz/info,"""Snapshot al momento del prelievo; non ricostruisce lo stato di ieri.""",Licenza dei dati terzi non verificata come aperta: valgono i termini della fonte; accesso pubblico non equivale a diritto di ripubblicazione. Codice locale originale CC0; nessuna nuova licenza applicata ai dati.,,Fonti originali,Licenza dei dati terzi non verificata come aperta: valgono i termini della fonte; accesso pubblico non equivale a diritto di ripubblicazione. Codice locale originale CC0; nessuna nuova licenza applicata ai dati.
funding_medio,2026-10-04,/contratti/41/asset,"""TIA""",https://api.hyperliquid.xyz/info,"""Snapshot al momento del prelievo; non ricostruisce lo stato di ieri.""",Licenza dei dati terzi non verificata come aperta: valgono i termini della fonte; accesso pubblico non equivale a diritto di ripubblicazione. Codice locale originale CC0; nessuna nuova licenza applicata ai dati.,,Fonti originali,Licenza dei dati terzi non verificata come aperta: valgono i termini della fonte; accesso pubblico non equivale a diritto di ripubblicazione. Codice locale originale CC0; nessuna nuova licenza applicata ai dati.
funding_medio,2026-10-04,/contratti/41/funding_orario,1.25e-05,https://api.hyperliquid.xyz/info,"""Snapshot al momento del prelievo; non ricostruisce lo stato di ieri.""",Licenza dei dati terzi non verificata come aperta: valgono i termini della fonte; accesso pubblico non equivale a diritto di ripubblicazione. Codice locale originale CC0; nessuna nuova licenza applicata ai dati.,,Fonti originali,Licenza dei dati terzi non verificata come aperta: valgono i termini della fonte; accesso pubblico non equivale a diritto di ripubblicazione. Codice locale originale CC0; nessuna nuova licenza applicata ai dati.
funding_medio,2026-10-04,/contratti/41/open_interest_usd,7874149.520678,https://api.hyperliquid.xyz/info,"""Snapshot al momento del prelievo; non ricostruisce lo stato di ieri.""",Licenza dei dati terzi non verificata come aperta: valgono i termini della fonte; accesso pubblico non equivale a diritto di ripubblicazione. Codice locale originale CC0; nessuna nuova licenza applicata ai dati.,,Fonti originali,Licenza dei dati terzi non verificata come aperta: valgono i termini della fonte; accesso pubblico non equivale a diritto di ripubblicazione. Codice locale originale CC0; nessuna nuova licenza applicata ai dati.
funding_medio,2026-10-04,/contratti/42/asset,"""BSV""",https://api.hyperliquid.xyz/info,"""Snapshot al momento del prelievo; non ricostruisce lo stato di ieri.""",Licenza dei dati terzi non verificata come aperta: valgono i termini della fonte; accesso pubblico non equivale a diritto di ripubblicazione. Codice locale originale CC0; nessuna nuova licenza applicata ai dati.,,Fonti originali,Licenza dei dati terzi non verificata come aperta: valgono i termini della fonte; accesso pubblico non equivale a diritto di ripubblicazione. Codice locale originale CC0; nessuna nuova licenza applicata ai dati.
funding_medio,2026-10-04,/contratti/42/funding_orario,1.25e-05,https://api.hyperliquid.xyz/info,"""Snapshot al momento del prelievo; non ricostruisce lo stato di ieri.""",Licenza dei dati terzi non verificata come aperta: valgono i termini della fonte; accesso pubblico non equivale a diritto di ripubblicazione. Codice locale originale CC0; nessuna nuova licenza applicata ai dati.,,Fonti originali,Licenza dei dati terzi non verificata come aperta: valgono i termini della fonte; accesso pubblico non equivale a diritto di ripubblicazione. Codice locale originale CC0; nessuna nuova licenza applicata ai dati.
funding_medio,2026-10-04,/contratti/42/open_interest_usd,1323628.1868599998,https://api.hyperliquid.xyz/info,"""Snapshot al momento del prelievo; non ricostruisce lo stato di ieri.""",Licenza dei dati terzi non verificata come aperta: valgono i termini della fonte; accesso pubblico non equivale a diritto di ripubblicazione. Codice locale originale CC0; nessuna nuova licenza applicata ai dati.,,Fonti originali,Licenza dei dati terzi non verificata come aperta: valgono i termini della fonte; accesso pubblico non equivale a diritto di ripubblicazione. Codice locale originale CC0; nessuna nuova licenza applicata ai dati.
funding_medio,2026-10-04,/contratti/43/asset,"""ADA""",https://api.hyperliquid.xyz/info,"""Snapshot al momento del prelievo; non ricostruisce lo stato di ieri.""",Licenza dei dati terzi non verificata come aperta: valgono i termini della fonte; accesso pubblico non equivale a diritto di ripubblicazione. Codice locale originale CC0; nessuna nuova licenza applicata ai dati.,,Fonti originali,Licenza dei dati terzi non verificata come aperta: valgono i termini della fonte; accesso pubblico non equivale a diritto di ripubblicazione. Codice locale originale CC0; nessuna nuova licenza applicata ai dati.
funding_medio,2026-10-04,/contratti/43/funding_orario,1.25e-05,https://api.hyperliquid.xyz/info,"""Snapshot al momento del prelievo; non ricostruisce lo stato di ieri.""",Licenza dei dati terzi non verificata come aperta: valgono i termini della fonte; accesso pubblico non equivale a diritto di ripubblicazione. Codice locale originale CC0; nessuna nuova licenza applicata ai dati.,,Fonti originali,Licenza dei dati terzi non verificata come aperta: valgono i termini della fonte; accesso pubblico non equivale a diritto di ripubblicazione. Codice locale originale CC0; nessuna nuova licenza applicata ai dati.
funding_medio,2026-10-04,/contratti/43/open_interest_usd,45028083.459240004,https://api.hyperliquid.xyz/info,"""Snapshot al momento del prelievo; non ricostruisce lo stato di ieri.""",Licenza dei dati terzi non verificata come aperta: valgono i termini della fonte; accesso pubblico non equivale a diritto di ripubblicazione. Codice locale originale CC0; nessuna nuova licenza applicata ai dati.,,Fonti originali,Licenza dei dati terzi non verificata come aperta: valgono i termini della fonte; accesso pubblico non equivale a diritto di ripubblicazione. Codice locale originale CC0; nessuna nuova licenza applicata ai dati.
funding_medio,2026-10-04,/contratti/44/asset,"""MINA""",https://api.hyperliquid.xyz/info,"""Snapshot al momento del prelievo; non ricostruisce lo stato di ieri.""",Licenza dei dati terzi non verificata come aperta: valgono i termini della fonte; accesso pubblico non equivale a diritto di ripubblicazione. Codice locale originale CC0; nessuna nuova licenza applicata ai dati.,,Fonti originali,Licenza dei dati terzi non verificata come aperta: valgono i termini della fonte; accesso pubblico non equivale a diritto di ripubblicazione. Codice locale originale CC0; nessuna nuova licenza applicata ai dati.
funding_medio,2026-10-04,/contratti/44/funding_orario,-8.9933e-06,https://api.hyperliquid.xyz/info,"""Snapshot al momento del prelievo; non ricostruisce lo stato di ieri.""",Licenza dei dati terzi non verificata come aperta: valgono i termini della fonte; accesso pubblico non equivale a diritto di ripubblicazione. Codice locale originale CC0; nessuna nuova licenza applicata ai dati.,,Fonti originali,Licenza dei dati terzi non verificata come aperta: valgono i termini della fonte; accesso pubblico non equivale a diritto di ripubblicazione. Codice locale originale CC0; nessuna nuova licenza applicata ai dati.
funding_medio,2026-10-04,/contratti/44/open_interest_usd,3285821.44074,https://api.hyperliquid.xyz/info,"""Snapshot al momento del prelievo; non ricostruisce lo stato di ieri.""",Licenza dei dati terzi non verificata come aperta: valgono i termini della fonte; accesso pubblico non equivale a diritto di ripubblicazione. Codice locale originale CC0; nessuna nuova licenza applicata ai dati.,,Fonti originali,Licenza dei dati terzi non verificata come aperta: valgono i termini della fonte; accesso pubblico non equivale a diritto di ripubblicazione. Codice locale originale CC0; nessuna nuova licenza applicata ai dati.
funding_medio,2026-10-04,/contratti/45/asset,"""POLYX""",https://api.hyperliquid.xyz/info,"""Snapshot al momento del prelievo; non ricostruisce lo stato di ieri.""",Licenza dei dati terzi non verificata come aperta: valgono i termini della fonte; accesso pubblico non equivale a diritto di ripubblicazione. Codice locale originale CC0; nessuna nuova licenza applicata ai dati.,,Fonti originali,Licenza dei dati terzi non verificata come aperta: valgono i termini della fonte; accesso pubblico non equivale a diritto di ripubblicazione. Codice locale originale CC0; nessuna nuova licenza applicata ai dati.
funding_medio,2026-10-04,/contratti/45/funding_orario,1.25e-05,https://api.hyperliquid.xyz/info,"""Snapshot al momento del prelievo; non ricostruisce lo stato di ieri.""",Licenza dei dati terzi non verificata come aperta: valgono i termini della fonte; accesso pubblico non equivale a diritto di ripubblicazione. Codice locale originale CC0; nessuna nuova licenza applicata ai dati.,,Fonti originali,Licenza dei dati terzi non verificata come aperta: valgono i termini della fonte; accesso pubblico non equivale a diritto di ripubblicazione. Codice locale originale CC0; nessuna nuova licenza applicata ai dati.
funding_medio,2026-10-04,/contratti/45/open_interest_usd,51172.245488,https://api.hyperliquid.xyz/info,"""Snapshot al momento del prelievo; non ricostruisce lo stato di ieri.""",Licenza dei dati terzi non verificata come aperta: valgono i termini della fonte; accesso pubblico non equivale a diritto di ripubblicazione. Codice locale originale CC0; nessuna nuova licenza applicata ai dati.,,Fonti originali,Licenza dei dati terzi non verificata come aperta: valgono i termini della fonte; accesso pubblico non equivale a diritto di ripubblicazione. Codice locale originale CC0; nessuna nuova licenza applicata ai dati.
funding_medio,2026-10-04,/contratti/46/asset,"""GAS""",https://api.hyperliquid.xyz/info,"""Snapshot al momento del prelievo; non ricostruisce lo stato di ieri.""",Licenza dei dati terzi non verificata come aperta: valgono i termini della fonte; accesso pubblico non equivale a diritto di ripubblicazione. Codice locale originale CC0; nessuna nuova licenza applicata ai dati.,,Fonti originali,Licenza dei dati terzi non verificata come aperta: valgono i termini della fonte; accesso pubblico non equivale a diritto di ripubblicazione. Codice locale originale CC0; nessuna nuova licenza applicata ai dati.
funding_medio,2026-10-04,/contratti/46/funding_orario,1.25e-05,https://api.hyperliquid.xyz/info,"""Snapshot al momento del prelievo; non ricostruisce lo stato di ieri.""",Licenza dei dati terzi non verificata come aperta: valgono i termini della fonte; accesso pubblico non equivale a diritto di ripubblicazione. Codice locale originale CC0; nessuna nuova licenza applicata ai dati.,,Fonti originali,Licenza dei dati terzi non verificata come aperta: valgono i termini della fonte; accesso pubblico non equivale a diritto di ripubblicazione. Codice locale originale CC0; nessuna nuova licenza applicata ai dati.
funding_medio,2026-10-04,/contratti/46/open_interest_usd,96778.59846000001,https://api.hyperliquid.xyz/info,"""Snapshot al momento del prelievo; non ricostruisce lo stato di ieri.""",Licenza dei dati terzi non verificata come aperta: valgono i termini della fonte; accesso pubblico non equivale a diritto di ripubblicazione. Codice locale originale CC0; nessuna nuova licenza applicata ai dati.,,Fonti originali,Licenza dei dati terzi non verificata come aperta: valgono i termini della fonte; accesso pubblico non equivale a diritto di ripubblicazione. Codice locale originale CC0; nessuna nuova licenza applicata ai dati.
funding_medio,2026-10-04,/contratti/47/asset,"""PENDLE""",https://api.hyperliquid.xyz/info,"""Snapshot al momento del prelievo; non ricostruisce lo stato di ieri.""",Licenza dei dati terzi non verificata come aperta: valgono i termini della fonte; accesso pubblico non equivale a diritto di ripubblicazione. Codice locale originale CC0; nessuna nuova licenza applicata ai dati.,,Fonti originali,Licenza dei dati terzi non verificata come aperta: valgono i termini della fonte; accesso pubblico non equivale a diritto di ripubblicazione. Codice locale originale CC0; nessuna nuova licenza applicata ai dati.
funding_medio,2026-10-04,/contratti/47/funding_orario,1.25e-05,https://api.hyperliquid.xyz/info,"""Snapshot al momento del prelievo; non ricostruisce lo stato di ieri.""",Licenza dei dati terzi non verificata come aperta: valgono i termini della fonte; accesso pubblico non equivale a diritto di ripubblicazione. Codice locale originale CC0; nessuna nuova licenza applicata ai dati.,,Fonti originali,Licenza dei dati terzi non verificata come aperta: valgono i termini della fonte; accesso pubblico non equivale a diritto di ripubblicazione. Codice locale originale CC0; nessuna nuova licenza applicata ai dati.
funding_medio,2026-10-04,/contratti/47/open_interest_usd,15695927.2232,https://api.hyperliquid.xyz/info,"""Snapshot al momento del prelievo; non ricostruisce lo stato di ieri.""",Licenza dei dati terzi non verificata come aperta: valgono i termini della fonte; accesso pubblico non equivale a diritto di ripubblicazione. Codice locale originale CC0; nessuna nuova licenza applicata ai dati.,,Fonti originali,Licenza dei dati terzi non verificata come aperta: valgono i termini della fonte; accesso pubblico non equivale a diritto di ripubblicazione. Codice locale originale CC0; nessuna nuova licenza applicata ai dati.
funding_medio,2026-10-04,/contratti/48/asset,"""FET""",https://api.hyperliquid.xyz/info,"""Snapshot al momento del prelievo; non ricostruisce lo stato di ieri.""",Licenza dei dati terzi non verificata come aperta: valgono i termini della fonte; accesso pubblico non equivale a diritto di ripubblicazione. Codice locale originale CC0; nessuna nuova licenza applicata ai dati.,,Fonti originali,Licenza dei dati terzi non verificata come aperta: valgono i termini della fonte; accesso pubblico non equivale a diritto di ripubblicazione. Codice locale originale CC0; nessuna nuova licenza applicata ai dati.
funding_medio,2026-10-04,/contratti/48/funding_orario,1.25e-05,https://api.hyperliquid.xyz/info,"""Snapshot al momento del prelievo; non ricostruisce lo stato di ieri.""",Licenza dei dati terzi non verificata come aperta: valgono i termini della fonte; accesso pubblico non equivale a diritto di ripubblicazione. Codice locale originale CC0; nessuna nuova licenza applicata ai dati.,,Fonti originali,Licenza dei dati terzi non verificata come aperta: valgono i termini della fonte; accesso pubblico non equivale a diritto di ripubblicazione. Codice locale originale CC0; nessuna nuova licenza applicata ai dati.
funding_medio,2026-10-04,/contratti/48/open_interest_usd,15472122.666,https://api.hyperliquid.xyz/info,"""Snapshot al momento del prelievo; non ricostruisce lo stato di ieri.""",Licenza dei dati terzi non verificata come aperta: valgono i termini della fonte; accesso pubblico non equivale a diritto di ripubblicazione. Codice locale originale CC0; nessuna nuova licenza applicata ai dati.,,Fonti originali,Licenza dei dati terzi non verificata come aperta: valgono i termini della fonte; accesso pubblico non equivale a diritto di ripubblicazione. Codice locale originale CC0; nessuna nuova licenza applicata ai dati.
funding_medio,2026-10-04,/contratti/49/asset,"""NEAR""",https://api.hyperliquid.xyz/info,"""Snapshot al momento del prelievo; non ricostruisce lo stato di ieri.""",Licenza dei dati terzi non verificata come aperta: valgono i termini della fonte; accesso pubblico non equivale a diritto di ripubblicazione. Codice locale originale CC0; nessuna nuova licenza applicata ai dati.,,Fonti originali,Licenza dei dati terzi non verificata come aperta: valgono i termini della fonte; accesso pubblico non equivale a diritto di ripubblicazione. Codice locale originale CC0; nessuna nuova licenza applicata ai dati.
funding_medio,2026-10-04,/contratti/49/funding_orario,1.61963e-05,https://api.hyperliquid.xyz/info,"""Snapshot al momento del prelievo; non ricostruisce lo stato di ieri.""",Licenza dei dati terzi non verificata come aperta: valgono i termini della fonte; accesso pubblico non equivale a diritto di ripubblicazione. Codice locale originale CC0; nessuna nuova licenza applicata ai dati.,,Fonti originali,Licenza dei dati terzi non verificata come aperta: valgono i termini della fonte; accesso pubblico non equivale a diritto di ripubblicazione. Codice locale originale CC0; nessuna nuova licenza applicata ai dati.
funding_medio,2026-10-04,/contratti/49/open_interest_usd,360775035.51559997,https://api.hyperliquid.xyz/info,"""Snapshot al momento del prelievo; non ricostruisce lo stato di ieri.""",Licenza dei dati terzi non verificata come aperta: valgono i termini della fonte; accesso pubblico non equivale a diritto di ripubblicazione. Codice locale originale CC0; nessuna nuova licenza applicata ai dati.,,Fonti originali,Licenza dei dati terzi non verificata come aperta: valgono i termini della fonte; accesso pubblico non equivale a diritto di ripubblicazione. Codice locale originale CC0; nessuna nuova licenza applicata ai dati.
funding_medio,2026-10-04,/contratti/50/asset,"""MEME""",https://api.hyperliquid.xyz/info,"""Snapshot al momento del prelievo; non ricostruisce lo stato di ieri.""",Licenza dei dati terzi non verificata come aperta: valgono i termini della fonte; accesso pubblico non equivale a diritto di ripubblicazione. Codice locale originale CC0; nessuna nuova licenza applicata ai dati.,,Fonti originali,Licenza dei dati terzi non verificata come aperta: valgono i termini della fonte; accesso pubblico non equivale a diritto di ripubblicazione. Codice locale originale CC0; nessuna nuova licenza applicata ai dati.
funding_medio,2026-10-04,/contratti/50/funding_orario,1.25e-05,https://api.hyperliquid.xyz/info,"""Snapshot al momento del prelievo; non ricostruisce lo stato di ieri.""",Licenza dei dati terzi non verificata come aperta: valgono i termini della fonte; accesso pubblico non equivale a diritto di ripubblicazione. Codice locale originale CC0; nessuna nuova licenza applicata ai dati.,,Fonti originali,Licenza dei dati terzi non verificata come aperta: valgono i termini della fonte; accesso pubblico non equivale a diritto di ripubblicazione. Codice locale originale CC0; nessuna nuova licenza applicata ai dati.
funding_medio,2026-10-04,/contratti/50/open_interest_usd,505092.294972,https://api.hyperliquid.xyz/info,"""Snapshot al momento del prelievo; non ricostruisce lo stato di ieri.""",Licenza dei dati terzi non verificata come aperta: valgono i termini della fonte; accesso pubblico non equivale a diritto di ripubblicazione. Codice locale originale CC0; nessuna nuova licenza applicata ai dati.,,Fonti originali,Licenza dei dati terzi non verificata come aperta: valgono i termini della fonte; accesso pubblico non equivale a diritto di ripubblicazione. Codice locale originale CC0; nessuna nuova licenza applicata ai dati.
funding_medio,2026-10-04,/contratti/51/asset,"""ORDI""",https://api.hyperliquid.xyz/info,"""Snapshot al momento del prelievo; non ricostruisce lo stato di ieri.""",Licenza dei dati terzi non verificata come aperta: valgono i termini della fonte; accesso pubblico non equivale a diritto di ripubblicazione. Codice locale originale CC0; nessuna nuova licenza applicata ai dati.,,Fonti originali,Licenza dei dati terzi non verificata come aperta: valgono i termini della fonte; accesso pubblico non equivale a diritto di ripubblicazione. Codice locale originale CC0; nessuna nuova licenza applicata ai dati.
funding_medio,2026-10-04,/contratti/51/funding_orario,1.25e-05,https://api.hyperliquid.xyz/info,"""Snapshot al momento del prelievo; non ricostruisce lo stato di ieri.""",Licenza dei dati terzi non verificata come aperta: valgono i termini della fonte; accesso pubblico non equivale a diritto di ripubblicazione. Codice locale originale CC0; nessuna nuova licenza applicata ai dati.,,Fonti originali,Licenza dei dati terzi non verificata come aperta: valgono i termini della fonte; accesso pubblico non equivale a diritto di ripubblicazione. Codice locale originale CC0; nessuna nuova licenza applicata ai dati.
funding_medio,2026-10-04,/contratti/51/open_interest_usd,734215.030296,https://api.hyperliquid.xyz/info,"""Snapshot al momento del prelievo; non ricostruisce lo stato di ieri.""",Licenza dei dati terzi non verificata come aperta: valgono i termini della fonte; accesso pubblico non equivale a diritto di ripubblicazione. Codice locale originale CC0; nessuna nuova licenza applicata ai dati.,,Fonti originali,Licenza dei dati terzi non verificata come aperta: valgono i termini della fonte; accesso pubblico non equivale a diritto di ripubblicazione. Codice locale originale CC0; nessuna nuova licenza applicata ai dati.
funding_medio,2026-10-04,/contratti/52/asset,"""NEO""",https://api.hyperliquid.xyz/info,"""Snapshot al momento del prelievo; non ricostruisce lo stato di ieri.""",Licenza dei dati terzi non verificata come aperta: valgono i termini della fonte; accesso pubblico non equivale a diritto di ripubblicazione. Codice locale originale CC0; nessuna nuova licenza applicata ai dati.,,Fonti originali,Licenza dei dati terzi non verificata come aperta: valgono i termini della fonte; accesso pubblico non equivale a diritto di ripubblicazione. Codice locale originale CC0; nessuna nuova licenza applicata ai dati.
funding_medio,2026-10-04,/contratti/52/funding_orario,1.25e-05,https://api.hyperliquid.xyz/info,"""Snapshot al momento del prelievo; non ricostruisce lo stato di ieri.""",Licenza dei dati terzi non verificata come aperta: valgono i termini della fonte; accesso pubblico non equivale a diritto di ripubblicazione. Codice locale originale CC0; nessuna nuova licenza applicata ai dati.,,Fonti originali,Licenza dei dati terzi non verificata come aperta: valgono i termini della fonte; accesso pubblico non equivale a diritto di ripubblicazione. Codice locale originale CC0; nessuna nuova licenza applicata ai dati.
funding_medio,2026-10-04,/contratti/52/open_interest_usd,654904.745474,https://api.hyperliquid.xyz/info,"""Snapshot al momento del prelievo; non ricostruisce lo stato di ieri.""",Licenza dei dati terzi non verificata come aperta: valgono i termini della fonte; accesso pubblico non equivale a diritto di ripubblicazione. Codice locale originale CC0; nessuna nuova licenza applicata ai dati.,,Fonti originali,Licenza dei dati terzi non verificata come aperta: valgono i termini della fonte; accesso pubblico non equivale a diritto di ripubblicazione. Codice locale originale CC0; nessuna nuova licenza applicata ai dati.
funding_medio,2026-10-04,/contratti/53/asset,"""ZEN""",https://api.hyperliquid.xyz/info,"""Snapshot al momento del prelievo; non ricostruisce lo stato di ieri.""",Licenza dei dati terzi non verificata come aperta: valgono i termini della fonte; accesso pubblico non equivale a diritto di ripubblicazione. Codice locale originale CC0; nessuna nuova licenza applicata ai dati.,,Fonti originali,Licenza dei dati terzi non verificata come aperta: valgono i termini della fonte; accesso pubblico non equivale a diritto di ripubblicazione. Codice locale originale CC0; nessuna nuova licenza applicata ai dati.
funding_medio,2026-10-04,/contratti/53/funding_orario,1.25e-05,https://api.hyperliquid.xyz/info,"""Snapshot al momento del prelievo; non ricostruisce lo stato di ieri.""",Licenza dei dati terzi non verificata come aperta: valgono i termini della fonte; accesso pubblico non equivale a diritto di ripubblicazione. Codice locale originale CC0; nessuna nuova licenza applicata ai dati.,,Fonti originali,Licenza dei dati terzi non verificata come aperta: valgono i termini della fonte; accesso pubblico non equivale a diritto di ripubblicazione. Codice locale originale CC0; nessuna nuova licenza applicata ai dati.
funding_medio,2026-10-04,/contratti/53/open_interest_usd,1643013.611604,https://api.hyperliquid.xyz/info,"""Snapshot al momento del prelievo; non ricostruisce lo stato di ieri.""",Licenza dei dati terzi non verificata come aperta: valgono i termini della fonte; accesso pubblico non equivale a diritto di ripubblicazione. Codice locale originale CC0; nessuna nuova licenza applicata ai dati.,,Fonti originali,Licenza dei dati terzi non verificata come aperta: valgono i termini della fonte; accesso pubblico non equivale a diritto di ripubblicazione. Codice locale originale CC0; nessuna nuova licenza applicata ai dati.
funding_medio,2026-10-04,/contratti/54/asset,"""FIL""",https://api.hyperliquid.xyz/info,"""Snapshot al momento del prelievo; non ricostruisce lo stato di ieri.""",Licenza dei dati terzi non verificata come aperta: valgono i termini della fonte; accesso pubblico non equivale a diritto di ripubblicazione. Codice locale originale CC0; nessuna nuova licenza applicata ai dati.,,Fonti originali,Licenza dei dati terzi non verificata come aperta: valgono i termini della fonte; accesso pubblico non equivale a diritto di ripubblicazione. Codice locale originale CC0; nessuna nuova licenza applicata ai dati.
funding_medio,2026-10-04,/contratti/54/funding_orario,1.25e-05,https://api.hyperliquid.xyz/info,"""Snapshot al momento del prelievo; non ricostruisce lo stato di ieri.""",Licenza dei dati terzi non verificata come aperta: valgono i termini della fonte; accesso pubblico non equivale a diritto di ripubblicazione. Codice locale originale CC0; nessuna nuova licenza applicata ai dati.,,Fonti originali,Licenza dei dati terzi non verificata come aperta: valgono i termini della fonte; accesso pubblico non equivale a diritto di ripubblicazione. Codice locale originale CC0; nessuna nuova licenza applicata ai dati.
funding_medio,2026-10-04,/contratti/54/open_interest_usd,8986468.91044,https://api.hyperliquid.xyz/info,"""Snapshot al momento del prelievo; non ricostruisce lo stato di ieri.""",Licenza dei dati terzi non verificata come aperta: valgono i termini della fonte; accesso pubblico non equivale a diritto di ripubblicazione. Codice locale originale CC0; nessuna nuova licenza applicata ai dati.,,Fonti originali,Licenza dei dati terzi non verificata come aperta: valgono i termini della fonte; accesso pubblico non equivale a diritto di ripubblicazione. Codice locale originale CC0; nessuna nuova licenza applicata ai dati.
funding_medio,2026-10-04,/contratti/55/asset,"""PYTH""",https://api.hyperliquid.xyz/info,"""Snapshot al momento del prelievo; non ricostruisce lo stato di ieri.""",Licenza dei dati terzi non verificata come aperta: valgono i termini della fonte; accesso pubblico non equivale a diritto di ripubblicazione. Codice locale originale CC0; nessuna nuova licenza applicata ai dati.,,Fonti originali,Licenza dei dati terzi non verificata come aperta: valgono i termini della fonte; accesso pubblico non equivale a diritto di ripubblicazione. Codice locale originale CC0; nessuna nuova licenza applicata ai dati.
funding_medio,2026-10-04,/contratti/55/funding_orario,1.25e-05,https://api.hyperliquid.xyz/info,"""Snapshot al momento del prelievo; non ricostruisce lo stato di ieri.""",Licenza dei dati terzi non verificata come aperta: valgono i termini della fonte; accesso pubblico non equivale a diritto di ripubblicazione. Codice locale originale CC0; nessuna nuova licenza applicata ai dati.,,Fonti originali,Licenza dei dati terzi non verificata come aperta: valgono i termini della fonte; accesso pubblico non equivale a diritto di ripubblicazione. Codice locale originale CC0; nessuna nuova licenza applicata ai dati.
funding_medio,2026-10-04,/contratti/55/open_interest_usd,1777817.3829360001,https://api.hyperliquid.xyz/info,"""Snapshot al momento del prelievo; non ricostruisce lo stato di ieri.""",Licenza dei dati terzi non verificata come aperta: valgono i termini della fonte; accesso pubblico non equivale a diritto di ripubblicazione. Codice locale originale CC0; nessuna nuova licenza applicata ai dati.,,Fonti originali,Licenza dei dati terzi non verificata come aperta: valgono i termini della fonte; accesso pubblico non equivale a diritto di ripubblicazione. Codice locale originale CC0; nessuna nuova licenza applicata ai dati.
funding_medio,2026-10-04,/contratti/56/asset,"""SUSHI""",https://api.hyperliquid.xyz/info,"""Snapshot al momento del prelievo; non ricostruisce lo stato di ieri.""",Licenza dei dati terzi non verificata come aperta: valgono i termini della fonte; accesso pubblico non equivale a diritto di ripubblicazione. Codice locale originale CC0; nessuna nuova licenza applicata ai dati.,,Fonti originali,Licenza dei dati terzi non verificata come aperta: valgono i termini della fonte; accesso pubblico non equivale a diritto di ripubblicazione. Codice locale originale CC0; nessuna nuova licenza applicata ai dati.
funding_medio,2026-10-04,/contratti/56/funding_orario,1.25e-05,https://api.hyperliquid.xyz/info,"""Snapshot al momento del prelievo; non ricostruisce lo stato di ieri.""",Licenza dei dati terzi non verificata come aperta: valgono i termini della fonte; accesso pubblico non equivale a diritto di ripubblicazione. Codice locale originale CC0; nessuna nuova licenza applicata ai dati.,,Fonti originali,Licenza dei dati terzi non verificata come aperta: valgono i termini della fonte; accesso pubblico non equivale a diritto di ripubblicazione. Codice locale originale CC0; nessuna nuova licenza applicata ai dati.
funding_medio,2026-10-04,/contratti/56/open_interest_usd,463246.49804599996,https://api.hyperliquid.xyz/info,"""Snapshot al momento del prelievo; non ricostruisce lo stato di ieri.""",Licenza dei dati terzi non verificata come aperta: valgono i termini della fonte; accesso pubblico non equivale a diritto di ripubblicazione. Codice locale originale CC0; nessuna nuova licenza applicata ai dati.,,Fonti originali,Licenza dei dati terzi non verificata come aperta: valgono i termini della fonte; accesso pubblico non equivale a diritto di ripubblicazione. Codice locale originale CC0; nessuna nuova licenza applicata ai dati.
funding_medio,2026-10-04,/contratti/57/asset,"""IMX""",https://api.hyperliquid.xyz/info,"""Snapshot al momento del prelievo; non ricostruisce lo stato di ieri.""",Licenza dei dati terzi non verificata come aperta: valgono i termini della fonte; accesso pubblico non equivale a diritto di ripubblicazione. Codice locale originale CC0; nessuna nuova licenza applicata ai dati.,,Fonti originali,Licenza dei dati terzi non verificata come aperta: valgono i termini della fonte; accesso pubblico non equivale a diritto di ripubblicazione. Codice locale originale CC0; nessuna nuova licenza applicata ai dati.
funding_medio,2026-10-04,/contratti/57/funding_orario,1.25e-05,https://api.hyperliquid.xyz/info,"""Snapshot al momento del prelievo; non ricostruisce lo stato di ieri.""",Licenza dei dati terzi non verificata come aperta: valgono i termini della fonte; accesso pubblico non equivale a diritto di ripubblicazione. Codice locale originale CC0; nessuna nuova licenza applicata ai dati.,,Fonti originali,Licenza dei dati terzi non verificata come aperta: valgono i termini della fonte; accesso pubblico non equivale a diritto di ripubblicazione. Codice locale originale CC0; nessuna nuova licenza applicata ai dati.
funding_medio,2026-10-04,/contratti/57/open_interest_usd,5418677.623338,https://api.hyperliquid.xyz/info,"""Snapshot al momento del prelievo; non ricostruisce lo stato di ieri.""",Licenza dei dati terzi non verificata come aperta: valgono i termini della fonte; accesso pubblico non equivale a diritto di ripubblicazione. Codice locale originale CC0; nessuna nuova licenza applicata ai dati.,,Fonti originali,Licenza dei dati terzi non verificata come aperta: valgono i termini della fonte; accesso pubblico non equivale a diritto di ripubblicazione. Codice locale originale CC0; nessuna nuova licenza applicata ai dati.
funding_medio,2026-10-04,/contratti/58/asset,"""kBONK""",https://api.hyperliquid.xyz/info,"""Snapshot al momento del prelievo; non ricostruisce lo stato di ieri.""",Licenza dei dati terzi non verificata come aperta: valgono i termini della fonte; accesso pubblico non equivale a diritto di ripubblicazione. Codice locale originale CC0; nessuna nuova licenza applicata ai dati.,,Fonti originali,Licenza dei dati terzi non verificata come aperta: valgono i termini della fonte; accesso pubblico non equivale a diritto di ripubblicazione. Codice locale originale CC0; nessuna nuova licenza applicata ai dati.
funding_medio,2026-10-04,/contratti/58/funding_orario,3.2118e-05,https://api.hyperliquid.xyz/info,"""Snapshot al momento del prelievo; non ricostruisce lo stato di ieri.""",Licenza dei dati terzi non verificata come aperta: valgono i termini della fonte; accesso pubblico non equivale a diritto di ripubblicazione. Codice locale originale CC0; nessuna nuova licenza applicata ai dati.,,Fonti originali,Licenza dei dati terzi non verificata come aperta: valgono i termini della fonte; accesso pubblico non equivale a diritto di ripubblicazione. Codice locale originale CC0; nessuna nuova licenza applicata ai dati.
funding_medio,2026-10-04,/contratti/58/open_interest_usd,15534450.874368,https://api.hyperliquid.xyz/info,"""Snapshot al momento del prelievo; non ricostruisce lo stato di ieri.""",Licenza dei dati terzi non verificata come aperta: valgono i termini della fonte; accesso pubblico non equivale a diritto di ripubblicazione. Codice locale originale CC0; nessuna nuova licenza applicata ai dati.,,Fonti originali,Licenza dei dati terzi non verificata come aperta: valgono i termini della fonte; accesso pubblico non equivale a diritto di ripubblicazione. Codice locale originale CC0; nessuna nuova licenza applicata ai dati.
funding_medio,2026-10-04,/contratti/59/asset,"""GMT""",https://api.hyperliquid.xyz/info,"""Snapshot al momento del prelievo; non ricostruisce lo stato di ieri.""",Licenza dei dati terzi non verificata come aperta: valgono i termini della fonte; accesso pubblico non equivale a diritto di ripubblicazione. Codice locale originale CC0; nessuna nuova licenza applicata ai dati.,,Fonti originali,Licenza dei dati terzi non verificata come aperta: valgono i termini della fonte; accesso pubblico non equivale a diritto di ripubblicazione. Codice locale originale CC0; nessuna nuova licenza applicata ai dati.
funding_medio,2026-10-04,/contratti/59/funding_orario,1.25e-05,https://api.hyperliquid.xyz/info,"""Snapshot al momento del prelievo; non ricostruisce lo stato di ieri.""",Licenza dei dati terzi non verificata come aperta: valgono i termini della fonte; accesso pubblico non equivale a diritto di ripubblicazione. Codice locale originale CC0; nessuna nuova licenza applicata ai dati.,,Fonti originali,Licenza dei dati terzi non verificata come aperta: valgono i termini della fonte; accesso pubblico non equivale a diritto di ripubblicazione. Codice locale originale CC0; nessuna nuova licenza applicata ai dati.
funding_medio,2026-10-04,/contratti/59/open_interest_usd,108769.339236,https://api.hyperliquid.xyz/info,"""Snapshot al momento del prelievo; non ricostruisce lo stato di ieri.""",Licenza dei dati terzi non verificata come aperta: valgono i termini della fonte; accesso pubblico non equivale a diritto di ripubblicazione. Codice locale originale CC0; nessuna nuova licenza applicata ai dati.,,Fonti originali,Licenza dei dati terzi non verificata come aperta: valgono i termini della fonte; accesso pubblico non equivale a diritto di ripubblicazione. Codice locale originale CC0; nessuna nuova licenza applicata ai dati.
funding_medio,2026-10-04,/contratti/60/asset,"""SUPER""",https://api.hyperliquid.xyz/info,"""Snapshot al momento del prelievo; non ricostruisce lo stato di ieri.""",Licenza dei dati terzi non verificata come aperta: valgono i termini della fonte; accesso pubblico non equivale a diritto di ripubblicazione. Codice locale originale CC0; nessuna nuova licenza applicata ai dati.,,Fonti originali,Licenza dei dati terzi non verificata come aperta: valgono i termini della fonte; accesso pubblico non equivale a diritto di ripubblicazione. Codice locale originale CC0; nessuna nuova licenza applicata ai dati.
funding_medio,2026-10-04,/contratti/60/funding_orario,1.25e-05,https://api.hyperliquid.xyz/info,"""Snapshot al momento del prelievo; non ricostruisce lo stato di ieri.""",Licenza dei dati terzi non verificata come aperta: valgono i termini della fonte; accesso pubblico non equivale a diritto di ripubblicazione. Codice locale originale CC0; nessuna nuova licenza applicata ai dati.,,Fonti originali,Licenza dei dati terzi non verificata come aperta: valgono i termini della fonte; accesso pubblico non equivale a diritto di ripubblicazione. Codice locale originale CC0; nessuna nuova licenza applicata ai dati.
funding_medio,2026-10-04,/contratti/60/open_interest_usd,963254.3999999999,https://api.hyperliquid.xyz/info,"""Snapshot al momento del prelievo; non ricostruisce lo stato di ieri.""",Licenza dei dati terzi non verificata come aperta: valgono i termini della fonte; accesso pubblico non equivale a diritto di ripubblicazione. Codice locale originale CC0; nessuna nuova licenza applicata ai dati.,,Fonti originali,Licenza dei dati terzi non verificata come aperta: valgono i termini della fonte; accesso pubblico non equivale a diritto di ripubblicazione. Codice locale originale CC0; nessuna nuova licenza applicata ai dati.
funding_medio,2026-10-04,/contratti/61/asset,"""JUP""",https://api.hyperliquid.xyz/info,"""Snapshot al momento del prelievo; non ricostruisce lo stato di ieri.""",Licenza dei dati terzi non verificata come aperta: valgono i termini della fonte; accesso pubblico non equivale a diritto di ripubblicazione. Codice locale originale CC0; nessuna nuova licenza applicata ai dati.,,Fonti originali,Licenza dei dati terzi non verificata come aperta: valgono i termini della fonte; accesso pubblico non equivale a diritto di ripubblicazione. Codice locale originale CC0; nessuna nuova licenza applicata ai dati.
funding_medio,2026-10-04,/contratti/61/funding_orario,1.25e-05,https://api.hyperliquid.xyz/info,"""Snapshot al momento del prelievo; non ricostruisce lo stato di ieri.""",Licenza dei dati terzi non verificata come aperta: valgono i termini della fonte; accesso pubblico non equivale a diritto di ripubblicazione. Codice locale originale CC0; nessuna nuova licenza applicata ai dati.,,Fonti originali,Licenza dei dati terzi non verificata come aperta: valgono i termini della fonte; accesso pubblico non equivale a diritto di ripubblicazione. Codice locale originale CC0; nessuna nuova licenza applicata ai dati.
funding_medio,2026-10-04,/contratti/61/open_interest_usd,15043402.14227,https://api.hyperliquid.xyz/info,"""Snapshot al momento del prelievo; non ricostruisce lo stato di ieri.""",Licenza dei dati terzi non verificata come aperta: valgono i termini della fonte; accesso pubblico non equivale a diritto di ripubblicazione. Codice locale originale CC0; nessuna nuova licenza applicata ai dati.,,Fonti originali,Licenza dei dati terzi non verificata come aperta: valgono i termini della fonte; accesso pubblico non equivale a diritto di ripubblicazione. Codice locale originale CC0; nessuna nuova licenza applicata ai dati.
funding_medio,2026-10-04,/contratti/62/asset,"""kLUNC""",https://api.hyperliquid.xyz/info,"""Snapshot al momento del prelievo; non ricostruisce lo stato di ieri.""",Licenza dei dati terzi non verificata come aperta: valgono i termini della fonte; accesso pubblico non equivale a diritto di ripubblicazione. Codice locale originale CC0; nessuna nuova licenza applicata ai dati.,,Fonti originali,Licenza dei dati terzi non verificata come aperta: valgono i termini della fonte; accesso pubblico non equivale a diritto di ripubblicazione. Codice locale originale CC0; nessuna nuova licenza applicata ai dati.
funding_medio,2026-10-04,/contratti/62/funding_orario,1.25e-05,https://api.hyperliquid.xyz/info,"""Snapshot al momento del prelievo; non ricostruisce lo stato di ieri.""",Licenza dei dati terzi non verificata come aperta: valgono i termini della fonte; accesso pubblico non equivale a diritto di ripubblicazione. Codice locale originale CC0; nessuna nuova licenza applicata ai dati.,,Fonti originali,Licenza dei dati terzi non verificata come aperta: valgono i termini della fonte; accesso pubblico non equivale a diritto di ripubblicazione. Codice locale originale CC0; nessuna nuova licenza applicata ai dati.
funding_medio,2026-10-04,/contratti/62/open_interest_usd,309180.432408,https://api.hyperliquid.xyz/info,"""Snapshot al momento del prelievo; non ricostruisce lo stato di ieri.""",Licenza dei dati terzi non verificata come aperta: valgono i termini della fonte; accesso pubblico non equivale a diritto di ripubblicazione. Codice locale originale CC0; nessuna nuova licenza applicata ai dati.,,Fonti originali,Licenza dei dati terzi non verificata come aperta: valgono i termini della fonte; accesso pubblico non equivale a diritto di ripubblicazione. Codice locale originale CC0; nessuna nuova licenza applicata ai dati.
funding_medio,2026-10-04,/contratti/63/asset,"""RSR""",https://api.hyperliquid.xyz/info,"""Snapshot al momento del prelievo; non ricostruisce lo stato di ieri.""",Licenza dei dati terzi non verificata come aperta: valgono i termini della fonte; accesso pubblico non equivale a diritto di ripubblicazione. Codice locale originale CC0; nessuna nuova licenza applicata ai dati.,,Fonti originali,Licenza dei dati terzi non verificata come aperta: valgono i termini della fonte; accesso pubblico non equivale a diritto di ripubblicazione. Codice locale originale CC0; nessuna nuova licenza applicata ai dati.
funding_medio,2026-10-04,/contratti/63/funding_orario,1.25e-05,https://api.hyperliquid.xyz/info,"""Snapshot al momento del prelievo; non ricostruisce lo stato di ieri.""",Licenza dei dati terzi non verificata come aperta: valgono i termini della fonte; accesso pubblico non equivale a diritto di ripubblicazione. Codice locale originale CC0; nessuna nuova licenza applicata ai dati.,,Fonti originali,Licenza dei dati terzi non verificata come aperta: valgono i termini della fonte; accesso pubblico non equivale a diritto di ripubblicazione. Codice locale originale CC0; nessuna nuova licenza applicata ai dati.
funding_medio,2026-10-04,/contratti/63/open_interest_usd,248126.52959999998,https://api.hyperliquid.xyz/info,"""Snapshot al momento del prelievo; non ricostruisce lo stato di ieri.""",Licenza dei dati terzi non verificata come aperta: valgono i termini della fonte; accesso pubblico non equivale a diritto di ripubblicazione. Codice locale originale CC0; nessuna nuova licenza applicata ai dati.,,Fonti originali,Licenza dei dati terzi non verificata come aperta: valgono i termini della fonte; accesso pubblico non equivale a diritto di ripubblicazione. Codice locale originale CC0; nessuna nuova licenza applicata ai dati.
funding_medio,2026-10-04,/contratti/64/asset,"""GALA""",https://api.hyperliquid.xyz/info,"""Snapshot al momento del prelievo; non ricostruisce lo stato di ieri.""",Licenza dei dati terzi non verificata come aperta: valgono i termini della fonte; accesso pubblico non equivale a diritto di ripubblicazione. Codice locale originale CC0; nessuna nuova licenza applicata ai dati.,,Fonti originali,Licenza dei dati terzi non verificata come aperta: valgono i termini della fonte; accesso pubblico non equivale a diritto di ripubblicazione. Codice locale originale CC0; nessuna nuova licenza applicata ai dati.
funding_medio,2026-10-04,/contratti/64/funding_orario,1.25e-05,https://api.hyperliquid.xyz/info,"""Snapshot al momento del prelievo; non ricostruisce lo stato di ieri.""",Licenza dei dati terzi non verificata come aperta: valgono i termini della fonte; accesso pubblico non equivale a diritto di ripubblicazione. Codice locale originale CC0; nessuna nuova licenza applicata ai dati.,,Fonti originali,Licenza dei dati terzi non verificata come aperta: valgono i termini della fonte; accesso pubblico non equivale a diritto di ripubblicazione. Codice locale originale CC0; nessuna nuova licenza applicata ai dati.
funding_medio,2026-10-04,/contratti/64/open_interest_usd,521685.48854399996,https://api.hyperliquid.xyz/info,"""Snapshot al momento del prelievo; non ricostruisce lo stato di ieri.""",Licenza dei dati terzi non verificata come aperta: valgono i termini della fonte; accesso pubblico non equivale a diritto di ripubblicazione. Codice locale originale CC0; nessuna nuova licenza applicata ai dati.,,Fonti originali,Licenza dei dati terzi non verificata come aperta: valgono i termini della fonte; accesso pubblico non equivale a diritto di ripubblicazione. Codice locale originale CC0; nessuna nuova licenza applicata ai dati.
funding_medio,2026-10-04,/contratti/65/asset,"""JTO""",https://api.hyperliquid.xyz/info,"""Snapshot al momento del prelievo; non ricostruisce lo stato di ieri.""",Licenza dei dati terzi non verificata come aperta: valgono i termini della fonte; accesso pubblico non equivale a diritto di ripubblicazione. Codice locale originale CC0; nessuna nuova licenza applicata ai dati.,,Fonti originali,Licenza dei dati terzi non verificata come aperta: valgono i termini della fonte; accesso pubblico non equivale a diritto di ripubblicazione. Codice locale originale CC0; nessuna nuova licenza applicata ai dati.
funding_medio,2026-10-04,/contratti/65/funding_orario,1.25e-05,https://api.hyperliquid.xyz/info,"""Snapshot al momento del prelievo; non ricostruisce lo stato di ieri.""",Licenza dei dati terzi non verificata come aperta: valgono i termini della fonte; accesso pubblico non equivale a diritto di ripubblicazione. Codice locale originale CC0; nessuna nuova licenza applicata ai dati.,,Fonti originali,Licenza dei dati terzi non verificata come aperta: valgono i termini della fonte; accesso pubblico non equivale a diritto di ripubblicazione. Codice locale originale CC0; nessuna nuova licenza applicata ai dati.
funding_medio,2026-10-04,/contratti/65/open_interest_usd,7481679.73972,https://api.hyperliquid.xyz/info,"""Snapshot al momento del prelievo; non ricostruisce lo stato di ieri.""",Licenza dei dati terzi non verificata come aperta: valgono i termini della fonte; accesso pubblico non equivale a diritto di ripubblicazione. Codice locale originale CC0; nessuna nuova licenza applicata ai dati.,,Fonti originali,Licenza dei dati terzi non verificata come aperta: valgono i termini della fonte; accesso pubblico non equivale a diritto di ripubblicazione. Codice locale originale CC0; nessuna nuova licenza applicata ai dati.
funding_medio,2026-10-04,/contratti/66/asset,"""ACE""",https://api.hyperliquid.xyz/info,"""Snapshot al momento del prelievo; non ricostruisce lo stato di ieri.""",Licenza dei dati terzi non verificata come aperta: valgono i termini della fonte; accesso pubblico non equivale a diritto di ripubblicazione. Codice locale originale CC0; nessuna nuova licenza applicata ai dati.,,Fonti originali,Licenza dei dati terzi non verificata come aperta: valgono i termini della fonte; accesso pubblico non equivale a diritto di ripubblicazione. Codice locale originale CC0; nessuna nuova licenza applicata ai dati.
funding_medio,2026-10-04,/contratti/66/funding_orario,1.25e-05,https://api.hyperliquid.xyz/info,"""Snapshot al momento del prelievo; non ricostruisce lo stato di ieri.""",Licenza dei dati terzi non verificata come aperta: valgono i termini della fonte; accesso pubblico non equivale a diritto di ripubblicazione. Codice locale originale CC0; nessuna nuova licenza applicata ai dati.,,Fonti originali,Licenza dei dati terzi non verificata come aperta: valgono i termini della fonte; accesso pubblico non equivale a diritto di ripubblicazione. Codice locale originale CC0; nessuna nuova licenza applicata ai dati.
funding_medio,2026-10-04,/contratti/66/open_interest_usd,279698.90286,https://api.hyperliquid.xyz/info,"""Snapshot al momento del prelievo; non ricostruisce lo stato di ieri.""",Licenza dei dati terzi non verificata come aperta: valgono i termini della fonte; accesso pubblico non equivale a diritto di ripubblicazione. Codice locale originale CC0; nessuna nuova licenza applicata ai dati.,,Fonti originali,Licenza dei dati terzi non verificata come aperta: valgono i termini della fonte; accesso pubblico non equivale a diritto di ripubblicazione. Codice locale originale CC0; nessuna nuova licenza applicata ai dati.
funding_medio,2026-10-04,/contratti/67/asset,"""WIF""",https://api.hyperliquid.xyz/info,"""Snapshot al momento del prelievo; non ricostruisce lo stato di ieri.""",Licenza dei dati terzi non verificata come aperta: valgono i termini della fonte; accesso pubblico non equivale a diritto di ripubblicazione. Codice locale originale CC0; nessuna nuova licenza applicata ai dati.,,Fonti originali,Licenza dei dati terzi non verificata come aperta: valgono i termini della fonte; accesso pubblico non equivale a diritto di ripubblicazione. Codice locale originale CC0; nessuna nuova licenza applicata ai dati.
funding_medio,2026-10-04,/contratti/67/funding_orario,1.25e-05,https://api.hyperliquid.xyz/info,"""Snapshot al momento del prelievo; non ricostruisce lo stato di ieri.""",Licenza dei dati terzi non verificata come aperta: valgono i termini della fonte; accesso pubblico non equivale a diritto di ripubblicazione. Codice locale originale CC0; nessuna nuova licenza applicata ai dati.,,Fonti originali,Licenza dei dati terzi non verificata come aperta: valgono i termini della fonte; accesso pubblico non equivale a diritto di ripubblicazione. Codice locale originale CC0; nessuna nuova licenza applicata ai dati.
funding_medio,2026-10-04,/contratti/67/open_interest_usd,7980321.272640001,https://api.hyperliquid.xyz/info,"""Snapshot al momento del prelievo; non ricostruisce lo stato di ieri.""",Licenza dei dati terzi non verificata come aperta: valgono i termini della fonte; accesso pubblico non equivale a diritto di ripubblicazione. Codice locale originale CC0; nessuna nuova licenza applicata ai dati.,,Fonti originali,Licenza dei dati terzi non verificata come aperta: valgono i termini della fonte; accesso pubblico non equivale a diritto di ripubblicazione. Codice locale originale CC0; nessuna nuova licenza applicata ai dati.
funding_medio,2026-10-04,/contratti/68/asset,"""CAKE""",https://api.hyperliquid.xyz/info,"""Snapshot al momento del prelievo; non ricostruisce lo stato di ieri.""",Licenza dei dati terzi non verificata come aperta: valgono i termini della fonte; accesso pubblico non equivale a diritto di ripubblicazione. Codice locale originale CC0; nessuna nuova licenza applicata ai dati.,,Fonti originali,Licenza dei dati terzi non verificata come aperta: valgono i termini della fonte; accesso pubblico non equivale a diritto di ripubblicazione. Codice locale originale CC0; nessuna nuova licenza applicata ai dati.
funding_medio,2026-10-04,/contratti/68/funding_orario,1.25e-05,https://api.hyperliquid.xyz/info,"""Snapshot al momento del prelievo; non ricostruisce lo stato di ieri.""",Licenza dei dati terzi non verificata come aperta: valgono i termini della fonte; accesso pubblico non equivale a diritto di ripubblicazione. Codice locale originale CC0; nessuna nuova licenza applicata ai dati.,,Fonti originali,Licenza dei dati terzi non verificata come aperta: valgono i termini della fonte; accesso pubblico non equivale a diritto di ripubblicazione. Codice locale originale CC0; nessuna nuova licenza applicata ai dati.
funding_medio,2026-10-04,/contratti/68/open_interest_usd,2751459.52816,https://api.hyperliquid.xyz/info,"""Snapshot al momento del prelievo; non ricostruisce lo stato di ieri.""",Licenza dei dati terzi non verificata come aperta: valgono i termini della fonte; accesso pubblico non equivale a diritto di ripubblicazione. Codice locale originale CC0; nessuna nuova licenza applicata ai dati.,,Fonti originali,Licenza dei dati terzi non verificata come aperta: valgono i termini della fonte; accesso pubblico non equivale a diritto di ripubblicazione. Codice locale originale CC0; nessuna nuova licenza applicata ai dati.
funding_medio,2026-10-04,/contratti/69/asset,"""PEOPLE""",https://api.hyperliquid.xyz/info,"""Snapshot al momento del prelievo; non ricostruisce lo stato di ieri.""",Licenza dei dati terzi non verificata come aperta: valgono i termini della fonte; accesso pubblico non equivale a diritto di ripubblicazione. Codice locale originale CC0; nessuna nuova licenza applicata ai dati.,,Fonti originali,Licenza dei dati terzi non verificata come aperta: valgono i termini della fonte; accesso pubblico non equivale a diritto di ripubblicazione. Codice locale originale CC0; nessuna nuova licenza applicata ai dati.
funding_medio,2026-10-04,/contratti/69/funding_orario,1.25e-05,https://api.hyperliquid.xyz/info,"""Snapshot al momento del prelievo; non ricostruisce lo stato di ieri.""",Licenza dei dati terzi non verificata come aperta: valgono i termini della fonte; accesso pubblico non equivale a diritto di ripubblicazione. Codice locale originale CC0; nessuna nuova licenza applicata ai dati.,,Fonti originali,Licenza dei dati terzi non verificata come aperta: valgono i termini della fonte; accesso pubblico non equivale a diritto di ripubblicazione. Codice locale originale CC0; nessuna nuova licenza applicata ai dati.
funding_medio,2026-10-04,/contratti/69/open_interest_usd,246486.63239200003,https://api.hyperliquid.xyz/info,"""Snapshot al momento del prelievo; non ricostruisce lo stato di ieri.""",Licenza dei dati terzi non verificata come aperta: valgono i termini della fonte; accesso pubblico non equivale a diritto di ripubblicazione. Codice locale originale CC0; nessuna nuova licenza applicata ai dati.,,Fonti originali,Licenza dei dati terzi non verificata come aperta: valgono i termini della fonte; accesso pubblico non equivale a diritto di ripubblicazione. Codice locale originale CC0; nessuna nuova licenza applicata ai dati.
funding_medio,2026-10-04,/contratti/70/asset,"""ENS""",https://api.hyperliquid.xyz/info,"""Snapshot al momento del prelievo; non ricostruisce lo stato di ieri.""",Licenza dei dati terzi non verificata come aperta: valgono i termini della fonte; accesso pubblico non equivale a diritto di ripubblicazione. Codice locale originale CC0; nessuna nuova licenza applicata ai dati.,,Fonti originali,Licenza dei dati terzi non verificata come aperta: valgono i termini della fonte; accesso pubblico non equivale a diritto di ripubblicazione. Codice locale originale CC0; nessuna nuova licenza applicata ai dati.
funding_medio,2026-10-04,/contratti/70/funding_orario,5.53909e-05,https://api.hyperliquid.xyz/info,"""Snapshot al momento del prelievo; non ricostruisce lo stato di ieri.""",Licenza dei dati terzi non verificata come aperta: valgono i termini della fonte; accesso pubblico non equivale a diritto di ripubblicazione. Codice locale originale CC0; nessuna nuova licenza applicata ai dati.,,Fonti originali,Licenza dei dati terzi non verificata come aperta: valgono i termini della fonte; accesso pubblico non equivale a diritto di ripubblicazione. Codice locale originale CC0; nessuna nuova licenza applicata ai dati.
funding_medio,2026-10-04,/contratti/70/open_interest_usd,3468230.324636,https://api.hyperliquid.xyz/info,"""Snapshot al momento del prelievo; non ricostruisce lo stato di ieri.""",Licenza dei dati terzi non verificata come aperta: valgono i termini della fonte; accesso pubblico non equivale a diritto di ripubblicazione. Codice locale originale CC0; nessuna nuova licenza applicata ai dati.,,Fonti originali,Licenza dei dati terzi non verificata come aperta: valgono i termini della fonte; accesso pubblico non equivale a diritto di ripubblicazione. Codice locale originale CC0; nessuna nuova licenza applicata ai dati.
funding_medio,2026-10-04,/contratti/71/asset,"""ETC""",https://api.hyperliquid.xyz/info,"""Snapshot al momento del prelievo; non ricostruisce lo stato di ieri.""",Licenza dei dati terzi non verificata come aperta: valgono i termini della fonte; accesso pubblico non equivale a diritto di ripubblicazione. Codice locale originale CC0; nessuna nuova licenza applicata ai dati.,,Fonti originali,Licenza dei dati terzi non verificata come aperta: valgono i termini della fonte; accesso pubblico non equivale a diritto di ripubblicazione. Codice locale originale CC0; nessuna nuova licenza applicata ai dati.
funding_medio,2026-10-04,/contratti/71/funding_orario,1.25e-05,https://api.hyperliquid.xyz/info,"""Snapshot al momento del prelievo; non ricostruisce lo stato di ieri.""",Licenza dei dati terzi non verificata come aperta: valgono i termini della fonte; accesso pubblico non equivale a diritto di ripubblicazione. Codice locale originale CC0; nessuna nuova licenza applicata ai dati.,,Fonti originali,Licenza dei dati terzi non verificata come aperta: valgono i termini della fonte; accesso pubblico non equivale a diritto di ripubblicazione. Codice locale originale CC0; nessuna nuova licenza applicata ai dati.
funding_medio,2026-10-04,/contratti/71/open_interest_usd,5034442.52304,https://api.hyperliquid.xyz/info,"""Snapshot al momento del prelievo; non ricostruisce lo stato di ieri.""",Licenza dei dati terzi non verificata come aperta: valgono i termini della fonte; accesso pubblico non equivale a diritto di ripubblicazione. Codice locale originale CC0; nessuna nuova licenza applicata ai dati.,,Fonti originali,Licenza dei dati terzi non verificata come aperta: valgono i termini della fonte; accesso pubblico non equivale a diritto di ripubblicazione. Codice locale originale CC0; nessuna nuova licenza applicata ai dati.
funding_medio,2026-10-04,/contratti/72/asset,"""XAI""",https://api.hyperliquid.xyz/info,"""Snapshot al momento del prelievo; non ricostruisce lo stato di ieri.""",Licenza dei dati terzi non verificata come aperta: valgono i termini della fonte; accesso pubblico non equivale a diritto di ripubblicazione. Codice locale originale CC0; nessuna nuova licenza applicata ai dati.,,Fonti originali,Licenza dei dati terzi non verificata come aperta: valgono i termini della fonte; accesso pubblico non equivale a diritto di ripubblicazione. Codice locale originale CC0; nessuna nuova licenza applicata ai dati.
funding_medio,2026-10-04,/contratti/72/funding_orario,1.25e-05,https://api.hyperliquid.xyz/info,"""Snapshot al momento del prelievo; non ricostruisce lo stato di ieri.""",Licenza dei dati terzi non verificata come aperta: valgono i termini della fonte; accesso pubblico non equivale a diritto di ripubblicazione. Codice locale originale CC0; nessuna nuova licenza applicata ai dati.,,Fonti originali,Licenza dei dati terzi non verificata come aperta: valgono i termini della fonte; accesso pubblico non equivale a diritto di ripubblicazione. Codice locale originale CC0; nessuna nuova licenza applicata ai dati.
funding_medio,2026-10-04,/contratti/72/open_interest_usd,391003.066272,https://api.hyperliquid.xyz/info,"""Snapshot al momento del prelievo; non ricostruisce lo stato di ieri.""",Licenza dei dati terzi non verificata come aperta: valgono i termini della fonte; accesso pubblico non equivale a diritto di ripubblicazione. Codice locale originale CC0; nessuna nuova licenza applicata ai dati.,,Fonti originali,Licenza dei dati terzi non verificata come aperta: valgono i termini della fonte; accesso pubblico non equivale a diritto di ripubblicazione. Codice locale originale CC0; nessuna nuova licenza applicata ai dati.
funding_medio,2026-10-04,/contratti/73/asset,"""MANTA""",https://api.hyperliquid.xyz/info,"""Snapshot al momento del prelievo; non ricostruisce lo stato di ieri.""",Licenza dei dati terzi non verificata come aperta: valgono i termini della fonte; accesso pubblico non equivale a diritto di ripubblicazione. Codice locale originale CC0; nessuna nuova licenza applicata ai dati.,,Fonti originali,Licenza dei dati terzi non verificata come aperta: valgono i termini della fonte; accesso pubblico non equivale a diritto di ripubblicazione. Codice locale originale CC0; nessuna nuova licenza applicata ai dati.
funding_medio,2026-10-04,/contratti/73/funding_orario,1.25e-05,https://api.hyperliquid.xyz/info,"""Snapshot al momento del prelievo; non ricostruisce lo stato di ieri.""",Licenza dei dati terzi non verificata come aperta: valgono i termini della fonte; accesso pubblico non equivale a diritto di ripubblicazione. Codice locale originale CC0; nessuna nuova licenza applicata ai dati.,,Fonti originali,Licenza dei dati terzi non verificata come aperta: valgono i termini della fonte; accesso pubblico non equivale a diritto di ripubblicazione. Codice locale originale CC0; nessuna nuova licenza applicata ai dati.
funding_medio,2026-10-04,/contratti/73/open_interest_usd,459817.9729,https://api.hyperliquid.xyz/info,"""Snapshot al momento del prelievo; non ricostruisce lo stato di ieri.""",Licenza dei dati terzi non verificata come aperta: valgono i termini della fonte; accesso pubblico non equivale a diritto di ripubblicazione. Codice locale originale CC0; nessuna nuova licenza applicata ai dati.,,Fonti originali,Licenza dei dati terzi non verificata come aperta: valgono i termini della fonte; accesso pubblico non equivale a diritto di ripubblicazione. Codice locale originale CC0; nessuna nuova licenza applicata ai dati.
funding_medio,2026-10-04,/contratti/74/asset,"""UMA""",https://api.hyperliquid.xyz/info,"""Snapshot al momento del prelievo; non ricostruisce lo stato di ieri.""",Licenza dei dati terzi non verificata come aperta: valgono i termini della fonte; accesso pubblico non equivale a diritto di ripubblicazione. Codice locale originale CC0; nessuna nuova licenza applicata ai dati.,,Fonti originali,Licenza dei dati terzi non verificata come aperta: valgono i termini della fonte; accesso pubblico non equivale a diritto di ripubblicazione. Codice locale originale CC0; nessuna nuova licenza applicata ai dati.
funding_medio,2026-10-04,/contratti/74/funding_orario,9.9704e-06,https://api.hyperliquid.xyz/info,"""Snapshot al momento del prelievo; non ricostruisce lo stato di ieri.""",Licenza dei dati terzi non verificata come aperta: valgono i termini della fonte; accesso pubblico non equivale a diritto di ripubblicazione. Codice locale originale CC0; nessuna nuova licenza applicata ai dati.,,Fonti originali,Licenza dei dati terzi non verificata come aperta: valgono i termini della fonte; accesso pubblico non equivale a diritto di ripubblicazione. Codice locale originale CC0; nessuna nuova licenza applicata ai dati.
funding_medio,2026-10-04,/contratti/74/open_interest_usd,233795.6848,https://api.hyperliquid.xyz/info,"""Snapshot al momento del prelievo; non ricostruisce lo stato di ieri.""",Licenza dei dati terzi non verificata come aperta: valgono i termini della fonte; accesso pubblico non equivale a diritto di ripubblicazione. Codice locale originale CC0; nessuna nuova licenza applicata ai dati.,,Fonti originali,Licenza dei dati terzi non verificata come aperta: valgono i termini della fonte; accesso pubblico non equivale a diritto di ripubblicazione. Codice locale originale CC0; nessuna nuova licenza applicata ai dati.
funding_medio,2026-10-04,/contratti/75/asset,"""ONDO""",https://api.hyperliquid.xyz/info,"""Snapshot al momento del prelievo; non ricostruisce lo stato di ieri.""",Licenza dei dati terzi non verificata come aperta: valgono i termini della fonte; accesso pubblico non equivale a diritto di ripubblicazione. Codice locale originale CC0; nessuna nuova licenza applicata ai dati.,,Fonti originali,Licenza dei dati terzi non verificata come aperta: valgono i termini della fonte; accesso pubblico non equivale a diritto di ripubblicazione. Codice locale originale CC0; nessuna nuova licenza applicata ai dati.
funding_medio,2026-10-04,/contratti/75/funding_orario,1.25e-05,https://api.hyperliquid.xyz/info,"""Snapshot al momento del prelievo; non ricostruisce lo stato di ieri.""",Licenza dei dati terzi non verificata come aperta: valgono i termini della fonte; accesso pubblico non equivale a diritto di ripubblicazione. Codice locale originale CC0; nessuna nuova licenza applicata ai dati.,,Fonti originali,Licenza dei dati terzi non verificata come aperta: valgono i termini della fonte; accesso pubblico non equivale a diritto di ripubblicazione. Codice locale originale CC0; nessuna nuova licenza applicata ai dati.
funding_medio,2026-10-04,/contratti/75/open_interest_usd,58476537.636,https://api.hyperliquid.xyz/info,"""Snapshot al momento del prelievo; non ricostruisce lo stato di ieri.""",Licenza dei dati terzi non verificata come aperta: valgono i termini della fonte; accesso pubblico non equivale a diritto di ripubblicazione. Codice locale originale CC0; nessuna nuova licenza applicata ai dati.,,Fonti originali,Licenza dei dati terzi non verificata come aperta: valgono i termini della fonte; accesso pubblico non equivale a diritto di ripubblicazione. Codice locale originale CC0; nessuna nuova licenza applicata ai dati.
funding_medio,2026-10-04,/contratti/76/asset,"""ALT""",https://api.hyperliquid.xyz/info,"""Snapshot al momento del prelievo; non ricostruisce lo stato di ieri.""",Licenza dei dati terzi non verificata come aperta: valgono i termini della fonte; accesso pubblico non equivale a diritto di ripubblicazione. Codice locale originale CC0; nessuna nuova licenza applicata ai dati.,,Fonti originali,Licenza dei dati terzi non verificata come aperta: valgono i termini della fonte; accesso pubblico non equivale a diritto di ripubblicazione. Codice locale originale CC0; nessuna nuova licenza applicata ai dati.
funding_medio,2026-10-04,/contratti/76/funding_orario,1.25e-05,https://api.hyperliquid.xyz/info,"""Snapshot al momento del prelievo; non ricostruisce lo stato di ieri.""",Licenza dei dati terzi non verificata come aperta: valgono i termini della fonte; accesso pubblico non equivale a diritto di ripubblicazione. Codice locale originale CC0; nessuna nuova licenza applicata ai dati.,,Fonti originali,Licenza dei dati terzi non verificata come aperta: valgono i termini della fonte; accesso pubblico non equivale a diritto di ripubblicazione. Codice locale originale CC0; nessuna nuova licenza applicata ai dati.
funding_medio,2026-10-04,/contratti/76/open_interest_usd,810390.930756,https://api.hyperliquid.xyz/info,"""Snapshot al momento del prelievo; non ricostruisce lo stato di ieri.""",Licenza dei dati terzi non verificata come aperta: valgono i termini della fonte; accesso pubblico non equivale a diritto di ripubblicazione. Codice locale originale CC0; nessuna nuova licenza applicata ai dati.,,Fonti originali,Licenza dei dati terzi non verificata come aperta: valgono i termini della fonte; accesso pubblico non equivale a diritto di ripubblicazione. Codice locale originale CC0; nessuna nuova licenza applicata ai dati.
funding_medio,2026-10-04,/contratti/77/asset,"""ZETA""",https://api.hyperliquid.xyz/info,"""Snapshot al momento del prelievo; non ricostruisce lo stato di ieri.""",Licenza dei dati terzi non verificata come aperta: valgono i termini della fonte; accesso pubblico non equivale a diritto di ripubblicazione. Codice locale originale CC0; nessuna nuova licenza applicata ai dati.,,Fonti originali,Licenza dei dati terzi non verificata come aperta: valgono i termini della fonte; accesso pubblico non equivale a diritto di ripubblicazione. Codice locale originale CC0; nessuna nuova licenza applicata ai dati.
funding_medio,2026-10-04,/contratti/77/funding_orario,1.25e-05,https://api.hyperliquid.xyz/info,"""Snapshot al momento del prelievo; non ricostruisce lo stato di ieri.""",Licenza dei dati terzi non verificata come aperta: valgono i termini della fonte; accesso pubblico non equivale a diritto di ripubblicazione. Codice locale originale CC0; nessuna nuova licenza applicata ai dati.,,Fonti originali,Licenza dei dati terzi non verificata come aperta: valgono i termini della fonte; accesso pubblico non equivale a diritto di ripubblicazione. Codice locale originale CC0; nessuna nuova licenza applicata ai dati.
funding_medio,2026-10-04,/contratti/77/open_interest_usd,1084608.262858,https://api.hyperliquid.xyz/info,"""Snapshot al momento del prelievo; non ricostruisce lo stato di ieri.""",Licenza dei dati terzi non verificata come aperta: valgono i termini della fonte; accesso pubblico non equivale a diritto di ripubblicazione. Codice locale originale CC0; nessuna nuova licenza applicata ai dati.,,Fonti originali,Licenza dei dati terzi non verificata come aperta: valgono i termini della fonte; accesso pubblico non equivale a diritto di ripubblicazione. Codice locale originale CC0; nessuna nuova licenza applicata ai dati.
funding_medio,2026-10-04,/contratti/78/asset,"""DYM""",https://api.hyperliquid.xyz/info,"""Snapshot al momento del prelievo; non ricostruisce lo stato di ieri.""",Licenza dei dati terzi non verificata come aperta: valgono i termini della fonte; accesso pubblico non equivale a diritto di ripubblicazione. Codice locale originale CC0; nessuna nuova licenza applicata ai dati.,,Fonti originali,Licenza dei dati terzi non verificata come aperta: valgono i termini della fonte; accesso pubblico non equivale a diritto di ripubblicazione. Codice locale originale CC0; nessuna nuova licenza applicata ai dati.
funding_medio,2026-10-04,/contratti/78/funding_orario,1.25e-05,https://api.hyperliquid.xyz/info,"""Snapshot al momento del prelievo; non ricostruisce lo stato di ieri.""",Licenza dei dati terzi non verificata come aperta: valgono i termini della fonte; accesso pubblico non equivale a diritto di ripubblicazione. Codice locale originale CC0; nessuna nuova licenza applicata ai dati.,,Fonti originali,Licenza dei dati terzi non verificata come aperta: valgono i termini della fonte; accesso pubblico non equivale a diritto di ripubblicazione. Codice locale originale CC0; nessuna nuova licenza applicata ai dati.
funding_medio,2026-10-04,/contratti/78/open_interest_usd,364800.18089,https://api.hyperliquid.xyz/info,"""Snapshot al momento del prelievo; non ricostruisce lo stato di ieri.""",Licenza dei dati terzi non verificata come aperta: valgono i termini della fonte; accesso pubblico non equivale a diritto di ripubblicazione. Codice locale originale CC0; nessuna nuova licenza applicata ai dati.,,Fonti originali,Licenza dei dati terzi non verificata come aperta: valgono i termini della fonte; accesso pubblico non equivale a diritto di ripubblicazione. Codice locale originale CC0; nessuna nuova licenza applicata ai dati.
funding_medio,2026-10-04,/contratti/79/asset,"""W""",https://api.hyperliquid.xyz/info,"""Snapshot al momento del prelievo; non ricostruisce lo stato di ieri.""",Licenza dei dati terzi non verificata come aperta: valgono i termini della fonte; accesso pubblico non equivale a diritto di ripubblicazione. Codice locale originale CC0; nessuna nuova licenza applicata ai dati.,,Fonti originali,Licenza dei dati terzi non verificata come aperta: valgono i termini della fonte; accesso pubblico non equivale a diritto di ripubblicazione. Codice locale originale CC0; nessuna nuova licenza applicata ai dati.
funding_medio,2026-10-04,/contratti/79/funding_orario,1.25e-05,https://api.hyperliquid.xyz/info,"""Snapshot al momento del prelievo; non ricostruisce lo stato di ieri.""",Licenza dei dati terzi non verificata come aperta: valgono i termini della fonte; accesso pubblico non equivale a diritto di ripubblicazione. Codice locale originale CC0; nessuna nuova licenza applicata ai dati.,,Fonti originali,Licenza dei dati terzi non verificata come aperta: valgono i termini della fonte; accesso pubblico non equivale a diritto di ripubblicazione. Codice locale originale CC0; nessuna nuova licenza applicata ai dati.
funding_medio,2026-10-04,/contratti/79/open_interest_usd,7253254.234038,https://api.hyperliquid.xyz/info,"""Snapshot al momento del prelievo; non ricostruisce lo stato di ieri.""",Licenza dei dati terzi non verificata come aperta: valgono i termini della fonte; accesso pubblico non equivale a diritto di ripubblicazione. Codice locale originale CC0; nessuna nuova licenza applicata ai dati.,,Fonti originali,Licenza dei dati terzi non verificata come aperta: valgono i termini della fonte; accesso pubblico non equivale a diritto di ripubblicazione. Codice locale originale CC0; nessuna nuova licenza applicata ai dati.
funding_medio,2026-10-04,/contratti/80/asset,"""STRK""",https://api.hyperliquid.xyz/info,"""Snapshot al momento del prelievo; non ricostruisce lo stato di ieri.""",Licenza dei dati terzi non verificata come aperta: valgono i termini della fonte; accesso pubblico non equivale a diritto di ripubblicazione. Codice locale originale CC0; nessuna nuova licenza applicata ai dati.,,Fonti originali,Licenza dei dati terzi non verificata come aperta: valgono i termini della fonte; accesso pubblico non equivale a diritto di ripubblicazione. Codice locale originale CC0; nessuna nuova licenza applicata ai dati.
funding_medio,2026-10-04,/contratti/80/funding_orario,2.59694e-05,https://api.hyperliquid.xyz/info,"""Snapshot al momento del prelievo; non ricostruisce lo stato di ieri.""",Licenza dei dati terzi non verificata come aperta: valgono i termini della fonte; accesso pubblico non equivale a diritto di ripubblicazione. Codice locale originale CC0; nessuna nuova licenza applicata ai dati.,,Fonti originali,Licenza dei dati terzi non verificata come aperta: valgono i termini della fonte; accesso pubblico non equivale a diritto di ripubblicazione. Codice locale originale CC0; nessuna nuova licenza applicata ai dati.
funding_medio,2026-10-04,/contratti/80/open_interest_usd,13891297.675679998,https://api.hyperliquid.xyz/info,"""Snapshot al momento del prelievo; non ricostruisce lo stato di ieri.""",Licenza dei dati terzi non verificata come aperta: valgono i termini della fonte; accesso pubblico non equivale a diritto di ripubblicazione. Codice locale originale CC0; nessuna nuova licenza applicata ai dati.,,Fonti originali,Licenza dei dati terzi non verificata come aperta: valgono i termini della fonte; accesso pubblico non equivale a diritto di ripubblicazione. Codice locale originale CC0; nessuna nuova licenza applicata ai dati.
funding_medio,2026-10-04,/contratti/81/asset,"""TAO""",https://api.hyperliquid.xyz/info,"""Snapshot al momento del prelievo; non ricostruisce lo stato di ieri.""",Licenza dei dati terzi non verificata come aperta: valgono i termini della fonte; accesso pubblico non equivale a diritto di ripubblicazione. Codice locale originale CC0; nessuna nuova licenza applicata ai dati.,,Fonti originali,Licenza dei dati terzi non verificata come aperta: valgono i termini della fonte; accesso pubblico non equivale a diritto di ripubblicazione. Codice locale originale CC0; nessuna nuova licenza applicata ai dati.
funding_medio,2026-10-04,/contratti/81/funding_orario,1.25e-05,https://api.hyperliquid.xyz/info,"""Snapshot al momento del prelievo; non ricostruisce lo stato di ieri.""",Licenza dei dati terzi non verificata come aperta: valgono i termini della fonte; accesso pubblico non equivale a diritto di ripubblicazione. Codice locale originale CC0; nessuna nuova licenza applicata ai dati.,,Fonti originali,Licenza dei dati terzi non verificata come aperta: valgono i termini della fonte; accesso pubblico non equivale a diritto di ripubblicazione. Codice locale originale CC0; nessuna nuova licenza applicata ai dati.
funding_medio,2026-10-04,/contratti/81/open_interest_usd,73561800.48322001,https://api.hyperliquid.xyz/info,"""Snapshot al momento del prelievo; non ricostruisce lo stato di ieri.""",Licenza dei dati terzi non verificata come aperta: valgono i termini della fonte; accesso pubblico non equivale a diritto di ripubblicazione. Codice locale originale CC0; nessuna nuova licenza applicata ai dati.,,Fonti originali,Licenza dei dati terzi non verificata come aperta: valgono i termini della fonte; accesso pubblico non equivale a diritto di ripubblicazione. Codice locale originale CC0; nessuna nuova licenza applicata ai dati.
funding_medio,2026-10-04,/contratti/82/asset,"""AR""",https://api.hyperliquid.xyz/info,"""Snapshot al momento del prelievo; non ricostruisce lo stato di ieri.""",Licenza dei dati terzi non verificata come aperta: valgono i termini della fonte; accesso pubblico non equivale a diritto di ripubblicazione. Codice locale originale CC0; nessuna nuova licenza applicata ai dati.,,Fonti originali,Licenza dei dati terzi non verificata come aperta: valgono i termini della fonte; accesso pubblico non equivale a diritto di ripubblicazione. Codice locale originale CC0; nessuna nuova licenza applicata ai dati.
funding_medio,2026-10-04,/contratti/82/funding_orario,1.25e-05,https://api.hyperliquid.xyz/info,"""Snapshot al momento del prelievo; non ricostruisce lo stato di ieri.""",Licenza dei dati terzi non verificata come aperta: valgono i termini della fonte; accesso pubblico non equivale a diritto di ripubblicazione. Codice locale originale CC0; nessuna nuova licenza applicata ai dati.,,Fonti originali,Licenza dei dati terzi non verificata come aperta: valgono i termini della fonte; accesso pubblico non equivale a diritto di ripubblicazione. Codice locale originale CC0; nessuna nuova licenza applicata ai dati.
funding_medio,2026-10-04,/contratti/82/open_interest_usd,4100390.762886,https://api.hyperliquid.xyz/info,"""Snapshot al momento del prelievo; non ricostruisce lo stato di ieri.""",Licenza dei dati terzi non verificata come aperta: valgono i termini della fonte; accesso pubblico non equivale a diritto di ripubblicazione. Codice locale originale CC0; nessuna nuova licenza applicata ai dati.,,Fonti originali,Licenza dei dati terzi non verificata come aperta: valgono i termini della fonte; accesso pubblico non equivale a diritto di ripubblicazione. Codice locale originale CC0; nessuna nuova licenza applicata ai dati.
funding_medio,2026-10-04,/contratti/83/asset,"""kFLOKI""",https://api.hyperliquid.xyz/info,"""Snapshot al momento del prelievo; non ricostruisce lo stato di ieri.""",Licenza dei dati terzi non verificata come aperta: valgono i termini della fonte; accesso pubblico non equivale a diritto di ripubblicazione. Codice locale originale CC0; nessuna nuova licenza applicata ai dati.,,Fonti originali,Licenza dei dati terzi non verificata come aperta: valgono i termini della fonte; accesso pubblico non equivale a diritto di ripubblicazione. Codice locale originale CC0; nessuna nuova licenza applicata ai dati.
funding_medio,2026-10-04,/contratti/83/funding_orario,1.25e-05,https://api.hyperliquid.xyz/info,"""Snapshot al momento del prelievo; non ricostruisce lo stato di ieri.""",Licenza dei dati terzi non verificata come aperta: valgono i termini della fonte; accesso pubblico non equivale a diritto di ripubblicazione. Codice locale originale CC0; nessuna nuova licenza applicata ai dati.,,Fonti originali,Licenza dei dati terzi non verificata come aperta: valgono i termini della fonte; accesso pubblico non equivale a diritto di ripubblicazione. Codice locale originale CC0; nessuna nuova licenza applicata ai dati.
funding_medio,2026-10-04,/contratti/83/open_interest_usd,715888.66982,https://api.hyperliquid.xyz/info,"""Snapshot al momento del prelievo; non ricostruisce lo stato di ieri.""",Licenza dei dati terzi non verificata come aperta: valgono i termini della fonte; accesso pubblico non equivale a diritto di ripubblicazione. Codice locale originale CC0; nessuna nuova licenza applicata ai dati.,,Fonti originali,Licenza dei dati terzi non verificata come aperta: valgono i termini della fonte; accesso pubblico non equivale a diritto di ripubblicazione. Codice locale originale CC0; nessuna nuova licenza applicata ai dati.
funding_medio,2026-10-04,/contratti/84/asset,"""BOME""",https://api.hyperliquid.xyz/info,"""Snapshot al momento del prelievo; non ricostruisce lo stato di ieri.""",Licenza dei dati terzi non verificata come aperta: valgono i termini della fonte; accesso pubblico non equivale a diritto di ripubblicazione. Codice locale originale CC0; nessuna nuova licenza applicata ai dati.,,Fonti originali,Licenza dei dati terzi non verificata come aperta: valgono i termini della fonte; accesso pubblico non equivale a diritto di ripubblicazione. Codice locale originale CC0; nessuna nuova licenza applicata ai dati.
funding_medio,2026-10-04,/contratti/84/funding_orario,3.19761e-05,https://api.hyperliquid.xyz/info,"""Snapshot al momento del prelievo; non ricostruisce lo stato di ieri.""",Licenza dei dati terzi non verificata come aperta: valgono i termini della fonte; accesso pubblico non equivale a diritto di ripubblicazione. Codice locale originale CC0; nessuna nuova licenza applicata ai dati.,,Fonti originali,Licenza dei dati terzi non verificata come aperta: valgono i termini della fonte; accesso pubblico non equivale a diritto di ripubblicazione. Codice locale originale CC0; nessuna nuova licenza applicata ai dati.
funding_medio,2026-10-04,/contratti/84/open_interest_usd,4339054.7681,https://api.hyperliquid.xyz/info,"""Snapshot al momento del prelievo; non ricostruisce lo stato di ieri.""",Licenza dei dati terzi non verificata come aperta: valgono i termini della fonte; accesso pubblico non equivale a diritto di ripubblicazione. Codice locale originale CC0; nessuna nuova licenza applicata ai dati.,,Fonti originali,Licenza dei dati terzi non verificata come aperta: valgono i termini della fonte; accesso pubblico non equivale a diritto di ripubblicazione. Codice locale originale CC0; nessuna nuova licenza applicata ai dati.
funding_medio,2026-10-04,/contratti/85/asset,"""ETHFI""",https://api.hyperliquid.xyz/info,"""Snapshot al momento del prelievo; non ricostruisce lo stato di ieri.""",Licenza dei dati terzi non verificata come aperta: valgono i termini della fonte; accesso pubblico non equivale a diritto di ripubblicazione. Codice locale originale CC0; nessuna nuova licenza applicata ai dati.,,Fonti originali,Licenza dei dati terzi non verificata come aperta: valgono i termini della fonte; accesso pubblico non equivale a diritto di ripubblicazione. Codice locale originale CC0; nessuna nuova licenza applicata ai dati.
funding_medio,2026-10-04,/contratti/85/funding_orario,1.25e-05,https://api.hyperliquid.xyz/info,"""Snapshot al momento del prelievo; non ricostruisce lo stato di ieri.""",Licenza dei dati terzi non verificata come aperta: valgono i termini della fonte; accesso pubblico non equivale a diritto di ripubblicazione. Codice locale originale CC0; nessuna nuova licenza applicata ai dati.,,Fonti originali,Licenza dei dati terzi non verificata come aperta: valgono i termini della fonte; accesso pubblico non equivale a diritto di ripubblicazione. Codice locale originale CC0; nessuna nuova licenza applicata ai dati.
funding_medio,2026-10-04,/contratti/85/open_interest_usd,19832925.225584,https://api.hyperliquid.xyz/info,"""Snapshot al momento del prelievo; non ricostruisce lo stato di ieri.""",Licenza dei dati terzi non verificata come aperta: valgono i termini della fonte; accesso pubblico non equivale a diritto di ripubblicazione. Codice locale originale CC0; nessuna nuova licenza applicata ai dati.,,Fonti originali,Licenza dei dati terzi non verificata come aperta: valgono i termini della fonte; accesso pubblico non equivale a diritto di ripubblicazione. Codice locale originale CC0; nessuna nuova licenza applicata ai dati.
funding_medio,2026-10-04,/contratti/86/asset,"""ENA""",https://api.hyperliquid.xyz/info,"""Snapshot al momento del prelievo; non ricostruisce lo stato di ieri.""",Licenza dei dati terzi non verificata come aperta: valgono i termini della fonte; accesso pubblico non equivale a diritto di ripubblicazione. Codice locale originale CC0; nessuna nuova licenza applicata ai dati.,,Fonti originali,Licenza dei dati terzi non verificata come aperta: valgono i termini della fonte; accesso pubblico non equivale a diritto di ripubblicazione. Codice locale originale CC0; nessuna nuova licenza applicata ai dati.
funding_medio,2026-10-04,/contratti/86/funding_orario,3.05031e-05,https://api.hyperliquid.xyz/info,"""Snapshot al momento del prelievo; non ricostruisce lo stato di ieri.""",Licenza dei dati terzi non verificata come aperta: valgono i termini della fonte; accesso pubblico non equivale a diritto di ripubblicazione. Codice locale originale CC0; nessuna nuova licenza applicata ai dati.,,Fonti originali,Licenza dei dati terzi non verificata come aperta: valgono i termini della fonte; accesso pubblico non equivale a diritto di ripubblicazione. Codice locale originale CC0; nessuna nuova licenza applicata ai dati.
funding_medio,2026-10-04,/contratti/86/open_interest_usd,169745817.524,https://api.hyperliquid.xyz/info,"""Snapshot al momento del prelievo; non ricostruisce lo stato di ieri.""",Licenza dei dati terzi non verificata come aperta: valgono i termini della fonte; accesso pubblico non equivale a diritto di ripubblicazione. Codice locale originale CC0; nessuna nuova licenza applicata ai dati.,,Fonti originali,Licenza dei dati terzi non verificata come aperta: valgono i termini della fonte; accesso pubblico non equivale a diritto di ripubblicazione. Codice locale originale CC0; nessuna nuova licenza applicata ai dati.
funding_medio,2026-10-04,/contratti/87/asset,"""MNT""",https://api.hyperliquid.xyz/info,"""Snapshot al momento del prelievo; non ricostruisce lo stato di ieri.""",Licenza dei dati terzi non verificata come aperta: valgono i termini della fonte; accesso pubblico non equivale a diritto di ripubblicazione. Codice locale originale CC0; nessuna nuova licenza applicata ai dati.,,Fonti originali,Licenza dei dati terzi non verificata come aperta: valgono i termini della fonte; accesso pubblico non equivale a diritto di ripubblicazione. Codice locale originale CC0; nessuna nuova licenza applicata ai dati.
funding_medio,2026-10-04,/contratti/87/funding_orario,1.25e-05,https://api.hyperliquid.xyz/info,"""Snapshot al momento del prelievo; non ricostruisce lo stato di ieri.""",Licenza dei dati terzi non verificata come aperta: valgono i termini della fonte; accesso pubblico non equivale a diritto di ripubblicazione. Codice locale originale CC0; nessuna nuova licenza applicata ai dati.,,Fonti originali,Licenza dei dati terzi non verificata come aperta: valgono i termini della fonte; accesso pubblico non equivale a diritto di ripubblicazione. Codice locale originale CC0; nessuna nuova licenza applicata ai dati.
funding_medio,2026-10-04,/contratti/87/open_interest_usd,7124754.486156,https://api.hyperliquid.xyz/info,"""Snapshot al momento del prelievo; non ricostruisce lo stato di ieri.""",Licenza dei dati terzi non verificata come aperta: valgono i termini della fonte; accesso pubblico non equivale a diritto di ripubblicazione. Codice locale originale CC0; nessuna nuova licenza applicata ai dati.,,Fonti originali,Licenza dei dati terzi non verificata come aperta: valgono i termini della fonte; accesso pubblico non equivale a diritto di ripubblicazione. Codice locale originale CC0; nessuna nuova licenza applicata ai dati.
funding_medio,2026-10-04,/contratti/88/asset,"""TNSR""",https://api.hyperliquid.xyz/info,"""Snapshot al momento del prelievo; non ricostruisce lo stato di ieri.""",Licenza dei dati terzi non verificata come aperta: valgono i termini della fonte; accesso pubblico non equivale a diritto di ripubblicazione. Codice locale originale CC0; nessuna nuova licenza applicata ai dati.,,Fonti originali,Licenza dei dati terzi non verificata come aperta: valgono i termini della fonte; accesso pubblico non equivale a diritto di ripubblicazione. Codice locale originale CC0; nessuna nuova licenza applicata ai dati.
funding_medio,2026-10-04,/contratti/88/funding_orario,1.25e-05,https://api.hyperliquid.xyz/info,"""Snapshot al momento del prelievo; non ricostruisce lo stato di ieri.""",Licenza dei dati terzi non verificata come aperta: valgono i termini della fonte; accesso pubblico non equivale a diritto di ripubblicazione. Codice locale originale CC0; nessuna nuova licenza applicata ai dati.,,Fonti originali,Licenza dei dati terzi non verificata come aperta: valgono i termini della fonte; accesso pubblico non equivale a diritto di ripubblicazione. Codice locale originale CC0; nessuna nuova licenza applicata ai dati.
funding_medio,2026-10-04,/contratti/88/open_interest_usd,212255.22816000003,https://api.hyperliquid.xyz/info,"""Snapshot al momento del prelievo; non ricostruisce lo stato di ieri.""",Licenza dei dati terzi non verificata come aperta: valgono i termini della fonte; accesso pubblico non equivale a diritto di ripubblicazione. Codice locale originale CC0; nessuna nuova licenza applicata ai dati.,,Fonti originali,Licenza dei dati terzi non verificata come aperta: valgono i termini della fonte; accesso pubblico non equivale a diritto di ripubblicazione. Codice locale originale CC0; nessuna nuova licenza applicata ai dati.
funding_medio,2026-10-04,/contratti/89/asset,"""SAGA""",https://api.hyperliquid.xyz/info,"""Snapshot al momento del prelievo; non ricostruisce lo stato di ieri.""",Licenza dei dati terzi non verificata come aperta: valgono i termini della fonte; accesso pubblico non equivale a diritto di ripubblicazione. Codice locale originale CC0; nessuna nuova licenza applicata ai dati.,,Fonti originali,Licenza dei dati terzi non verificata come aperta: valgono i termini della fonte; accesso pubblico non equivale a diritto di ripubblicazione. Codice locale originale CC0; nessuna nuova licenza applicata ai dati.
funding_medio,2026-10-04,/contratti/89/funding_orario,1.25e-05,https://api.hyperliquid.xyz/info,"""Snapshot al momento del prelievo; non ricostruisce lo stato di ieri.""",Licenza dei dati terzi non verificata come aperta: valgono i termini della fonte; accesso pubblico non equivale a diritto di ripubblicazione. Codice locale originale CC0; nessuna nuova licenza applicata ai dati.,,Fonti originali,Licenza dei dati terzi non verificata come aperta: valgono i termini della fonte; accesso pubblico non equivale a diritto di ripubblicazione. Codice locale originale CC0; nessuna nuova licenza applicata ai dati.
funding_medio,2026-10-04,/contratti/89/open_interest_usd,1631388.3055199997,https://api.hyperliquid.xyz/info,"""Snapshot al momento del prelievo; non ricostruisce lo stato di ieri.""",Licenza dei dati terzi non verificata come aperta: valgono i termini della fonte; accesso pubblico non equivale a diritto di ripubblicazione. Codice locale originale CC0; nessuna nuova licenza applicata ai dati.,,Fonti originali,Licenza dei dati terzi non verificata come aperta: valgono i termini della fonte; accesso pubblico non equivale a diritto di ripubblicazione. Codice locale originale CC0; nessuna nuova licenza applicata ai dati.
funding_medio,2026-10-04,/contratti/90/asset,"""MERL""",https://api.hyperliquid.xyz/info,"""Snapshot al momento del prelievo; non ricostruisce lo stato di ieri.""",Licenza dei dati terzi non verificata come aperta: valgono i termini della fonte; accesso pubblico non equivale a diritto di ripubblicazione. Codice locale originale CC0; nessuna nuova licenza applicata ai dati.,,Fonti originali,Licenza dei dati terzi non verificata come aperta: valgono i termini della fonte; accesso pubblico non equivale a diritto di ripubblicazione. Codice locale originale CC0; nessuna nuova licenza applicata ai dati.
funding_medio,2026-10-04,/contratti/90/funding_orario,1.25e-05,https://api.hyperliquid.xyz/info,"""Snapshot al momento del prelievo; non ricostruisce lo stato di ieri.""",Licenza dei dati terzi non verificata come aperta: valgono i termini della fonte; accesso pubblico non equivale a diritto di ripubblicazione. Codice locale originale CC0; nessuna nuova licenza applicata ai dati.,,Fonti originali,Licenza dei dati terzi non verificata come aperta: valgono i termini della fonte; accesso pubblico non equivale a diritto di ripubblicazione. Codice locale originale CC0; nessuna nuova licenza applicata ai dati.
funding_medio,2026-10-04,/contratti/90/open_interest_usd,558056.002944,https://api.hyperliquid.xyz/info,"""Snapshot al momento del prelievo; non ricostruisce lo stato di ieri.""",Licenza dei dati terzi non verificata come aperta: valgono i termini della fonte; accesso pubblico non equivale a diritto di ripubblicazione. Codice locale originale CC0; nessuna nuova licenza applicata ai dati.,,Fonti originali,Licenza dei dati terzi non verificata come aperta: valgono i termini della fonte; accesso pubblico non equivale a diritto di ripubblicazione. Codice locale originale CC0; nessuna nuova licenza applicata ai dati.
funding_medio,2026-10-04,/contratti/91/asset,"""HBAR""",https://api.hyperliquid.xyz/info,"""Snapshot al momento del prelievo; non ricostruisce lo stato di ieri.""",Licenza dei dati terzi non verificata come aperta: valgono i termini della fonte; accesso pubblico non equivale a diritto di ripubblicazione. Codice locale originale CC0; nessuna nuova licenza applicata ai dati.,,Fonti originali,Licenza dei dati terzi non verificata come aperta: valgono i termini della fonte; accesso pubblico non equivale a diritto di ripubblicazione. Codice locale originale CC0; nessuna nuova licenza applicata ai dati.
funding_medio,2026-10-04,/contratti/91/funding_orario,1.25e-05,https://api.hyperliquid.xyz/info,"""Snapshot al momento del prelievo; non ricostruisce lo stato di ieri.""",Licenza dei dati terzi non verificata come aperta: valgono i termini della fonte; accesso pubblico non equivale a diritto di ripubblicazione. Codice locale originale CC0; nessuna nuova licenza applicata ai dati.,,Fonti originali,Licenza dei dati terzi non verificata come aperta: valgono i termini della fonte; accesso pubblico non equivale a diritto di ripubblicazione. Codice locale originale CC0; nessuna nuova licenza applicata ai dati.
funding_medio,2026-10-04,/contratti/91/open_interest_usd,13746131.97216,https://api.hyperliquid.xyz/info,"""Snapshot al momento del prelievo; non ricostruisce lo stato di ieri.""",Licenza dei dati terzi non verificata come aperta: valgono i termini della fonte; accesso pubblico non equivale a diritto di ripubblicazione. Codice locale originale CC0; nessuna nuova licenza applicata ai dati.,,Fonti originali,Licenza dei dati terzi non verificata come aperta: valgono i termini della fonte; accesso pubblico non equivale a diritto di ripubblicazione. Codice locale originale CC0; nessuna nuova licenza applicata ai dati.
funding_medio,2026-10-04,/contratti/92/asset,"""POPCAT""",https://api.hyperliquid.xyz/info,"""Snapshot al momento del prelievo; non ricostruisce lo stato di ieri.""",Licenza dei dati terzi non verificata come aperta: valgono i termini della fonte; accesso pubblico non equivale a diritto di ripubblicazione. Codice locale originale CC0; nessuna nuova licenza applicata ai dati.,,Fonti originali,Licenza dei dati terzi non verificata come aperta: valgono i termini della fonte; accesso pubblico non equivale a diritto di ripubblicazione. Codice locale originale CC0; nessuna nuova licenza applicata ai dati.
funding_medio,2026-10-04,/contratti/92/funding_orario,1.86274e-05,https://api.hyperliquid.xyz/info,"""Snapshot al momento del prelievo; non ricostruisce lo stato di ieri.""",Licenza dei dati terzi non verificata come aperta: valgono i termini della fonte; accesso pubblico non equivale a diritto di ripubblicazione. Codice locale originale CC0; nessuna nuova licenza applicata ai dati.,,Fonti originali,Licenza dei dati terzi non verificata come aperta: valgono i termini della fonte; accesso pubblico non equivale a diritto di ripubblicazione. Codice locale originale CC0; nessuna nuova licenza applicata ai dati.
funding_medio,2026-10-04,/contratti/92/open_interest_usd,2596471.3389,https://api.hyperliquid.xyz/info,"""Snapshot al momento del prelievo; non ricostruisce lo stato di ieri.""",Licenza dei dati terzi non verificata come aperta: valgono i termini della fonte; accesso pubblico non equivale a diritto di ripubblicazione. Codice locale originale CC0; nessuna nuova licenza applicata ai dati.,,Fonti originali,Licenza dei dati terzi non verificata come aperta: valgono i termini della fonte; accesso pubblico non equivale a diritto di ripubblicazione. Codice locale originale CC0; nessuna nuova licenza applicata ai dati.
funding_medio,2026-10-04,/contratti/93/asset,"""EIGEN""",https://api.hyperliquid.xyz/info,"""Snapshot al momento del prelievo; non ricostruisce lo stato di ieri.""",Licenza dei dati terzi non verificata come aperta: valgono i termini della fonte; accesso pubblico non equivale a diritto di ripubblicazione. Codice locale originale CC0; nessuna nuova licenza applicata ai dati.,,Fonti originali,Licenza dei dati terzi non verificata come aperta: valgono i termini della fonte; accesso pubblico non equivale a diritto di ripubblicazione. Codice locale originale CC0; nessuna nuova licenza applicata ai dati.
funding_medio,2026-10-04,/contratti/93/funding_orario,1.25e-05,https://api.hyperliquid.xyz/info,"""Snapshot al momento del prelievo; non ricostruisce lo stato di ieri.""",Licenza dei dati terzi non verificata come aperta: valgono i termini della fonte; accesso pubblico non equivale a diritto di ripubblicazione. Codice locale originale CC0; nessuna nuova licenza applicata ai dati.,,Fonti originali,Licenza dei dati terzi non verificata come aperta: valgono i termini della fonte; accesso pubblico non equivale a diritto di ripubblicazione. Codice locale originale CC0; nessuna nuova licenza applicata ai dati.
funding_medio,2026-10-04,/contratti/93/open_interest_usd,4204275.322015999,https://api.hyperliquid.xyz/info,"""Snapshot al momento del prelievo; non ricostruisce lo stato di ieri.""",Licenza dei dati terzi non verificata come aperta: valgono i termini della fonte; accesso pubblico non equivale a diritto di ripubblicazione. Codice locale originale CC0; nessuna nuova licenza applicata ai dati.,,Fonti originali,Licenza dei dati terzi non verificata come aperta: valgono i termini della fonte; accesso pubblico non equivale a diritto di ripubblicazione. Codice locale originale CC0; nessuna nuova licenza applicata ai dati.
funding_medio,2026-10-04,/contratti/94/asset,"""REZ""",https://api.hyperliquid.xyz/info,"""Snapshot al momento del prelievo; non ricostruisce lo stato di ieri.""",Licenza dei dati terzi non verificata come aperta: valgono i termini della fonte; accesso pubblico non equivale a diritto di ripubblicazione. Codice locale originale CC0; nessuna nuova licenza applicata ai dati.,,Fonti originali,Licenza dei dati terzi non verificata come aperta: valgono i termini della fonte; accesso pubblico non equivale a diritto di ripubblicazione. Codice locale originale CC0; nessuna nuova licenza applicata ai dati.
funding_medio,2026-10-04,/contratti/94/funding_orario,1.25e-05,https://api.hyperliquid.xyz/info,"""Snapshot al momento del prelievo; non ricostruisce lo stato di ieri.""",Licenza dei dati terzi non verificata come aperta: valgono i termini della fonte; accesso pubblico non equivale a diritto di ripubblicazione. Codice locale originale CC0; nessuna nuova licenza applicata ai dati.,,Fonti originali,Licenza dei dati terzi non verificata come aperta: valgono i termini della fonte; accesso pubblico non equivale a diritto di ripubblicazione. Codice locale originale CC0; nessuna nuova licenza applicata ai dati.
funding_medio,2026-10-04,/contratti/94/open_interest_usd,1765268.85612,https://api.hyperliquid.xyz/info,"""Snapshot al momento del prelievo; non ricostruisce lo stato di ieri.""",Licenza dei dati terzi non verificata come aperta: valgono i termini della fonte; accesso pubblico non equivale a diritto di ripubblicazione. Codice locale originale CC0; nessuna nuova licenza applicata ai dati.,,Fonti originali,Licenza dei dati terzi non verificata come aperta: valgono i termini della fonte; accesso pubblico non equivale a diritto di ripubblicazione. Codice locale originale CC0; nessuna nuova licenza applicata ai dati.
funding_medio,2026-10-04,/contratti/95/asset,"""NOT""",https://api.hyperliquid.xyz/info,"""Snapshot al momento del prelievo; non ricostruisce lo stato di ieri.""",Licenza dei dati terzi non verificata come aperta: valgono i termini della fonte; accesso pubblico non equivale a diritto di ripubblicazione. Codice locale originale CC0; nessuna nuova licenza applicata ai dati.,,Fonti originali,Licenza dei dati terzi non verificata come aperta: valgono i termini della fonte; accesso pubblico non equivale a diritto di ripubblicazione. Codice locale originale CC0; nessuna nuova licenza applicata ai dati.
funding_medio,2026-10-04,/contratti/95/funding_orario,1.25e-05,https://api.hyperliquid.xyz/info,"""Snapshot al momento del prelievo; non ricostruisce lo stato di ieri.""",Licenza dei dati terzi non verificata come aperta: valgono i termini della fonte; accesso pubblico non equivale a diritto di ripubblicazione. Codice locale originale CC0; nessuna nuova licenza applicata ai dati.,,Fonti originali,Licenza dei dati terzi non verificata come aperta: valgono i termini della fonte; accesso pubblico non equivale a diritto di ripubblicazione. Codice locale originale CC0; nessuna nuova licenza applicata ai dati.
funding_medio,2026-10-04,/contratti/95/open_interest_usd,91620.346096,https://api.hyperliquid.xyz/info,"""Snapshot al momento del prelievo; non ricostruisce lo stato di ieri.""",Licenza dei dati terzi non verificata come aperta: valgono i termini della fonte; accesso pubblico non equivale a diritto di ripubblicazione. Codice locale originale CC0; nessuna nuova licenza applicata ai dati.,,Fonti originali,Licenza dei dati terzi non verificata come aperta: valgono i termini della fonte; accesso pubblico non equivale a diritto di ripubblicazione. Codice locale originale CC0; nessuna nuova licenza applicata ai dati.
funding_medio,2026-10-04,/contratti/96/asset,"""TURBO""",https://api.hyperliquid.xyz/info,"""Snapshot al momento del prelievo; non ricostruisce lo stato di ieri.""",Licenza dei dati terzi non verificata come aperta: valgono i termini della fonte; accesso pubblico non equivale a diritto di ripubblicazione. Codice locale originale CC0; nessuna nuova licenza applicata ai dati.,,Fonti originali,Licenza dei dati terzi non verificata come aperta: valgono i termini della fonte; accesso pubblico non equivale a diritto di ripubblicazione. Codice locale originale CC0; nessuna nuova licenza applicata ai dati.
funding_medio,2026-10-04,/contratti/96/funding_orario,1.25e-05,https://api.hyperliquid.xyz/info,"""Snapshot al momento del prelievo; non ricostruisce lo stato di ieri.""",Licenza dei dati terzi non verificata come aperta: valgono i termini della fonte; accesso pubblico non equivale a diritto di ripubblicazione. Codice locale originale CC0; nessuna nuova licenza applicata ai dati.,,Fonti originali,Licenza dei dati terzi non verificata come aperta: valgono i termini della fonte; accesso pubblico non equivale a diritto di ripubblicazione. Codice locale originale CC0; nessuna nuova licenza applicata ai dati.
funding_medio,2026-10-04,/contratti/96/open_interest_usd,252974.468736,https://api.hyperliquid.xyz/info,"""Snapshot al momento del prelievo; non ricostruisce lo stato di ieri.""",Licenza dei dati terzi non verificata come aperta: valgono i termini della fonte; accesso pubblico non equivale a diritto di ripubblicazione. Codice locale originale CC0; nessuna nuova licenza applicata ai dati.,,Fonti originali,Licenza dei dati terzi non verificata come aperta: valgono i termini della fonte; accesso pubblico non equivale a diritto di ripubblicazione. Codice locale originale CC0; nessuna nuova licenza applicata ai dati.
funding_medio,2026-10-04,/contratti/97/asset,"""BRETT""",https://api.hyperliquid.xyz/info,"""Snapshot al momento del prelievo; non ricostruisce lo stato di ieri.""",Licenza dei dati terzi non verificata come aperta: valgono i termini della fonte; accesso pubblico non equivale a diritto di ripubblicazione. Codice locale originale CC0; nessuna nuova licenza applicata ai dati.,,Fonti originali,Licenza dei dati terzi non verificata come aperta: valgono i termini della fonte; accesso pubblico non equivale a diritto di ripubblicazione. Codice locale originale CC0; nessuna nuova licenza applicata ai dati.
funding_medio,2026-10-04,/contratti/97/funding_orario,1.25e-05,https://api.hyperliquid.xyz/info,"""Snapshot al momento del prelievo; non ricostruisce lo stato di ieri.""",Licenza dei dati terzi non verificata come aperta: valgono i termini della fonte; accesso pubblico non equivale a diritto di ripubblicazione. Codice locale originale CC0; nessuna nuova licenza applicata ai dati.,,Fonti originali,Licenza dei dati terzi non verificata come aperta: valgono i termini della fonte; accesso pubblico non equivale a diritto di ripubblicazione. Codice locale originale CC0; nessuna nuova licenza applicata ai dati.
funding_medio,2026-10-04,/contratti/97/open_interest_usd,236360.630828,https://api.hyperliquid.xyz/info,"""Snapshot al momento del prelievo; non ricostruisce lo stato di ieri.""",Licenza dei dati terzi non verificata come aperta: valgono i termini della fonte; accesso pubblico non equivale a diritto di ripubblicazione. Codice locale originale CC0; nessuna nuova licenza applicata ai dati.,,Fonti originali,Licenza dei dati terzi non verificata come aperta: valgono i termini della fonte; accesso pubblico non equivale a diritto di ripubblicazione. Codice locale originale CC0; nessuna nuova licenza applicata ai dati.
funding_medio,2026-10-04,/contratti/98/asset,"""IO""",https://api.hyperliquid.xyz/info,"""Snapshot al momento del prelievo; non ricostruisce lo stato di ieri.""",Licenza dei dati terzi non verificata come aperta: valgono i termini della fonte; accesso pubblico non equivale a diritto di ripubblicazione. Codice locale originale CC0; nessuna nuova licenza applicata ai dati.,,Fonti originali,Licenza dei dati terzi non verificata come aperta: valgono i termini della fonte; accesso pubblico non equivale a diritto di ripubblicazione. Codice locale originale CC0; nessuna nuova licenza applicata ai dati.
funding_medio,2026-10-04,/contratti/98/funding_orario,1.25e-05,https://api.hyperliquid.xyz/info,"""Snapshot al momento del prelievo; non ricostruisce lo stato di ieri.""",Licenza dei dati terzi non verificata come aperta: valgono i termini della fonte; accesso pubblico non equivale a diritto di ripubblicazione. Codice locale originale CC0; nessuna nuova licenza applicata ai dati.,,Fonti originali,Licenza dei dati terzi non verificata come aperta: valgono i termini della fonte; accesso pubblico non equivale a diritto di ripubblicazione. Codice locale originale CC0; nessuna nuova licenza applicata ai dati.
funding_medio,2026-10-04,/contratti/98/open_interest_usd,1075918.182144,https://api.hyperliquid.xyz/info,"""Snapshot al momento del prelievo; non ricostruisce lo stato di ieri.""",Licenza dei dati terzi non verificata come aperta: valgono i termini della fonte; accesso pubblico non equivale a diritto di ripubblicazione. Codice locale originale CC0; nessuna nuova licenza applicata ai dati.,,Fonti originali,Licenza dei dati terzi non verificata come aperta: valgono i termini della fonte; accesso pubblico non equivale a diritto di ripubblicazione. Codice locale originale CC0; nessuna nuova licenza applicata ai dati.
funding_medio,2026-10-04,/contratti/99/asset,"""ZK""",https://api.hyperliquid.xyz/info,"""Snapshot al momento del prelievo; non ricostruisce lo stato di ieri.""",Licenza dei dati terzi non verificata come aperta: valgono i termini della fonte; accesso pubblico non equivale a diritto di ripubblicazione. Codice locale originale CC0; nessuna nuova licenza applicata ai dati.,,Fonti originali,Licenza dei dati terzi non verificata come aperta: valgono i termini della fonte; accesso pubblico non equivale a diritto di ripubblicazione. Codice locale originale CC0; nessuna nuova licenza applicata ai dati.
funding_medio,2026-10-04,/contratti/99/funding_orario,1.25e-05,https://api.hyperliquid.xyz/info,"""Snapshot al momento del prelievo; non ricostruisce lo stato di ieri.""",Licenza dei dati terzi non verificata come aperta: valgono i termini della fonte; accesso pubblico non equivale a diritto di ripubblicazione. Codice locale originale CC0; nessuna nuova licenza applicata ai dati.,,Fonti originali,Licenza dei dati terzi non verificata come aperta: valgono i termini della fonte; accesso pubblico non equivale a diritto di ripubblicazione. Codice locale originale CC0; nessuna nuova licenza applicata ai dati.
funding_medio,2026-10-04,/contratti/99/open_interest_usd,898630.104512,https://api.hyperliquid.xyz/info,"""Snapshot al momento del prelievo; non ricostruisce lo stato di ieri.""",Licenza dei dati terzi non verificata come aperta: valgono i termini della fonte; accesso pubblico non equivale a diritto di ripubblicazione. Codice locale originale CC0; nessuna nuova licenza applicata ai dati.,,Fonti originali,Licenza dei dati terzi non verificata come aperta: valgono i termini della fonte; accesso pubblico non equivale a diritto di ripubblicazione. Codice locale originale CC0; nessuna nuova licenza applicata ai dati.
funding_medio,2026-10-04,/contratti/100/asset,"""RENDER""",https://api.hyperliquid.xyz/info,"""Snapshot al momento del prelievo; non ricostruisce lo stato di ieri.""",Licenza dei dati terzi non verificata come aperta: valgono i termini della fonte; accesso pubblico non equivale a diritto di ripubblicazione. Codice locale originale CC0; nessuna nuova licenza applicata ai dati.,,Fonti originali,Licenza dei dati terzi non verificata come aperta: valgono i termini della fonte; accesso pubblico non equivale a diritto di ripubblicazione. Codice locale originale CC0; nessuna nuova licenza applicata ai dati.
funding_medio,2026-10-04,/contratti/100/funding_orario,1.25e-05,https://api.hyperliquid.xyz/info,"""Snapshot al momento del prelievo; non ricostruisce lo stato di ieri.""",Licenza dei dati terzi non verificata come aperta: valgono i termini della fonte; accesso pubblico non equivale a diritto di ripubblicazione. Codice locale originale CC0; nessuna nuova licenza applicata ai dati.,,Fonti originali,Licenza dei dati terzi non verificata come aperta: valgono i termini della fonte; accesso pubblico non equivale a diritto di ripubblicazione. Codice locale originale CC0; nessuna nuova licenza applicata ai dati.
funding_medio,2026-10-04,/contratti/100/open_interest_usd,3480996.7959600003,https://api.hyperliquid.xyz/info,"""Snapshot al momento del prelievo; non ricostruisce lo stato di ieri.""",Licenza dei dati terzi non verificata come aperta: valgono i termini della fonte; accesso pubblico non equivale a diritto di ripubblicazione. Codice locale originale CC0; nessuna nuova licenza applicata ai dati.,,Fonti originali,Licenza dei dati terzi non verificata come aperta: valgono i termini della fonte; accesso pubblico non equivale a diritto di ripubblicazione. Codice locale originale CC0; nessuna nuova licenza applicata ai dati.
funding_medio,2026-10-04,/contratti/101/asset,"""POL""",https://api.hyperliquid.xyz/info,"""Snapshot al momento del prelievo; non ricostruisce lo stato di ieri.""",Licenza dei dati terzi non verificata come aperta: valgono i termini della fonte; accesso pubblico non equivale a diritto di ripubblicazione. Codice locale originale CC0; nessuna nuova licenza applicata ai dati.,,Fonti originali,Licenza dei dati terzi non verificata come aperta: valgono i termini della fonte; accesso pubblico non equivale a diritto di ripubblicazione. Codice locale originale CC0; nessuna nuova licenza applicata ai dati.
funding_medio,2026-10-04,/contratti/101/funding_orario,1.25e-05,https://api.hyperliquid.xyz/info,"""Snapshot al momento del prelievo; non ricostruisce lo stato di ieri.""",Licenza dei dati terzi non verificata come aperta: valgono i termini della fonte; accesso pubblico non equivale a diritto di ripubblicazione. Codice locale originale CC0; nessuna nuova licenza applicata ai dati.,,Fonti originali,Licenza dei dati terzi non verificata come aperta: valgono i termini della fonte; accesso pubblico non equivale a diritto di ripubblicazione. Codice locale originale CC0; nessuna nuova licenza applicata ai dati.
funding_medio,2026-10-04,/contratti/101/open_interest_usd,6781655.653651999,https://api.hyperliquid.xyz/info,"""Snapshot al momento del prelievo; non ricostruisce lo stato di ieri.""",Licenza dei dati terzi non verificata come aperta: valgono i termini della fonte; accesso pubblico non equivale a diritto di ripubblicazione. Codice locale originale CC0; nessuna nuova licenza applicata ai dati.,,Fonti originali,Licenza dei dati terzi non verificata come aperta: valgono i termini della fonte; accesso pubblico non equivale a diritto di ripubblicazione. Codice locale originale CC0; nessuna nuova licenza applicata ai dati.
funding_medio,2026-10-04,/contratti/102/asset,"""CELO""",https://api.hyperliquid.xyz/info,"""Snapshot al momento del prelievo; non ricostruisce lo stato di ieri.""",Licenza dei dati terzi non verificata come aperta: valgono i termini della fonte; accesso pubblico non equivale a diritto di ripubblicazione. Codice locale originale CC0; nessuna nuova licenza applicata ai dati.,,Fonti originali,Licenza dei dati terzi non verificata come aperta: valgono i termini della fonte; accesso pubblico non equivale a diritto di ripubblicazione. Codice locale originale CC0; nessuna nuova licenza applicata ai dati.
funding_medio,2026-10-04,/contratti/102/funding_orario,1.25e-05,https://api.hyperliquid.xyz/info,"""Snapshot al momento del prelievo; non ricostruisce lo stato di ieri.""",Licenza dei dati terzi non verificata come aperta: valgono i termini della fonte; accesso pubblico non equivale a diritto di ripubblicazione. Codice locale originale CC0; nessuna nuova licenza applicata ai dati.,,Fonti originali,Licenza dei dati terzi non verificata come aperta: valgono i termini della fonte; accesso pubblico non equivale a diritto di ripubblicazione. Codice locale originale CC0; nessuna nuova licenza applicata ai dati.
funding_medio,2026-10-04,/contratti/102/open_interest_usd,500254.25645999995,https://api.hyperliquid.xyz/info,"""Snapshot al momento del prelievo; non ricostruisce lo stato di ieri.""",Licenza dei dati terzi non verificata come aperta: valgono i termini della fonte; accesso pubblico non equivale a diritto di ripubblicazione. Codice locale originale CC0; nessuna nuova licenza applicata ai dati.,,Fonti originali,Licenza dei dati terzi non verificata come aperta: valgono i termini della fonte; accesso pubblico non equivale a diritto di ripubblicazione. Codice locale originale CC0; nessuna nuova licenza applicata ai dati.
funding_medio,2026-10-04,/contratti/103/asset,"""HMSTR""",https://api.hyperliquid.xyz/info,"""Snapshot al momento del prelievo; non ricostruisce lo stato di ieri.""",Licenza dei dati terzi non verificata come aperta: valgono i termini della fonte; accesso pubblico non equivale a diritto di ripubblicazione. Codice locale originale CC0; nessuna nuova licenza applicata ai dati.,,Fonti originali,Licenza dei dati terzi non verificata come aperta: valgono i termini della fonte; accesso pubblico non equivale a diritto di ripubblicazione. Codice locale originale CC0; nessuna nuova licenza applicata ai dati.
funding_medio,2026-10-04,/contratti/103/funding_orario,1.25e-05,https://api.hyperliquid.xyz/info,"""Snapshot al momento del prelievo; non ricostruisce lo stato di ieri.""",Licenza dei dati terzi non verificata come aperta: valgono i termini della fonte; accesso pubblico non equivale a diritto di ripubblicazione. Codice locale originale CC0; nessuna nuova licenza applicata ai dati.,,Fonti originali,Licenza dei dati terzi non verificata come aperta: valgono i termini della fonte; accesso pubblico non equivale a diritto di ripubblicazione. Codice locale originale CC0; nessuna nuova licenza applicata ai dati.
funding_medio,2026-10-04,/contratti/103/open_interest_usd,1546912.258934,https://api.hyperliquid.xyz/info,"""Snapshot al momento del prelievo; non ricostruisce lo stato di ieri.""",Licenza dei dati terzi non verificata come aperta: valgono i termini della fonte; accesso pubblico non equivale a diritto di ripubblicazione. Codice locale originale CC0; nessuna nuova licenza applicata ai dati.,,Fonti originali,Licenza dei dati terzi non verificata come aperta: valgono i termini della fonte; accesso pubblico non equivale a diritto di ripubblicazione. Codice locale originale CC0; nessuna nuova licenza applicata ai dati.
funding_medio,2026-10-04,/contratti/104/asset,"""kNEIRO""",https://api.hyperliquid.xyz/info,"""Snapshot al momento del prelievo; non ricostruisce lo stato di ieri.""",Licenza dei dati terzi non verificata come aperta: valgono i termini della fonte; accesso pubblico non equivale a diritto di ripubblicazione. Codice locale originale CC0; nessuna nuova licenza applicata ai dati.,,Fonti originali,Licenza dei dati terzi non verificata come aperta: valgono i termini della fonte; accesso pubblico non equivale a diritto di ripubblicazione. Codice locale originale CC0; nessuna nuova licenza applicata ai dati.
funding_medio,2026-10-04,/contratti/104/funding_orario,1.25e-05,https://api.hyperliquid.xyz/info,"""Snapshot al momento del prelievo; non ricostruisce lo stato di ieri.""",Licenza dei dati terzi non verificata come aperta: valgono i termini della fonte; accesso pubblico non equivale a diritto di ripubblicazione. Codice locale originale CC0; nessuna nuova licenza applicata ai dati.,,Fonti originali,Licenza dei dati terzi non verificata come aperta: valgono i termini della fonte; accesso pubblico non equivale a diritto di ripubblicazione. Codice locale originale CC0; nessuna nuova licenza applicata ai dati.
funding_medio,2026-10-04,/contratti/104/open_interest_usd,143945.6181,https://api.hyperliquid.xyz/info,"""Snapshot al momento del prelievo; non ricostruisce lo stato di ieri.""",Licenza dei dati terzi non verificata come aperta: valgono i termini della fonte; accesso pubblico non equivale a diritto di ripubblicazione. Codice locale originale CC0; nessuna nuova licenza applicata ai dati.,,Fonti originali,Licenza dei dati terzi non verificata come aperta: valgono i termini della fonte; accesso pubblico non equivale a diritto di ripubblicazione. Codice locale originale CC0; nessuna nuova licenza applicata ai dati.
funding_medio,2026-10-04,/contratti/105/asset,"""GOAT""",https://api.hyperliquid.xyz/info,"""Snapshot al momento del prelievo; non ricostruisce lo stato di ieri.""",Licenza dei dati terzi non verificata come aperta: valgono i termini della fonte; accesso pubblico non equivale a diritto di ripubblicazione. Codice locale originale CC0; nessuna nuova licenza applicata ai dati.,,Fonti originali,Licenza dei dati terzi non verificata come aperta: valgono i termini della fonte; accesso pubblico non equivale a diritto di ripubblicazione. Codice locale originale CC0; nessuna nuova licenza applicata ai dati.
funding_medio,2026-10-04,/contratti/105/funding_orario,1.84907e-05,https://api.hyperliquid.xyz/info,"""Snapshot al momento del prelievo; non ricostruisce lo stato di ieri.""",Licenza dei dati terzi non verificata come aperta: valgono i termini della fonte; accesso pubblico non equivale a diritto di ripubblicazione. Codice locale originale CC0; nessuna nuova licenza applicata ai dati.,,Fonti originali,Licenza dei dati terzi non verificata come aperta: valgono i termini della fonte; accesso pubblico non equivale a diritto di ripubblicazione. Codice locale originale CC0; nessuna nuova licenza applicata ai dati.
funding_medio,2026-10-04,/contratti/105/open_interest_usd,1451899.955184,https://api.hyperliquid.xyz/info,"""Snapshot al momento del prelievo; non ricostruisce lo stato di ieri.""",Licenza dei dati terzi non verificata come aperta: valgono i termini della fonte; accesso pubblico non equivale a diritto di ripubblicazione. Codice locale originale CC0; nessuna nuova licenza applicata ai dati.,,Fonti originali,Licenza dei dati terzi non verificata come aperta: valgono i termini della fonte; accesso pubblico non equivale a diritto di ripubblicazione. Codice locale originale CC0; nessuna nuova licenza applicata ai dati.
funding_medio,2026-10-04,/contratti/106/asset,"""MOODENG""",https://api.hyperliquid.xyz/info,"""Snapshot al momento del prelievo; non ricostruisce lo stato di ieri.""",Licenza dei dati terzi non verificata come aperta: valgono i termini della fonte; accesso pubblico non equivale a diritto di ripubblicazione. Codice locale originale CC0; nessuna nuova licenza applicata ai dati.,,Fonti originali,Licenza dei dati terzi non verificata come aperta: valgono i termini della fonte; accesso pubblico non equivale a diritto di ripubblicazione. Codice locale originale CC0; nessuna nuova licenza applicata ai dati.
funding_medio,2026-10-04,/contratti/106/funding_orario,1.25e-05,https://api.hyperliquid.xyz/info,"""Snapshot al momento del prelievo; non ricostruisce lo stato di ieri.""",Licenza dei dati terzi non verificata come aperta: valgono i termini della fonte; accesso pubblico non equivale a diritto di ripubblicazione. Codice locale originale CC0; nessuna nuova licenza applicata ai dati.,,Fonti originali,Licenza dei dati terzi non verificata come aperta: valgono i termini della fonte; accesso pubblico non equivale a diritto di ripubblicazione. Codice locale originale CC0; nessuna nuova licenza applicata ai dati.
funding_medio,2026-10-04,/contratti/106/open_interest_usd,383478.079572,https://api.hyperliquid.xyz/info,"""Snapshot al momento del prelievo; non ricostruisce lo stato di ieri.""",Licenza dei dati terzi non verificata come aperta: valgono i termini della fonte; accesso pubblico non equivale a diritto di ripubblicazione. Codice locale originale CC0; nessuna nuova licenza applicata ai dati.,,Fonti originali,Licenza dei dati terzi non verificata come aperta: valgono i termini della fonte; accesso pubblico non equivale a diritto di ripubblicazione. Codice locale originale CC0; nessuna nuova licenza applicata ai dati.
funding_medio,2026-10-04,/contratti/107/asset,"""GRASS""",https://api.hyperliquid.xyz/info,"""Snapshot al momento del prelievo; non ricostruisce lo stato di ieri.""",Licenza dei dati terzi non verificata come aperta: valgono i termini della fonte; accesso pubblico non equivale a diritto di ripubblicazione. Codice locale originale CC0; nessuna nuova licenza applicata ai dati.,,Fonti originali,Licenza dei dati terzi non verificata come aperta: valgono i termini della fonte; accesso pubblico non equivale a diritto di ripubblicazione. Codice locale originale CC0; nessuna nuova licenza applicata ai dati.
funding_medio,2026-10-04,/contratti/107/funding_orario,1.25e-05,https://api.hyperliquid.xyz/info,"""Snapshot al momento del prelievo; non ricostruisce lo stato di ieri.""",Licenza dei dati terzi non verificata come aperta: valgono i termini della fonte; accesso pubblico non equivale a diritto di ripubblicazione. Codice locale originale CC0; nessuna nuova licenza applicata ai dati.,,Fonti originali,Licenza dei dati terzi non verificata come aperta: valgono i termini della fonte; accesso pubblico non equivale a diritto di ripubblicazione. Codice locale originale CC0; nessuna nuova licenza applicata ai dati.
funding_medio,2026-10-04,/contratti/107/open_interest_usd,36697962.910280004,https://api.hyperliquid.xyz/info,"""Snapshot al momento del prelievo; non ricostruisce lo stato di ieri.""",Licenza dei dati terzi non verificata come aperta: valgono i termini della fonte; accesso pubblico non equivale a diritto di ripubblicazione. Codice locale originale CC0; nessuna nuova licenza applicata ai dati.,,Fonti originali,Licenza dei dati terzi non verificata come aperta: valgono i termini della fonte; accesso pubblico non equivale a diritto di ripubblicazione. Codice locale originale CC0; nessuna nuova licenza applicata ai dati.
funding_medio,2026-10-04,/contratti/108/asset,"""PURR""",https://api.hyperliquid.xyz/info,"""Snapshot al momento del prelievo; non ricostruisce lo stato di ieri.""",Licenza dei dati terzi non verificata come aperta: valgono i termini della fonte; accesso pubblico non equivale a diritto di ripubblicazione. Codice locale originale CC0; nessuna nuova licenza applicata ai dati.,,Fonti originali,Licenza dei dati terzi non verificata come aperta: valgono i termini della fonte; accesso pubblico non equivale a diritto di ripubblicazione. Codice locale originale CC0; nessuna nuova licenza applicata ai dati.
funding_medio,2026-10-04,/contratti/108/funding_orario,1.25e-05,https://api.hyperliquid.xyz/info,"""Snapshot al momento del prelievo; non ricostruisce lo stato di ieri.""",Licenza dei dati terzi non verificata come aperta: valgono i termini della fonte; accesso pubblico non equivale a diritto di ripubblicazione. Codice locale originale CC0; nessuna nuova licenza applicata ai dati.,,Fonti originali,Licenza dei dati terzi non verificata come aperta: valgono i termini della fonte; accesso pubblico non equivale a diritto di ripubblicazione. Codice locale originale CC0; nessuna nuova licenza applicata ai dati.
funding_medio,2026-10-04,/contratti/108/open_interest_usd,20094917.0517,https://api.hyperliquid.xyz/info,"""Snapshot al momento del prelievo; non ricostruisce lo stato di ieri.""",Licenza dei dati terzi non verificata come aperta: valgono i termini della fonte; accesso pubblico non equivale a diritto di ripubblicazione. Codice locale originale CC0; nessuna nuova licenza applicata ai dati.,,Fonti originali,Licenza dei dati terzi non verificata come aperta: valgono i termini della fonte; accesso pubblico non equivale a diritto di ripubblicazione. Codice locale originale CC0; nessuna nuova licenza applicata ai dati.
funding_medio,2026-10-04,/contratti/109/asset,"""PNUT""",https://api.hyperliquid.xyz/info,"""Snapshot al momento del prelievo; non ricostruisce lo stato di ieri.""",Licenza dei dati terzi non verificata come aperta: valgono i termini della fonte; accesso pubblico non equivale a diritto di ripubblicazione. Codice locale originale CC0; nessuna nuova licenza applicata ai dati.,,Fonti originali,Licenza dei dati terzi non verificata come aperta: valgono i termini della fonte; accesso pubblico non equivale a diritto di ripubblicazione. Codice locale originale CC0; nessuna nuova licenza applicata ai dati.
funding_medio,2026-10-04,/contratti/109/funding_orario,1.25e-05,https://api.hyperliquid.xyz/info,"""Snapshot al momento del prelievo; non ricostruisce lo stato di ieri.""",Licenza dei dati terzi non verificata come aperta: valgono i termini della fonte; accesso pubblico non equivale a diritto di ripubblicazione. Codice locale originale CC0; nessuna nuova licenza applicata ai dati.,,Fonti originali,Licenza dei dati terzi non verificata come aperta: valgono i termini della fonte; accesso pubblico non equivale a diritto di ripubblicazione. Codice locale originale CC0; nessuna nuova licenza applicata ai dati.
funding_medio,2026-10-04,/contratti/109/open_interest_usd,1517932.1679999998,https://api.hyperliquid.xyz/info,"""Snapshot al momento del prelievo; non ricostruisce lo stato di ieri.""",Licenza dei dati terzi non verificata come aperta: valgono i termini della fonte; accesso pubblico non equivale a diritto di ripubblicazione. Codice locale originale CC0; nessuna nuova licenza applicata ai dati.,,Fonti originali,Licenza dei dati terzi non verificata come aperta: valgono i termini della fonte; accesso pubblico non equivale a diritto di ripubblicazione. Codice locale originale CC0; nessuna nuova licenza applicata ai dati.
funding_medio,2026-10-04,/contratti/110/asset,"""XLM""",https://api.hyperliquid.xyz/info,"""Snapshot al momento del prelievo; non ricostruisce lo stato di ieri.""",Licenza dei dati terzi non verificata come aperta: valgono i termini della fonte; accesso pubblico non equivale a diritto di ripubblicazione. Codice locale originale CC0; nessuna nuova licenza applicata ai dati.,,Fonti originali,Licenza dei dati terzi non verificata come aperta: valgono i termini della fonte; accesso pubblico non equivale a diritto di ripubblicazione. Codice locale originale CC0; nessuna nuova licenza applicata ai dati.
funding_medio,2026-10-04,/contratti/110/funding_orario,1.25e-05,https://api.hyperliquid.xyz/info,"""Snapshot al momento del prelievo; non ricostruisce lo stato di ieri.""",Licenza dei dati terzi non verificata come aperta: valgono i termini della fonte; accesso pubblico non equivale a diritto di ripubblicazione. Codice locale originale CC0; nessuna nuova licenza applicata ai dati.,,Fonti originali,Licenza dei dati terzi non verificata come aperta: valgono i termini della fonte; accesso pubblico non equivale a diritto di ripubblicazione. Codice locale originale CC0; nessuna nuova licenza applicata ai dati.
funding_medio,2026-10-04,/contratti/110/open_interest_usd,19510914.64822,https://api.hyperliquid.xyz/info,"""Snapshot al momento del prelievo; non ricostruisce lo stato di ieri.""",Licenza dei dati terzi non verificata come aperta: valgono i termini della fonte; accesso pubblico non equivale a diritto di ripubblicazione. Codice locale originale CC0; nessuna nuova licenza applicata ai dati.,,Fonti originali,Licenza dei dati terzi non verificata come aperta: valgono i termini della fonte; accesso pubblico non equivale a diritto di ripubblicazione. Codice locale originale CC0; nessuna nuova licenza applicata ai dati.
funding_medio,2026-10-04,/contratti/111/asset,"""SAND""",https://api.hyperliquid.xyz/info,"""Snapshot al momento del prelievo; non ricostruisce lo stato di ieri.""",Licenza dei dati terzi non verificata come aperta: valgono i termini della fonte; accesso pubblico non equivale a diritto di ripubblicazione. Codice locale originale CC0; nessuna nuova licenza applicata ai dati.,,Fonti originali,Licenza dei dati terzi non verificata come aperta: valgono i termini della fonte; accesso pubblico non equivale a diritto di ripubblicazione. Codice locale originale CC0; nessuna nuova licenza applicata ai dati.
funding_medio,2026-10-04,/contratti/111/funding_orario,-9.98264e-05,https://api.hyperliquid.xyz/info,"""Snapshot al momento del prelievo; non ricostruisce lo stato di ieri.""",Licenza dei dati terzi non verificata come aperta: valgono i termini della fonte; accesso pubblico non equivale a diritto di ripubblicazione. Codice locale originale CC0; nessuna nuova licenza applicata ai dati.,,Fonti originali,Licenza dei dati terzi non verificata come aperta: valgono i termini della fonte; accesso pubblico non equivale a diritto di ripubblicazione. Codice locale originale CC0; nessuna nuova licenza applicata ai dati.
funding_medio,2026-10-04,/contratti/111/open_interest_usd,5530848.29479,https://api.hyperliquid.xyz/info,"""Snapshot al momento del prelievo; non ricostruisce lo stato di ieri.""",Licenza dei dati terzi non verificata come aperta: valgono i termini della fonte; accesso pubblico non equivale a diritto di ripubblicazione. Codice locale originale CC0; nessuna nuova licenza applicata ai dati.,,Fonti originali,Licenza dei dati terzi non verificata come aperta: valgono i termini della fonte; accesso pubblico non equivale a diritto di ripubblicazione. Codice locale originale CC0; nessuna nuova licenza applicata ai dati.
funding_medio,2026-10-04,/contratti/112/asset,"""IOTA""",https://api.hyperliquid.xyz/info,"""Snapshot al momento del prelievo; non ricostruisce lo stato di ieri.""",Licenza dei dati terzi non verificata come aperta: valgono i termini della fonte; accesso pubblico non equivale a diritto di ripubblicazione. Codice locale originale CC0; nessuna nuova licenza applicata ai dati.,,Fonti originali,Licenza dei dati terzi non verificata come aperta: valgono i termini della fonte; accesso pubblico non equivale a diritto di ripubblicazione. Codice locale originale CC0; nessuna nuova licenza applicata ai dati.
funding_medio,2026-10-04,/contratti/112/funding_orario,1.25e-05,https://api.hyperliquid.xyz/info,"""Snapshot al momento del prelievo; non ricostruisce lo stato di ieri.""",Licenza dei dati terzi non verificata come aperta: valgono i termini della fonte; accesso pubblico non equivale a diritto di ripubblicazione. Codice locale originale CC0; nessuna nuova licenza applicata ai dati.,,Fonti originali,Licenza dei dati terzi non verificata come aperta: valgono i termini della fonte; accesso pubblico non equivale a diritto di ripubblicazione. Codice locale originale CC0; nessuna nuova licenza applicata ai dati.
funding_medio,2026-10-04,/contratti/112/open_interest_usd,2093016.621604,https://api.hyperliquid.xyz/info,"""Snapshot al momento del prelievo; non ricostruisce lo stato di ieri.""",Licenza dei dati terzi non verificata come aperta: valgono i termini della fonte; accesso pubblico non equivale a diritto di ripubblicazione. Codice locale originale CC0; nessuna nuova licenza applicata ai dati.,,Fonti originali,Licenza dei dati terzi non verificata come aperta: valgono i termini della fonte; accesso pubblico non equivale a diritto di ripubblicazione. Codice locale originale CC0; nessuna nuova licenza applicata ai dati.
funding_medio,2026-10-04,/contratti/113/asset,"""ALGO""",https://api.hyperliquid.xyz/info,"""Snapshot al momento del prelievo; non ricostruisce lo stato di ieri.""",Licenza dei dati terzi non verificata come aperta: valgono i termini della fonte; accesso pubblico non equivale a diritto di ripubblicazione. Codice locale originale CC0; nessuna nuova licenza applicata ai dati.,,Fonti originali,Licenza dei dati terzi non verificata come aperta: valgono i termini della fonte; accesso pubblico non equivale a diritto di ripubblicazione. Codice locale originale CC0; nessuna nuova licenza applicata ai dati.
funding_medio,2026-10-04,/contratti/113/funding_orario,1.25e-05,https://api.hyperliquid.xyz/info,"""Snapshot al momento del prelievo; non ricostruisce lo stato di ieri.""",Licenza dei dati terzi non verificata come aperta: valgono i termini della fonte; accesso pubblico non equivale a diritto di ripubblicazione. Codice locale originale CC0; nessuna nuova licenza applicata ai dati.,,Fonti originali,Licenza dei dati terzi non verificata come aperta: valgono i termini della fonte; accesso pubblico non equivale a diritto di ripubblicazione. Codice locale originale CC0; nessuna nuova licenza applicata ai dati.
funding_medio,2026-10-04,/contratti/113/open_interest_usd,4805775.4248,https://api.hyperliquid.xyz/info,"""Snapshot al momento del prelievo; non ricostruisce lo stato di ieri.""",Licenza dei dati terzi non verificata come aperta: valgono i termini della fonte; accesso pubblico non equivale a diritto di ripubblicazione. Codice locale originale CC0; nessuna nuova licenza applicata ai dati.,,Fonti originali,Licenza dei dati terzi non verificata come aperta: valgono i termini della fonte; accesso pubblico non equivale a diritto di ripubblicazione. Codice locale originale CC0; nessuna nuova licenza applicata ai dati.
funding_medio,2026-10-04,/contratti/114/asset,"""HYPE""",https://api.hyperliquid.xyz/info,"""Snapshot al momento del prelievo; non ricostruisce lo stato di ieri.""",Licenza dei dati terzi non verificata come aperta: valgono i termini della fonte; accesso pubblico non equivale a diritto di ripubblicazione. Codice locale originale CC0; nessuna nuova licenza applicata ai dati.,,Fonti originali,Licenza dei dati terzi non verificata come aperta: valgono i termini della fonte; accesso pubblico non equivale a diritto di ripubblicazione. Codice locale originale CC0; nessuna nuova licenza applicata ai dati.
funding_medio,2026-10-04,/contratti/114/funding_orario,1.25e-05,https://api.hyperliquid.xyz/info,"""Snapshot al momento del prelievo; non ricostruisce lo stato di ieri.""",Licenza dei dati terzi non verificata come aperta: valgono i termini della fonte; accesso pubblico non equivale a diritto di ripubblicazione. Codice locale originale CC0; nessuna nuova licenza applicata ai dati.,,Fonti originali,Licenza dei dati terzi non verificata come aperta: valgono i termini della fonte; accesso pubblico non equivale a diritto di ripubblicazione. Codice locale originale CC0; nessuna nuova licenza applicata ai dati.
funding_medio,2026-10-04,/contratti/114/open_interest_usd,1900640229.4937592,https://api.hyperliquid.xyz/info,"""Snapshot al momento del prelievo; non ricostruisce lo stato di ieri.""",Licenza dei dati terzi non verificata come aperta: valgono i termini della fonte; accesso pubblico non equivale a diritto di ripubblicazione. Codice locale originale CC0; nessuna nuova licenza applicata ai dati.,,Fonti originali,Licenza dei dati terzi non verificata come aperta: valgono i termini della fonte; accesso pubblico non equivale a diritto di ripubblicazione. Codice locale originale CC0; nessuna nuova licenza applicata ai dati.
funding_medio,2026-10-04,/contratti/115/asset,"""ME""",https://api.hyperliquid.xyz/info,"""Snapshot al momento del prelievo; non ricostruisce lo stato di ieri.""",Licenza dei dati terzi non verificata come aperta: valgono i termini della fonte; accesso pubblico non equivale a diritto di ripubblicazione. Codice locale originale CC0; nessuna nuova licenza applicata ai dati.,,Fonti originali,Licenza dei dati terzi non verificata come aperta: valgono i termini della fonte; accesso pubblico non equivale a diritto di ripubblicazione. Codice locale originale CC0; nessuna nuova licenza applicata ai dati.
funding_medio,2026-10-04,/contratti/115/funding_orario,1.25e-05,https://api.hyperliquid.xyz/info,"""Snapshot al momento del prelievo; non ricostruisce lo stato di ieri.""",Licenza dei dati terzi non verificata come aperta: valgono i termini della fonte; accesso pubblico non equivale a diritto di ripubblicazione. Codice locale originale CC0; nessuna nuova licenza applicata ai dati.,,Fonti originali,Licenza dei dati terzi non verificata come aperta: valgono i termini della fonte; accesso pubblico non equivale a diritto di ripubblicazione. Codice locale originale CC0; nessuna nuova licenza applicata ai dati.
funding_medio,2026-10-04,/contratti/115/open_interest_usd,315336.16704200004,https://api.hyperliquid.xyz/info,"""Snapshot al momento del prelievo; non ricostruisce lo stato di ieri.""",Licenza dei dati terzi non verificata come aperta: valgono i termini della fonte; accesso pubblico non equivale a diritto di ripubblicazione. Codice locale originale CC0; nessuna nuova licenza applicata ai dati.,,Fonti originali,Licenza dei dati terzi non verificata come aperta: valgono i termini della fonte; accesso pubblico non equivale a diritto di ripubblicazione. Codice locale originale CC0; nessuna nuova licenza applicata ai dati.
funding_medio,2026-10-04,/contratti/116/asset,"""MOVE""",https://api.hyperliquid.xyz/info,"""Snapshot al momento del prelievo; non ricostruisce lo stato di ieri.""",Licenza dei dati terzi non verificata come aperta: valgono i termini della fonte; accesso pubblico non equivale a diritto di ripubblicazione. Codice locale originale CC0; nessuna nuova licenza applicata ai dati.,,Fonti originali,Licenza dei dati terzi non verificata come aperta: valgono i termini della fonte; accesso pubblico non equivale a diritto di ripubblicazione. Codice locale originale CC0; nessuna nuova licenza applicata ai dati.
funding_medio,2026-10-04,/contratti/116/funding_orario,1.25e-05,https://api.hyperliquid.xyz/info,"""Snapshot al momento del prelievo; non ricostruisce lo stato di ieri.""",Licenza dei dati terzi non verificata come aperta: valgono i termini della fonte; accesso pubblico non equivale a diritto di ripubblicazione. Codice locale originale CC0; nessuna nuova licenza applicata ai dati.,,Fonti originali,Licenza dei dati terzi non verificata come aperta: valgono i termini della fonte; accesso pubblico non equivale a diritto di ripubblicazione. Codice locale originale CC0; nessuna nuova licenza applicata ai dati.
funding_medio,2026-10-04,/contratti/116/open_interest_usd,380406.26558400004,https://api.hyperliquid.xyz/info,"""Snapshot al momento del prelievo; non ricostruisce lo stato di ieri.""",Licenza dei dati terzi non verificata come aperta: valgono i termini della fonte; accesso pubblico non equivale a diritto di ripubblicazione. Codice locale originale CC0; nessuna nuova licenza applicata ai dati.,,Fonti originali,Licenza dei dati terzi non verificata come aperta: valgono i termini della fonte; accesso pubblico non equivale a diritto di ripubblicazione. Codice locale originale CC0; nessuna nuova licenza applicata ai dati.
funding_medio,2026-10-04,/contratti/117/asset,"""VIRTUAL""",https://api.hyperliquid.xyz/info,"""Snapshot al momento del prelievo; non ricostruisce lo stato di ieri.""",Licenza dei dati terzi non verificata come aperta: valgono i termini della fonte; accesso pubblico non equivale a diritto di ripubblicazione. Codice locale originale CC0; nessuna nuova licenza applicata ai dati.,,Fonti originali,Licenza dei dati terzi non verificata come aperta: valgono i termini della fonte; accesso pubblico non equivale a diritto di ripubblicazione. Codice locale originale CC0; nessuna nuova licenza applicata ai dati.
funding_medio,2026-10-04,/contratti/117/funding_orario,1.25e-05,https://api.hyperliquid.xyz/info,"""Snapshot al momento del prelievo; non ricostruisce lo stato di ieri.""",Licenza dei dati terzi non verificata come aperta: valgono i termini della fonte; accesso pubblico non equivale a diritto di ripubblicazione. Codice locale originale CC0; nessuna nuova licenza applicata ai dati.,,Fonti originali,Licenza dei dati terzi non verificata come aperta: valgono i termini della fonte; accesso pubblico non equivale a diritto di ripubblicazione. Codice locale originale CC0; nessuna nuova licenza applicata ai dati.
funding_medio,2026-10-04,/contratti/117/open_interest_usd,10222655.218,https://api.hyperliquid.xyz/info,"""Snapshot al momento del prelievo; non ricostruisce lo stato di ieri.""",Licenza dei dati terzi non verificata come aperta: valgono i termini della fonte; accesso pubblico non equivale a diritto di ripubblicazione. Codice locale originale CC0; nessuna nuova licenza applicata ai dati.,,Fonti originali,Licenza dei dati terzi non verificata come aperta: valgono i termini della fonte; accesso pubblico non equivale a diritto di ripubblicazione. Codice locale originale CC0; nessuna nuova licenza applicata ai dati.
funding_medio,2026-10-04,/contratti/118/asset,"""PENGU""",https://api.hyperliquid.xyz/info,"""Snapshot al momento del prelievo; non ricostruisce lo stato di ieri.""",Licenza dei dati terzi non verificata come aperta: valgono i termini della fonte; accesso pubblico non equivale a diritto di ripubblicazione. Codice locale originale CC0; nessuna nuova licenza applicata ai dati.,,Fonti originali,Licenza dei dati terzi non verificata come aperta: valgono i termini della fonte; accesso pubblico non equivale a diritto di ripubblicazione. Codice locale originale CC0; nessuna nuova licenza applicata ai dati.
funding_medio,2026-10-04,/contratti/118/funding_orario,2.17508e-05,https://api.hyperliquid.xyz/info,"""Snapshot al momento del prelievo; non ricostruisce lo stato di ieri.""",Licenza dei dati terzi non verificata come aperta: valgono i termini della fonte; accesso pubblico non equivale a diritto di ripubblicazione. Codice locale originale CC0; nessuna nuova licenza applicata ai dati.,,Fonti originali,Licenza dei dati terzi non verificata come aperta: valgono i termini della fonte; accesso pubblico non equivale a diritto di ripubblicazione. Codice locale originale CC0; nessuna nuova licenza applicata ai dati.
funding_medio,2026-10-04,/contratti/118/open_interest_usd,16388302.277438,https://api.hyperliquid.xyz/info,"""Snapshot al momento del prelievo; non ricostruisce lo stato di ieri.""",Licenza dei dati terzi non verificata come aperta: valgono i termini della fonte; accesso pubblico non equivale a diritto di ripubblicazione. Codice locale originale CC0; nessuna nuova licenza applicata ai dati.,,Fonti originali,Licenza dei dati terzi non verificata come aperta: valgono i termini della fonte; accesso pubblico non equivale a diritto di ripubblicazione. Codice locale originale CC0; nessuna nuova licenza applicata ai dati.
funding_medio,2026-10-04,/contratti/119/asset,"""USUAL""",https://api.hyperliquid.xyz/info,"""Snapshot al momento del prelievo; non ricostruisce lo stato di ieri.""",Licenza dei dati terzi non verificata come aperta: valgono i termini della fonte; accesso pubblico non equivale a diritto di ripubblicazione. Codice locale originale CC0; nessuna nuova licenza applicata ai dati.,,Fonti originali,Licenza dei dati terzi non verificata come aperta: valgono i termini della fonte; accesso pubblico non equivale a diritto di ripubblicazione. Codice locale originale CC0; nessuna nuova licenza applicata ai dati.
funding_medio,2026-10-04,/contratti/119/funding_orario,1.25e-05,https://api.hyperliquid.xyz/info,"""Snapshot al momento del prelievo; non ricostruisce lo stato di ieri.""",Licenza dei dati terzi non verificata come aperta: valgono i termini della fonte; accesso pubblico non equivale a diritto di ripubblicazione. Codice locale originale CC0; nessuna nuova licenza applicata ai dati.,,Fonti originali,Licenza dei dati terzi non verificata come aperta: valgono i termini della fonte; accesso pubblico non equivale a diritto di ripubblicazione. Codice locale originale CC0; nessuna nuova licenza applicata ai dati.
funding_medio,2026-10-04,/contratti/119/open_interest_usd,423686.045384,https://api.hyperliquid.xyz/info,"""Snapshot al momento del prelievo; non ricostruisce lo stato di ieri.""",Licenza dei dati terzi non verificata come aperta: valgono i termini della fonte; accesso pubblico non equivale a diritto di ripubblicazione. Codice locale originale CC0; nessuna nuova licenza applicata ai dati.,,Fonti originali,Licenza dei dati terzi non verificata come aperta: valgono i termini della fonte; accesso pubblico non equivale a diritto di ripubblicazione. Codice locale originale CC0; nessuna nuova licenza applicata ai dati.
funding_medio,2026-10-04,/contratti/120/asset,"""FARTCOIN""",https://api.hyperliquid.xyz/info,"""Snapshot al momento del prelievo; non ricostruisce lo stato di ieri.""",Licenza dei dati terzi non verificata come aperta: valgono i termini della fonte; accesso pubblico non equivale a diritto di ripubblicazione. Codice locale originale CC0; nessuna nuova licenza applicata ai dati.,,Fonti originali,Licenza dei dati terzi non verificata come aperta: valgono i termini della fonte; accesso pubblico non equivale a diritto di ripubblicazione. Codice locale originale CC0; nessuna nuova licenza applicata ai dati.
funding_medio,2026-10-04,/contratti/120/funding_orario,5.32826e-05,https://api.hyperliquid.xyz/info,"""Snapshot al momento del prelievo; non ricostruisce lo stato di ieri.""",Licenza dei dati terzi non verificata come aperta: valgono i termini della fonte; accesso pubblico non equivale a diritto di ripubblicazione. Codice locale originale CC0; nessuna nuova licenza applicata ai dati.,,Fonti originali,Licenza dei dati terzi non verificata come aperta: valgono i termini della fonte; accesso pubblico non equivale a diritto di ripubblicazione. Codice locale originale CC0; nessuna nuova licenza applicata ai dati.
funding_medio,2026-10-04,/contratti/120/open_interest_usd,40612272.442328,https://api.hyperliquid.xyz/info,"""Snapshot al momento del prelievo; non ricostruisce lo stato di ieri.""",Licenza dei dati terzi non verificata come aperta: valgono i termini della fonte; accesso pubblico non equivale a diritto di ripubblicazione. Codice locale originale CC0; nessuna nuova licenza applicata ai dati.,,Fonti originali,Licenza dei dati terzi non verificata come aperta: valgono i termini della fonte; accesso pubblico non equivale a diritto di ripubblicazione. Codice locale originale CC0; nessuna nuova licenza applicata ai dati.
funding_medio,2026-10-04,/contratti/121/asset,"""AIXBT""",https://api.hyperliquid.xyz/info,"""Snapshot al momento del prelievo; non ricostruisce lo stato di ieri.""",Licenza dei dati terzi non verificata come aperta: valgono i termini della fonte; accesso pubblico non equivale a diritto di ripubblicazione. Codice locale originale CC0; nessuna nuova licenza applicata ai dati.,,Fonti originali,Licenza dei dati terzi non verificata come aperta: valgono i termini della fonte; accesso pubblico non equivale a diritto di ripubblicazione. Codice locale originale CC0; nessuna nuova licenza applicata ai dati.
funding_medio,2026-10-04,/contratti/121/funding_orario,1.25e-05,https://api.hyperliquid.xyz/info,"""Snapshot al momento del prelievo; non ricostruisce lo stato di ieri.""",Licenza dei dati terzi non verificata come aperta: valgono i termini della fonte; accesso pubblico non equivale a diritto di ripubblicazione. Codice locale originale CC0; nessuna nuova licenza applicata ai dati.,,Fonti originali,Licenza dei dati terzi non verificata come aperta: valgono i termini della fonte; accesso pubblico non equivale a diritto di ripubblicazione. Codice locale originale CC0; nessuna nuova licenza applicata ai dati.
funding_medio,2026-10-04,/contratti/121/open_interest_usd,291106.40277600003,https://api.hyperliquid.xyz/info,"""Snapshot al momento del prelievo; non ricostruisce lo stato di ieri.""",Licenza dei dati terzi non verificata come aperta: valgono i termini della fonte; accesso pubblico non equivale a diritto di ripubblicazione. Codice locale originale CC0; nessuna nuova licenza applicata ai dati.,,Fonti originali,Licenza dei dati terzi non verificata come aperta: valgono i termini della fonte; accesso pubblico non equivale a diritto di ripubblicazione. Codice locale originale CC0; nessuna nuova licenza applicata ai dati.
funding_medio,2026-10-04,/contratti/122/asset,"""BIO""",https://api.hyperliquid.xyz/info,"""Snapshot al momento del prelievo; non ricostruisce lo stato di ieri.""",Licenza dei dati terzi non verificata come aperta: valgono i termini della fonte; accesso pubblico non equivale a diritto di ripubblicazione. Codice locale originale CC0; nessuna nuova licenza applicata ai dati.,,Fonti originali,Licenza dei dati terzi non verificata come aperta: valgono i termini della fonte; accesso pubblico non equivale a diritto di ripubblicazione. Codice locale originale CC0; nessuna nuova licenza applicata ai dati.
funding_medio,2026-10-04,/contratti/122/funding_orario,4.63151e-05,https://api.hyperliquid.xyz/info,"""Snapshot al momento del prelievo; non ricostruisce lo stato di ieri.""",Licenza dei dati terzi non verificata come aperta: valgono i termini della fonte; accesso pubblico non equivale a diritto di ripubblicazione. Codice locale originale CC0; nessuna nuova licenza applicata ai dati.,,Fonti originali,Licenza dei dati terzi non verificata come aperta: valgono i termini della fonte; accesso pubblico non equivale a diritto di ripubblicazione. Codice locale originale CC0; nessuna nuova licenza applicata ai dati.
funding_medio,2026-10-04,/contratti/122/open_interest_usd,1467555.767224,https://api.hyperliquid.xyz/info,"""Snapshot al momento del prelievo; non ricostruisce lo stato di ieri.""",Licenza dei dati terzi non verificata come aperta: valgono i termini della fonte; accesso pubblico non equivale a diritto di ripubblicazione. Codice locale originale CC0; nessuna nuova licenza applicata ai dati.,,Fonti originali,Licenza dei dati terzi non verificata come aperta: valgono i termini della fonte; accesso pubblico non equivale a diritto di ripubblicazione. Codice locale originale CC0; nessuna nuova licenza applicata ai dati.
funding_medio,2026-10-04,/contratti/123/asset,"""GRIFFAIN""",https://api.hyperliquid.xyz/info,"""Snapshot al momento del prelievo; non ricostruisce lo stato di ieri.""",Licenza dei dati terzi non verificata come aperta: valgono i termini della fonte; accesso pubblico non equivale a diritto di ripubblicazione. Codice locale originale CC0; nessuna nuova licenza applicata ai dati.,,Fonti originali,Licenza dei dati terzi non verificata come aperta: valgono i termini della fonte; accesso pubblico non equivale a diritto di ripubblicazione. Codice locale originale CC0; nessuna nuova licenza applicata ai dati.
funding_medio,2026-10-04,/contratti/123/funding_orario,0.0002490994,https://api.hyperliquid.xyz/info,"""Snapshot al momento del prelievo; non ricostruisce lo stato di ieri.""",Licenza dei dati terzi non verificata come aperta: valgono i termini della fonte; accesso pubblico non equivale a diritto di ripubblicazione. Codice locale originale CC0; nessuna nuova licenza applicata ai dati.,,Fonti originali,Licenza dei dati terzi non verificata come aperta: valgono i termini della fonte; accesso pubblico non equivale a diritto di ripubblicazione. Codice locale originale CC0; nessuna nuova licenza applicata ai dati.
funding_medio,2026-10-04,/contratti/123/open_interest_usd,1922983.6416000002,https://api.hyperliquid.xyz/info,"""Snapshot al momento del prelievo; non ricostruisce lo stato di ieri.""",Licenza dei dati terzi non verificata come aperta: valgono i termini della fonte; accesso pubblico non equivale a diritto di ripubblicazione. Codice locale originale CC0; nessuna nuova licenza applicata ai dati.,,Fonti originali,Licenza dei dati terzi non verificata come aperta: valgono i termini della fonte; accesso pubblico non equivale a diritto di ripubblicazione. Codice locale originale CC0; nessuna nuova licenza applicata ai dati.
funding_medio,2026-10-04,/contratti/124/asset,"""SPX""",https://api.hyperliquid.xyz/info,"""Snapshot al momento del prelievo; non ricostruisce lo stato di ieri.""",Licenza dei dati terzi non verificata come aperta: valgono i termini della fonte; accesso pubblico non equivale a diritto di ripubblicazione. Codice locale originale CC0; nessuna nuova licenza applicata ai dati.,,Fonti originali,Licenza dei dati terzi non verificata come aperta: valgono i termini della fonte; accesso pubblico non equivale a diritto di ripubblicazione. Codice locale originale CC0; nessuna nuova licenza applicata ai dati.
funding_medio,2026-10-04,/contratti/124/funding_orario,0.0001010372,https://api.hyperliquid.xyz/info,"""Snapshot al momento del prelievo; non ricostruisce lo stato di ieri.""",Licenza dei dati terzi non verificata come aperta: valgono i termini della fonte; accesso pubblico non equivale a diritto di ripubblicazione. Codice locale originale CC0; nessuna nuova licenza applicata ai dati.,,Fonti originali,Licenza dei dati terzi non verificata come aperta: valgono i termini della fonte; accesso pubblico non equivale a diritto di ripubblicazione. Codice locale originale CC0; nessuna nuova licenza applicata ai dati.
funding_medio,2026-10-04,/contratti/124/open_interest_usd,9198515.025603998,https://api.hyperliquid.xyz/info,"""Snapshot al momento del prelievo; non ricostruisce lo stato di ieri.""",Licenza dei dati terzi non verificata come aperta: valgono i termini della fonte; accesso pubblico non equivale a diritto di ripubblicazione. Codice locale originale CC0; nessuna nuova licenza applicata ai dati.,,Fonti originali,Licenza dei dati terzi non verificata come aperta: valgono i termini della fonte; accesso pubblico non equivale a diritto di ripubblicazione. Codice locale originale CC0; nessuna nuova licenza applicata ai dati.
funding_medio,2026-10-04,/contratti/125/asset,"""S""",https://api.hyperliquid.xyz/info,"""Snapshot al momento del prelievo; non ricostruisce lo stato di ieri.""",Licenza dei dati terzi non verificata come aperta: valgono i termini della fonte; accesso pubblico non equivale a diritto di ripubblicazione. Codice locale originale CC0; nessuna nuova licenza applicata ai dati.,,Fonti originali,Licenza dei dati terzi non verificata come aperta: valgono i termini della fonte; accesso pubblico non equivale a diritto di ripubblicazione. Codice locale originale CC0; nessuna nuova licenza applicata ai dati.
funding_medio,2026-10-04,/contratti/125/funding_orario,1.25e-05,https://api.hyperliquid.xyz/info,"""Snapshot al momento del prelievo; non ricostruisce lo stato di ieri.""",Licenza dei dati terzi non verificata come aperta: valgono i termini della fonte; accesso pubblico non equivale a diritto di ripubblicazione. Codice locale originale CC0; nessuna nuova licenza applicata ai dati.,,Fonti originali,Licenza dei dati terzi non verificata come aperta: valgono i termini della fonte; accesso pubblico non equivale a diritto di ripubblicazione. Codice locale originale CC0; nessuna nuova licenza applicata ai dati.
funding_medio,2026-10-04,/contratti/125/open_interest_usd,1076664.755232,https://api.hyperliquid.xyz/info,"""Snapshot al momento del prelievo; non ricostruisce lo stato di ieri.""",Licenza dei dati terzi non verificata come aperta: valgono i termini della fonte; accesso pubblico non equivale a diritto di ripubblicazione. Codice locale originale CC0; nessuna nuova licenza applicata ai dati.,,Fonti originali,Licenza dei dati terzi non verificata come aperta: valgono i termini della fonte; accesso pubblico non equivale a diritto di ripubblicazione. Codice locale originale CC0; nessuna nuova licenza applicata ai dati.
funding_medio,2026-10-04,/contratti/126/asset,"""MORPHO""",https://api.hyperliquid.xyz/info,"""Snapshot al momento del prelievo; non ricostruisce lo stato di ieri.""",Licenza dei dati terzi non verificata come aperta: valgono i termini della fonte; accesso pubblico non equivale a diritto di ripubblicazione. Codice locale originale CC0; nessuna nuova licenza applicata ai dati.,,Fonti originali,Licenza dei dati terzi non verificata come aperta: valgono i termini della fonte; accesso pubblico non equivale a diritto di ripubblicazione. Codice locale originale CC0; nessuna nuova licenza applicata ai dati.
funding_medio,2026-10-04,/contratti/126/funding_orario,1.33673e-05,https://api.hyperliquid.xyz/info,"""Snapshot al momento del prelievo; non ricostruisce lo stato di ieri.""",Licenza dei dati terzi non verificata come aperta: valgono i termini della fonte; accesso pubblico non equivale a diritto di ripubblicazione. Codice locale originale CC0; nessuna nuova licenza applicata ai dati.,,Fonti originali,Licenza dei dati terzi non verificata come aperta: valgono i termini della fonte; accesso pubblico non equivale a diritto di ripubblicazione. Codice locale originale CC0; nessuna nuova licenza applicata ai dati.
funding_medio,2026-10-04,/contratti/126/open_interest_usd,8875370.228899999,https://api.hyperliquid.xyz/info,"""Snapshot al momento del prelievo; non ricostruisce lo stato di ieri.""",Licenza dei dati terzi non verificata come aperta: valgono i termini della fonte; accesso pubblico non equivale a diritto di ripubblicazione. Codice locale originale CC0; nessuna nuova licenza applicata ai dati.,,Fonti originali,Licenza dei dati terzi non verificata come aperta: valgono i termini della fonte; accesso pubblico non equivale a diritto di ripubblicazione. Codice locale originale CC0; nessuna nuova licenza applicata ai dati.
funding_medio,2026-10-04,/contratti/127/asset,"""TRUMP""",https://api.hyperliquid.xyz/info,"""Snapshot al momento del prelievo; non ricostruisce lo stato di ieri.""",Licenza dei dati terzi non verificata come aperta: valgono i termini della fonte; accesso pubblico non equivale a diritto di ripubblicazione. Codice locale originale CC0; nessuna nuova licenza applicata ai dati.,,Fonti originali,Licenza dei dati terzi non verificata come aperta: valgono i termini della fonte; accesso pubblico non equivale a diritto di ripubblicazione. Codice locale originale CC0; nessuna nuova licenza applicata ai dati.
funding_medio,2026-10-04,/contratti/127/funding_orario,1.25e-05,https://api.hyperliquid.xyz/info,"""Snapshot al momento del prelievo; non ricostruisce lo stato di ieri.""",Licenza dei dati terzi non verificata come aperta: valgono i termini della fonte; accesso pubblico non equivale a diritto di ripubblicazione. Codice locale originale CC0; nessuna nuova licenza applicata ai dati.,,Fonti originali,Licenza dei dati terzi non verificata come aperta: valgono i termini della fonte; accesso pubblico non equivale a diritto di ripubblicazione. Codice locale originale CC0; nessuna nuova licenza applicata ai dati.
funding_medio,2026-10-04,/contratti/127/open_interest_usd,11614585.7325,https://api.hyperliquid.xyz/info,"""Snapshot al momento del prelievo; non ricostruisce lo stato di ieri.""",Licenza dei dati terzi non verificata come aperta: valgono i termini della fonte; accesso pubblico non equivale a diritto di ripubblicazione. Codice locale originale CC0; nessuna nuova licenza applicata ai dati.,,Fonti originali,Licenza dei dati terzi non verificata come aperta: valgono i termini della fonte; accesso pubblico non equivale a diritto di ripubblicazione. Codice locale originale CC0; nessuna nuova licenza applicata ai dati.
funding_medio,2026-10-04,/contratti/128/asset,"""MELANIA""",https://api.hyperliquid.xyz/info,"""Snapshot al momento del prelievo; non ricostruisce lo stato di ieri.""",Licenza dei dati terzi non verificata come aperta: valgono i termini della fonte; accesso pubblico non equivale a diritto di ripubblicazione. Codice locale originale CC0; nessuna nuova licenza applicata ai dati.,,Fonti originali,Licenza dei dati terzi non verificata come aperta: valgono i termini della fonte; accesso pubblico non equivale a diritto di ripubblicazione. Codice locale originale CC0; nessuna nuova licenza applicata ai dati.
funding_medio,2026-10-04,/contratti/128/funding_orario,1.25e-05,https://api.hyperliquid.xyz/info,"""Snapshot al momento del prelievo; non ricostruisce lo stato di ieri.""",Licenza dei dati terzi non verificata come aperta: valgono i termini della fonte; accesso pubblico non equivale a diritto di ripubblicazione. Codice locale originale CC0; nessuna nuova licenza applicata ai dati.,,Fonti originali,Licenza dei dati terzi non verificata come aperta: valgono i termini della fonte; accesso pubblico non equivale a diritto di ripubblicazione. Codice locale originale CC0; nessuna nuova licenza applicata ai dati.
funding_medio,2026-10-04,/contratti/128/open_interest_usd,1746283.944752,https://api.hyperliquid.xyz/info,"""Snapshot al momento del prelievo; non ricostruisce lo stato di ieri.""",Licenza dei dati terzi non verificata come aperta: valgono i termini della fonte; accesso pubblico non equivale a diritto di ripubblicazione. Codice locale originale CC0; nessuna nuova licenza applicata ai dati.,,Fonti originali,Licenza dei dati terzi non verificata come aperta: valgono i termini della fonte; accesso pubblico non equivale a diritto di ripubblicazione. Codice locale originale CC0; nessuna nuova licenza applicata ai dati.
funding_medio,2026-10-04,/contratti/129/asset,"""ANIME""",https://api.hyperliquid.xyz/info,"""Snapshot al momento del prelievo; non ricostruisce lo stato di ieri.""",Licenza dei dati terzi non verificata come aperta: valgono i termini della fonte; accesso pubblico non equivale a diritto di ripubblicazione. Codice locale originale CC0; nessuna nuova licenza applicata ai dati.,,Fonti originali,Licenza dei dati terzi non verificata come aperta: valgono i termini della fonte; accesso pubblico non equivale a diritto di ripubblicazione. Codice locale originale CC0; nessuna nuova licenza applicata ai dati.
funding_medio,2026-10-04,/contratti/129/funding_orario,1.25e-05,https://api.hyperliquid.xyz/info,"""Snapshot al momento del prelievo; non ricostruisce lo stato di ieri.""",Licenza dei dati terzi non verificata come aperta: valgono i termini della fonte; accesso pubblico non equivale a diritto di ripubblicazione. Codice locale originale CC0; nessuna nuova licenza applicata ai dati.,,Fonti originali,Licenza dei dati terzi non verificata come aperta: valgono i termini della fonte; accesso pubblico non equivale a diritto di ripubblicazione. Codice locale originale CC0; nessuna nuova licenza applicata ai dati.
funding_medio,2026-10-04,/contratti/129/open_interest_usd,245939.6814,https://api.hyperliquid.xyz/info,"""Snapshot al momento del prelievo; non ricostruisce lo stato di ieri.""",Licenza dei dati terzi non verificata come aperta: valgono i termini della fonte; accesso pubblico non equivale a diritto di ripubblicazione. Codice locale originale CC0; nessuna nuova licenza applicata ai dati.,,Fonti originali,Licenza dei dati terzi non verificata come aperta: valgono i termini della fonte; accesso pubblico non equivale a diritto di ripubblicazione. Codice locale originale CC0; nessuna nuova licenza applicata ai dati.
funding_medio,2026-10-04,/contratti/130/asset,"""VVV""",https://api.hyperliquid.xyz/info,"""Snapshot al momento del prelievo; non ricostruisce lo stato di ieri.""",Licenza dei dati terzi non verificata come aperta: valgono i termini della fonte; accesso pubblico non equivale a diritto di ripubblicazione. Codice locale originale CC0; nessuna nuova licenza applicata ai dati.,,Fonti originali,Licenza dei dati terzi non verificata come aperta: valgono i termini della fonte; accesso pubblico non equivale a diritto di ripubblicazione. Codice locale originale CC0; nessuna nuova licenza applicata ai dati.
funding_medio,2026-10-04,/contratti/130/funding_orario,1.32427e-05,https://api.hyperliquid.xyz/info,"""Snapshot al momento del prelievo; non ricostruisce lo stato di ieri.""",Licenza dei dati terzi non verificata come aperta: valgono i termini della fonte; accesso pubblico non equivale a diritto di ripubblicazione. Codice locale originale CC0; nessuna nuova licenza applicata ai dati.,,Fonti originali,Licenza dei dati terzi non verificata come aperta: valgono i termini della fonte; accesso pubblico non equivale a diritto di ripubblicazione. Codice locale originale CC0; nessuna nuova licenza applicata ai dati.
funding_medio,2026-10-04,/contratti/130/open_interest_usd,69706592.74655998,https://api.hyperliquid.xyz/info,"""Snapshot al momento del prelievo; non ricostruisce lo stato di ieri.""",Licenza dei dati terzi non verificata come aperta: valgono i termini della fonte; accesso pubblico non equivale a diritto di ripubblicazione. Codice locale originale CC0; nessuna nuova licenza applicata ai dati.,,Fonti originali,Licenza dei dati terzi non verificata come aperta: valgono i termini della fonte; accesso pubblico non equivale a diritto di ripubblicazione. Codice locale originale CC0; nessuna nuova licenza applicata ai dati.
funding_medio,2026-10-04,/contratti/131/asset,"""BERA""",https://api.hyperliquid.xyz/info,"""Snapshot al momento del prelievo; non ricostruisce lo stato di ieri.""",Licenza dei dati terzi non verificata come aperta: valgono i termini della fonte; accesso pubblico non equivale a diritto di ripubblicazione. Codice locale originale CC0; nessuna nuova licenza applicata ai dati.,,Fonti originali,Licenza dei dati terzi non verificata come aperta: valgono i termini della fonte; accesso pubblico non equivale a diritto di ripubblicazione. Codice locale originale CC0; nessuna nuova licenza applicata ai dati.
funding_medio,2026-10-04,/contratti/131/funding_orario,1.25e-05,https://api.hyperliquid.xyz/info,"""Snapshot al momento del prelievo; non ricostruisce lo stato di ieri.""",Licenza dei dati terzi non verificata come aperta: valgono i termini della fonte; accesso pubblico non equivale a diritto di ripubblicazione. Codice locale originale CC0; nessuna nuova licenza applicata ai dati.,,Fonti originali,Licenza dei dati terzi non verificata come aperta: valgono i termini della fonte; accesso pubblico non equivale a diritto di ripubblicazione. Codice locale originale CC0; nessuna nuova licenza applicata ai dati.
funding_medio,2026-10-04,/contratti/131/open_interest_usd,2346111.17888,https://api.hyperliquid.xyz/info,"""Snapshot al momento del prelievo; non ricostruisce lo stato di ieri.""",Licenza dei dati terzi non verificata come aperta: valgono i termini della fonte; accesso pubblico non equivale a diritto di ripubblicazione. Codice locale originale CC0; nessuna nuova licenza applicata ai dati.,,Fonti originali,Licenza dei dati terzi non verificata come aperta: valgono i termini della fonte; accesso pubblico non equivale a diritto di ripubblicazione. Codice locale originale CC0; nessuna nuova licenza applicata ai dati.
funding_medio,2026-10-04,/contratti/132/asset,"""LAYER""",https://api.hyperliquid.xyz/info,"""Snapshot al momento del prelievo; non ricostruisce lo stato di ieri.""",Licenza dei dati terzi non verificata come aperta: valgono i termini della fonte; accesso pubblico non equivale a diritto di ripubblicazione. Codice locale originale CC0; nessuna nuova licenza applicata ai dati.,,Fonti originali,Licenza dei dati terzi non verificata come aperta: valgono i termini della fonte; accesso pubblico non equivale a diritto di ripubblicazione. Codice locale originale CC0; nessuna nuova licenza applicata ai dati.
funding_medio,2026-10-04,/contratti/132/funding_orario,1.25e-05,https://api.hyperliquid.xyz/info,"""Snapshot al momento del prelievo; non ricostruisce lo stato di ieri.""",Licenza dei dati terzi non verificata come aperta: valgono i termini della fonte; accesso pubblico non equivale a diritto di ripubblicazione. Codice locale originale CC0; nessuna nuova licenza applicata ai dati.,,Fonti originali,Licenza dei dati terzi non verificata come aperta: valgono i termini della fonte; accesso pubblico non equivale a diritto di ripubblicazione. Codice locale originale CC0; nessuna nuova licenza applicata ai dati.
funding_medio,2026-10-04,/contratti/132/open_interest_usd,523904.26311999996,https://api.hyperliquid.xyz/info,"""Snapshot al momento del prelievo; non ricostruisce lo stato di ieri.""",Licenza dei dati terzi non verificata come aperta: valgono i termini della fonte; accesso pubblico non equivale a diritto di ripubblicazione. Codice locale originale CC0; nessuna nuova licenza applicata ai dati.,,Fonti originali,Licenza dei dati terzi non verificata come aperta: valgono i termini della fonte; accesso pubblico non equivale a diritto di ripubblicazione. Codice locale originale CC0; nessuna nuova licenza applicata ai dati.
funding_medio,2026-10-04,/contratti/133/asset,"""KAITO""",https://api.hyperliquid.xyz/info,"""Snapshot al momento del prelievo; non ricostruisce lo stato di ieri.""",Licenza dei dati terzi non verificata come aperta: valgono i termini della fonte; accesso pubblico non equivale a diritto di ripubblicazione. Codice locale originale CC0; nessuna nuova licenza applicata ai dati.,,Fonti originali,Licenza dei dati terzi non verificata come aperta: valgono i termini della fonte; accesso pubblico non equivale a diritto di ripubblicazione. Codice locale originale CC0; nessuna nuova licenza applicata ai dati.
funding_medio,2026-10-04,/contratti/133/funding_orario,1.25e-05,https://api.hyperliquid.xyz/info,"""Snapshot al momento del prelievo; non ricostruisce lo stato di ieri.""",Licenza dei dati terzi non verificata come aperta: valgono i termini della fonte; accesso pubblico non equivale a diritto di ripubblicazione. Codice locale originale CC0; nessuna nuova licenza applicata ai dati.,,Fonti originali,Licenza dei dati terzi non verificata come aperta: valgono i termini della fonte; accesso pubblico non equivale a diritto di ripubblicazione. Codice locale originale CC0; nessuna nuova licenza applicata ai dati.
funding_medio,2026-10-04,/contratti/133/open_interest_usd,2285747.09232,https://api.hyperliquid.xyz/info,"""Snapshot al momento del prelievo; non ricostruisce lo stato di ieri.""",Licenza dei dati terzi non verificata come aperta: valgono i termini della fonte; accesso pubblico non equivale a diritto di ripubblicazione. Codice locale originale CC0; nessuna nuova licenza applicata ai dati.,,Fonti originali,Licenza dei dati terzi non verificata come aperta: valgono i termini della fonte; accesso pubblico non equivale a diritto di ripubblicazione. Codice locale originale CC0; nessuna nuova licenza applicata ai dati.
funding_medio,2026-10-04,/contratti/134/asset,"""NIL""",https://api.hyperliquid.xyz/info,"""Snapshot al momento del prelievo; non ricostruisce lo stato di ieri.""",Licenza dei dati terzi non verificata come aperta: valgono i termini della fonte; accesso pubblico non equivale a diritto di ripubblicazione. Codice locale originale CC0; nessuna nuova licenza applicata ai dati.,,Fonti originali,Licenza dei dati terzi non verificata come aperta: valgono i termini della fonte; accesso pubblico non equivale a diritto di ripubblicazione. Codice locale originale CC0; nessuna nuova licenza applicata ai dati.
funding_medio,2026-10-04,/contratti/134/funding_orario,3.0552e-05,https://api.hyperliquid.xyz/info,"""Snapshot al momento del prelievo; non ricostruisce lo stato di ieri.""",Licenza dei dati terzi non verificata come aperta: valgono i termini della fonte; accesso pubblico non equivale a diritto di ripubblicazione. Codice locale originale CC0; nessuna nuova licenza applicata ai dati.,,Fonti originali,Licenza dei dati terzi non verificata come aperta: valgono i termini della fonte; accesso pubblico non equivale a diritto di ripubblicazione. Codice locale originale CC0; nessuna nuova licenza applicata ai dati.
funding_medio,2026-10-04,/contratti/134/open_interest_usd,9324646.647106001,https://api.hyperliquid.xyz/info,"""Snapshot al momento del prelievo; non ricostruisce lo stato di ieri.""",Licenza dei dati terzi non verificata come aperta: valgono i termini della fonte; accesso pubblico non equivale a diritto di ripubblicazione. Codice locale originale CC0; nessuna nuova licenza applicata ai dati.,,Fonti originali,Licenza dei dati terzi non verificata come aperta: valgono i termini della fonte; accesso pubblico non equivale a diritto di ripubblicazione. Codice locale originale CC0; nessuna nuova licenza applicata ai dati.
funding_medio,2026-10-04,/contratti/135/asset,"""PAXG""",https://api.hyperliquid.xyz/info,"""Snapshot al momento del prelievo; non ricostruisce lo stato di ieri.""",Licenza dei dati terzi non verificata come aperta: valgono i termini della fonte; accesso pubblico non equivale a diritto di ripubblicazione. Codice locale originale CC0; nessuna nuova licenza applicata ai dati.,,Fonti originali,Licenza dei dati terzi non verificata come aperta: valgono i termini della fonte; accesso pubblico non equivale a diritto di ripubblicazione. Codice locale originale CC0; nessuna nuova licenza applicata ai dati.
funding_medio,2026-10-04,/contratti/135/funding_orario,1.25e-05,https://api.hyperliquid.xyz/info,"""Snapshot al momento del prelievo; non ricostruisce lo stato di ieri.""",Licenza dei dati terzi non verificata come aperta: valgono i termini della fonte; accesso pubblico non equivale a diritto di ripubblicazione. Codice locale originale CC0; nessuna nuova licenza applicata ai dati.,,Fonti originali,Licenza dei dati terzi non verificata come aperta: valgono i termini della fonte; accesso pubblico non equivale a diritto di ripubblicazione. Codice locale originale CC0; nessuna nuova licenza applicata ai dati.
funding_medio,2026-10-04,/contratti/135/open_interest_usd,23255303.4476,https://api.hyperliquid.xyz/info,"""Snapshot al momento del prelievo; non ricostruisce lo stato di ieri.""",Licenza dei dati terzi non verificata come aperta: valgono i termini della fonte; accesso pubblico non equivale a diritto di ripubblicazione. Codice locale originale CC0; nessuna nuova licenza applicata ai dati.,,Fonti originali,Licenza dei dati terzi non verificata come aperta: valgono i termini della fonte; accesso pubblico non equivale a diritto di ripubblicazione. Codice locale originale CC0; nessuna nuova licenza applicata ai dati.
funding_medio,2026-10-04,/contratti/136/asset,"""BABY""",https://api.hyperliquid.xyz/info,"""Snapshot al momento del prelievo; non ricostruisce lo stato di ieri.""",Licenza dei dati terzi non verificata come aperta: valgono i termini della fonte; accesso pubblico non equivale a diritto di ripubblicazione. Codice locale originale CC0; nessuna nuova licenza applicata ai dati.,,Fonti originali,Licenza dei dati terzi non verificata come aperta: valgono i termini della fonte; accesso pubblico non equivale a diritto di ripubblicazione. Codice locale originale CC0; nessuna nuova licenza applicata ai dati.
funding_medio,2026-10-04,/contratti/136/funding_orario,1.25e-05,https://api.hyperliquid.xyz/info,"""Snapshot al momento del prelievo; non ricostruisce lo stato di ieri.""",Licenza dei dati terzi non verificata come aperta: valgono i termini della fonte; accesso pubblico non equivale a diritto di ripubblicazione. Codice locale originale CC0; nessuna nuova licenza applicata ai dati.,,Fonti originali,Licenza dei dati terzi non verificata come aperta: valgono i termini della fonte; accesso pubblico non equivale a diritto di ripubblicazione. Codice locale originale CC0; nessuna nuova licenza applicata ai dati.
funding_medio,2026-10-04,/contratti/136/open_interest_usd,136625.366706,https://api.hyperliquid.xyz/info,"""Snapshot al momento del prelievo; non ricostruisce lo stato di ieri.""",Licenza dei dati terzi non verificata come aperta: valgono i termini della fonte; accesso pubblico non equivale a diritto di ripubblicazione. Codice locale originale CC0; nessuna nuova licenza applicata ai dati.,,Fonti originali,Licenza dei dati terzi non verificata come aperta: valgono i termini della fonte; accesso pubblico non equivale a diritto di ripubblicazione. Codice locale originale CC0; nessuna nuova licenza applicata ai dati.
funding_medio,2026-10-04,/contratti/137/asset,"""WCT""",https://api.hyperliquid.xyz/info,"""Snapshot al momento del prelievo; non ricostruisce lo stato di ieri.""",Licenza dei dati terzi non verificata come aperta: valgono i termini della fonte; accesso pubblico non equivale a diritto di ripubblicazione. Codice locale originale CC0; nessuna nuova licenza applicata ai dati.,,Fonti originali,Licenza dei dati terzi non verificata come aperta: valgono i termini della fonte; accesso pubblico non equivale a diritto di ripubblicazione. Codice locale originale CC0; nessuna nuova licenza applicata ai dati.
funding_medio,2026-10-04,/contratti/137/funding_orario,1.25e-05,https://api.hyperliquid.xyz/info,"""Snapshot al momento del prelievo; non ricostruisce lo stato di ieri.""",Licenza dei dati terzi non verificata come aperta: valgono i termini della fonte; accesso pubblico non equivale a diritto di ripubblicazione. Codice locale originale CC0; nessuna nuova licenza applicata ai dati.,,Fonti originali,Licenza dei dati terzi non verificata come aperta: valgono i termini della fonte; accesso pubblico non equivale a diritto di ripubblicazione. Codice locale originale CC0; nessuna nuova licenza applicata ai dati.
funding_medio,2026-10-04,/contratti/137/open_interest_usd,93307.67504999999,https://api.hyperliquid.xyz/info,"""Snapshot al momento del prelievo; non ricostruisce lo stato di ieri.""",Licenza dei dati terzi non verificata come aperta: valgono i termini della fonte; accesso pubblico non equivale a diritto di ripubblicazione. Codice locale originale CC0; nessuna nuova licenza applicata ai dati.,,Fonti originali,Licenza dei dati terzi non verificata come aperta: valgono i termini della fonte; accesso pubblico non equivale a diritto di ripubblicazione. Codice locale originale CC0; nessuna nuova licenza applicata ai dati.
funding_medio,2026-10-04,/contratti/138/asset,"""HYPER""",https://api.hyperliquid.xyz/info,"""Snapshot al momento del prelievo; non ricostruisce lo stato di ieri.""",Licenza dei dati terzi non verificata come aperta: valgono i termini della fonte; accesso pubblico non equivale a diritto di ripubblicazione. Codice locale originale CC0; nessuna nuova licenza applicata ai dati.,,Fonti originali,Licenza dei dati terzi non verificata come aperta: valgono i termini della fonte; accesso pubblico non equivale a diritto di ripubblicazione. Codice locale originale CC0; nessuna nuova licenza applicata ai dati.
funding_medio,2026-10-04,/contratti/138/funding_orario,1.25e-05,https://api.hyperliquid.xyz/info,"""Snapshot al momento del prelievo; non ricostruisce lo stato di ieri.""",Licenza dei dati terzi non verificata come aperta: valgono i termini della fonte; accesso pubblico non equivale a diritto di ripubblicazione. Codice locale originale CC0; nessuna nuova licenza applicata ai dati.,,Fonti originali,Licenza dei dati terzi non verificata come aperta: valgono i termini della fonte; accesso pubblico non equivale a diritto di ripubblicazione. Codice locale originale CC0; nessuna nuova licenza applicata ai dati.
funding_medio,2026-10-04,/contratti/138/open_interest_usd,62717.52884399999,https://api.hyperliquid.xyz/info,"""Snapshot al momento del prelievo; non ricostruisce lo stato di ieri.""",Licenza dei dati terzi non verificata come aperta: valgono i termini della fonte; accesso pubblico non equivale a diritto di ripubblicazione. Codice locale originale CC0; nessuna nuova licenza applicata ai dati.,,Fonti originali,Licenza dei dati terzi non verificata come aperta: valgono i termini della fonte; accesso pubblico non equivale a diritto di ripubblicazione. Codice locale originale CC0; nessuna nuova licenza applicata ai dati.
funding_medio,2026-10-04,/contratti/139/asset,"""ZORA""",https://api.hyperliquid.xyz/info,"""Snapshot al momento del prelievo; non ricostruisce lo stato di ieri.""",Licenza dei dati terzi non verificata come aperta: valgono i termini della fonte; accesso pubblico non equivale a diritto di ripubblicazione. Codice locale originale CC0; nessuna nuova licenza applicata ai dati.,,Fonti originali,Licenza dei dati terzi non verificata come aperta: valgono i termini della fonte; accesso pubblico non equivale a diritto di ripubblicazione. Codice locale originale CC0; nessuna nuova licenza applicata ai dati.
funding_medio,2026-10-04,/contratti/139/funding_orario,1.25e-05,https://api.hyperliquid.xyz/info,"""Snapshot al momento del prelievo; non ricostruisce lo stato di ieri.""",Licenza dei dati terzi non verificata come aperta: valgono i termini della fonte; accesso pubblico non equivale a diritto di ripubblicazione. Codice locale originale CC0; nessuna nuova licenza applicata ai dati.,,Fonti originali,Licenza dei dati terzi non verificata come aperta: valgono i termini della fonte; accesso pubblico non equivale a diritto di ripubblicazione. Codice locale originale CC0; nessuna nuova licenza applicata ai dati.
funding_medio,2026-10-04,/contratti/139/open_interest_usd,1297550.535996,https://api.hyperliquid.xyz/info,"""Snapshot al momento del prelievo; non ricostruisce lo stato di ieri.""",Licenza dei dati terzi non verificata come aperta: valgono i termini della fonte; accesso pubblico non equivale a diritto di ripubblicazione. Codice locale originale CC0; nessuna nuova licenza applicata ai dati.,,Fonti originali,Licenza dei dati terzi non verificata come aperta: valgono i termini della fonte; accesso pubblico non equivale a diritto di ripubblicazione. Codice locale originale CC0; nessuna nuova licenza applicata ai dati.
funding_medio,2026-10-04,/contratti/140/asset,"""INIT""",https://api.hyperliquid.xyz/info,"""Snapshot al momento del prelievo; non ricostruisce lo stato di ieri.""",Licenza dei dati terzi non verificata come aperta: valgono i termini della fonte; accesso pubblico non equivale a diritto di ripubblicazione. Codice locale originale CC0; nessuna nuova licenza applicata ai dati.,,Fonti originali,Licenza dei dati terzi non verificata come aperta: valgono i termini della fonte; accesso pubblico non equivale a diritto di ripubblicazione. Codice locale originale CC0; nessuna nuova licenza applicata ai dati.
funding_medio,2026-10-04,/contratti/140/funding_orario,1.25e-05,https://api.hyperliquid.xyz/info,"""Snapshot al momento del prelievo; non ricostruisce lo stato di ieri.""",Licenza dei dati terzi non verificata come aperta: valgono i termini della fonte; accesso pubblico non equivale a diritto di ripubblicazione. Codice locale originale CC0; nessuna nuova licenza applicata ai dati.,,Fonti originali,Licenza dei dati terzi non verificata come aperta: valgono i termini della fonte; accesso pubblico non equivale a diritto di ripubblicazione. Codice locale originale CC0; nessuna nuova licenza applicata ai dati.
funding_medio,2026-10-04,/contratti/140/open_interest_usd,309156.52411999996,https://api.hyperliquid.xyz/info,"""Snapshot al momento del prelievo; non ricostruisce lo stato di ieri.""",Licenza dei dati terzi non verificata come aperta: valgono i termini della fonte; accesso pubblico non equivale a diritto di ripubblicazione. Codice locale originale CC0; nessuna nuova licenza applicata ai dati.,,Fonti originali,Licenza dei dati terzi non verificata come aperta: valgono i termini della fonte; accesso pubblico non equivale a diritto di ripubblicazione. Codice locale originale CC0; nessuna nuova licenza applicata ai dati.
funding_medio,2026-10-04,/contratti/141/asset,"""NXPC""",https://api.hyperliquid.xyz/info,"""Snapshot al momento del prelievo; non ricostruisce lo stato di ieri.""",Licenza dei dati terzi non verificata come aperta: valgono i termini della fonte; accesso pubblico non equivale a diritto di ripubblicazione. Codice locale originale CC0; nessuna nuova licenza applicata ai dati.,,Fonti originali,Licenza dei dati terzi non verificata come aperta: valgono i termini della fonte; accesso pubblico non equivale a diritto di ripubblicazione. Codice locale originale CC0; nessuna nuova licenza applicata ai dati.
funding_medio,2026-10-04,/contratti/141/funding_orario,1.25e-05,https://api.hyperliquid.xyz/info,"""Snapshot al momento del prelievo; non ricostruisce lo stato di ieri.""",Licenza dei dati terzi non verificata come aperta: valgono i termini della fonte; accesso pubblico non equivale a diritto di ripubblicazione. Codice locale originale CC0; nessuna nuova licenza applicata ai dati.,,Fonti originali,Licenza dei dati terzi non verificata come aperta: valgono i termini della fonte; accesso pubblico non equivale a diritto di ripubblicazione. Codice locale originale CC0; nessuna nuova licenza applicata ai dati.
funding_medio,2026-10-04,/contratti/141/open_interest_usd,324529.41556,https://api.hyperliquid.xyz/info,"""Snapshot al momento del prelievo; non ricostruisce lo stato di ieri.""",Licenza dei dati terzi non verificata come aperta: valgono i termini della fonte; accesso pubblico non equivale a diritto di ripubblicazione. Codice locale originale CC0; nessuna nuova licenza applicata ai dati.,,Fonti originali,Licenza dei dati terzi non verificata come aperta: valgono i termini della fonte; accesso pubblico non equivale a diritto di ripubblicazione. Codice locale originale CC0; nessuna nuova licenza applicata ai dati.
funding_medio,2026-10-04,/contratti/142/asset,"""SOPH""",https://api.hyperliquid.xyz/info,"""Snapshot al momento del prelievo; non ricostruisce lo stato di ieri.""",Licenza dei dati terzi non verificata come aperta: valgono i termini della fonte; accesso pubblico non equivale a diritto di ripubblicazione. Codice locale originale CC0; nessuna nuova licenza applicata ai dati.,,Fonti originali,Licenza dei dati terzi non verificata come aperta: valgono i termini della fonte; accesso pubblico non equivale a diritto di ripubblicazione. Codice locale originale CC0; nessuna nuova licenza applicata ai dati.
funding_medio,2026-10-04,/contratti/142/funding_orario,1.25e-05,https://api.hyperliquid.xyz/info,"""Snapshot al momento del prelievo; non ricostruisce lo stato di ieri.""",Licenza dei dati terzi non verificata come aperta: valgono i termini della fonte; accesso pubblico non equivale a diritto di ripubblicazione. Codice locale originale CC0; nessuna nuova licenza applicata ai dati.,,Fonti originali,Licenza dei dati terzi non verificata come aperta: valgono i termini della fonte; accesso pubblico non equivale a diritto di ripubblicazione. Codice locale originale CC0; nessuna nuova licenza applicata ai dati.
funding_medio,2026-10-04,/contratti/142/open_interest_usd,226571.156376,https://api.hyperliquid.xyz/info,"""Snapshot al momento del prelievo; non ricostruisce lo stato di ieri.""",Licenza dei dati terzi non verificata come aperta: valgono i termini della fonte; accesso pubblico non equivale a diritto di ripubblicazione. Codice locale originale CC0; nessuna nuova licenza applicata ai dati.,,Fonti originali,Licenza dei dati terzi non verificata come aperta: valgono i termini della fonte; accesso pubblico non equivale a diritto di ripubblicazione. Codice locale originale CC0; nessuna nuova licenza applicata ai dati.
funding_medio,2026-10-04,/contratti/143/asset,"""RESOLV""",https://api.hyperliquid.xyz/info,"""Snapshot al momento del prelievo; non ricostruisce lo stato di ieri.""",Licenza dei dati terzi non verificata come aperta: valgono i termini della fonte; accesso pubblico non equivale a diritto di ripubblicazione. Codice locale originale CC0; nessuna nuova licenza applicata ai dati.,,Fonti originali,Licenza dei dati terzi non verificata come aperta: valgono i termini della fonte; accesso pubblico non equivale a diritto di ripubblicazione. Codice locale originale CC0; nessuna nuova licenza applicata ai dati.
funding_medio,2026-10-04,/contratti/143/funding_orario,1.25e-05,https://api.hyperliquid.xyz/info,"""Snapshot al momento del prelievo; non ricostruisce lo stato di ieri.""",Licenza dei dati terzi non verificata come aperta: valgono i termini della fonte; accesso pubblico non equivale a diritto di ripubblicazione. Codice locale originale CC0; nessuna nuova licenza applicata ai dati.,,Fonti originali,Licenza dei dati terzi non verificata come aperta: valgono i termini della fonte; accesso pubblico non equivale a diritto di ripubblicazione. Codice locale originale CC0; nessuna nuova licenza applicata ai dati.
funding_medio,2026-10-04,/contratti/143/open_interest_usd,1493339.821242,https://api.hyperliquid.xyz/info,"""Snapshot al momento del prelievo; non ricostruisce lo stato di ieri.""",Licenza dei dati terzi non verificata come aperta: valgono i termini della fonte; accesso pubblico non equivale a diritto di ripubblicazione. Codice locale originale CC0; nessuna nuova licenza applicata ai dati.,,Fonti originali,Licenza dei dati terzi non verificata come aperta: valgono i termini della fonte; accesso pubblico non equivale a diritto di ripubblicazione. Codice locale originale CC0; nessuna nuova licenza applicata ai dati.
funding_medio,2026-10-04,/contratti/144/asset,"""SYRUP""",https://api.hyperliquid.xyz/info,"""Snapshot al momento del prelievo; non ricostruisce lo stato di ieri.""",Licenza dei dati terzi non verificata come aperta: valgono i termini della fonte; accesso pubblico non equivale a diritto di ripubblicazione. Codice locale originale CC0; nessuna nuova licenza applicata ai dati.,,Fonti originali,Licenza dei dati terzi non verificata come aperta: valgono i termini della fonte; accesso pubblico non equivale a diritto di ripubblicazione. Codice locale originale CC0; nessuna nuova licenza applicata ai dati.
funding_medio,2026-10-04,/contratti/144/funding_orario,6.32034e-05,https://api.hyperliquid.xyz/info,"""Snapshot al momento del prelievo; non ricostruisce lo stato di ieri.""",Licenza dei dati terzi non verificata come aperta: valgono i termini della fonte; accesso pubblico non equivale a diritto di ripubblicazione. Codice locale originale CC0; nessuna nuova licenza applicata ai dati.,,Fonti originali,Licenza dei dati terzi non verificata come aperta: valgono i termini della fonte; accesso pubblico non equivale a diritto di ripubblicazione. Codice locale originale CC0; nessuna nuova licenza applicata ai dati.
funding_medio,2026-10-04,/contratti/144/open_interest_usd,10108602.1845,https://api.hyperliquid.xyz/info,"""Snapshot al momento del prelievo; non ricostruisce lo stato di ieri.""",Licenza dei dati terzi non verificata come aperta: valgono i termini della fonte; accesso pubblico non equivale a diritto di ripubblicazione. Codice locale originale CC0; nessuna nuova licenza applicata ai dati.,,Fonti originali,Licenza dei dati terzi non verificata come aperta: valgono i termini della fonte; accesso pubblico non equivale a diritto di ripubblicazione. Codice locale originale CC0; nessuna nuova licenza applicata ai dati.
funding_medio,2026-10-04,/contratti/145/asset,"""PUMP""",https://api.hyperliquid.xyz/info,"""Snapshot al momento del prelievo; non ricostruisce lo stato di ieri.""",Licenza dei dati terzi non verificata come aperta: valgono i termini della fonte; accesso pubblico non equivale a diritto di ripubblicazione. Codice locale originale CC0; nessuna nuova licenza applicata ai dati.,,Fonti originali,Licenza dei dati terzi non verificata come aperta: valgono i termini della fonte; accesso pubblico non equivale a diritto di ripubblicazione. Codice locale originale CC0; nessuna nuova licenza applicata ai dati.
funding_medio,2026-10-04,/contratti/145/funding_orario,1.25e-05,https://api.hyperliquid.xyz/info,"""Snapshot al momento del prelievo; non ricostruisce lo stato di ieri.""",Licenza dei dati terzi non verificata come aperta: valgono i termini della fonte; accesso pubblico non equivale a diritto di ripubblicazione. Codice locale originale CC0; nessuna nuova licenza applicata ai dati.,,Fonti originali,Licenza dei dati terzi non verificata come aperta: valgono i termini della fonte; accesso pubblico non equivale a diritto di ripubblicazione. Codice locale originale CC0; nessuna nuova licenza applicata ai dati.
funding_medio,2026-10-04,/contratti/145/open_interest_usd,347242583.38001,https://api.hyperliquid.xyz/info,"""Snapshot al momento del prelievo; non ricostruisce lo stato di ieri.""",Licenza dei dati terzi non verificata come aperta: valgono i termini della fonte; accesso pubblico non equivale a diritto di ripubblicazione. Codice locale originale CC0; nessuna nuova licenza applicata ai dati.,,Fonti originali,Licenza dei dati terzi non verificata come aperta: valgono i termini della fonte; accesso pubblico non equivale a diritto di ripubblicazione. Codice locale originale CC0; nessuna nuova licenza applicata ai dati.
funding_medio,2026-10-04,/contratti/146/asset,"""PROVE""",https://api.hyperliquid.xyz/info,"""Snapshot al momento del prelievo; non ricostruisce lo stato di ieri.""",Licenza dei dati terzi non verificata come aperta: valgono i termini della fonte; accesso pubblico non equivale a diritto di ripubblicazione. Codice locale originale CC0; nessuna nuova licenza applicata ai dati.,,Fonti originali,Licenza dei dati terzi non verificata come aperta: valgono i termini della fonte; accesso pubblico non equivale a diritto di ripubblicazione. Codice locale originale CC0; nessuna nuova licenza applicata ai dati.
funding_medio,2026-10-04,/contratti/146/funding_orario,1.25e-05,https://api.hyperliquid.xyz/info,"""Snapshot al momento del prelievo; non ricostruisce lo stato di ieri.""",Licenza dei dati terzi non verificata come aperta: valgono i termini della fonte; accesso pubblico non equivale a diritto di ripubblicazione. Codice locale originale CC0; nessuna nuova licenza applicata ai dati.,,Fonti originali,Licenza dei dati terzi non verificata come aperta: valgono i termini della fonte; accesso pubblico non equivale a diritto di ripubblicazione. Codice locale originale CC0; nessuna nuova licenza applicata ai dati.
funding_medio,2026-10-04,/contratti/146/open_interest_usd,169197.39336,https://api.hyperliquid.xyz/info,"""Snapshot al momento del prelievo; non ricostruisce lo stato di ieri.""",Licenza dei dati terzi non verificata come aperta: valgono i termini della fonte; accesso pubblico non equivale a diritto di ripubblicazione. Codice locale originale CC0; nessuna nuova licenza applicata ai dati.,,Fonti originali,Licenza dei dati terzi non verificata come aperta: valgono i termini della fonte; accesso pubblico non equivale a diritto di ripubblicazione. Codice locale originale CC0; nessuna nuova licenza applicata ai dati.
funding_medio,2026-10-04,/contratti/147/asset,"""XPL""",https://api.hyperliquid.xyz/info,"""Snapshot al momento del prelievo; non ricostruisce lo stato di ieri.""",Licenza dei dati terzi non verificata come aperta: valgono i termini della fonte; accesso pubblico non equivale a diritto di ripubblicazione. Codice locale originale CC0; nessuna nuova licenza applicata ai dati.,,Fonti originali,Licenza dei dati terzi non verificata come aperta: valgono i termini della fonte; accesso pubblico non equivale a diritto di ripubblicazione. Codice locale originale CC0; nessuna nuova licenza applicata ai dati.
funding_medio,2026-10-04,/contratti/147/funding_orario,1.25e-05,https://api.hyperliquid.xyz/info,"""Snapshot al momento del prelievo; non ricostruisce lo stato di ieri.""",Licenza dei dati terzi non verificata come aperta: valgono i termini della fonte; accesso pubblico non equivale a diritto di ripubblicazione. Codice locale originale CC0; nessuna nuova licenza applicata ai dati.,,Fonti originali,Licenza dei dati terzi non verificata come aperta: valgono i termini della fonte; accesso pubblico non equivale a diritto di ripubblicazione. Codice locale originale CC0; nessuna nuova licenza applicata ai dati.
funding_medio,2026-10-04,/contratti/147/open_interest_usd,86820940.407124,https://api.hyperliquid.xyz/info,"""Snapshot al momento del prelievo; non ricostruisce lo stato di ieri.""",Licenza dei dati terzi non verificata come aperta: valgono i termini della fonte; accesso pubblico non equivale a diritto di ripubblicazione. Codice locale originale CC0; nessuna nuova licenza applicata ai dati.,,Fonti originali,Licenza dei dati terzi non verificata come aperta: valgono i termini della fonte; accesso pubblico non equivale a diritto di ripubblicazione. Codice locale originale CC0; nessuna nuova licenza applicata ai dati.
funding_medio,2026-10-04,/contratti/148/asset,"""WLFI""",https://api.hyperliquid.xyz/info,"""Snapshot al momento del prelievo; non ricostruisce lo stato di ieri.""",Licenza dei dati terzi non verificata come aperta: valgono i termini della fonte; accesso pubblico non equivale a diritto di ripubblicazione. Codice locale originale CC0; nessuna nuova licenza applicata ai dati.,,Fonti originali,Licenza dei dati terzi non verificata come aperta: valgono i termini della fonte; accesso pubblico non equivale a diritto di ripubblicazione. Codice locale originale CC0; nessuna nuova licenza applicata ai dati.
funding_medio,2026-10-04,/contratti/148/funding_orario,1.25e-05,https://api.hyperliquid.xyz/info,"""Snapshot al momento del prelievo; non ricostruisce lo stato di ieri.""",Licenza dei dati terzi non verificata come aperta: valgono i termini della fonte; accesso pubblico non equivale a diritto di ripubblicazione. Codice locale originale CC0; nessuna nuova licenza applicata ai dati.,,Fonti originali,Licenza dei dati terzi non verificata come aperta: valgono i termini della fonte; accesso pubblico non equivale a diritto di ripubblicazione. Codice locale originale CC0; nessuna nuova licenza applicata ai dati.
funding_medio,2026-10-04,/contratti/148/open_interest_usd,10465395.828971999,https://api.hyperliquid.xyz/info,"""Snapshot al momento del prelievo; non ricostruisce lo stato di ieri.""",Licenza dei dati terzi non verificata come aperta: valgono i termini della fonte; accesso pubblico non equivale a diritto di ripubblicazione. Codice locale originale CC0; nessuna nuova licenza applicata ai dati.,,Fonti originali,Licenza dei dati terzi non verificata come aperta: valgono i termini della fonte; accesso pubblico non equivale a diritto di ripubblicazione. Codice locale originale CC0; nessuna nuova licenza applicata ai dati.
funding_medio,2026-10-04,/contratti/149/asset,"""LINEA""",https://api.hyperliquid.xyz/info,"""Snapshot al momento del prelievo; non ricostruisce lo stato di ieri.""",Licenza dei dati terzi non verificata come aperta: valgono i termini della fonte; accesso pubblico non equivale a diritto di ripubblicazione. Codice locale originale CC0; nessuna nuova licenza applicata ai dati.,,Fonti originali,Licenza dei dati terzi non verificata come aperta: valgono i termini della fonte; accesso pubblico non equivale a diritto di ripubblicazione. Codice locale originale CC0; nessuna nuova licenza applicata ai dati.
funding_medio,2026-10-04,/contratti/149/funding_orario,3.32359e-05,https://api.hyperliquid.xyz/info,"""Snapshot al momento del prelievo; non ricostruisce lo stato di ieri.""",Licenza dei dati terzi non verificata come aperta: valgono i termini della fonte; accesso pubblico non equivale a diritto di ripubblicazione. Codice locale originale CC0; nessuna nuova licenza applicata ai dati.,,Fonti originali,Licenza dei dati terzi non verificata come aperta: valgono i termini della fonte; accesso pubblico non equivale a diritto di ripubblicazione. Codice locale originale CC0; nessuna nuova licenza applicata ai dati.
funding_medio,2026-10-04,/contratti/149/open_interest_usd,3226759.078842,https://api.hyperliquid.xyz/info,"""Snapshot al momento del prelievo; non ricostruisce lo stato di ieri.""",Licenza dei dati terzi non verificata come aperta: valgono i termini della fonte; accesso pubblico non equivale a diritto di ripubblicazione. Codice locale originale CC0; nessuna nuova licenza applicata ai dati.,,Fonti originali,Licenza dei dati terzi non verificata come aperta: valgono i termini della fonte; accesso pubblico non equivale a diritto di ripubblicazione. Codice locale originale CC0; nessuna nuova licenza applicata ai dati.
funding_medio,2026-10-04,/contratti/150/asset,"""SKY""",https://api.hyperliquid.xyz/info,"""Snapshot al momento del prelievo; non ricostruisce lo stato di ieri.""",Licenza dei dati terzi non verificata come aperta: valgono i termini della fonte; accesso pubblico non equivale a diritto di ripubblicazione. Codice locale originale CC0; nessuna nuova licenza applicata ai dati.,,Fonti originali,Licenza dei dati terzi non verificata come aperta: valgono i termini della fonte; accesso pubblico non equivale a diritto di ripubblicazione. Codice locale originale CC0; nessuna nuova licenza applicata ai dati.
funding_medio,2026-10-04,/contratti/150/funding_orario,7.05911e-05,https://api.hyperliquid.xyz/info,"""Snapshot al momento del prelievo; non ricostruisce lo stato di ieri.""",Licenza dei dati terzi non verificata come aperta: valgono i termini della fonte; accesso pubblico non equivale a diritto di ripubblicazione. Codice locale originale CC0; nessuna nuova licenza applicata ai dati.,,Fonti originali,Licenza dei dati terzi non verificata come aperta: valgono i termini della fonte; accesso pubblico non equivale a diritto di ripubblicazione. Codice locale originale CC0; nessuna nuova licenza applicata ai dati.
funding_medio,2026-10-04,/contratti/150/open_interest_usd,10645731.960892,https://api.hyperliquid.xyz/info,"""Snapshot al momento del prelievo; non ricostruisce lo stato di ieri.""",Licenza dei dati terzi non verificata come aperta: valgono i termini della fonte; accesso pubblico non equivale a diritto di ripubblicazione. Codice locale originale CC0; nessuna nuova licenza applicata ai dati.,,Fonti originali,Licenza dei dati terzi non verificata come aperta: valgono i termini della fonte; accesso pubblico non equivale a diritto di ripubblicazione. Codice locale originale CC0; nessuna nuova licenza applicata ai dati.
funding_medio,2026-10-04,/contratti/151/asset,"""ASTER""",https://api.hyperliquid.xyz/info,"""Snapshot al momento del prelievo; non ricostruisce lo stato di ieri.""",Licenza dei dati terzi non verificata come aperta: valgono i termini della fonte; accesso pubblico non equivale a diritto di ripubblicazione. Codice locale originale CC0; nessuna nuova licenza applicata ai dati.,,Fonti originali,Licenza dei dati terzi non verificata come aperta: valgono i termini della fonte; accesso pubblico non equivale a diritto di ripubblicazione. Codice locale originale CC0; nessuna nuova licenza applicata ai dati.
funding_medio,2026-10-04,/contratti/151/funding_orario,1.25e-05,https://api.hyperliquid.xyz/info,"""Snapshot al momento del prelievo; non ricostruisce lo stato di ieri.""",Licenza dei dati terzi non verificata come aperta: valgono i termini della fonte; accesso pubblico non equivale a diritto di ripubblicazione. Codice locale originale CC0; nessuna nuova licenza applicata ai dati.,,Fonti originali,Licenza dei dati terzi non verificata come aperta: valgono i termini della fonte; accesso pubblico non equivale a diritto di ripubblicazione. Codice locale originale CC0; nessuna nuova licenza applicata ai dati.
funding_medio,2026-10-04,/contratti/151/open_interest_usd,28351312.509786,https://api.hyperliquid.xyz/info,"""Snapshot al momento del prelievo; non ricostruisce lo stato di ieri.""",Licenza dei dati terzi non verificata come aperta: valgono i termini della fonte; accesso pubblico non equivale a diritto di ripubblicazione. Codice locale originale CC0; nessuna nuova licenza applicata ai dati.,,Fonti originali,Licenza dei dati terzi non verificata come aperta: valgono i termini della fonte; accesso pubblico non equivale a diritto di ripubblicazione. Codice locale originale CC0; nessuna nuova licenza applicata ai dati.
funding_medio,2026-10-04,/contratti/152/asset,"""AVNT""",https://api.hyperliquid.xyz/info,"""Snapshot al momento del prelievo; non ricostruisce lo stato di ieri.""",Licenza dei dati terzi non verificata come aperta: valgono i termini della fonte; accesso pubblico non equivale a diritto di ripubblicazione. Codice locale originale CC0; nessuna nuova licenza applicata ai dati.,,Fonti originali,Licenza dei dati terzi non verificata come aperta: valgono i termini della fonte; accesso pubblico non equivale a diritto di ripubblicazione. Codice locale originale CC0; nessuna nuova licenza applicata ai dati.
funding_medio,2026-10-04,/contratti/152/funding_orario,1.25e-05,https://api.hyperliquid.xyz/info,"""Snapshot al momento del prelievo; non ricostruisce lo stato di ieri.""",Licenza dei dati terzi non verificata come aperta: valgono i termini della fonte; accesso pubblico non equivale a diritto di ripubblicazione. Codice locale originale CC0; nessuna nuova licenza applicata ai dati.,,Fonti originali,Licenza dei dati terzi non verificata come aperta: valgono i termini della fonte; accesso pubblico non equivale a diritto di ripubblicazione. Codice locale originale CC0; nessuna nuova licenza applicata ai dati.
funding_medio,2026-10-04,/contratti/152/open_interest_usd,983464.5745800001,https://api.hyperliquid.xyz/info,"""Snapshot al momento del prelievo; non ricostruisce lo stato di ieri.""",Licenza dei dati terzi non verificata come aperta: valgono i termini della fonte; accesso pubblico non equivale a diritto di ripubblicazione. Codice locale originale CC0; nessuna nuova licenza applicata ai dati.,,Fonti originali,Licenza dei dati terzi non verificata come aperta: valgono i termini della fonte; accesso pubblico non equivale a diritto di ripubblicazione. Codice locale originale CC0; nessuna nuova licenza applicata ai dati.
funding_medio,2026-10-04,/contratti/153/asset,"""STBL""",https://api.hyperliquid.xyz/info,"""Snapshot al momento del prelievo; non ricostruisce lo stato di ieri.""",Licenza dei dati terzi non verificata come aperta: valgono i termini della fonte; accesso pubblico non equivale a diritto di ripubblicazione. Codice locale originale CC0; nessuna nuova licenza applicata ai dati.,,Fonti originali,Licenza dei dati terzi non verificata come aperta: valgono i termini della fonte; accesso pubblico non equivale a diritto di ripubblicazione. Codice locale originale CC0; nessuna nuova licenza applicata ai dati.
funding_medio,2026-10-04,/contratti/153/funding_orario,1.25e-05,https://api.hyperliquid.xyz/info,"""Snapshot al momento del prelievo; non ricostruisce lo stato di ieri.""",Licenza dei dati terzi non verificata come aperta: valgono i termini della fonte; accesso pubblico non equivale a diritto di ripubblicazione. Codice locale originale CC0; nessuna nuova licenza applicata ai dati.,,Fonti originali,Licenza dei dati terzi non verificata come aperta: valgono i termini della fonte; accesso pubblico non equivale a diritto di ripubblicazione. Codice locale originale CC0; nessuna nuova licenza applicata ai dati.
funding_medio,2026-10-04,/contratti/153/open_interest_usd,1896387.359616,https://api.hyperliquid.xyz/info,"""Snapshot al momento del prelievo; non ricostruisce lo stato di ieri.""",Licenza dei dati terzi non verificata come aperta: valgono i termini della fonte; accesso pubblico non equivale a diritto di ripubblicazione. Codice locale originale CC0; nessuna nuova licenza applicata ai dati.,,Fonti originali,Licenza dei dati terzi non verificata come aperta: valgono i termini della fonte; accesso pubblico non equivale a diritto di ripubblicazione. Codice locale originale CC0; nessuna nuova licenza applicata ai dati.
funding_medio,2026-10-04,/contratti/154/asset,"""0G""",https://api.hyperliquid.xyz/info,"""Snapshot al momento del prelievo; non ricostruisce lo stato di ieri.""",Licenza dei dati terzi non verificata come aperta: valgono i termini della fonte; accesso pubblico non equivale a diritto di ripubblicazione. Codice locale originale CC0; nessuna nuova licenza applicata ai dati.,,Fonti originali,Licenza dei dati terzi non verificata come aperta: valgono i termini della fonte; accesso pubblico non equivale a diritto di ripubblicazione. Codice locale originale CC0; nessuna nuova licenza applicata ai dati.
funding_medio,2026-10-04,/contratti/154/funding_orario,1.25e-05,https://api.hyperliquid.xyz/info,"""Snapshot al momento del prelievo; non ricostruisce lo stato di ieri.""",Licenza dei dati terzi non verificata come aperta: valgono i termini della fonte; accesso pubblico non equivale a diritto di ripubblicazione. Codice locale originale CC0; nessuna nuova licenza applicata ai dati.,,Fonti originali,Licenza dei dati terzi non verificata come aperta: valgono i termini della fonte; accesso pubblico non equivale a diritto di ripubblicazione. Codice locale originale CC0; nessuna nuova licenza applicata ai dati.
funding_medio,2026-10-04,/contratti/154/open_interest_usd,3997067.13748,https://api.hyperliquid.xyz/info,"""Snapshot al momento del prelievo; non ricostruisce lo stato di ieri.""",Licenza dei dati terzi non verificata come aperta: valgono i termini della fonte; accesso pubblico non equivale a diritto di ripubblicazione. Codice locale originale CC0; nessuna nuova licenza applicata ai dati.,,Fonti originali,Licenza dei dati terzi non verificata come aperta: valgono i termini della fonte; accesso pubblico non equivale a diritto di ripubblicazione. Codice locale originale CC0; nessuna nuova licenza applicata ai dati.
funding_medio,2026-10-04,/contratti/155/asset,"""HEMI""",https://api.hyperliquid.xyz/info,"""Snapshot al momento del prelievo; non ricostruisce lo stato di ieri.""",Licenza dei dati terzi non verificata come aperta: valgono i termini della fonte; accesso pubblico non equivale a diritto di ripubblicazione. Codice locale originale CC0; nessuna nuova licenza applicata ai dati.,,Fonti originali,Licenza dei dati terzi non verificata come aperta: valgono i termini della fonte; accesso pubblico non equivale a diritto di ripubblicazione. Codice locale originale CC0; nessuna nuova licenza applicata ai dati.
funding_medio,2026-10-04,/contratti/155/funding_orario,1.25e-05,https://api.hyperliquid.xyz/info,"""Snapshot al momento del prelievo; non ricostruisce lo stato di ieri.""",Licenza dei dati terzi non verificata come aperta: valgono i termini della fonte; accesso pubblico non equivale a diritto di ripubblicazione. Codice locale originale CC0; nessuna nuova licenza applicata ai dati.,,Fonti originali,Licenza dei dati terzi non verificata come aperta: valgono i termini della fonte; accesso pubblico non equivale a diritto di ripubblicazione. Codice locale originale CC0; nessuna nuova licenza applicata ai dati.
funding_medio,2026-10-04,/contratti/155/open_interest_usd,979239.9512880001,https://api.hyperliquid.xyz/info,"""Snapshot al momento del prelievo; non ricostruisce lo stato di ieri.""",Licenza dei dati terzi non verificata come aperta: valgono i termini della fonte; accesso pubblico non equivale a diritto di ripubblicazione. Codice locale originale CC0; nessuna nuova licenza applicata ai dati.,,Fonti originali,Licenza dei dati terzi non verificata come aperta: valgono i termini della fonte; accesso pubblico non equivale a diritto di ripubblicazione. Codice locale originale CC0; nessuna nuova licenza applicata ai dati.
funding_medio,2026-10-04,/contratti/156/asset,"""APEX""",https://api.hyperliquid.xyz/info,"""Snapshot al momento del prelievo; non ricostruisce lo stato di ieri.""",Licenza dei dati terzi non verificata come aperta: valgono i termini della fonte; accesso pubblico non equivale a diritto di ripubblicazione. Codice locale originale CC0; nessuna nuova licenza applicata ai dati.,,Fonti originali,Licenza dei dati terzi non verificata come aperta: valgono i termini della fonte; accesso pubblico non equivale a diritto di ripubblicazione. Codice locale originale CC0; nessuna nuova licenza applicata ai dati.
funding_medio,2026-10-04,/contratti/156/funding_orario,1.25e-05,https://api.hyperliquid.xyz/info,"""Snapshot al momento del prelievo; non ricostruisce lo stato di ieri.""",Licenza dei dati terzi non verificata come aperta: valgono i termini della fonte; accesso pubblico non equivale a diritto di ripubblicazione. Codice locale originale CC0; nessuna nuova licenza applicata ai dati.,,Fonti originali,Licenza dei dati terzi non verificata come aperta: valgono i termini della fonte; accesso pubblico non equivale a diritto di ripubblicazione. Codice locale originale CC0; nessuna nuova licenza applicata ai dati.
funding_medio,2026-10-04,/contratti/156/open_interest_usd,2208430.50108,https://api.hyperliquid.xyz/info,"""Snapshot al momento del prelievo; non ricostruisce lo stato di ieri.""",Licenza dei dati terzi non verificata come aperta: valgono i termini della fonte; accesso pubblico non equivale a diritto di ripubblicazione. Codice locale originale CC0; nessuna nuova licenza applicata ai dati.,,Fonti originali,Licenza dei dati terzi non verificata come aperta: valgono i termini della fonte; accesso pubblico non equivale a diritto di ripubblicazione. Codice locale originale CC0; nessuna nuova licenza applicata ai dati.
funding_medio,2026-10-04,/contratti/157/asset,"""2Z""",https://api.hyperliquid.xyz/info,"""Snapshot al momento del prelievo; non ricostruisce lo stato di ieri.""",Licenza dei dati terzi non verificata come aperta: valgono i termini della fonte; accesso pubblico non equivale a diritto di ripubblicazione. Codice locale originale CC0; nessuna nuova licenza applicata ai dati.,,Fonti originali,Licenza dei dati terzi non verificata come aperta: valgono i termini della fonte; accesso pubblico non equivale a diritto di ripubblicazione. Codice locale originale CC0; nessuna nuova licenza applicata ai dati.
funding_medio,2026-10-04,/contratti/157/funding_orario,1.25e-05,https://api.hyperliquid.xyz/info,"""Snapshot al momento del prelievo; non ricostruisce lo stato di ieri.""",Licenza dei dati terzi non verificata come aperta: valgono i termini della fonte; accesso pubblico non equivale a diritto di ripubblicazione. Codice locale originale CC0; nessuna nuova licenza applicata ai dati.,,Fonti originali,Licenza dei dati terzi non verificata come aperta: valgono i termini della fonte; accesso pubblico non equivale a diritto di ripubblicazione. Codice locale originale CC0; nessuna nuova licenza applicata ai dati.
funding_medio,2026-10-04,/contratti/157/open_interest_usd,2601017.29136,https://api.hyperliquid.xyz/info,"""Snapshot al momento del prelievo; non ricostruisce lo stato di ieri.""",Licenza dei dati terzi non verificata come aperta: valgono i termini della fonte; accesso pubblico non equivale a diritto di ripubblicazione. Codice locale originale CC0; nessuna nuova licenza applicata ai dati.,,Fonti originali,Licenza dei dati terzi non verificata come aperta: valgono i termini della fonte; accesso pubblico non equivale a diritto di ripubblicazione. Codice locale originale CC0; nessuna nuova licenza applicata ai dati.
funding_medio,2026-10-04,/contratti/158/asset,"""ZEC""",https://api.hyperliquid.xyz/info,"""Snapshot al momento del prelievo; non ricostruisce lo stato di ieri.""",Licenza dei dati terzi non verificata come aperta: valgono i termini della fonte; accesso pubblico non equivale a diritto di ripubblicazione. Codice locale originale CC0; nessuna nuova licenza applicata ai dati.,,Fonti originali,Licenza dei dati terzi non verificata come aperta: valgono i termini della fonte; accesso pubblico non equivale a diritto di ripubblicazione. Codice locale originale CC0; nessuna nuova licenza applicata ai dati.
funding_medio,2026-10-04,/contratti/158/funding_orario,1.25e-05,https://api.hyperliquid.xyz/info,"""Snapshot al momento del prelievo; non ricostruisce lo stato di ieri.""",Licenza dei dati terzi non verificata come aperta: valgono i termini della fonte; accesso pubblico non equivale a diritto di ripubblicazione. Codice locale originale CC0; nessuna nuova licenza applicata ai dati.,,Fonti originali,Licenza dei dati terzi non verificata come aperta: valgono i termini della fonte; accesso pubblico non equivale a diritto di ripubblicazione. Codice locale originale CC0; nessuna nuova licenza applicata ai dati.
funding_medio,2026-10-04,/contratti/158/open_interest_usd,620114467.56,https://api.hyperliquid.xyz/info,"""Snapshot al momento del prelievo; non ricostruisce lo stato di ieri.""",Licenza dei dati terzi non verificata come aperta: valgono i termini della fonte; accesso pubblico non equivale a diritto di ripubblicazione. Codice locale originale CC0; nessuna nuova licenza applicata ai dati.,,Fonti originali,Licenza dei dati terzi non verificata come aperta: valgono i termini della fonte; accesso pubblico non equivale a diritto di ripubblicazione. Codice locale originale CC0; nessuna nuova licenza applicata ai dati.
funding_medio,2026-10-04,/contratti/159/asset,"""MON""",https://api.hyperliquid.xyz/info,"""Snapshot al momento del prelievo; non ricostruisce lo stato di ieri.""",Licenza dei dati terzi non verificata come aperta: valgono i termini della fonte; accesso pubblico non equivale a diritto di ripubblicazione. Codice locale originale CC0; nessuna nuova licenza applicata ai dati.,,Fonti originali,Licenza dei dati terzi non verificata come aperta: valgono i termini della fonte; accesso pubblico non equivale a diritto di ripubblicazione. Codice locale originale CC0; nessuna nuova licenza applicata ai dati.
funding_medio,2026-10-04,/contratti/159/funding_orario,1.25e-05,https://api.hyperliquid.xyz/info,"""Snapshot al momento del prelievo; non ricostruisce lo stato di ieri.""",Licenza dei dati terzi non verificata come aperta: valgono i termini della fonte; accesso pubblico non equivale a diritto di ripubblicazione. Codice locale originale CC0; nessuna nuova licenza applicata ai dati.,,Fonti originali,Licenza dei dati terzi non verificata come aperta: valgono i termini della fonte; accesso pubblico non equivale a diritto di ripubblicazione. Codice locale originale CC0; nessuna nuova licenza applicata ai dati.
funding_medio,2026-10-04,/contratti/159/open_interest_usd,61859449.741335995,https://api.hyperliquid.xyz/info,"""Snapshot al momento del prelievo; non ricostruisce lo stato di ieri.""",Licenza dei dati terzi non verificata come aperta: valgono i termini della fonte; accesso pubblico non equivale a diritto di ripubblicazione. Codice locale originale CC0; nessuna nuova licenza applicata ai dati.,,Fonti originali,Licenza dei dati terzi non verificata come aperta: valgono i termini della fonte; accesso pubblico non equivale a diritto di ripubblicazione. Codice locale originale CC0; nessuna nuova licenza applicata ai dati.
funding_medio,2026-10-04,/contratti/160/asset,"""MET""",https://api.hyperliquid.xyz/info,"""Snapshot al momento del prelievo; non ricostruisce lo stato di ieri.""",Licenza dei dati terzi non verificata come aperta: valgono i termini della fonte; accesso pubblico non equivale a diritto di ripubblicazione. Codice locale originale CC0; nessuna nuova licenza applicata ai dati.,,Fonti originali,Licenza dei dati terzi non verificata come aperta: valgono i termini della fonte; accesso pubblico non equivale a diritto di ripubblicazione. Codice locale originale CC0; nessuna nuova licenza applicata ai dati.
funding_medio,2026-10-04,/contratti/160/funding_orario,1.25e-05,https://api.hyperliquid.xyz/info,"""Snapshot al momento del prelievo; non ricostruisce lo stato di ieri.""",Licenza dei dati terzi non verificata come aperta: valgono i termini della fonte; accesso pubblico non equivale a diritto di ripubblicazione. Codice locale originale CC0; nessuna nuova licenza applicata ai dati.,,Fonti originali,Licenza dei dati terzi non verificata come aperta: valgono i termini della fonte; accesso pubblico non equivale a diritto di ripubblicazione. Codice locale originale CC0; nessuna nuova licenza applicata ai dati.
funding_medio,2026-10-04,/contratti/160/open_interest_usd,4531017.587040001,https://api.hyperliquid.xyz/info,"""Snapshot al momento del prelievo; non ricostruisce lo stato di ieri.""",Licenza dei dati terzi non verificata come aperta: valgono i termini della fonte; accesso pubblico non equivale a diritto di ripubblicazione. Codice locale originale CC0; nessuna nuova licenza applicata ai dati.,,Fonti originali,Licenza dei dati terzi non verificata come aperta: valgono i termini della fonte; accesso pubblico non equivale a diritto di ripubblicazione. Codice locale originale CC0; nessuna nuova licenza applicata ai dati.
funding_medio,2026-10-04,/contratti/161/asset,"""MEGA""",https://api.hyperliquid.xyz/info,"""Snapshot al momento del prelievo; non ricostruisce lo stato di ieri.""",Licenza dei dati terzi non verificata come aperta: valgono i termini della fonte; accesso pubblico non equivale a diritto di ripubblicazione. Codice locale originale CC0; nessuna nuova licenza applicata ai dati.,,Fonti originali,Licenza dei dati terzi non verificata come aperta: valgono i termini della fonte; accesso pubblico non equivale a diritto di ripubblicazione. Codice locale originale CC0; nessuna nuova licenza applicata ai dati.
funding_medio,2026-10-04,/contratti/161/funding_orario,1.25e-05,https://api.hyperliquid.xyz/info,"""Snapshot al momento del prelievo; non ricostruisce lo stato di ieri.""",Licenza dei dati terzi non verificata come aperta: valgono i termini della fonte; accesso pubblico non equivale a diritto di ripubblicazione. Codice locale originale CC0; nessuna nuova licenza applicata ai dati.,,Fonti originali,Licenza dei dati terzi non verificata come aperta: valgono i termini della fonte; accesso pubblico non equivale a diritto di ripubblicazione. Codice locale originale CC0; nessuna nuova licenza applicata ai dati.
funding_medio,2026-10-04,/contratti/161/open_interest_usd,9318887.637192,https://api.hyperliquid.xyz/info,"""Snapshot al momento del prelievo; non ricostruisce lo stato di ieri.""",Licenza dei dati terzi non verificata come aperta: valgono i termini della fonte; accesso pubblico non equivale a diritto di ripubblicazione. Codice locale originale CC0; nessuna nuova licenza applicata ai dati.,,Fonti originali,Licenza dei dati terzi non verificata come aperta: valgono i termini della fonte; accesso pubblico non equivale a diritto di ripubblicazione. Codice locale originale CC0; nessuna nuova licenza applicata ai dati.
funding_medio,2026-10-04,/contratti/162/asset,"""CC""",https://api.hyperliquid.xyz/info,"""Snapshot al momento del prelievo; non ricostruisce lo stato di ieri.""",Licenza dei dati terzi non verificata come aperta: valgono i termini della fonte; accesso pubblico non equivale a diritto di ripubblicazione. Codice locale originale CC0; nessuna nuova licenza applicata ai dati.,,Fonti originali,Licenza dei dati terzi non verificata come aperta: valgono i termini della fonte; accesso pubblico non equivale a diritto di ripubblicazione. Codice locale originale CC0; nessuna nuova licenza applicata ai dati.
funding_medio,2026-10-04,/contratti/162/funding_orario,1.25e-05,https://api.hyperliquid.xyz/info,"""Snapshot al momento del prelievo; non ricostruisce lo stato di ieri.""",Licenza dei dati terzi non verificata come aperta: valgono i termini della fonte; accesso pubblico non equivale a diritto di ripubblicazione. Codice locale originale CC0; nessuna nuova licenza applicata ai dati.,,Fonti originali,Licenza dei dati terzi non verificata come aperta: valgono i termini della fonte; accesso pubblico non equivale a diritto di ripubblicazione. Codice locale originale CC0; nessuna nuova licenza applicata ai dati.
funding_medio,2026-10-04,/contratti/162/open_interest_usd,6949567.917186,https://api.hyperliquid.xyz/info,"""Snapshot al momento del prelievo; non ricostruisce lo stato di ieri.""",Licenza dei dati terzi non verificata come aperta: valgono i termini della fonte; accesso pubblico non equivale a diritto di ripubblicazione. Codice locale originale CC0; nessuna nuova licenza applicata ai dati.,,Fonti originali,Licenza dei dati terzi non verificata come aperta: valgono i termini della fonte; accesso pubblico non equivale a diritto di ripubblicazione. Codice locale originale CC0; nessuna nuova licenza applicata ai dati.
funding_medio,2026-10-04,/contratti/163/asset,"""ICP""",https://api.hyperliquid.xyz/info,"""Snapshot al momento del prelievo; non ricostruisce lo stato di ieri.""",Licenza dei dati terzi non verificata come aperta: valgono i termini della fonte; accesso pubblico non equivale a diritto di ripubblicazione. Codice locale originale CC0; nessuna nuova licenza applicata ai dati.,,Fonti originali,Licenza dei dati terzi non verificata come aperta: valgono i termini della fonte; accesso pubblico non equivale a diritto di ripubblicazione. Codice locale originale CC0; nessuna nuova licenza applicata ai dati.
funding_medio,2026-10-04,/contratti/163/funding_orario,1.25e-05,https://api.hyperliquid.xyz/info,"""Snapshot al momento del prelievo; non ricostruisce lo stato di ieri.""",Licenza dei dati terzi non verificata come aperta: valgono i termini della fonte; accesso pubblico non equivale a diritto di ripubblicazione. Codice locale originale CC0; nessuna nuova licenza applicata ai dati.,,Fonti originali,Licenza dei dati terzi non verificata come aperta: valgono i termini della fonte; accesso pubblico non equivale a diritto di ripubblicazione. Codice locale originale CC0; nessuna nuova licenza applicata ai dati.
funding_medio,2026-10-04,/contratti/163/open_interest_usd,4053101.7452800004,https://api.hyperliquid.xyz/info,"""Snapshot al momento del prelievo; non ricostruisce lo stato di ieri.""",Licenza dei dati terzi non verificata come aperta: valgono i termini della fonte; accesso pubblico non equivale a diritto di ripubblicazione. Codice locale originale CC0; nessuna nuova licenza applicata ai dati.,,Fonti originali,Licenza dei dati terzi non verificata come aperta: valgono i termini della fonte; accesso pubblico non equivale a diritto di ripubblicazione. Codice locale originale CC0; nessuna nuova licenza applicata ai dati.
funding_medio,2026-10-04,/contratti/164/asset,"""AERO""",https://api.hyperliquid.xyz/info,"""Snapshot al momento del prelievo; non ricostruisce lo stato di ieri.""",Licenza dei dati terzi non verificata come aperta: valgono i termini della fonte; accesso pubblico non equivale a diritto di ripubblicazione. Codice locale originale CC0; nessuna nuova licenza applicata ai dati.,,Fonti originali,Licenza dei dati terzi non verificata come aperta: valgono i termini della fonte; accesso pubblico non equivale a diritto di ripubblicazione. Codice locale originale CC0; nessuna nuova licenza applicata ai dati.
funding_medio,2026-10-04,/contratti/164/funding_orario,1.25e-05,https://api.hyperliquid.xyz/info,"""Snapshot al momento del prelievo; non ricostruisce lo stato di ieri.""",Licenza dei dati terzi non verificata come aperta: valgono i termini della fonte; accesso pubblico non equivale a diritto di ripubblicazione. Codice locale originale CC0; nessuna nuova licenza applicata ai dati.,,Fonti originali,Licenza dei dati terzi non verificata come aperta: valgono i termini della fonte; accesso pubblico non equivale a diritto di ripubblicazione. Codice locale originale CC0; nessuna nuova licenza applicata ai dati.
funding_medio,2026-10-04,/contratti/164/open_interest_usd,36099063.66168,https://api.hyperliquid.xyz/info,"""Snapshot al momento del prelievo; non ricostruisce lo stato di ieri.""",Licenza dei dati terzi non verificata come aperta: valgono i termini della fonte; accesso pubblico non equivale a diritto di ripubblicazione. Codice locale originale CC0; nessuna nuova licenza applicata ai dati.,,Fonti originali,Licenza dei dati terzi non verificata come aperta: valgono i termini della fonte; accesso pubblico non equivale a diritto di ripubblicazione. Codice locale originale CC0; nessuna nuova licenza applicata ai dati.
funding_medio,2026-10-04,/contratti/165/asset,"""STABLE""",https://api.hyperliquid.xyz/info,"""Snapshot al momento del prelievo; non ricostruisce lo stato di ieri.""",Licenza dei dati terzi non verificata come aperta: valgono i termini della fonte; accesso pubblico non equivale a diritto di ripubblicazione. Codice locale originale CC0; nessuna nuova licenza applicata ai dati.,,Fonti originali,Licenza dei dati terzi non verificata come aperta: valgono i termini della fonte; accesso pubblico non equivale a diritto di ripubblicazione. Codice locale originale CC0; nessuna nuova licenza applicata ai dati.
funding_medio,2026-10-04,/contratti/165/funding_orario,1.25e-05,https://api.hyperliquid.xyz/info,"""Snapshot al momento del prelievo; non ricostruisce lo stato di ieri.""",Licenza dei dati terzi non verificata come aperta: valgono i termini della fonte; accesso pubblico non equivale a diritto di ripubblicazione. Codice locale originale CC0; nessuna nuova licenza applicata ai dati.,,Fonti originali,Licenza dei dati terzi non verificata come aperta: valgono i termini della fonte; accesso pubblico non equivale a diritto di ripubblicazione. Codice locale originale CC0; nessuna nuova licenza applicata ai dati.
funding_medio,2026-10-04,/contratti/165/open_interest_usd,723522.18482,https://api.hyperliquid.xyz/info,"""Snapshot al momento del prelievo; non ricostruisce lo stato di ieri.""",Licenza dei dati terzi non verificata come aperta: valgono i termini della fonte; accesso pubblico non equivale a diritto di ripubblicazione. Codice locale originale CC0; nessuna nuova licenza applicata ai dati.,,Fonti originali,Licenza dei dati terzi non verificata come aperta: valgono i termini della fonte; accesso pubblico non equivale a diritto di ripubblicazione. Codice locale originale CC0; nessuna nuova licenza applicata ai dati.
funding_medio,2026-10-04,/contratti/166/asset,"""FOGO""",https://api.hyperliquid.xyz/info,"""Snapshot al momento del prelievo; non ricostruisce lo stato di ieri.""",Licenza dei dati terzi non verificata come aperta: valgono i termini della fonte; accesso pubblico non equivale a diritto di ripubblicazione. Codice locale originale CC0; nessuna nuova licenza applicata ai dati.,,Fonti originali,Licenza dei dati terzi non verificata come aperta: valgono i termini della fonte; accesso pubblico non equivale a diritto di ripubblicazione. Codice locale originale CC0; nessuna nuova licenza applicata ai dati.
funding_medio,2026-10-04,/contratti/166/funding_orario,1.25e-05,https://api.hyperliquid.xyz/info,"""Snapshot al momento del prelievo; non ricostruisce lo stato di ieri.""",Licenza dei dati terzi non verificata come aperta: valgono i termini della fonte; accesso pubblico non equivale a diritto di ripubblicazione. Codice locale originale CC0; nessuna nuova licenza applicata ai dati.,,Fonti originali,Licenza dei dati terzi non verificata come aperta: valgono i termini della fonte; accesso pubblico non equivale a diritto di ripubblicazione. Codice locale originale CC0; nessuna nuova licenza applicata ai dati.
funding_medio,2026-10-04,/contratti/166/open_interest_usd,618470.5048240001,https://api.hyperliquid.xyz/info,"""Snapshot al momento del prelievo; non ricostruisce lo stato di ieri.""",Licenza dei dati terzi non verificata come aperta: valgono i termini della fonte; accesso pubblico non equivale a diritto di ripubblicazione. Codice locale originale CC0; nessuna nuova licenza applicata ai dati.,,Fonti originali,Licenza dei dati terzi non verificata come aperta: valgono i termini della fonte; accesso pubblico non equivale a diritto di ripubblicazione. Codice locale originale CC0; nessuna nuova licenza applicata ai dati.
funding_medio,2026-10-04,/contratti/167/asset,"""LIT""",https://api.hyperliquid.xyz/info,"""Snapshot al momento del prelievo; non ricostruisce lo stato di ieri.""",Licenza dei dati terzi non verificata come aperta: valgono i termini della fonte; accesso pubblico non equivale a diritto di ripubblicazione. Codice locale originale CC0; nessuna nuova licenza applicata ai dati.,,Fonti originali,Licenza dei dati terzi non verificata come aperta: valgono i termini della fonte; accesso pubblico non equivale a diritto di ripubblicazione. Codice locale originale CC0; nessuna nuova licenza applicata ai dati.
funding_medio,2026-10-04,/contratti/167/funding_orario,1.25e-05,https://api.hyperliquid.xyz/info,"""Snapshot al momento del prelievo; non ricostruisce lo stato di ieri.""",Licenza dei dati terzi non verificata come aperta: valgono i termini della fonte; accesso pubblico non equivale a diritto di ripubblicazione. Codice locale originale CC0; nessuna nuova licenza applicata ai dati.,,Fonti originali,Licenza dei dati terzi non verificata come aperta: valgono i termini della fonte; accesso pubblico non equivale a diritto di ripubblicazione. Codice locale originale CC0; nessuna nuova licenza applicata ai dati.
funding_medio,2026-10-04,/contratti/167/open_interest_usd,200081534.235,https://api.hyperliquid.xyz/info,"""Snapshot al momento del prelievo; non ricostruisce lo stato di ieri.""",Licenza dei dati terzi non verificata come aperta: valgono i termini della fonte; accesso pubblico non equivale a diritto di ripubblicazione. Codice locale originale CC0; nessuna nuova licenza applicata ai dati.,,Fonti originali,Licenza dei dati terzi non verificata come aperta: valgono i termini della fonte; accesso pubblico non equivale a diritto di ripubblicazione. Codice locale originale CC0; nessuna nuova licenza applicata ai dati.
funding_medio,2026-10-04,/contratti/168/asset,"""XMR""",https://api.hyperliquid.xyz/info,"""Snapshot al momento del prelievo; non ricostruisce lo stato di ieri.""",Licenza dei dati terzi non verificata come aperta: valgono i termini della fonte; accesso pubblico non equivale a diritto di ripubblicazione. Codice locale originale CC0; nessuna nuova licenza applicata ai dati.,,Fonti originali,Licenza dei dati terzi non verificata come aperta: valgono i termini della fonte; accesso pubblico non equivale a diritto di ripubblicazione. Codice locale originale CC0; nessuna nuova licenza applicata ai dati.
funding_medio,2026-10-04,/contratti/168/funding_orario,1.25e-05,https://api.hyperliquid.xyz/info,"""Snapshot al momento del prelievo; non ricostruisce lo stato di ieri.""",Licenza dei dati terzi non verificata come aperta: valgono i termini della fonte; accesso pubblico non equivale a diritto di ripubblicazione. Codice locale originale CC0; nessuna nuova licenza applicata ai dati.,,Fonti originali,Licenza dei dati terzi non verificata come aperta: valgono i termini della fonte; accesso pubblico non equivale a diritto di ripubblicazione. Codice locale originale CC0; nessuna nuova licenza applicata ai dati.
funding_medio,2026-10-04,/contratti/168/open_interest_usd,73901729.5679,https://api.hyperliquid.xyz/info,"""Snapshot al momento del prelievo; non ricostruisce lo stato di ieri.""",Licenza dei dati terzi non verificata come aperta: valgono i termini della fonte; accesso pubblico non equivale a diritto di ripubblicazione. Codice locale originale CC0; nessuna nuova licenza applicata ai dati.,,Fonti originali,Licenza dei dati terzi non verificata come aperta: valgono i termini della fonte; accesso pubblico non equivale a diritto di ripubblicazione. Codice locale originale CC0; nessuna nuova licenza applicata ai dati.
funding_medio,2026-10-04,/contratti/169/asset,"""AXS""",https://api.hyperliquid.xyz/info,"""Snapshot al momento del prelievo; non ricostruisce lo stato di ieri.""",Licenza dei dati terzi non verificata come aperta: valgono i termini della fonte; accesso pubblico non equivale a diritto di ripubblicazione. Codice locale originale CC0; nessuna nuova licenza applicata ai dati.,,Fonti originali,Licenza dei dati terzi non verificata come aperta: valgono i termini della fonte; accesso pubblico non equivale a diritto di ripubblicazione. Codice locale originale CC0; nessuna nuova licenza applicata ai dati.
funding_medio,2026-10-04,/contratti/169/funding_orario,1.25e-05,https://api.hyperliquid.xyz/info,"""Snapshot al momento del prelievo; non ricostruisce lo stato di ieri.""",Licenza dei dati terzi non verificata come aperta: valgono i termini della fonte; accesso pubblico non equivale a diritto di ripubblicazione. Codice locale originale CC0; nessuna nuova licenza applicata ai dati.,,Fonti originali,Licenza dei dati terzi non verificata come aperta: valgono i termini della fonte; accesso pubblico non equivale a diritto di ripubblicazione. Codice locale originale CC0; nessuna nuova licenza applicata ai dati.
funding_medio,2026-10-04,/contratti/169/open_interest_usd,704795.6637800001,https://api.hyperliquid.xyz/info,"""Snapshot al momento del prelievo; non ricostruisce lo stato di ieri.""",Licenza dei dati terzi non verificata come aperta: valgono i termini della fonte; accesso pubblico non equivale a diritto di ripubblicazione. Codice locale originale CC0; nessuna nuova licenza applicata ai dati.,,Fonti originali,Licenza dei dati terzi non verificata come aperta: valgono i termini della fonte; accesso pubblico non equivale a diritto di ripubblicazione. Codice locale originale CC0; nessuna nuova licenza applicata ai dati.
funding_medio,2026-10-04,/contratti/170/asset,"""DASH""",https://api.hyperliquid.xyz/info,"""Snapshot al momento del prelievo; non ricostruisce lo stato di ieri.""",Licenza dei dati terzi non verificata come aperta: valgono i termini della fonte; accesso pubblico non equivale a diritto di ripubblicazione. Codice locale originale CC0; nessuna nuova licenza applicata ai dati.,,Fonti originali,Licenza dei dati terzi non verificata come aperta: valgono i termini della fonte; accesso pubblico non equivale a diritto di ripubblicazione. Codice locale originale CC0; nessuna nuova licenza applicata ai dati.
funding_medio,2026-10-04,/contratti/170/funding_orario,1.25e-05,https://api.hyperliquid.xyz/info,"""Snapshot al momento del prelievo; non ricostruisce lo stato di ieri.""",Licenza dei dati terzi non verificata come aperta: valgono i termini della fonte; accesso pubblico non equivale a diritto di ripubblicazione. Codice locale originale CC0; nessuna nuova licenza applicata ai dati.,,Fonti originali,Licenza dei dati terzi non verificata come aperta: valgono i termini della fonte; accesso pubblico non equivale a diritto di ripubblicazione. Codice locale originale CC0; nessuna nuova licenza applicata ai dati.
funding_medio,2026-10-04,/contratti/170/open_interest_usd,4029211.2783999997,https://api.hyperliquid.xyz/info,"""Snapshot al momento del prelievo; non ricostruisce lo stato di ieri.""",Licenza dei dati terzi non verificata come aperta: valgono i termini della fonte; accesso pubblico non equivale a diritto di ripubblicazione. Codice locale originale CC0; nessuna nuova licenza applicata ai dati.,,Fonti originali,Licenza dei dati terzi non verificata come aperta: valgono i termini della fonte; accesso pubblico non equivale a diritto di ripubblicazione. Codice locale originale CC0; nessuna nuova licenza applicata ai dati.
funding_medio,2026-10-04,/contratti/171/asset,"""SKR""",https://api.hyperliquid.xyz/info,"""Snapshot al momento del prelievo; non ricostruisce lo stato di ieri.""",Licenza dei dati terzi non verificata come aperta: valgono i termini della fonte; accesso pubblico non equivale a diritto di ripubblicazione. Codice locale originale CC0; nessuna nuova licenza applicata ai dati.,,Fonti originali,Licenza dei dati terzi non verificata come aperta: valgono i termini della fonte; accesso pubblico non equivale a diritto di ripubblicazione. Codice locale originale CC0; nessuna nuova licenza applicata ai dati.
funding_medio,2026-10-04,/contratti/171/funding_orario,1.25e-05,https://api.hyperliquid.xyz/info,"""Snapshot al momento del prelievo; non ricostruisce lo stato di ieri.""",Licenza dei dati terzi non verificata come aperta: valgono i termini della fonte; accesso pubblico non equivale a diritto di ripubblicazione. Codice locale originale CC0; nessuna nuova licenza applicata ai dati.,,Fonti originali,Licenza dei dati terzi non verificata come aperta: valgono i termini della fonte; accesso pubblico non equivale a diritto di ripubblicazione. Codice locale originale CC0; nessuna nuova licenza applicata ai dati.
funding_medio,2026-10-04,/contratti/171/open_interest_usd,545786.2555600001,https://api.hyperliquid.xyz/info,"""Snapshot al momento del prelievo; non ricostruisce lo stato di ieri.""",Licenza dei dati terzi non verificata come aperta: valgono i termini della fonte; accesso pubblico non equivale a diritto di ripubblicazione. Codice locale originale CC0; nessuna nuova licenza applicata ai dati.,,Fonti originali,Licenza dei dati terzi non verificata come aperta: valgono i termini della fonte; accesso pubblico non equivale a diritto di ripubblicazione. Codice locale originale CC0; nessuna nuova licenza applicata ai dati.
funding_medio,2026-10-04,/contratti/172/asset,"""AZTEC""",https://api.hyperliquid.xyz/info,"""Snapshot al momento del prelievo; non ricostruisce lo stato di ieri.""",Licenza dei dati terzi non verificata come aperta: valgono i termini della fonte; accesso pubblico non equivale a diritto di ripubblicazione. Codice locale originale CC0; nessuna nuova licenza applicata ai dati.,,Fonti originali,Licenza dei dati terzi non verificata come aperta: valgono i termini della fonte; accesso pubblico non equivale a diritto di ripubblicazione. Codice locale originale CC0; nessuna nuova licenza applicata ai dati.
funding_medio,2026-10-04,/contratti/172/funding_orario,1.25e-05,https://api.hyperliquid.xyz/info,"""Snapshot al momento del prelievo; non ricostruisce lo stato di ieri.""",Licenza dei dati terzi non verificata come aperta: valgono i termini della fonte; accesso pubblico non equivale a diritto di ripubblicazione. Codice locale originale CC0; nessuna nuova licenza applicata ai dati.,,Fonti originali,Licenza dei dati terzi non verificata come aperta: valgono i termini della fonte; accesso pubblico non equivale a diritto di ripubblicazione. Codice locale originale CC0; nessuna nuova licenza applicata ai dati.
funding_medio,2026-10-04,/contratti/172/open_interest_usd,1745015.6052,https://api.hyperliquid.xyz/info,"""Snapshot al momento del prelievo; non ricostruisce lo stato di ieri.""",Licenza dei dati terzi non verificata come aperta: valgono i termini della fonte; accesso pubblico non equivale a diritto di ripubblicazione. Codice locale originale CC0; nessuna nuova licenza applicata ai dati.,,Fonti originali,Licenza dei dati terzi non verificata come aperta: valgono i termini della fonte; accesso pubblico non equivale a diritto di ripubblicazione. Codice locale originale CC0; nessuna nuova licenza applicata ai dati.
funding_medio,2026-10-04,/contratti/173/asset,"""CHIP""",https://api.hyperliquid.xyz/info,"""Snapshot al momento del prelievo; non ricostruisce lo stato di ieri.""",Licenza dei dati terzi non verificata come aperta: valgono i termini della fonte; accesso pubblico non equivale a diritto di ripubblicazione. Codice locale originale CC0; nessuna nuova licenza applicata ai dati.,,Fonti originali,Licenza dei dati terzi non verificata come aperta: valgono i termini della fonte; accesso pubblico non equivale a diritto di ripubblicazione. Codice locale originale CC0; nessuna nuova licenza applicata ai dati.
funding_medio,2026-10-04,/contratti/173/funding_orario,1.25e-05,https://api.hyperliquid.xyz/info,"""Snapshot al momento del prelievo; non ricostruisce lo stato di ieri.""",Licenza dei dati terzi non verificata come aperta: valgono i termini della fonte; accesso pubblico non equivale a diritto di ripubblicazione. Codice locale originale CC0; nessuna nuova licenza applicata ai dati.,,Fonti originali,Licenza dei dati terzi non verificata come aperta: valgono i termini della fonte; accesso pubblico non equivale a diritto di ripubblicazione. Codice locale originale CC0; nessuna nuova licenza applicata ai dati.
funding_medio,2026-10-04,/contratti/173/open_interest_usd,14687841.92223,https://api.hyperliquid.xyz/info,"""Snapshot al momento del prelievo; non ricostruisce lo stato di ieri.""",Licenza dei dati terzi non verificata come aperta: valgono i termini della fonte; accesso pubblico non equivale a diritto di ripubblicazione. Codice locale originale CC0; nessuna nuova licenza applicata ai dati.,,Fonti originali,Licenza dei dati terzi non verificata come aperta: valgono i termini della fonte; accesso pubblico non equivale a diritto di ripubblicazione. Codice locale originale CC0; nessuna nuova licenza applicata ai dati.
funding_medio,2026-10-04,/contratti/174/asset,"""GRAM""",https://api.hyperliquid.xyz/info,"""Snapshot al momento del prelievo; non ricostruisce lo stato di ieri.""",Licenza dei dati terzi non verificata come aperta: valgono i termini della fonte; accesso pubblico non equivale a diritto di ripubblicazione. Codice locale originale CC0; nessuna nuova licenza applicata ai dati.,,Fonti originali,Licenza dei dati terzi non verificata come aperta: valgono i termini della fonte; accesso pubblico non equivale a diritto di ripubblicazione. Codice locale originale CC0; nessuna nuova licenza applicata ai dati.
funding_medio,2026-10-04,/contratti/174/funding_orario,1.25e-05,https://api.hyperliquid.xyz/info,"""Snapshot al momento del prelievo; non ricostruisce lo stato di ieri.""",Licenza dei dati terzi non verificata come aperta: valgono i termini della fonte; accesso pubblico non equivale a diritto di ripubblicazione. Codice locale originale CC0; nessuna nuova licenza applicata ai dati.,,Fonti originali,Licenza dei dati terzi non verificata come aperta: valgono i termini della fonte; accesso pubblico non equivale a diritto di ripubblicazione. Codice locale originale CC0; nessuna nuova licenza applicata ai dati.
funding_medio,2026-10-04,/contratti/174/open_interest_usd,44121887.4208,https://api.hyperliquid.xyz/info,"""Snapshot al momento del prelievo; non ricostruisce lo stato di ieri.""",Licenza dei dati terzi non verificata come aperta: valgono i termini della fonte; accesso pubblico non equivale a diritto di ripubblicazione. Codice locale originale CC0; nessuna nuova licenza applicata ai dati.,,Fonti originali,Licenza dei dati terzi non verificata come aperta: valgono i termini della fonte; accesso pubblico non equivale a diritto di ripubblicazione. Codice locale originale CC0; nessuna nuova licenza applicata ai dati.
funding_medio,2026-10-04,/contratti/175/asset,"""CASHCAT""",https://api.hyperliquid.xyz/info,"""Snapshot al momento del prelievo; non ricostruisce lo stato di ieri.""",Licenza dei dati terzi non verificata come aperta: valgono i termini della fonte; accesso pubblico non equivale a diritto di ripubblicazione. Codice locale originale CC0; nessuna nuova licenza applicata ai dati.,,Fonti originali,Licenza dei dati terzi non verificata come aperta: valgono i termini della fonte; accesso pubblico non equivale a diritto di ripubblicazione. Codice locale originale CC0; nessuna nuova licenza applicata ai dati.
funding_medio,2026-10-04,/contratti/175/funding_orario,1.25e-05,https://api.hyperliquid.xyz/info,"""Snapshot al momento del prelievo; non ricostruisce lo stato di ieri.""",Licenza dei dati terzi non verificata come aperta: valgono i termini della fonte; accesso pubblico non equivale a diritto di ripubblicazione. Codice locale originale CC0; nessuna nuova licenza applicata ai dati.,,Fonti originali,Licenza dei dati terzi non verificata come aperta: valgono i termini della fonte; accesso pubblico non equivale a diritto di ripubblicazione. Codice locale originale CC0; nessuna nuova licenza applicata ai dati.
funding_medio,2026-10-04,/contratti/175/open_interest_usd,34425452.32952,https://api.hyperliquid.xyz/info,"""Snapshot al momento del prelievo; non ricostruisce lo stato di ieri.""",Licenza dei dati terzi non verificata come aperta: valgono i termini della fonte; accesso pubblico non equivale a diritto di ripubblicazione. Codice locale originale CC0; nessuna nuova licenza applicata ai dati.,,Fonti originali,Licenza dei dati terzi non verificata come aperta: valgono i termini della fonte; accesso pubblico non equivale a diritto di ripubblicazione. Codice locale originale CC0; nessuna nuova licenza applicata ai dati.
funding_medio,2026-10-04,/contratti/176/asset,"""PONS""",https://api.hyperliquid.xyz/info,"""Snapshot al momento del prelievo; non ricostruisce lo stato di ieri.""",Licenza dei dati terzi non verificata come aperta: valgono i termini della fonte; accesso pubblico non equivale a diritto di ripubblicazione. Codice locale originale CC0; nessuna nuova licenza applicata ai dati.,,Fonti originali,Licenza dei dati terzi non verificata come aperta: valgono i termini della fonte; accesso pubblico non equivale a diritto di ripubblicazione. Codice locale originale CC0; nessuna nuova licenza applicata ai dati.
funding_medio,2026-10-04,/contratti/176/funding_orario,2.55788e-05,https://api.hyperliquid.xyz/info,"""Snapshot al momento del prelievo; non ricostruisce lo stato di ieri.""",Licenza dei dati terzi non verificata come aperta: valgono i termini della fonte; accesso pubblico non equivale a diritto di ripubblicazione. Codice locale originale CC0; nessuna nuova licenza applicata ai dati.,,Fonti originali,Licenza dei dati terzi non verificata come aperta: valgono i termini della fonte; accesso pubblico non equivale a diritto di ripubblicazione. Codice locale originale CC0; nessuna nuova licenza applicata ai dati.
funding_medio,2026-10-04,/contratti/176/open_interest_usd,47740197.78576,https://api.hyperliquid.xyz/info,"""Snapshot al momento del prelievo; non ricostruisce lo stato di ieri.""",Licenza dei dati terzi non verificata come aperta: valgono i termini della fonte; accesso pubblico non equivale a diritto di ripubblicazione. Codice locale originale CC0; nessuna nuova licenza applicata ai dati.,,Fonti originali,Licenza dei dati terzi non verificata come aperta: valgono i termini della fonte; accesso pubblico non equivale a diritto di ripubblicazione. Codice locale originale CC0; nessuna nuova licenza applicata ai dati.
funding_medio,2026-10-04,/contratti/177/asset,"""USELESS""",https://api.hyperliquid.xyz/info,"""Snapshot al momento del prelievo; non ricostruisce lo stato di ieri.""",Licenza dei dati terzi non verificata come aperta: valgono i termini della fonte; accesso pubblico non equivale a diritto di ripubblicazione. Codice locale originale CC0; nessuna nuova licenza applicata ai dati.,,Fonti originali,Licenza dei dati terzi non verificata come aperta: valgono i termini della fonte; accesso pubblico non equivale a diritto di ripubblicazione. Codice locale originale CC0; nessuna nuova licenza applicata ai dati.
funding_medio,2026-10-04,/contratti/177/funding_orario,1.25e-05,https://api.hyperliquid.xyz/info,"""Snapshot al momento del prelievo; non ricostruisce lo stato di ieri.""",Licenza dei dati terzi non verificata come aperta: valgono i termini della fonte; accesso pubblico non equivale a diritto di ripubblicazione. Codice locale originale CC0; nessuna nuova licenza applicata ai dati.,,Fonti originali,Licenza dei dati terzi non verificata come aperta: valgono i termini della fonte; accesso pubblico non equivale a diritto di ripubblicazione. Codice locale originale CC0; nessuna nuova licenza applicata ai dati.
funding_medio,2026-10-04,/contratti/177/open_interest_usd,11341578.71628,https://api.hyperliquid.xyz/info,"""Snapshot al momento del prelievo; non ricostruisce lo stato di ieri.""",Licenza dei dati terzi non verificata come aperta: valgono i termini della fonte; accesso pubblico non equivale a diritto di ripubblicazione. Codice locale originale CC0; nessuna nuova licenza applicata ai dati.,,Fonti originali,Licenza dei dati terzi non verificata come aperta: valgono i termini della fonte; accesso pubblico non equivale a diritto di ripubblicazione. Codice locale originale CC0; nessuna nuova licenza applicata ai dati.
