cruscotto,data,percorso,valore_json,fonte,dati_fino_a_json,licenza,licenza_url,attribuzione,nota_licenza_fonti
macro_x_crypto,2026-10-05,/nome,"""macro_x_crypto""","FRED (BAMLC0A4CBBBEY); FRED (DFII10); FRED (DTWEXBGS); FRED (NASDAQCOM); FRED (SP500); FRED (T10Y2Y); DefiLlama (value locked, stablecoins, fees); Coin Metrics Community Data (Bitcoin price)","""2026-09-27""",CC BY 4.0,https://creativecommons.org/licenses/by/4.0/,Luca Valente,"CC BY 4.0 applies to the original compilation and editorial work by Luca Valente. Underlying third-party data retain their source terms, including Coin Metrics CC BY-NC 4.0 where indicated; this export does not replace those terms."
macro_x_crypto,2026-10-05,/titolo,"""Macro x Crypto Bridge""","FRED (BAMLC0A4CBBBEY); FRED (DFII10); FRED (DTWEXBGS); FRED (NASDAQCOM); FRED (SP500); FRED (T10Y2Y); DefiLlama (value locked, stablecoins, fees); Coin Metrics Community Data (Bitcoin price)","""2026-09-27""",CC BY 4.0,https://creativecommons.org/licenses/by/4.0/,Luca Valente,"CC BY 4.0 applies to the original compilation and editorial work by Luca Valente. Underlying third-party data retain their source terms, including Coin Metrics CC BY-NC 4.0 where indicated; this export does not replace those terms."
macro_x_crypto,2026-10-05,/data,"""2026-10-05""","FRED (BAMLC0A4CBBBEY); FRED (DFII10); FRED (DTWEXBGS); FRED (NASDAQCOM); FRED (SP500); FRED (T10Y2Y); DefiLlama (value locked, stablecoins, fees); Coin Metrics Community Data (Bitcoin price)","""2026-09-27""",CC BY 4.0,https://creativecommons.org/licenses/by/4.0/,Luca Valente,"CC BY 4.0 applies to the original compilation and editorial work by Luca Valente. Underlying third-party data retain their source terms, including Coin Metrics CC BY-NC 4.0 where indicated; this export does not replace those terms."
macro_x_crypto,2026-10-05,/dati_fino_a,"""2026-09-27""","FRED (BAMLC0A4CBBBEY); FRED (DFII10); FRED (DTWEXBGS); FRED (NASDAQCOM); FRED (SP500); FRED (T10Y2Y); DefiLlama (value locked, stablecoins, fees); Coin Metrics Community Data (Bitcoin price)","""2026-09-27""",CC BY 4.0,https://creativecommons.org/licenses/by/4.0/,Luca Valente,"CC BY 4.0 applies to the original compilation and editorial work by Luca Valente. Underlying third-party data retain their source terms, including Coin Metrics CC BY-NC 4.0 where indicated; this export does not replace those terms."
macro_x_crypto,2026-10-05,/parola,null,"FRED (BAMLC0A4CBBBEY); FRED (DFII10); FRED (DTWEXBGS); FRED (NASDAQCOM); FRED (SP500); FRED (T10Y2Y); DefiLlama (value locked, stablecoins, fees); Coin Metrics Community Data (Bitcoin price)","""2026-09-27""",CC BY 4.0,https://creativecommons.org/licenses/by/4.0/,Luca Valente,"CC BY 4.0 applies to the original compilation and editorial work by Luca Valente. Underlying third-party data retain their source terms, including Coin Metrics CC BY-NC 4.0 where indicated; this export does not replace those terms."
macro_x_crypto,2026-10-05,/da_quando,null,"FRED (BAMLC0A4CBBBEY); FRED (DFII10); FRED (DTWEXBGS); FRED (NASDAQCOM); FRED (SP500); FRED (T10Y2Y); DefiLlama (value locked, stablecoins, fees); Coin Metrics Community Data (Bitcoin price)","""2026-09-27""",CC BY 4.0,https://creativecommons.org/licenses/by/4.0/,Luca Valente,"CC BY 4.0 applies to the original compilation and editorial work by Luca Valente. Underlying third-party data retain their source terms, including Coin Metrics CC BY-NC 4.0 where indicated; this export does not replace those terms."
macro_x_crypto,2026-10-05,/fermo,null,"FRED (BAMLC0A4CBBBEY); FRED (DFII10); FRED (DTWEXBGS); FRED (NASDAQCOM); FRED (SP500); FRED (T10Y2Y); DefiLlama (value locked, stablecoins, fees); Coin Metrics Community Data (Bitcoin price)","""2026-09-27""",CC BY 4.0,https://creativecommons.org/licenses/by/4.0/,Luca Valente,"CC BY 4.0 applies to the original compilation and editorial work by Luca Valente. Underlying third-party data retain their source terms, including Coin Metrics CC BY-NC 4.0 where indicated; this export does not replace those terms."
macro_x_crypto,2026-10-05,/settimane_per_correlazione/finestra,13,"FRED (BAMLC0A4CBBBEY); FRED (DFII10); FRED (DTWEXBGS); FRED (NASDAQCOM); FRED (SP500); FRED (T10Y2Y); DefiLlama (value locked, stablecoins, fees); Coin Metrics Community Data (Bitcoin price)","""2026-09-27""",CC BY 4.0,https://creativecommons.org/licenses/by/4.0/,Luca Valente,"CC BY 4.0 applies to the original compilation and editorial work by Luca Valente. Underlying third-party data retain their source terms, including Coin Metrics CC BY-NC 4.0 where indicated; this export does not replace those terms."
macro_x_crypto,2026-10-05,/settimane_per_correlazione/minimo_di_coppie,11,"FRED (BAMLC0A4CBBBEY); FRED (DFII10); FRED (DTWEXBGS); FRED (NASDAQCOM); FRED (SP500); FRED (T10Y2Y); DefiLlama (value locked, stablecoins, fees); Coin Metrics Community Data (Bitcoin price)","""2026-09-27""",CC BY 4.0,https://creativecommons.org/licenses/by/4.0/,Luca Valente,"CC BY 4.0 applies to the original compilation and editorial work by Luca Valente. Underlying third-party data retain their source terms, including Coin Metrics CC BY-NC 4.0 where indicated; this export does not replace those terms."
macro_x_crypto,2026-10-05,/cadenza,"""weekly""","FRED (BAMLC0A4CBBBEY); FRED (DFII10); FRED (DTWEXBGS); FRED (NASDAQCOM); FRED (SP500); FRED (T10Y2Y); DefiLlama (value locked, stablecoins, fees); Coin Metrics Community Data (Bitcoin price)","""2026-09-27""",CC BY 4.0,https://creativecommons.org/licenses/by/4.0/,Luca Valente,"CC BY 4.0 applies to the original compilation and editorial work by Luca Valente. Underlying third-party data retain their source terms, including Coin Metrics CC BY-NC 4.0 where indicated; this export does not replace those terms."
macro_x_crypto,2026-10-05,/ultima_settimana,"""2026-09-21""","FRED (BAMLC0A4CBBBEY); FRED (DFII10); FRED (DTWEXBGS); FRED (NASDAQCOM); FRED (SP500); FRED (T10Y2Y); DefiLlama (value locked, stablecoins, fees); Coin Metrics Community Data (Bitcoin price)","""2026-09-27""",CC BY 4.0,https://creativecommons.org/licenses/by/4.0/,Luca Valente,"CC BY 4.0 applies to the original compilation and editorial work by Luca Valente. Underlying third-party data retain their source terms, including Coin Metrics CC BY-NC 4.0 where indicated; this export does not replace those terms."
macro_x_crypto,2026-10-05,/blocchi/0/id,"""coppie""","FRED (BAMLC0A4CBBBEY); FRED (DFII10); FRED (DTWEXBGS); FRED (NASDAQCOM); FRED (SP500); FRED (T10Y2Y); DefiLlama (value locked, stablecoins, fees); Coin Metrics Community Data (Bitcoin price)","""2026-09-27""",CC BY 4.0,https://creativecommons.org/licenses/by/4.0/,Luca Valente,"CC BY 4.0 applies to the original compilation and editorial work by Luca Valente. Underlying third-party data retain their source terms, including Coin Metrics CC BY-NC 4.0 where indicated; this export does not replace those terms."
macro_x_crypto,2026-10-05,/blocchi/0/titolo,"""Four pairs followed every week""","FRED (BAMLC0A4CBBBEY); FRED (DFII10); FRED (DTWEXBGS); FRED (NASDAQCOM); FRED (SP500); FRED (T10Y2Y); DefiLlama (value locked, stablecoins, fees); Coin Metrics Community Data (Bitcoin price)","""2026-09-27""",CC BY 4.0,https://creativecommons.org/licenses/by/4.0/,Luca Valente,"CC BY 4.0 applies to the original compilation and editorial work by Luca Valente. Underlying third-party data retain their source terms, including Coin Metrics CC BY-NC 4.0 where indicated; this export does not replace those terms."
macro_x_crypto,2026-10-05,/blocchi/0/valori/0/etichetta,"""US 10-year real yield and Bitcoin price: correlation of weekly changes over 13 weeks""",FRED (DFII10); Coin Metrics Community Data,"""2026-09-27""",CC BY 4.0,https://creativecommons.org/licenses/by/4.0/,Luca Valente,"CC BY 4.0 applies to the original compilation and editorial work by Luca Valente. Underlying third-party data retain their source terms, including Coin Metrics CC BY-NC 4.0 where indicated; this export does not replace those terms."
macro_x_crypto,2026-10-05,/blocchi/0/valori/0/valore,-0.25,FRED (DFII10); Coin Metrics Community Data,"""2026-09-27""",CC BY 4.0,https://creativecommons.org/licenses/by/4.0/,Luca Valente,"CC BY 4.0 applies to the original compilation and editorial work by Luca Valente. Underlying third-party data retain their source terms, including Coin Metrics CC BY-NC 4.0 where indicated; this export does not replace those terms."
macro_x_crypto,2026-10-05,/blocchi/0/valori/0/unita,null,FRED (DFII10); Coin Metrics Community Data,"""2026-09-27""",CC BY 4.0,https://creativecommons.org/licenses/by/4.0/,Luca Valente,"CC BY 4.0 applies to the original compilation and editorial work by Luca Valente. Underlying third-party data retain their source terms, including Coin Metrics CC BY-NC 4.0 where indicated; this export does not replace those terms."
macro_x_crypto,2026-10-05,/blocchi/0/valori/0/tredici_settimane_prima,-0.56,FRED (DFII10); Coin Metrics Community Data,"""2026-09-27""",CC BY 4.0,https://creativecommons.org/licenses/by/4.0/,Luca Valente,"CC BY 4.0 applies to the original compilation and editorial work by Luca Valente. Underlying third-party data retain their source terms, including Coin Metrics CC BY-NC 4.0 where indicated; this export does not replace those terms."
macro_x_crypto,2026-10-05,/blocchi/0/valori/0/ventisei_settimane,-0.29,FRED (DFII10); Coin Metrics Community Data,"""2026-09-27""",CC BY 4.0,https://creativecommons.org/licenses/by/4.0/,Luca Valente,"CC BY 4.0 applies to the original compilation and editorial work by Luca Valente. Underlying third-party data retain their source terms, including Coin Metrics CC BY-NC 4.0 where indicated; this export does not replace those terms."
macro_x_crypto,2026-10-05,/blocchi/0/valori/0/percentile_1a,26.9,FRED (DFII10); Coin Metrics Community Data,"""2026-09-27""",CC BY 4.0,https://creativecommons.org/licenses/by/4.0/,Luca Valente,"CC BY 4.0 applies to the original compilation and editorial work by Luca Valente. Underlying third-party data retain their source terms, including Coin Metrics CC BY-NC 4.0 where indicated; this export does not replace those terms."
macro_x_crypto,2026-10-05,/blocchi/0/valori/0/percentile_storia,31.9,FRED (DFII10); Coin Metrics Community Data,"""2026-09-27""",CC BY 4.0,https://creativecommons.org/licenses/by/4.0/,Luca Valente,"CC BY 4.0 applies to the original compilation and editorial work by Luca Valente. Underlying third-party data retain their source terms, including Coin Metrics CC BY-NC 4.0 where indicated; this export does not replace those terms."
macro_x_crypto,2026-10-05,/blocchi/0/valori/0/storia_dal,"""2024-12-09""",FRED (DFII10); Coin Metrics Community Data,"""2026-09-27""",CC BY 4.0,https://creativecommons.org/licenses/by/4.0/,Luca Valente,"CC BY 4.0 applies to the original compilation and editorial work by Luca Valente. Underlying third-party data retain their source terms, including Coin Metrics CC BY-NC 4.0 where indicated; this export does not replace those terms."
macro_x_crypto,2026-10-05,/blocchi/0/valori/0/stato,"""expanding""",FRED (DFII10); Coin Metrics Community Data,"""2026-09-27""",CC BY 4.0,https://creativecommons.org/licenses/by/4.0/,Luca Valente,"CC BY 4.0 applies to the original compilation and editorial work by Luca Valente. Underlying third-party data retain their source terms, including Coin Metrics CC BY-NC 4.0 where indicated; this export does not replace those terms."
macro_x_crypto,2026-10-05,/blocchi/0/valori/0/banda_flat,0.2,FRED (DFII10); Coin Metrics Community Data,"""2026-09-27""",CC BY 4.0,https://creativecommons.org/licenses/by/4.0/,Luca Valente,"CC BY 4.0 applies to the original compilation and editorial work by Luca Valente. Underlying third-party data retain their source terms, including Coin Metrics CC BY-NC 4.0 where indicated; this export does not replace those terms."
macro_x_crypto,2026-10-05,/blocchi/0/valori/0/fonte,"""FRED (DFII10); Coin Metrics Community Data""",FRED (DFII10); Coin Metrics Community Data,"""2026-09-27""",CC BY 4.0,https://creativecommons.org/licenses/by/4.0/,Luca Valente,"CC BY 4.0 applies to the original compilation and editorial work by Luca Valente. Underlying third-party data retain their source terms, including Coin Metrics CC BY-NC 4.0 where indicated; this export does not replace those terms."
macro_x_crypto,2026-10-05,/blocchi/0/valori/0/dati_fino_a,"""2026-09-27""",FRED (DFII10); Coin Metrics Community Data,"""2026-09-27""",CC BY 4.0,https://creativecommons.org/licenses/by/4.0/,Luca Valente,"CC BY 4.0 applies to the original compilation and editorial work by Luca Valente. Underlying third-party data retain their source terms, including Coin Metrics CC BY-NC 4.0 where indicated; this export does not replace those terms."
macro_x_crypto,2026-10-05,/blocchi/0/valori/1/etichetta,"""US dollar index (broad) and Bitcoin price: correlation of weekly changes over 13 weeks""",FRED (DTWEXBGS); Coin Metrics Community Data,"""2026-09-27""",CC BY 4.0,https://creativecommons.org/licenses/by/4.0/,Luca Valente,"CC BY 4.0 applies to the original compilation and editorial work by Luca Valente. Underlying third-party data retain their source terms, including Coin Metrics CC BY-NC 4.0 where indicated; this export does not replace those terms."
macro_x_crypto,2026-10-05,/blocchi/0/valori/1/valore,-0.15,FRED (DTWEXBGS); Coin Metrics Community Data,"""2026-09-27""",CC BY 4.0,https://creativecommons.org/licenses/by/4.0/,Luca Valente,"CC BY 4.0 applies to the original compilation and editorial work by Luca Valente. Underlying third-party data retain their source terms, including Coin Metrics CC BY-NC 4.0 where indicated; this export does not replace those terms."
macro_x_crypto,2026-10-05,/blocchi/0/valori/1/unita,null,FRED (DTWEXBGS); Coin Metrics Community Data,"""2026-09-27""",CC BY 4.0,https://creativecommons.org/licenses/by/4.0/,Luca Valente,"CC BY 4.0 applies to the original compilation and editorial work by Luca Valente. Underlying third-party data retain their source terms, including Coin Metrics CC BY-NC 4.0 where indicated; this export does not replace those terms."
macro_x_crypto,2026-10-05,/blocchi/0/valori/1/tredici_settimane_prima,-0.61,FRED (DTWEXBGS); Coin Metrics Community Data,"""2026-09-27""",CC BY 4.0,https://creativecommons.org/licenses/by/4.0/,Luca Valente,"CC BY 4.0 applies to the original compilation and editorial work by Luca Valente. Underlying third-party data retain their source terms, including Coin Metrics CC BY-NC 4.0 where indicated; this export does not replace those terms."
macro_x_crypto,2026-10-05,/blocchi/0/valori/1/ventisei_settimane,-0.39,FRED (DTWEXBGS); Coin Metrics Community Data,"""2026-09-27""",CC BY 4.0,https://creativecommons.org/licenses/by/4.0/,Luca Valente,"CC BY 4.0 applies to the original compilation and editorial work by Luca Valente. Underlying third-party data retain their source terms, including Coin Metrics CC BY-NC 4.0 where indicated; this export does not replace those terms."
macro_x_crypto,2026-10-05,/blocchi/0/valori/1/percentile_1a,61.5,FRED (DTWEXBGS); Coin Metrics Community Data,"""2026-09-27""",CC BY 4.0,https://creativecommons.org/licenses/by/4.0/,Luca Valente,"CC BY 4.0 applies to the original compilation and editorial work by Luca Valente. Underlying third-party data retain their source terms, including Coin Metrics CC BY-NC 4.0 where indicated; this export does not replace those terms."
macro_x_crypto,2026-10-05,/blocchi/0/valori/1/percentile_storia,51.1,FRED (DTWEXBGS); Coin Metrics Community Data,"""2026-09-27""",CC BY 4.0,https://creativecommons.org/licenses/by/4.0/,Luca Valente,"CC BY 4.0 applies to the original compilation and editorial work by Luca Valente. Underlying third-party data retain their source terms, including Coin Metrics CC BY-NC 4.0 where indicated; this export does not replace those terms."
macro_x_crypto,2026-10-05,/blocchi/0/valori/1/storia_dal,"""2024-12-09""",FRED (DTWEXBGS); Coin Metrics Community Data,"""2026-09-27""",CC BY 4.0,https://creativecommons.org/licenses/by/4.0/,Luca Valente,"CC BY 4.0 applies to the original compilation and editorial work by Luca Valente. Underlying third-party data retain their source terms, including Coin Metrics CC BY-NC 4.0 where indicated; this export does not replace those terms."
macro_x_crypto,2026-10-05,/blocchi/0/valori/1/stato,"""expanding""",FRED (DTWEXBGS); Coin Metrics Community Data,"""2026-09-27""",CC BY 4.0,https://creativecommons.org/licenses/by/4.0/,Luca Valente,"CC BY 4.0 applies to the original compilation and editorial work by Luca Valente. Underlying third-party data retain their source terms, including Coin Metrics CC BY-NC 4.0 where indicated; this export does not replace those terms."
macro_x_crypto,2026-10-05,/blocchi/0/valori/1/banda_flat,0.2,FRED (DTWEXBGS); Coin Metrics Community Data,"""2026-09-27""",CC BY 4.0,https://creativecommons.org/licenses/by/4.0/,Luca Valente,"CC BY 4.0 applies to the original compilation and editorial work by Luca Valente. Underlying third-party data retain their source terms, including Coin Metrics CC BY-NC 4.0 where indicated; this export does not replace those terms."
macro_x_crypto,2026-10-05,/blocchi/0/valori/1/fonte,"""FRED (DTWEXBGS); Coin Metrics Community Data""",FRED (DTWEXBGS); Coin Metrics Community Data,"""2026-09-27""",CC BY 4.0,https://creativecommons.org/licenses/by/4.0/,Luca Valente,"CC BY 4.0 applies to the original compilation and editorial work by Luca Valente. Underlying third-party data retain their source terms, including Coin Metrics CC BY-NC 4.0 where indicated; this export does not replace those terms."
macro_x_crypto,2026-10-05,/blocchi/0/valori/1/dati_fino_a,"""2026-09-27""",FRED (DTWEXBGS); Coin Metrics Community Data,"""2026-09-27""",CC BY 4.0,https://creativecommons.org/licenses/by/4.0/,Luca Valente,"CC BY 4.0 applies to the original compilation and editorial work by Luca Valente. Underlying third-party data retain their source terms, including Coin Metrics CC BY-NC 4.0 where indicated; this export does not replace those terms."
macro_x_crypto,2026-10-05,/blocchi/0/valori/2/etichetta,"""Nasdaq Composite and Bitcoin price: correlation of weekly changes over 13 weeks""",FRED (NASDAQCOM); Coin Metrics Community Data,"""2026-09-27""",CC BY 4.0,https://creativecommons.org/licenses/by/4.0/,Luca Valente,"CC BY 4.0 applies to the original compilation and editorial work by Luca Valente. Underlying third-party data retain their source terms, including Coin Metrics CC BY-NC 4.0 where indicated; this export does not replace those terms."
macro_x_crypto,2026-10-05,/blocchi/0/valori/2/valore,-0.19,FRED (NASDAQCOM); Coin Metrics Community Data,"""2026-09-27""",CC BY 4.0,https://creativecommons.org/licenses/by/4.0/,Luca Valente,"CC BY 4.0 applies to the original compilation and editorial work by Luca Valente. Underlying third-party data retain their source terms, including Coin Metrics CC BY-NC 4.0 where indicated; this export does not replace those terms."
macro_x_crypto,2026-10-05,/blocchi/0/valori/2/unita,null,FRED (NASDAQCOM); Coin Metrics Community Data,"""2026-09-27""",CC BY 4.0,https://creativecommons.org/licenses/by/4.0/,Luca Valente,"CC BY 4.0 applies to the original compilation and editorial work by Luca Valente. Underlying third-party data retain their source terms, including Coin Metrics CC BY-NC 4.0 where indicated; this export does not replace those terms."
macro_x_crypto,2026-10-05,/blocchi/0/valori/2/tredici_settimane_prima,0.77,FRED (NASDAQCOM); Coin Metrics Community Data,"""2026-09-27""",CC BY 4.0,https://creativecommons.org/licenses/by/4.0/,Luca Valente,"CC BY 4.0 applies to the original compilation and editorial work by Luca Valente. Underlying third-party data retain their source terms, including Coin Metrics CC BY-NC 4.0 where indicated; this export does not replace those terms."
macro_x_crypto,2026-10-05,/blocchi/0/valori/2/ventisei_settimane,0.31,FRED (NASDAQCOM); Coin Metrics Community Data,"""2026-09-27""",CC BY 4.0,https://creativecommons.org/licenses/by/4.0/,Luca Valente,"CC BY 4.0 applies to the original compilation and editorial work by Luca Valente. Underlying third-party data retain their source terms, including Coin Metrics CC BY-NC 4.0 where indicated; this export does not replace those terms."
macro_x_crypto,2026-10-05,/blocchi/0/valori/2/percentile_1a,1.9,FRED (NASDAQCOM); Coin Metrics Community Data,"""2026-09-27""",CC BY 4.0,https://creativecommons.org/licenses/by/4.0/,Luca Valente,"CC BY 4.0 applies to the original compilation and editorial work by Luca Valente. Underlying third-party data retain their source terms, including Coin Metrics CC BY-NC 4.0 where indicated; this export does not replace those terms."
macro_x_crypto,2026-10-05,/blocchi/0/valori/2/percentile_storia,1.1,FRED (NASDAQCOM); Coin Metrics Community Data,"""2026-09-27""",CC BY 4.0,https://creativecommons.org/licenses/by/4.0/,Luca Valente,"CC BY 4.0 applies to the original compilation and editorial work by Luca Valente. Underlying third-party data retain their source terms, including Coin Metrics CC BY-NC 4.0 where indicated; this export does not replace those terms."
macro_x_crypto,2026-10-05,/blocchi/0/valori/2/storia_dal,"""2024-12-09""",FRED (NASDAQCOM); Coin Metrics Community Data,"""2026-09-27""",CC BY 4.0,https://creativecommons.org/licenses/by/4.0/,Luca Valente,"CC BY 4.0 applies to the original compilation and editorial work by Luca Valente. Underlying third-party data retain their source terms, including Coin Metrics CC BY-NC 4.0 where indicated; this export does not replace those terms."
macro_x_crypto,2026-10-05,/blocchi/0/valori/2/stato,"""contracting""",FRED (NASDAQCOM); Coin Metrics Community Data,"""2026-09-27""",CC BY 4.0,https://creativecommons.org/licenses/by/4.0/,Luca Valente,"CC BY 4.0 applies to the original compilation and editorial work by Luca Valente. Underlying third-party data retain their source terms, including Coin Metrics CC BY-NC 4.0 where indicated; this export does not replace those terms."
macro_x_crypto,2026-10-05,/blocchi/0/valori/2/banda_flat,0.2,FRED (NASDAQCOM); Coin Metrics Community Data,"""2026-09-27""",CC BY 4.0,https://creativecommons.org/licenses/by/4.0/,Luca Valente,"CC BY 4.0 applies to the original compilation and editorial work by Luca Valente. Underlying third-party data retain their source terms, including Coin Metrics CC BY-NC 4.0 where indicated; this export does not replace those terms."
macro_x_crypto,2026-10-05,/blocchi/0/valori/2/fonte,"""FRED (NASDAQCOM); Coin Metrics Community Data""",FRED (NASDAQCOM); Coin Metrics Community Data,"""2026-09-27""",CC BY 4.0,https://creativecommons.org/licenses/by/4.0/,Luca Valente,"CC BY 4.0 applies to the original compilation and editorial work by Luca Valente. Underlying third-party data retain their source terms, including Coin Metrics CC BY-NC 4.0 where indicated; this export does not replace those terms."
macro_x_crypto,2026-10-05,/blocchi/0/valori/2/dati_fino_a,"""2026-09-27""",FRED (NASDAQCOM); Coin Metrics Community Data,"""2026-09-27""",CC BY 4.0,https://creativecommons.org/licenses/by/4.0/,Luca Valente,"CC BY 4.0 applies to the original compilation and editorial work by Luca Valente. Underlying third-party data retain their source terms, including Coin Metrics CC BY-NC 4.0 where indicated; this export does not replace those terms."
macro_x_crypto,2026-10-05,/blocchi/0/valori/3/etichetta,"""US dollar index (broad) and Stablecoin supply: correlation of weekly changes over 13 weeks""",FRED (DTWEXBGS); DefiLlama,"""2026-09-27""",CC BY 4.0,https://creativecommons.org/licenses/by/4.0/,Luca Valente,"CC BY 4.0 applies to the original compilation and editorial work by Luca Valente. Underlying third-party data retain their source terms, including Coin Metrics CC BY-NC 4.0 where indicated; this export does not replace those terms."
macro_x_crypto,2026-10-05,/blocchi/0/valori/3/valore,0.1,FRED (DTWEXBGS); DefiLlama,"""2026-09-27""",CC BY 4.0,https://creativecommons.org/licenses/by/4.0/,Luca Valente,"CC BY 4.0 applies to the original compilation and editorial work by Luca Valente. Underlying third-party data retain their source terms, including Coin Metrics CC BY-NC 4.0 where indicated; this export does not replace those terms."
macro_x_crypto,2026-10-05,/blocchi/0/valori/3/unita,null,FRED (DTWEXBGS); DefiLlama,"""2026-09-27""",CC BY 4.0,https://creativecommons.org/licenses/by/4.0/,Luca Valente,"CC BY 4.0 applies to the original compilation and editorial work by Luca Valente. Underlying third-party data retain their source terms, including Coin Metrics CC BY-NC 4.0 where indicated; this export does not replace those terms."
macro_x_crypto,2026-10-05,/blocchi/0/valori/3/tredici_settimane_prima,-0.46,FRED (DTWEXBGS); DefiLlama,"""2026-09-27""",CC BY 4.0,https://creativecommons.org/licenses/by/4.0/,Luca Valente,"CC BY 4.0 applies to the original compilation and editorial work by Luca Valente. Underlying third-party data retain their source terms, including Coin Metrics CC BY-NC 4.0 where indicated; this export does not replace those terms."
macro_x_crypto,2026-10-05,/blocchi/0/valori/3/ventisei_settimane,-0.26,FRED (DTWEXBGS); DefiLlama,"""2026-09-27""",CC BY 4.0,https://creativecommons.org/licenses/by/4.0/,Luca Valente,"CC BY 4.0 applies to the original compilation and editorial work by Luca Valente. Underlying third-party data retain their source terms, including Coin Metrics CC BY-NC 4.0 where indicated; this export does not replace those terms."
macro_x_crypto,2026-10-05,/blocchi/0/valori/3/percentile_1a,73.1,FRED (DTWEXBGS); DefiLlama,"""2026-09-27""",CC BY 4.0,https://creativecommons.org/licenses/by/4.0/,Luca Valente,"CC BY 4.0 applies to the original compilation and editorial work by Luca Valente. Underlying third-party data retain their source terms, including Coin Metrics CC BY-NC 4.0 where indicated; this export does not replace those terms."
macro_x_crypto,2026-10-05,/blocchi/0/valori/3/percentile_storia,76.6,FRED (DTWEXBGS); DefiLlama,"""2026-09-27""",CC BY 4.0,https://creativecommons.org/licenses/by/4.0/,Luca Valente,"CC BY 4.0 applies to the original compilation and editorial work by Luca Valente. Underlying third-party data retain their source terms, including Coin Metrics CC BY-NC 4.0 where indicated; this export does not replace those terms."
macro_x_crypto,2026-10-05,/blocchi/0/valori/3/storia_dal,"""2024-12-09""",FRED (DTWEXBGS); DefiLlama,"""2026-09-27""",CC BY 4.0,https://creativecommons.org/licenses/by/4.0/,Luca Valente,"CC BY 4.0 applies to the original compilation and editorial work by Luca Valente. Underlying third-party data retain their source terms, including Coin Metrics CC BY-NC 4.0 where indicated; this export does not replace those terms."
macro_x_crypto,2026-10-05,/blocchi/0/valori/3/stato,"""expanding""",FRED (DTWEXBGS); DefiLlama,"""2026-09-27""",CC BY 4.0,https://creativecommons.org/licenses/by/4.0/,Luca Valente,"CC BY 4.0 applies to the original compilation and editorial work by Luca Valente. Underlying third-party data retain their source terms, including Coin Metrics CC BY-NC 4.0 where indicated; this export does not replace those terms."
macro_x_crypto,2026-10-05,/blocchi/0/valori/3/banda_flat,0.2,FRED (DTWEXBGS); DefiLlama,"""2026-09-27""",CC BY 4.0,https://creativecommons.org/licenses/by/4.0/,Luca Valente,"CC BY 4.0 applies to the original compilation and editorial work by Luca Valente. Underlying third-party data retain their source terms, including Coin Metrics CC BY-NC 4.0 where indicated; this export does not replace those terms."
macro_x_crypto,2026-10-05,/blocchi/0/valori/3/fonte,"""FRED (DTWEXBGS); DefiLlama""",FRED (DTWEXBGS); DefiLlama,"""2026-09-27""",CC BY 4.0,https://creativecommons.org/licenses/by/4.0/,Luca Valente,"CC BY 4.0 applies to the original compilation and editorial work by Luca Valente. Underlying third-party data retain their source terms, including Coin Metrics CC BY-NC 4.0 where indicated; this export does not replace those terms."
macro_x_crypto,2026-10-05,/blocchi/0/valori/3/dati_fino_a,"""2026-09-27""",FRED (DTWEXBGS); DefiLlama,"""2026-09-27""",CC BY 4.0,https://creativecommons.org/licenses/by/4.0/,Luca Valente,"CC BY 4.0 applies to the original compilation and editorial work by Luca Valente. Underlying third-party data retain their source terms, including Coin Metrics CC BY-NC 4.0 where indicated; this export does not replace those terms."
macro_x_crypto,2026-10-05,/blocchi/0/serie/0/etichetta,"""US 10-year real yield and Bitcoin price""","FRED (BAMLC0A4CBBBEY); FRED (DFII10); FRED (DTWEXBGS); FRED (NASDAQCOM); FRED (SP500); FRED (T10Y2Y); DefiLlama (value locked, stablecoins, fees); Coin Metrics Community Data (Bitcoin price)","""2026-09-27""",CC BY 4.0,https://creativecommons.org/licenses/by/4.0/,Luca Valente,"CC BY 4.0 applies to the original compilation and editorial work by Luca Valente. Underlying third-party data retain their source terms, including Coin Metrics CC BY-NC 4.0 where indicated; this export does not replace those terms."
macro_x_crypto,2026-10-05,/blocchi/0/serie/0/unita,null,"FRED (BAMLC0A4CBBBEY); FRED (DFII10); FRED (DTWEXBGS); FRED (NASDAQCOM); FRED (SP500); FRED (T10Y2Y); DefiLlama (value locked, stablecoins, fees); Coin Metrics Community Data (Bitcoin price)","""2026-09-27""",CC BY 4.0,https://creativecommons.org/licenses/by/4.0/,Luca Valente,"CC BY 4.0 applies to the original compilation and editorial work by Luca Valente. Underlying third-party data retain their source terms, including Coin Metrics CC BY-NC 4.0 where indicated; this export does not replace those terms."
macro_x_crypto,2026-10-05,/blocchi/0/serie/0/punti/0/0,"""2025-09-29""","FRED (BAMLC0A4CBBBEY); FRED (DFII10); FRED (DTWEXBGS); FRED (NASDAQCOM); FRED (SP500); FRED (T10Y2Y); DefiLlama (value locked, stablecoins, fees); Coin Metrics Community Data (Bitcoin price)","""2026-09-27""",CC BY 4.0,https://creativecommons.org/licenses/by/4.0/,Luca Valente,"CC BY 4.0 applies to the original compilation and editorial work by Luca Valente. Underlying third-party data retain their source terms, including Coin Metrics CC BY-NC 4.0 where indicated; this export does not replace those terms."
macro_x_crypto,2026-10-05,/blocchi/0/serie/0/punti/0/1,0.093,"FRED (BAMLC0A4CBBBEY); FRED (DFII10); FRED (DTWEXBGS); FRED (NASDAQCOM); FRED (SP500); FRED (T10Y2Y); DefiLlama (value locked, stablecoins, fees); Coin Metrics Community Data (Bitcoin price)","""2026-09-27""",CC BY 4.0,https://creativecommons.org/licenses/by/4.0/,Luca Valente,"CC BY 4.0 applies to the original compilation and editorial work by Luca Valente. Underlying third-party data retain their source terms, including Coin Metrics CC BY-NC 4.0 where indicated; this export does not replace those terms."
macro_x_crypto,2026-10-05,/blocchi/0/serie/0/punti/1/0,"""2025-10-06""","FRED (BAMLC0A4CBBBEY); FRED (DFII10); FRED (DTWEXBGS); FRED (NASDAQCOM); FRED (SP500); FRED (T10Y2Y); DefiLlama (value locked, stablecoins, fees); Coin Metrics Community Data (Bitcoin price)","""2026-09-27""",CC BY 4.0,https://creativecommons.org/licenses/by/4.0/,Luca Valente,"CC BY 4.0 applies to the original compilation and editorial work by Luca Valente. Underlying third-party data retain their source terms, including Coin Metrics CC BY-NC 4.0 where indicated; this export does not replace those terms."
macro_x_crypto,2026-10-05,/blocchi/0/serie/0/punti/1/1,0.009,"FRED (BAMLC0A4CBBBEY); FRED (DFII10); FRED (DTWEXBGS); FRED (NASDAQCOM); FRED (SP500); FRED (T10Y2Y); DefiLlama (value locked, stablecoins, fees); Coin Metrics Community Data (Bitcoin price)","""2026-09-27""",CC BY 4.0,https://creativecommons.org/licenses/by/4.0/,Luca Valente,"CC BY 4.0 applies to the original compilation and editorial work by Luca Valente. Underlying third-party data retain their source terms, including Coin Metrics CC BY-NC 4.0 where indicated; this export does not replace those terms."
macro_x_crypto,2026-10-05,/blocchi/0/serie/0/punti/2/0,"""2025-10-13""","FRED (BAMLC0A4CBBBEY); FRED (DFII10); FRED (DTWEXBGS); FRED (NASDAQCOM); FRED (SP500); FRED (T10Y2Y); DefiLlama (value locked, stablecoins, fees); Coin Metrics Community Data (Bitcoin price)","""2026-09-27""",CC BY 4.0,https://creativecommons.org/licenses/by/4.0/,Luca Valente,"CC BY 4.0 applies to the original compilation and editorial work by Luca Valente. Underlying third-party data retain their source terms, including Coin Metrics CC BY-NC 4.0 where indicated; this export does not replace those terms."
macro_x_crypto,2026-10-05,/blocchi/0/serie/0/punti/2/1,-0.031,"FRED (BAMLC0A4CBBBEY); FRED (DFII10); FRED (DTWEXBGS); FRED (NASDAQCOM); FRED (SP500); FRED (T10Y2Y); DefiLlama (value locked, stablecoins, fees); Coin Metrics Community Data (Bitcoin price)","""2026-09-27""",CC BY 4.0,https://creativecommons.org/licenses/by/4.0/,Luca Valente,"CC BY 4.0 applies to the original compilation and editorial work by Luca Valente. Underlying third-party data retain their source terms, including Coin Metrics CC BY-NC 4.0 where indicated; this export does not replace those terms."
macro_x_crypto,2026-10-05,/blocchi/0/serie/0/punti/3/0,"""2025-10-20""","FRED (BAMLC0A4CBBBEY); FRED (DFII10); FRED (DTWEXBGS); FRED (NASDAQCOM); FRED (SP500); FRED (T10Y2Y); DefiLlama (value locked, stablecoins, fees); Coin Metrics Community Data (Bitcoin price)","""2026-09-27""",CC BY 4.0,https://creativecommons.org/licenses/by/4.0/,Luca Valente,"CC BY 4.0 applies to the original compilation and editorial work by Luca Valente. Underlying third-party data retain their source terms, including Coin Metrics CC BY-NC 4.0 where indicated; this export does not replace those terms."
macro_x_crypto,2026-10-05,/blocchi/0/serie/0/punti/3/1,0.003,"FRED (BAMLC0A4CBBBEY); FRED (DFII10); FRED (DTWEXBGS); FRED (NASDAQCOM); FRED (SP500); FRED (T10Y2Y); DefiLlama (value locked, stablecoins, fees); Coin Metrics Community Data (Bitcoin price)","""2026-09-27""",CC BY 4.0,https://creativecommons.org/licenses/by/4.0/,Luca Valente,"CC BY 4.0 applies to the original compilation and editorial work by Luca Valente. Underlying third-party data retain their source terms, including Coin Metrics CC BY-NC 4.0 where indicated; this export does not replace those terms."
macro_x_crypto,2026-10-05,/blocchi/0/serie/0/punti/4/0,"""2025-10-27""","FRED (BAMLC0A4CBBBEY); FRED (DFII10); FRED (DTWEXBGS); FRED (NASDAQCOM); FRED (SP500); FRED (T10Y2Y); DefiLlama (value locked, stablecoins, fees); Coin Metrics Community Data (Bitcoin price)","""2026-09-27""",CC BY 4.0,https://creativecommons.org/licenses/by/4.0/,Luca Valente,"CC BY 4.0 applies to the original compilation and editorial work by Luca Valente. Underlying third-party data retain their source terms, including Coin Metrics CC BY-NC 4.0 where indicated; this export does not replace those terms."
macro_x_crypto,2026-10-05,/blocchi/0/serie/0/punti/4/1,-0.142,"FRED (BAMLC0A4CBBBEY); FRED (DFII10); FRED (DTWEXBGS); FRED (NASDAQCOM); FRED (SP500); FRED (T10Y2Y); DefiLlama (value locked, stablecoins, fees); Coin Metrics Community Data (Bitcoin price)","""2026-09-27""",CC BY 4.0,https://creativecommons.org/licenses/by/4.0/,Luca Valente,"CC BY 4.0 applies to the original compilation and editorial work by Luca Valente. Underlying third-party data retain their source terms, including Coin Metrics CC BY-NC 4.0 where indicated; this export does not replace those terms."
macro_x_crypto,2026-10-05,/blocchi/0/serie/0/punti/5/0,"""2025-11-03""","FRED (BAMLC0A4CBBBEY); FRED (DFII10); FRED (DTWEXBGS); FRED (NASDAQCOM); FRED (SP500); FRED (T10Y2Y); DefiLlama (value locked, stablecoins, fees); Coin Metrics Community Data (Bitcoin price)","""2026-09-27""",CC BY 4.0,https://creativecommons.org/licenses/by/4.0/,Luca Valente,"CC BY 4.0 applies to the original compilation and editorial work by Luca Valente. Underlying third-party data retain their source terms, including Coin Metrics CC BY-NC 4.0 where indicated; this export does not replace those terms."
macro_x_crypto,2026-10-05,/blocchi/0/serie/0/punti/5/1,-0.156,"FRED (BAMLC0A4CBBBEY); FRED (DFII10); FRED (DTWEXBGS); FRED (NASDAQCOM); FRED (SP500); FRED (T10Y2Y); DefiLlama (value locked, stablecoins, fees); Coin Metrics Community Data (Bitcoin price)","""2026-09-27""",CC BY 4.0,https://creativecommons.org/licenses/by/4.0/,Luca Valente,"CC BY 4.0 applies to the original compilation and editorial work by Luca Valente. Underlying third-party data retain their source terms, including Coin Metrics CC BY-NC 4.0 where indicated; this export does not replace those terms."
macro_x_crypto,2026-10-05,/blocchi/0/serie/0/punti/6/0,"""2025-11-10""","FRED (BAMLC0A4CBBBEY); FRED (DFII10); FRED (DTWEXBGS); FRED (NASDAQCOM); FRED (SP500); FRED (T10Y2Y); DefiLlama (value locked, stablecoins, fees); Coin Metrics Community Data (Bitcoin price)","""2026-09-27""",CC BY 4.0,https://creativecommons.org/licenses/by/4.0/,Luca Valente,"CC BY 4.0 applies to the original compilation and editorial work by Luca Valente. Underlying third-party data retain their source terms, including Coin Metrics CC BY-NC 4.0 where indicated; this export does not replace those terms."
macro_x_crypto,2026-10-05,/blocchi/0/serie/0/punti/6/1,-0.231,"FRED (BAMLC0A4CBBBEY); FRED (DFII10); FRED (DTWEXBGS); FRED (NASDAQCOM); FRED (SP500); FRED (T10Y2Y); DefiLlama (value locked, stablecoins, fees); Coin Metrics Community Data (Bitcoin price)","""2026-09-27""",CC BY 4.0,https://creativecommons.org/licenses/by/4.0/,Luca Valente,"CC BY 4.0 applies to the original compilation and editorial work by Luca Valente. Underlying third-party data retain their source terms, including Coin Metrics CC BY-NC 4.0 where indicated; this export does not replace those terms."
macro_x_crypto,2026-10-05,/blocchi/0/serie/0/punti/7/0,"""2025-11-17""","FRED (BAMLC0A4CBBBEY); FRED (DFII10); FRED (DTWEXBGS); FRED (NASDAQCOM); FRED (SP500); FRED (T10Y2Y); DefiLlama (value locked, stablecoins, fees); Coin Metrics Community Data (Bitcoin price)","""2026-09-27""",CC BY 4.0,https://creativecommons.org/licenses/by/4.0/,Luca Valente,"CC BY 4.0 applies to the original compilation and editorial work by Luca Valente. Underlying third-party data retain their source terms, including Coin Metrics CC BY-NC 4.0 where indicated; this export does not replace those terms."
macro_x_crypto,2026-10-05,/blocchi/0/serie/0/punti/7/1,-0.231,"FRED (BAMLC0A4CBBBEY); FRED (DFII10); FRED (DTWEXBGS); FRED (NASDAQCOM); FRED (SP500); FRED (T10Y2Y); DefiLlama (value locked, stablecoins, fees); Coin Metrics Community Data (Bitcoin price)","""2026-09-27""",CC BY 4.0,https://creativecommons.org/licenses/by/4.0/,Luca Valente,"CC BY 4.0 applies to the original compilation and editorial work by Luca Valente. Underlying third-party data retain their source terms, including Coin Metrics CC BY-NC 4.0 where indicated; this export does not replace those terms."
macro_x_crypto,2026-10-05,/blocchi/0/serie/0/punti/8/0,"""2025-11-24""","FRED (BAMLC0A4CBBBEY); FRED (DFII10); FRED (DTWEXBGS); FRED (NASDAQCOM); FRED (SP500); FRED (T10Y2Y); DefiLlama (value locked, stablecoins, fees); Coin Metrics Community Data (Bitcoin price)","""2026-09-27""",CC BY 4.0,https://creativecommons.org/licenses/by/4.0/,Luca Valente,"CC BY 4.0 applies to the original compilation and editorial work by Luca Valente. Underlying third-party data retain their source terms, including Coin Metrics CC BY-NC 4.0 where indicated; this export does not replace those terms."
macro_x_crypto,2026-10-05,/blocchi/0/serie/0/punti/8/1,-0.292,"FRED (BAMLC0A4CBBBEY); FRED (DFII10); FRED (DTWEXBGS); FRED (NASDAQCOM); FRED (SP500); FRED (T10Y2Y); DefiLlama (value locked, stablecoins, fees); Coin Metrics Community Data (Bitcoin price)","""2026-09-27""",CC BY 4.0,https://creativecommons.org/licenses/by/4.0/,Luca Valente,"CC BY 4.0 applies to the original compilation and editorial work by Luca Valente. Underlying third-party data retain their source terms, including Coin Metrics CC BY-NC 4.0 where indicated; this export does not replace those terms."
macro_x_crypto,2026-10-05,/blocchi/0/serie/0/punti/9/0,"""2025-12-01""","FRED (BAMLC0A4CBBBEY); FRED (DFII10); FRED (DTWEXBGS); FRED (NASDAQCOM); FRED (SP500); FRED (T10Y2Y); DefiLlama (value locked, stablecoins, fees); Coin Metrics Community Data (Bitcoin price)","""2026-09-27""",CC BY 4.0,https://creativecommons.org/licenses/by/4.0/,Luca Valente,"CC BY 4.0 applies to the original compilation and editorial work by Luca Valente. Underlying third-party data retain their source terms, including Coin Metrics CC BY-NC 4.0 where indicated; this export does not replace those terms."
macro_x_crypto,2026-10-05,/blocchi/0/serie/0/punti/9/1,-0.169,"FRED (BAMLC0A4CBBBEY); FRED (DFII10); FRED (DTWEXBGS); FRED (NASDAQCOM); FRED (SP500); FRED (T10Y2Y); DefiLlama (value locked, stablecoins, fees); Coin Metrics Community Data (Bitcoin price)","""2026-09-27""",CC BY 4.0,https://creativecommons.org/licenses/by/4.0/,Luca Valente,"CC BY 4.0 applies to the original compilation and editorial work by Luca Valente. Underlying third-party data retain their source terms, including Coin Metrics CC BY-NC 4.0 where indicated; this export does not replace those terms."
macro_x_crypto,2026-10-05,/blocchi/0/serie/0/punti/10/0,"""2025-12-08""","FRED (BAMLC0A4CBBBEY); FRED (DFII10); FRED (DTWEXBGS); FRED (NASDAQCOM); FRED (SP500); FRED (T10Y2Y); DefiLlama (value locked, stablecoins, fees); Coin Metrics Community Data (Bitcoin price)","""2026-09-27""",CC BY 4.0,https://creativecommons.org/licenses/by/4.0/,Luca Valente,"CC BY 4.0 applies to the original compilation and editorial work by Luca Valente. Underlying third-party data retain their source terms, including Coin Metrics CC BY-NC 4.0 where indicated; this export does not replace those terms."
macro_x_crypto,2026-10-05,/blocchi/0/serie/0/punti/10/1,-0.107,"FRED (BAMLC0A4CBBBEY); FRED (DFII10); FRED (DTWEXBGS); FRED (NASDAQCOM); FRED (SP500); FRED (T10Y2Y); DefiLlama (value locked, stablecoins, fees); Coin Metrics Community Data (Bitcoin price)","""2026-09-27""",CC BY 4.0,https://creativecommons.org/licenses/by/4.0/,Luca Valente,"CC BY 4.0 applies to the original compilation and editorial work by Luca Valente. Underlying third-party data retain their source terms, including Coin Metrics CC BY-NC 4.0 where indicated; this export does not replace those terms."
macro_x_crypto,2026-10-05,/blocchi/0/serie/0/punti/11/0,"""2025-12-15""","FRED (BAMLC0A4CBBBEY); FRED (DFII10); FRED (DTWEXBGS); FRED (NASDAQCOM); FRED (SP500); FRED (T10Y2Y); DefiLlama (value locked, stablecoins, fees); Coin Metrics Community Data (Bitcoin price)","""2026-09-27""",CC BY 4.0,https://creativecommons.org/licenses/by/4.0/,Luca Valente,"CC BY 4.0 applies to the original compilation and editorial work by Luca Valente. Underlying third-party data retain their source terms, including Coin Metrics CC BY-NC 4.0 where indicated; this export does not replace those terms."
macro_x_crypto,2026-10-05,/blocchi/0/serie/0/punti/11/1,-0.149,"FRED (BAMLC0A4CBBBEY); FRED (DFII10); FRED (DTWEXBGS); FRED (NASDAQCOM); FRED (SP500); FRED (T10Y2Y); DefiLlama (value locked, stablecoins, fees); Coin Metrics Community Data (Bitcoin price)","""2026-09-27""",CC BY 4.0,https://creativecommons.org/licenses/by/4.0/,Luca Valente,"CC BY 4.0 applies to the original compilation and editorial work by Luca Valente. Underlying third-party data retain their source terms, including Coin Metrics CC BY-NC 4.0 where indicated; this export does not replace those terms."
macro_x_crypto,2026-10-05,/blocchi/0/serie/0/punti/12/0,"""2025-12-22""","FRED (BAMLC0A4CBBBEY); FRED (DFII10); FRED (DTWEXBGS); FRED (NASDAQCOM); FRED (SP500); FRED (T10Y2Y); DefiLlama (value locked, stablecoins, fees); Coin Metrics Community Data (Bitcoin price)","""2026-09-27""",CC BY 4.0,https://creativecommons.org/licenses/by/4.0/,Luca Valente,"CC BY 4.0 applies to the original compilation and editorial work by Luca Valente. Underlying third-party data retain their source terms, including Coin Metrics CC BY-NC 4.0 where indicated; this export does not replace those terms."
macro_x_crypto,2026-10-05,/blocchi/0/serie/0/punti/12/1,-0.15,"FRED (BAMLC0A4CBBBEY); FRED (DFII10); FRED (DTWEXBGS); FRED (NASDAQCOM); FRED (SP500); FRED (T10Y2Y); DefiLlama (value locked, stablecoins, fees); Coin Metrics Community Data (Bitcoin price)","""2026-09-27""",CC BY 4.0,https://creativecommons.org/licenses/by/4.0/,Luca Valente,"CC BY 4.0 applies to the original compilation and editorial work by Luca Valente. Underlying third-party data retain their source terms, including Coin Metrics CC BY-NC 4.0 where indicated; this export does not replace those terms."
macro_x_crypto,2026-10-05,/blocchi/0/serie/0/punti/13/0,"""2025-12-29""","FRED (BAMLC0A4CBBBEY); FRED (DFII10); FRED (DTWEXBGS); FRED (NASDAQCOM); FRED (SP500); FRED (T10Y2Y); DefiLlama (value locked, stablecoins, fees); Coin Metrics Community Data (Bitcoin price)","""2026-09-27""",CC BY 4.0,https://creativecommons.org/licenses/by/4.0/,Luca Valente,"CC BY 4.0 applies to the original compilation and editorial work by Luca Valente. Underlying third-party data retain their source terms, including Coin Metrics CC BY-NC 4.0 where indicated; this export does not replace those terms."
macro_x_crypto,2026-10-05,/blocchi/0/serie/0/punti/13/1,0.003,"FRED (BAMLC0A4CBBBEY); FRED (DFII10); FRED (DTWEXBGS); FRED (NASDAQCOM); FRED (SP500); FRED (T10Y2Y); DefiLlama (value locked, stablecoins, fees); Coin Metrics Community Data (Bitcoin price)","""2026-09-27""",CC BY 4.0,https://creativecommons.org/licenses/by/4.0/,Luca Valente,"CC BY 4.0 applies to the original compilation and editorial work by Luca Valente. Underlying third-party data retain their source terms, including Coin Metrics CC BY-NC 4.0 where indicated; this export does not replace those terms."
macro_x_crypto,2026-10-05,/blocchi/0/serie/0/punti/14/0,"""2026-01-05""","FRED (BAMLC0A4CBBBEY); FRED (DFII10); FRED (DTWEXBGS); FRED (NASDAQCOM); FRED (SP500); FRED (T10Y2Y); DefiLlama (value locked, stablecoins, fees); Coin Metrics Community Data (Bitcoin price)","""2026-09-27""",CC BY 4.0,https://creativecommons.org/licenses/by/4.0/,Luca Valente,"CC BY 4.0 applies to the original compilation and editorial work by Luca Valente. Underlying third-party data retain their source terms, including Coin Metrics CC BY-NC 4.0 where indicated; this export does not replace those terms."
macro_x_crypto,2026-10-05,/blocchi/0/serie/0/punti/14/1,-0.147,"FRED (BAMLC0A4CBBBEY); FRED (DFII10); FRED (DTWEXBGS); FRED (NASDAQCOM); FRED (SP500); FRED (T10Y2Y); DefiLlama (value locked, stablecoins, fees); Coin Metrics Community Data (Bitcoin price)","""2026-09-27""",CC BY 4.0,https://creativecommons.org/licenses/by/4.0/,Luca Valente,"CC BY 4.0 applies to the original compilation and editorial work by Luca Valente. Underlying third-party data retain their source terms, including Coin Metrics CC BY-NC 4.0 where indicated; this export does not replace those terms."
macro_x_crypto,2026-10-05,/blocchi/0/serie/0/punti/15/0,"""2026-01-12""","FRED (BAMLC0A4CBBBEY); FRED (DFII10); FRED (DTWEXBGS); FRED (NASDAQCOM); FRED (SP500); FRED (T10Y2Y); DefiLlama (value locked, stablecoins, fees); Coin Metrics Community Data (Bitcoin price)","""2026-09-27""",CC BY 4.0,https://creativecommons.org/licenses/by/4.0/,Luca Valente,"CC BY 4.0 applies to the original compilation and editorial work by Luca Valente. Underlying third-party data retain their source terms, including Coin Metrics CC BY-NC 4.0 where indicated; this export does not replace those terms."
macro_x_crypto,2026-10-05,/blocchi/0/serie/0/punti/15/1,-0.169,"FRED (BAMLC0A4CBBBEY); FRED (DFII10); FRED (DTWEXBGS); FRED (NASDAQCOM); FRED (SP500); FRED (T10Y2Y); DefiLlama (value locked, stablecoins, fees); Coin Metrics Community Data (Bitcoin price)","""2026-09-27""",CC BY 4.0,https://creativecommons.org/licenses/by/4.0/,Luca Valente,"CC BY 4.0 applies to the original compilation and editorial work by Luca Valente. Underlying third-party data retain their source terms, including Coin Metrics CC BY-NC 4.0 where indicated; this export does not replace those terms."
macro_x_crypto,2026-10-05,/blocchi/0/serie/0/punti/16/0,"""2026-01-19""","FRED (BAMLC0A4CBBBEY); FRED (DFII10); FRED (DTWEXBGS); FRED (NASDAQCOM); FRED (SP500); FRED (T10Y2Y); DefiLlama (value locked, stablecoins, fees); Coin Metrics Community Data (Bitcoin price)","""2026-09-27""",CC BY 4.0,https://creativecommons.org/licenses/by/4.0/,Luca Valente,"CC BY 4.0 applies to the original compilation and editorial work by Luca Valente. Underlying third-party data retain their source terms, including Coin Metrics CC BY-NC 4.0 where indicated; this export does not replace those terms."
macro_x_crypto,2026-10-05,/blocchi/0/serie/0/punti/16/1,-0.07,"FRED (BAMLC0A4CBBBEY); FRED (DFII10); FRED (DTWEXBGS); FRED (NASDAQCOM); FRED (SP500); FRED (T10Y2Y); DefiLlama (value locked, stablecoins, fees); Coin Metrics Community Data (Bitcoin price)","""2026-09-27""",CC BY 4.0,https://creativecommons.org/licenses/by/4.0/,Luca Valente,"CC BY 4.0 applies to the original compilation and editorial work by Luca Valente. Underlying third-party data retain their source terms, including Coin Metrics CC BY-NC 4.0 where indicated; this export does not replace those terms."
macro_x_crypto,2026-10-05,/blocchi/0/serie/0/punti/17/0,"""2026-01-26""","FRED (BAMLC0A4CBBBEY); FRED (DFII10); FRED (DTWEXBGS); FRED (NASDAQCOM); FRED (SP500); FRED (T10Y2Y); DefiLlama (value locked, stablecoins, fees); Coin Metrics Community Data (Bitcoin price)","""2026-09-27""",CC BY 4.0,https://creativecommons.org/licenses/by/4.0/,Luca Valente,"CC BY 4.0 applies to the original compilation and editorial work by Luca Valente. Underlying third-party data retain their source terms, including Coin Metrics CC BY-NC 4.0 where indicated; this export does not replace those terms."
macro_x_crypto,2026-10-05,/blocchi/0/serie/0/punti/17/1,0.079,"FRED (BAMLC0A4CBBBEY); FRED (DFII10); FRED (DTWEXBGS); FRED (NASDAQCOM); FRED (SP500); FRED (T10Y2Y); DefiLlama (value locked, stablecoins, fees); Coin Metrics Community Data (Bitcoin price)","""2026-09-27""",CC BY 4.0,https://creativecommons.org/licenses/by/4.0/,Luca Valente,"CC BY 4.0 applies to the original compilation and editorial work by Luca Valente. Underlying third-party data retain their source terms, including Coin Metrics CC BY-NC 4.0 where indicated; this export does not replace those terms."
macro_x_crypto,2026-10-05,/blocchi/0/serie/0/punti/18/0,"""2026-02-02""","FRED (BAMLC0A4CBBBEY); FRED (DFII10); FRED (DTWEXBGS); FRED (NASDAQCOM); FRED (SP500); FRED (T10Y2Y); DefiLlama (value locked, stablecoins, fees); Coin Metrics Community Data (Bitcoin price)","""2026-09-27""",CC BY 4.0,https://creativecommons.org/licenses/by/4.0/,Luca Valente,"CC BY 4.0 applies to the original compilation and editorial work by Luca Valente. Underlying third-party data retain their source terms, including Coin Metrics CC BY-NC 4.0 where indicated; this export does not replace those terms."
macro_x_crypto,2026-10-05,/blocchi/0/serie/0/punti/18/1,0.143,"FRED (BAMLC0A4CBBBEY); FRED (DFII10); FRED (DTWEXBGS); FRED (NASDAQCOM); FRED (SP500); FRED (T10Y2Y); DefiLlama (value locked, stablecoins, fees); Coin Metrics Community Data (Bitcoin price)","""2026-09-27""",CC BY 4.0,https://creativecommons.org/licenses/by/4.0/,Luca Valente,"CC BY 4.0 applies to the original compilation and editorial work by Luca Valente. Underlying third-party data retain their source terms, including Coin Metrics CC BY-NC 4.0 where indicated; this export does not replace those terms."
macro_x_crypto,2026-10-05,/blocchi/0/serie/0/punti/19/0,"""2026-02-09""","FRED (BAMLC0A4CBBBEY); FRED (DFII10); FRED (DTWEXBGS); FRED (NASDAQCOM); FRED (SP500); FRED (T10Y2Y); DefiLlama (value locked, stablecoins, fees); Coin Metrics Community Data (Bitcoin price)","""2026-09-27""",CC BY 4.0,https://creativecommons.org/licenses/by/4.0/,Luca Valente,"CC BY 4.0 applies to the original compilation and editorial work by Luca Valente. Underlying third-party data retain their source terms, including Coin Metrics CC BY-NC 4.0 where indicated; this export does not replace those terms."
macro_x_crypto,2026-10-05,/blocchi/0/serie/0/punti/19/1,0.202,"FRED (BAMLC0A4CBBBEY); FRED (DFII10); FRED (DTWEXBGS); FRED (NASDAQCOM); FRED (SP500); FRED (T10Y2Y); DefiLlama (value locked, stablecoins, fees); Coin Metrics Community Data (Bitcoin price)","""2026-09-27""",CC BY 4.0,https://creativecommons.org/licenses/by/4.0/,Luca Valente,"CC BY 4.0 applies to the original compilation and editorial work by Luca Valente. Underlying third-party data retain their source terms, including Coin Metrics CC BY-NC 4.0 where indicated; this export does not replace those terms."
macro_x_crypto,2026-10-05,/blocchi/0/serie/0/punti/20/0,"""2026-02-16""","FRED (BAMLC0A4CBBBEY); FRED (DFII10); FRED (DTWEXBGS); FRED (NASDAQCOM); FRED (SP500); FRED (T10Y2Y); DefiLlama (value locked, stablecoins, fees); Coin Metrics Community Data (Bitcoin price)","""2026-09-27""",CC BY 4.0,https://creativecommons.org/licenses/by/4.0/,Luca Valente,"CC BY 4.0 applies to the original compilation and editorial work by Luca Valente. Underlying third-party data retain their source terms, including Coin Metrics CC BY-NC 4.0 where indicated; this export does not replace those terms."
macro_x_crypto,2026-10-05,/blocchi/0/serie/0/punti/20/1,0.149,"FRED (BAMLC0A4CBBBEY); FRED (DFII10); FRED (DTWEXBGS); FRED (NASDAQCOM); FRED (SP500); FRED (T10Y2Y); DefiLlama (value locked, stablecoins, fees); Coin Metrics Community Data (Bitcoin price)","""2026-09-27""",CC BY 4.0,https://creativecommons.org/licenses/by/4.0/,Luca Valente,"CC BY 4.0 applies to the original compilation and editorial work by Luca Valente. Underlying third-party data retain their source terms, including Coin Metrics CC BY-NC 4.0 where indicated; this export does not replace those terms."
macro_x_crypto,2026-10-05,/blocchi/0/serie/0/punti/21/0,"""2026-02-23""","FRED (BAMLC0A4CBBBEY); FRED (DFII10); FRED (DTWEXBGS); FRED (NASDAQCOM); FRED (SP500); FRED (T10Y2Y); DefiLlama (value locked, stablecoins, fees); Coin Metrics Community Data (Bitcoin price)","""2026-09-27""",CC BY 4.0,https://creativecommons.org/licenses/by/4.0/,Luca Valente,"CC BY 4.0 applies to the original compilation and editorial work by Luca Valente. Underlying third-party data retain their source terms, including Coin Metrics CC BY-NC 4.0 where indicated; this export does not replace those terms."
macro_x_crypto,2026-10-05,/blocchi/0/serie/0/punti/21/1,0.218,"FRED (BAMLC0A4CBBBEY); FRED (DFII10); FRED (DTWEXBGS); FRED (NASDAQCOM); FRED (SP500); FRED (T10Y2Y); DefiLlama (value locked, stablecoins, fees); Coin Metrics Community Data (Bitcoin price)","""2026-09-27""",CC BY 4.0,https://creativecommons.org/licenses/by/4.0/,Luca Valente,"CC BY 4.0 applies to the original compilation and editorial work by Luca Valente. Underlying third-party data retain their source terms, including Coin Metrics CC BY-NC 4.0 where indicated; this export does not replace those terms."
macro_x_crypto,2026-10-05,/blocchi/0/serie/0/punti/22/0,"""2026-03-02""","FRED (BAMLC0A4CBBBEY); FRED (DFII10); FRED (DTWEXBGS); FRED (NASDAQCOM); FRED (SP500); FRED (T10Y2Y); DefiLlama (value locked, stablecoins, fees); Coin Metrics Community Data (Bitcoin price)","""2026-09-27""",CC BY 4.0,https://creativecommons.org/licenses/by/4.0/,Luca Valente,"CC BY 4.0 applies to the original compilation and editorial work by Luca Valente. Underlying third-party data retain their source terms, including Coin Metrics CC BY-NC 4.0 where indicated; this export does not replace those terms."
macro_x_crypto,2026-10-05,/blocchi/0/serie/0/punti/22/1,0.254,"FRED (BAMLC0A4CBBBEY); FRED (DFII10); FRED (DTWEXBGS); FRED (NASDAQCOM); FRED (SP500); FRED (T10Y2Y); DefiLlama (value locked, stablecoins, fees); Coin Metrics Community Data (Bitcoin price)","""2026-09-27""",CC BY 4.0,https://creativecommons.org/licenses/by/4.0/,Luca Valente,"CC BY 4.0 applies to the original compilation and editorial work by Luca Valente. Underlying third-party data retain their source terms, including Coin Metrics CC BY-NC 4.0 where indicated; this export does not replace those terms."
macro_x_crypto,2026-10-05,/blocchi/0/serie/0/punti/23/0,"""2026-03-09""","FRED (BAMLC0A4CBBBEY); FRED (DFII10); FRED (DTWEXBGS); FRED (NASDAQCOM); FRED (SP500); FRED (T10Y2Y); DefiLlama (value locked, stablecoins, fees); Coin Metrics Community Data (Bitcoin price)","""2026-09-27""",CC BY 4.0,https://creativecommons.org/licenses/by/4.0/,Luca Valente,"CC BY 4.0 applies to the original compilation and editorial work by Luca Valente. Underlying third-party data retain their source terms, including Coin Metrics CC BY-NC 4.0 where indicated; this export does not replace those terms."
macro_x_crypto,2026-10-05,/blocchi/0/serie/0/punti/23/1,0.515,"FRED (BAMLC0A4CBBBEY); FRED (DFII10); FRED (DTWEXBGS); FRED (NASDAQCOM); FRED (SP500); FRED (T10Y2Y); DefiLlama (value locked, stablecoins, fees); Coin Metrics Community Data (Bitcoin price)","""2026-09-27""",CC BY 4.0,https://creativecommons.org/licenses/by/4.0/,Luca Valente,"CC BY 4.0 applies to the original compilation and editorial work by Luca Valente. Underlying third-party data retain their source terms, including Coin Metrics CC BY-NC 4.0 where indicated; this export does not replace those terms."
macro_x_crypto,2026-10-05,/blocchi/0/serie/0/punti/24/0,"""2026-03-16""","FRED (BAMLC0A4CBBBEY); FRED (DFII10); FRED (DTWEXBGS); FRED (NASDAQCOM); FRED (SP500); FRED (T10Y2Y); DefiLlama (value locked, stablecoins, fees); Coin Metrics Community Data (Bitcoin price)","""2026-09-27""",CC BY 4.0,https://creativecommons.org/licenses/by/4.0/,Luca Valente,"CC BY 4.0 applies to the original compilation and editorial work by Luca Valente. Underlying third-party data retain their source terms, including Coin Metrics CC BY-NC 4.0 where indicated; this export does not replace those terms."
macro_x_crypto,2026-10-05,/blocchi/0/serie/0/punti/24/1,0.379,"FRED (BAMLC0A4CBBBEY); FRED (DFII10); FRED (DTWEXBGS); FRED (NASDAQCOM); FRED (SP500); FRED (T10Y2Y); DefiLlama (value locked, stablecoins, fees); Coin Metrics Community Data (Bitcoin price)","""2026-09-27""",CC BY 4.0,https://creativecommons.org/licenses/by/4.0/,Luca Valente,"CC BY 4.0 applies to the original compilation and editorial work by Luca Valente. Underlying third-party data retain their source terms, including Coin Metrics CC BY-NC 4.0 where indicated; this export does not replace those terms."
macro_x_crypto,2026-10-05,/blocchi/0/serie/0/punti/25/0,"""2026-03-23""","FRED (BAMLC0A4CBBBEY); FRED (DFII10); FRED (DTWEXBGS); FRED (NASDAQCOM); FRED (SP500); FRED (T10Y2Y); DefiLlama (value locked, stablecoins, fees); Coin Metrics Community Data (Bitcoin price)","""2026-09-27""",CC BY 4.0,https://creativecommons.org/licenses/by/4.0/,Luca Valente,"CC BY 4.0 applies to the original compilation and editorial work by Luca Valente. Underlying third-party data retain their source terms, including Coin Metrics CC BY-NC 4.0 where indicated; this export does not replace those terms."
macro_x_crypto,2026-10-05,/blocchi/0/serie/0/punti/25/1,0.329,"FRED (BAMLC0A4CBBBEY); FRED (DFII10); FRED (DTWEXBGS); FRED (NASDAQCOM); FRED (SP500); FRED (T10Y2Y); DefiLlama (value locked, stablecoins, fees); Coin Metrics Community Data (Bitcoin price)","""2026-09-27""",CC BY 4.0,https://creativecommons.org/licenses/by/4.0/,Luca Valente,"CC BY 4.0 applies to the original compilation and editorial work by Luca Valente. Underlying third-party data retain their source terms, including Coin Metrics CC BY-NC 4.0 where indicated; this export does not replace those terms."
macro_x_crypto,2026-10-05,/blocchi/0/serie/0/punti/26/0,"""2026-03-30""","FRED (BAMLC0A4CBBBEY); FRED (DFII10); FRED (DTWEXBGS); FRED (NASDAQCOM); FRED (SP500); FRED (T10Y2Y); DefiLlama (value locked, stablecoins, fees); Coin Metrics Community Data (Bitcoin price)","""2026-09-27""",CC BY 4.0,https://creativecommons.org/licenses/by/4.0/,Luca Valente,"CC BY 4.0 applies to the original compilation and editorial work by Luca Valente. Underlying third-party data retain their source terms, including Coin Metrics CC BY-NC 4.0 where indicated; this export does not replace those terms."
macro_x_crypto,2026-10-05,/blocchi/0/serie/0/punti/26/1,0.095,"FRED (BAMLC0A4CBBBEY); FRED (DFII10); FRED (DTWEXBGS); FRED (NASDAQCOM); FRED (SP500); FRED (T10Y2Y); DefiLlama (value locked, stablecoins, fees); Coin Metrics Community Data (Bitcoin price)","""2026-09-27""",CC BY 4.0,https://creativecommons.org/licenses/by/4.0/,Luca Valente,"CC BY 4.0 applies to the original compilation and editorial work by Luca Valente. Underlying third-party data retain their source terms, including Coin Metrics CC BY-NC 4.0 where indicated; this export does not replace those terms."
macro_x_crypto,2026-10-05,/blocchi/0/serie/0/punti/27/0,"""2026-04-06""","FRED (BAMLC0A4CBBBEY); FRED (DFII10); FRED (DTWEXBGS); FRED (NASDAQCOM); FRED (SP500); FRED (T10Y2Y); DefiLlama (value locked, stablecoins, fees); Coin Metrics Community Data (Bitcoin price)","""2026-09-27""",CC BY 4.0,https://creativecommons.org/licenses/by/4.0/,Luca Valente,"CC BY 4.0 applies to the original compilation and editorial work by Luca Valente. Underlying third-party data retain their source terms, including Coin Metrics CC BY-NC 4.0 where indicated; this export does not replace those terms."
macro_x_crypto,2026-10-05,/blocchi/0/serie/0/punti/27/1,0.07,"FRED (BAMLC0A4CBBBEY); FRED (DFII10); FRED (DTWEXBGS); FRED (NASDAQCOM); FRED (SP500); FRED (T10Y2Y); DefiLlama (value locked, stablecoins, fees); Coin Metrics Community Data (Bitcoin price)","""2026-09-27""",CC BY 4.0,https://creativecommons.org/licenses/by/4.0/,Luca Valente,"CC BY 4.0 applies to the original compilation and editorial work by Luca Valente. Underlying third-party data retain their source terms, including Coin Metrics CC BY-NC 4.0 where indicated; this export does not replace those terms."
macro_x_crypto,2026-10-05,/blocchi/0/serie/0/punti/28/0,"""2026-04-13""","FRED (BAMLC0A4CBBBEY); FRED (DFII10); FRED (DTWEXBGS); FRED (NASDAQCOM); FRED (SP500); FRED (T10Y2Y); DefiLlama (value locked, stablecoins, fees); Coin Metrics Community Data (Bitcoin price)","""2026-09-27""",CC BY 4.0,https://creativecommons.org/licenses/by/4.0/,Luca Valente,"CC BY 4.0 applies to the original compilation and editorial work by Luca Valente. Underlying third-party data retain their source terms, including Coin Metrics CC BY-NC 4.0 where indicated; this export does not replace those terms."
macro_x_crypto,2026-10-05,/blocchi/0/serie/0/punti/28/1,0.008,"FRED (BAMLC0A4CBBBEY); FRED (DFII10); FRED (DTWEXBGS); FRED (NASDAQCOM); FRED (SP500); FRED (T10Y2Y); DefiLlama (value locked, stablecoins, fees); Coin Metrics Community Data (Bitcoin price)","""2026-09-27""",CC BY 4.0,https://creativecommons.org/licenses/by/4.0/,Luca Valente,"CC BY 4.0 applies to the original compilation and editorial work by Luca Valente. Underlying third-party data retain their source terms, including Coin Metrics CC BY-NC 4.0 where indicated; this export does not replace those terms."
macro_x_crypto,2026-10-05,/blocchi/0/serie/0/punti/29/0,"""2026-04-20""","FRED (BAMLC0A4CBBBEY); FRED (DFII10); FRED (DTWEXBGS); FRED (NASDAQCOM); FRED (SP500); FRED (T10Y2Y); DefiLlama (value locked, stablecoins, fees); Coin Metrics Community Data (Bitcoin price)","""2026-09-27""",CC BY 4.0,https://creativecommons.org/licenses/by/4.0/,Luca Valente,"CC BY 4.0 applies to the original compilation and editorial work by Luca Valente. Underlying third-party data retain their source terms, including Coin Metrics CC BY-NC 4.0 where indicated; this export does not replace those terms."
macro_x_crypto,2026-10-05,/blocchi/0/serie/0/punti/29/1,0.011,"FRED (BAMLC0A4CBBBEY); FRED (DFII10); FRED (DTWEXBGS); FRED (NASDAQCOM); FRED (SP500); FRED (T10Y2Y); DefiLlama (value locked, stablecoins, fees); Coin Metrics Community Data (Bitcoin price)","""2026-09-27""",CC BY 4.0,https://creativecommons.org/licenses/by/4.0/,Luca Valente,"CC BY 4.0 applies to the original compilation and editorial work by Luca Valente. Underlying third-party data retain their source terms, including Coin Metrics CC BY-NC 4.0 where indicated; this export does not replace those terms."
macro_x_crypto,2026-10-05,/blocchi/0/serie/0/punti/30/0,"""2026-04-27""","FRED (BAMLC0A4CBBBEY); FRED (DFII10); FRED (DTWEXBGS); FRED (NASDAQCOM); FRED (SP500); FRED (T10Y2Y); DefiLlama (value locked, stablecoins, fees); Coin Metrics Community Data (Bitcoin price)","""2026-09-27""",CC BY 4.0,https://creativecommons.org/licenses/by/4.0/,Luca Valente,"CC BY 4.0 applies to the original compilation and editorial work by Luca Valente. Underlying third-party data retain their source terms, including Coin Metrics CC BY-NC 4.0 where indicated; this export does not replace those terms."
macro_x_crypto,2026-10-05,/blocchi/0/serie/0/punti/30/1,-0.027,"FRED (BAMLC0A4CBBBEY); FRED (DFII10); FRED (DTWEXBGS); FRED (NASDAQCOM); FRED (SP500); FRED (T10Y2Y); DefiLlama (value locked, stablecoins, fees); Coin Metrics Community Data (Bitcoin price)","""2026-09-27""",CC BY 4.0,https://creativecommons.org/licenses/by/4.0/,Luca Valente,"CC BY 4.0 applies to the original compilation and editorial work by Luca Valente. Underlying third-party data retain their source terms, including Coin Metrics CC BY-NC 4.0 where indicated; this export does not replace those terms."
macro_x_crypto,2026-10-05,/blocchi/0/serie/0/punti/31/0,"""2026-05-04""","FRED (BAMLC0A4CBBBEY); FRED (DFII10); FRED (DTWEXBGS); FRED (NASDAQCOM); FRED (SP500); FRED (T10Y2Y); DefiLlama (value locked, stablecoins, fees); Coin Metrics Community Data (Bitcoin price)","""2026-09-27""",CC BY 4.0,https://creativecommons.org/licenses/by/4.0/,Luca Valente,"CC BY 4.0 applies to the original compilation and editorial work by Luca Valente. Underlying third-party data retain their source terms, including Coin Metrics CC BY-NC 4.0 where indicated; this export does not replace those terms."
macro_x_crypto,2026-10-05,/blocchi/0/serie/0/punti/31/1,-0.061,"FRED (BAMLC0A4CBBBEY); FRED (DFII10); FRED (DTWEXBGS); FRED (NASDAQCOM); FRED (SP500); FRED (T10Y2Y); DefiLlama (value locked, stablecoins, fees); Coin Metrics Community Data (Bitcoin price)","""2026-09-27""",CC BY 4.0,https://creativecommons.org/licenses/by/4.0/,Luca Valente,"CC BY 4.0 applies to the original compilation and editorial work by Luca Valente. Underlying third-party data retain their source terms, including Coin Metrics CC BY-NC 4.0 where indicated; this export does not replace those terms."
macro_x_crypto,2026-10-05,/blocchi/0/serie/0/punti/32/0,"""2026-05-11""","FRED (BAMLC0A4CBBBEY); FRED (DFII10); FRED (DTWEXBGS); FRED (NASDAQCOM); FRED (SP500); FRED (T10Y2Y); DefiLlama (value locked, stablecoins, fees); Coin Metrics Community Data (Bitcoin price)","""2026-09-27""",CC BY 4.0,https://creativecommons.org/licenses/by/4.0/,Luca Valente,"CC BY 4.0 applies to the original compilation and editorial work by Luca Valente. Underlying third-party data retain their source terms, including Coin Metrics CC BY-NC 4.0 where indicated; this export does not replace those terms."
macro_x_crypto,2026-10-05,/blocchi/0/serie/0/punti/32/1,-0.357,"FRED (BAMLC0A4CBBBEY); FRED (DFII10); FRED (DTWEXBGS); FRED (NASDAQCOM); FRED (SP500); FRED (T10Y2Y); DefiLlama (value locked, stablecoins, fees); Coin Metrics Community Data (Bitcoin price)","""2026-09-27""",CC BY 4.0,https://creativecommons.org/licenses/by/4.0/,Luca Valente,"CC BY 4.0 applies to the original compilation and editorial work by Luca Valente. Underlying third-party data retain their source terms, including Coin Metrics CC BY-NC 4.0 where indicated; this export does not replace those terms."
macro_x_crypto,2026-10-05,/blocchi/0/serie/0/punti/33/0,"""2026-05-18""","FRED (BAMLC0A4CBBBEY); FRED (DFII10); FRED (DTWEXBGS); FRED (NASDAQCOM); FRED (SP500); FRED (T10Y2Y); DefiLlama (value locked, stablecoins, fees); Coin Metrics Community Data (Bitcoin price)","""2026-09-27""",CC BY 4.0,https://creativecommons.org/licenses/by/4.0/,Luca Valente,"CC BY 4.0 applies to the original compilation and editorial work by Luca Valente. Underlying third-party data retain their source terms, including Coin Metrics CC BY-NC 4.0 where indicated; this export does not replace those terms."
macro_x_crypto,2026-10-05,/blocchi/0/serie/0/punti/33/1,-0.366,"FRED (BAMLC0A4CBBBEY); FRED (DFII10); FRED (DTWEXBGS); FRED (NASDAQCOM); FRED (SP500); FRED (T10Y2Y); DefiLlama (value locked, stablecoins, fees); Coin Metrics Community Data (Bitcoin price)","""2026-09-27""",CC BY 4.0,https://creativecommons.org/licenses/by/4.0/,Luca Valente,"CC BY 4.0 applies to the original compilation and editorial work by Luca Valente. Underlying third-party data retain their source terms, including Coin Metrics CC BY-NC 4.0 where indicated; this export does not replace those terms."
macro_x_crypto,2026-10-05,/blocchi/0/serie/0/punti/34/0,"""2026-05-25""","FRED (BAMLC0A4CBBBEY); FRED (DFII10); FRED (DTWEXBGS); FRED (NASDAQCOM); FRED (SP500); FRED (T10Y2Y); DefiLlama (value locked, stablecoins, fees); Coin Metrics Community Data (Bitcoin price)","""2026-09-27""",CC BY 4.0,https://creativecommons.org/licenses/by/4.0/,Luca Valente,"CC BY 4.0 applies to the original compilation and editorial work by Luca Valente. Underlying third-party data retain their source terms, including Coin Metrics CC BY-NC 4.0 where indicated; this export does not replace those terms."
macro_x_crypto,2026-10-05,/blocchi/0/serie/0/punti/34/1,-0.307,"FRED (BAMLC0A4CBBBEY); FRED (DFII10); FRED (DTWEXBGS); FRED (NASDAQCOM); FRED (SP500); FRED (T10Y2Y); DefiLlama (value locked, stablecoins, fees); Coin Metrics Community Data (Bitcoin price)","""2026-09-27""",CC BY 4.0,https://creativecommons.org/licenses/by/4.0/,Luca Valente,"CC BY 4.0 applies to the original compilation and editorial work by Luca Valente. Underlying third-party data retain their source terms, including Coin Metrics CC BY-NC 4.0 where indicated; this export does not replace those terms."
macro_x_crypto,2026-10-05,/blocchi/0/serie/0/punti/35/0,"""2026-06-01""","FRED (BAMLC0A4CBBBEY); FRED (DFII10); FRED (DTWEXBGS); FRED (NASDAQCOM); FRED (SP500); FRED (T10Y2Y); DefiLlama (value locked, stablecoins, fees); Coin Metrics Community Data (Bitcoin price)","""2026-09-27""",CC BY 4.0,https://creativecommons.org/licenses/by/4.0/,Luca Valente,"CC BY 4.0 applies to the original compilation and editorial work by Luca Valente. Underlying third-party data retain their source terms, including Coin Metrics CC BY-NC 4.0 where indicated; this export does not replace those terms."
macro_x_crypto,2026-10-05,/blocchi/0/serie/0/punti/35/1,-0.415,"FRED (BAMLC0A4CBBBEY); FRED (DFII10); FRED (DTWEXBGS); FRED (NASDAQCOM); FRED (SP500); FRED (T10Y2Y); DefiLlama (value locked, stablecoins, fees); Coin Metrics Community Data (Bitcoin price)","""2026-09-27""",CC BY 4.0,https://creativecommons.org/licenses/by/4.0/,Luca Valente,"CC BY 4.0 applies to the original compilation and editorial work by Luca Valente. Underlying third-party data retain their source terms, including Coin Metrics CC BY-NC 4.0 where indicated; this export does not replace those terms."
macro_x_crypto,2026-10-05,/blocchi/0/serie/0/punti/36/0,"""2026-06-08""","FRED (BAMLC0A4CBBBEY); FRED (DFII10); FRED (DTWEXBGS); FRED (NASDAQCOM); FRED (SP500); FRED (T10Y2Y); DefiLlama (value locked, stablecoins, fees); Coin Metrics Community Data (Bitcoin price)","""2026-09-27""",CC BY 4.0,https://creativecommons.org/licenses/by/4.0/,Luca Valente,"CC BY 4.0 applies to the original compilation and editorial work by Luca Valente. Underlying third-party data retain their source terms, including Coin Metrics CC BY-NC 4.0 where indicated; this export does not replace those terms."
macro_x_crypto,2026-10-05,/blocchi/0/serie/0/punti/36/1,-0.638,"FRED (BAMLC0A4CBBBEY); FRED (DFII10); FRED (DTWEXBGS); FRED (NASDAQCOM); FRED (SP500); FRED (T10Y2Y); DefiLlama (value locked, stablecoins, fees); Coin Metrics Community Data (Bitcoin price)","""2026-09-27""",CC BY 4.0,https://creativecommons.org/licenses/by/4.0/,Luca Valente,"CC BY 4.0 applies to the original compilation and editorial work by Luca Valente. Underlying third-party data retain their source terms, including Coin Metrics CC BY-NC 4.0 where indicated; this export does not replace those terms."
macro_x_crypto,2026-10-05,/blocchi/0/serie/0/punti/37/0,"""2026-06-15""","FRED (BAMLC0A4CBBBEY); FRED (DFII10); FRED (DTWEXBGS); FRED (NASDAQCOM); FRED (SP500); FRED (T10Y2Y); DefiLlama (value locked, stablecoins, fees); Coin Metrics Community Data (Bitcoin price)","""2026-09-27""",CC BY 4.0,https://creativecommons.org/licenses/by/4.0/,Luca Valente,"CC BY 4.0 applies to the original compilation and editorial work by Luca Valente. Underlying third-party data retain their source terms, including Coin Metrics CC BY-NC 4.0 where indicated; this export does not replace those terms."
macro_x_crypto,2026-10-05,/blocchi/0/serie/0/punti/37/1,-0.616,"FRED (BAMLC0A4CBBBEY); FRED (DFII10); FRED (DTWEXBGS); FRED (NASDAQCOM); FRED (SP500); FRED (T10Y2Y); DefiLlama (value locked, stablecoins, fees); Coin Metrics Community Data (Bitcoin price)","""2026-09-27""",CC BY 4.0,https://creativecommons.org/licenses/by/4.0/,Luca Valente,"CC BY 4.0 applies to the original compilation and editorial work by Luca Valente. Underlying third-party data retain their source terms, including Coin Metrics CC BY-NC 4.0 where indicated; this export does not replace those terms."
macro_x_crypto,2026-10-05,/blocchi/0/serie/0/punti/38/0,"""2026-06-22""","FRED (BAMLC0A4CBBBEY); FRED (DFII10); FRED (DTWEXBGS); FRED (NASDAQCOM); FRED (SP500); FRED (T10Y2Y); DefiLlama (value locked, stablecoins, fees); Coin Metrics Community Data (Bitcoin price)","""2026-09-27""",CC BY 4.0,https://creativecommons.org/licenses/by/4.0/,Luca Valente,"CC BY 4.0 applies to the original compilation and editorial work by Luca Valente. Underlying third-party data retain their source terms, including Coin Metrics CC BY-NC 4.0 where indicated; this export does not replace those terms."
macro_x_crypto,2026-10-05,/blocchi/0/serie/0/punti/38/1,-0.556,"FRED (BAMLC0A4CBBBEY); FRED (DFII10); FRED (DTWEXBGS); FRED (NASDAQCOM); FRED (SP500); FRED (T10Y2Y); DefiLlama (value locked, stablecoins, fees); Coin Metrics Community Data (Bitcoin price)","""2026-09-27""",CC BY 4.0,https://creativecommons.org/licenses/by/4.0/,Luca Valente,"CC BY 4.0 applies to the original compilation and editorial work by Luca Valente. Underlying third-party data retain their source terms, including Coin Metrics CC BY-NC 4.0 where indicated; this export does not replace those terms."
macro_x_crypto,2026-10-05,/blocchi/0/serie/0/punti/39/0,"""2026-06-29""","FRED (BAMLC0A4CBBBEY); FRED (DFII10); FRED (DTWEXBGS); FRED (NASDAQCOM); FRED (SP500); FRED (T10Y2Y); DefiLlama (value locked, stablecoins, fees); Coin Metrics Community Data (Bitcoin price)","""2026-09-27""",CC BY 4.0,https://creativecommons.org/licenses/by/4.0/,Luca Valente,"CC BY 4.0 applies to the original compilation and editorial work by Luca Valente. Underlying third-party data retain their source terms, including Coin Metrics CC BY-NC 4.0 where indicated; this export does not replace those terms."
macro_x_crypto,2026-10-05,/blocchi/0/serie/0/punti/39/1,-0.382,"FRED (BAMLC0A4CBBBEY); FRED (DFII10); FRED (DTWEXBGS); FRED (NASDAQCOM); FRED (SP500); FRED (T10Y2Y); DefiLlama (value locked, stablecoins, fees); Coin Metrics Community Data (Bitcoin price)","""2026-09-27""",CC BY 4.0,https://creativecommons.org/licenses/by/4.0/,Luca Valente,"CC BY 4.0 applies to the original compilation and editorial work by Luca Valente. Underlying third-party data retain their source terms, including Coin Metrics CC BY-NC 4.0 where indicated; this export does not replace those terms."
macro_x_crypto,2026-10-05,/blocchi/0/serie/0/punti/40/0,"""2026-07-06""","FRED (BAMLC0A4CBBBEY); FRED (DFII10); FRED (DTWEXBGS); FRED (NASDAQCOM); FRED (SP500); FRED (T10Y2Y); DefiLlama (value locked, stablecoins, fees); Coin Metrics Community Data (Bitcoin price)","""2026-09-27""",CC BY 4.0,https://creativecommons.org/licenses/by/4.0/,Luca Valente,"CC BY 4.0 applies to the original compilation and editorial work by Luca Valente. Underlying third-party data retain their source terms, including Coin Metrics CC BY-NC 4.0 where indicated; this export does not replace those terms."
macro_x_crypto,2026-10-05,/blocchi/0/serie/0/punti/40/1,-0.35,"FRED (BAMLC0A4CBBBEY); FRED (DFII10); FRED (DTWEXBGS); FRED (NASDAQCOM); FRED (SP500); FRED (T10Y2Y); DefiLlama (value locked, stablecoins, fees); Coin Metrics Community Data (Bitcoin price)","""2026-09-27""",CC BY 4.0,https://creativecommons.org/licenses/by/4.0/,Luca Valente,"CC BY 4.0 applies to the original compilation and editorial work by Luca Valente. Underlying third-party data retain their source terms, including Coin Metrics CC BY-NC 4.0 where indicated; this export does not replace those terms."
macro_x_crypto,2026-10-05,/blocchi/0/serie/0/punti/41/0,"""2026-07-13""","FRED (BAMLC0A4CBBBEY); FRED (DFII10); FRED (DTWEXBGS); FRED (NASDAQCOM); FRED (SP500); FRED (T10Y2Y); DefiLlama (value locked, stablecoins, fees); Coin Metrics Community Data (Bitcoin price)","""2026-09-27""",CC BY 4.0,https://creativecommons.org/licenses/by/4.0/,Luca Valente,"CC BY 4.0 applies to the original compilation and editorial work by Luca Valente. Underlying third-party data retain their source terms, including Coin Metrics CC BY-NC 4.0 where indicated; this export does not replace those terms."
macro_x_crypto,2026-10-05,/blocchi/0/serie/0/punti/41/1,-0.307,"FRED (BAMLC0A4CBBBEY); FRED (DFII10); FRED (DTWEXBGS); FRED (NASDAQCOM); FRED (SP500); FRED (T10Y2Y); DefiLlama (value locked, stablecoins, fees); Coin Metrics Community Data (Bitcoin price)","""2026-09-27""",CC BY 4.0,https://creativecommons.org/licenses/by/4.0/,Luca Valente,"CC BY 4.0 applies to the original compilation and editorial work by Luca Valente. Underlying third-party data retain their source terms, including Coin Metrics CC BY-NC 4.0 where indicated; this export does not replace those terms."
macro_x_crypto,2026-10-05,/blocchi/0/serie/0/punti/42/0,"""2026-07-20""","FRED (BAMLC0A4CBBBEY); FRED (DFII10); FRED (DTWEXBGS); FRED (NASDAQCOM); FRED (SP500); FRED (T10Y2Y); DefiLlama (value locked, stablecoins, fees); Coin Metrics Community Data (Bitcoin price)","""2026-09-27""",CC BY 4.0,https://creativecommons.org/licenses/by/4.0/,Luca Valente,"CC BY 4.0 applies to the original compilation and editorial work by Luca Valente. Underlying third-party data retain their source terms, including Coin Metrics CC BY-NC 4.0 where indicated; this export does not replace those terms."
macro_x_crypto,2026-10-05,/blocchi/0/serie/0/punti/42/1,-0.204,"FRED (BAMLC0A4CBBBEY); FRED (DFII10); FRED (DTWEXBGS); FRED (NASDAQCOM); FRED (SP500); FRED (T10Y2Y); DefiLlama (value locked, stablecoins, fees); Coin Metrics Community Data (Bitcoin price)","""2026-09-27""",CC BY 4.0,https://creativecommons.org/licenses/by/4.0/,Luca Valente,"CC BY 4.0 applies to the original compilation and editorial work by Luca Valente. Underlying third-party data retain their source terms, including Coin Metrics CC BY-NC 4.0 where indicated; this export does not replace those terms."
macro_x_crypto,2026-10-05,/blocchi/0/serie/0/punti/43/0,"""2026-07-27""","FRED (BAMLC0A4CBBBEY); FRED (DFII10); FRED (DTWEXBGS); FRED (NASDAQCOM); FRED (SP500); FRED (T10Y2Y); DefiLlama (value locked, stablecoins, fees); Coin Metrics Community Data (Bitcoin price)","""2026-09-27""",CC BY 4.0,https://creativecommons.org/licenses/by/4.0/,Luca Valente,"CC BY 4.0 applies to the original compilation and editorial work by Luca Valente. Underlying third-party data retain their source terms, including Coin Metrics CC BY-NC 4.0 where indicated; this export does not replace those terms."
macro_x_crypto,2026-10-05,/blocchi/0/serie/0/punti/43/1,-0.197,"FRED (BAMLC0A4CBBBEY); FRED (DFII10); FRED (DTWEXBGS); FRED (NASDAQCOM); FRED (SP500); FRED (T10Y2Y); DefiLlama (value locked, stablecoins, fees); Coin Metrics Community Data (Bitcoin price)","""2026-09-27""",CC BY 4.0,https://creativecommons.org/licenses/by/4.0/,Luca Valente,"CC BY 4.0 applies to the original compilation and editorial work by Luca Valente. Underlying third-party data retain their source terms, including Coin Metrics CC BY-NC 4.0 where indicated; this export does not replace those terms."
macro_x_crypto,2026-10-05,/blocchi/0/serie/0/punti/44/0,"""2026-08-03""","FRED (BAMLC0A4CBBBEY); FRED (DFII10); FRED (DTWEXBGS); FRED (NASDAQCOM); FRED (SP500); FRED (T10Y2Y); DefiLlama (value locked, stablecoins, fees); Coin Metrics Community Data (Bitcoin price)","""2026-09-27""",CC BY 4.0,https://creativecommons.org/licenses/by/4.0/,Luca Valente,"CC BY 4.0 applies to the original compilation and editorial work by Luca Valente. Underlying third-party data retain their source terms, including Coin Metrics CC BY-NC 4.0 where indicated; this export does not replace those terms."
macro_x_crypto,2026-10-05,/blocchi/0/serie/0/punti/44/1,-0.246,"FRED (BAMLC0A4CBBBEY); FRED (DFII10); FRED (DTWEXBGS); FRED (NASDAQCOM); FRED (SP500); FRED (T10Y2Y); DefiLlama (value locked, stablecoins, fees); Coin Metrics Community Data (Bitcoin price)","""2026-09-27""",CC BY 4.0,https://creativecommons.org/licenses/by/4.0/,Luca Valente,"CC BY 4.0 applies to the original compilation and editorial work by Luca Valente. Underlying third-party data retain their source terms, including Coin Metrics CC BY-NC 4.0 where indicated; this export does not replace those terms."
macro_x_crypto,2026-10-05,/blocchi/0/serie/0/punti/45/0,"""2026-08-10""","FRED (BAMLC0A4CBBBEY); FRED (DFII10); FRED (DTWEXBGS); FRED (NASDAQCOM); FRED (SP500); FRED (T10Y2Y); DefiLlama (value locked, stablecoins, fees); Coin Metrics Community Data (Bitcoin price)","""2026-09-27""",CC BY 4.0,https://creativecommons.org/licenses/by/4.0/,Luca Valente,"CC BY 4.0 applies to the original compilation and editorial work by Luca Valente. Underlying third-party data retain their source terms, including Coin Metrics CC BY-NC 4.0 where indicated; this export does not replace those terms."
macro_x_crypto,2026-10-05,/blocchi/0/serie/0/punti/45/1,-0.15,"FRED (BAMLC0A4CBBBEY); FRED (DFII10); FRED (DTWEXBGS); FRED (NASDAQCOM); FRED (SP500); FRED (T10Y2Y); DefiLlama (value locked, stablecoins, fees); Coin Metrics Community Data (Bitcoin price)","""2026-09-27""",CC BY 4.0,https://creativecommons.org/licenses/by/4.0/,Luca Valente,"CC BY 4.0 applies to the original compilation and editorial work by Luca Valente. Underlying third-party data retain their source terms, including Coin Metrics CC BY-NC 4.0 where indicated; this export does not replace those terms."
macro_x_crypto,2026-10-05,/blocchi/0/serie/0/punti/46/0,"""2026-08-17""","FRED (BAMLC0A4CBBBEY); FRED (DFII10); FRED (DTWEXBGS); FRED (NASDAQCOM); FRED (SP500); FRED (T10Y2Y); DefiLlama (value locked, stablecoins, fees); Coin Metrics Community Data (Bitcoin price)","""2026-09-27""",CC BY 4.0,https://creativecommons.org/licenses/by/4.0/,Luca Valente,"CC BY 4.0 applies to the original compilation and editorial work by Luca Valente. Underlying third-party data retain their source terms, including Coin Metrics CC BY-NC 4.0 where indicated; this export does not replace those terms."
macro_x_crypto,2026-10-05,/blocchi/0/serie/0/punti/46/1,-0.202,"FRED (BAMLC0A4CBBBEY); FRED (DFII10); FRED (DTWEXBGS); FRED (NASDAQCOM); FRED (SP500); FRED (T10Y2Y); DefiLlama (value locked, stablecoins, fees); Coin Metrics Community Data (Bitcoin price)","""2026-09-27""",CC BY 4.0,https://creativecommons.org/licenses/by/4.0/,Luca Valente,"CC BY 4.0 applies to the original compilation and editorial work by Luca Valente. Underlying third-party data retain their source terms, including Coin Metrics CC BY-NC 4.0 where indicated; this export does not replace those terms."
macro_x_crypto,2026-10-05,/blocchi/0/serie/0/punti/47/0,"""2026-08-24""","FRED (BAMLC0A4CBBBEY); FRED (DFII10); FRED (DTWEXBGS); FRED (NASDAQCOM); FRED (SP500); FRED (T10Y2Y); DefiLlama (value locked, stablecoins, fees); Coin Metrics Community Data (Bitcoin price)","""2026-09-27""",CC BY 4.0,https://creativecommons.org/licenses/by/4.0/,Luca Valente,"CC BY 4.0 applies to the original compilation and editorial work by Luca Valente. Underlying third-party data retain their source terms, including Coin Metrics CC BY-NC 4.0 where indicated; this export does not replace those terms."
macro_x_crypto,2026-10-05,/blocchi/0/serie/0/punti/47/1,-0.329,"FRED (BAMLC0A4CBBBEY); FRED (DFII10); FRED (DTWEXBGS); FRED (NASDAQCOM); FRED (SP500); FRED (T10Y2Y); DefiLlama (value locked, stablecoins, fees); Coin Metrics Community Data (Bitcoin price)","""2026-09-27""",CC BY 4.0,https://creativecommons.org/licenses/by/4.0/,Luca Valente,"CC BY 4.0 applies to the original compilation and editorial work by Luca Valente. Underlying third-party data retain their source terms, including Coin Metrics CC BY-NC 4.0 where indicated; this export does not replace those terms."
macro_x_crypto,2026-10-05,/blocchi/0/serie/0/punti/48/0,"""2026-08-31""","FRED (BAMLC0A4CBBBEY); FRED (DFII10); FRED (DTWEXBGS); FRED (NASDAQCOM); FRED (SP500); FRED (T10Y2Y); DefiLlama (value locked, stablecoins, fees); Coin Metrics Community Data (Bitcoin price)","""2026-09-27""",CC BY 4.0,https://creativecommons.org/licenses/by/4.0/,Luca Valente,"CC BY 4.0 applies to the original compilation and editorial work by Luca Valente. Underlying third-party data retain their source terms, including Coin Metrics CC BY-NC 4.0 where indicated; this export does not replace those terms."
macro_x_crypto,2026-10-05,/blocchi/0/serie/0/punti/48/1,-0.072,"FRED (BAMLC0A4CBBBEY); FRED (DFII10); FRED (DTWEXBGS); FRED (NASDAQCOM); FRED (SP500); FRED (T10Y2Y); DefiLlama (value locked, stablecoins, fees); Coin Metrics Community Data (Bitcoin price)","""2026-09-27""",CC BY 4.0,https://creativecommons.org/licenses/by/4.0/,Luca Valente,"CC BY 4.0 applies to the original compilation and editorial work by Luca Valente. Underlying third-party data retain their source terms, including Coin Metrics CC BY-NC 4.0 where indicated; this export does not replace those terms."
macro_x_crypto,2026-10-05,/blocchi/0/serie/0/punti/49/0,"""2026-09-07""","FRED (BAMLC0A4CBBBEY); FRED (DFII10); FRED (DTWEXBGS); FRED (NASDAQCOM); FRED (SP500); FRED (T10Y2Y); DefiLlama (value locked, stablecoins, fees); Coin Metrics Community Data (Bitcoin price)","""2026-09-27""",CC BY 4.0,https://creativecommons.org/licenses/by/4.0/,Luca Valente,"CC BY 4.0 applies to the original compilation and editorial work by Luca Valente. Underlying third-party data retain their source terms, including Coin Metrics CC BY-NC 4.0 where indicated; this export does not replace those terms."
macro_x_crypto,2026-10-05,/blocchi/0/serie/0/punti/49/1,-0.2,"FRED (BAMLC0A4CBBBEY); FRED (DFII10); FRED (DTWEXBGS); FRED (NASDAQCOM); FRED (SP500); FRED (T10Y2Y); DefiLlama (value locked, stablecoins, fees); Coin Metrics Community Data (Bitcoin price)","""2026-09-27""",CC BY 4.0,https://creativecommons.org/licenses/by/4.0/,Luca Valente,"CC BY 4.0 applies to the original compilation and editorial work by Luca Valente. Underlying third-party data retain their source terms, including Coin Metrics CC BY-NC 4.0 where indicated; this export does not replace those terms."
macro_x_crypto,2026-10-05,/blocchi/0/serie/0/punti/50/0,"""2026-09-14""","FRED (BAMLC0A4CBBBEY); FRED (DFII10); FRED (DTWEXBGS); FRED (NASDAQCOM); FRED (SP500); FRED (T10Y2Y); DefiLlama (value locked, stablecoins, fees); Coin Metrics Community Data (Bitcoin price)","""2026-09-27""",CC BY 4.0,https://creativecommons.org/licenses/by/4.0/,Luca Valente,"CC BY 4.0 applies to the original compilation and editorial work by Luca Valente. Underlying third-party data retain their source terms, including Coin Metrics CC BY-NC 4.0 where indicated; this export does not replace those terms."
macro_x_crypto,2026-10-05,/blocchi/0/serie/0/punti/50/1,-0.158,"FRED (BAMLC0A4CBBBEY); FRED (DFII10); FRED (DTWEXBGS); FRED (NASDAQCOM); FRED (SP500); FRED (T10Y2Y); DefiLlama (value locked, stablecoins, fees); Coin Metrics Community Data (Bitcoin price)","""2026-09-27""",CC BY 4.0,https://creativecommons.org/licenses/by/4.0/,Luca Valente,"CC BY 4.0 applies to the original compilation and editorial work by Luca Valente. Underlying third-party data retain their source terms, including Coin Metrics CC BY-NC 4.0 where indicated; this export does not replace those terms."
macro_x_crypto,2026-10-05,/blocchi/0/serie/0/punti/51/0,"""2026-09-21""","FRED (BAMLC0A4CBBBEY); FRED (DFII10); FRED (DTWEXBGS); FRED (NASDAQCOM); FRED (SP500); FRED (T10Y2Y); DefiLlama (value locked, stablecoins, fees); Coin Metrics Community Data (Bitcoin price)","""2026-09-27""",CC BY 4.0,https://creativecommons.org/licenses/by/4.0/,Luca Valente,"CC BY 4.0 applies to the original compilation and editorial work by Luca Valente. Underlying third-party data retain their source terms, including Coin Metrics CC BY-NC 4.0 where indicated; this export does not replace those terms."
macro_x_crypto,2026-10-05,/blocchi/0/serie/0/punti/51/1,-0.245,"FRED (BAMLC0A4CBBBEY); FRED (DFII10); FRED (DTWEXBGS); FRED (NASDAQCOM); FRED (SP500); FRED (T10Y2Y); DefiLlama (value locked, stablecoins, fees); Coin Metrics Community Data (Bitcoin price)","""2026-09-27""",CC BY 4.0,https://creativecommons.org/licenses/by/4.0/,Luca Valente,"CC BY 4.0 applies to the original compilation and editorial work by Luca Valente. Underlying third-party data retain their source terms, including Coin Metrics CC BY-NC 4.0 where indicated; this export does not replace those terms."
macro_x_crypto,2026-10-05,/blocchi/0/serie/1/etichetta,"""US dollar index (broad) and Bitcoin price""","FRED (BAMLC0A4CBBBEY); FRED (DFII10); FRED (DTWEXBGS); FRED (NASDAQCOM); FRED (SP500); FRED (T10Y2Y); DefiLlama (value locked, stablecoins, fees); Coin Metrics Community Data (Bitcoin price)","""2026-09-27""",CC BY 4.0,https://creativecommons.org/licenses/by/4.0/,Luca Valente,"CC BY 4.0 applies to the original compilation and editorial work by Luca Valente. Underlying third-party data retain their source terms, including Coin Metrics CC BY-NC 4.0 where indicated; this export does not replace those terms."
macro_x_crypto,2026-10-05,/blocchi/0/serie/1/unita,null,"FRED (BAMLC0A4CBBBEY); FRED (DFII10); FRED (DTWEXBGS); FRED (NASDAQCOM); FRED (SP500); FRED (T10Y2Y); DefiLlama (value locked, stablecoins, fees); Coin Metrics Community Data (Bitcoin price)","""2026-09-27""",CC BY 4.0,https://creativecommons.org/licenses/by/4.0/,Luca Valente,"CC BY 4.0 applies to the original compilation and editorial work by Luca Valente. Underlying third-party data retain their source terms, including Coin Metrics CC BY-NC 4.0 where indicated; this export does not replace those terms."
macro_x_crypto,2026-10-05,/blocchi/0/serie/1/punti/0/0,"""2025-09-29""","FRED (BAMLC0A4CBBBEY); FRED (DFII10); FRED (DTWEXBGS); FRED (NASDAQCOM); FRED (SP500); FRED (T10Y2Y); DefiLlama (value locked, stablecoins, fees); Coin Metrics Community Data (Bitcoin price)","""2026-09-27""",CC BY 4.0,https://creativecommons.org/licenses/by/4.0/,Luca Valente,"CC BY 4.0 applies to the original compilation and editorial work by Luca Valente. Underlying third-party data retain their source terms, including Coin Metrics CC BY-NC 4.0 where indicated; this export does not replace those terms."
macro_x_crypto,2026-10-05,/blocchi/0/serie/1/punti/0/1,-0.336,"FRED (BAMLC0A4CBBBEY); FRED (DFII10); FRED (DTWEXBGS); FRED (NASDAQCOM); FRED (SP500); FRED (T10Y2Y); DefiLlama (value locked, stablecoins, fees); Coin Metrics Community Data (Bitcoin price)","""2026-09-27""",CC BY 4.0,https://creativecommons.org/licenses/by/4.0/,Luca Valente,"CC BY 4.0 applies to the original compilation and editorial work by Luca Valente. Underlying third-party data retain their source terms, including Coin Metrics CC BY-NC 4.0 where indicated; this export does not replace those terms."
macro_x_crypto,2026-10-05,/blocchi/0/serie/1/punti/1/0,"""2025-10-06""","FRED (BAMLC0A4CBBBEY); FRED (DFII10); FRED (DTWEXBGS); FRED (NASDAQCOM); FRED (SP500); FRED (T10Y2Y); DefiLlama (value locked, stablecoins, fees); Coin Metrics Community Data (Bitcoin price)","""2026-09-27""",CC BY 4.0,https://creativecommons.org/licenses/by/4.0/,Luca Valente,"CC BY 4.0 applies to the original compilation and editorial work by Luca Valente. Underlying third-party data retain their source terms, including Coin Metrics CC BY-NC 4.0 where indicated; this export does not replace those terms."
macro_x_crypto,2026-10-05,/blocchi/0/serie/1/punti/1/1,-0.694,"FRED (BAMLC0A4CBBBEY); FRED (DFII10); FRED (DTWEXBGS); FRED (NASDAQCOM); FRED (SP500); FRED (T10Y2Y); DefiLlama (value locked, stablecoins, fees); Coin Metrics Community Data (Bitcoin price)","""2026-09-27""",CC BY 4.0,https://creativecommons.org/licenses/by/4.0/,Luca Valente,"CC BY 4.0 applies to the original compilation and editorial work by Luca Valente. Underlying third-party data retain their source terms, including Coin Metrics CC BY-NC 4.0 where indicated; this export does not replace those terms."
macro_x_crypto,2026-10-05,/blocchi/0/serie/1/punti/2/0,"""2025-10-13""","FRED (BAMLC0A4CBBBEY); FRED (DFII10); FRED (DTWEXBGS); FRED (NASDAQCOM); FRED (SP500); FRED (T10Y2Y); DefiLlama (value locked, stablecoins, fees); Coin Metrics Community Data (Bitcoin price)","""2026-09-27""",CC BY 4.0,https://creativecommons.org/licenses/by/4.0/,Luca Valente,"CC BY 4.0 applies to the original compilation and editorial work by Luca Valente. Underlying third-party data retain their source terms, including Coin Metrics CC BY-NC 4.0 where indicated; this export does not replace those terms."
macro_x_crypto,2026-10-05,/blocchi/0/serie/1/punti/2/1,-0.568,"FRED (BAMLC0A4CBBBEY); FRED (DFII10); FRED (DTWEXBGS); FRED (NASDAQCOM); FRED (SP500); FRED (T10Y2Y); DefiLlama (value locked, stablecoins, fees); Coin Metrics Community Data (Bitcoin price)","""2026-09-27""",CC BY 4.0,https://creativecommons.org/licenses/by/4.0/,Luca Valente,"CC BY 4.0 applies to the original compilation and editorial work by Luca Valente. Underlying third-party data retain their source terms, including Coin Metrics CC BY-NC 4.0 where indicated; this export does not replace those terms."
macro_x_crypto,2026-10-05,/blocchi/0/serie/1/punti/3/0,"""2025-10-20""","FRED (BAMLC0A4CBBBEY); FRED (DFII10); FRED (DTWEXBGS); FRED (NASDAQCOM); FRED (SP500); FRED (T10Y2Y); DefiLlama (value locked, stablecoins, fees); Coin Metrics Community Data (Bitcoin price)","""2026-09-27""",CC BY 4.0,https://creativecommons.org/licenses/by/4.0/,Luca Valente,"CC BY 4.0 applies to the original compilation and editorial work by Luca Valente. Underlying third-party data retain their source terms, including Coin Metrics CC BY-NC 4.0 where indicated; this export does not replace those terms."
macro_x_crypto,2026-10-05,/blocchi/0/serie/1/punti/3/1,-0.495,"FRED (BAMLC0A4CBBBEY); FRED (DFII10); FRED (DTWEXBGS); FRED (NASDAQCOM); FRED (SP500); FRED (T10Y2Y); DefiLlama (value locked, stablecoins, fees); Coin Metrics Community Data (Bitcoin price)","""2026-09-27""",CC BY 4.0,https://creativecommons.org/licenses/by/4.0/,Luca Valente,"CC BY 4.0 applies to the original compilation and editorial work by Luca Valente. Underlying third-party data retain their source terms, including Coin Metrics CC BY-NC 4.0 where indicated; this export does not replace those terms."
macro_x_crypto,2026-10-05,/blocchi/0/serie/1/punti/4/0,"""2025-10-27""","FRED (BAMLC0A4CBBBEY); FRED (DFII10); FRED (DTWEXBGS); FRED (NASDAQCOM); FRED (SP500); FRED (T10Y2Y); DefiLlama (value locked, stablecoins, fees); Coin Metrics Community Data (Bitcoin price)","""2026-09-27""",CC BY 4.0,https://creativecommons.org/licenses/by/4.0/,Luca Valente,"CC BY 4.0 applies to the original compilation and editorial work by Luca Valente. Underlying third-party data retain their source terms, including Coin Metrics CC BY-NC 4.0 where indicated; this export does not replace those terms."
macro_x_crypto,2026-10-05,/blocchi/0/serie/1/punti/4/1,-0.478,"FRED (BAMLC0A4CBBBEY); FRED (DFII10); FRED (DTWEXBGS); FRED (NASDAQCOM); FRED (SP500); FRED (T10Y2Y); DefiLlama (value locked, stablecoins, fees); Coin Metrics Community Data (Bitcoin price)","""2026-09-27""",CC BY 4.0,https://creativecommons.org/licenses/by/4.0/,Luca Valente,"CC BY 4.0 applies to the original compilation and editorial work by Luca Valente. Underlying third-party data retain their source terms, including Coin Metrics CC BY-NC 4.0 where indicated; this export does not replace those terms."
macro_x_crypto,2026-10-05,/blocchi/0/serie/1/punti/5/0,"""2025-11-03""","FRED (BAMLC0A4CBBBEY); FRED (DFII10); FRED (DTWEXBGS); FRED (NASDAQCOM); FRED (SP500); FRED (T10Y2Y); DefiLlama (value locked, stablecoins, fees); Coin Metrics Community Data (Bitcoin price)","""2026-09-27""",CC BY 4.0,https://creativecommons.org/licenses/by/4.0/,Luca Valente,"CC BY 4.0 applies to the original compilation and editorial work by Luca Valente. Underlying third-party data retain their source terms, including Coin Metrics CC BY-NC 4.0 where indicated; this export does not replace those terms."
macro_x_crypto,2026-10-05,/blocchi/0/serie/1/punti/5/1,-0.379,"FRED (BAMLC0A4CBBBEY); FRED (DFII10); FRED (DTWEXBGS); FRED (NASDAQCOM); FRED (SP500); FRED (T10Y2Y); DefiLlama (value locked, stablecoins, fees); Coin Metrics Community Data (Bitcoin price)","""2026-09-27""",CC BY 4.0,https://creativecommons.org/licenses/by/4.0/,Luca Valente,"CC BY 4.0 applies to the original compilation and editorial work by Luca Valente. Underlying third-party data retain their source terms, including Coin Metrics CC BY-NC 4.0 where indicated; this export does not replace those terms."
macro_x_crypto,2026-10-05,/blocchi/0/serie/1/punti/6/0,"""2025-11-10""","FRED (BAMLC0A4CBBBEY); FRED (DFII10); FRED (DTWEXBGS); FRED (NASDAQCOM); FRED (SP500); FRED (T10Y2Y); DefiLlama (value locked, stablecoins, fees); Coin Metrics Community Data (Bitcoin price)","""2026-09-27""",CC BY 4.0,https://creativecommons.org/licenses/by/4.0/,Luca Valente,"CC BY 4.0 applies to the original compilation and editorial work by Luca Valente. Underlying third-party data retain their source terms, including Coin Metrics CC BY-NC 4.0 where indicated; this export does not replace those terms."
macro_x_crypto,2026-10-05,/blocchi/0/serie/1/punti/6/1,-0.165,"FRED (BAMLC0A4CBBBEY); FRED (DFII10); FRED (DTWEXBGS); FRED (NASDAQCOM); FRED (SP500); FRED (T10Y2Y); DefiLlama (value locked, stablecoins, fees); Coin Metrics Community Data (Bitcoin price)","""2026-09-27""",CC BY 4.0,https://creativecommons.org/licenses/by/4.0/,Luca Valente,"CC BY 4.0 applies to the original compilation and editorial work by Luca Valente. Underlying third-party data retain their source terms, including Coin Metrics CC BY-NC 4.0 where indicated; this export does not replace those terms."
macro_x_crypto,2026-10-05,/blocchi/0/serie/1/punti/7/0,"""2025-11-17""","FRED (BAMLC0A4CBBBEY); FRED (DFII10); FRED (DTWEXBGS); FRED (NASDAQCOM); FRED (SP500); FRED (T10Y2Y); DefiLlama (value locked, stablecoins, fees); Coin Metrics Community Data (Bitcoin price)","""2026-09-27""",CC BY 4.0,https://creativecommons.org/licenses/by/4.0/,Luca Valente,"CC BY 4.0 applies to the original compilation and editorial work by Luca Valente. Underlying third-party data retain their source terms, including Coin Metrics CC BY-NC 4.0 where indicated; this export does not replace those terms."
macro_x_crypto,2026-10-05,/blocchi/0/serie/1/punti/7/1,-0.291,"FRED (BAMLC0A4CBBBEY); FRED (DFII10); FRED (DTWEXBGS); FRED (NASDAQCOM); FRED (SP500); FRED (T10Y2Y); DefiLlama (value locked, stablecoins, fees); Coin Metrics Community Data (Bitcoin price)","""2026-09-27""",CC BY 4.0,https://creativecommons.org/licenses/by/4.0/,Luca Valente,"CC BY 4.0 applies to the original compilation and editorial work by Luca Valente. Underlying third-party data retain their source terms, including Coin Metrics CC BY-NC 4.0 where indicated; this export does not replace those terms."
macro_x_crypto,2026-10-05,/blocchi/0/serie/1/punti/8/0,"""2025-11-24""","FRED (BAMLC0A4CBBBEY); FRED (DFII10); FRED (DTWEXBGS); FRED (NASDAQCOM); FRED (SP500); FRED (T10Y2Y); DefiLlama (value locked, stablecoins, fees); Coin Metrics Community Data (Bitcoin price)","""2026-09-27""",CC BY 4.0,https://creativecommons.org/licenses/by/4.0/,Luca Valente,"CC BY 4.0 applies to the original compilation and editorial work by Luca Valente. Underlying third-party data retain their source terms, including Coin Metrics CC BY-NC 4.0 where indicated; this export does not replace those terms."
macro_x_crypto,2026-10-05,/blocchi/0/serie/1/punti/8/1,-0.394,"FRED (BAMLC0A4CBBBEY); FRED (DFII10); FRED (DTWEXBGS); FRED (NASDAQCOM); FRED (SP500); FRED (T10Y2Y); DefiLlama (value locked, stablecoins, fees); Coin Metrics Community Data (Bitcoin price)","""2026-09-27""",CC BY 4.0,https://creativecommons.org/licenses/by/4.0/,Luca Valente,"CC BY 4.0 applies to the original compilation and editorial work by Luca Valente. Underlying third-party data retain their source terms, including Coin Metrics CC BY-NC 4.0 where indicated; this export does not replace those terms."
macro_x_crypto,2026-10-05,/blocchi/0/serie/1/punti/9/0,"""2025-12-01""","FRED (BAMLC0A4CBBBEY); FRED (DFII10); FRED (DTWEXBGS); FRED (NASDAQCOM); FRED (SP500); FRED (T10Y2Y); DefiLlama (value locked, stablecoins, fees); Coin Metrics Community Data (Bitcoin price)","""2026-09-27""",CC BY 4.0,https://creativecommons.org/licenses/by/4.0/,Luca Valente,"CC BY 4.0 applies to the original compilation and editorial work by Luca Valente. Underlying third-party data retain their source terms, including Coin Metrics CC BY-NC 4.0 where indicated; this export does not replace those terms."
macro_x_crypto,2026-10-05,/blocchi/0/serie/1/punti/9/1,-0.389,"FRED (BAMLC0A4CBBBEY); FRED (DFII10); FRED (DTWEXBGS); FRED (NASDAQCOM); FRED (SP500); FRED (T10Y2Y); DefiLlama (value locked, stablecoins, fees); Coin Metrics Community Data (Bitcoin price)","""2026-09-27""",CC BY 4.0,https://creativecommons.org/licenses/by/4.0/,Luca Valente,"CC BY 4.0 applies to the original compilation and editorial work by Luca Valente. Underlying third-party data retain their source terms, including Coin Metrics CC BY-NC 4.0 where indicated; this export does not replace those terms."
macro_x_crypto,2026-10-05,/blocchi/0/serie/1/punti/10/0,"""2025-12-08""","FRED (BAMLC0A4CBBBEY); FRED (DFII10); FRED (DTWEXBGS); FRED (NASDAQCOM); FRED (SP500); FRED (T10Y2Y); DefiLlama (value locked, stablecoins, fees); Coin Metrics Community Data (Bitcoin price)","""2026-09-27""",CC BY 4.0,https://creativecommons.org/licenses/by/4.0/,Luca Valente,"CC BY 4.0 applies to the original compilation and editorial work by Luca Valente. Underlying third-party data retain their source terms, including Coin Metrics CC BY-NC 4.0 where indicated; this export does not replace those terms."
macro_x_crypto,2026-10-05,/blocchi/0/serie/1/punti/10/1,-0.37,"FRED (BAMLC0A4CBBBEY); FRED (DFII10); FRED (DTWEXBGS); FRED (NASDAQCOM); FRED (SP500); FRED (T10Y2Y); DefiLlama (value locked, stablecoins, fees); Coin Metrics Community Data (Bitcoin price)","""2026-09-27""",CC BY 4.0,https://creativecommons.org/licenses/by/4.0/,Luca Valente,"CC BY 4.0 applies to the original compilation and editorial work by Luca Valente. Underlying third-party data retain their source terms, including Coin Metrics CC BY-NC 4.0 where indicated; this export does not replace those terms."
macro_x_crypto,2026-10-05,/blocchi/0/serie/1/punti/11/0,"""2025-12-15""","FRED (BAMLC0A4CBBBEY); FRED (DFII10); FRED (DTWEXBGS); FRED (NASDAQCOM); FRED (SP500); FRED (T10Y2Y); DefiLlama (value locked, stablecoins, fees); Coin Metrics Community Data (Bitcoin price)","""2026-09-27""",CC BY 4.0,https://creativecommons.org/licenses/by/4.0/,Luca Valente,"CC BY 4.0 applies to the original compilation and editorial work by Luca Valente. Underlying third-party data retain their source terms, including Coin Metrics CC BY-NC 4.0 where indicated; this export does not replace those terms."
macro_x_crypto,2026-10-05,/blocchi/0/serie/1/punti/11/1,-0.358,"FRED (BAMLC0A4CBBBEY); FRED (DFII10); FRED (DTWEXBGS); FRED (NASDAQCOM); FRED (SP500); FRED (T10Y2Y); DefiLlama (value locked, stablecoins, fees); Coin Metrics Community Data (Bitcoin price)","""2026-09-27""",CC BY 4.0,https://creativecommons.org/licenses/by/4.0/,Luca Valente,"CC BY 4.0 applies to the original compilation and editorial work by Luca Valente. Underlying third-party data retain their source terms, including Coin Metrics CC BY-NC 4.0 where indicated; this export does not replace those terms."
macro_x_crypto,2026-10-05,/blocchi/0/serie/1/punti/12/0,"""2025-12-22""","FRED (BAMLC0A4CBBBEY); FRED (DFII10); FRED (DTWEXBGS); FRED (NASDAQCOM); FRED (SP500); FRED (T10Y2Y); DefiLlama (value locked, stablecoins, fees); Coin Metrics Community Data (Bitcoin price)","""2026-09-27""",CC BY 4.0,https://creativecommons.org/licenses/by/4.0/,Luca Valente,"CC BY 4.0 applies to the original compilation and editorial work by Luca Valente. Underlying third-party data retain their source terms, including Coin Metrics CC BY-NC 4.0 where indicated; this export does not replace those terms."
macro_x_crypto,2026-10-05,/blocchi/0/serie/1/punti/12/1,-0.362,"FRED (BAMLC0A4CBBBEY); FRED (DFII10); FRED (DTWEXBGS); FRED (NASDAQCOM); FRED (SP500); FRED (T10Y2Y); DefiLlama (value locked, stablecoins, fees); Coin Metrics Community Data (Bitcoin price)","""2026-09-27""",CC BY 4.0,https://creativecommons.org/licenses/by/4.0/,Luca Valente,"CC BY 4.0 applies to the original compilation and editorial work by Luca Valente. Underlying third-party data retain their source terms, including Coin Metrics CC BY-NC 4.0 where indicated; this export does not replace those terms."
macro_x_crypto,2026-10-05,/blocchi/0/serie/1/punti/13/0,"""2025-12-29""","FRED (BAMLC0A4CBBBEY); FRED (DFII10); FRED (DTWEXBGS); FRED (NASDAQCOM); FRED (SP500); FRED (T10Y2Y); DefiLlama (value locked, stablecoins, fees); Coin Metrics Community Data (Bitcoin price)","""2026-09-27""",CC BY 4.0,https://creativecommons.org/licenses/by/4.0/,Luca Valente,"CC BY 4.0 applies to the original compilation and editorial work by Luca Valente. Underlying third-party data retain their source terms, including Coin Metrics CC BY-NC 4.0 where indicated; this export does not replace those terms."
macro_x_crypto,2026-10-05,/blocchi/0/serie/1/punti/13/1,-0.289,"FRED (BAMLC0A4CBBBEY); FRED (DFII10); FRED (DTWEXBGS); FRED (NASDAQCOM); FRED (SP500); FRED (T10Y2Y); DefiLlama (value locked, stablecoins, fees); Coin Metrics Community Data (Bitcoin price)","""2026-09-27""",CC BY 4.0,https://creativecommons.org/licenses/by/4.0/,Luca Valente,"CC BY 4.0 applies to the original compilation and editorial work by Luca Valente. Underlying third-party data retain their source terms, including Coin Metrics CC BY-NC 4.0 where indicated; this export does not replace those terms."
macro_x_crypto,2026-10-05,/blocchi/0/serie/1/punti/14/0,"""2026-01-05""","FRED (BAMLC0A4CBBBEY); FRED (DFII10); FRED (DTWEXBGS); FRED (NASDAQCOM); FRED (SP500); FRED (T10Y2Y); DefiLlama (value locked, stablecoins, fees); Coin Metrics Community Data (Bitcoin price)","""2026-09-27""",CC BY 4.0,https://creativecommons.org/licenses/by/4.0/,Luca Valente,"CC BY 4.0 applies to the original compilation and editorial work by Luca Valente. Underlying third-party data retain their source terms, including Coin Metrics CC BY-NC 4.0 where indicated; this export does not replace those terms."
macro_x_crypto,2026-10-05,/blocchi/0/serie/1/punti/14/1,-0.124,"FRED (BAMLC0A4CBBBEY); FRED (DFII10); FRED (DTWEXBGS); FRED (NASDAQCOM); FRED (SP500); FRED (T10Y2Y); DefiLlama (value locked, stablecoins, fees); Coin Metrics Community Data (Bitcoin price)","""2026-09-27""",CC BY 4.0,https://creativecommons.org/licenses/by/4.0/,Luca Valente,"CC BY 4.0 applies to the original compilation and editorial work by Luca Valente. Underlying third-party data retain their source terms, including Coin Metrics CC BY-NC 4.0 where indicated; this export does not replace those terms."
macro_x_crypto,2026-10-05,/blocchi/0/serie/1/punti/15/0,"""2026-01-12""","FRED (BAMLC0A4CBBBEY); FRED (DFII10); FRED (DTWEXBGS); FRED (NASDAQCOM); FRED (SP500); FRED (T10Y2Y); DefiLlama (value locked, stablecoins, fees); Coin Metrics Community Data (Bitcoin price)","""2026-09-27""",CC BY 4.0,https://creativecommons.org/licenses/by/4.0/,Luca Valente,"CC BY 4.0 applies to the original compilation and editorial work by Luca Valente. Underlying third-party data retain their source terms, including Coin Metrics CC BY-NC 4.0 where indicated; this export does not replace those terms."
macro_x_crypto,2026-10-05,/blocchi/0/serie/1/punti/15/1,-0.188,"FRED (BAMLC0A4CBBBEY); FRED (DFII10); FRED (DTWEXBGS); FRED (NASDAQCOM); FRED (SP500); FRED (T10Y2Y); DefiLlama (value locked, stablecoins, fees); Coin Metrics Community Data (Bitcoin price)","""2026-09-27""",CC BY 4.0,https://creativecommons.org/licenses/by/4.0/,Luca Valente,"CC BY 4.0 applies to the original compilation and editorial work by Luca Valente. Underlying third-party data retain their source terms, including Coin Metrics CC BY-NC 4.0 where indicated; this export does not replace those terms."
macro_x_crypto,2026-10-05,/blocchi/0/serie/1/punti/16/0,"""2026-01-19""","FRED (BAMLC0A4CBBBEY); FRED (DFII10); FRED (DTWEXBGS); FRED (NASDAQCOM); FRED (SP500); FRED (T10Y2Y); DefiLlama (value locked, stablecoins, fees); Coin Metrics Community Data (Bitcoin price)","""2026-09-27""",CC BY 4.0,https://creativecommons.org/licenses/by/4.0/,Luca Valente,"CC BY 4.0 applies to the original compilation and editorial work by Luca Valente. Underlying third-party data retain their source terms, including Coin Metrics CC BY-NC 4.0 where indicated; this export does not replace those terms."
macro_x_crypto,2026-10-05,/blocchi/0/serie/1/punti/16/1,-0.008,"FRED (BAMLC0A4CBBBEY); FRED (DFII10); FRED (DTWEXBGS); FRED (NASDAQCOM); FRED (SP500); FRED (T10Y2Y); DefiLlama (value locked, stablecoins, fees); Coin Metrics Community Data (Bitcoin price)","""2026-09-27""",CC BY 4.0,https://creativecommons.org/licenses/by/4.0/,Luca Valente,"CC BY 4.0 applies to the original compilation and editorial work by Luca Valente. Underlying third-party data retain their source terms, including Coin Metrics CC BY-NC 4.0 where indicated; this export does not replace those terms."
macro_x_crypto,2026-10-05,/blocchi/0/serie/1/punti/17/0,"""2026-01-26""","FRED (BAMLC0A4CBBBEY); FRED (DFII10); FRED (DTWEXBGS); FRED (NASDAQCOM); FRED (SP500); FRED (T10Y2Y); DefiLlama (value locked, stablecoins, fees); Coin Metrics Community Data (Bitcoin price)","""2026-09-27""",CC BY 4.0,https://creativecommons.org/licenses/by/4.0/,Luca Valente,"CC BY 4.0 applies to the original compilation and editorial work by Luca Valente. Underlying third-party data retain their source terms, including Coin Metrics CC BY-NC 4.0 where indicated; this export does not replace those terms."
macro_x_crypto,2026-10-05,/blocchi/0/serie/1/punti/17/1,0.194,"FRED (BAMLC0A4CBBBEY); FRED (DFII10); FRED (DTWEXBGS); FRED (NASDAQCOM); FRED (SP500); FRED (T10Y2Y); DefiLlama (value locked, stablecoins, fees); Coin Metrics Community Data (Bitcoin price)","""2026-09-27""",CC BY 4.0,https://creativecommons.org/licenses/by/4.0/,Luca Valente,"CC BY 4.0 applies to the original compilation and editorial work by Luca Valente. Underlying third-party data retain their source terms, including Coin Metrics CC BY-NC 4.0 where indicated; this export does not replace those terms."
macro_x_crypto,2026-10-05,/blocchi/0/serie/1/punti/18/0,"""2026-02-02""","FRED (BAMLC0A4CBBBEY); FRED (DFII10); FRED (DTWEXBGS); FRED (NASDAQCOM); FRED (SP500); FRED (T10Y2Y); DefiLlama (value locked, stablecoins, fees); Coin Metrics Community Data (Bitcoin price)","""2026-09-27""",CC BY 4.0,https://creativecommons.org/licenses/by/4.0/,Luca Valente,"CC BY 4.0 applies to the original compilation and editorial work by Luca Valente. Underlying third-party data retain their source terms, including Coin Metrics CC BY-NC 4.0 where indicated; this export does not replace those terms."
macro_x_crypto,2026-10-05,/blocchi/0/serie/1/punti/18/1,0.116,"FRED (BAMLC0A4CBBBEY); FRED (DFII10); FRED (DTWEXBGS); FRED (NASDAQCOM); FRED (SP500); FRED (T10Y2Y); DefiLlama (value locked, stablecoins, fees); Coin Metrics Community Data (Bitcoin price)","""2026-09-27""",CC BY 4.0,https://creativecommons.org/licenses/by/4.0/,Luca Valente,"CC BY 4.0 applies to the original compilation and editorial work by Luca Valente. Underlying third-party data retain their source terms, including Coin Metrics CC BY-NC 4.0 where indicated; this export does not replace those terms."
macro_x_crypto,2026-10-05,/blocchi/0/serie/1/punti/19/0,"""2026-02-09""","FRED (BAMLC0A4CBBBEY); FRED (DFII10); FRED (DTWEXBGS); FRED (NASDAQCOM); FRED (SP500); FRED (T10Y2Y); DefiLlama (value locked, stablecoins, fees); Coin Metrics Community Data (Bitcoin price)","""2026-09-27""",CC BY 4.0,https://creativecommons.org/licenses/by/4.0/,Luca Valente,"CC BY 4.0 applies to the original compilation and editorial work by Luca Valente. Underlying third-party data retain their source terms, including Coin Metrics CC BY-NC 4.0 where indicated; this export does not replace those terms."
macro_x_crypto,2026-10-05,/blocchi/0/serie/1/punti/19/1,0.092,"FRED (BAMLC0A4CBBBEY); FRED (DFII10); FRED (DTWEXBGS); FRED (NASDAQCOM); FRED (SP500); FRED (T10Y2Y); DefiLlama (value locked, stablecoins, fees); Coin Metrics Community Data (Bitcoin price)","""2026-09-27""",CC BY 4.0,https://creativecommons.org/licenses/by/4.0/,Luca Valente,"CC BY 4.0 applies to the original compilation and editorial work by Luca Valente. Underlying third-party data retain their source terms, including Coin Metrics CC BY-NC 4.0 where indicated; this export does not replace those terms."
macro_x_crypto,2026-10-05,/blocchi/0/serie/1/punti/20/0,"""2026-02-16""","FRED (BAMLC0A4CBBBEY); FRED (DFII10); FRED (DTWEXBGS); FRED (NASDAQCOM); FRED (SP500); FRED (T10Y2Y); DefiLlama (value locked, stablecoins, fees); Coin Metrics Community Data (Bitcoin price)","""2026-09-27""",CC BY 4.0,https://creativecommons.org/licenses/by/4.0/,Luca Valente,"CC BY 4.0 applies to the original compilation and editorial work by Luca Valente. Underlying third-party data retain their source terms, including Coin Metrics CC BY-NC 4.0 where indicated; this export does not replace those terms."
macro_x_crypto,2026-10-05,/blocchi/0/serie/1/punti/20/1,0.313,"FRED (BAMLC0A4CBBBEY); FRED (DFII10); FRED (DTWEXBGS); FRED (NASDAQCOM); FRED (SP500); FRED (T10Y2Y); DefiLlama (value locked, stablecoins, fees); Coin Metrics Community Data (Bitcoin price)","""2026-09-27""",CC BY 4.0,https://creativecommons.org/licenses/by/4.0/,Luca Valente,"CC BY 4.0 applies to the original compilation and editorial work by Luca Valente. Underlying third-party data retain their source terms, including Coin Metrics CC BY-NC 4.0 where indicated; this export does not replace those terms."
macro_x_crypto,2026-10-05,/blocchi/0/serie/1/punti/21/0,"""2026-02-23""","FRED (BAMLC0A4CBBBEY); FRED (DFII10); FRED (DTWEXBGS); FRED (NASDAQCOM); FRED (SP500); FRED (T10Y2Y); DefiLlama (value locked, stablecoins, fees); Coin Metrics Community Data (Bitcoin price)","""2026-09-27""",CC BY 4.0,https://creativecommons.org/licenses/by/4.0/,Luca Valente,"CC BY 4.0 applies to the original compilation and editorial work by Luca Valente. Underlying third-party data retain their source terms, including Coin Metrics CC BY-NC 4.0 where indicated; this export does not replace those terms."
macro_x_crypto,2026-10-05,/blocchi/0/serie/1/punti/21/1,0.453,"FRED (BAMLC0A4CBBBEY); FRED (DFII10); FRED (DTWEXBGS); FRED (NASDAQCOM); FRED (SP500); FRED (T10Y2Y); DefiLlama (value locked, stablecoins, fees); Coin Metrics Community Data (Bitcoin price)","""2026-09-27""",CC BY 4.0,https://creativecommons.org/licenses/by/4.0/,Luca Valente,"CC BY 4.0 applies to the original compilation and editorial work by Luca Valente. Underlying third-party data retain their source terms, including Coin Metrics CC BY-NC 4.0 where indicated; this export does not replace those terms."
macro_x_crypto,2026-10-05,/blocchi/0/serie/1/punti/22/0,"""2026-03-02""","FRED (BAMLC0A4CBBBEY); FRED (DFII10); FRED (DTWEXBGS); FRED (NASDAQCOM); FRED (SP500); FRED (T10Y2Y); DefiLlama (value locked, stablecoins, fees); Coin Metrics Community Data (Bitcoin price)","""2026-09-27""",CC BY 4.0,https://creativecommons.org/licenses/by/4.0/,Luca Valente,"CC BY 4.0 applies to the original compilation and editorial work by Luca Valente. Underlying third-party data retain their source terms, including Coin Metrics CC BY-NC 4.0 where indicated; this export does not replace those terms."
macro_x_crypto,2026-10-05,/blocchi/0/serie/1/punti/22/1,0.466,"FRED (BAMLC0A4CBBBEY); FRED (DFII10); FRED (DTWEXBGS); FRED (NASDAQCOM); FRED (SP500); FRED (T10Y2Y); DefiLlama (value locked, stablecoins, fees); Coin Metrics Community Data (Bitcoin price)","""2026-09-27""",CC BY 4.0,https://creativecommons.org/licenses/by/4.0/,Luca Valente,"CC BY 4.0 applies to the original compilation and editorial work by Luca Valente. Underlying third-party data retain their source terms, including Coin Metrics CC BY-NC 4.0 where indicated; this export does not replace those terms."
macro_x_crypto,2026-10-05,/blocchi/0/serie/1/punti/23/0,"""2026-03-09""","FRED (BAMLC0A4CBBBEY); FRED (DFII10); FRED (DTWEXBGS); FRED (NASDAQCOM); FRED (SP500); FRED (T10Y2Y); DefiLlama (value locked, stablecoins, fees); Coin Metrics Community Data (Bitcoin price)","""2026-09-27""",CC BY 4.0,https://creativecommons.org/licenses/by/4.0/,Luca Valente,"CC BY 4.0 applies to the original compilation and editorial work by Luca Valente. Underlying third-party data retain their source terms, including Coin Metrics CC BY-NC 4.0 where indicated; this export does not replace those terms."
macro_x_crypto,2026-10-05,/blocchi/0/serie/1/punti/23/1,0.575,"FRED (BAMLC0A4CBBBEY); FRED (DFII10); FRED (DTWEXBGS); FRED (NASDAQCOM); FRED (SP500); FRED (T10Y2Y); DefiLlama (value locked, stablecoins, fees); Coin Metrics Community Data (Bitcoin price)","""2026-09-27""",CC BY 4.0,https://creativecommons.org/licenses/by/4.0/,Luca Valente,"CC BY 4.0 applies to the original compilation and editorial work by Luca Valente. Underlying third-party data retain their source terms, including Coin Metrics CC BY-NC 4.0 where indicated; this export does not replace those terms."
macro_x_crypto,2026-10-05,/blocchi/0/serie/1/punti/24/0,"""2026-03-16""","FRED (BAMLC0A4CBBBEY); FRED (DFII10); FRED (DTWEXBGS); FRED (NASDAQCOM); FRED (SP500); FRED (T10Y2Y); DefiLlama (value locked, stablecoins, fees); Coin Metrics Community Data (Bitcoin price)","""2026-09-27""",CC BY 4.0,https://creativecommons.org/licenses/by/4.0/,Luca Valente,"CC BY 4.0 applies to the original compilation and editorial work by Luca Valente. Underlying third-party data retain their source terms, including Coin Metrics CC BY-NC 4.0 where indicated; this export does not replace those terms."
macro_x_crypto,2026-10-05,/blocchi/0/serie/1/punti/24/1,0.583,"FRED (BAMLC0A4CBBBEY); FRED (DFII10); FRED (DTWEXBGS); FRED (NASDAQCOM); FRED (SP500); FRED (T10Y2Y); DefiLlama (value locked, stablecoins, fees); Coin Metrics Community Data (Bitcoin price)","""2026-09-27""",CC BY 4.0,https://creativecommons.org/licenses/by/4.0/,Luca Valente,"CC BY 4.0 applies to the original compilation and editorial work by Luca Valente. Underlying third-party data retain their source terms, including Coin Metrics CC BY-NC 4.0 where indicated; this export does not replace those terms."
macro_x_crypto,2026-10-05,/blocchi/0/serie/1/punti/25/0,"""2026-03-23""","FRED (BAMLC0A4CBBBEY); FRED (DFII10); FRED (DTWEXBGS); FRED (NASDAQCOM); FRED (SP500); FRED (T10Y2Y); DefiLlama (value locked, stablecoins, fees); Coin Metrics Community Data (Bitcoin price)","""2026-09-27""",CC BY 4.0,https://creativecommons.org/licenses/by/4.0/,Luca Valente,"CC BY 4.0 applies to the original compilation and editorial work by Luca Valente. Underlying third-party data retain their source terms, including Coin Metrics CC BY-NC 4.0 where indicated; this export does not replace those terms."
macro_x_crypto,2026-10-05,/blocchi/0/serie/1/punti/25/1,0.6,"FRED (BAMLC0A4CBBBEY); FRED (DFII10); FRED (DTWEXBGS); FRED (NASDAQCOM); FRED (SP500); FRED (T10Y2Y); DefiLlama (value locked, stablecoins, fees); Coin Metrics Community Data (Bitcoin price)","""2026-09-27""",CC BY 4.0,https://creativecommons.org/licenses/by/4.0/,Luca Valente,"CC BY 4.0 applies to the original compilation and editorial work by Luca Valente. Underlying third-party data retain their source terms, including Coin Metrics CC BY-NC 4.0 where indicated; this export does not replace those terms."
macro_x_crypto,2026-10-05,/blocchi/0/serie/1/punti/26/0,"""2026-03-30""","FRED (BAMLC0A4CBBBEY); FRED (DFII10); FRED (DTWEXBGS); FRED (NASDAQCOM); FRED (SP500); FRED (T10Y2Y); DefiLlama (value locked, stablecoins, fees); Coin Metrics Community Data (Bitcoin price)","""2026-09-27""",CC BY 4.0,https://creativecommons.org/licenses/by/4.0/,Luca Valente,"CC BY 4.0 applies to the original compilation and editorial work by Luca Valente. Underlying third-party data retain their source terms, including Coin Metrics CC BY-NC 4.0 where indicated; this export does not replace those terms."
macro_x_crypto,2026-10-05,/blocchi/0/serie/1/punti/26/1,0.552,"FRED (BAMLC0A4CBBBEY); FRED (DFII10); FRED (DTWEXBGS); FRED (NASDAQCOM); FRED (SP500); FRED (T10Y2Y); DefiLlama (value locked, stablecoins, fees); Coin Metrics Community Data (Bitcoin price)","""2026-09-27""",CC BY 4.0,https://creativecommons.org/licenses/by/4.0/,Luca Valente,"CC BY 4.0 applies to the original compilation and editorial work by Luca Valente. Underlying third-party data retain their source terms, including Coin Metrics CC BY-NC 4.0 where indicated; this export does not replace those terms."
macro_x_crypto,2026-10-05,/blocchi/0/serie/1/punti/27/0,"""2026-04-06""","FRED (BAMLC0A4CBBBEY); FRED (DFII10); FRED (DTWEXBGS); FRED (NASDAQCOM); FRED (SP500); FRED (T10Y2Y); DefiLlama (value locked, stablecoins, fees); Coin Metrics Community Data (Bitcoin price)","""2026-09-27""",CC BY 4.0,https://creativecommons.org/licenses/by/4.0/,Luca Valente,"CC BY 4.0 applies to the original compilation and editorial work by Luca Valente. Underlying third-party data retain their source terms, including Coin Metrics CC BY-NC 4.0 where indicated; this export does not replace those terms."
macro_x_crypto,2026-10-05,/blocchi/0/serie/1/punti/27/1,0.335,"FRED (BAMLC0A4CBBBEY); FRED (DFII10); FRED (DTWEXBGS); FRED (NASDAQCOM); FRED (SP500); FRED (T10Y2Y); DefiLlama (value locked, stablecoins, fees); Coin Metrics Community Data (Bitcoin price)","""2026-09-27""",CC BY 4.0,https://creativecommons.org/licenses/by/4.0/,Luca Valente,"CC BY 4.0 applies to the original compilation and editorial work by Luca Valente. Underlying third-party data retain their source terms, including Coin Metrics CC BY-NC 4.0 where indicated; this export does not replace those terms."
macro_x_crypto,2026-10-05,/blocchi/0/serie/1/punti/28/0,"""2026-04-13""","FRED (BAMLC0A4CBBBEY); FRED (DFII10); FRED (DTWEXBGS); FRED (NASDAQCOM); FRED (SP500); FRED (T10Y2Y); DefiLlama (value locked, stablecoins, fees); Coin Metrics Community Data (Bitcoin price)","""2026-09-27""",CC BY 4.0,https://creativecommons.org/licenses/by/4.0/,Luca Valente,"CC BY 4.0 applies to the original compilation and editorial work by Luca Valente. Underlying third-party data retain their source terms, including Coin Metrics CC BY-NC 4.0 where indicated; this export does not replace those terms."
macro_x_crypto,2026-10-05,/blocchi/0/serie/1/punti/28/1,0.268,"FRED (BAMLC0A4CBBBEY); FRED (DFII10); FRED (DTWEXBGS); FRED (NASDAQCOM); FRED (SP500); FRED (T10Y2Y); DefiLlama (value locked, stablecoins, fees); Coin Metrics Community Data (Bitcoin price)","""2026-09-27""",CC BY 4.0,https://creativecommons.org/licenses/by/4.0/,Luca Valente,"CC BY 4.0 applies to the original compilation and editorial work by Luca Valente. Underlying third-party data retain their source terms, including Coin Metrics CC BY-NC 4.0 where indicated; this export does not replace those terms."
macro_x_crypto,2026-10-05,/blocchi/0/serie/1/punti/29/0,"""2026-04-20""","FRED (BAMLC0A4CBBBEY); FRED (DFII10); FRED (DTWEXBGS); FRED (NASDAQCOM); FRED (SP500); FRED (T10Y2Y); DefiLlama (value locked, stablecoins, fees); Coin Metrics Community Data (Bitcoin price)","""2026-09-27""",CC BY 4.0,https://creativecommons.org/licenses/by/4.0/,Luca Valente,"CC BY 4.0 applies to the original compilation and editorial work by Luca Valente. Underlying third-party data retain their source terms, including Coin Metrics CC BY-NC 4.0 where indicated; this export does not replace those terms."
macro_x_crypto,2026-10-05,/blocchi/0/serie/1/punti/29/1,0.238,"FRED (BAMLC0A4CBBBEY); FRED (DFII10); FRED (DTWEXBGS); FRED (NASDAQCOM); FRED (SP500); FRED (T10Y2Y); DefiLlama (value locked, stablecoins, fees); Coin Metrics Community Data (Bitcoin price)","""2026-09-27""",CC BY 4.0,https://creativecommons.org/licenses/by/4.0/,Luca Valente,"CC BY 4.0 applies to the original compilation and editorial work by Luca Valente. Underlying third-party data retain their source terms, including Coin Metrics CC BY-NC 4.0 where indicated; this export does not replace those terms."
macro_x_crypto,2026-10-05,/blocchi/0/serie/1/punti/30/0,"""2026-04-27""","FRED (BAMLC0A4CBBBEY); FRED (DFII10); FRED (DTWEXBGS); FRED (NASDAQCOM); FRED (SP500); FRED (T10Y2Y); DefiLlama (value locked, stablecoins, fees); Coin Metrics Community Data (Bitcoin price)","""2026-09-27""",CC BY 4.0,https://creativecommons.org/licenses/by/4.0/,Luca Valente,"CC BY 4.0 applies to the original compilation and editorial work by Luca Valente. Underlying third-party data retain their source terms, including Coin Metrics CC BY-NC 4.0 where indicated; this export does not replace those terms."
macro_x_crypto,2026-10-05,/blocchi/0/serie/1/punti/30/1,0.083,"FRED (BAMLC0A4CBBBEY); FRED (DFII10); FRED (DTWEXBGS); FRED (NASDAQCOM); FRED (SP500); FRED (T10Y2Y); DefiLlama (value locked, stablecoins, fees); Coin Metrics Community Data (Bitcoin price)","""2026-09-27""",CC BY 4.0,https://creativecommons.org/licenses/by/4.0/,Luca Valente,"CC BY 4.0 applies to the original compilation and editorial work by Luca Valente. Underlying third-party data retain their source terms, including Coin Metrics CC BY-NC 4.0 where indicated; this export does not replace those terms."
macro_x_crypto,2026-10-05,/blocchi/0/serie/1/punti/31/0,"""2026-05-04""","FRED (BAMLC0A4CBBBEY); FRED (DFII10); FRED (DTWEXBGS); FRED (NASDAQCOM); FRED (SP500); FRED (T10Y2Y); DefiLlama (value locked, stablecoins, fees); Coin Metrics Community Data (Bitcoin price)","""2026-09-27""",CC BY 4.0,https://creativecommons.org/licenses/by/4.0/,Luca Valente,"CC BY 4.0 applies to the original compilation and editorial work by Luca Valente. Underlying third-party data retain their source terms, including Coin Metrics CC BY-NC 4.0 where indicated; this export does not replace those terms."
macro_x_crypto,2026-10-05,/blocchi/0/serie/1/punti/31/1,0.13,"FRED (BAMLC0A4CBBBEY); FRED (DFII10); FRED (DTWEXBGS); FRED (NASDAQCOM); FRED (SP500); FRED (T10Y2Y); DefiLlama (value locked, stablecoins, fees); Coin Metrics Community Data (Bitcoin price)","""2026-09-27""",CC BY 4.0,https://creativecommons.org/licenses/by/4.0/,Luca Valente,"CC BY 4.0 applies to the original compilation and editorial work by Luca Valente. Underlying third-party data retain their source terms, including Coin Metrics CC BY-NC 4.0 where indicated; this export does not replace those terms."
macro_x_crypto,2026-10-05,/blocchi/0/serie/1/punti/32/0,"""2026-05-11""","FRED (BAMLC0A4CBBBEY); FRED (DFII10); FRED (DTWEXBGS); FRED (NASDAQCOM); FRED (SP500); FRED (T10Y2Y); DefiLlama (value locked, stablecoins, fees); Coin Metrics Community Data (Bitcoin price)","""2026-09-27""",CC BY 4.0,https://creativecommons.org/licenses/by/4.0/,Luca Valente,"CC BY 4.0 applies to the original compilation and editorial work by Luca Valente. Underlying third-party data retain their source terms, including Coin Metrics CC BY-NC 4.0 where indicated; this export does not replace those terms."
macro_x_crypto,2026-10-05,/blocchi/0/serie/1/punti/32/1,-0.092,"FRED (BAMLC0A4CBBBEY); FRED (DFII10); FRED (DTWEXBGS); FRED (NASDAQCOM); FRED (SP500); FRED (T10Y2Y); DefiLlama (value locked, stablecoins, fees); Coin Metrics Community Data (Bitcoin price)","""2026-09-27""",CC BY 4.0,https://creativecommons.org/licenses/by/4.0/,Luca Valente,"CC BY 4.0 applies to the original compilation and editorial work by Luca Valente. Underlying third-party data retain their source terms, including Coin Metrics CC BY-NC 4.0 where indicated; this export does not replace those terms."
macro_x_crypto,2026-10-05,/blocchi/0/serie/1/punti/33/0,"""2026-05-18""","FRED (BAMLC0A4CBBBEY); FRED (DFII10); FRED (DTWEXBGS); FRED (NASDAQCOM); FRED (SP500); FRED (T10Y2Y); DefiLlama (value locked, stablecoins, fees); Coin Metrics Community Data (Bitcoin price)","""2026-09-27""",CC BY 4.0,https://creativecommons.org/licenses/by/4.0/,Luca Valente,"CC BY 4.0 applies to the original compilation and editorial work by Luca Valente. Underlying third-party data retain their source terms, including Coin Metrics CC BY-NC 4.0 where indicated; this export does not replace those terms."
macro_x_crypto,2026-10-05,/blocchi/0/serie/1/punti/33/1,-0.073,"FRED (BAMLC0A4CBBBEY); FRED (DFII10); FRED (DTWEXBGS); FRED (NASDAQCOM); FRED (SP500); FRED (T10Y2Y); DefiLlama (value locked, stablecoins, fees); Coin Metrics Community Data (Bitcoin price)","""2026-09-27""",CC BY 4.0,https://creativecommons.org/licenses/by/4.0/,Luca Valente,"CC BY 4.0 applies to the original compilation and editorial work by Luca Valente. Underlying third-party data retain their source terms, including Coin Metrics CC BY-NC 4.0 where indicated; this export does not replace those terms."
macro_x_crypto,2026-10-05,/blocchi/0/serie/1/punti/34/0,"""2026-05-25""","FRED (BAMLC0A4CBBBEY); FRED (DFII10); FRED (DTWEXBGS); FRED (NASDAQCOM); FRED (SP500); FRED (T10Y2Y); DefiLlama (value locked, stablecoins, fees); Coin Metrics Community Data (Bitcoin price)","""2026-09-27""",CC BY 4.0,https://creativecommons.org/licenses/by/4.0/,Luca Valente,"CC BY 4.0 applies to the original compilation and editorial work by Luca Valente. Underlying third-party data retain their source terms, including Coin Metrics CC BY-NC 4.0 where indicated; this export does not replace those terms."
macro_x_crypto,2026-10-05,/blocchi/0/serie/1/punti/34/1,-0.039,"FRED (BAMLC0A4CBBBEY); FRED (DFII10); FRED (DTWEXBGS); FRED (NASDAQCOM); FRED (SP500); FRED (T10Y2Y); DefiLlama (value locked, stablecoins, fees); Coin Metrics Community Data (Bitcoin price)","""2026-09-27""",CC BY 4.0,https://creativecommons.org/licenses/by/4.0/,Luca Valente,"CC BY 4.0 applies to the original compilation and editorial work by Luca Valente. Underlying third-party data retain their source terms, including Coin Metrics CC BY-NC 4.0 where indicated; this export does not replace those terms."
macro_x_crypto,2026-10-05,/blocchi/0/serie/1/punti/35/0,"""2026-06-01""","FRED (BAMLC0A4CBBBEY); FRED (DFII10); FRED (DTWEXBGS); FRED (NASDAQCOM); FRED (SP500); FRED (T10Y2Y); DefiLlama (value locked, stablecoins, fees); Coin Metrics Community Data (Bitcoin price)","""2026-09-27""",CC BY 4.0,https://creativecommons.org/licenses/by/4.0/,Luca Valente,"CC BY 4.0 applies to the original compilation and editorial work by Luca Valente. Underlying third-party data retain their source terms, including Coin Metrics CC BY-NC 4.0 where indicated; this export does not replace those terms."
macro_x_crypto,2026-10-05,/blocchi/0/serie/1/punti/35/1,-0.294,"FRED (BAMLC0A4CBBBEY); FRED (DFII10); FRED (DTWEXBGS); FRED (NASDAQCOM); FRED (SP500); FRED (T10Y2Y); DefiLlama (value locked, stablecoins, fees); Coin Metrics Community Data (Bitcoin price)","""2026-09-27""",CC BY 4.0,https://creativecommons.org/licenses/by/4.0/,Luca Valente,"CC BY 4.0 applies to the original compilation and editorial work by Luca Valente. Underlying third-party data retain their source terms, including Coin Metrics CC BY-NC 4.0 where indicated; this export does not replace those terms."
macro_x_crypto,2026-10-05,/blocchi/0/serie/1/punti/36/0,"""2026-06-08""","FRED (BAMLC0A4CBBBEY); FRED (DFII10); FRED (DTWEXBGS); FRED (NASDAQCOM); FRED (SP500); FRED (T10Y2Y); DefiLlama (value locked, stablecoins, fees); Coin Metrics Community Data (Bitcoin price)","""2026-09-27""",CC BY 4.0,https://creativecommons.org/licenses/by/4.0/,Luca Valente,"CC BY 4.0 applies to the original compilation and editorial work by Luca Valente. Underlying third-party data retain their source terms, including Coin Metrics CC BY-NC 4.0 where indicated; this export does not replace those terms."
macro_x_crypto,2026-10-05,/blocchi/0/serie/1/punti/36/1,-0.547,"FRED (BAMLC0A4CBBBEY); FRED (DFII10); FRED (DTWEXBGS); FRED (NASDAQCOM); FRED (SP500); FRED (T10Y2Y); DefiLlama (value locked, stablecoins, fees); Coin Metrics Community Data (Bitcoin price)","""2026-09-27""",CC BY 4.0,https://creativecommons.org/licenses/by/4.0/,Luca Valente,"CC BY 4.0 applies to the original compilation and editorial work by Luca Valente. Underlying third-party data retain their source terms, including Coin Metrics CC BY-NC 4.0 where indicated; this export does not replace those terms."
macro_x_crypto,2026-10-05,/blocchi/0/serie/1/punti/37/0,"""2026-06-15""","FRED (BAMLC0A4CBBBEY); FRED (DFII10); FRED (DTWEXBGS); FRED (NASDAQCOM); FRED (SP500); FRED (T10Y2Y); DefiLlama (value locked, stablecoins, fees); Coin Metrics Community Data (Bitcoin price)","""2026-09-27""",CC BY 4.0,https://creativecommons.org/licenses/by/4.0/,Luca Valente,"CC BY 4.0 applies to the original compilation and editorial work by Luca Valente. Underlying third-party data retain their source terms, including Coin Metrics CC BY-NC 4.0 where indicated; this export does not replace those terms."
macro_x_crypto,2026-10-05,/blocchi/0/serie/1/punti/37/1,-0.604,"FRED (BAMLC0A4CBBBEY); FRED (DFII10); FRED (DTWEXBGS); FRED (NASDAQCOM); FRED (SP500); FRED (T10Y2Y); DefiLlama (value locked, stablecoins, fees); Coin Metrics Community Data (Bitcoin price)","""2026-09-27""",CC BY 4.0,https://creativecommons.org/licenses/by/4.0/,Luca Valente,"CC BY 4.0 applies to the original compilation and editorial work by Luca Valente. Underlying third-party data retain their source terms, including Coin Metrics CC BY-NC 4.0 where indicated; this export does not replace those terms."
macro_x_crypto,2026-10-05,/blocchi/0/serie/1/punti/38/0,"""2026-06-22""","FRED (BAMLC0A4CBBBEY); FRED (DFII10); FRED (DTWEXBGS); FRED (NASDAQCOM); FRED (SP500); FRED (T10Y2Y); DefiLlama (value locked, stablecoins, fees); Coin Metrics Community Data (Bitcoin price)","""2026-09-27""",CC BY 4.0,https://creativecommons.org/licenses/by/4.0/,Luca Valente,"CC BY 4.0 applies to the original compilation and editorial work by Luca Valente. Underlying third-party data retain their source terms, including Coin Metrics CC BY-NC 4.0 where indicated; this export does not replace those terms."
macro_x_crypto,2026-10-05,/blocchi/0/serie/1/punti/38/1,-0.61,"FRED (BAMLC0A4CBBBEY); FRED (DFII10); FRED (DTWEXBGS); FRED (NASDAQCOM); FRED (SP500); FRED (T10Y2Y); DefiLlama (value locked, stablecoins, fees); Coin Metrics Community Data (Bitcoin price)","""2026-09-27""",CC BY 4.0,https://creativecommons.org/licenses/by/4.0/,Luca Valente,"CC BY 4.0 applies to the original compilation and editorial work by Luca Valente. Underlying third-party data retain their source terms, including Coin Metrics CC BY-NC 4.0 where indicated; this export does not replace those terms."
macro_x_crypto,2026-10-05,/blocchi/0/serie/1/punti/39/0,"""2026-06-29""","FRED (BAMLC0A4CBBBEY); FRED (DFII10); FRED (DTWEXBGS); FRED (NASDAQCOM); FRED (SP500); FRED (T10Y2Y); DefiLlama (value locked, stablecoins, fees); Coin Metrics Community Data (Bitcoin price)","""2026-09-27""",CC BY 4.0,https://creativecommons.org/licenses/by/4.0/,Luca Valente,"CC BY 4.0 applies to the original compilation and editorial work by Luca Valente. Underlying third-party data retain their source terms, including Coin Metrics CC BY-NC 4.0 where indicated; this export does not replace those terms."
macro_x_crypto,2026-10-05,/blocchi/0/serie/1/punti/39/1,-0.597,"FRED (BAMLC0A4CBBBEY); FRED (DFII10); FRED (DTWEXBGS); FRED (NASDAQCOM); FRED (SP500); FRED (T10Y2Y); DefiLlama (value locked, stablecoins, fees); Coin Metrics Community Data (Bitcoin price)","""2026-09-27""",CC BY 4.0,https://creativecommons.org/licenses/by/4.0/,Luca Valente,"CC BY 4.0 applies to the original compilation and editorial work by Luca Valente. Underlying third-party data retain their source terms, including Coin Metrics CC BY-NC 4.0 where indicated; this export does not replace those terms."
macro_x_crypto,2026-10-05,/blocchi/0/serie/1/punti/40/0,"""2026-07-06""","FRED (BAMLC0A4CBBBEY); FRED (DFII10); FRED (DTWEXBGS); FRED (NASDAQCOM); FRED (SP500); FRED (T10Y2Y); DefiLlama (value locked, stablecoins, fees); Coin Metrics Community Data (Bitcoin price)","""2026-09-27""",CC BY 4.0,https://creativecommons.org/licenses/by/4.0/,Luca Valente,"CC BY 4.0 applies to the original compilation and editorial work by Luca Valente. Underlying third-party data retain their source terms, including Coin Metrics CC BY-NC 4.0 where indicated; this export does not replace those terms."
macro_x_crypto,2026-10-05,/blocchi/0/serie/1/punti/40/1,-0.65,"FRED (BAMLC0A4CBBBEY); FRED (DFII10); FRED (DTWEXBGS); FRED (NASDAQCOM); FRED (SP500); FRED (T10Y2Y); DefiLlama (value locked, stablecoins, fees); Coin Metrics Community Data (Bitcoin price)","""2026-09-27""",CC BY 4.0,https://creativecommons.org/licenses/by/4.0/,Luca Valente,"CC BY 4.0 applies to the original compilation and editorial work by Luca Valente. Underlying third-party data retain their source terms, including Coin Metrics CC BY-NC 4.0 where indicated; this export does not replace those terms."
macro_x_crypto,2026-10-05,/blocchi/0/serie/1/punti/41/0,"""2026-07-13""","FRED (BAMLC0A4CBBBEY); FRED (DFII10); FRED (DTWEXBGS); FRED (NASDAQCOM); FRED (SP500); FRED (T10Y2Y); DefiLlama (value locked, stablecoins, fees); Coin Metrics Community Data (Bitcoin price)","""2026-09-27""",CC BY 4.0,https://creativecommons.org/licenses/by/4.0/,Luca Valente,"CC BY 4.0 applies to the original compilation and editorial work by Luca Valente. Underlying third-party data retain their source terms, including Coin Metrics CC BY-NC 4.0 where indicated; this export does not replace those terms."
macro_x_crypto,2026-10-05,/blocchi/0/serie/1/punti/41/1,-0.622,"FRED (BAMLC0A4CBBBEY); FRED (DFII10); FRED (DTWEXBGS); FRED (NASDAQCOM); FRED (SP500); FRED (T10Y2Y); DefiLlama (value locked, stablecoins, fees); Coin Metrics Community Data (Bitcoin price)","""2026-09-27""",CC BY 4.0,https://creativecommons.org/licenses/by/4.0/,Luca Valente,"CC BY 4.0 applies to the original compilation and editorial work by Luca Valente. Underlying third-party data retain their source terms, including Coin Metrics CC BY-NC 4.0 where indicated; this export does not replace those terms."
macro_x_crypto,2026-10-05,/blocchi/0/serie/1/punti/42/0,"""2026-07-20""","FRED (BAMLC0A4CBBBEY); FRED (DFII10); FRED (DTWEXBGS); FRED (NASDAQCOM); FRED (SP500); FRED (T10Y2Y); DefiLlama (value locked, stablecoins, fees); Coin Metrics Community Data (Bitcoin price)","""2026-09-27""",CC BY 4.0,https://creativecommons.org/licenses/by/4.0/,Luca Valente,"CC BY 4.0 applies to the original compilation and editorial work by Luca Valente. Underlying third-party data retain their source terms, including Coin Metrics CC BY-NC 4.0 where indicated; this export does not replace those terms."
macro_x_crypto,2026-10-05,/blocchi/0/serie/1/punti/42/1,-0.758,"FRED (BAMLC0A4CBBBEY); FRED (DFII10); FRED (DTWEXBGS); FRED (NASDAQCOM); FRED (SP500); FRED (T10Y2Y); DefiLlama (value locked, stablecoins, fees); Coin Metrics Community Data (Bitcoin price)","""2026-09-27""",CC BY 4.0,https://creativecommons.org/licenses/by/4.0/,Luca Valente,"CC BY 4.0 applies to the original compilation and editorial work by Luca Valente. Underlying third-party data retain their source terms, including Coin Metrics CC BY-NC 4.0 where indicated; this export does not replace those terms."
macro_x_crypto,2026-10-05,/blocchi/0/serie/1/punti/43/0,"""2026-07-27""","FRED (BAMLC0A4CBBBEY); FRED (DFII10); FRED (DTWEXBGS); FRED (NASDAQCOM); FRED (SP500); FRED (T10Y2Y); DefiLlama (value locked, stablecoins, fees); Coin Metrics Community Data (Bitcoin price)","""2026-09-27""",CC BY 4.0,https://creativecommons.org/licenses/by/4.0/,Luca Valente,"CC BY 4.0 applies to the original compilation and editorial work by Luca Valente. Underlying third-party data retain their source terms, including Coin Metrics CC BY-NC 4.0 where indicated; this export does not replace those terms."
macro_x_crypto,2026-10-05,/blocchi/0/serie/1/punti/43/1,-0.635,"FRED (BAMLC0A4CBBBEY); FRED (DFII10); FRED (DTWEXBGS); FRED (NASDAQCOM); FRED (SP500); FRED (T10Y2Y); DefiLlama (value locked, stablecoins, fees); Coin Metrics Community Data (Bitcoin price)","""2026-09-27""",CC BY 4.0,https://creativecommons.org/licenses/by/4.0/,Luca Valente,"CC BY 4.0 applies to the original compilation and editorial work by Luca Valente. Underlying third-party data retain their source terms, including Coin Metrics CC BY-NC 4.0 where indicated; this export does not replace those terms."
macro_x_crypto,2026-10-05,/blocchi/0/serie/1/punti/44/0,"""2026-08-03""","FRED (BAMLC0A4CBBBEY); FRED (DFII10); FRED (DTWEXBGS); FRED (NASDAQCOM); FRED (SP500); FRED (T10Y2Y); DefiLlama (value locked, stablecoins, fees); Coin Metrics Community Data (Bitcoin price)","""2026-09-27""",CC BY 4.0,https://creativecommons.org/licenses/by/4.0/,Luca Valente,"CC BY 4.0 applies to the original compilation and editorial work by Luca Valente. Underlying third-party data retain their source terms, including Coin Metrics CC BY-NC 4.0 where indicated; this export does not replace those terms."
macro_x_crypto,2026-10-05,/blocchi/0/serie/1/punti/44/1,-0.638,"FRED (BAMLC0A4CBBBEY); FRED (DFII10); FRED (DTWEXBGS); FRED (NASDAQCOM); FRED (SP500); FRED (T10Y2Y); DefiLlama (value locked, stablecoins, fees); Coin Metrics Community Data (Bitcoin price)","""2026-09-27""",CC BY 4.0,https://creativecommons.org/licenses/by/4.0/,Luca Valente,"CC BY 4.0 applies to the original compilation and editorial work by Luca Valente. Underlying third-party data retain their source terms, including Coin Metrics CC BY-NC 4.0 where indicated; this export does not replace those terms."
macro_x_crypto,2026-10-05,/blocchi/0/serie/1/punti/45/0,"""2026-08-10""","FRED (BAMLC0A4CBBBEY); FRED (DFII10); FRED (DTWEXBGS); FRED (NASDAQCOM); FRED (SP500); FRED (T10Y2Y); DefiLlama (value locked, stablecoins, fees); Coin Metrics Community Data (Bitcoin price)","""2026-09-27""",CC BY 4.0,https://creativecommons.org/licenses/by/4.0/,Luca Valente,"CC BY 4.0 applies to the original compilation and editorial work by Luca Valente. Underlying third-party data retain their source terms, including Coin Metrics CC BY-NC 4.0 where indicated; this export does not replace those terms."
macro_x_crypto,2026-10-05,/blocchi/0/serie/1/punti/45/1,-0.614,"FRED (BAMLC0A4CBBBEY); FRED (DFII10); FRED (DTWEXBGS); FRED (NASDAQCOM); FRED (SP500); FRED (T10Y2Y); DefiLlama (value locked, stablecoins, fees); Coin Metrics Community Data (Bitcoin price)","""2026-09-27""",CC BY 4.0,https://creativecommons.org/licenses/by/4.0/,Luca Valente,"CC BY 4.0 applies to the original compilation and editorial work by Luca Valente. Underlying third-party data retain their source terms, including Coin Metrics CC BY-NC 4.0 where indicated; this export does not replace those terms."
macro_x_crypto,2026-10-05,/blocchi/0/serie/1/punti/46/0,"""2026-08-17""","FRED (BAMLC0A4CBBBEY); FRED (DFII10); FRED (DTWEXBGS); FRED (NASDAQCOM); FRED (SP500); FRED (T10Y2Y); DefiLlama (value locked, stablecoins, fees); Coin Metrics Community Data (Bitcoin price)","""2026-09-27""",CC BY 4.0,https://creativecommons.org/licenses/by/4.0/,Luca Valente,"CC BY 4.0 applies to the original compilation and editorial work by Luca Valente. Underlying third-party data retain their source terms, including Coin Metrics CC BY-NC 4.0 where indicated; this export does not replace those terms."
macro_x_crypto,2026-10-05,/blocchi/0/serie/1/punti/46/1,-0.639,"FRED (BAMLC0A4CBBBEY); FRED (DFII10); FRED (DTWEXBGS); FRED (NASDAQCOM); FRED (SP500); FRED (T10Y2Y); DefiLlama (value locked, stablecoins, fees); Coin Metrics Community Data (Bitcoin price)","""2026-09-27""",CC BY 4.0,https://creativecommons.org/licenses/by/4.0/,Luca Valente,"CC BY 4.0 applies to the original compilation and editorial work by Luca Valente. Underlying third-party data retain their source terms, including Coin Metrics CC BY-NC 4.0 where indicated; this export does not replace those terms."
macro_x_crypto,2026-10-05,/blocchi/0/serie/1/punti/47/0,"""2026-08-24""","FRED (BAMLC0A4CBBBEY); FRED (DFII10); FRED (DTWEXBGS); FRED (NASDAQCOM); FRED (SP500); FRED (T10Y2Y); DefiLlama (value locked, stablecoins, fees); Coin Metrics Community Data (Bitcoin price)","""2026-09-27""",CC BY 4.0,https://creativecommons.org/licenses/by/4.0/,Luca Valente,"CC BY 4.0 applies to the original compilation and editorial work by Luca Valente. Underlying third-party data retain their source terms, including Coin Metrics CC BY-NC 4.0 where indicated; this export does not replace those terms."
macro_x_crypto,2026-10-05,/blocchi/0/serie/1/punti/47/1,-0.649,"FRED (BAMLC0A4CBBBEY); FRED (DFII10); FRED (DTWEXBGS); FRED (NASDAQCOM); FRED (SP500); FRED (T10Y2Y); DefiLlama (value locked, stablecoins, fees); Coin Metrics Community Data (Bitcoin price)","""2026-09-27""",CC BY 4.0,https://creativecommons.org/licenses/by/4.0/,Luca Valente,"CC BY 4.0 applies to the original compilation and editorial work by Luca Valente. Underlying third-party data retain their source terms, including Coin Metrics CC BY-NC 4.0 where indicated; this export does not replace those terms."
macro_x_crypto,2026-10-05,/blocchi/0/serie/1/punti/48/0,"""2026-08-31""","FRED (BAMLC0A4CBBBEY); FRED (DFII10); FRED (DTWEXBGS); FRED (NASDAQCOM); FRED (SP500); FRED (T10Y2Y); DefiLlama (value locked, stablecoins, fees); Coin Metrics Community Data (Bitcoin price)","""2026-09-27""",CC BY 4.0,https://creativecommons.org/licenses/by/4.0/,Luca Valente,"CC BY 4.0 applies to the original compilation and editorial work by Luca Valente. Underlying third-party data retain their source terms, including Coin Metrics CC BY-NC 4.0 where indicated; this export does not replace those terms."
macro_x_crypto,2026-10-05,/blocchi/0/serie/1/punti/48/1,-0.492,"FRED (BAMLC0A4CBBBEY); FRED (DFII10); FRED (DTWEXBGS); FRED (NASDAQCOM); FRED (SP500); FRED (T10Y2Y); DefiLlama (value locked, stablecoins, fees); Coin Metrics Community Data (Bitcoin price)","""2026-09-27""",CC BY 4.0,https://creativecommons.org/licenses/by/4.0/,Luca Valente,"CC BY 4.0 applies to the original compilation and editorial work by Luca Valente. Underlying third-party data retain their source terms, including Coin Metrics CC BY-NC 4.0 where indicated; this export does not replace those terms."
macro_x_crypto,2026-10-05,/blocchi/0/serie/1/punti/49/0,"""2026-09-07""","FRED (BAMLC0A4CBBBEY); FRED (DFII10); FRED (DTWEXBGS); FRED (NASDAQCOM); FRED (SP500); FRED (T10Y2Y); DefiLlama (value locked, stablecoins, fees); Coin Metrics Community Data (Bitcoin price)","""2026-09-27""",CC BY 4.0,https://creativecommons.org/licenses/by/4.0/,Luca Valente,"CC BY 4.0 applies to the original compilation and editorial work by Luca Valente. Underlying third-party data retain their source terms, including Coin Metrics CC BY-NC 4.0 where indicated; this export does not replace those terms."
macro_x_crypto,2026-10-05,/blocchi/0/serie/1/punti/49/1,-0.498,"FRED (BAMLC0A4CBBBEY); FRED (DFII10); FRED (DTWEXBGS); FRED (NASDAQCOM); FRED (SP500); FRED (T10Y2Y); DefiLlama (value locked, stablecoins, fees); Coin Metrics Community Data (Bitcoin price)","""2026-09-27""",CC BY 4.0,https://creativecommons.org/licenses/by/4.0/,Luca Valente,"CC BY 4.0 applies to the original compilation and editorial work by Luca Valente. Underlying third-party data retain their source terms, including Coin Metrics CC BY-NC 4.0 where indicated; this export does not replace those terms."
macro_x_crypto,2026-10-05,/blocchi/0/serie/1/punti/50/0,"""2026-09-14""","FRED (BAMLC0A4CBBBEY); FRED (DFII10); FRED (DTWEXBGS); FRED (NASDAQCOM); FRED (SP500); FRED (T10Y2Y); DefiLlama (value locked, stablecoins, fees); Coin Metrics Community Data (Bitcoin price)","""2026-09-27""",CC BY 4.0,https://creativecommons.org/licenses/by/4.0/,Luca Valente,"CC BY 4.0 applies to the original compilation and editorial work by Luca Valente. Underlying third-party data retain their source terms, including Coin Metrics CC BY-NC 4.0 where indicated; this export does not replace those terms."
macro_x_crypto,2026-10-05,/blocchi/0/serie/1/punti/50/1,-0.255,"FRED (BAMLC0A4CBBBEY); FRED (DFII10); FRED (DTWEXBGS); FRED (NASDAQCOM); FRED (SP500); FRED (T10Y2Y); DefiLlama (value locked, stablecoins, fees); Coin Metrics Community Data (Bitcoin price)","""2026-09-27""",CC BY 4.0,https://creativecommons.org/licenses/by/4.0/,Luca Valente,"CC BY 4.0 applies to the original compilation and editorial work by Luca Valente. Underlying third-party data retain their source terms, including Coin Metrics CC BY-NC 4.0 where indicated; this export does not replace those terms."
macro_x_crypto,2026-10-05,/blocchi/0/serie/1/punti/51/0,"""2026-09-21""","FRED (BAMLC0A4CBBBEY); FRED (DFII10); FRED (DTWEXBGS); FRED (NASDAQCOM); FRED (SP500); FRED (T10Y2Y); DefiLlama (value locked, stablecoins, fees); Coin Metrics Community Data (Bitcoin price)","""2026-09-27""",CC BY 4.0,https://creativecommons.org/licenses/by/4.0/,Luca Valente,"CC BY 4.0 applies to the original compilation and editorial work by Luca Valente. Underlying third-party data retain their source terms, including Coin Metrics CC BY-NC 4.0 where indicated; this export does not replace those terms."
macro_x_crypto,2026-10-05,/blocchi/0/serie/1/punti/51/1,-0.148,"FRED (BAMLC0A4CBBBEY); FRED (DFII10); FRED (DTWEXBGS); FRED (NASDAQCOM); FRED (SP500); FRED (T10Y2Y); DefiLlama (value locked, stablecoins, fees); Coin Metrics Community Data (Bitcoin price)","""2026-09-27""",CC BY 4.0,https://creativecommons.org/licenses/by/4.0/,Luca Valente,"CC BY 4.0 applies to the original compilation and editorial work by Luca Valente. Underlying third-party data retain their source terms, including Coin Metrics CC BY-NC 4.0 where indicated; this export does not replace those terms."
macro_x_crypto,2026-10-05,/blocchi/0/serie/2/etichetta,"""Nasdaq Composite and Bitcoin price""","FRED (BAMLC0A4CBBBEY); FRED (DFII10); FRED (DTWEXBGS); FRED (NASDAQCOM); FRED (SP500); FRED (T10Y2Y); DefiLlama (value locked, stablecoins, fees); Coin Metrics Community Data (Bitcoin price)","""2026-09-27""",CC BY 4.0,https://creativecommons.org/licenses/by/4.0/,Luca Valente,"CC BY 4.0 applies to the original compilation and editorial work by Luca Valente. Underlying third-party data retain their source terms, including Coin Metrics CC BY-NC 4.0 where indicated; this export does not replace those terms."
macro_x_crypto,2026-10-05,/blocchi/0/serie/2/unita,null,"FRED (BAMLC0A4CBBBEY); FRED (DFII10); FRED (DTWEXBGS); FRED (NASDAQCOM); FRED (SP500); FRED (T10Y2Y); DefiLlama (value locked, stablecoins, fees); Coin Metrics Community Data (Bitcoin price)","""2026-09-27""",CC BY 4.0,https://creativecommons.org/licenses/by/4.0/,Luca Valente,"CC BY 4.0 applies to the original compilation and editorial work by Luca Valente. Underlying third-party data retain their source terms, including Coin Metrics CC BY-NC 4.0 where indicated; this export does not replace those terms."
macro_x_crypto,2026-10-05,/blocchi/0/serie/2/punti/0/0,"""2025-09-29""","FRED (BAMLC0A4CBBBEY); FRED (DFII10); FRED (DTWEXBGS); FRED (NASDAQCOM); FRED (SP500); FRED (T10Y2Y); DefiLlama (value locked, stablecoins, fees); Coin Metrics Community Data (Bitcoin price)","""2026-09-27""",CC BY 4.0,https://creativecommons.org/licenses/by/4.0/,Luca Valente,"CC BY 4.0 applies to the original compilation and editorial work by Luca Valente. Underlying third-party data retain their source terms, including Coin Metrics CC BY-NC 4.0 where indicated; this export does not replace those terms."
macro_x_crypto,2026-10-05,/blocchi/0/serie/2/punti/0/1,0.49,"FRED (BAMLC0A4CBBBEY); FRED (DFII10); FRED (DTWEXBGS); FRED (NASDAQCOM); FRED (SP500); FRED (T10Y2Y); DefiLlama (value locked, stablecoins, fees); Coin Metrics Community Data (Bitcoin price)","""2026-09-27""",CC BY 4.0,https://creativecommons.org/licenses/by/4.0/,Luca Valente,"CC BY 4.0 applies to the original compilation and editorial work by Luca Valente. Underlying third-party data retain their source terms, including Coin Metrics CC BY-NC 4.0 where indicated; this export does not replace those terms."
macro_x_crypto,2026-10-05,/blocchi/0/serie/2/punti/1/0,"""2025-10-06""","FRED (BAMLC0A4CBBBEY); FRED (DFII10); FRED (DTWEXBGS); FRED (NASDAQCOM); FRED (SP500); FRED (T10Y2Y); DefiLlama (value locked, stablecoins, fees); Coin Metrics Community Data (Bitcoin price)","""2026-09-27""",CC BY 4.0,https://creativecommons.org/licenses/by/4.0/,Luca Valente,"CC BY 4.0 applies to the original compilation and editorial work by Luca Valente. Underlying third-party data retain their source terms, including Coin Metrics CC BY-NC 4.0 where indicated; this export does not replace those terms."
macro_x_crypto,2026-10-05,/blocchi/0/serie/2/punti/1/1,0.741,"FRED (BAMLC0A4CBBBEY); FRED (DFII10); FRED (DTWEXBGS); FRED (NASDAQCOM); FRED (SP500); FRED (T10Y2Y); DefiLlama (value locked, stablecoins, fees); Coin Metrics Community Data (Bitcoin price)","""2026-09-27""",CC BY 4.0,https://creativecommons.org/licenses/by/4.0/,Luca Valente,"CC BY 4.0 applies to the original compilation and editorial work by Luca Valente. Underlying third-party data retain their source terms, including Coin Metrics CC BY-NC 4.0 where indicated; this export does not replace those terms."
macro_x_crypto,2026-10-05,/blocchi/0/serie/2/punti/2/0,"""2025-10-13""","FRED (BAMLC0A4CBBBEY); FRED (DFII10); FRED (DTWEXBGS); FRED (NASDAQCOM); FRED (SP500); FRED (T10Y2Y); DefiLlama (value locked, stablecoins, fees); Coin Metrics Community Data (Bitcoin price)","""2026-09-27""",CC BY 4.0,https://creativecommons.org/licenses/by/4.0/,Luca Valente,"CC BY 4.0 applies to the original compilation and editorial work by Luca Valente. Underlying third-party data retain their source terms, including Coin Metrics CC BY-NC 4.0 where indicated; this export does not replace those terms."
macro_x_crypto,2026-10-05,/blocchi/0/serie/2/punti/2/1,0.62,"FRED (BAMLC0A4CBBBEY); FRED (DFII10); FRED (DTWEXBGS); FRED (NASDAQCOM); FRED (SP500); FRED (T10Y2Y); DefiLlama (value locked, stablecoins, fees); Coin Metrics Community Data (Bitcoin price)","""2026-09-27""",CC BY 4.0,https://creativecommons.org/licenses/by/4.0/,Luca Valente,"CC BY 4.0 applies to the original compilation and editorial work by Luca Valente. Underlying third-party data retain their source terms, including Coin Metrics CC BY-NC 4.0 where indicated; this export does not replace those terms."
macro_x_crypto,2026-10-05,/blocchi/0/serie/2/punti/3/0,"""2025-10-20""","FRED (BAMLC0A4CBBBEY); FRED (DFII10); FRED (DTWEXBGS); FRED (NASDAQCOM); FRED (SP500); FRED (T10Y2Y); DefiLlama (value locked, stablecoins, fees); Coin Metrics Community Data (Bitcoin price)","""2026-09-27""",CC BY 4.0,https://creativecommons.org/licenses/by/4.0/,Luca Valente,"CC BY 4.0 applies to the original compilation and editorial work by Luca Valente. Underlying third-party data retain their source terms, including Coin Metrics CC BY-NC 4.0 where indicated; this export does not replace those terms."
macro_x_crypto,2026-10-05,/blocchi/0/serie/2/punti/3/1,0.648,"FRED (BAMLC0A4CBBBEY); FRED (DFII10); FRED (DTWEXBGS); FRED (NASDAQCOM); FRED (SP500); FRED (T10Y2Y); DefiLlama (value locked, stablecoins, fees); Coin Metrics Community Data (Bitcoin price)","""2026-09-27""",CC BY 4.0,https://creativecommons.org/licenses/by/4.0/,Luca Valente,"CC BY 4.0 applies to the original compilation and editorial work by Luca Valente. Underlying third-party data retain their source terms, including Coin Metrics CC BY-NC 4.0 where indicated; this export does not replace those terms."
macro_x_crypto,2026-10-05,/blocchi/0/serie/2/punti/4/0,"""2025-10-27""","FRED (BAMLC0A4CBBBEY); FRED (DFII10); FRED (DTWEXBGS); FRED (NASDAQCOM); FRED (SP500); FRED (T10Y2Y); DefiLlama (value locked, stablecoins, fees); Coin Metrics Community Data (Bitcoin price)","""2026-09-27""",CC BY 4.0,https://creativecommons.org/licenses/by/4.0/,Luca Valente,"CC BY 4.0 applies to the original compilation and editorial work by Luca Valente. Underlying third-party data retain their source terms, including Coin Metrics CC BY-NC 4.0 where indicated; this export does not replace those terms."
macro_x_crypto,2026-10-05,/blocchi/0/serie/2/punti/4/1,0.553,"FRED (BAMLC0A4CBBBEY); FRED (DFII10); FRED (DTWEXBGS); FRED (NASDAQCOM); FRED (SP500); FRED (T10Y2Y); DefiLlama (value locked, stablecoins, fees); Coin Metrics Community Data (Bitcoin price)","""2026-09-27""",CC BY 4.0,https://creativecommons.org/licenses/by/4.0/,Luca Valente,"CC BY 4.0 applies to the original compilation and editorial work by Luca Valente. Underlying third-party data retain their source terms, including Coin Metrics CC BY-NC 4.0 where indicated; this export does not replace those terms."
macro_x_crypto,2026-10-05,/blocchi/0/serie/2/punti/5/0,"""2025-11-03""","FRED (BAMLC0A4CBBBEY); FRED (DFII10); FRED (DTWEXBGS); FRED (NASDAQCOM); FRED (SP500); FRED (T10Y2Y); DefiLlama (value locked, stablecoins, fees); Coin Metrics Community Data (Bitcoin price)","""2026-09-27""",CC BY 4.0,https://creativecommons.org/licenses/by/4.0/,Luca Valente,"CC BY 4.0 applies to the original compilation and editorial work by Luca Valente. Underlying third-party data retain their source terms, including Coin Metrics CC BY-NC 4.0 where indicated; this export does not replace those terms."
macro_x_crypto,2026-10-05,/blocchi/0/serie/2/punti/5/1,0.544,"FRED (BAMLC0A4CBBBEY); FRED (DFII10); FRED (DTWEXBGS); FRED (NASDAQCOM); FRED (SP500); FRED (T10Y2Y); DefiLlama (value locked, stablecoins, fees); Coin Metrics Community Data (Bitcoin price)","""2026-09-27""",CC BY 4.0,https://creativecommons.org/licenses/by/4.0/,Luca Valente,"CC BY 4.0 applies to the original compilation and editorial work by Luca Valente. Underlying third-party data retain their source terms, including Coin Metrics CC BY-NC 4.0 where indicated; this export does not replace those terms."
macro_x_crypto,2026-10-05,/blocchi/0/serie/2/punti/6/0,"""2025-11-10""","FRED (BAMLC0A4CBBBEY); FRED (DFII10); FRED (DTWEXBGS); FRED (NASDAQCOM); FRED (SP500); FRED (T10Y2Y); DefiLlama (value locked, stablecoins, fees); Coin Metrics Community Data (Bitcoin price)","""2026-09-27""",CC BY 4.0,https://creativecommons.org/licenses/by/4.0/,Luca Valente,"CC BY 4.0 applies to the original compilation and editorial work by Luca Valente. Underlying third-party data retain their source terms, including Coin Metrics CC BY-NC 4.0 where indicated; this export does not replace those terms."
macro_x_crypto,2026-10-05,/blocchi/0/serie/2/punti/6/1,0.545,"FRED (BAMLC0A4CBBBEY); FRED (DFII10); FRED (DTWEXBGS); FRED (NASDAQCOM); FRED (SP500); FRED (T10Y2Y); DefiLlama (value locked, stablecoins, fees); Coin Metrics Community Data (Bitcoin price)","""2026-09-27""",CC BY 4.0,https://creativecommons.org/licenses/by/4.0/,Luca Valente,"CC BY 4.0 applies to the original compilation and editorial work by Luca Valente. Underlying third-party data retain their source terms, including Coin Metrics CC BY-NC 4.0 where indicated; this export does not replace those terms."
macro_x_crypto,2026-10-05,/blocchi/0/serie/2/punti/7/0,"""2025-11-17""","FRED (BAMLC0A4CBBBEY); FRED (DFII10); FRED (DTWEXBGS); FRED (NASDAQCOM); FRED (SP500); FRED (T10Y2Y); DefiLlama (value locked, stablecoins, fees); Coin Metrics Community Data (Bitcoin price)","""2026-09-27""",CC BY 4.0,https://creativecommons.org/licenses/by/4.0/,Luca Valente,"CC BY 4.0 applies to the original compilation and editorial work by Luca Valente. Underlying third-party data retain their source terms, including Coin Metrics CC BY-NC 4.0 where indicated; this export does not replace those terms."
macro_x_crypto,2026-10-05,/blocchi/0/serie/2/punti/7/1,0.596,"FRED (BAMLC0A4CBBBEY); FRED (DFII10); FRED (DTWEXBGS); FRED (NASDAQCOM); FRED (SP500); FRED (T10Y2Y); DefiLlama (value locked, stablecoins, fees); Coin Metrics Community Data (Bitcoin price)","""2026-09-27""",CC BY 4.0,https://creativecommons.org/licenses/by/4.0/,Luca Valente,"CC BY 4.0 applies to the original compilation and editorial work by Luca Valente. Underlying third-party data retain their source terms, including Coin Metrics CC BY-NC 4.0 where indicated; this export does not replace those terms."
macro_x_crypto,2026-10-05,/blocchi/0/serie/2/punti/8/0,"""2025-11-24""","FRED (BAMLC0A4CBBBEY); FRED (DFII10); FRED (DTWEXBGS); FRED (NASDAQCOM); FRED (SP500); FRED (T10Y2Y); DefiLlama (value locked, stablecoins, fees); Coin Metrics Community Data (Bitcoin price)","""2026-09-27""",CC BY 4.0,https://creativecommons.org/licenses/by/4.0/,Luca Valente,"CC BY 4.0 applies to the original compilation and editorial work by Luca Valente. Underlying third-party data retain their source terms, including Coin Metrics CC BY-NC 4.0 where indicated; this export does not replace those terms."
macro_x_crypto,2026-10-05,/blocchi/0/serie/2/punti/8/1,0.631,"FRED (BAMLC0A4CBBBEY); FRED (DFII10); FRED (DTWEXBGS); FRED (NASDAQCOM); FRED (SP500); FRED (T10Y2Y); DefiLlama (value locked, stablecoins, fees); Coin Metrics Community Data (Bitcoin price)","""2026-09-27""",CC BY 4.0,https://creativecommons.org/licenses/by/4.0/,Luca Valente,"CC BY 4.0 applies to the original compilation and editorial work by Luca Valente. Underlying third-party data retain their source terms, including Coin Metrics CC BY-NC 4.0 where indicated; this export does not replace those terms."
macro_x_crypto,2026-10-05,/blocchi/0/serie/2/punti/9/0,"""2025-12-01""","FRED (BAMLC0A4CBBBEY); FRED (DFII10); FRED (DTWEXBGS); FRED (NASDAQCOM); FRED (SP500); FRED (T10Y2Y); DefiLlama (value locked, stablecoins, fees); Coin Metrics Community Data (Bitcoin price)","""2026-09-27""",CC BY 4.0,https://creativecommons.org/licenses/by/4.0/,Luca Valente,"CC BY 4.0 applies to the original compilation and editorial work by Luca Valente. Underlying third-party data retain their source terms, including Coin Metrics CC BY-NC 4.0 where indicated; this export does not replace those terms."
macro_x_crypto,2026-10-05,/blocchi/0/serie/2/punti/9/1,0.633,"FRED (BAMLC0A4CBBBEY); FRED (DFII10); FRED (DTWEXBGS); FRED (NASDAQCOM); FRED (SP500); FRED (T10Y2Y); DefiLlama (value locked, stablecoins, fees); Coin Metrics Community Data (Bitcoin price)","""2026-09-27""",CC BY 4.0,https://creativecommons.org/licenses/by/4.0/,Luca Valente,"CC BY 4.0 applies to the original compilation and editorial work by Luca Valente. Underlying third-party data retain their source terms, including Coin Metrics CC BY-NC 4.0 where indicated; this export does not replace those terms."
macro_x_crypto,2026-10-05,/blocchi/0/serie/2/punti/10/0,"""2025-12-08""","FRED (BAMLC0A4CBBBEY); FRED (DFII10); FRED (DTWEXBGS); FRED (NASDAQCOM); FRED (SP500); FRED (T10Y2Y); DefiLlama (value locked, stablecoins, fees); Coin Metrics Community Data (Bitcoin price)","""2026-09-27""",CC BY 4.0,https://creativecommons.org/licenses/by/4.0/,Luca Valente,"CC BY 4.0 applies to the original compilation and editorial work by Luca Valente. Underlying third-party data retain their source terms, including Coin Metrics CC BY-NC 4.0 where indicated; this export does not replace those terms."
macro_x_crypto,2026-10-05,/blocchi/0/serie/2/punti/10/1,0.601,"FRED (BAMLC0A4CBBBEY); FRED (DFII10); FRED (DTWEXBGS); FRED (NASDAQCOM); FRED (SP500); FRED (T10Y2Y); DefiLlama (value locked, stablecoins, fees); Coin Metrics Community Data (Bitcoin price)","""2026-09-27""",CC BY 4.0,https://creativecommons.org/licenses/by/4.0/,Luca Valente,"CC BY 4.0 applies to the original compilation and editorial work by Luca Valente. Underlying third-party data retain their source terms, including Coin Metrics CC BY-NC 4.0 where indicated; this export does not replace those terms."
macro_x_crypto,2026-10-05,/blocchi/0/serie/2/punti/11/0,"""2025-12-15""","FRED (BAMLC0A4CBBBEY); FRED (DFII10); FRED (DTWEXBGS); FRED (NASDAQCOM); FRED (SP500); FRED (T10Y2Y); DefiLlama (value locked, stablecoins, fees); Coin Metrics Community Data (Bitcoin price)","""2026-09-27""",CC BY 4.0,https://creativecommons.org/licenses/by/4.0/,Luca Valente,"CC BY 4.0 applies to the original compilation and editorial work by Luca Valente. Underlying third-party data retain their source terms, including Coin Metrics CC BY-NC 4.0 where indicated; this export does not replace those terms."
macro_x_crypto,2026-10-05,/blocchi/0/serie/2/punti/11/1,0.595,"FRED (BAMLC0A4CBBBEY); FRED (DFII10); FRED (DTWEXBGS); FRED (NASDAQCOM); FRED (SP500); FRED (T10Y2Y); DefiLlama (value locked, stablecoins, fees); Coin Metrics Community Data (Bitcoin price)","""2026-09-27""",CC BY 4.0,https://creativecommons.org/licenses/by/4.0/,Luca Valente,"CC BY 4.0 applies to the original compilation and editorial work by Luca Valente. Underlying third-party data retain their source terms, including Coin Metrics CC BY-NC 4.0 where indicated; this export does not replace those terms."
macro_x_crypto,2026-10-05,/blocchi/0/serie/2/punti/12/0,"""2025-12-22""","FRED (BAMLC0A4CBBBEY); FRED (DFII10); FRED (DTWEXBGS); FRED (NASDAQCOM); FRED (SP500); FRED (T10Y2Y); DefiLlama (value locked, stablecoins, fees); Coin Metrics Community Data (Bitcoin price)","""2026-09-27""",CC BY 4.0,https://creativecommons.org/licenses/by/4.0/,Luca Valente,"CC BY 4.0 applies to the original compilation and editorial work by Luca Valente. Underlying third-party data retain their source terms, including Coin Metrics CC BY-NC 4.0 where indicated; this export does not replace those terms."
macro_x_crypto,2026-10-05,/blocchi/0/serie/2/punti/12/1,0.596,"FRED (BAMLC0A4CBBBEY); FRED (DFII10); FRED (DTWEXBGS); FRED (NASDAQCOM); FRED (SP500); FRED (T10Y2Y); DefiLlama (value locked, stablecoins, fees); Coin Metrics Community Data (Bitcoin price)","""2026-09-27""",CC BY 4.0,https://creativecommons.org/licenses/by/4.0/,Luca Valente,"CC BY 4.0 applies to the original compilation and editorial work by Luca Valente. Underlying third-party data retain their source terms, including Coin Metrics CC BY-NC 4.0 where indicated; this export does not replace those terms."
macro_x_crypto,2026-10-05,/blocchi/0/serie/2/punti/13/0,"""2025-12-29""","FRED (BAMLC0A4CBBBEY); FRED (DFII10); FRED (DTWEXBGS); FRED (NASDAQCOM); FRED (SP500); FRED (T10Y2Y); DefiLlama (value locked, stablecoins, fees); Coin Metrics Community Data (Bitcoin price)","""2026-09-27""",CC BY 4.0,https://creativecommons.org/licenses/by/4.0/,Luca Valente,"CC BY 4.0 applies to the original compilation and editorial work by Luca Valente. Underlying third-party data retain their source terms, including Coin Metrics CC BY-NC 4.0 where indicated; this export does not replace those terms."
macro_x_crypto,2026-10-05,/blocchi/0/serie/2/punti/13/1,0.516,"FRED (BAMLC0A4CBBBEY); FRED (DFII10); FRED (DTWEXBGS); FRED (NASDAQCOM); FRED (SP500); FRED (T10Y2Y); DefiLlama (value locked, stablecoins, fees); Coin Metrics Community Data (Bitcoin price)","""2026-09-27""",CC BY 4.0,https://creativecommons.org/licenses/by/4.0/,Luca Valente,"CC BY 4.0 applies to the original compilation and editorial work by Luca Valente. Underlying third-party data retain their source terms, including Coin Metrics CC BY-NC 4.0 where indicated; this export does not replace those terms."
macro_x_crypto,2026-10-05,/blocchi/0/serie/2/punti/14/0,"""2026-01-05""","FRED (BAMLC0A4CBBBEY); FRED (DFII10); FRED (DTWEXBGS); FRED (NASDAQCOM); FRED (SP500); FRED (T10Y2Y); DefiLlama (value locked, stablecoins, fees); Coin Metrics Community Data (Bitcoin price)","""2026-09-27""",CC BY 4.0,https://creativecommons.org/licenses/by/4.0/,Luca Valente,"CC BY 4.0 applies to the original compilation and editorial work by Luca Valente. Underlying third-party data retain their source terms, including Coin Metrics CC BY-NC 4.0 where indicated; this export does not replace those terms."
macro_x_crypto,2026-10-05,/blocchi/0/serie/2/punti/14/1,0.469,"FRED (BAMLC0A4CBBBEY); FRED (DFII10); FRED (DTWEXBGS); FRED (NASDAQCOM); FRED (SP500); FRED (T10Y2Y); DefiLlama (value locked, stablecoins, fees); Coin Metrics Community Data (Bitcoin price)","""2026-09-27""",CC BY 4.0,https://creativecommons.org/licenses/by/4.0/,Luca Valente,"CC BY 4.0 applies to the original compilation and editorial work by Luca Valente. Underlying third-party data retain their source terms, including Coin Metrics CC BY-NC 4.0 where indicated; this export does not replace those terms."
macro_x_crypto,2026-10-05,/blocchi/0/serie/2/punti/15/0,"""2026-01-12""","FRED (BAMLC0A4CBBBEY); FRED (DFII10); FRED (DTWEXBGS); FRED (NASDAQCOM); FRED (SP500); FRED (T10Y2Y); DefiLlama (value locked, stablecoins, fees); Coin Metrics Community Data (Bitcoin price)","""2026-09-27""",CC BY 4.0,https://creativecommons.org/licenses/by/4.0/,Luca Valente,"CC BY 4.0 applies to the original compilation and editorial work by Luca Valente. Underlying third-party data retain their source terms, including Coin Metrics CC BY-NC 4.0 where indicated; this export does not replace those terms."
macro_x_crypto,2026-10-05,/blocchi/0/serie/2/punti/15/1,0.483,"FRED (BAMLC0A4CBBBEY); FRED (DFII10); FRED (DTWEXBGS); FRED (NASDAQCOM); FRED (SP500); FRED (T10Y2Y); DefiLlama (value locked, stablecoins, fees); Coin Metrics Community Data (Bitcoin price)","""2026-09-27""",CC BY 4.0,https://creativecommons.org/licenses/by/4.0/,Luca Valente,"CC BY 4.0 applies to the original compilation and editorial work by Luca Valente. Underlying third-party data retain their source terms, including Coin Metrics CC BY-NC 4.0 where indicated; this export does not replace those terms."
macro_x_crypto,2026-10-05,/blocchi/0/serie/2/punti/16/0,"""2026-01-19""","FRED (BAMLC0A4CBBBEY); FRED (DFII10); FRED (DTWEXBGS); FRED (NASDAQCOM); FRED (SP500); FRED (T10Y2Y); DefiLlama (value locked, stablecoins, fees); Coin Metrics Community Data (Bitcoin price)","""2026-09-27""",CC BY 4.0,https://creativecommons.org/licenses/by/4.0/,Luca Valente,"CC BY 4.0 applies to the original compilation and editorial work by Luca Valente. Underlying third-party data retain their source terms, including Coin Metrics CC BY-NC 4.0 where indicated; this export does not replace those terms."
macro_x_crypto,2026-10-05,/blocchi/0/serie/2/punti/16/1,0.4,"FRED (BAMLC0A4CBBBEY); FRED (DFII10); FRED (DTWEXBGS); FRED (NASDAQCOM); FRED (SP500); FRED (T10Y2Y); DefiLlama (value locked, stablecoins, fees); Coin Metrics Community Data (Bitcoin price)","""2026-09-27""",CC BY 4.0,https://creativecommons.org/licenses/by/4.0/,Luca Valente,"CC BY 4.0 applies to the original compilation and editorial work by Luca Valente. Underlying third-party data retain their source terms, including Coin Metrics CC BY-NC 4.0 where indicated; this export does not replace those terms."
macro_x_crypto,2026-10-05,/blocchi/0/serie/2/punti/17/0,"""2026-01-26""","FRED (BAMLC0A4CBBBEY); FRED (DFII10); FRED (DTWEXBGS); FRED (NASDAQCOM); FRED (SP500); FRED (T10Y2Y); DefiLlama (value locked, stablecoins, fees); Coin Metrics Community Data (Bitcoin price)","""2026-09-27""",CC BY 4.0,https://creativecommons.org/licenses/by/4.0/,Luca Valente,"CC BY 4.0 applies to the original compilation and editorial work by Luca Valente. Underlying third-party data retain their source terms, including Coin Metrics CC BY-NC 4.0 where indicated; this export does not replace those terms."
macro_x_crypto,2026-10-05,/blocchi/0/serie/2/punti/17/1,0.399,"FRED (BAMLC0A4CBBBEY); FRED (DFII10); FRED (DTWEXBGS); FRED (NASDAQCOM); FRED (SP500); FRED (T10Y2Y); DefiLlama (value locked, stablecoins, fees); Coin Metrics Community Data (Bitcoin price)","""2026-09-27""",CC BY 4.0,https://creativecommons.org/licenses/by/4.0/,Luca Valente,"CC BY 4.0 applies to the original compilation and editorial work by Luca Valente. Underlying third-party data retain their source terms, including Coin Metrics CC BY-NC 4.0 where indicated; this export does not replace those terms."
macro_x_crypto,2026-10-05,/blocchi/0/serie/2/punti/18/0,"""2026-02-02""","FRED (BAMLC0A4CBBBEY); FRED (DFII10); FRED (DTWEXBGS); FRED (NASDAQCOM); FRED (SP500); FRED (T10Y2Y); DefiLlama (value locked, stablecoins, fees); Coin Metrics Community Data (Bitcoin price)","""2026-09-27""",CC BY 4.0,https://creativecommons.org/licenses/by/4.0/,Luca Valente,"CC BY 4.0 applies to the original compilation and editorial work by Luca Valente. Underlying third-party data retain their source terms, including Coin Metrics CC BY-NC 4.0 where indicated; this export does not replace those terms."
macro_x_crypto,2026-10-05,/blocchi/0/serie/2/punti/18/1,0.433,"FRED (BAMLC0A4CBBBEY); FRED (DFII10); FRED (DTWEXBGS); FRED (NASDAQCOM); FRED (SP500); FRED (T10Y2Y); DefiLlama (value locked, stablecoins, fees); Coin Metrics Community Data (Bitcoin price)","""2026-09-27""",CC BY 4.0,https://creativecommons.org/licenses/by/4.0/,Luca Valente,"CC BY 4.0 applies to the original compilation and editorial work by Luca Valente. Underlying third-party data retain their source terms, including Coin Metrics CC BY-NC 4.0 where indicated; this export does not replace those terms."
macro_x_crypto,2026-10-05,/blocchi/0/serie/2/punti/19/0,"""2026-02-09""","FRED (BAMLC0A4CBBBEY); FRED (DFII10); FRED (DTWEXBGS); FRED (NASDAQCOM); FRED (SP500); FRED (T10Y2Y); DefiLlama (value locked, stablecoins, fees); Coin Metrics Community Data (Bitcoin price)","""2026-09-27""",CC BY 4.0,https://creativecommons.org/licenses/by/4.0/,Luca Valente,"CC BY 4.0 applies to the original compilation and editorial work by Luca Valente. Underlying third-party data retain their source terms, including Coin Metrics CC BY-NC 4.0 where indicated; this export does not replace those terms."
macro_x_crypto,2026-10-05,/blocchi/0/serie/2/punti/19/1,0.427,"FRED (BAMLC0A4CBBBEY); FRED (DFII10); FRED (DTWEXBGS); FRED (NASDAQCOM); FRED (SP500); FRED (T10Y2Y); DefiLlama (value locked, stablecoins, fees); Coin Metrics Community Data (Bitcoin price)","""2026-09-27""",CC BY 4.0,https://creativecommons.org/licenses/by/4.0/,Luca Valente,"CC BY 4.0 applies to the original compilation and editorial work by Luca Valente. Underlying third-party data retain their source terms, including Coin Metrics CC BY-NC 4.0 where indicated; this export does not replace those terms."
macro_x_crypto,2026-10-05,/blocchi/0/serie/2/punti/20/0,"""2026-02-16""","FRED (BAMLC0A4CBBBEY); FRED (DFII10); FRED (DTWEXBGS); FRED (NASDAQCOM); FRED (SP500); FRED (T10Y2Y); DefiLlama (value locked, stablecoins, fees); Coin Metrics Community Data (Bitcoin price)","""2026-09-27""",CC BY 4.0,https://creativecommons.org/licenses/by/4.0/,Luca Valente,"CC BY 4.0 applies to the original compilation and editorial work by Luca Valente. Underlying third-party data retain their source terms, including Coin Metrics CC BY-NC 4.0 where indicated; this export does not replace those terms."
macro_x_crypto,2026-10-05,/blocchi/0/serie/2/punti/20/1,0.343,"FRED (BAMLC0A4CBBBEY); FRED (DFII10); FRED (DTWEXBGS); FRED (NASDAQCOM); FRED (SP500); FRED (T10Y2Y); DefiLlama (value locked, stablecoins, fees); Coin Metrics Community Data (Bitcoin price)","""2026-09-27""",CC BY 4.0,https://creativecommons.org/licenses/by/4.0/,Luca Valente,"CC BY 4.0 applies to the original compilation and editorial work by Luca Valente. Underlying third-party data retain their source terms, including Coin Metrics CC BY-NC 4.0 where indicated; this export does not replace those terms."
macro_x_crypto,2026-10-05,/blocchi/0/serie/2/punti/21/0,"""2026-02-23""","FRED (BAMLC0A4CBBBEY); FRED (DFII10); FRED (DTWEXBGS); FRED (NASDAQCOM); FRED (SP500); FRED (T10Y2Y); DefiLlama (value locked, stablecoins, fees); Coin Metrics Community Data (Bitcoin price)","""2026-09-27""",CC BY 4.0,https://creativecommons.org/licenses/by/4.0/,Luca Valente,"CC BY 4.0 applies to the original compilation and editorial work by Luca Valente. Underlying third-party data retain their source terms, including Coin Metrics CC BY-NC 4.0 where indicated; this export does not replace those terms."
macro_x_crypto,2026-10-05,/blocchi/0/serie/2/punti/21/1,0.123,"FRED (BAMLC0A4CBBBEY); FRED (DFII10); FRED (DTWEXBGS); FRED (NASDAQCOM); FRED (SP500); FRED (T10Y2Y); DefiLlama (value locked, stablecoins, fees); Coin Metrics Community Data (Bitcoin price)","""2026-09-27""",CC BY 4.0,https://creativecommons.org/licenses/by/4.0/,Luca Valente,"CC BY 4.0 applies to the original compilation and editorial work by Luca Valente. Underlying third-party data retain their source terms, including Coin Metrics CC BY-NC 4.0 where indicated; this export does not replace those terms."
macro_x_crypto,2026-10-05,/blocchi/0/serie/2/punti/22/0,"""2026-03-02""","FRED (BAMLC0A4CBBBEY); FRED (DFII10); FRED (DTWEXBGS); FRED (NASDAQCOM); FRED (SP500); FRED (T10Y2Y); DefiLlama (value locked, stablecoins, fees); Coin Metrics Community Data (Bitcoin price)","""2026-09-27""",CC BY 4.0,https://creativecommons.org/licenses/by/4.0/,Luca Valente,"CC BY 4.0 applies to the original compilation and editorial work by Luca Valente. Underlying third-party data retain their source terms, including Coin Metrics CC BY-NC 4.0 where indicated; this export does not replace those terms."
macro_x_crypto,2026-10-05,/blocchi/0/serie/2/punti/22/1,0.055,"FRED (BAMLC0A4CBBBEY); FRED (DFII10); FRED (DTWEXBGS); FRED (NASDAQCOM); FRED (SP500); FRED (T10Y2Y); DefiLlama (value locked, stablecoins, fees); Coin Metrics Community Data (Bitcoin price)","""2026-09-27""",CC BY 4.0,https://creativecommons.org/licenses/by/4.0/,Luca Valente,"CC BY 4.0 applies to the original compilation and editorial work by Luca Valente. Underlying third-party data retain their source terms, including Coin Metrics CC BY-NC 4.0 where indicated; this export does not replace those terms."
macro_x_crypto,2026-10-05,/blocchi/0/serie/2/punti/23/0,"""2026-03-09""","FRED (BAMLC0A4CBBBEY); FRED (DFII10); FRED (DTWEXBGS); FRED (NASDAQCOM); FRED (SP500); FRED (T10Y2Y); DefiLlama (value locked, stablecoins, fees); Coin Metrics Community Data (Bitcoin price)","""2026-09-27""",CC BY 4.0,https://creativecommons.org/licenses/by/4.0/,Luca Valente,"CC BY 4.0 applies to the original compilation and editorial work by Luca Valente. Underlying third-party data retain their source terms, including Coin Metrics CC BY-NC 4.0 where indicated; this export does not replace those terms."
macro_x_crypto,2026-10-05,/blocchi/0/serie/2/punti/23/1,-0.069,"FRED (BAMLC0A4CBBBEY); FRED (DFII10); FRED (DTWEXBGS); FRED (NASDAQCOM); FRED (SP500); FRED (T10Y2Y); DefiLlama (value locked, stablecoins, fees); Coin Metrics Community Data (Bitcoin price)","""2026-09-27""",CC BY 4.0,https://creativecommons.org/licenses/by/4.0/,Luca Valente,"CC BY 4.0 applies to the original compilation and editorial work by Luca Valente. Underlying third-party data retain their source terms, including Coin Metrics CC BY-NC 4.0 where indicated; this export does not replace those terms."
macro_x_crypto,2026-10-05,/blocchi/0/serie/2/punti/24/0,"""2026-03-16""","FRED (BAMLC0A4CBBBEY); FRED (DFII10); FRED (DTWEXBGS); FRED (NASDAQCOM); FRED (SP500); FRED (T10Y2Y); DefiLlama (value locked, stablecoins, fees); Coin Metrics Community Data (Bitcoin price)","""2026-09-27""",CC BY 4.0,https://creativecommons.org/licenses/by/4.0/,Luca Valente,"CC BY 4.0 applies to the original compilation and editorial work by Luca Valente. Underlying third-party data retain their source terms, including Coin Metrics CC BY-NC 4.0 where indicated; this export does not replace those terms."
macro_x_crypto,2026-10-05,/blocchi/0/serie/2/punti/24/1,-0.003,"FRED (BAMLC0A4CBBBEY); FRED (DFII10); FRED (DTWEXBGS); FRED (NASDAQCOM); FRED (SP500); FRED (T10Y2Y); DefiLlama (value locked, stablecoins, fees); Coin Metrics Community Data (Bitcoin price)","""2026-09-27""",CC BY 4.0,https://creativecommons.org/licenses/by/4.0/,Luca Valente,"CC BY 4.0 applies to the original compilation and editorial work by Luca Valente. Underlying third-party data retain their source terms, including Coin Metrics CC BY-NC 4.0 where indicated; this export does not replace those terms."
macro_x_crypto,2026-10-05,/blocchi/0/serie/2/punti/25/0,"""2026-03-23""","FRED (BAMLC0A4CBBBEY); FRED (DFII10); FRED (DTWEXBGS); FRED (NASDAQCOM); FRED (SP500); FRED (T10Y2Y); DefiLlama (value locked, stablecoins, fees); Coin Metrics Community Data (Bitcoin price)","""2026-09-27""",CC BY 4.0,https://creativecommons.org/licenses/by/4.0/,Luca Valente,"CC BY 4.0 applies to the original compilation and editorial work by Luca Valente. Underlying third-party data retain their source terms, including Coin Metrics CC BY-NC 4.0 where indicated; this export does not replace those terms."
macro_x_crypto,2026-10-05,/blocchi/0/serie/2/punti/25/1,-0.003,"FRED (BAMLC0A4CBBBEY); FRED (DFII10); FRED (DTWEXBGS); FRED (NASDAQCOM); FRED (SP500); FRED (T10Y2Y); DefiLlama (value locked, stablecoins, fees); Coin Metrics Community Data (Bitcoin price)","""2026-09-27""",CC BY 4.0,https://creativecommons.org/licenses/by/4.0/,Luca Valente,"CC BY 4.0 applies to the original compilation and editorial work by Luca Valente. Underlying third-party data retain their source terms, including Coin Metrics CC BY-NC 4.0 where indicated; this export does not replace those terms."
macro_x_crypto,2026-10-05,/blocchi/0/serie/2/punti/26/0,"""2026-03-30""","FRED (BAMLC0A4CBBBEY); FRED (DFII10); FRED (DTWEXBGS); FRED (NASDAQCOM); FRED (SP500); FRED (T10Y2Y); DefiLlama (value locked, stablecoins, fees); Coin Metrics Community Data (Bitcoin price)","""2026-09-27""",CC BY 4.0,https://creativecommons.org/licenses/by/4.0/,Luca Valente,"CC BY 4.0 applies to the original compilation and editorial work by Luca Valente. Underlying third-party data retain their source terms, including Coin Metrics CC BY-NC 4.0 where indicated; this export does not replace those terms."
macro_x_crypto,2026-10-05,/blocchi/0/serie/2/punti/26/1,0.264,"FRED (BAMLC0A4CBBBEY); FRED (DFII10); FRED (DTWEXBGS); FRED (NASDAQCOM); FRED (SP500); FRED (T10Y2Y); DefiLlama (value locked, stablecoins, fees); Coin Metrics Community Data (Bitcoin price)","""2026-09-27""",CC BY 4.0,https://creativecommons.org/licenses/by/4.0/,Luca Valente,"CC BY 4.0 applies to the original compilation and editorial work by Luca Valente. Underlying third-party data retain their source terms, including Coin Metrics CC BY-NC 4.0 where indicated; this export does not replace those terms."
macro_x_crypto,2026-10-05,/blocchi/0/serie/2/punti/27/0,"""2026-04-06""","FRED (BAMLC0A4CBBBEY); FRED (DFII10); FRED (DTWEXBGS); FRED (NASDAQCOM); FRED (SP500); FRED (T10Y2Y); DefiLlama (value locked, stablecoins, fees); Coin Metrics Community Data (Bitcoin price)","""2026-09-27""",CC BY 4.0,https://creativecommons.org/licenses/by/4.0/,Luca Valente,"CC BY 4.0 applies to the original compilation and editorial work by Luca Valente. Underlying third-party data retain their source terms, including Coin Metrics CC BY-NC 4.0 where indicated; this export does not replace those terms."
macro_x_crypto,2026-10-05,/blocchi/0/serie/2/punti/27/1,0.331,"FRED (BAMLC0A4CBBBEY); FRED (DFII10); FRED (DTWEXBGS); FRED (NASDAQCOM); FRED (SP500); FRED (T10Y2Y); DefiLlama (value locked, stablecoins, fees); Coin Metrics Community Data (Bitcoin price)","""2026-09-27""",CC BY 4.0,https://creativecommons.org/licenses/by/4.0/,Luca Valente,"CC BY 4.0 applies to the original compilation and editorial work by Luca Valente. Underlying third-party data retain their source terms, including Coin Metrics CC BY-NC 4.0 where indicated; this export does not replace those terms."
macro_x_crypto,2026-10-05,/blocchi/0/serie/2/punti/28/0,"""2026-04-13""","FRED (BAMLC0A4CBBBEY); FRED (DFII10); FRED (DTWEXBGS); FRED (NASDAQCOM); FRED (SP500); FRED (T10Y2Y); DefiLlama (value locked, stablecoins, fees); Coin Metrics Community Data (Bitcoin price)","""2026-09-27""",CC BY 4.0,https://creativecommons.org/licenses/by/4.0/,Luca Valente,"CC BY 4.0 applies to the original compilation and editorial work by Luca Valente. Underlying third-party data retain their source terms, including Coin Metrics CC BY-NC 4.0 where indicated; this export does not replace those terms."
macro_x_crypto,2026-10-05,/blocchi/0/serie/2/punti/28/1,0.462,"FRED (BAMLC0A4CBBBEY); FRED (DFII10); FRED (DTWEXBGS); FRED (NASDAQCOM); FRED (SP500); FRED (T10Y2Y); DefiLlama (value locked, stablecoins, fees); Coin Metrics Community Data (Bitcoin price)","""2026-09-27""",CC BY 4.0,https://creativecommons.org/licenses/by/4.0/,Luca Valente,"CC BY 4.0 applies to the original compilation and editorial work by Luca Valente. Underlying third-party data retain their source terms, including Coin Metrics CC BY-NC 4.0 where indicated; this export does not replace those terms."
macro_x_crypto,2026-10-05,/blocchi/0/serie/2/punti/29/0,"""2026-04-20""","FRED (BAMLC0A4CBBBEY); FRED (DFII10); FRED (DTWEXBGS); FRED (NASDAQCOM); FRED (SP500); FRED (T10Y2Y); DefiLlama (value locked, stablecoins, fees); Coin Metrics Community Data (Bitcoin price)","""2026-09-27""",CC BY 4.0,https://creativecommons.org/licenses/by/4.0/,Luca Valente,"CC BY 4.0 applies to the original compilation and editorial work by Luca Valente. Underlying third-party data retain their source terms, including Coin Metrics CC BY-NC 4.0 where indicated; this export does not replace those terms."
macro_x_crypto,2026-10-05,/blocchi/0/serie/2/punti/29/1,0.483,"FRED (BAMLC0A4CBBBEY); FRED (DFII10); FRED (DTWEXBGS); FRED (NASDAQCOM); FRED (SP500); FRED (T10Y2Y); DefiLlama (value locked, stablecoins, fees); Coin Metrics Community Data (Bitcoin price)","""2026-09-27""",CC BY 4.0,https://creativecommons.org/licenses/by/4.0/,Luca Valente,"CC BY 4.0 applies to the original compilation and editorial work by Luca Valente. Underlying third-party data retain their source terms, including Coin Metrics CC BY-NC 4.0 where indicated; this export does not replace those terms."
macro_x_crypto,2026-10-05,/blocchi/0/serie/2/punti/30/0,"""2026-04-27""","FRED (BAMLC0A4CBBBEY); FRED (DFII10); FRED (DTWEXBGS); FRED (NASDAQCOM); FRED (SP500); FRED (T10Y2Y); DefiLlama (value locked, stablecoins, fees); Coin Metrics Community Data (Bitcoin price)","""2026-09-27""",CC BY 4.0,https://creativecommons.org/licenses/by/4.0/,Luca Valente,"CC BY 4.0 applies to the original compilation and editorial work by Luca Valente. Underlying third-party data retain their source terms, including Coin Metrics CC BY-NC 4.0 where indicated; this export does not replace those terms."
macro_x_crypto,2026-10-05,/blocchi/0/serie/2/punti/30/1,0.536,"FRED (BAMLC0A4CBBBEY); FRED (DFII10); FRED (DTWEXBGS); FRED (NASDAQCOM); FRED (SP500); FRED (T10Y2Y); DefiLlama (value locked, stablecoins, fees); Coin Metrics Community Data (Bitcoin price)","""2026-09-27""",CC BY 4.0,https://creativecommons.org/licenses/by/4.0/,Luca Valente,"CC BY 4.0 applies to the original compilation and editorial work by Luca Valente. Underlying third-party data retain their source terms, including Coin Metrics CC BY-NC 4.0 where indicated; this export does not replace those terms."
macro_x_crypto,2026-10-05,/blocchi/0/serie/2/punti/31/0,"""2026-05-04""","FRED (BAMLC0A4CBBBEY); FRED (DFII10); FRED (DTWEXBGS); FRED (NASDAQCOM); FRED (SP500); FRED (T10Y2Y); DefiLlama (value locked, stablecoins, fees); Coin Metrics Community Data (Bitcoin price)","""2026-09-27""",CC BY 4.0,https://creativecommons.org/licenses/by/4.0/,Luca Valente,"CC BY 4.0 applies to the original compilation and editorial work by Luca Valente. Underlying third-party data retain their source terms, including Coin Metrics CC BY-NC 4.0 where indicated; this export does not replace those terms."
macro_x_crypto,2026-10-05,/blocchi/0/serie/2/punti/31/1,0.532,"FRED (BAMLC0A4CBBBEY); FRED (DFII10); FRED (DTWEXBGS); FRED (NASDAQCOM); FRED (SP500); FRED (T10Y2Y); DefiLlama (value locked, stablecoins, fees); Coin Metrics Community Data (Bitcoin price)","""2026-09-27""",CC BY 4.0,https://creativecommons.org/licenses/by/4.0/,Luca Valente,"CC BY 4.0 applies to the original compilation and editorial work by Luca Valente. Underlying third-party data retain their source terms, including Coin Metrics CC BY-NC 4.0 where indicated; this export does not replace those terms."
macro_x_crypto,2026-10-05,/blocchi/0/serie/2/punti/32/0,"""2026-05-11""","FRED (BAMLC0A4CBBBEY); FRED (DFII10); FRED (DTWEXBGS); FRED (NASDAQCOM); FRED (SP500); FRED (T10Y2Y); DefiLlama (value locked, stablecoins, fees); Coin Metrics Community Data (Bitcoin price)","""2026-09-27""",CC BY 4.0,https://creativecommons.org/licenses/by/4.0/,Luca Valente,"CC BY 4.0 applies to the original compilation and editorial work by Luca Valente. Underlying third-party data retain their source terms, including Coin Metrics CC BY-NC 4.0 where indicated; this export does not replace those terms."
macro_x_crypto,2026-10-05,/blocchi/0/serie/2/punti/32/1,0.495,"FRED (BAMLC0A4CBBBEY); FRED (DFII10); FRED (DTWEXBGS); FRED (NASDAQCOM); FRED (SP500); FRED (T10Y2Y); DefiLlama (value locked, stablecoins, fees); Coin Metrics Community Data (Bitcoin price)","""2026-09-27""",CC BY 4.0,https://creativecommons.org/licenses/by/4.0/,Luca Valente,"CC BY 4.0 applies to the original compilation and editorial work by Luca Valente. Underlying third-party data retain their source terms, including Coin Metrics CC BY-NC 4.0 where indicated; this export does not replace those terms."
macro_x_crypto,2026-10-05,/blocchi/0/serie/2/punti/33/0,"""2026-05-18""","FRED (BAMLC0A4CBBBEY); FRED (DFII10); FRED (DTWEXBGS); FRED (NASDAQCOM); FRED (SP500); FRED (T10Y2Y); DefiLlama (value locked, stablecoins, fees); Coin Metrics Community Data (Bitcoin price)","""2026-09-27""",CC BY 4.0,https://creativecommons.org/licenses/by/4.0/,Luca Valente,"CC BY 4.0 applies to the original compilation and editorial work by Luca Valente. Underlying third-party data retain their source terms, including Coin Metrics CC BY-NC 4.0 where indicated; this export does not replace those terms."
macro_x_crypto,2026-10-05,/blocchi/0/serie/2/punti/33/1,0.51,"FRED (BAMLC0A4CBBBEY); FRED (DFII10); FRED (DTWEXBGS); FRED (NASDAQCOM); FRED (SP500); FRED (T10Y2Y); DefiLlama (value locked, stablecoins, fees); Coin Metrics Community Data (Bitcoin price)","""2026-09-27""",CC BY 4.0,https://creativecommons.org/licenses/by/4.0/,Luca Valente,"CC BY 4.0 applies to the original compilation and editorial work by Luca Valente. Underlying third-party data retain their source terms, including Coin Metrics CC BY-NC 4.0 where indicated; this export does not replace those terms."
macro_x_crypto,2026-10-05,/blocchi/0/serie/2/punti/34/0,"""2026-05-25""","FRED (BAMLC0A4CBBBEY); FRED (DFII10); FRED (DTWEXBGS); FRED (NASDAQCOM); FRED (SP500); FRED (T10Y2Y); DefiLlama (value locked, stablecoins, fees); Coin Metrics Community Data (Bitcoin price)","""2026-09-27""",CC BY 4.0,https://creativecommons.org/licenses/by/4.0/,Luca Valente,"CC BY 4.0 applies to the original compilation and editorial work by Luca Valente. Underlying third-party data retain their source terms, including Coin Metrics CC BY-NC 4.0 where indicated; this export does not replace those terms."
macro_x_crypto,2026-10-05,/blocchi/0/serie/2/punti/34/1,0.424,"FRED (BAMLC0A4CBBBEY); FRED (DFII10); FRED (DTWEXBGS); FRED (NASDAQCOM); FRED (SP500); FRED (T10Y2Y); DefiLlama (value locked, stablecoins, fees); Coin Metrics Community Data (Bitcoin price)","""2026-09-27""",CC BY 4.0,https://creativecommons.org/licenses/by/4.0/,Luca Valente,"CC BY 4.0 applies to the original compilation and editorial work by Luca Valente. Underlying third-party data retain their source terms, including Coin Metrics CC BY-NC 4.0 where indicated; this export does not replace those terms."
macro_x_crypto,2026-10-05,/blocchi/0/serie/2/punti/35/0,"""2026-06-01""","FRED (BAMLC0A4CBBBEY); FRED (DFII10); FRED (DTWEXBGS); FRED (NASDAQCOM); FRED (SP500); FRED (T10Y2Y); DefiLlama (value locked, stablecoins, fees); Coin Metrics Community Data (Bitcoin price)","""2026-09-27""",CC BY 4.0,https://creativecommons.org/licenses/by/4.0/,Luca Valente,"CC BY 4.0 applies to the original compilation and editorial work by Luca Valente. Underlying third-party data retain their source terms, including Coin Metrics CC BY-NC 4.0 where indicated; this export does not replace those terms."
macro_x_crypto,2026-10-05,/blocchi/0/serie/2/punti/35/1,0.626,"FRED (BAMLC0A4CBBBEY); FRED (DFII10); FRED (DTWEXBGS); FRED (NASDAQCOM); FRED (SP500); FRED (T10Y2Y); DefiLlama (value locked, stablecoins, fees); Coin Metrics Community Data (Bitcoin price)","""2026-09-27""",CC BY 4.0,https://creativecommons.org/licenses/by/4.0/,Luca Valente,"CC BY 4.0 applies to the original compilation and editorial work by Luca Valente. Underlying third-party data retain their source terms, including Coin Metrics CC BY-NC 4.0 where indicated; this export does not replace those terms."
macro_x_crypto,2026-10-05,/blocchi/0/serie/2/punti/36/0,"""2026-06-08""","FRED (BAMLC0A4CBBBEY); FRED (DFII10); FRED (DTWEXBGS); FRED (NASDAQCOM); FRED (SP500); FRED (T10Y2Y); DefiLlama (value locked, stablecoins, fees); Coin Metrics Community Data (Bitcoin price)","""2026-09-27""",CC BY 4.0,https://creativecommons.org/licenses/by/4.0/,Luca Valente,"CC BY 4.0 applies to the original compilation and editorial work by Luca Valente. Underlying third-party data retain their source terms, including Coin Metrics CC BY-NC 4.0 where indicated; this export does not replace those terms."
macro_x_crypto,2026-10-05,/blocchi/0/serie/2/punti/36/1,0.783,"FRED (BAMLC0A4CBBBEY); FRED (DFII10); FRED (DTWEXBGS); FRED (NASDAQCOM); FRED (SP500); FRED (T10Y2Y); DefiLlama (value locked, stablecoins, fees); Coin Metrics Community Data (Bitcoin price)","""2026-09-27""",CC BY 4.0,https://creativecommons.org/licenses/by/4.0/,Luca Valente,"CC BY 4.0 applies to the original compilation and editorial work by Luca Valente. Underlying third-party data retain their source terms, including Coin Metrics CC BY-NC 4.0 where indicated; this export does not replace those terms."
macro_x_crypto,2026-10-05,/blocchi/0/serie/2/punti/37/0,"""2026-06-15""","FRED (BAMLC0A4CBBBEY); FRED (DFII10); FRED (DTWEXBGS); FRED (NASDAQCOM); FRED (SP500); FRED (T10Y2Y); DefiLlama (value locked, stablecoins, fees); Coin Metrics Community Data (Bitcoin price)","""2026-09-27""",CC BY 4.0,https://creativecommons.org/licenses/by/4.0/,Luca Valente,"CC BY 4.0 applies to the original compilation and editorial work by Luca Valente. Underlying third-party data retain their source terms, including Coin Metrics CC BY-NC 4.0 where indicated; this export does not replace those terms."
macro_x_crypto,2026-10-05,/blocchi/0/serie/2/punti/37/1,0.74,"FRED (BAMLC0A4CBBBEY); FRED (DFII10); FRED (DTWEXBGS); FRED (NASDAQCOM); FRED (SP500); FRED (T10Y2Y); DefiLlama (value locked, stablecoins, fees); Coin Metrics Community Data (Bitcoin price)","""2026-09-27""",CC BY 4.0,https://creativecommons.org/licenses/by/4.0/,Luca Valente,"CC BY 4.0 applies to the original compilation and editorial work by Luca Valente. Underlying third-party data retain their source terms, including Coin Metrics CC BY-NC 4.0 where indicated; this export does not replace those terms."
macro_x_crypto,2026-10-05,/blocchi/0/serie/2/punti/38/0,"""2026-06-22""","FRED (BAMLC0A4CBBBEY); FRED (DFII10); FRED (DTWEXBGS); FRED (NASDAQCOM); FRED (SP500); FRED (T10Y2Y); DefiLlama (value locked, stablecoins, fees); Coin Metrics Community Data (Bitcoin price)","""2026-09-27""",CC BY 4.0,https://creativecommons.org/licenses/by/4.0/,Luca Valente,"CC BY 4.0 applies to the original compilation and editorial work by Luca Valente. Underlying third-party data retain their source terms, including Coin Metrics CC BY-NC 4.0 where indicated; this export does not replace those terms."
macro_x_crypto,2026-10-05,/blocchi/0/serie/2/punti/38/1,0.77,"FRED (BAMLC0A4CBBBEY); FRED (DFII10); FRED (DTWEXBGS); FRED (NASDAQCOM); FRED (SP500); FRED (T10Y2Y); DefiLlama (value locked, stablecoins, fees); Coin Metrics Community Data (Bitcoin price)","""2026-09-27""",CC BY 4.0,https://creativecommons.org/licenses/by/4.0/,Luca Valente,"CC BY 4.0 applies to the original compilation and editorial work by Luca Valente. Underlying third-party data retain their source terms, including Coin Metrics CC BY-NC 4.0 where indicated; this export does not replace those terms."
macro_x_crypto,2026-10-05,/blocchi/0/serie/2/punti/39/0,"""2026-06-29""","FRED (BAMLC0A4CBBBEY); FRED (DFII10); FRED (DTWEXBGS); FRED (NASDAQCOM); FRED (SP500); FRED (T10Y2Y); DefiLlama (value locked, stablecoins, fees); Coin Metrics Community Data (Bitcoin price)","""2026-09-27""",CC BY 4.0,https://creativecommons.org/licenses/by/4.0/,Luca Valente,"CC BY 4.0 applies to the original compilation and editorial work by Luca Valente. Underlying third-party data retain their source terms, including Coin Metrics CC BY-NC 4.0 where indicated; this export does not replace those terms."
macro_x_crypto,2026-10-05,/blocchi/0/serie/2/punti/39/1,0.732,"FRED (BAMLC0A4CBBBEY); FRED (DFII10); FRED (DTWEXBGS); FRED (NASDAQCOM); FRED (SP500); FRED (T10Y2Y); DefiLlama (value locked, stablecoins, fees); Coin Metrics Community Data (Bitcoin price)","""2026-09-27""",CC BY 4.0,https://creativecommons.org/licenses/by/4.0/,Luca Valente,"CC BY 4.0 applies to the original compilation and editorial work by Luca Valente. Underlying third-party data retain their source terms, including Coin Metrics CC BY-NC 4.0 where indicated; this export does not replace those terms."
macro_x_crypto,2026-10-05,/blocchi/0/serie/2/punti/40/0,"""2026-07-06""","FRED (BAMLC0A4CBBBEY); FRED (DFII10); FRED (DTWEXBGS); FRED (NASDAQCOM); FRED (SP500); FRED (T10Y2Y); DefiLlama (value locked, stablecoins, fees); Coin Metrics Community Data (Bitcoin price)","""2026-09-27""",CC BY 4.0,https://creativecommons.org/licenses/by/4.0/,Luca Valente,"CC BY 4.0 applies to the original compilation and editorial work by Luca Valente. Underlying third-party data retain their source terms, including Coin Metrics CC BY-NC 4.0 where indicated; this export does not replace those terms."
macro_x_crypto,2026-10-05,/blocchi/0/serie/2/punti/40/1,0.729,"FRED (BAMLC0A4CBBBEY); FRED (DFII10); FRED (DTWEXBGS); FRED (NASDAQCOM); FRED (SP500); FRED (T10Y2Y); DefiLlama (value locked, stablecoins, fees); Coin Metrics Community Data (Bitcoin price)","""2026-09-27""",CC BY 4.0,https://creativecommons.org/licenses/by/4.0/,Luca Valente,"CC BY 4.0 applies to the original compilation and editorial work by Luca Valente. Underlying third-party data retain their source terms, including Coin Metrics CC BY-NC 4.0 where indicated; this export does not replace those terms."
macro_x_crypto,2026-10-05,/blocchi/0/serie/2/punti/41/0,"""2026-07-13""","FRED (BAMLC0A4CBBBEY); FRED (DFII10); FRED (DTWEXBGS); FRED (NASDAQCOM); FRED (SP500); FRED (T10Y2Y); DefiLlama (value locked, stablecoins, fees); Coin Metrics Community Data (Bitcoin price)","""2026-09-27""",CC BY 4.0,https://creativecommons.org/licenses/by/4.0/,Luca Valente,"CC BY 4.0 applies to the original compilation and editorial work by Luca Valente. Underlying third-party data retain their source terms, including Coin Metrics CC BY-NC 4.0 where indicated; this export does not replace those terms."
macro_x_crypto,2026-10-05,/blocchi/0/serie/2/punti/41/1,0.634,"FRED (BAMLC0A4CBBBEY); FRED (DFII10); FRED (DTWEXBGS); FRED (NASDAQCOM); FRED (SP500); FRED (T10Y2Y); DefiLlama (value locked, stablecoins, fees); Coin Metrics Community Data (Bitcoin price)","""2026-09-27""",CC BY 4.0,https://creativecommons.org/licenses/by/4.0/,Luca Valente,"CC BY 4.0 applies to the original compilation and editorial work by Luca Valente. Underlying third-party data retain their source terms, including Coin Metrics CC BY-NC 4.0 where indicated; this export does not replace those terms."
macro_x_crypto,2026-10-05,/blocchi/0/serie/2/punti/42/0,"""2026-07-20""","FRED (BAMLC0A4CBBBEY); FRED (DFII10); FRED (DTWEXBGS); FRED (NASDAQCOM); FRED (SP500); FRED (T10Y2Y); DefiLlama (value locked, stablecoins, fees); Coin Metrics Community Data (Bitcoin price)","""2026-09-27""",CC BY 4.0,https://creativecommons.org/licenses/by/4.0/,Luca Valente,"CC BY 4.0 applies to the original compilation and editorial work by Luca Valente. Underlying third-party data retain their source terms, including Coin Metrics CC BY-NC 4.0 where indicated; this export does not replace those terms."
macro_x_crypto,2026-10-05,/blocchi/0/serie/2/punti/42/1,0.584,"FRED (BAMLC0A4CBBBEY); FRED (DFII10); FRED (DTWEXBGS); FRED (NASDAQCOM); FRED (SP500); FRED (T10Y2Y); DefiLlama (value locked, stablecoins, fees); Coin Metrics Community Data (Bitcoin price)","""2026-09-27""",CC BY 4.0,https://creativecommons.org/licenses/by/4.0/,Luca Valente,"CC BY 4.0 applies to the original compilation and editorial work by Luca Valente. Underlying third-party data retain their source terms, including Coin Metrics CC BY-NC 4.0 where indicated; this export does not replace those terms."
macro_x_crypto,2026-10-05,/blocchi/0/serie/2/punti/43/0,"""2026-07-27""","FRED (BAMLC0A4CBBBEY); FRED (DFII10); FRED (DTWEXBGS); FRED (NASDAQCOM); FRED (SP500); FRED (T10Y2Y); DefiLlama (value locked, stablecoins, fees); Coin Metrics Community Data (Bitcoin price)","""2026-09-27""",CC BY 4.0,https://creativecommons.org/licenses/by/4.0/,Luca Valente,"CC BY 4.0 applies to the original compilation and editorial work by Luca Valente. Underlying third-party data retain their source terms, including Coin Metrics CC BY-NC 4.0 where indicated; this export does not replace those terms."
macro_x_crypto,2026-10-05,/blocchi/0/serie/2/punti/43/1,0.561,"FRED (BAMLC0A4CBBBEY); FRED (DFII10); FRED (DTWEXBGS); FRED (NASDAQCOM); FRED (SP500); FRED (T10Y2Y); DefiLlama (value locked, stablecoins, fees); Coin Metrics Community Data (Bitcoin price)","""2026-09-27""",CC BY 4.0,https://creativecommons.org/licenses/by/4.0/,Luca Valente,"CC BY 4.0 applies to the original compilation and editorial work by Luca Valente. Underlying third-party data retain their source terms, including Coin Metrics CC BY-NC 4.0 where indicated; this export does not replace those terms."
macro_x_crypto,2026-10-05,/blocchi/0/serie/2/punti/44/0,"""2026-08-03""","FRED (BAMLC0A4CBBBEY); FRED (DFII10); FRED (DTWEXBGS); FRED (NASDAQCOM); FRED (SP500); FRED (T10Y2Y); DefiLlama (value locked, stablecoins, fees); Coin Metrics Community Data (Bitcoin price)","""2026-09-27""",CC BY 4.0,https://creativecommons.org/licenses/by/4.0/,Luca Valente,"CC BY 4.0 applies to the original compilation and editorial work by Luca Valente. Underlying third-party data retain their source terms, including Coin Metrics CC BY-NC 4.0 where indicated; this export does not replace those terms."
macro_x_crypto,2026-10-05,/blocchi/0/serie/2/punti/44/1,0.525,"FRED (BAMLC0A4CBBBEY); FRED (DFII10); FRED (DTWEXBGS); FRED (NASDAQCOM); FRED (SP500); FRED (T10Y2Y); DefiLlama (value locked, stablecoins, fees); Coin Metrics Community Data (Bitcoin price)","""2026-09-27""",CC BY 4.0,https://creativecommons.org/licenses/by/4.0/,Luca Valente,"CC BY 4.0 applies to the original compilation and editorial work by Luca Valente. Underlying third-party data retain their source terms, including Coin Metrics CC BY-NC 4.0 where indicated; this export does not replace those terms."
macro_x_crypto,2026-10-05,/blocchi/0/serie/2/punti/45/0,"""2026-08-10""","FRED (BAMLC0A4CBBBEY); FRED (DFII10); FRED (DTWEXBGS); FRED (NASDAQCOM); FRED (SP500); FRED (T10Y2Y); DefiLlama (value locked, stablecoins, fees); Coin Metrics Community Data (Bitcoin price)","""2026-09-27""",CC BY 4.0,https://creativecommons.org/licenses/by/4.0/,Luca Valente,"CC BY 4.0 applies to the original compilation and editorial work by Luca Valente. Underlying third-party data retain their source terms, including Coin Metrics CC BY-NC 4.0 where indicated; this export does not replace those terms."
macro_x_crypto,2026-10-05,/blocchi/0/serie/2/punti/45/1,0.532,"FRED (BAMLC0A4CBBBEY); FRED (DFII10); FRED (DTWEXBGS); FRED (NASDAQCOM); FRED (SP500); FRED (T10Y2Y); DefiLlama (value locked, stablecoins, fees); Coin Metrics Community Data (Bitcoin price)","""2026-09-27""",CC BY 4.0,https://creativecommons.org/licenses/by/4.0/,Luca Valente,"CC BY 4.0 applies to the original compilation and editorial work by Luca Valente. Underlying third-party data retain their source terms, including Coin Metrics CC BY-NC 4.0 where indicated; this export does not replace those terms."
macro_x_crypto,2026-10-05,/blocchi/0/serie/2/punti/46/0,"""2026-08-17""","FRED (BAMLC0A4CBBBEY); FRED (DFII10); FRED (DTWEXBGS); FRED (NASDAQCOM); FRED (SP500); FRED (T10Y2Y); DefiLlama (value locked, stablecoins, fees); Coin Metrics Community Data (Bitcoin price)","""2026-09-27""",CC BY 4.0,https://creativecommons.org/licenses/by/4.0/,Luca Valente,"CC BY 4.0 applies to the original compilation and editorial work by Luca Valente. Underlying third-party data retain their source terms, including Coin Metrics CC BY-NC 4.0 where indicated; this export does not replace those terms."
macro_x_crypto,2026-10-05,/blocchi/0/serie/2/punti/46/1,0.188,"FRED (BAMLC0A4CBBBEY); FRED (DFII10); FRED (DTWEXBGS); FRED (NASDAQCOM); FRED (SP500); FRED (T10Y2Y); DefiLlama (value locked, stablecoins, fees); Coin Metrics Community Data (Bitcoin price)","""2026-09-27""",CC BY 4.0,https://creativecommons.org/licenses/by/4.0/,Luca Valente,"CC BY 4.0 applies to the original compilation and editorial work by Luca Valente. Underlying third-party data retain their source terms, including Coin Metrics CC BY-NC 4.0 where indicated; this export does not replace those terms."
macro_x_crypto,2026-10-05,/blocchi/0/serie/2/punti/47/0,"""2026-08-24""","FRED (BAMLC0A4CBBBEY); FRED (DFII10); FRED (DTWEXBGS); FRED (NASDAQCOM); FRED (SP500); FRED (T10Y2Y); DefiLlama (value locked, stablecoins, fees); Coin Metrics Community Data (Bitcoin price)","""2026-09-27""",CC BY 4.0,https://creativecommons.org/licenses/by/4.0/,Luca Valente,"CC BY 4.0 applies to the original compilation and editorial work by Luca Valente. Underlying third-party data retain their source terms, including Coin Metrics CC BY-NC 4.0 where indicated; this export does not replace those terms."
macro_x_crypto,2026-10-05,/blocchi/0/serie/2/punti/47/1,0.234,"FRED (BAMLC0A4CBBBEY); FRED (DFII10); FRED (DTWEXBGS); FRED (NASDAQCOM); FRED (SP500); FRED (T10Y2Y); DefiLlama (value locked, stablecoins, fees); Coin Metrics Community Data (Bitcoin price)","""2026-09-27""",CC BY 4.0,https://creativecommons.org/licenses/by/4.0/,Luca Valente,"CC BY 4.0 applies to the original compilation and editorial work by Luca Valente. Underlying third-party data retain their source terms, including Coin Metrics CC BY-NC 4.0 where indicated; this export does not replace those terms."
macro_x_crypto,2026-10-05,/blocchi/0/serie/2/punti/48/0,"""2026-08-31""","FRED (BAMLC0A4CBBBEY); FRED (DFII10); FRED (DTWEXBGS); FRED (NASDAQCOM); FRED (SP500); FRED (T10Y2Y); DefiLlama (value locked, stablecoins, fees); Coin Metrics Community Data (Bitcoin price)","""2026-09-27""",CC BY 4.0,https://creativecommons.org/licenses/by/4.0/,Luca Valente,"CC BY 4.0 applies to the original compilation and editorial work by Luca Valente. Underlying third-party data retain their source terms, including Coin Metrics CC BY-NC 4.0 where indicated; this export does not replace those terms."
macro_x_crypto,2026-10-05,/blocchi/0/serie/2/punti/48/1,-0.048,"FRED (BAMLC0A4CBBBEY); FRED (DFII10); FRED (DTWEXBGS); FRED (NASDAQCOM); FRED (SP500); FRED (T10Y2Y); DefiLlama (value locked, stablecoins, fees); Coin Metrics Community Data (Bitcoin price)","""2026-09-27""",CC BY 4.0,https://creativecommons.org/licenses/by/4.0/,Luca Valente,"CC BY 4.0 applies to the original compilation and editorial work by Luca Valente. Underlying third-party data retain their source terms, including Coin Metrics CC BY-NC 4.0 where indicated; this export does not replace those terms."
macro_x_crypto,2026-10-05,/blocchi/0/serie/2/punti/49/0,"""2026-09-07""","FRED (BAMLC0A4CBBBEY); FRED (DFII10); FRED (DTWEXBGS); FRED (NASDAQCOM); FRED (SP500); FRED (T10Y2Y); DefiLlama (value locked, stablecoins, fees); Coin Metrics Community Data (Bitcoin price)","""2026-09-27""",CC BY 4.0,https://creativecommons.org/licenses/by/4.0/,Luca Valente,"CC BY 4.0 applies to the original compilation and editorial work by Luca Valente. Underlying third-party data retain their source terms, including Coin Metrics CC BY-NC 4.0 where indicated; this export does not replace those terms."
macro_x_crypto,2026-10-05,/blocchi/0/serie/2/punti/49/1,-0.029,"FRED (BAMLC0A4CBBBEY); FRED (DFII10); FRED (DTWEXBGS); FRED (NASDAQCOM); FRED (SP500); FRED (T10Y2Y); DefiLlama (value locked, stablecoins, fees); Coin Metrics Community Data (Bitcoin price)","""2026-09-27""",CC BY 4.0,https://creativecommons.org/licenses/by/4.0/,Luca Valente,"CC BY 4.0 applies to the original compilation and editorial work by Luca Valente. Underlying third-party data retain their source terms, including Coin Metrics CC BY-NC 4.0 where indicated; this export does not replace those terms."
macro_x_crypto,2026-10-05,/blocchi/0/serie/2/punti/50/0,"""2026-09-14""","FRED (BAMLC0A4CBBBEY); FRED (DFII10); FRED (DTWEXBGS); FRED (NASDAQCOM); FRED (SP500); FRED (T10Y2Y); DefiLlama (value locked, stablecoins, fees); Coin Metrics Community Data (Bitcoin price)","""2026-09-27""",CC BY 4.0,https://creativecommons.org/licenses/by/4.0/,Luca Valente,"CC BY 4.0 applies to the original compilation and editorial work by Luca Valente. Underlying third-party data retain their source terms, including Coin Metrics CC BY-NC 4.0 where indicated; this export does not replace those terms."
macro_x_crypto,2026-10-05,/blocchi/0/serie/2/punti/50/1,0.039,"FRED (BAMLC0A4CBBBEY); FRED (DFII10); FRED (DTWEXBGS); FRED (NASDAQCOM); FRED (SP500); FRED (T10Y2Y); DefiLlama (value locked, stablecoins, fees); Coin Metrics Community Data (Bitcoin price)","""2026-09-27""",CC BY 4.0,https://creativecommons.org/licenses/by/4.0/,Luca Valente,"CC BY 4.0 applies to the original compilation and editorial work by Luca Valente. Underlying third-party data retain their source terms, including Coin Metrics CC BY-NC 4.0 where indicated; this export does not replace those terms."
macro_x_crypto,2026-10-05,/blocchi/0/serie/2/punti/51/0,"""2026-09-21""","FRED (BAMLC0A4CBBBEY); FRED (DFII10); FRED (DTWEXBGS); FRED (NASDAQCOM); FRED (SP500); FRED (T10Y2Y); DefiLlama (value locked, stablecoins, fees); Coin Metrics Community Data (Bitcoin price)","""2026-09-27""",CC BY 4.0,https://creativecommons.org/licenses/by/4.0/,Luca Valente,"CC BY 4.0 applies to the original compilation and editorial work by Luca Valente. Underlying third-party data retain their source terms, including Coin Metrics CC BY-NC 4.0 where indicated; this export does not replace those terms."
macro_x_crypto,2026-10-05,/blocchi/0/serie/2/punti/51/1,-0.19,"FRED (BAMLC0A4CBBBEY); FRED (DFII10); FRED (DTWEXBGS); FRED (NASDAQCOM); FRED (SP500); FRED (T10Y2Y); DefiLlama (value locked, stablecoins, fees); Coin Metrics Community Data (Bitcoin price)","""2026-09-27""",CC BY 4.0,https://creativecommons.org/licenses/by/4.0/,Luca Valente,"CC BY 4.0 applies to the original compilation and editorial work by Luca Valente. Underlying third-party data retain their source terms, including Coin Metrics CC BY-NC 4.0 where indicated; this export does not replace those terms."
macro_x_crypto,2026-10-05,/blocchi/0/serie/3/etichetta,"""US dollar index (broad) and Stablecoin supply""","FRED (BAMLC0A4CBBBEY); FRED (DFII10); FRED (DTWEXBGS); FRED (NASDAQCOM); FRED (SP500); FRED (T10Y2Y); DefiLlama (value locked, stablecoins, fees); Coin Metrics Community Data (Bitcoin price)","""2026-09-27""",CC BY 4.0,https://creativecommons.org/licenses/by/4.0/,Luca Valente,"CC BY 4.0 applies to the original compilation and editorial work by Luca Valente. Underlying third-party data retain their source terms, including Coin Metrics CC BY-NC 4.0 where indicated; this export does not replace those terms."
macro_x_crypto,2026-10-05,/blocchi/0/serie/3/unita,null,"FRED (BAMLC0A4CBBBEY); FRED (DFII10); FRED (DTWEXBGS); FRED (NASDAQCOM); FRED (SP500); FRED (T10Y2Y); DefiLlama (value locked, stablecoins, fees); Coin Metrics Community Data (Bitcoin price)","""2026-09-27""",CC BY 4.0,https://creativecommons.org/licenses/by/4.0/,Luca Valente,"CC BY 4.0 applies to the original compilation and editorial work by Luca Valente. Underlying third-party data retain their source terms, including Coin Metrics CC BY-NC 4.0 where indicated; this export does not replace those terms."
macro_x_crypto,2026-10-05,/blocchi/0/serie/3/punti/0/0,"""2025-09-29""","FRED (BAMLC0A4CBBBEY); FRED (DFII10); FRED (DTWEXBGS); FRED (NASDAQCOM); FRED (SP500); FRED (T10Y2Y); DefiLlama (value locked, stablecoins, fees); Coin Metrics Community Data (Bitcoin price)","""2026-09-27""",CC BY 4.0,https://creativecommons.org/licenses/by/4.0/,Luca Valente,"CC BY 4.0 applies to the original compilation and editorial work by Luca Valente. Underlying third-party data retain their source terms, including Coin Metrics CC BY-NC 4.0 where indicated; this export does not replace those terms."
macro_x_crypto,2026-10-05,/blocchi/0/serie/3/punti/0/1,-0.394,"FRED (BAMLC0A4CBBBEY); FRED (DFII10); FRED (DTWEXBGS); FRED (NASDAQCOM); FRED (SP500); FRED (T10Y2Y); DefiLlama (value locked, stablecoins, fees); Coin Metrics Community Data (Bitcoin price)","""2026-09-27""",CC BY 4.0,https://creativecommons.org/licenses/by/4.0/,Luca Valente,"CC BY 4.0 applies to the original compilation and editorial work by Luca Valente. Underlying third-party data retain their source terms, including Coin Metrics CC BY-NC 4.0 where indicated; this export does not replace those terms."
macro_x_crypto,2026-10-05,/blocchi/0/serie/3/punti/1/0,"""2025-10-06""","FRED (BAMLC0A4CBBBEY); FRED (DFII10); FRED (DTWEXBGS); FRED (NASDAQCOM); FRED (SP500); FRED (T10Y2Y); DefiLlama (value locked, stablecoins, fees); Coin Metrics Community Data (Bitcoin price)","""2026-09-27""",CC BY 4.0,https://creativecommons.org/licenses/by/4.0/,Luca Valente,"CC BY 4.0 applies to the original compilation and editorial work by Luca Valente. Underlying third-party data retain their source terms, including Coin Metrics CC BY-NC 4.0 where indicated; this export does not replace those terms."
macro_x_crypto,2026-10-05,/blocchi/0/serie/3/punti/1/1,-0.525,"FRED (BAMLC0A4CBBBEY); FRED (DFII10); FRED (DTWEXBGS); FRED (NASDAQCOM); FRED (SP500); FRED (T10Y2Y); DefiLlama (value locked, stablecoins, fees); Coin Metrics Community Data (Bitcoin price)","""2026-09-27""",CC BY 4.0,https://creativecommons.org/licenses/by/4.0/,Luca Valente,"CC BY 4.0 applies to the original compilation and editorial work by Luca Valente. Underlying third-party data retain their source terms, including Coin Metrics CC BY-NC 4.0 where indicated; this export does not replace those terms."
macro_x_crypto,2026-10-05,/blocchi/0/serie/3/punti/2/0,"""2025-10-13""","FRED (BAMLC0A4CBBBEY); FRED (DFII10); FRED (DTWEXBGS); FRED (NASDAQCOM); FRED (SP500); FRED (T10Y2Y); DefiLlama (value locked, stablecoins, fees); Coin Metrics Community Data (Bitcoin price)","""2026-09-27""",CC BY 4.0,https://creativecommons.org/licenses/by/4.0/,Luca Valente,"CC BY 4.0 applies to the original compilation and editorial work by Luca Valente. Underlying third-party data retain their source terms, including Coin Metrics CC BY-NC 4.0 where indicated; this export does not replace those terms."
macro_x_crypto,2026-10-05,/blocchi/0/serie/3/punti/2/1,-0.491,"FRED (BAMLC0A4CBBBEY); FRED (DFII10); FRED (DTWEXBGS); FRED (NASDAQCOM); FRED (SP500); FRED (T10Y2Y); DefiLlama (value locked, stablecoins, fees); Coin Metrics Community Data (Bitcoin price)","""2026-09-27""",CC BY 4.0,https://creativecommons.org/licenses/by/4.0/,Luca Valente,"CC BY 4.0 applies to the original compilation and editorial work by Luca Valente. Underlying third-party data retain their source terms, including Coin Metrics CC BY-NC 4.0 where indicated; this export does not replace those terms."
macro_x_crypto,2026-10-05,/blocchi/0/serie/3/punti/3/0,"""2025-10-20""","FRED (BAMLC0A4CBBBEY); FRED (DFII10); FRED (DTWEXBGS); FRED (NASDAQCOM); FRED (SP500); FRED (T10Y2Y); DefiLlama (value locked, stablecoins, fees); Coin Metrics Community Data (Bitcoin price)","""2026-09-27""",CC BY 4.0,https://creativecommons.org/licenses/by/4.0/,Luca Valente,"CC BY 4.0 applies to the original compilation and editorial work by Luca Valente. Underlying third-party data retain their source terms, including Coin Metrics CC BY-NC 4.0 where indicated; this export does not replace those terms."
macro_x_crypto,2026-10-05,/blocchi/0/serie/3/punti/3/1,-0.471,"FRED (BAMLC0A4CBBBEY); FRED (DFII10); FRED (DTWEXBGS); FRED (NASDAQCOM); FRED (SP500); FRED (T10Y2Y); DefiLlama (value locked, stablecoins, fees); Coin Metrics Community Data (Bitcoin price)","""2026-09-27""",CC BY 4.0,https://creativecommons.org/licenses/by/4.0/,Luca Valente,"CC BY 4.0 applies to the original compilation and editorial work by Luca Valente. Underlying third-party data retain their source terms, including Coin Metrics CC BY-NC 4.0 where indicated; this export does not replace those terms."
macro_x_crypto,2026-10-05,/blocchi/0/serie/3/punti/4/0,"""2025-10-27""","FRED (BAMLC0A4CBBBEY); FRED (DFII10); FRED (DTWEXBGS); FRED (NASDAQCOM); FRED (SP500); FRED (T10Y2Y); DefiLlama (value locked, stablecoins, fees); Coin Metrics Community Data (Bitcoin price)","""2026-09-27""",CC BY 4.0,https://creativecommons.org/licenses/by/4.0/,Luca Valente,"CC BY 4.0 applies to the original compilation and editorial work by Luca Valente. Underlying third-party data retain their source terms, including Coin Metrics CC BY-NC 4.0 where indicated; this export does not replace those terms."
macro_x_crypto,2026-10-05,/blocchi/0/serie/3/punti/4/1,-0.482,"FRED (BAMLC0A4CBBBEY); FRED (DFII10); FRED (DTWEXBGS); FRED (NASDAQCOM); FRED (SP500); FRED (T10Y2Y); DefiLlama (value locked, stablecoins, fees); Coin Metrics Community Data (Bitcoin price)","""2026-09-27""",CC BY 4.0,https://creativecommons.org/licenses/by/4.0/,Luca Valente,"CC BY 4.0 applies to the original compilation and editorial work by Luca Valente. Underlying third-party data retain their source terms, including Coin Metrics CC BY-NC 4.0 where indicated; this export does not replace those terms."
macro_x_crypto,2026-10-05,/blocchi/0/serie/3/punti/5/0,"""2025-11-03""","FRED (BAMLC0A4CBBBEY); FRED (DFII10); FRED (DTWEXBGS); FRED (NASDAQCOM); FRED (SP500); FRED (T10Y2Y); DefiLlama (value locked, stablecoins, fees); Coin Metrics Community Data (Bitcoin price)","""2026-09-27""",CC BY 4.0,https://creativecommons.org/licenses/by/4.0/,Luca Valente,"CC BY 4.0 applies to the original compilation and editorial work by Luca Valente. Underlying third-party data retain their source terms, including Coin Metrics CC BY-NC 4.0 where indicated; this export does not replace those terms."
macro_x_crypto,2026-10-05,/blocchi/0/serie/3/punti/5/1,-0.388,"FRED (BAMLC0A4CBBBEY); FRED (DFII10); FRED (DTWEXBGS); FRED (NASDAQCOM); FRED (SP500); FRED (T10Y2Y); DefiLlama (value locked, stablecoins, fees); Coin Metrics Community Data (Bitcoin price)","""2026-09-27""",CC BY 4.0,https://creativecommons.org/licenses/by/4.0/,Luca Valente,"CC BY 4.0 applies to the original compilation and editorial work by Luca Valente. Underlying third-party data retain their source terms, including Coin Metrics CC BY-NC 4.0 where indicated; this export does not replace those terms."
macro_x_crypto,2026-10-05,/blocchi/0/serie/3/punti/6/0,"""2025-11-10""","FRED (BAMLC0A4CBBBEY); FRED (DFII10); FRED (DTWEXBGS); FRED (NASDAQCOM); FRED (SP500); FRED (T10Y2Y); DefiLlama (value locked, stablecoins, fees); Coin Metrics Community Data (Bitcoin price)","""2026-09-27""",CC BY 4.0,https://creativecommons.org/licenses/by/4.0/,Luca Valente,"CC BY 4.0 applies to the original compilation and editorial work by Luca Valente. Underlying third-party data retain their source terms, including Coin Metrics CC BY-NC 4.0 where indicated; this export does not replace those terms."
macro_x_crypto,2026-10-05,/blocchi/0/serie/3/punti/6/1,-0.247,"FRED (BAMLC0A4CBBBEY); FRED (DFII10); FRED (DTWEXBGS); FRED (NASDAQCOM); FRED (SP500); FRED (T10Y2Y); DefiLlama (value locked, stablecoins, fees); Coin Metrics Community Data (Bitcoin price)","""2026-09-27""",CC BY 4.0,https://creativecommons.org/licenses/by/4.0/,Luca Valente,"CC BY 4.0 applies to the original compilation and editorial work by Luca Valente. Underlying third-party data retain their source terms, including Coin Metrics CC BY-NC 4.0 where indicated; this export does not replace those terms."
macro_x_crypto,2026-10-05,/blocchi/0/serie/3/punti/7/0,"""2025-11-17""","FRED (BAMLC0A4CBBBEY); FRED (DFII10); FRED (DTWEXBGS); FRED (NASDAQCOM); FRED (SP500); FRED (T10Y2Y); DefiLlama (value locked, stablecoins, fees); Coin Metrics Community Data (Bitcoin price)","""2026-09-27""",CC BY 4.0,https://creativecommons.org/licenses/by/4.0/,Luca Valente,"CC BY 4.0 applies to the original compilation and editorial work by Luca Valente. Underlying third-party data retain their source terms, including Coin Metrics CC BY-NC 4.0 where indicated; this export does not replace those terms."
macro_x_crypto,2026-10-05,/blocchi/0/serie/3/punti/7/1,-0.373,"FRED (BAMLC0A4CBBBEY); FRED (DFII10); FRED (DTWEXBGS); FRED (NASDAQCOM); FRED (SP500); FRED (T10Y2Y); DefiLlama (value locked, stablecoins, fees); Coin Metrics Community Data (Bitcoin price)","""2026-09-27""",CC BY 4.0,https://creativecommons.org/licenses/by/4.0/,Luca Valente,"CC BY 4.0 applies to the original compilation and editorial work by Luca Valente. Underlying third-party data retain their source terms, including Coin Metrics CC BY-NC 4.0 where indicated; this export does not replace those terms."
macro_x_crypto,2026-10-05,/blocchi/0/serie/3/punti/8/0,"""2025-11-24""","FRED (BAMLC0A4CBBBEY); FRED (DFII10); FRED (DTWEXBGS); FRED (NASDAQCOM); FRED (SP500); FRED (T10Y2Y); DefiLlama (value locked, stablecoins, fees); Coin Metrics Community Data (Bitcoin price)","""2026-09-27""",CC BY 4.0,https://creativecommons.org/licenses/by/4.0/,Luca Valente,"CC BY 4.0 applies to the original compilation and editorial work by Luca Valente. Underlying third-party data retain their source terms, including Coin Metrics CC BY-NC 4.0 where indicated; this export does not replace those terms."
macro_x_crypto,2026-10-05,/blocchi/0/serie/3/punti/8/1,-0.403,"FRED (BAMLC0A4CBBBEY); FRED (DFII10); FRED (DTWEXBGS); FRED (NASDAQCOM); FRED (SP500); FRED (T10Y2Y); DefiLlama (value locked, stablecoins, fees); Coin Metrics Community Data (Bitcoin price)","""2026-09-27""",CC BY 4.0,https://creativecommons.org/licenses/by/4.0/,Luca Valente,"CC BY 4.0 applies to the original compilation and editorial work by Luca Valente. Underlying third-party data retain their source terms, including Coin Metrics CC BY-NC 4.0 where indicated; this export does not replace those terms."
macro_x_crypto,2026-10-05,/blocchi/0/serie/3/punti/9/0,"""2025-12-01""","FRED (BAMLC0A4CBBBEY); FRED (DFII10); FRED (DTWEXBGS); FRED (NASDAQCOM); FRED (SP500); FRED (T10Y2Y); DefiLlama (value locked, stablecoins, fees); Coin Metrics Community Data (Bitcoin price)","""2026-09-27""",CC BY 4.0,https://creativecommons.org/licenses/by/4.0/,Luca Valente,"CC BY 4.0 applies to the original compilation and editorial work by Luca Valente. Underlying third-party data retain their source terms, including Coin Metrics CC BY-NC 4.0 where indicated; this export does not replace those terms."
macro_x_crypto,2026-10-05,/blocchi/0/serie/3/punti/9/1,-0.392,"FRED (BAMLC0A4CBBBEY); FRED (DFII10); FRED (DTWEXBGS); FRED (NASDAQCOM); FRED (SP500); FRED (T10Y2Y); DefiLlama (value locked, stablecoins, fees); Coin Metrics Community Data (Bitcoin price)","""2026-09-27""",CC BY 4.0,https://creativecommons.org/licenses/by/4.0/,Luca Valente,"CC BY 4.0 applies to the original compilation and editorial work by Luca Valente. Underlying third-party data retain their source terms, including Coin Metrics CC BY-NC 4.0 where indicated; this export does not replace those terms."
macro_x_crypto,2026-10-05,/blocchi/0/serie/3/punti/10/0,"""2025-12-08""","FRED (BAMLC0A4CBBBEY); FRED (DFII10); FRED (DTWEXBGS); FRED (NASDAQCOM); FRED (SP500); FRED (T10Y2Y); DefiLlama (value locked, stablecoins, fees); Coin Metrics Community Data (Bitcoin price)","""2026-09-27""",CC BY 4.0,https://creativecommons.org/licenses/by/4.0/,Luca Valente,"CC BY 4.0 applies to the original compilation and editorial work by Luca Valente. Underlying third-party data retain their source terms, including Coin Metrics CC BY-NC 4.0 where indicated; this export does not replace those terms."
macro_x_crypto,2026-10-05,/blocchi/0/serie/3/punti/10/1,-0.375,"FRED (BAMLC0A4CBBBEY); FRED (DFII10); FRED (DTWEXBGS); FRED (NASDAQCOM); FRED (SP500); FRED (T10Y2Y); DefiLlama (value locked, stablecoins, fees); Coin Metrics Community Data (Bitcoin price)","""2026-09-27""",CC BY 4.0,https://creativecommons.org/licenses/by/4.0/,Luca Valente,"CC BY 4.0 applies to the original compilation and editorial work by Luca Valente. Underlying third-party data retain their source terms, including Coin Metrics CC BY-NC 4.0 where indicated; this export does not replace those terms."
macro_x_crypto,2026-10-05,/blocchi/0/serie/3/punti/11/0,"""2025-12-15""","FRED (BAMLC0A4CBBBEY); FRED (DFII10); FRED (DTWEXBGS); FRED (NASDAQCOM); FRED (SP500); FRED (T10Y2Y); DefiLlama (value locked, stablecoins, fees); Coin Metrics Community Data (Bitcoin price)","""2026-09-27""",CC BY 4.0,https://creativecommons.org/licenses/by/4.0/,Luca Valente,"CC BY 4.0 applies to the original compilation and editorial work by Luca Valente. Underlying third-party data retain their source terms, including Coin Metrics CC BY-NC 4.0 where indicated; this export does not replace those terms."
macro_x_crypto,2026-10-05,/blocchi/0/serie/3/punti/11/1,-0.352,"FRED (BAMLC0A4CBBBEY); FRED (DFII10); FRED (DTWEXBGS); FRED (NASDAQCOM); FRED (SP500); FRED (T10Y2Y); DefiLlama (value locked, stablecoins, fees); Coin Metrics Community Data (Bitcoin price)","""2026-09-27""",CC BY 4.0,https://creativecommons.org/licenses/by/4.0/,Luca Valente,"CC BY 4.0 applies to the original compilation and editorial work by Luca Valente. Underlying third-party data retain their source terms, including Coin Metrics CC BY-NC 4.0 where indicated; this export does not replace those terms."
macro_x_crypto,2026-10-05,/blocchi/0/serie/3/punti/12/0,"""2025-12-22""","FRED (BAMLC0A4CBBBEY); FRED (DFII10); FRED (DTWEXBGS); FRED (NASDAQCOM); FRED (SP500); FRED (T10Y2Y); DefiLlama (value locked, stablecoins, fees); Coin Metrics Community Data (Bitcoin price)","""2026-09-27""",CC BY 4.0,https://creativecommons.org/licenses/by/4.0/,Luca Valente,"CC BY 4.0 applies to the original compilation and editorial work by Luca Valente. Underlying third-party data retain their source terms, including Coin Metrics CC BY-NC 4.0 where indicated; this export does not replace those terms."
macro_x_crypto,2026-10-05,/blocchi/0/serie/3/punti/12/1,-0.318,"FRED (BAMLC0A4CBBBEY); FRED (DFII10); FRED (DTWEXBGS); FRED (NASDAQCOM); FRED (SP500); FRED (T10Y2Y); DefiLlama (value locked, stablecoins, fees); Coin Metrics Community Data (Bitcoin price)","""2026-09-27""",CC BY 4.0,https://creativecommons.org/licenses/by/4.0/,Luca Valente,"CC BY 4.0 applies to the original compilation and editorial work by Luca Valente. Underlying third-party data retain their source terms, including Coin Metrics CC BY-NC 4.0 where indicated; this export does not replace those terms."
macro_x_crypto,2026-10-05,/blocchi/0/serie/3/punti/13/0,"""2025-12-29""","FRED (BAMLC0A4CBBBEY); FRED (DFII10); FRED (DTWEXBGS); FRED (NASDAQCOM); FRED (SP500); FRED (T10Y2Y); DefiLlama (value locked, stablecoins, fees); Coin Metrics Community Data (Bitcoin price)","""2026-09-27""",CC BY 4.0,https://creativecommons.org/licenses/by/4.0/,Luca Valente,"CC BY 4.0 applies to the original compilation and editorial work by Luca Valente. Underlying third-party data retain their source terms, including Coin Metrics CC BY-NC 4.0 where indicated; this export does not replace those terms."
macro_x_crypto,2026-10-05,/blocchi/0/serie/3/punti/13/1,-0.312,"FRED (BAMLC0A4CBBBEY); FRED (DFII10); FRED (DTWEXBGS); FRED (NASDAQCOM); FRED (SP500); FRED (T10Y2Y); DefiLlama (value locked, stablecoins, fees); Coin Metrics Community Data (Bitcoin price)","""2026-09-27""",CC BY 4.0,https://creativecommons.org/licenses/by/4.0/,Luca Valente,"CC BY 4.0 applies to the original compilation and editorial work by Luca Valente. Underlying third-party data retain their source terms, including Coin Metrics CC BY-NC 4.0 where indicated; this export does not replace those terms."
macro_x_crypto,2026-10-05,/blocchi/0/serie/3/punti/14/0,"""2026-01-05""","FRED (BAMLC0A4CBBBEY); FRED (DFII10); FRED (DTWEXBGS); FRED (NASDAQCOM); FRED (SP500); FRED (T10Y2Y); DefiLlama (value locked, stablecoins, fees); Coin Metrics Community Data (Bitcoin price)","""2026-09-27""",CC BY 4.0,https://creativecommons.org/licenses/by/4.0/,Luca Valente,"CC BY 4.0 applies to the original compilation and editorial work by Luca Valente. Underlying third-party data retain their source terms, including Coin Metrics CC BY-NC 4.0 where indicated; this export does not replace those terms."
macro_x_crypto,2026-10-05,/blocchi/0/serie/3/punti/14/1,-0.436,"FRED (BAMLC0A4CBBBEY); FRED (DFII10); FRED (DTWEXBGS); FRED (NASDAQCOM); FRED (SP500); FRED (T10Y2Y); DefiLlama (value locked, stablecoins, fees); Coin Metrics Community Data (Bitcoin price)","""2026-09-27""",CC BY 4.0,https://creativecommons.org/licenses/by/4.0/,Luca Valente,"CC BY 4.0 applies to the original compilation and editorial work by Luca Valente. Underlying third-party data retain their source terms, including Coin Metrics CC BY-NC 4.0 where indicated; this export does not replace those terms."
macro_x_crypto,2026-10-05,/blocchi/0/serie/3/punti/15/0,"""2026-01-12""","FRED (BAMLC0A4CBBBEY); FRED (DFII10); FRED (DTWEXBGS); FRED (NASDAQCOM); FRED (SP500); FRED (T10Y2Y); DefiLlama (value locked, stablecoins, fees); Coin Metrics Community Data (Bitcoin price)","""2026-09-27""",CC BY 4.0,https://creativecommons.org/licenses/by/4.0/,Luca Valente,"CC BY 4.0 applies to the original compilation and editorial work by Luca Valente. Underlying third-party data retain their source terms, including Coin Metrics CC BY-NC 4.0 where indicated; this export does not replace those terms."
macro_x_crypto,2026-10-05,/blocchi/0/serie/3/punti/15/1,-0.371,"FRED (BAMLC0A4CBBBEY); FRED (DFII10); FRED (DTWEXBGS); FRED (NASDAQCOM); FRED (SP500); FRED (T10Y2Y); DefiLlama (value locked, stablecoins, fees); Coin Metrics Community Data (Bitcoin price)","""2026-09-27""",CC BY 4.0,https://creativecommons.org/licenses/by/4.0/,Luca Valente,"CC BY 4.0 applies to the original compilation and editorial work by Luca Valente. Underlying third-party data retain their source terms, including Coin Metrics CC BY-NC 4.0 where indicated; this export does not replace those terms."
macro_x_crypto,2026-10-05,/blocchi/0/serie/3/punti/16/0,"""2026-01-19""","FRED (BAMLC0A4CBBBEY); FRED (DFII10); FRED (DTWEXBGS); FRED (NASDAQCOM); FRED (SP500); FRED (T10Y2Y); DefiLlama (value locked, stablecoins, fees); Coin Metrics Community Data (Bitcoin price)","""2026-09-27""",CC BY 4.0,https://creativecommons.org/licenses/by/4.0/,Luca Valente,"CC BY 4.0 applies to the original compilation and editorial work by Luca Valente. Underlying third-party data retain their source terms, including Coin Metrics CC BY-NC 4.0 where indicated; this export does not replace those terms."
macro_x_crypto,2026-10-05,/blocchi/0/serie/3/punti/16/1,-0.136,"FRED (BAMLC0A4CBBBEY); FRED (DFII10); FRED (DTWEXBGS); FRED (NASDAQCOM); FRED (SP500); FRED (T10Y2Y); DefiLlama (value locked, stablecoins, fees); Coin Metrics Community Data (Bitcoin price)","""2026-09-27""",CC BY 4.0,https://creativecommons.org/licenses/by/4.0/,Luca Valente,"CC BY 4.0 applies to the original compilation and editorial work by Luca Valente. Underlying third-party data retain their source terms, including Coin Metrics CC BY-NC 4.0 where indicated; this export does not replace those terms."
macro_x_crypto,2026-10-05,/blocchi/0/serie/3/punti/17/0,"""2026-01-26""","FRED (BAMLC0A4CBBBEY); FRED (DFII10); FRED (DTWEXBGS); FRED (NASDAQCOM); FRED (SP500); FRED (T10Y2Y); DefiLlama (value locked, stablecoins, fees); Coin Metrics Community Data (Bitcoin price)","""2026-09-27""",CC BY 4.0,https://creativecommons.org/licenses/by/4.0/,Luca Valente,"CC BY 4.0 applies to the original compilation and editorial work by Luca Valente. Underlying third-party data retain their source terms, including Coin Metrics CC BY-NC 4.0 where indicated; this export does not replace those terms."
macro_x_crypto,2026-10-05,/blocchi/0/serie/3/punti/17/1,0.105,"FRED (BAMLC0A4CBBBEY); FRED (DFII10); FRED (DTWEXBGS); FRED (NASDAQCOM); FRED (SP500); FRED (T10Y2Y); DefiLlama (value locked, stablecoins, fees); Coin Metrics Community Data (Bitcoin price)","""2026-09-27""",CC BY 4.0,https://creativecommons.org/licenses/by/4.0/,Luca Valente,"CC BY 4.0 applies to the original compilation and editorial work by Luca Valente. Underlying third-party data retain their source terms, including Coin Metrics CC BY-NC 4.0 where indicated; this export does not replace those terms."
macro_x_crypto,2026-10-05,/blocchi/0/serie/3/punti/18/0,"""2026-02-02""","FRED (BAMLC0A4CBBBEY); FRED (DFII10); FRED (DTWEXBGS); FRED (NASDAQCOM); FRED (SP500); FRED (T10Y2Y); DefiLlama (value locked, stablecoins, fees); Coin Metrics Community Data (Bitcoin price)","""2026-09-27""",CC BY 4.0,https://creativecommons.org/licenses/by/4.0/,Luca Valente,"CC BY 4.0 applies to the original compilation and editorial work by Luca Valente. Underlying third-party data retain their source terms, including Coin Metrics CC BY-NC 4.0 where indicated; this export does not replace those terms."
macro_x_crypto,2026-10-05,/blocchi/0/serie/3/punti/18/1,0.18,"FRED (BAMLC0A4CBBBEY); FRED (DFII10); FRED (DTWEXBGS); FRED (NASDAQCOM); FRED (SP500); FRED (T10Y2Y); DefiLlama (value locked, stablecoins, fees); Coin Metrics Community Data (Bitcoin price)","""2026-09-27""",CC BY 4.0,https://creativecommons.org/licenses/by/4.0/,Luca Valente,"CC BY 4.0 applies to the original compilation and editorial work by Luca Valente. Underlying third-party data retain their source terms, including Coin Metrics CC BY-NC 4.0 where indicated; this export does not replace those terms."
macro_x_crypto,2026-10-05,/blocchi/0/serie/3/punti/19/0,"""2026-02-09""","FRED (BAMLC0A4CBBBEY); FRED (DFII10); FRED (DTWEXBGS); FRED (NASDAQCOM); FRED (SP500); FRED (T10Y2Y); DefiLlama (value locked, stablecoins, fees); Coin Metrics Community Data (Bitcoin price)","""2026-09-27""",CC BY 4.0,https://creativecommons.org/licenses/by/4.0/,Luca Valente,"CC BY 4.0 applies to the original compilation and editorial work by Luca Valente. Underlying third-party data retain their source terms, including Coin Metrics CC BY-NC 4.0 where indicated; this export does not replace those terms."
macro_x_crypto,2026-10-05,/blocchi/0/serie/3/punti/19/1,0.141,"FRED (BAMLC0A4CBBBEY); FRED (DFII10); FRED (DTWEXBGS); FRED (NASDAQCOM); FRED (SP500); FRED (T10Y2Y); DefiLlama (value locked, stablecoins, fees); Coin Metrics Community Data (Bitcoin price)","""2026-09-27""",CC BY 4.0,https://creativecommons.org/licenses/by/4.0/,Luca Valente,"CC BY 4.0 applies to the original compilation and editorial work by Luca Valente. Underlying third-party data retain their source terms, including Coin Metrics CC BY-NC 4.0 where indicated; this export does not replace those terms."
macro_x_crypto,2026-10-05,/blocchi/0/serie/3/punti/20/0,"""2026-02-16""","FRED (BAMLC0A4CBBBEY); FRED (DFII10); FRED (DTWEXBGS); FRED (NASDAQCOM); FRED (SP500); FRED (T10Y2Y); DefiLlama (value locked, stablecoins, fees); Coin Metrics Community Data (Bitcoin price)","""2026-09-27""",CC BY 4.0,https://creativecommons.org/licenses/by/4.0/,Luca Valente,"CC BY 4.0 applies to the original compilation and editorial work by Luca Valente. Underlying third-party data retain their source terms, including Coin Metrics CC BY-NC 4.0 where indicated; this export does not replace those terms."
macro_x_crypto,2026-10-05,/blocchi/0/serie/3/punti/20/1,0.241,"FRED (BAMLC0A4CBBBEY); FRED (DFII10); FRED (DTWEXBGS); FRED (NASDAQCOM); FRED (SP500); FRED (T10Y2Y); DefiLlama (value locked, stablecoins, fees); Coin Metrics Community Data (Bitcoin price)","""2026-09-27""",CC BY 4.0,https://creativecommons.org/licenses/by/4.0/,Luca Valente,"CC BY 4.0 applies to the original compilation and editorial work by Luca Valente. Underlying third-party data retain their source terms, including Coin Metrics CC BY-NC 4.0 where indicated; this export does not replace those terms."
macro_x_crypto,2026-10-05,/blocchi/0/serie/3/punti/21/0,"""2026-02-23""","FRED (BAMLC0A4CBBBEY); FRED (DFII10); FRED (DTWEXBGS); FRED (NASDAQCOM); FRED (SP500); FRED (T10Y2Y); DefiLlama (value locked, stablecoins, fees); Coin Metrics Community Data (Bitcoin price)","""2026-09-27""",CC BY 4.0,https://creativecommons.org/licenses/by/4.0/,Luca Valente,"CC BY 4.0 applies to the original compilation and editorial work by Luca Valente. Underlying third-party data retain their source terms, including Coin Metrics CC BY-NC 4.0 where indicated; this export does not replace those terms."
macro_x_crypto,2026-10-05,/blocchi/0/serie/3/punti/21/1,0.409,"FRED (BAMLC0A4CBBBEY); FRED (DFII10); FRED (DTWEXBGS); FRED (NASDAQCOM); FRED (SP500); FRED (T10Y2Y); DefiLlama (value locked, stablecoins, fees); Coin Metrics Community Data (Bitcoin price)","""2026-09-27""",CC BY 4.0,https://creativecommons.org/licenses/by/4.0/,Luca Valente,"CC BY 4.0 applies to the original compilation and editorial work by Luca Valente. Underlying third-party data retain their source terms, including Coin Metrics CC BY-NC 4.0 where indicated; this export does not replace those terms."
macro_x_crypto,2026-10-05,/blocchi/0/serie/3/punti/22/0,"""2026-03-02""","FRED (BAMLC0A4CBBBEY); FRED (DFII10); FRED (DTWEXBGS); FRED (NASDAQCOM); FRED (SP500); FRED (T10Y2Y); DefiLlama (value locked, stablecoins, fees); Coin Metrics Community Data (Bitcoin price)","""2026-09-27""",CC BY 4.0,https://creativecommons.org/licenses/by/4.0/,Luca Valente,"CC BY 4.0 applies to the original compilation and editorial work by Luca Valente. Underlying third-party data retain their source terms, including Coin Metrics CC BY-NC 4.0 where indicated; this export does not replace those terms."
macro_x_crypto,2026-10-05,/blocchi/0/serie/3/punti/22/1,0.563,"FRED (BAMLC0A4CBBBEY); FRED (DFII10); FRED (DTWEXBGS); FRED (NASDAQCOM); FRED (SP500); FRED (T10Y2Y); DefiLlama (value locked, stablecoins, fees); Coin Metrics Community Data (Bitcoin price)","""2026-09-27""",CC BY 4.0,https://creativecommons.org/licenses/by/4.0/,Luca Valente,"CC BY 4.0 applies to the original compilation and editorial work by Luca Valente. Underlying third-party data retain their source terms, including Coin Metrics CC BY-NC 4.0 where indicated; this export does not replace those terms."
macro_x_crypto,2026-10-05,/blocchi/0/serie/3/punti/23/0,"""2026-03-09""","FRED (BAMLC0A4CBBBEY); FRED (DFII10); FRED (DTWEXBGS); FRED (NASDAQCOM); FRED (SP500); FRED (T10Y2Y); DefiLlama (value locked, stablecoins, fees); Coin Metrics Community Data (Bitcoin price)","""2026-09-27""",CC BY 4.0,https://creativecommons.org/licenses/by/4.0/,Luca Valente,"CC BY 4.0 applies to the original compilation and editorial work by Luca Valente. Underlying third-party data retain their source terms, including Coin Metrics CC BY-NC 4.0 where indicated; this export does not replace those terms."
macro_x_crypto,2026-10-05,/blocchi/0/serie/3/punti/23/1,0.663,"FRED (BAMLC0A4CBBBEY); FRED (DFII10); FRED (DTWEXBGS); FRED (NASDAQCOM); FRED (SP500); FRED (T10Y2Y); DefiLlama (value locked, stablecoins, fees); Coin Metrics Community Data (Bitcoin price)","""2026-09-27""",CC BY 4.0,https://creativecommons.org/licenses/by/4.0/,Luca Valente,"CC BY 4.0 applies to the original compilation and editorial work by Luca Valente. Underlying third-party data retain their source terms, including Coin Metrics CC BY-NC 4.0 where indicated; this export does not replace those terms."
macro_x_crypto,2026-10-05,/blocchi/0/serie/3/punti/24/0,"""2026-03-16""","FRED (BAMLC0A4CBBBEY); FRED (DFII10); FRED (DTWEXBGS); FRED (NASDAQCOM); FRED (SP500); FRED (T10Y2Y); DefiLlama (value locked, stablecoins, fees); Coin Metrics Community Data (Bitcoin price)","""2026-09-27""",CC BY 4.0,https://creativecommons.org/licenses/by/4.0/,Luca Valente,"CC BY 4.0 applies to the original compilation and editorial work by Luca Valente. Underlying third-party data retain their source terms, including Coin Metrics CC BY-NC 4.0 where indicated; this export does not replace those terms."
macro_x_crypto,2026-10-05,/blocchi/0/serie/3/punti/24/1,0.662,"FRED (BAMLC0A4CBBBEY); FRED (DFII10); FRED (DTWEXBGS); FRED (NASDAQCOM); FRED (SP500); FRED (T10Y2Y); DefiLlama (value locked, stablecoins, fees); Coin Metrics Community Data (Bitcoin price)","""2026-09-27""",CC BY 4.0,https://creativecommons.org/licenses/by/4.0/,Luca Valente,"CC BY 4.0 applies to the original compilation and editorial work by Luca Valente. Underlying third-party data retain their source terms, including Coin Metrics CC BY-NC 4.0 where indicated; this export does not replace those terms."
macro_x_crypto,2026-10-05,/blocchi/0/serie/3/punti/25/0,"""2026-03-23""","FRED (BAMLC0A4CBBBEY); FRED (DFII10); FRED (DTWEXBGS); FRED (NASDAQCOM); FRED (SP500); FRED (T10Y2Y); DefiLlama (value locked, stablecoins, fees); Coin Metrics Community Data (Bitcoin price)","""2026-09-27""",CC BY 4.0,https://creativecommons.org/licenses/by/4.0/,Luca Valente,"CC BY 4.0 applies to the original compilation and editorial work by Luca Valente. Underlying third-party data retain their source terms, including Coin Metrics CC BY-NC 4.0 where indicated; this export does not replace those terms."
macro_x_crypto,2026-10-05,/blocchi/0/serie/3/punti/25/1,0.575,"FRED (BAMLC0A4CBBBEY); FRED (DFII10); FRED (DTWEXBGS); FRED (NASDAQCOM); FRED (SP500); FRED (T10Y2Y); DefiLlama (value locked, stablecoins, fees); Coin Metrics Community Data (Bitcoin price)","""2026-09-27""",CC BY 4.0,https://creativecommons.org/licenses/by/4.0/,Luca Valente,"CC BY 4.0 applies to the original compilation and editorial work by Luca Valente. Underlying third-party data retain their source terms, including Coin Metrics CC BY-NC 4.0 where indicated; this export does not replace those terms."
macro_x_crypto,2026-10-05,/blocchi/0/serie/3/punti/26/0,"""2026-03-30""","FRED (BAMLC0A4CBBBEY); FRED (DFII10); FRED (DTWEXBGS); FRED (NASDAQCOM); FRED (SP500); FRED (T10Y2Y); DefiLlama (value locked, stablecoins, fees); Coin Metrics Community Data (Bitcoin price)","""2026-09-27""",CC BY 4.0,https://creativecommons.org/licenses/by/4.0/,Luca Valente,"CC BY 4.0 applies to the original compilation and editorial work by Luca Valente. Underlying third-party data retain their source terms, including Coin Metrics CC BY-NC 4.0 where indicated; this export does not replace those terms."
macro_x_crypto,2026-10-05,/blocchi/0/serie/3/punti/26/1,0.549,"FRED (BAMLC0A4CBBBEY); FRED (DFII10); FRED (DTWEXBGS); FRED (NASDAQCOM); FRED (SP500); FRED (T10Y2Y); DefiLlama (value locked, stablecoins, fees); Coin Metrics Community Data (Bitcoin price)","""2026-09-27""",CC BY 4.0,https://creativecommons.org/licenses/by/4.0/,Luca Valente,"CC BY 4.0 applies to the original compilation and editorial work by Luca Valente. Underlying third-party data retain their source terms, including Coin Metrics CC BY-NC 4.0 where indicated; this export does not replace those terms."
macro_x_crypto,2026-10-05,/blocchi/0/serie/3/punti/27/0,"""2026-04-06""","FRED (BAMLC0A4CBBBEY); FRED (DFII10); FRED (DTWEXBGS); FRED (NASDAQCOM); FRED (SP500); FRED (T10Y2Y); DefiLlama (value locked, stablecoins, fees); Coin Metrics Community Data (Bitcoin price)","""2026-09-27""",CC BY 4.0,https://creativecommons.org/licenses/by/4.0/,Luca Valente,"CC BY 4.0 applies to the original compilation and editorial work by Luca Valente. Underlying third-party data retain their source terms, including Coin Metrics CC BY-NC 4.0 where indicated; this export does not replace those terms."
macro_x_crypto,2026-10-05,/blocchi/0/serie/3/punti/27/1,0.431,"FRED (BAMLC0A4CBBBEY); FRED (DFII10); FRED (DTWEXBGS); FRED (NASDAQCOM); FRED (SP500); FRED (T10Y2Y); DefiLlama (value locked, stablecoins, fees); Coin Metrics Community Data (Bitcoin price)","""2026-09-27""",CC BY 4.0,https://creativecommons.org/licenses/by/4.0/,Luca Valente,"CC BY 4.0 applies to the original compilation and editorial work by Luca Valente. Underlying third-party data retain their source terms, including Coin Metrics CC BY-NC 4.0 where indicated; this export does not replace those terms."
macro_x_crypto,2026-10-05,/blocchi/0/serie/3/punti/28/0,"""2026-04-13""","FRED (BAMLC0A4CBBBEY); FRED (DFII10); FRED (DTWEXBGS); FRED (NASDAQCOM); FRED (SP500); FRED (T10Y2Y); DefiLlama (value locked, stablecoins, fees); Coin Metrics Community Data (Bitcoin price)","""2026-09-27""",CC BY 4.0,https://creativecommons.org/licenses/by/4.0/,Luca Valente,"CC BY 4.0 applies to the original compilation and editorial work by Luca Valente. Underlying third-party data retain their source terms, including Coin Metrics CC BY-NC 4.0 where indicated; this export does not replace those terms."
macro_x_crypto,2026-10-05,/blocchi/0/serie/3/punti/28/1,0.386,"FRED (BAMLC0A4CBBBEY); FRED (DFII10); FRED (DTWEXBGS); FRED (NASDAQCOM); FRED (SP500); FRED (T10Y2Y); DefiLlama (value locked, stablecoins, fees); Coin Metrics Community Data (Bitcoin price)","""2026-09-27""",CC BY 4.0,https://creativecommons.org/licenses/by/4.0/,Luca Valente,"CC BY 4.0 applies to the original compilation and editorial work by Luca Valente. Underlying third-party data retain their source terms, including Coin Metrics CC BY-NC 4.0 where indicated; this export does not replace those terms."
macro_x_crypto,2026-10-05,/blocchi/0/serie/3/punti/29/0,"""2026-04-20""","FRED (BAMLC0A4CBBBEY); FRED (DFII10); FRED (DTWEXBGS); FRED (NASDAQCOM); FRED (SP500); FRED (T10Y2Y); DefiLlama (value locked, stablecoins, fees); Coin Metrics Community Data (Bitcoin price)","""2026-09-27""",CC BY 4.0,https://creativecommons.org/licenses/by/4.0/,Luca Valente,"CC BY 4.0 applies to the original compilation and editorial work by Luca Valente. Underlying third-party data retain their source terms, including Coin Metrics CC BY-NC 4.0 where indicated; this export does not replace those terms."
macro_x_crypto,2026-10-05,/blocchi/0/serie/3/punti/29/1,0.219,"FRED (BAMLC0A4CBBBEY); FRED (DFII10); FRED (DTWEXBGS); FRED (NASDAQCOM); FRED (SP500); FRED (T10Y2Y); DefiLlama (value locked, stablecoins, fees); Coin Metrics Community Data (Bitcoin price)","""2026-09-27""",CC BY 4.0,https://creativecommons.org/licenses/by/4.0/,Luca Valente,"CC BY 4.0 applies to the original compilation and editorial work by Luca Valente. Underlying third-party data retain their source terms, including Coin Metrics CC BY-NC 4.0 where indicated; this export does not replace those terms."
macro_x_crypto,2026-10-05,/blocchi/0/serie/3/punti/30/0,"""2026-04-27""","FRED (BAMLC0A4CBBBEY); FRED (DFII10); FRED (DTWEXBGS); FRED (NASDAQCOM); FRED (SP500); FRED (T10Y2Y); DefiLlama (value locked, stablecoins, fees); Coin Metrics Community Data (Bitcoin price)","""2026-09-27""",CC BY 4.0,https://creativecommons.org/licenses/by/4.0/,Luca Valente,"CC BY 4.0 applies to the original compilation and editorial work by Luca Valente. Underlying third-party data retain their source terms, including Coin Metrics CC BY-NC 4.0 where indicated; this export does not replace those terms."
macro_x_crypto,2026-10-05,/blocchi/0/serie/3/punti/30/1,0.011,"FRED (BAMLC0A4CBBBEY); FRED (DFII10); FRED (DTWEXBGS); FRED (NASDAQCOM); FRED (SP500); FRED (T10Y2Y); DefiLlama (value locked, stablecoins, fees); Coin Metrics Community Data (Bitcoin price)","""2026-09-27""",CC BY 4.0,https://creativecommons.org/licenses/by/4.0/,Luca Valente,"CC BY 4.0 applies to the original compilation and editorial work by Luca Valente. Underlying third-party data retain their source terms, including Coin Metrics CC BY-NC 4.0 where indicated; this export does not replace those terms."
macro_x_crypto,2026-10-05,/blocchi/0/serie/3/punti/31/0,"""2026-05-04""","FRED (BAMLC0A4CBBBEY); FRED (DFII10); FRED (DTWEXBGS); FRED (NASDAQCOM); FRED (SP500); FRED (T10Y2Y); DefiLlama (value locked, stablecoins, fees); Coin Metrics Community Data (Bitcoin price)","""2026-09-27""",CC BY 4.0,https://creativecommons.org/licenses/by/4.0/,Luca Valente,"CC BY 4.0 applies to the original compilation and editorial work by Luca Valente. Underlying third-party data retain their source terms, including Coin Metrics CC BY-NC 4.0 where indicated; this export does not replace those terms."
macro_x_crypto,2026-10-05,/blocchi/0/serie/3/punti/31/1,0.0,"FRED (BAMLC0A4CBBBEY); FRED (DFII10); FRED (DTWEXBGS); FRED (NASDAQCOM); FRED (SP500); FRED (T10Y2Y); DefiLlama (value locked, stablecoins, fees); Coin Metrics Community Data (Bitcoin price)","""2026-09-27""",CC BY 4.0,https://creativecommons.org/licenses/by/4.0/,Luca Valente,"CC BY 4.0 applies to the original compilation and editorial work by Luca Valente. Underlying third-party data retain their source terms, including Coin Metrics CC BY-NC 4.0 where indicated; this export does not replace those terms."
macro_x_crypto,2026-10-05,/blocchi/0/serie/3/punti/32/0,"""2026-05-11""","FRED (BAMLC0A4CBBBEY); FRED (DFII10); FRED (DTWEXBGS); FRED (NASDAQCOM); FRED (SP500); FRED (T10Y2Y); DefiLlama (value locked, stablecoins, fees); Coin Metrics Community Data (Bitcoin price)","""2026-09-27""",CC BY 4.0,https://creativecommons.org/licenses/by/4.0/,Luca Valente,"CC BY 4.0 applies to the original compilation and editorial work by Luca Valente. Underlying third-party data retain their source terms, including Coin Metrics CC BY-NC 4.0 where indicated; this export does not replace those terms."
macro_x_crypto,2026-10-05,/blocchi/0/serie/3/punti/32/1,-0.019,"FRED (BAMLC0A4CBBBEY); FRED (DFII10); FRED (DTWEXBGS); FRED (NASDAQCOM); FRED (SP500); FRED (T10Y2Y); DefiLlama (value locked, stablecoins, fees); Coin Metrics Community Data (Bitcoin price)","""2026-09-27""",CC BY 4.0,https://creativecommons.org/licenses/by/4.0/,Luca Valente,"CC BY 4.0 applies to the original compilation and editorial work by Luca Valente. Underlying third-party data retain their source terms, including Coin Metrics CC BY-NC 4.0 where indicated; this export does not replace those terms."
macro_x_crypto,2026-10-05,/blocchi/0/serie/3/punti/33/0,"""2026-05-18""","FRED (BAMLC0A4CBBBEY); FRED (DFII10); FRED (DTWEXBGS); FRED (NASDAQCOM); FRED (SP500); FRED (T10Y2Y); DefiLlama (value locked, stablecoins, fees); Coin Metrics Community Data (Bitcoin price)","""2026-09-27""",CC BY 4.0,https://creativecommons.org/licenses/by/4.0/,Luca Valente,"CC BY 4.0 applies to the original compilation and editorial work by Luca Valente. Underlying third-party data retain their source terms, including Coin Metrics CC BY-NC 4.0 where indicated; this export does not replace those terms."
macro_x_crypto,2026-10-05,/blocchi/0/serie/3/punti/33/1,0.025,"FRED (BAMLC0A4CBBBEY); FRED (DFII10); FRED (DTWEXBGS); FRED (NASDAQCOM); FRED (SP500); FRED (T10Y2Y); DefiLlama (value locked, stablecoins, fees); Coin Metrics Community Data (Bitcoin price)","""2026-09-27""",CC BY 4.0,https://creativecommons.org/licenses/by/4.0/,Luca Valente,"CC BY 4.0 applies to the original compilation and editorial work by Luca Valente. Underlying third-party data retain their source terms, including Coin Metrics CC BY-NC 4.0 where indicated; this export does not replace those terms."
macro_x_crypto,2026-10-05,/blocchi/0/serie/3/punti/34/0,"""2026-05-25""","FRED (BAMLC0A4CBBBEY); FRED (DFII10); FRED (DTWEXBGS); FRED (NASDAQCOM); FRED (SP500); FRED (T10Y2Y); DefiLlama (value locked, stablecoins, fees); Coin Metrics Community Data (Bitcoin price)","""2026-09-27""",CC BY 4.0,https://creativecommons.org/licenses/by/4.0/,Luca Valente,"CC BY 4.0 applies to the original compilation and editorial work by Luca Valente. Underlying third-party data retain their source terms, including Coin Metrics CC BY-NC 4.0 where indicated; this export does not replace those terms."
macro_x_crypto,2026-10-05,/blocchi/0/serie/3/punti/34/1,0.124,"FRED (BAMLC0A4CBBBEY); FRED (DFII10); FRED (DTWEXBGS); FRED (NASDAQCOM); FRED (SP500); FRED (T10Y2Y); DefiLlama (value locked, stablecoins, fees); Coin Metrics Community Data (Bitcoin price)","""2026-09-27""",CC BY 4.0,https://creativecommons.org/licenses/by/4.0/,Luca Valente,"CC BY 4.0 applies to the original compilation and editorial work by Luca Valente. Underlying third-party data retain their source terms, including Coin Metrics CC BY-NC 4.0 where indicated; this export does not replace those terms."
macro_x_crypto,2026-10-05,/blocchi/0/serie/3/punti/35/0,"""2026-06-01""","FRED (BAMLC0A4CBBBEY); FRED (DFII10); FRED (DTWEXBGS); FRED (NASDAQCOM); FRED (SP500); FRED (T10Y2Y); DefiLlama (value locked, stablecoins, fees); Coin Metrics Community Data (Bitcoin price)","""2026-09-27""",CC BY 4.0,https://creativecommons.org/licenses/by/4.0/,Luca Valente,"CC BY 4.0 applies to the original compilation and editorial work by Luca Valente. Underlying third-party data retain their source terms, including Coin Metrics CC BY-NC 4.0 where indicated; this export does not replace those terms."
macro_x_crypto,2026-10-05,/blocchi/0/serie/3/punti/35/1,-0.322,"FRED (BAMLC0A4CBBBEY); FRED (DFII10); FRED (DTWEXBGS); FRED (NASDAQCOM); FRED (SP500); FRED (T10Y2Y); DefiLlama (value locked, stablecoins, fees); Coin Metrics Community Data (Bitcoin price)","""2026-09-27""",CC BY 4.0,https://creativecommons.org/licenses/by/4.0/,Luca Valente,"CC BY 4.0 applies to the original compilation and editorial work by Luca Valente. Underlying third-party data retain their source terms, including Coin Metrics CC BY-NC 4.0 where indicated; this export does not replace those terms."
macro_x_crypto,2026-10-05,/blocchi/0/serie/3/punti/36/0,"""2026-06-08""","FRED (BAMLC0A4CBBBEY); FRED (DFII10); FRED (DTWEXBGS); FRED (NASDAQCOM); FRED (SP500); FRED (T10Y2Y); DefiLlama (value locked, stablecoins, fees); Coin Metrics Community Data (Bitcoin price)","""2026-09-27""",CC BY 4.0,https://creativecommons.org/licenses/by/4.0/,Luca Valente,"CC BY 4.0 applies to the original compilation and editorial work by Luca Valente. Underlying third-party data retain their source terms, including Coin Metrics CC BY-NC 4.0 where indicated; this export does not replace those terms."
macro_x_crypto,2026-10-05,/blocchi/0/serie/3/punti/36/1,-0.488,"FRED (BAMLC0A4CBBBEY); FRED (DFII10); FRED (DTWEXBGS); FRED (NASDAQCOM); FRED (SP500); FRED (T10Y2Y); DefiLlama (value locked, stablecoins, fees); Coin Metrics Community Data (Bitcoin price)","""2026-09-27""",CC BY 4.0,https://creativecommons.org/licenses/by/4.0/,Luca Valente,"CC BY 4.0 applies to the original compilation and editorial work by Luca Valente. Underlying third-party data retain their source terms, including Coin Metrics CC BY-NC 4.0 where indicated; this export does not replace those terms."
macro_x_crypto,2026-10-05,/blocchi/0/serie/3/punti/37/0,"""2026-06-15""","FRED (BAMLC0A4CBBBEY); FRED (DFII10); FRED (DTWEXBGS); FRED (NASDAQCOM); FRED (SP500); FRED (T10Y2Y); DefiLlama (value locked, stablecoins, fees); Coin Metrics Community Data (Bitcoin price)","""2026-09-27""",CC BY 4.0,https://creativecommons.org/licenses/by/4.0/,Luca Valente,"CC BY 4.0 applies to the original compilation and editorial work by Luca Valente. Underlying third-party data retain their source terms, including Coin Metrics CC BY-NC 4.0 where indicated; this export does not replace those terms."
macro_x_crypto,2026-10-05,/blocchi/0/serie/3/punti/37/1,-0.454,"FRED (BAMLC0A4CBBBEY); FRED (DFII10); FRED (DTWEXBGS); FRED (NASDAQCOM); FRED (SP500); FRED (T10Y2Y); DefiLlama (value locked, stablecoins, fees); Coin Metrics Community Data (Bitcoin price)","""2026-09-27""",CC BY 4.0,https://creativecommons.org/licenses/by/4.0/,Luca Valente,"CC BY 4.0 applies to the original compilation and editorial work by Luca Valente. Underlying third-party data retain their source terms, including Coin Metrics CC BY-NC 4.0 where indicated; this export does not replace those terms."
macro_x_crypto,2026-10-05,/blocchi/0/serie/3/punti/38/0,"""2026-06-22""","FRED (BAMLC0A4CBBBEY); FRED (DFII10); FRED (DTWEXBGS); FRED (NASDAQCOM); FRED (SP500); FRED (T10Y2Y); DefiLlama (value locked, stablecoins, fees); Coin Metrics Community Data (Bitcoin price)","""2026-09-27""",CC BY 4.0,https://creativecommons.org/licenses/by/4.0/,Luca Valente,"CC BY 4.0 applies to the original compilation and editorial work by Luca Valente. Underlying third-party data retain their source terms, including Coin Metrics CC BY-NC 4.0 where indicated; this export does not replace those terms."
macro_x_crypto,2026-10-05,/blocchi/0/serie/3/punti/38/1,-0.462,"FRED (BAMLC0A4CBBBEY); FRED (DFII10); FRED (DTWEXBGS); FRED (NASDAQCOM); FRED (SP500); FRED (T10Y2Y); DefiLlama (value locked, stablecoins, fees); Coin Metrics Community Data (Bitcoin price)","""2026-09-27""",CC BY 4.0,https://creativecommons.org/licenses/by/4.0/,Luca Valente,"CC BY 4.0 applies to the original compilation and editorial work by Luca Valente. Underlying third-party data retain their source terms, including Coin Metrics CC BY-NC 4.0 where indicated; this export does not replace those terms."
macro_x_crypto,2026-10-05,/blocchi/0/serie/3/punti/39/0,"""2026-06-29""","FRED (BAMLC0A4CBBBEY); FRED (DFII10); FRED (DTWEXBGS); FRED (NASDAQCOM); FRED (SP500); FRED (T10Y2Y); DefiLlama (value locked, stablecoins, fees); Coin Metrics Community Data (Bitcoin price)","""2026-09-27""",CC BY 4.0,https://creativecommons.org/licenses/by/4.0/,Luca Valente,"CC BY 4.0 applies to the original compilation and editorial work by Luca Valente. Underlying third-party data retain their source terms, including Coin Metrics CC BY-NC 4.0 where indicated; this export does not replace those terms."
macro_x_crypto,2026-10-05,/blocchi/0/serie/3/punti/39/1,-0.431,"FRED (BAMLC0A4CBBBEY); FRED (DFII10); FRED (DTWEXBGS); FRED (NASDAQCOM); FRED (SP500); FRED (T10Y2Y); DefiLlama (value locked, stablecoins, fees); Coin Metrics Community Data (Bitcoin price)","""2026-09-27""",CC BY 4.0,https://creativecommons.org/licenses/by/4.0/,Luca Valente,"CC BY 4.0 applies to the original compilation and editorial work by Luca Valente. Underlying third-party data retain their source terms, including Coin Metrics CC BY-NC 4.0 where indicated; this export does not replace those terms."
macro_x_crypto,2026-10-05,/blocchi/0/serie/3/punti/40/0,"""2026-07-06""","FRED (BAMLC0A4CBBBEY); FRED (DFII10); FRED (DTWEXBGS); FRED (NASDAQCOM); FRED (SP500); FRED (T10Y2Y); DefiLlama (value locked, stablecoins, fees); Coin Metrics Community Data (Bitcoin price)","""2026-09-27""",CC BY 4.0,https://creativecommons.org/licenses/by/4.0/,Luca Valente,"CC BY 4.0 applies to the original compilation and editorial work by Luca Valente. Underlying third-party data retain their source terms, including Coin Metrics CC BY-NC 4.0 where indicated; this export does not replace those terms."
macro_x_crypto,2026-10-05,/blocchi/0/serie/3/punti/40/1,-0.319,"FRED (BAMLC0A4CBBBEY); FRED (DFII10); FRED (DTWEXBGS); FRED (NASDAQCOM); FRED (SP500); FRED (T10Y2Y); DefiLlama (value locked, stablecoins, fees); Coin Metrics Community Data (Bitcoin price)","""2026-09-27""",CC BY 4.0,https://creativecommons.org/licenses/by/4.0/,Luca Valente,"CC BY 4.0 applies to the original compilation and editorial work by Luca Valente. Underlying third-party data retain their source terms, including Coin Metrics CC BY-NC 4.0 where indicated; this export does not replace those terms."
macro_x_crypto,2026-10-05,/blocchi/0/serie/3/punti/41/0,"""2026-07-13""","FRED (BAMLC0A4CBBBEY); FRED (DFII10); FRED (DTWEXBGS); FRED (NASDAQCOM); FRED (SP500); FRED (T10Y2Y); DefiLlama (value locked, stablecoins, fees); Coin Metrics Community Data (Bitcoin price)","""2026-09-27""",CC BY 4.0,https://creativecommons.org/licenses/by/4.0/,Luca Valente,"CC BY 4.0 applies to the original compilation and editorial work by Luca Valente. Underlying third-party data retain their source terms, including Coin Metrics CC BY-NC 4.0 where indicated; this export does not replace those terms."
macro_x_crypto,2026-10-05,/blocchi/0/serie/3/punti/41/1,-0.119,"FRED (BAMLC0A4CBBBEY); FRED (DFII10); FRED (DTWEXBGS); FRED (NASDAQCOM); FRED (SP500); FRED (T10Y2Y); DefiLlama (value locked, stablecoins, fees); Coin Metrics Community Data (Bitcoin price)","""2026-09-27""",CC BY 4.0,https://creativecommons.org/licenses/by/4.0/,Luca Valente,"CC BY 4.0 applies to the original compilation and editorial work by Luca Valente. Underlying third-party data retain their source terms, including Coin Metrics CC BY-NC 4.0 where indicated; this export does not replace those terms."
macro_x_crypto,2026-10-05,/blocchi/0/serie/3/punti/42/0,"""2026-07-20""","FRED (BAMLC0A4CBBBEY); FRED (DFII10); FRED (DTWEXBGS); FRED (NASDAQCOM); FRED (SP500); FRED (T10Y2Y); DefiLlama (value locked, stablecoins, fees); Coin Metrics Community Data (Bitcoin price)","""2026-09-27""",CC BY 4.0,https://creativecommons.org/licenses/by/4.0/,Luca Valente,"CC BY 4.0 applies to the original compilation and editorial work by Luca Valente. Underlying third-party data retain their source terms, including Coin Metrics CC BY-NC 4.0 where indicated; this export does not replace those terms."
macro_x_crypto,2026-10-05,/blocchi/0/serie/3/punti/42/1,-0.122,"FRED (BAMLC0A4CBBBEY); FRED (DFII10); FRED (DTWEXBGS); FRED (NASDAQCOM); FRED (SP500); FRED (T10Y2Y); DefiLlama (value locked, stablecoins, fees); Coin Metrics Community Data (Bitcoin price)","""2026-09-27""",CC BY 4.0,https://creativecommons.org/licenses/by/4.0/,Luca Valente,"CC BY 4.0 applies to the original compilation and editorial work by Luca Valente. Underlying third-party data retain their source terms, including Coin Metrics CC BY-NC 4.0 where indicated; this export does not replace those terms."
macro_x_crypto,2026-10-05,/blocchi/0/serie/3/punti/43/0,"""2026-07-27""","FRED (BAMLC0A4CBBBEY); FRED (DFII10); FRED (DTWEXBGS); FRED (NASDAQCOM); FRED (SP500); FRED (T10Y2Y); DefiLlama (value locked, stablecoins, fees); Coin Metrics Community Data (Bitcoin price)","""2026-09-27""",CC BY 4.0,https://creativecommons.org/licenses/by/4.0/,Luca Valente,"CC BY 4.0 applies to the original compilation and editorial work by Luca Valente. Underlying third-party data retain their source terms, including Coin Metrics CC BY-NC 4.0 where indicated; this export does not replace those terms."
macro_x_crypto,2026-10-05,/blocchi/0/serie/3/punti/43/1,0.097,"FRED (BAMLC0A4CBBBEY); FRED (DFII10); FRED (DTWEXBGS); FRED (NASDAQCOM); FRED (SP500); FRED (T10Y2Y); DefiLlama (value locked, stablecoins, fees); Coin Metrics Community Data (Bitcoin price)","""2026-09-27""",CC BY 4.0,https://creativecommons.org/licenses/by/4.0/,Luca Valente,"CC BY 4.0 applies to the original compilation and editorial work by Luca Valente. Underlying third-party data retain their source terms, including Coin Metrics CC BY-NC 4.0 where indicated; this export does not replace those terms."
macro_x_crypto,2026-10-05,/blocchi/0/serie/3/punti/44/0,"""2026-08-03""","FRED (BAMLC0A4CBBBEY); FRED (DFII10); FRED (DTWEXBGS); FRED (NASDAQCOM); FRED (SP500); FRED (T10Y2Y); DefiLlama (value locked, stablecoins, fees); Coin Metrics Community Data (Bitcoin price)","""2026-09-27""",CC BY 4.0,https://creativecommons.org/licenses/by/4.0/,Luca Valente,"CC BY 4.0 applies to the original compilation and editorial work by Luca Valente. Underlying third-party data retain their source terms, including Coin Metrics CC BY-NC 4.0 where indicated; this export does not replace those terms."
macro_x_crypto,2026-10-05,/blocchi/0/serie/3/punti/44/1,0.098,"FRED (BAMLC0A4CBBBEY); FRED (DFII10); FRED (DTWEXBGS); FRED (NASDAQCOM); FRED (SP500); FRED (T10Y2Y); DefiLlama (value locked, stablecoins, fees); Coin Metrics Community Data (Bitcoin price)","""2026-09-27""",CC BY 4.0,https://creativecommons.org/licenses/by/4.0/,Luca Valente,"CC BY 4.0 applies to the original compilation and editorial work by Luca Valente. Underlying third-party data retain their source terms, including Coin Metrics CC BY-NC 4.0 where indicated; this export does not replace those terms."
macro_x_crypto,2026-10-05,/blocchi/0/serie/3/punti/45/0,"""2026-08-10""","FRED (BAMLC0A4CBBBEY); FRED (DFII10); FRED (DTWEXBGS); FRED (NASDAQCOM); FRED (SP500); FRED (T10Y2Y); DefiLlama (value locked, stablecoins, fees); Coin Metrics Community Data (Bitcoin price)","""2026-09-27""",CC BY 4.0,https://creativecommons.org/licenses/by/4.0/,Luca Valente,"CC BY 4.0 applies to the original compilation and editorial work by Luca Valente. Underlying third-party data retain their source terms, including Coin Metrics CC BY-NC 4.0 where indicated; this export does not replace those terms."
macro_x_crypto,2026-10-05,/blocchi/0/serie/3/punti/45/1,-0.152,"FRED (BAMLC0A4CBBBEY); FRED (DFII10); FRED (DTWEXBGS); FRED (NASDAQCOM); FRED (SP500); FRED (T10Y2Y); DefiLlama (value locked, stablecoins, fees); Coin Metrics Community Data (Bitcoin price)","""2026-09-27""",CC BY 4.0,https://creativecommons.org/licenses/by/4.0/,Luca Valente,"CC BY 4.0 applies to the original compilation and editorial work by Luca Valente. Underlying third-party data retain their source terms, including Coin Metrics CC BY-NC 4.0 where indicated; this export does not replace those terms."
macro_x_crypto,2026-10-05,/blocchi/0/serie/3/punti/46/0,"""2026-08-17""","FRED (BAMLC0A4CBBBEY); FRED (DFII10); FRED (DTWEXBGS); FRED (NASDAQCOM); FRED (SP500); FRED (T10Y2Y); DefiLlama (value locked, stablecoins, fees); Coin Metrics Community Data (Bitcoin price)","""2026-09-27""",CC BY 4.0,https://creativecommons.org/licenses/by/4.0/,Luca Valente,"CC BY 4.0 applies to the original compilation and editorial work by Luca Valente. Underlying third-party data retain their source terms, including Coin Metrics CC BY-NC 4.0 where indicated; this export does not replace those terms."
macro_x_crypto,2026-10-05,/blocchi/0/serie/3/punti/46/1,-0.316,"FRED (BAMLC0A4CBBBEY); FRED (DFII10); FRED (DTWEXBGS); FRED (NASDAQCOM); FRED (SP500); FRED (T10Y2Y); DefiLlama (value locked, stablecoins, fees); Coin Metrics Community Data (Bitcoin price)","""2026-09-27""",CC BY 4.0,https://creativecommons.org/licenses/by/4.0/,Luca Valente,"CC BY 4.0 applies to the original compilation and editorial work by Luca Valente. Underlying third-party data retain their source terms, including Coin Metrics CC BY-NC 4.0 where indicated; this export does not replace those terms."
macro_x_crypto,2026-10-05,/blocchi/0/serie/3/punti/47/0,"""2026-08-24""","FRED (BAMLC0A4CBBBEY); FRED (DFII10); FRED (DTWEXBGS); FRED (NASDAQCOM); FRED (SP500); FRED (T10Y2Y); DefiLlama (value locked, stablecoins, fees); Coin Metrics Community Data (Bitcoin price)","""2026-09-27""",CC BY 4.0,https://creativecommons.org/licenses/by/4.0/,Luca Valente,"CC BY 4.0 applies to the original compilation and editorial work by Luca Valente. Underlying third-party data retain their source terms, including Coin Metrics CC BY-NC 4.0 where indicated; this export does not replace those terms."
macro_x_crypto,2026-10-05,/blocchi/0/serie/3/punti/47/1,-0.282,"FRED (BAMLC0A4CBBBEY); FRED (DFII10); FRED (DTWEXBGS); FRED (NASDAQCOM); FRED (SP500); FRED (T10Y2Y); DefiLlama (value locked, stablecoins, fees); Coin Metrics Community Data (Bitcoin price)","""2026-09-27""",CC BY 4.0,https://creativecommons.org/licenses/by/4.0/,Luca Valente,"CC BY 4.0 applies to the original compilation and editorial work by Luca Valente. Underlying third-party data retain their source terms, including Coin Metrics CC BY-NC 4.0 where indicated; this export does not replace those terms."
macro_x_crypto,2026-10-05,/blocchi/0/serie/3/punti/48/0,"""2026-08-31""","FRED (BAMLC0A4CBBBEY); FRED (DFII10); FRED (DTWEXBGS); FRED (NASDAQCOM); FRED (SP500); FRED (T10Y2Y); DefiLlama (value locked, stablecoins, fees); Coin Metrics Community Data (Bitcoin price)","""2026-09-27""",CC BY 4.0,https://creativecommons.org/licenses/by/4.0/,Luca Valente,"CC BY 4.0 applies to the original compilation and editorial work by Luca Valente. Underlying third-party data retain their source terms, including Coin Metrics CC BY-NC 4.0 where indicated; this export does not replace those terms."
macro_x_crypto,2026-10-05,/blocchi/0/serie/3/punti/48/1,-0.086,"FRED (BAMLC0A4CBBBEY); FRED (DFII10); FRED (DTWEXBGS); FRED (NASDAQCOM); FRED (SP500); FRED (T10Y2Y); DefiLlama (value locked, stablecoins, fees); Coin Metrics Community Data (Bitcoin price)","""2026-09-27""",CC BY 4.0,https://creativecommons.org/licenses/by/4.0/,Luca Valente,"CC BY 4.0 applies to the original compilation and editorial work by Luca Valente. Underlying third-party data retain their source terms, including Coin Metrics CC BY-NC 4.0 where indicated; this export does not replace those terms."
macro_x_crypto,2026-10-05,/blocchi/0/serie/3/punti/49/0,"""2026-09-07""","FRED (BAMLC0A4CBBBEY); FRED (DFII10); FRED (DTWEXBGS); FRED (NASDAQCOM); FRED (SP500); FRED (T10Y2Y); DefiLlama (value locked, stablecoins, fees); Coin Metrics Community Data (Bitcoin price)","""2026-09-27""",CC BY 4.0,https://creativecommons.org/licenses/by/4.0/,Luca Valente,"CC BY 4.0 applies to the original compilation and editorial work by Luca Valente. Underlying third-party data retain their source terms, including Coin Metrics CC BY-NC 4.0 where indicated; this export does not replace those terms."
macro_x_crypto,2026-10-05,/blocchi/0/serie/3/punti/49/1,-0.11,"FRED (BAMLC0A4CBBBEY); FRED (DFII10); FRED (DTWEXBGS); FRED (NASDAQCOM); FRED (SP500); FRED (T10Y2Y); DefiLlama (value locked, stablecoins, fees); Coin Metrics Community Data (Bitcoin price)","""2026-09-27""",CC BY 4.0,https://creativecommons.org/licenses/by/4.0/,Luca Valente,"CC BY 4.0 applies to the original compilation and editorial work by Luca Valente. Underlying third-party data retain their source terms, including Coin Metrics CC BY-NC 4.0 where indicated; this export does not replace those terms."
macro_x_crypto,2026-10-05,/blocchi/0/serie/3/punti/50/0,"""2026-09-14""","FRED (BAMLC0A4CBBBEY); FRED (DFII10); FRED (DTWEXBGS); FRED (NASDAQCOM); FRED (SP500); FRED (T10Y2Y); DefiLlama (value locked, stablecoins, fees); Coin Metrics Community Data (Bitcoin price)","""2026-09-27""",CC BY 4.0,https://creativecommons.org/licenses/by/4.0/,Luca Valente,"CC BY 4.0 applies to the original compilation and editorial work by Luca Valente. Underlying third-party data retain their source terms, including Coin Metrics CC BY-NC 4.0 where indicated; this export does not replace those terms."
macro_x_crypto,2026-10-05,/blocchi/0/serie/3/punti/50/1,-0.123,"FRED (BAMLC0A4CBBBEY); FRED (DFII10); FRED (DTWEXBGS); FRED (NASDAQCOM); FRED (SP500); FRED (T10Y2Y); DefiLlama (value locked, stablecoins, fees); Coin Metrics Community Data (Bitcoin price)","""2026-09-27""",CC BY 4.0,https://creativecommons.org/licenses/by/4.0/,Luca Valente,"CC BY 4.0 applies to the original compilation and editorial work by Luca Valente. Underlying third-party data retain their source terms, including Coin Metrics CC BY-NC 4.0 where indicated; this export does not replace those terms."
macro_x_crypto,2026-10-05,/blocchi/0/serie/3/punti/51/0,"""2026-09-21""","FRED (BAMLC0A4CBBBEY); FRED (DFII10); FRED (DTWEXBGS); FRED (NASDAQCOM); FRED (SP500); FRED (T10Y2Y); DefiLlama (value locked, stablecoins, fees); Coin Metrics Community Data (Bitcoin price)","""2026-09-27""",CC BY 4.0,https://creativecommons.org/licenses/by/4.0/,Luca Valente,"CC BY 4.0 applies to the original compilation and editorial work by Luca Valente. Underlying third-party data retain their source terms, including Coin Metrics CC BY-NC 4.0 where indicated; this export does not replace those terms."
macro_x_crypto,2026-10-05,/blocchi/0/serie/3/punti/51/1,0.099,"FRED (BAMLC0A4CBBBEY); FRED (DFII10); FRED (DTWEXBGS); FRED (NASDAQCOM); FRED (SP500); FRED (T10Y2Y); DefiLlama (value locked, stablecoins, fees); Coin Metrics Community Data (Bitcoin price)","""2026-09-27""",CC BY 4.0,https://creativecommons.org/licenses/by/4.0/,Luca Valente,"CC BY 4.0 applies to the original compilation and editorial work by Luca Valente. Underlying third-party data retain their source terms, including Coin Metrics CC BY-NC 4.0 where indicated; this export does not replace those terms."
macro_x_crypto,2026-10-05,/blocchi/1/id,"""tabella""","FRED (BAMLC0A4CBBBEY); FRED (DFII10); FRED (DTWEXBGS); FRED (NASDAQCOM); FRED (SP500); FRED (T10Y2Y); DefiLlama (value locked, stablecoins, fees); Coin Metrics Community Data (Bitcoin price)","""2026-09-27""",CC BY 4.0,https://creativecommons.org/licenses/by/4.0/,Luca Valente,"CC BY 4.0 applies to the original compilation and editorial work by Luca Valente. Underlying third-party data retain their source terms, including Coin Metrics CC BY-NC 4.0 where indicated; this export does not replace those terms."
macro_x_crypto,2026-10-05,/blocchi/1/titolo,"""All pairs""","FRED (BAMLC0A4CBBBEY); FRED (DFII10); FRED (DTWEXBGS); FRED (NASDAQCOM); FRED (SP500); FRED (T10Y2Y); DefiLlama (value locked, stablecoins, fees); Coin Metrics Community Data (Bitcoin price)","""2026-09-27""",CC BY 4.0,https://creativecommons.org/licenses/by/4.0/,Luca Valente,"CC BY 4.0 applies to the original compilation and editorial work by Luca Valente. Underlying third-party data retain their source terms, including Coin Metrics CC BY-NC 4.0 where indicated; this export does not replace those terms."
macro_x_crypto,2026-10-05,/blocchi/1/tabella/colonne/0,"""Macro series""","FRED (BAMLC0A4CBBBEY); FRED (DFII10); FRED (DTWEXBGS); FRED (NASDAQCOM); FRED (SP500); FRED (T10Y2Y); DefiLlama (value locked, stablecoins, fees); Coin Metrics Community Data (Bitcoin price)","""2026-09-27""",CC BY 4.0,https://creativecommons.org/licenses/by/4.0/,Luca Valente,"CC BY 4.0 applies to the original compilation and editorial work by Luca Valente. Underlying third-party data retain their source terms, including Coin Metrics CC BY-NC 4.0 where indicated; this export does not replace those terms."
macro_x_crypto,2026-10-05,/blocchi/1/tabella/colonne/1,"""Crypto series""","FRED (BAMLC0A4CBBBEY); FRED (DFII10); FRED (DTWEXBGS); FRED (NASDAQCOM); FRED (SP500); FRED (T10Y2Y); DefiLlama (value locked, stablecoins, fees); Coin Metrics Community Data (Bitcoin price)","""2026-09-27""",CC BY 4.0,https://creativecommons.org/licenses/by/4.0/,Luca Valente,"CC BY 4.0 applies to the original compilation and editorial work by Luca Valente. Underlying third-party data retain their source terms, including Coin Metrics CC BY-NC 4.0 where indicated; this export does not replace those terms."
macro_x_crypto,2026-10-05,/blocchi/1/tabella/colonne/2,"""Correlation, 13 weeks""","FRED (BAMLC0A4CBBBEY); FRED (DFII10); FRED (DTWEXBGS); FRED (NASDAQCOM); FRED (SP500); FRED (T10Y2Y); DefiLlama (value locked, stablecoins, fees); Coin Metrics Community Data (Bitcoin price)","""2026-09-27""",CC BY 4.0,https://creativecommons.org/licenses/by/4.0/,Luca Valente,"CC BY 4.0 applies to the original compilation and editorial work by Luca Valente. Underlying third-party data retain their source terms, including Coin Metrics CC BY-NC 4.0 where indicated; this export does not replace those terms."
macro_x_crypto,2026-10-05,/blocchi/1/tabella/colonne/3,"""13 weeks earlier""","FRED (BAMLC0A4CBBBEY); FRED (DFII10); FRED (DTWEXBGS); FRED (NASDAQCOM); FRED (SP500); FRED (T10Y2Y); DefiLlama (value locked, stablecoins, fees); Coin Metrics Community Data (Bitcoin price)","""2026-09-27""",CC BY 4.0,https://creativecommons.org/licenses/by/4.0/,Luca Valente,"CC BY 4.0 applies to the original compilation and editorial work by Luca Valente. Underlying third-party data retain their source terms, including Coin Metrics CC BY-NC 4.0 where indicated; this export does not replace those terms."
macro_x_crypto,2026-10-05,/blocchi/1/tabella/colonne/4,"""Correlation, 26 weeks""","FRED (BAMLC0A4CBBBEY); FRED (DFII10); FRED (DTWEXBGS); FRED (NASDAQCOM); FRED (SP500); FRED (T10Y2Y); DefiLlama (value locked, stablecoins, fees); Coin Metrics Community Data (Bitcoin price)","""2026-09-27""",CC BY 4.0,https://creativecommons.org/licenses/by/4.0/,Luca Valente,"CC BY 4.0 applies to the original compilation and editorial work by Luca Valente. Underlying third-party data retain their source terms, including Coin Metrics CC BY-NC 4.0 where indicated; this export does not replace those terms."
macro_x_crypto,2026-10-05,/blocchi/1/tabella/colonne/5,"""Weeks in the same direction""","FRED (BAMLC0A4CBBBEY); FRED (DFII10); FRED (DTWEXBGS); FRED (NASDAQCOM); FRED (SP500); FRED (T10Y2Y); DefiLlama (value locked, stablecoins, fees); Coin Metrics Community Data (Bitcoin price)","""2026-09-27""",CC BY 4.0,https://creativecommons.org/licenses/by/4.0/,Luca Valente,"CC BY 4.0 applies to the original compilation and editorial work by Luca Valente. Underlying third-party data retain their source terms, including Coin Metrics CC BY-NC 4.0 where indicated; this export does not replace those terms."
macro_x_crypto,2026-10-05,/blocchi/1/tabella/colonne/6,"""Lowest 13-week correlation in the last 13 weeks""","FRED (BAMLC0A4CBBBEY); FRED (DFII10); FRED (DTWEXBGS); FRED (NASDAQCOM); FRED (SP500); FRED (T10Y2Y); DefiLlama (value locked, stablecoins, fees); Coin Metrics Community Data (Bitcoin price)","""2026-09-27""",CC BY 4.0,https://creativecommons.org/licenses/by/4.0/,Luca Valente,"CC BY 4.0 applies to the original compilation and editorial work by Luca Valente. Underlying third-party data retain their source terms, including Coin Metrics CC BY-NC 4.0 where indicated; this export does not replace those terms."
macro_x_crypto,2026-10-05,/blocchi/1/tabella/colonne/7,"""Highest""","FRED (BAMLC0A4CBBBEY); FRED (DFII10); FRED (DTWEXBGS); FRED (NASDAQCOM); FRED (SP500); FRED (T10Y2Y); DefiLlama (value locked, stablecoins, fees); Coin Metrics Community Data (Bitcoin price)","""2026-09-27""",CC BY 4.0,https://creativecommons.org/licenses/by/4.0/,Luca Valente,"CC BY 4.0 applies to the original compilation and editorial work by Luca Valente. Underlying third-party data retain their source terms, including Coin Metrics CC BY-NC 4.0 where indicated; this export does not replace those terms."
macro_x_crypto,2026-10-05,/blocchi/1/tabella/righe/0/0,"""US 10-year real yield""","FRED (BAMLC0A4CBBBEY); FRED (DFII10); FRED (DTWEXBGS); FRED (NASDAQCOM); FRED (SP500); FRED (T10Y2Y); DefiLlama (value locked, stablecoins, fees); Coin Metrics Community Data (Bitcoin price)","""2026-09-27""",CC BY 4.0,https://creativecommons.org/licenses/by/4.0/,Luca Valente,"CC BY 4.0 applies to the original compilation and editorial work by Luca Valente. Underlying third-party data retain their source terms, including Coin Metrics CC BY-NC 4.0 where indicated; this export does not replace those terms."
macro_x_crypto,2026-10-05,/blocchi/1/tabella/righe/0/1,"""Bitcoin price""","FRED (BAMLC0A4CBBBEY); FRED (DFII10); FRED (DTWEXBGS); FRED (NASDAQCOM); FRED (SP500); FRED (T10Y2Y); DefiLlama (value locked, stablecoins, fees); Coin Metrics Community Data (Bitcoin price)","""2026-09-27""",CC BY 4.0,https://creativecommons.org/licenses/by/4.0/,Luca Valente,"CC BY 4.0 applies to the original compilation and editorial work by Luca Valente. Underlying third-party data retain their source terms, including Coin Metrics CC BY-NC 4.0 where indicated; this export does not replace those terms."
macro_x_crypto,2026-10-05,/blocchi/1/tabella/righe/0/2,-0.25,"FRED (BAMLC0A4CBBBEY); FRED (DFII10); FRED (DTWEXBGS); FRED (NASDAQCOM); FRED (SP500); FRED (T10Y2Y); DefiLlama (value locked, stablecoins, fees); Coin Metrics Community Data (Bitcoin price)","""2026-09-27""",CC BY 4.0,https://creativecommons.org/licenses/by/4.0/,Luca Valente,"CC BY 4.0 applies to the original compilation and editorial work by Luca Valente. Underlying third-party data retain their source terms, including Coin Metrics CC BY-NC 4.0 where indicated; this export does not replace those terms."
macro_x_crypto,2026-10-05,/blocchi/1/tabella/righe/0/3,-0.56,"FRED (BAMLC0A4CBBBEY); FRED (DFII10); FRED (DTWEXBGS); FRED (NASDAQCOM); FRED (SP500); FRED (T10Y2Y); DefiLlama (value locked, stablecoins, fees); Coin Metrics Community Data (Bitcoin price)","""2026-09-27""",CC BY 4.0,https://creativecommons.org/licenses/by/4.0/,Luca Valente,"CC BY 4.0 applies to the original compilation and editorial work by Luca Valente. Underlying third-party data retain their source terms, including Coin Metrics CC BY-NC 4.0 where indicated; this export does not replace those terms."
macro_x_crypto,2026-10-05,/blocchi/1/tabella/righe/0/4,-0.29,"FRED (BAMLC0A4CBBBEY); FRED (DFII10); FRED (DTWEXBGS); FRED (NASDAQCOM); FRED (SP500); FRED (T10Y2Y); DefiLlama (value locked, stablecoins, fees); Coin Metrics Community Data (Bitcoin price)","""2026-09-27""",CC BY 4.0,https://creativecommons.org/licenses/by/4.0/,Luca Valente,"CC BY 4.0 applies to the original compilation and editorial work by Luca Valente. Underlying third-party data retain their source terms, including Coin Metrics CC BY-NC 4.0 where indicated; this export does not replace those terms."
macro_x_crypto,2026-10-05,/blocchi/1/tabella/righe/0/5,"""7 of 13""","FRED (BAMLC0A4CBBBEY); FRED (DFII10); FRED (DTWEXBGS); FRED (NASDAQCOM); FRED (SP500); FRED (T10Y2Y); DefiLlama (value locked, stablecoins, fees); Coin Metrics Community Data (Bitcoin price)","""2026-09-27""",CC BY 4.0,https://creativecommons.org/licenses/by/4.0/,Luca Valente,"CC BY 4.0 applies to the original compilation and editorial work by Luca Valente. Underlying third-party data retain their source terms, including Coin Metrics CC BY-NC 4.0 where indicated; this export does not replace those terms."
macro_x_crypto,2026-10-05,/blocchi/1/tabella/righe/0/6,-0.38,"FRED (BAMLC0A4CBBBEY); FRED (DFII10); FRED (DTWEXBGS); FRED (NASDAQCOM); FRED (SP500); FRED (T10Y2Y); DefiLlama (value locked, stablecoins, fees); Coin Metrics Community Data (Bitcoin price)","""2026-09-27""",CC BY 4.0,https://creativecommons.org/licenses/by/4.0/,Luca Valente,"CC BY 4.0 applies to the original compilation and editorial work by Luca Valente. Underlying third-party data retain their source terms, including Coin Metrics CC BY-NC 4.0 where indicated; this export does not replace those terms."
macro_x_crypto,2026-10-05,/blocchi/1/tabella/righe/0/7,-0.07,"FRED (BAMLC0A4CBBBEY); FRED (DFII10); FRED (DTWEXBGS); FRED (NASDAQCOM); FRED (SP500); FRED (T10Y2Y); DefiLlama (value locked, stablecoins, fees); Coin Metrics Community Data (Bitcoin price)","""2026-09-27""",CC BY 4.0,https://creativecommons.org/licenses/by/4.0/,Luca Valente,"CC BY 4.0 applies to the original compilation and editorial work by Luca Valente. Underlying third-party data retain their source terms, including Coin Metrics CC BY-NC 4.0 where indicated; this export does not replace those terms."
macro_x_crypto,2026-10-05,/blocchi/1/tabella/righe/1/0,"""US 10-year real yield""","FRED (BAMLC0A4CBBBEY); FRED (DFII10); FRED (DTWEXBGS); FRED (NASDAQCOM); FRED (SP500); FRED (T10Y2Y); DefiLlama (value locked, stablecoins, fees); Coin Metrics Community Data (Bitcoin price)","""2026-09-27""",CC BY 4.0,https://creativecommons.org/licenses/by/4.0/,Luca Valente,"CC BY 4.0 applies to the original compilation and editorial work by Luca Valente. Underlying third-party data retain their source terms, including Coin Metrics CC BY-NC 4.0 where indicated; this export does not replace those terms."
macro_x_crypto,2026-10-05,/blocchi/1/tabella/righe/1/1,"""DeFi value locked""","FRED (BAMLC0A4CBBBEY); FRED (DFII10); FRED (DTWEXBGS); FRED (NASDAQCOM); FRED (SP500); FRED (T10Y2Y); DefiLlama (value locked, stablecoins, fees); Coin Metrics Community Data (Bitcoin price)","""2026-09-27""",CC BY 4.0,https://creativecommons.org/licenses/by/4.0/,Luca Valente,"CC BY 4.0 applies to the original compilation and editorial work by Luca Valente. Underlying third-party data retain their source terms, including Coin Metrics CC BY-NC 4.0 where indicated; this export does not replace those terms."
macro_x_crypto,2026-10-05,/blocchi/1/tabella/righe/1/2,-0.23,"FRED (BAMLC0A4CBBBEY); FRED (DFII10); FRED (DTWEXBGS); FRED (NASDAQCOM); FRED (SP500); FRED (T10Y2Y); DefiLlama (value locked, stablecoins, fees); Coin Metrics Community Data (Bitcoin price)","""2026-09-27""",CC BY 4.0,https://creativecommons.org/licenses/by/4.0/,Luca Valente,"CC BY 4.0 applies to the original compilation and editorial work by Luca Valente. Underlying third-party data retain their source terms, including Coin Metrics CC BY-NC 4.0 where indicated; this export does not replace those terms."
macro_x_crypto,2026-10-05,/blocchi/1/tabella/righe/1/3,-0.33,"FRED (BAMLC0A4CBBBEY); FRED (DFII10); FRED (DTWEXBGS); FRED (NASDAQCOM); FRED (SP500); FRED (T10Y2Y); DefiLlama (value locked, stablecoins, fees); Coin Metrics Community Data (Bitcoin price)","""2026-09-27""",CC BY 4.0,https://creativecommons.org/licenses/by/4.0/,Luca Valente,"CC BY 4.0 applies to the original compilation and editorial work by Luca Valente. Underlying third-party data retain their source terms, including Coin Metrics CC BY-NC 4.0 where indicated; this export does not replace those terms."
macro_x_crypto,2026-10-05,/blocchi/1/tabella/righe/1/4,-0.12,"FRED (BAMLC0A4CBBBEY); FRED (DFII10); FRED (DTWEXBGS); FRED (NASDAQCOM); FRED (SP500); FRED (T10Y2Y); DefiLlama (value locked, stablecoins, fees); Coin Metrics Community Data (Bitcoin price)","""2026-09-27""",CC BY 4.0,https://creativecommons.org/licenses/by/4.0/,Luca Valente,"CC BY 4.0 applies to the original compilation and editorial work by Luca Valente. Underlying third-party data retain their source terms, including Coin Metrics CC BY-NC 4.0 where indicated; this export does not replace those terms."
macro_x_crypto,2026-10-05,/blocchi/1/tabella/righe/1/5,"""7 of 13""","FRED (BAMLC0A4CBBBEY); FRED (DFII10); FRED (DTWEXBGS); FRED (NASDAQCOM); FRED (SP500); FRED (T10Y2Y); DefiLlama (value locked, stablecoins, fees); Coin Metrics Community Data (Bitcoin price)","""2026-09-27""",CC BY 4.0,https://creativecommons.org/licenses/by/4.0/,Luca Valente,"CC BY 4.0 applies to the original compilation and editorial work by Luca Valente. Underlying third-party data retain their source terms, including Coin Metrics CC BY-NC 4.0 where indicated; this export does not replace those terms."
macro_x_crypto,2026-10-05,/blocchi/1/tabella/righe/1/6,-0.43,"FRED (BAMLC0A4CBBBEY); FRED (DFII10); FRED (DTWEXBGS); FRED (NASDAQCOM); FRED (SP500); FRED (T10Y2Y); DefiLlama (value locked, stablecoins, fees); Coin Metrics Community Data (Bitcoin price)","""2026-09-27""",CC BY 4.0,https://creativecommons.org/licenses/by/4.0/,Luca Valente,"CC BY 4.0 applies to the original compilation and editorial work by Luca Valente. Underlying third-party data retain their source terms, including Coin Metrics CC BY-NC 4.0 where indicated; this export does not replace those terms."
macro_x_crypto,2026-10-05,/blocchi/1/tabella/righe/1/7,-0.1,"FRED (BAMLC0A4CBBBEY); FRED (DFII10); FRED (DTWEXBGS); FRED (NASDAQCOM); FRED (SP500); FRED (T10Y2Y); DefiLlama (value locked, stablecoins, fees); Coin Metrics Community Data (Bitcoin price)","""2026-09-27""",CC BY 4.0,https://creativecommons.org/licenses/by/4.0/,Luca Valente,"CC BY 4.0 applies to the original compilation and editorial work by Luca Valente. Underlying third-party data retain their source terms, including Coin Metrics CC BY-NC 4.0 where indicated; this export does not replace those terms."
macro_x_crypto,2026-10-05,/blocchi/1/tabella/righe/2/0,"""US 10-year real yield""","FRED (BAMLC0A4CBBBEY); FRED (DFII10); FRED (DTWEXBGS); FRED (NASDAQCOM); FRED (SP500); FRED (T10Y2Y); DefiLlama (value locked, stablecoins, fees); Coin Metrics Community Data (Bitcoin price)","""2026-09-27""",CC BY 4.0,https://creativecommons.org/licenses/by/4.0/,Luca Valente,"CC BY 4.0 applies to the original compilation and editorial work by Luca Valente. Underlying third-party data retain their source terms, including Coin Metrics CC BY-NC 4.0 where indicated; this export does not replace those terms."
macro_x_crypto,2026-10-05,/blocchi/1/tabella/righe/2/1,"""Stablecoin supply""","FRED (BAMLC0A4CBBBEY); FRED (DFII10); FRED (DTWEXBGS); FRED (NASDAQCOM); FRED (SP500); FRED (T10Y2Y); DefiLlama (value locked, stablecoins, fees); Coin Metrics Community Data (Bitcoin price)","""2026-09-27""",CC BY 4.0,https://creativecommons.org/licenses/by/4.0/,Luca Valente,"CC BY 4.0 applies to the original compilation and editorial work by Luca Valente. Underlying third-party data retain their source terms, including Coin Metrics CC BY-NC 4.0 where indicated; this export does not replace those terms."
macro_x_crypto,2026-10-05,/blocchi/1/tabella/righe/2/2,-0.09,"FRED (BAMLC0A4CBBBEY); FRED (DFII10); FRED (DTWEXBGS); FRED (NASDAQCOM); FRED (SP500); FRED (T10Y2Y); DefiLlama (value locked, stablecoins, fees); Coin Metrics Community Data (Bitcoin price)","""2026-09-27""",CC BY 4.0,https://creativecommons.org/licenses/by/4.0/,Luca Valente,"CC BY 4.0 applies to the original compilation and editorial work by Luca Valente. Underlying third-party data retain their source terms, including Coin Metrics CC BY-NC 4.0 where indicated; this export does not replace those terms."
macro_x_crypto,2026-10-05,/blocchi/1/tabella/righe/2/3,-0.23,"FRED (BAMLC0A4CBBBEY); FRED (DFII10); FRED (DTWEXBGS); FRED (NASDAQCOM); FRED (SP500); FRED (T10Y2Y); DefiLlama (value locked, stablecoins, fees); Coin Metrics Community Data (Bitcoin price)","""2026-09-27""",CC BY 4.0,https://creativecommons.org/licenses/by/4.0/,Luca Valente,"CC BY 4.0 applies to the original compilation and editorial work by Luca Valente. Underlying third-party data retain their source terms, including Coin Metrics CC BY-NC 4.0 where indicated; this export does not replace those terms."
macro_x_crypto,2026-10-05,/blocchi/1/tabella/righe/2/4,-0.15,"FRED (BAMLC0A4CBBBEY); FRED (DFII10); FRED (DTWEXBGS); FRED (NASDAQCOM); FRED (SP500); FRED (T10Y2Y); DefiLlama (value locked, stablecoins, fees); Coin Metrics Community Data (Bitcoin price)","""2026-09-27""",CC BY 4.0,https://creativecommons.org/licenses/by/4.0/,Luca Valente,"CC BY 4.0 applies to the original compilation and editorial work by Luca Valente. Underlying third-party data retain their source terms, including Coin Metrics CC BY-NC 4.0 where indicated; this export does not replace those terms."
macro_x_crypto,2026-10-05,/blocchi/1/tabella/righe/2/5,"""6 of 13""","FRED (BAMLC0A4CBBBEY); FRED (DFII10); FRED (DTWEXBGS); FRED (NASDAQCOM); FRED (SP500); FRED (T10Y2Y); DefiLlama (value locked, stablecoins, fees); Coin Metrics Community Data (Bitcoin price)","""2026-09-27""",CC BY 4.0,https://creativecommons.org/licenses/by/4.0/,Luca Valente,"CC BY 4.0 applies to the original compilation and editorial work by Luca Valente. Underlying third-party data retain their source terms, including Coin Metrics CC BY-NC 4.0 where indicated; this export does not replace those terms."
macro_x_crypto,2026-10-05,/blocchi/1/tabella/righe/2/6,-0.38,"FRED (BAMLC0A4CBBBEY); FRED (DFII10); FRED (DTWEXBGS); FRED (NASDAQCOM); FRED (SP500); FRED (T10Y2Y); DefiLlama (value locked, stablecoins, fees); Coin Metrics Community Data (Bitcoin price)","""2026-09-27""",CC BY 4.0,https://creativecommons.org/licenses/by/4.0/,Luca Valente,"CC BY 4.0 applies to the original compilation and editorial work by Luca Valente. Underlying third-party data retain their source terms, including Coin Metrics CC BY-NC 4.0 where indicated; this export does not replace those terms."
macro_x_crypto,2026-10-05,/blocchi/1/tabella/righe/2/7,0.26,"FRED (BAMLC0A4CBBBEY); FRED (DFII10); FRED (DTWEXBGS); FRED (NASDAQCOM); FRED (SP500); FRED (T10Y2Y); DefiLlama (value locked, stablecoins, fees); Coin Metrics Community Data (Bitcoin price)","""2026-09-27""",CC BY 4.0,https://creativecommons.org/licenses/by/4.0/,Luca Valente,"CC BY 4.0 applies to the original compilation and editorial work by Luca Valente. Underlying third-party data retain their source terms, including Coin Metrics CC BY-NC 4.0 where indicated; this export does not replace those terms."
macro_x_crypto,2026-10-05,/blocchi/1/tabella/righe/3/0,"""US 10-year real yield""","FRED (BAMLC0A4CBBBEY); FRED (DFII10); FRED (DTWEXBGS); FRED (NASDAQCOM); FRED (SP500); FRED (T10Y2Y); DefiLlama (value locked, stablecoins, fees); Coin Metrics Community Data (Bitcoin price)","""2026-09-27""",CC BY 4.0,https://creativecommons.org/licenses/by/4.0/,Luca Valente,"CC BY 4.0 applies to the original compilation and editorial work by Luca Valente. Underlying third-party data retain their source terms, including Coin Metrics CC BY-NC 4.0 where indicated; this export does not replace those terms."
macro_x_crypto,2026-10-05,/blocchi/1/tabella/righe/3/1,"""Fees paid to protocols, weekly""","FRED (BAMLC0A4CBBBEY); FRED (DFII10); FRED (DTWEXBGS); FRED (NASDAQCOM); FRED (SP500); FRED (T10Y2Y); DefiLlama (value locked, stablecoins, fees); Coin Metrics Community Data (Bitcoin price)","""2026-09-27""",CC BY 4.0,https://creativecommons.org/licenses/by/4.0/,Luca Valente,"CC BY 4.0 applies to the original compilation and editorial work by Luca Valente. Underlying third-party data retain their source terms, including Coin Metrics CC BY-NC 4.0 where indicated; this export does not replace those terms."
macro_x_crypto,2026-10-05,/blocchi/1/tabella/righe/3/2,-0.35,"FRED (BAMLC0A4CBBBEY); FRED (DFII10); FRED (DTWEXBGS); FRED (NASDAQCOM); FRED (SP500); FRED (T10Y2Y); DefiLlama (value locked, stablecoins, fees); Coin Metrics Community Data (Bitcoin price)","""2026-09-27""",CC BY 4.0,https://creativecommons.org/licenses/by/4.0/,Luca Valente,"CC BY 4.0 applies to the original compilation and editorial work by Luca Valente. Underlying third-party data retain their source terms, including Coin Metrics CC BY-NC 4.0 where indicated; this export does not replace those terms."
macro_x_crypto,2026-10-05,/blocchi/1/tabella/righe/3/3,0.02,"FRED (BAMLC0A4CBBBEY); FRED (DFII10); FRED (DTWEXBGS); FRED (NASDAQCOM); FRED (SP500); FRED (T10Y2Y); DefiLlama (value locked, stablecoins, fees); Coin Metrics Community Data (Bitcoin price)","""2026-09-27""",CC BY 4.0,https://creativecommons.org/licenses/by/4.0/,Luca Valente,"CC BY 4.0 applies to the original compilation and editorial work by Luca Valente. Underlying third-party data retain their source terms, including Coin Metrics CC BY-NC 4.0 where indicated; this export does not replace those terms."
macro_x_crypto,2026-10-05,/blocchi/1/tabella/righe/3/4,-0.07,"FRED (BAMLC0A4CBBBEY); FRED (DFII10); FRED (DTWEXBGS); FRED (NASDAQCOM); FRED (SP500); FRED (T10Y2Y); DefiLlama (value locked, stablecoins, fees); Coin Metrics Community Data (Bitcoin price)","""2026-09-27""",CC BY 4.0,https://creativecommons.org/licenses/by/4.0/,Luca Valente,"CC BY 4.0 applies to the original compilation and editorial work by Luca Valente. Underlying third-party data retain their source terms, including Coin Metrics CC BY-NC 4.0 where indicated; this export does not replace those terms."
macro_x_crypto,2026-10-05,/blocchi/1/tabella/righe/3/5,"""8 of 13""","FRED (BAMLC0A4CBBBEY); FRED (DFII10); FRED (DTWEXBGS); FRED (NASDAQCOM); FRED (SP500); FRED (T10Y2Y); DefiLlama (value locked, stablecoins, fees); Coin Metrics Community Data (Bitcoin price)","""2026-09-27""",CC BY 4.0,https://creativecommons.org/licenses/by/4.0/,Luca Valente,"CC BY 4.0 applies to the original compilation and editorial work by Luca Valente. Underlying third-party data retain their source terms, including Coin Metrics CC BY-NC 4.0 where indicated; this export does not replace those terms."
macro_x_crypto,2026-10-05,/blocchi/1/tabella/righe/3/6,-0.35,"FRED (BAMLC0A4CBBBEY); FRED (DFII10); FRED (DTWEXBGS); FRED (NASDAQCOM); FRED (SP500); FRED (T10Y2Y); DefiLlama (value locked, stablecoins, fees); Coin Metrics Community Data (Bitcoin price)","""2026-09-27""",CC BY 4.0,https://creativecommons.org/licenses/by/4.0/,Luca Valente,"CC BY 4.0 applies to the original compilation and editorial work by Luca Valente. Underlying third-party data retain their source terms, including Coin Metrics CC BY-NC 4.0 where indicated; this export does not replace those terms."
macro_x_crypto,2026-10-05,/blocchi/1/tabella/righe/3/7,0.41,"FRED (BAMLC0A4CBBBEY); FRED (DFII10); FRED (DTWEXBGS); FRED (NASDAQCOM); FRED (SP500); FRED (T10Y2Y); DefiLlama (value locked, stablecoins, fees); Coin Metrics Community Data (Bitcoin price)","""2026-09-27""",CC BY 4.0,https://creativecommons.org/licenses/by/4.0/,Luca Valente,"CC BY 4.0 applies to the original compilation and editorial work by Luca Valente. Underlying third-party data retain their source terms, including Coin Metrics CC BY-NC 4.0 where indicated; this export does not replace those terms."
macro_x_crypto,2026-10-05,/blocchi/1/tabella/righe/4/0,"""US dollar index (broad)""","FRED (BAMLC0A4CBBBEY); FRED (DFII10); FRED (DTWEXBGS); FRED (NASDAQCOM); FRED (SP500); FRED (T10Y2Y); DefiLlama (value locked, stablecoins, fees); Coin Metrics Community Data (Bitcoin price)","""2026-09-27""",CC BY 4.0,https://creativecommons.org/licenses/by/4.0/,Luca Valente,"CC BY 4.0 applies to the original compilation and editorial work by Luca Valente. Underlying third-party data retain their source terms, including Coin Metrics CC BY-NC 4.0 where indicated; this export does not replace those terms."
macro_x_crypto,2026-10-05,/blocchi/1/tabella/righe/4/1,"""Bitcoin price""","FRED (BAMLC0A4CBBBEY); FRED (DFII10); FRED (DTWEXBGS); FRED (NASDAQCOM); FRED (SP500); FRED (T10Y2Y); DefiLlama (value locked, stablecoins, fees); Coin Metrics Community Data (Bitcoin price)","""2026-09-27""",CC BY 4.0,https://creativecommons.org/licenses/by/4.0/,Luca Valente,"CC BY 4.0 applies to the original compilation and editorial work by Luca Valente. Underlying third-party data retain their source terms, including Coin Metrics CC BY-NC 4.0 where indicated; this export does not replace those terms."
macro_x_crypto,2026-10-05,/blocchi/1/tabella/righe/4/2,-0.15,"FRED (BAMLC0A4CBBBEY); FRED (DFII10); FRED (DTWEXBGS); FRED (NASDAQCOM); FRED (SP500); FRED (T10Y2Y); DefiLlama (value locked, stablecoins, fees); Coin Metrics Community Data (Bitcoin price)","""2026-09-27""",CC BY 4.0,https://creativecommons.org/licenses/by/4.0/,Luca Valente,"CC BY 4.0 applies to the original compilation and editorial work by Luca Valente. Underlying third-party data retain their source terms, including Coin Metrics CC BY-NC 4.0 where indicated; this export does not replace those terms."
macro_x_crypto,2026-10-05,/blocchi/1/tabella/righe/4/3,-0.61,"FRED (BAMLC0A4CBBBEY); FRED (DFII10); FRED (DTWEXBGS); FRED (NASDAQCOM); FRED (SP500); FRED (T10Y2Y); DefiLlama (value locked, stablecoins, fees); Coin Metrics Community Data (Bitcoin price)","""2026-09-27""",CC BY 4.0,https://creativecommons.org/licenses/by/4.0/,Luca Valente,"CC BY 4.0 applies to the original compilation and editorial work by Luca Valente. Underlying third-party data retain their source terms, including Coin Metrics CC BY-NC 4.0 where indicated; this export does not replace those terms."
macro_x_crypto,2026-10-05,/blocchi/1/tabella/righe/4/4,-0.39,"FRED (BAMLC0A4CBBBEY); FRED (DFII10); FRED (DTWEXBGS); FRED (NASDAQCOM); FRED (SP500); FRED (T10Y2Y); DefiLlama (value locked, stablecoins, fees); Coin Metrics Community Data (Bitcoin price)","""2026-09-27""",CC BY 4.0,https://creativecommons.org/licenses/by/4.0/,Luca Valente,"CC BY 4.0 applies to the original compilation and editorial work by Luca Valente. Underlying third-party data retain their source terms, including Coin Metrics CC BY-NC 4.0 where indicated; this export does not replace those terms."
macro_x_crypto,2026-10-05,/blocchi/1/tabella/righe/4/5,"""7 of 13""","FRED (BAMLC0A4CBBBEY); FRED (DFII10); FRED (DTWEXBGS); FRED (NASDAQCOM); FRED (SP500); FRED (T10Y2Y); DefiLlama (value locked, stablecoins, fees); Coin Metrics Community Data (Bitcoin price)","""2026-09-27""",CC BY 4.0,https://creativecommons.org/licenses/by/4.0/,Luca Valente,"CC BY 4.0 applies to the original compilation and editorial work by Luca Valente. Underlying third-party data retain their source terms, including Coin Metrics CC BY-NC 4.0 where indicated; this export does not replace those terms."
macro_x_crypto,2026-10-05,/blocchi/1/tabella/righe/4/6,-0.76,"FRED (BAMLC0A4CBBBEY); FRED (DFII10); FRED (DTWEXBGS); FRED (NASDAQCOM); FRED (SP500); FRED (T10Y2Y); DefiLlama (value locked, stablecoins, fees); Coin Metrics Community Data (Bitcoin price)","""2026-09-27""",CC BY 4.0,https://creativecommons.org/licenses/by/4.0/,Luca Valente,"CC BY 4.0 applies to the original compilation and editorial work by Luca Valente. Underlying third-party data retain their source terms, including Coin Metrics CC BY-NC 4.0 where indicated; this export does not replace those terms."
macro_x_crypto,2026-10-05,/blocchi/1/tabella/righe/4/7,-0.15,"FRED (BAMLC0A4CBBBEY); FRED (DFII10); FRED (DTWEXBGS); FRED (NASDAQCOM); FRED (SP500); FRED (T10Y2Y); DefiLlama (value locked, stablecoins, fees); Coin Metrics Community Data (Bitcoin price)","""2026-09-27""",CC BY 4.0,https://creativecommons.org/licenses/by/4.0/,Luca Valente,"CC BY 4.0 applies to the original compilation and editorial work by Luca Valente. Underlying third-party data retain their source terms, including Coin Metrics CC BY-NC 4.0 where indicated; this export does not replace those terms."
macro_x_crypto,2026-10-05,/blocchi/1/tabella/righe/5/0,"""US dollar index (broad)""","FRED (BAMLC0A4CBBBEY); FRED (DFII10); FRED (DTWEXBGS); FRED (NASDAQCOM); FRED (SP500); FRED (T10Y2Y); DefiLlama (value locked, stablecoins, fees); Coin Metrics Community Data (Bitcoin price)","""2026-09-27""",CC BY 4.0,https://creativecommons.org/licenses/by/4.0/,Luca Valente,"CC BY 4.0 applies to the original compilation and editorial work by Luca Valente. Underlying third-party data retain their source terms, including Coin Metrics CC BY-NC 4.0 where indicated; this export does not replace those terms."
macro_x_crypto,2026-10-05,/blocchi/1/tabella/righe/5/1,"""DeFi value locked""","FRED (BAMLC0A4CBBBEY); FRED (DFII10); FRED (DTWEXBGS); FRED (NASDAQCOM); FRED (SP500); FRED (T10Y2Y); DefiLlama (value locked, stablecoins, fees); Coin Metrics Community Data (Bitcoin price)","""2026-09-27""",CC BY 4.0,https://creativecommons.org/licenses/by/4.0/,Luca Valente,"CC BY 4.0 applies to the original compilation and editorial work by Luca Valente. Underlying third-party data retain their source terms, including Coin Metrics CC BY-NC 4.0 where indicated; this export does not replace those terms."
macro_x_crypto,2026-10-05,/blocchi/1/tabella/righe/5/2,-0.08,"FRED (BAMLC0A4CBBBEY); FRED (DFII10); FRED (DTWEXBGS); FRED (NASDAQCOM); FRED (SP500); FRED (T10Y2Y); DefiLlama (value locked, stablecoins, fees); Coin Metrics Community Data (Bitcoin price)","""2026-09-27""",CC BY 4.0,https://creativecommons.org/licenses/by/4.0/,Luca Valente,"CC BY 4.0 applies to the original compilation and editorial work by Luca Valente. Underlying third-party data retain their source terms, including Coin Metrics CC BY-NC 4.0 where indicated; this export does not replace those terms."
macro_x_crypto,2026-10-05,/blocchi/1/tabella/righe/5/3,-0.63,"FRED (BAMLC0A4CBBBEY); FRED (DFII10); FRED (DTWEXBGS); FRED (NASDAQCOM); FRED (SP500); FRED (T10Y2Y); DefiLlama (value locked, stablecoins, fees); Coin Metrics Community Data (Bitcoin price)","""2026-09-27""",CC BY 4.0,https://creativecommons.org/licenses/by/4.0/,Luca Valente,"CC BY 4.0 applies to the original compilation and editorial work by Luca Valente. Underlying third-party data retain their source terms, including Coin Metrics CC BY-NC 4.0 where indicated; this export does not replace those terms."
macro_x_crypto,2026-10-05,/blocchi/1/tabella/righe/5/4,-0.38,"FRED (BAMLC0A4CBBBEY); FRED (DFII10); FRED (DTWEXBGS); FRED (NASDAQCOM); FRED (SP500); FRED (T10Y2Y); DefiLlama (value locked, stablecoins, fees); Coin Metrics Community Data (Bitcoin price)","""2026-09-27""",CC BY 4.0,https://creativecommons.org/licenses/by/4.0/,Luca Valente,"CC BY 4.0 applies to the original compilation and editorial work by Luca Valente. Underlying third-party data retain their source terms, including Coin Metrics CC BY-NC 4.0 where indicated; this export does not replace those terms."
macro_x_crypto,2026-10-05,/blocchi/1/tabella/righe/5/5,"""9 of 13""","FRED (BAMLC0A4CBBBEY); FRED (DFII10); FRED (DTWEXBGS); FRED (NASDAQCOM); FRED (SP500); FRED (T10Y2Y); DefiLlama (value locked, stablecoins, fees); Coin Metrics Community Data (Bitcoin price)","""2026-09-27""",CC BY 4.0,https://creativecommons.org/licenses/by/4.0/,Luca Valente,"CC BY 4.0 applies to the original compilation and editorial work by Luca Valente. Underlying third-party data retain their source terms, including Coin Metrics CC BY-NC 4.0 where indicated; this export does not replace those terms."
macro_x_crypto,2026-10-05,/blocchi/1/tabella/righe/5/6,-0.64,"FRED (BAMLC0A4CBBBEY); FRED (DFII10); FRED (DTWEXBGS); FRED (NASDAQCOM); FRED (SP500); FRED (T10Y2Y); DefiLlama (value locked, stablecoins, fees); Coin Metrics Community Data (Bitcoin price)","""2026-09-27""",CC BY 4.0,https://creativecommons.org/licenses/by/4.0/,Luca Valente,"CC BY 4.0 applies to the original compilation and editorial work by Luca Valente. Underlying third-party data retain their source terms, including Coin Metrics CC BY-NC 4.0 where indicated; this export does not replace those terms."
macro_x_crypto,2026-10-05,/blocchi/1/tabella/righe/5/7,-0.08,"FRED (BAMLC0A4CBBBEY); FRED (DFII10); FRED (DTWEXBGS); FRED (NASDAQCOM); FRED (SP500); FRED (T10Y2Y); DefiLlama (value locked, stablecoins, fees); Coin Metrics Community Data (Bitcoin price)","""2026-09-27""",CC BY 4.0,https://creativecommons.org/licenses/by/4.0/,Luca Valente,"CC BY 4.0 applies to the original compilation and editorial work by Luca Valente. Underlying third-party data retain their source terms, including Coin Metrics CC BY-NC 4.0 where indicated; this export does not replace those terms."
macro_x_crypto,2026-10-05,/blocchi/1/tabella/righe/6/0,"""US dollar index (broad)""","FRED (BAMLC0A4CBBBEY); FRED (DFII10); FRED (DTWEXBGS); FRED (NASDAQCOM); FRED (SP500); FRED (T10Y2Y); DefiLlama (value locked, stablecoins, fees); Coin Metrics Community Data (Bitcoin price)","""2026-09-27""",CC BY 4.0,https://creativecommons.org/licenses/by/4.0/,Luca Valente,"CC BY 4.0 applies to the original compilation and editorial work by Luca Valente. Underlying third-party data retain their source terms, including Coin Metrics CC BY-NC 4.0 where indicated; this export does not replace those terms."
macro_x_crypto,2026-10-05,/blocchi/1/tabella/righe/6/1,"""Stablecoin supply""","FRED (BAMLC0A4CBBBEY); FRED (DFII10); FRED (DTWEXBGS); FRED (NASDAQCOM); FRED (SP500); FRED (T10Y2Y); DefiLlama (value locked, stablecoins, fees); Coin Metrics Community Data (Bitcoin price)","""2026-09-27""",CC BY 4.0,https://creativecommons.org/licenses/by/4.0/,Luca Valente,"CC BY 4.0 applies to the original compilation and editorial work by Luca Valente. Underlying third-party data retain their source terms, including Coin Metrics CC BY-NC 4.0 where indicated; this export does not replace those terms."
macro_x_crypto,2026-10-05,/blocchi/1/tabella/righe/6/2,0.1,"FRED (BAMLC0A4CBBBEY); FRED (DFII10); FRED (DTWEXBGS); FRED (NASDAQCOM); FRED (SP500); FRED (T10Y2Y); DefiLlama (value locked, stablecoins, fees); Coin Metrics Community Data (Bitcoin price)","""2026-09-27""",CC BY 4.0,https://creativecommons.org/licenses/by/4.0/,Luca Valente,"CC BY 4.0 applies to the original compilation and editorial work by Luca Valente. Underlying third-party data retain their source terms, including Coin Metrics CC BY-NC 4.0 where indicated; this export does not replace those terms."
macro_x_crypto,2026-10-05,/blocchi/1/tabella/righe/6/3,-0.46,"FRED (BAMLC0A4CBBBEY); FRED (DFII10); FRED (DTWEXBGS); FRED (NASDAQCOM); FRED (SP500); FRED (T10Y2Y); DefiLlama (value locked, stablecoins, fees); Coin Metrics Community Data (Bitcoin price)","""2026-09-27""",CC BY 4.0,https://creativecommons.org/licenses/by/4.0/,Luca Valente,"CC BY 4.0 applies to the original compilation and editorial work by Luca Valente. Underlying third-party data retain their source terms, including Coin Metrics CC BY-NC 4.0 where indicated; this export does not replace those terms."
macro_x_crypto,2026-10-05,/blocchi/1/tabella/righe/6/4,-0.26,"FRED (BAMLC0A4CBBBEY); FRED (DFII10); FRED (DTWEXBGS); FRED (NASDAQCOM); FRED (SP500); FRED (T10Y2Y); DefiLlama (value locked, stablecoins, fees); Coin Metrics Community Data (Bitcoin price)","""2026-09-27""",CC BY 4.0,https://creativecommons.org/licenses/by/4.0/,Luca Valente,"CC BY 4.0 applies to the original compilation and editorial work by Luca Valente. Underlying third-party data retain their source terms, including Coin Metrics CC BY-NC 4.0 where indicated; this export does not replace those terms."
macro_x_crypto,2026-10-05,/blocchi/1/tabella/righe/6/5,"""6 of 13""","FRED (BAMLC0A4CBBBEY); FRED (DFII10); FRED (DTWEXBGS); FRED (NASDAQCOM); FRED (SP500); FRED (T10Y2Y); DefiLlama (value locked, stablecoins, fees); Coin Metrics Community Data (Bitcoin price)","""2026-09-27""",CC BY 4.0,https://creativecommons.org/licenses/by/4.0/,Luca Valente,"CC BY 4.0 applies to the original compilation and editorial work by Luca Valente. Underlying third-party data retain their source terms, including Coin Metrics CC BY-NC 4.0 where indicated; this export does not replace those terms."
macro_x_crypto,2026-10-05,/blocchi/1/tabella/righe/6/6,-0.43,"FRED (BAMLC0A4CBBBEY); FRED (DFII10); FRED (DTWEXBGS); FRED (NASDAQCOM); FRED (SP500); FRED (T10Y2Y); DefiLlama (value locked, stablecoins, fees); Coin Metrics Community Data (Bitcoin price)","""2026-09-27""",CC BY 4.0,https://creativecommons.org/licenses/by/4.0/,Luca Valente,"CC BY 4.0 applies to the original compilation and editorial work by Luca Valente. Underlying third-party data retain their source terms, including Coin Metrics CC BY-NC 4.0 where indicated; this export does not replace those terms."
macro_x_crypto,2026-10-05,/blocchi/1/tabella/righe/6/7,0.1,"FRED (BAMLC0A4CBBBEY); FRED (DFII10); FRED (DTWEXBGS); FRED (NASDAQCOM); FRED (SP500); FRED (T10Y2Y); DefiLlama (value locked, stablecoins, fees); Coin Metrics Community Data (Bitcoin price)","""2026-09-27""",CC BY 4.0,https://creativecommons.org/licenses/by/4.0/,Luca Valente,"CC BY 4.0 applies to the original compilation and editorial work by Luca Valente. Underlying third-party data retain their source terms, including Coin Metrics CC BY-NC 4.0 where indicated; this export does not replace those terms."
macro_x_crypto,2026-10-05,/blocchi/1/tabella/righe/7/0,"""US dollar index (broad)""","FRED (BAMLC0A4CBBBEY); FRED (DFII10); FRED (DTWEXBGS); FRED (NASDAQCOM); FRED (SP500); FRED (T10Y2Y); DefiLlama (value locked, stablecoins, fees); Coin Metrics Community Data (Bitcoin price)","""2026-09-27""",CC BY 4.0,https://creativecommons.org/licenses/by/4.0/,Luca Valente,"CC BY 4.0 applies to the original compilation and editorial work by Luca Valente. Underlying third-party data retain their source terms, including Coin Metrics CC BY-NC 4.0 where indicated; this export does not replace those terms."
macro_x_crypto,2026-10-05,/blocchi/1/tabella/righe/7/1,"""Fees paid to protocols, weekly""","FRED (BAMLC0A4CBBBEY); FRED (DFII10); FRED (DTWEXBGS); FRED (NASDAQCOM); FRED (SP500); FRED (T10Y2Y); DefiLlama (value locked, stablecoins, fees); Coin Metrics Community Data (Bitcoin price)","""2026-09-27""",CC BY 4.0,https://creativecommons.org/licenses/by/4.0/,Luca Valente,"CC BY 4.0 applies to the original compilation and editorial work by Luca Valente. Underlying third-party data retain their source terms, including Coin Metrics CC BY-NC 4.0 where indicated; this export does not replace those terms."
macro_x_crypto,2026-10-05,/blocchi/1/tabella/righe/7/2,-0.48,"FRED (BAMLC0A4CBBBEY); FRED (DFII10); FRED (DTWEXBGS); FRED (NASDAQCOM); FRED (SP500); FRED (T10Y2Y); DefiLlama (value locked, stablecoins, fees); Coin Metrics Community Data (Bitcoin price)","""2026-09-27""",CC BY 4.0,https://creativecommons.org/licenses/by/4.0/,Luca Valente,"CC BY 4.0 applies to the original compilation and editorial work by Luca Valente. Underlying third-party data retain their source terms, including Coin Metrics CC BY-NC 4.0 where indicated; this export does not replace those terms."
macro_x_crypto,2026-10-05,/blocchi/1/tabella/righe/7/3,0.16,"FRED (BAMLC0A4CBBBEY); FRED (DFII10); FRED (DTWEXBGS); FRED (NASDAQCOM); FRED (SP500); FRED (T10Y2Y); DefiLlama (value locked, stablecoins, fees); Coin Metrics Community Data (Bitcoin price)","""2026-09-27""",CC BY 4.0,https://creativecommons.org/licenses/by/4.0/,Luca Valente,"CC BY 4.0 applies to the original compilation and editorial work by Luca Valente. Underlying third-party data retain their source terms, including Coin Metrics CC BY-NC 4.0 where indicated; this export does not replace those terms."
macro_x_crypto,2026-10-05,/blocchi/1/tabella/righe/7/4,-0.1,"FRED (BAMLC0A4CBBBEY); FRED (DFII10); FRED (DTWEXBGS); FRED (NASDAQCOM); FRED (SP500); FRED (T10Y2Y); DefiLlama (value locked, stablecoins, fees); Coin Metrics Community Data (Bitcoin price)","""2026-09-27""",CC BY 4.0,https://creativecommons.org/licenses/by/4.0/,Luca Valente,"CC BY 4.0 applies to the original compilation and editorial work by Luca Valente. Underlying third-party data retain their source terms, including Coin Metrics CC BY-NC 4.0 where indicated; this export does not replace those terms."
macro_x_crypto,2026-10-05,/blocchi/1/tabella/righe/7/5,"""4 of 13""","FRED (BAMLC0A4CBBBEY); FRED (DFII10); FRED (DTWEXBGS); FRED (NASDAQCOM); FRED (SP500); FRED (T10Y2Y); DefiLlama (value locked, stablecoins, fees); Coin Metrics Community Data (Bitcoin price)","""2026-09-27""",CC BY 4.0,https://creativecommons.org/licenses/by/4.0/,Luca Valente,"CC BY 4.0 applies to the original compilation and editorial work by Luca Valente. Underlying third-party data retain their source terms, including Coin Metrics CC BY-NC 4.0 where indicated; this export does not replace those terms."
macro_x_crypto,2026-10-05,/blocchi/1/tabella/righe/7/6,-0.52,"FRED (BAMLC0A4CBBBEY); FRED (DFII10); FRED (DTWEXBGS); FRED (NASDAQCOM); FRED (SP500); FRED (T10Y2Y); DefiLlama (value locked, stablecoins, fees); Coin Metrics Community Data (Bitcoin price)","""2026-09-27""",CC BY 4.0,https://creativecommons.org/licenses/by/4.0/,Luca Valente,"CC BY 4.0 applies to the original compilation and editorial work by Luca Valente. Underlying third-party data retain their source terms, including Coin Metrics CC BY-NC 4.0 where indicated; this export does not replace those terms."
macro_x_crypto,2026-10-05,/blocchi/1/tabella/righe/7/7,0.55,"FRED (BAMLC0A4CBBBEY); FRED (DFII10); FRED (DTWEXBGS); FRED (NASDAQCOM); FRED (SP500); FRED (T10Y2Y); DefiLlama (value locked, stablecoins, fees); Coin Metrics Community Data (Bitcoin price)","""2026-09-27""",CC BY 4.0,https://creativecommons.org/licenses/by/4.0/,Luca Valente,"CC BY 4.0 applies to the original compilation and editorial work by Luca Valente. Underlying third-party data retain their source terms, including Coin Metrics CC BY-NC 4.0 where indicated; this export does not replace those terms."
macro_x_crypto,2026-10-05,/blocchi/1/tabella/righe/8/0,"""10-year minus 2-year Treasury yield""","FRED (BAMLC0A4CBBBEY); FRED (DFII10); FRED (DTWEXBGS); FRED (NASDAQCOM); FRED (SP500); FRED (T10Y2Y); DefiLlama (value locked, stablecoins, fees); Coin Metrics Community Data (Bitcoin price)","""2026-09-27""",CC BY 4.0,https://creativecommons.org/licenses/by/4.0/,Luca Valente,"CC BY 4.0 applies to the original compilation and editorial work by Luca Valente. Underlying third-party data retain their source terms, including Coin Metrics CC BY-NC 4.0 where indicated; this export does not replace those terms."
macro_x_crypto,2026-10-05,/blocchi/1/tabella/righe/8/1,"""Bitcoin price""","FRED (BAMLC0A4CBBBEY); FRED (DFII10); FRED (DTWEXBGS); FRED (NASDAQCOM); FRED (SP500); FRED (T10Y2Y); DefiLlama (value locked, stablecoins, fees); Coin Metrics Community Data (Bitcoin price)","""2026-09-27""",CC BY 4.0,https://creativecommons.org/licenses/by/4.0/,Luca Valente,"CC BY 4.0 applies to the original compilation and editorial work by Luca Valente. Underlying third-party data retain their source terms, including Coin Metrics CC BY-NC 4.0 where indicated; this export does not replace those terms."
macro_x_crypto,2026-10-05,/blocchi/1/tabella/righe/8/2,-0.03,"FRED (BAMLC0A4CBBBEY); FRED (DFII10); FRED (DTWEXBGS); FRED (NASDAQCOM); FRED (SP500); FRED (T10Y2Y); DefiLlama (value locked, stablecoins, fees); Coin Metrics Community Data (Bitcoin price)","""2026-09-27""",CC BY 4.0,https://creativecommons.org/licenses/by/4.0/,Luca Valente,"CC BY 4.0 applies to the original compilation and editorial work by Luca Valente. Underlying third-party data retain their source terms, including Coin Metrics CC BY-NC 4.0 where indicated; this export does not replace those terms."
macro_x_crypto,2026-10-05,/blocchi/1/tabella/righe/8/3,0.22,"FRED (BAMLC0A4CBBBEY); FRED (DFII10); FRED (DTWEXBGS); FRED (NASDAQCOM); FRED (SP500); FRED (T10Y2Y); DefiLlama (value locked, stablecoins, fees); Coin Metrics Community Data (Bitcoin price)","""2026-09-27""",CC BY 4.0,https://creativecommons.org/licenses/by/4.0/,Luca Valente,"CC BY 4.0 applies to the original compilation and editorial work by Luca Valente. Underlying third-party data retain their source terms, including Coin Metrics CC BY-NC 4.0 where indicated; this export does not replace those terms."
macro_x_crypto,2026-10-05,/blocchi/1/tabella/righe/8/4,0.12,"FRED (BAMLC0A4CBBBEY); FRED (DFII10); FRED (DTWEXBGS); FRED (NASDAQCOM); FRED (SP500); FRED (T10Y2Y); DefiLlama (value locked, stablecoins, fees); Coin Metrics Community Data (Bitcoin price)","""2026-09-27""",CC BY 4.0,https://creativecommons.org/licenses/by/4.0/,Luca Valente,"CC BY 4.0 applies to the original compilation and editorial work by Luca Valente. Underlying third-party data retain their source terms, including Coin Metrics CC BY-NC 4.0 where indicated; this export does not replace those terms."
macro_x_crypto,2026-10-05,/blocchi/1/tabella/righe/8/5,"""5 of 13""","FRED (BAMLC0A4CBBBEY); FRED (DFII10); FRED (DTWEXBGS); FRED (NASDAQCOM); FRED (SP500); FRED (T10Y2Y); DefiLlama (value locked, stablecoins, fees); Coin Metrics Community Data (Bitcoin price)","""2026-09-27""",CC BY 4.0,https://creativecommons.org/licenses/by/4.0/,Luca Valente,"CC BY 4.0 applies to the original compilation and editorial work by Luca Valente. Underlying third-party data retain their source terms, including Coin Metrics CC BY-NC 4.0 where indicated; this export does not replace those terms."
macro_x_crypto,2026-10-05,/blocchi/1/tabella/righe/8/6,-0.14,"FRED (BAMLC0A4CBBBEY); FRED (DFII10); FRED (DTWEXBGS); FRED (NASDAQCOM); FRED (SP500); FRED (T10Y2Y); DefiLlama (value locked, stablecoins, fees); Coin Metrics Community Data (Bitcoin price)","""2026-09-27""",CC BY 4.0,https://creativecommons.org/licenses/by/4.0/,Luca Valente,"CC BY 4.0 applies to the original compilation and editorial work by Luca Valente. Underlying third-party data retain their source terms, including Coin Metrics CC BY-NC 4.0 where indicated; this export does not replace those terms."
macro_x_crypto,2026-10-05,/blocchi/1/tabella/righe/8/7,0.36,"FRED (BAMLC0A4CBBBEY); FRED (DFII10); FRED (DTWEXBGS); FRED (NASDAQCOM); FRED (SP500); FRED (T10Y2Y); DefiLlama (value locked, stablecoins, fees); Coin Metrics Community Data (Bitcoin price)","""2026-09-27""",CC BY 4.0,https://creativecommons.org/licenses/by/4.0/,Luca Valente,"CC BY 4.0 applies to the original compilation and editorial work by Luca Valente. Underlying third-party data retain their source terms, including Coin Metrics CC BY-NC 4.0 where indicated; this export does not replace those terms."
macro_x_crypto,2026-10-05,/blocchi/1/tabella/righe/9/0,"""10-year minus 2-year Treasury yield""","FRED (BAMLC0A4CBBBEY); FRED (DFII10); FRED (DTWEXBGS); FRED (NASDAQCOM); FRED (SP500); FRED (T10Y2Y); DefiLlama (value locked, stablecoins, fees); Coin Metrics Community Data (Bitcoin price)","""2026-09-27""",CC BY 4.0,https://creativecommons.org/licenses/by/4.0/,Luca Valente,"CC BY 4.0 applies to the original compilation and editorial work by Luca Valente. Underlying third-party data retain their source terms, including Coin Metrics CC BY-NC 4.0 where indicated; this export does not replace those terms."
macro_x_crypto,2026-10-05,/blocchi/1/tabella/righe/9/1,"""DeFi value locked""","FRED (BAMLC0A4CBBBEY); FRED (DFII10); FRED (DTWEXBGS); FRED (NASDAQCOM); FRED (SP500); FRED (T10Y2Y); DefiLlama (value locked, stablecoins, fees); Coin Metrics Community Data (Bitcoin price)","""2026-09-27""",CC BY 4.0,https://creativecommons.org/licenses/by/4.0/,Luca Valente,"CC BY 4.0 applies to the original compilation and editorial work by Luca Valente. Underlying third-party data retain their source terms, including Coin Metrics CC BY-NC 4.0 where indicated; this export does not replace those terms."
macro_x_crypto,2026-10-05,/blocchi/1/tabella/righe/9/2,-0.17,"FRED (BAMLC0A4CBBBEY); FRED (DFII10); FRED (DTWEXBGS); FRED (NASDAQCOM); FRED (SP500); FRED (T10Y2Y); DefiLlama (value locked, stablecoins, fees); Coin Metrics Community Data (Bitcoin price)","""2026-09-27""",CC BY 4.0,https://creativecommons.org/licenses/by/4.0/,Luca Valente,"CC BY 4.0 applies to the original compilation and editorial work by Luca Valente. Underlying third-party data retain their source terms, including Coin Metrics CC BY-NC 4.0 where indicated; this export does not replace those terms."
macro_x_crypto,2026-10-05,/blocchi/1/tabella/righe/9/3,0.11,"FRED (BAMLC0A4CBBBEY); FRED (DFII10); FRED (DTWEXBGS); FRED (NASDAQCOM); FRED (SP500); FRED (T10Y2Y); DefiLlama (value locked, stablecoins, fees); Coin Metrics Community Data (Bitcoin price)","""2026-09-27""",CC BY 4.0,https://creativecommons.org/licenses/by/4.0/,Luca Valente,"CC BY 4.0 applies to the original compilation and editorial work by Luca Valente. Underlying third-party data retain their source terms, including Coin Metrics CC BY-NC 4.0 where indicated; this export does not replace those terms."
macro_x_crypto,2026-10-05,/blocchi/1/tabella/righe/9/4,0.05,"FRED (BAMLC0A4CBBBEY); FRED (DFII10); FRED (DTWEXBGS); FRED (NASDAQCOM); FRED (SP500); FRED (T10Y2Y); DefiLlama (value locked, stablecoins, fees); Coin Metrics Community Data (Bitcoin price)","""2026-09-27""",CC BY 4.0,https://creativecommons.org/licenses/by/4.0/,Luca Valente,"CC BY 4.0 applies to the original compilation and editorial work by Luca Valente. Underlying third-party data retain their source terms, including Coin Metrics CC BY-NC 4.0 where indicated; this export does not replace those terms."
macro_x_crypto,2026-10-05,/blocchi/1/tabella/righe/9/5,"""4 of 13""","FRED (BAMLC0A4CBBBEY); FRED (DFII10); FRED (DTWEXBGS); FRED (NASDAQCOM); FRED (SP500); FRED (T10Y2Y); DefiLlama (value locked, stablecoins, fees); Coin Metrics Community Data (Bitcoin price)","""2026-09-27""",CC BY 4.0,https://creativecommons.org/licenses/by/4.0/,Luca Valente,"CC BY 4.0 applies to the original compilation and editorial work by Luca Valente. Underlying third-party data retain their source terms, including Coin Metrics CC BY-NC 4.0 where indicated; this export does not replace those terms."
macro_x_crypto,2026-10-05,/blocchi/1/tabella/righe/9/6,-0.26,"FRED (BAMLC0A4CBBBEY); FRED (DFII10); FRED (DTWEXBGS); FRED (NASDAQCOM); FRED (SP500); FRED (T10Y2Y); DefiLlama (value locked, stablecoins, fees); Coin Metrics Community Data (Bitcoin price)","""2026-09-27""",CC BY 4.0,https://creativecommons.org/licenses/by/4.0/,Luca Valente,"CC BY 4.0 applies to the original compilation and editorial work by Luca Valente. Underlying third-party data retain their source terms, including Coin Metrics CC BY-NC 4.0 where indicated; this export does not replace those terms."
macro_x_crypto,2026-10-05,/blocchi/1/tabella/righe/9/7,0.36,"FRED (BAMLC0A4CBBBEY); FRED (DFII10); FRED (DTWEXBGS); FRED (NASDAQCOM); FRED (SP500); FRED (T10Y2Y); DefiLlama (value locked, stablecoins, fees); Coin Metrics Community Data (Bitcoin price)","""2026-09-27""",CC BY 4.0,https://creativecommons.org/licenses/by/4.0/,Luca Valente,"CC BY 4.0 applies to the original compilation and editorial work by Luca Valente. Underlying third-party data retain their source terms, including Coin Metrics CC BY-NC 4.0 where indicated; this export does not replace those terms."
macro_x_crypto,2026-10-05,/blocchi/1/tabella/righe/10/0,"""10-year minus 2-year Treasury yield""","FRED (BAMLC0A4CBBBEY); FRED (DFII10); FRED (DTWEXBGS); FRED (NASDAQCOM); FRED (SP500); FRED (T10Y2Y); DefiLlama (value locked, stablecoins, fees); Coin Metrics Community Data (Bitcoin price)","""2026-09-27""",CC BY 4.0,https://creativecommons.org/licenses/by/4.0/,Luca Valente,"CC BY 4.0 applies to the original compilation and editorial work by Luca Valente. Underlying third-party data retain their source terms, including Coin Metrics CC BY-NC 4.0 where indicated; this export does not replace those terms."
macro_x_crypto,2026-10-05,/blocchi/1/tabella/righe/10/1,"""Stablecoin supply""","FRED (BAMLC0A4CBBBEY); FRED (DFII10); FRED (DTWEXBGS); FRED (NASDAQCOM); FRED (SP500); FRED (T10Y2Y); DefiLlama (value locked, stablecoins, fees); Coin Metrics Community Data (Bitcoin price)","""2026-09-27""",CC BY 4.0,https://creativecommons.org/licenses/by/4.0/,Luca Valente,"CC BY 4.0 applies to the original compilation and editorial work by Luca Valente. Underlying third-party data retain their source terms, including Coin Metrics CC BY-NC 4.0 where indicated; this export does not replace those terms."
macro_x_crypto,2026-10-05,/blocchi/1/tabella/righe/10/2,-0.22,"FRED (BAMLC0A4CBBBEY); FRED (DFII10); FRED (DTWEXBGS); FRED (NASDAQCOM); FRED (SP500); FRED (T10Y2Y); DefiLlama (value locked, stablecoins, fees); Coin Metrics Community Data (Bitcoin price)","""2026-09-27""",CC BY 4.0,https://creativecommons.org/licenses/by/4.0/,Luca Valente,"CC BY 4.0 applies to the original compilation and editorial work by Luca Valente. Underlying third-party data retain their source terms, including Coin Metrics CC BY-NC 4.0 where indicated; this export does not replace those terms."
macro_x_crypto,2026-10-05,/blocchi/1/tabella/righe/10/3,0.11,"FRED (BAMLC0A4CBBBEY); FRED (DFII10); FRED (DTWEXBGS); FRED (NASDAQCOM); FRED (SP500); FRED (T10Y2Y); DefiLlama (value locked, stablecoins, fees); Coin Metrics Community Data (Bitcoin price)","""2026-09-27""",CC BY 4.0,https://creativecommons.org/licenses/by/4.0/,Luca Valente,"CC BY 4.0 applies to the original compilation and editorial work by Luca Valente. Underlying third-party data retain their source terms, including Coin Metrics CC BY-NC 4.0 where indicated; this export does not replace those terms."
macro_x_crypto,2026-10-05,/blocchi/1/tabella/righe/10/4,-0.04,"FRED (BAMLC0A4CBBBEY); FRED (DFII10); FRED (DTWEXBGS); FRED (NASDAQCOM); FRED (SP500); FRED (T10Y2Y); DefiLlama (value locked, stablecoins, fees); Coin Metrics Community Data (Bitcoin price)","""2026-09-27""",CC BY 4.0,https://creativecommons.org/licenses/by/4.0/,Luca Valente,"CC BY 4.0 applies to the original compilation and editorial work by Luca Valente. Underlying third-party data retain their source terms, including Coin Metrics CC BY-NC 4.0 where indicated; this export does not replace those terms."
macro_x_crypto,2026-10-05,/blocchi/1/tabella/righe/10/5,"""5 of 13""","FRED (BAMLC0A4CBBBEY); FRED (DFII10); FRED (DTWEXBGS); FRED (NASDAQCOM); FRED (SP500); FRED (T10Y2Y); DefiLlama (value locked, stablecoins, fees); Coin Metrics Community Data (Bitcoin price)","""2026-09-27""",CC BY 4.0,https://creativecommons.org/licenses/by/4.0/,Luca Valente,"CC BY 4.0 applies to the original compilation and editorial work by Luca Valente. Underlying third-party data retain their source terms, including Coin Metrics CC BY-NC 4.0 where indicated; this export does not replace those terms."
macro_x_crypto,2026-10-05,/blocchi/1/tabella/righe/10/6,-0.51,"FRED (BAMLC0A4CBBBEY); FRED (DFII10); FRED (DTWEXBGS); FRED (NASDAQCOM); FRED (SP500); FRED (T10Y2Y); DefiLlama (value locked, stablecoins, fees); Coin Metrics Community Data (Bitcoin price)","""2026-09-27""",CC BY 4.0,https://creativecommons.org/licenses/by/4.0/,Luca Valente,"CC BY 4.0 applies to the original compilation and editorial work by Luca Valente. Underlying third-party data retain their source terms, including Coin Metrics CC BY-NC 4.0 where indicated; this export does not replace those terms."
macro_x_crypto,2026-10-05,/blocchi/1/tabella/righe/10/7,0.1,"FRED (BAMLC0A4CBBBEY); FRED (DFII10); FRED (DTWEXBGS); FRED (NASDAQCOM); FRED (SP500); FRED (T10Y2Y); DefiLlama (value locked, stablecoins, fees); Coin Metrics Community Data (Bitcoin price)","""2026-09-27""",CC BY 4.0,https://creativecommons.org/licenses/by/4.0/,Luca Valente,"CC BY 4.0 applies to the original compilation and editorial work by Luca Valente. Underlying third-party data retain their source terms, including Coin Metrics CC BY-NC 4.0 where indicated; this export does not replace those terms."
macro_x_crypto,2026-10-05,/blocchi/1/tabella/righe/11/0,"""10-year minus 2-year Treasury yield""","FRED (BAMLC0A4CBBBEY); FRED (DFII10); FRED (DTWEXBGS); FRED (NASDAQCOM); FRED (SP500); FRED (T10Y2Y); DefiLlama (value locked, stablecoins, fees); Coin Metrics Community Data (Bitcoin price)","""2026-09-27""",CC BY 4.0,https://creativecommons.org/licenses/by/4.0/,Luca Valente,"CC BY 4.0 applies to the original compilation and editorial work by Luca Valente. Underlying third-party data retain their source terms, including Coin Metrics CC BY-NC 4.0 where indicated; this export does not replace those terms."
macro_x_crypto,2026-10-05,/blocchi/1/tabella/righe/11/1,"""Fees paid to protocols, weekly""","FRED (BAMLC0A4CBBBEY); FRED (DFII10); FRED (DTWEXBGS); FRED (NASDAQCOM); FRED (SP500); FRED (T10Y2Y); DefiLlama (value locked, stablecoins, fees); Coin Metrics Community Data (Bitcoin price)","""2026-09-27""",CC BY 4.0,https://creativecommons.org/licenses/by/4.0/,Luca Valente,"CC BY 4.0 applies to the original compilation and editorial work by Luca Valente. Underlying third-party data retain their source terms, including Coin Metrics CC BY-NC 4.0 where indicated; this export does not replace those terms."
macro_x_crypto,2026-10-05,/blocchi/1/tabella/righe/11/2,0.05,"FRED (BAMLC0A4CBBBEY); FRED (DFII10); FRED (DTWEXBGS); FRED (NASDAQCOM); FRED (SP500); FRED (T10Y2Y); DefiLlama (value locked, stablecoins, fees); Coin Metrics Community Data (Bitcoin price)","""2026-09-27""",CC BY 4.0,https://creativecommons.org/licenses/by/4.0/,Luca Valente,"CC BY 4.0 applies to the original compilation and editorial work by Luca Valente. Underlying third-party data retain their source terms, including Coin Metrics CC BY-NC 4.0 where indicated; this export does not replace those terms."
macro_x_crypto,2026-10-05,/blocchi/1/tabella/righe/11/3,-0.22,"FRED (BAMLC0A4CBBBEY); FRED (DFII10); FRED (DTWEXBGS); FRED (NASDAQCOM); FRED (SP500); FRED (T10Y2Y); DefiLlama (value locked, stablecoins, fees); Coin Metrics Community Data (Bitcoin price)","""2026-09-27""",CC BY 4.0,https://creativecommons.org/licenses/by/4.0/,Luca Valente,"CC BY 4.0 applies to the original compilation and editorial work by Luca Valente. Underlying third-party data retain their source terms, including Coin Metrics CC BY-NC 4.0 where indicated; this export does not replace those terms."
macro_x_crypto,2026-10-05,/blocchi/1/tabella/righe/11/4,-0.04,"FRED (BAMLC0A4CBBBEY); FRED (DFII10); FRED (DTWEXBGS); FRED (NASDAQCOM); FRED (SP500); FRED (T10Y2Y); DefiLlama (value locked, stablecoins, fees); Coin Metrics Community Data (Bitcoin price)","""2026-09-27""",CC BY 4.0,https://creativecommons.org/licenses/by/4.0/,Luca Valente,"CC BY 4.0 applies to the original compilation and editorial work by Luca Valente. Underlying third-party data retain their source terms, including Coin Metrics CC BY-NC 4.0 where indicated; this export does not replace those terms."
macro_x_crypto,2026-10-05,/blocchi/1/tabella/righe/11/5,"""8 of 13""","FRED (BAMLC0A4CBBBEY); FRED (DFII10); FRED (DTWEXBGS); FRED (NASDAQCOM); FRED (SP500); FRED (T10Y2Y); DefiLlama (value locked, stablecoins, fees); Coin Metrics Community Data (Bitcoin price)","""2026-09-27""",CC BY 4.0,https://creativecommons.org/licenses/by/4.0/,Luca Valente,"CC BY 4.0 applies to the original compilation and editorial work by Luca Valente. Underlying third-party data retain their source terms, including Coin Metrics CC BY-NC 4.0 where indicated; this export does not replace those terms."
macro_x_crypto,2026-10-05,/blocchi/1/tabella/righe/11/6,-0.35,"FRED (BAMLC0A4CBBBEY); FRED (DFII10); FRED (DTWEXBGS); FRED (NASDAQCOM); FRED (SP500); FRED (T10Y2Y); DefiLlama (value locked, stablecoins, fees); Coin Metrics Community Data (Bitcoin price)","""2026-09-27""",CC BY 4.0,https://creativecommons.org/licenses/by/4.0/,Luca Valente,"CC BY 4.0 applies to the original compilation and editorial work by Luca Valente. Underlying third-party data retain their source terms, including Coin Metrics CC BY-NC 4.0 where indicated; this export does not replace those terms."
macro_x_crypto,2026-10-05,/blocchi/1/tabella/righe/11/7,0.05,"FRED (BAMLC0A4CBBBEY); FRED (DFII10); FRED (DTWEXBGS); FRED (NASDAQCOM); FRED (SP500); FRED (T10Y2Y); DefiLlama (value locked, stablecoins, fees); Coin Metrics Community Data (Bitcoin price)","""2026-09-27""",CC BY 4.0,https://creativecommons.org/licenses/by/4.0/,Luca Valente,"CC BY 4.0 applies to the original compilation and editorial work by Luca Valente. Underlying third-party data retain their source terms, including Coin Metrics CC BY-NC 4.0 where indicated; this export does not replace those terms."
macro_x_crypto,2026-10-05,/blocchi/1/tabella/righe/12/0,"""BBB corporate spread over 10-year Treasury""","FRED (BAMLC0A4CBBBEY); FRED (DFII10); FRED (DTWEXBGS); FRED (NASDAQCOM); FRED (SP500); FRED (T10Y2Y); DefiLlama (value locked, stablecoins, fees); Coin Metrics Community Data (Bitcoin price)","""2026-09-27""",CC BY 4.0,https://creativecommons.org/licenses/by/4.0/,Luca Valente,"CC BY 4.0 applies to the original compilation and editorial work by Luca Valente. Underlying third-party data retain their source terms, including Coin Metrics CC BY-NC 4.0 where indicated; this export does not replace those terms."
macro_x_crypto,2026-10-05,/blocchi/1/tabella/righe/12/1,"""Bitcoin price""","FRED (BAMLC0A4CBBBEY); FRED (DFII10); FRED (DTWEXBGS); FRED (NASDAQCOM); FRED (SP500); FRED (T10Y2Y); DefiLlama (value locked, stablecoins, fees); Coin Metrics Community Data (Bitcoin price)","""2026-09-27""",CC BY 4.0,https://creativecommons.org/licenses/by/4.0/,Luca Valente,"CC BY 4.0 applies to the original compilation and editorial work by Luca Valente. Underlying third-party data retain their source terms, including Coin Metrics CC BY-NC 4.0 where indicated; this export does not replace those terms."
macro_x_crypto,2026-10-05,/blocchi/1/tabella/righe/12/2,-0.19,"FRED (BAMLC0A4CBBBEY); FRED (DFII10); FRED (DTWEXBGS); FRED (NASDAQCOM); FRED (SP500); FRED (T10Y2Y); DefiLlama (value locked, stablecoins, fees); Coin Metrics Community Data (Bitcoin price)","""2026-09-27""",CC BY 4.0,https://creativecommons.org/licenses/by/4.0/,Luca Valente,"CC BY 4.0 applies to the original compilation and editorial work by Luca Valente. Underlying third-party data retain their source terms, including Coin Metrics CC BY-NC 4.0 where indicated; this export does not replace those terms."
macro_x_crypto,2026-10-05,/blocchi/1/tabella/righe/12/3,-0.51,"FRED (BAMLC0A4CBBBEY); FRED (DFII10); FRED (DTWEXBGS); FRED (NASDAQCOM); FRED (SP500); FRED (T10Y2Y); DefiLlama (value locked, stablecoins, fees); Coin Metrics Community Data (Bitcoin price)","""2026-09-27""",CC BY 4.0,https://creativecommons.org/licenses/by/4.0/,Luca Valente,"CC BY 4.0 applies to the original compilation and editorial work by Luca Valente. Underlying third-party data retain their source terms, including Coin Metrics CC BY-NC 4.0 where indicated; this export does not replace those terms."
macro_x_crypto,2026-10-05,/blocchi/1/tabella/righe/12/4,-0.33,"FRED (BAMLC0A4CBBBEY); FRED (DFII10); FRED (DTWEXBGS); FRED (NASDAQCOM); FRED (SP500); FRED (T10Y2Y); DefiLlama (value locked, stablecoins, fees); Coin Metrics Community Data (Bitcoin price)","""2026-09-27""",CC BY 4.0,https://creativecommons.org/licenses/by/4.0/,Luca Valente,"CC BY 4.0 applies to the original compilation and editorial work by Luca Valente. Underlying third-party data retain their source terms, including Coin Metrics CC BY-NC 4.0 where indicated; this export does not replace those terms."
macro_x_crypto,2026-10-05,/blocchi/1/tabella/righe/12/5,"""6 of 13""","FRED (BAMLC0A4CBBBEY); FRED (DFII10); FRED (DTWEXBGS); FRED (NASDAQCOM); FRED (SP500); FRED (T10Y2Y); DefiLlama (value locked, stablecoins, fees); Coin Metrics Community Data (Bitcoin price)","""2026-09-27""",CC BY 4.0,https://creativecommons.org/licenses/by/4.0/,Luca Valente,"CC BY 4.0 applies to the original compilation and editorial work by Luca Valente. Underlying third-party data retain their source terms, including Coin Metrics CC BY-NC 4.0 where indicated; this export does not replace those terms."
macro_x_crypto,2026-10-05,/blocchi/1/tabella/righe/12/6,-0.6,"FRED (BAMLC0A4CBBBEY); FRED (DFII10); FRED (DTWEXBGS); FRED (NASDAQCOM); FRED (SP500); FRED (T10Y2Y); DefiLlama (value locked, stablecoins, fees); Coin Metrics Community Data (Bitcoin price)","""2026-09-27""",CC BY 4.0,https://creativecommons.org/licenses/by/4.0/,Luca Valente,"CC BY 4.0 applies to the original compilation and editorial work by Luca Valente. Underlying third-party data retain their source terms, including Coin Metrics CC BY-NC 4.0 where indicated; this export does not replace those terms."
macro_x_crypto,2026-10-05,/blocchi/1/tabella/righe/12/7,-0.19,"FRED (BAMLC0A4CBBBEY); FRED (DFII10); FRED (DTWEXBGS); FRED (NASDAQCOM); FRED (SP500); FRED (T10Y2Y); DefiLlama (value locked, stablecoins, fees); Coin Metrics Community Data (Bitcoin price)","""2026-09-27""",CC BY 4.0,https://creativecommons.org/licenses/by/4.0/,Luca Valente,"CC BY 4.0 applies to the original compilation and editorial work by Luca Valente. Underlying third-party data retain their source terms, including Coin Metrics CC BY-NC 4.0 where indicated; this export does not replace those terms."
macro_x_crypto,2026-10-05,/blocchi/1/tabella/righe/13/0,"""BBB corporate spread over 10-year Treasury""","FRED (BAMLC0A4CBBBEY); FRED (DFII10); FRED (DTWEXBGS); FRED (NASDAQCOM); FRED (SP500); FRED (T10Y2Y); DefiLlama (value locked, stablecoins, fees); Coin Metrics Community Data (Bitcoin price)","""2026-09-27""",CC BY 4.0,https://creativecommons.org/licenses/by/4.0/,Luca Valente,"CC BY 4.0 applies to the original compilation and editorial work by Luca Valente. Underlying third-party data retain their source terms, including Coin Metrics CC BY-NC 4.0 where indicated; this export does not replace those terms."
macro_x_crypto,2026-10-05,/blocchi/1/tabella/righe/13/1,"""DeFi value locked""","FRED (BAMLC0A4CBBBEY); FRED (DFII10); FRED (DTWEXBGS); FRED (NASDAQCOM); FRED (SP500); FRED (T10Y2Y); DefiLlama (value locked, stablecoins, fees); Coin Metrics Community Data (Bitcoin price)","""2026-09-27""",CC BY 4.0,https://creativecommons.org/licenses/by/4.0/,Luca Valente,"CC BY 4.0 applies to the original compilation and editorial work by Luca Valente. Underlying third-party data retain their source terms, including Coin Metrics CC BY-NC 4.0 where indicated; this export does not replace those terms."
macro_x_crypto,2026-10-05,/blocchi/1/tabella/righe/13/2,-0.22,"FRED (BAMLC0A4CBBBEY); FRED (DFII10); FRED (DTWEXBGS); FRED (NASDAQCOM); FRED (SP500); FRED (T10Y2Y); DefiLlama (value locked, stablecoins, fees); Coin Metrics Community Data (Bitcoin price)","""2026-09-27""",CC BY 4.0,https://creativecommons.org/licenses/by/4.0/,Luca Valente,"CC BY 4.0 applies to the original compilation and editorial work by Luca Valente. Underlying third-party data retain their source terms, including Coin Metrics CC BY-NC 4.0 where indicated; this export does not replace those terms."
macro_x_crypto,2026-10-05,/blocchi/1/tabella/righe/13/3,-0.4,"FRED (BAMLC0A4CBBBEY); FRED (DFII10); FRED (DTWEXBGS); FRED (NASDAQCOM); FRED (SP500); FRED (T10Y2Y); DefiLlama (value locked, stablecoins, fees); Coin Metrics Community Data (Bitcoin price)","""2026-09-27""",CC BY 4.0,https://creativecommons.org/licenses/by/4.0/,Luca Valente,"CC BY 4.0 applies to the original compilation and editorial work by Luca Valente. Underlying third-party data retain their source terms, including Coin Metrics CC BY-NC 4.0 where indicated; this export does not replace those terms."
macro_x_crypto,2026-10-05,/blocchi/1/tabella/righe/13/4,-0.26,"FRED (BAMLC0A4CBBBEY); FRED (DFII10); FRED (DTWEXBGS); FRED (NASDAQCOM); FRED (SP500); FRED (T10Y2Y); DefiLlama (value locked, stablecoins, fees); Coin Metrics Community Data (Bitcoin price)","""2026-09-27""",CC BY 4.0,https://creativecommons.org/licenses/by/4.0/,Luca Valente,"CC BY 4.0 applies to the original compilation and editorial work by Luca Valente. Underlying third-party data retain their source terms, including Coin Metrics CC BY-NC 4.0 where indicated; this export does not replace those terms."
macro_x_crypto,2026-10-05,/blocchi/1/tabella/righe/13/5,"""6 of 13""","FRED (BAMLC0A4CBBBEY); FRED (DFII10); FRED (DTWEXBGS); FRED (NASDAQCOM); FRED (SP500); FRED (T10Y2Y); DefiLlama (value locked, stablecoins, fees); Coin Metrics Community Data (Bitcoin price)","""2026-09-27""",CC BY 4.0,https://creativecommons.org/licenses/by/4.0/,Luca Valente,"CC BY 4.0 applies to the original compilation and editorial work by Luca Valente. Underlying third-party data retain their source terms, including Coin Metrics CC BY-NC 4.0 where indicated; this export does not replace those terms."
macro_x_crypto,2026-10-05,/blocchi/1/tabella/righe/13/6,-0.55,"FRED (BAMLC0A4CBBBEY); FRED (DFII10); FRED (DTWEXBGS); FRED (NASDAQCOM); FRED (SP500); FRED (T10Y2Y); DefiLlama (value locked, stablecoins, fees); Coin Metrics Community Data (Bitcoin price)","""2026-09-27""",CC BY 4.0,https://creativecommons.org/licenses/by/4.0/,Luca Valente,"CC BY 4.0 applies to the original compilation and editorial work by Luca Valente. Underlying third-party data retain their source terms, including Coin Metrics CC BY-NC 4.0 where indicated; this export does not replace those terms."
macro_x_crypto,2026-10-05,/blocchi/1/tabella/righe/13/7,-0.22,"FRED (BAMLC0A4CBBBEY); FRED (DFII10); FRED (DTWEXBGS); FRED (NASDAQCOM); FRED (SP500); FRED (T10Y2Y); DefiLlama (value locked, stablecoins, fees); Coin Metrics Community Data (Bitcoin price)","""2026-09-27""",CC BY 4.0,https://creativecommons.org/licenses/by/4.0/,Luca Valente,"CC BY 4.0 applies to the original compilation and editorial work by Luca Valente. Underlying third-party data retain their source terms, including Coin Metrics CC BY-NC 4.0 where indicated; this export does not replace those terms."
macro_x_crypto,2026-10-05,/blocchi/1/tabella/righe/14/0,"""BBB corporate spread over 10-year Treasury""","FRED (BAMLC0A4CBBBEY); FRED (DFII10); FRED (DTWEXBGS); FRED (NASDAQCOM); FRED (SP500); FRED (T10Y2Y); DefiLlama (value locked, stablecoins, fees); Coin Metrics Community Data (Bitcoin price)","""2026-09-27""",CC BY 4.0,https://creativecommons.org/licenses/by/4.0/,Luca Valente,"CC BY 4.0 applies to the original compilation and editorial work by Luca Valente. Underlying third-party data retain their source terms, including Coin Metrics CC BY-NC 4.0 where indicated; this export does not replace those terms."
macro_x_crypto,2026-10-05,/blocchi/1/tabella/righe/14/1,"""Stablecoin supply""","FRED (BAMLC0A4CBBBEY); FRED (DFII10); FRED (DTWEXBGS); FRED (NASDAQCOM); FRED (SP500); FRED (T10Y2Y); DefiLlama (value locked, stablecoins, fees); Coin Metrics Community Data (Bitcoin price)","""2026-09-27""",CC BY 4.0,https://creativecommons.org/licenses/by/4.0/,Luca Valente,"CC BY 4.0 applies to the original compilation and editorial work by Luca Valente. Underlying third-party data retain their source terms, including Coin Metrics CC BY-NC 4.0 where indicated; this export does not replace those terms."
macro_x_crypto,2026-10-05,/blocchi/1/tabella/righe/14/2,0.58,"FRED (BAMLC0A4CBBBEY); FRED (DFII10); FRED (DTWEXBGS); FRED (NASDAQCOM); FRED (SP500); FRED (T10Y2Y); DefiLlama (value locked, stablecoins, fees); Coin Metrics Community Data (Bitcoin price)","""2026-09-27""",CC BY 4.0,https://creativecommons.org/licenses/by/4.0/,Luca Valente,"CC BY 4.0 applies to the original compilation and editorial work by Luca Valente. Underlying third-party data retain their source terms, including Coin Metrics CC BY-NC 4.0 where indicated; this export does not replace those terms."
macro_x_crypto,2026-10-05,/blocchi/1/tabella/righe/14/3,-0.73,"FRED (BAMLC0A4CBBBEY); FRED (DFII10); FRED (DTWEXBGS); FRED (NASDAQCOM); FRED (SP500); FRED (T10Y2Y); DefiLlama (value locked, stablecoins, fees); Coin Metrics Community Data (Bitcoin price)","""2026-09-27""",CC BY 4.0,https://creativecommons.org/licenses/by/4.0/,Luca Valente,"CC BY 4.0 applies to the original compilation and editorial work by Luca Valente. Underlying third-party data retain their source terms, including Coin Metrics CC BY-NC 4.0 where indicated; this export does not replace those terms."
macro_x_crypto,2026-10-05,/blocchi/1/tabella/righe/14/4,-0.31,"FRED (BAMLC0A4CBBBEY); FRED (DFII10); FRED (DTWEXBGS); FRED (NASDAQCOM); FRED (SP500); FRED (T10Y2Y); DefiLlama (value locked, stablecoins, fees); Coin Metrics Community Data (Bitcoin price)","""2026-09-27""",CC BY 4.0,https://creativecommons.org/licenses/by/4.0/,Luca Valente,"CC BY 4.0 applies to the original compilation and editorial work by Luca Valente. Underlying third-party data retain their source terms, including Coin Metrics CC BY-NC 4.0 where indicated; this export does not replace those terms."
macro_x_crypto,2026-10-05,/blocchi/1/tabella/righe/14/5,"""8 of 13""","FRED (BAMLC0A4CBBBEY); FRED (DFII10); FRED (DTWEXBGS); FRED (NASDAQCOM); FRED (SP500); FRED (T10Y2Y); DefiLlama (value locked, stablecoins, fees); Coin Metrics Community Data (Bitcoin price)","""2026-09-27""",CC BY 4.0,https://creativecommons.org/licenses/by/4.0/,Luca Valente,"CC BY 4.0 applies to the original compilation and editorial work by Luca Valente. Underlying third-party data retain their source terms, including Coin Metrics CC BY-NC 4.0 where indicated; this export does not replace those terms."
macro_x_crypto,2026-10-05,/blocchi/1/tabella/righe/14/6,-0.68,"FRED (BAMLC0A4CBBBEY); FRED (DFII10); FRED (DTWEXBGS); FRED (NASDAQCOM); FRED (SP500); FRED (T10Y2Y); DefiLlama (value locked, stablecoins, fees); Coin Metrics Community Data (Bitcoin price)","""2026-09-27""",CC BY 4.0,https://creativecommons.org/licenses/by/4.0/,Luca Valente,"CC BY 4.0 applies to the original compilation and editorial work by Luca Valente. Underlying third-party data retain their source terms, including Coin Metrics CC BY-NC 4.0 where indicated; this export does not replace those terms."
macro_x_crypto,2026-10-05,/blocchi/1/tabella/righe/14/7,0.58,"FRED (BAMLC0A4CBBBEY); FRED (DFII10); FRED (DTWEXBGS); FRED (NASDAQCOM); FRED (SP500); FRED (T10Y2Y); DefiLlama (value locked, stablecoins, fees); Coin Metrics Community Data (Bitcoin price)","""2026-09-27""",CC BY 4.0,https://creativecommons.org/licenses/by/4.0/,Luca Valente,"CC BY 4.0 applies to the original compilation and editorial work by Luca Valente. Underlying third-party data retain their source terms, including Coin Metrics CC BY-NC 4.0 where indicated; this export does not replace those terms."
macro_x_crypto,2026-10-05,/blocchi/1/tabella/righe/15/0,"""BBB corporate spread over 10-year Treasury""","FRED (BAMLC0A4CBBBEY); FRED (DFII10); FRED (DTWEXBGS); FRED (NASDAQCOM); FRED (SP500); FRED (T10Y2Y); DefiLlama (value locked, stablecoins, fees); Coin Metrics Community Data (Bitcoin price)","""2026-09-27""",CC BY 4.0,https://creativecommons.org/licenses/by/4.0/,Luca Valente,"CC BY 4.0 applies to the original compilation and editorial work by Luca Valente. Underlying third-party data retain their source terms, including Coin Metrics CC BY-NC 4.0 where indicated; this export does not replace those terms."
macro_x_crypto,2026-10-05,/blocchi/1/tabella/righe/15/1,"""Fees paid to protocols, weekly""","FRED (BAMLC0A4CBBBEY); FRED (DFII10); FRED (DTWEXBGS); FRED (NASDAQCOM); FRED (SP500); FRED (T10Y2Y); DefiLlama (value locked, stablecoins, fees); Coin Metrics Community Data (Bitcoin price)","""2026-09-27""",CC BY 4.0,https://creativecommons.org/licenses/by/4.0/,Luca Valente,"CC BY 4.0 applies to the original compilation and editorial work by Luca Valente. Underlying third-party data retain their source terms, including Coin Metrics CC BY-NC 4.0 where indicated; this export does not replace those terms."
macro_x_crypto,2026-10-05,/blocchi/1/tabella/righe/15/2,0.37,"FRED (BAMLC0A4CBBBEY); FRED (DFII10); FRED (DTWEXBGS); FRED (NASDAQCOM); FRED (SP500); FRED (T10Y2Y); DefiLlama (value locked, stablecoins, fees); Coin Metrics Community Data (Bitcoin price)","""2026-09-27""",CC BY 4.0,https://creativecommons.org/licenses/by/4.0/,Luca Valente,"CC BY 4.0 applies to the original compilation and editorial work by Luca Valente. Underlying third-party data retain their source terms, including Coin Metrics CC BY-NC 4.0 where indicated; this export does not replace those terms."
macro_x_crypto,2026-10-05,/blocchi/1/tabella/righe/15/3,0.04,"FRED (BAMLC0A4CBBBEY); FRED (DFII10); FRED (DTWEXBGS); FRED (NASDAQCOM); FRED (SP500); FRED (T10Y2Y); DefiLlama (value locked, stablecoins, fees); Coin Metrics Community Data (Bitcoin price)","""2026-09-27""",CC BY 4.0,https://creativecommons.org/licenses/by/4.0/,Luca Valente,"CC BY 4.0 applies to the original compilation and editorial work by Luca Valente. Underlying third-party data retain their source terms, including Coin Metrics CC BY-NC 4.0 where indicated; this export does not replace those terms."
macro_x_crypto,2026-10-05,/blocchi/1/tabella/righe/15/4,0.17,"FRED (BAMLC0A4CBBBEY); FRED (DFII10); FRED (DTWEXBGS); FRED (NASDAQCOM); FRED (SP500); FRED (T10Y2Y); DefiLlama (value locked, stablecoins, fees); Coin Metrics Community Data (Bitcoin price)","""2026-09-27""",CC BY 4.0,https://creativecommons.org/licenses/by/4.0/,Luca Valente,"CC BY 4.0 applies to the original compilation and editorial work by Luca Valente. Underlying third-party data retain their source terms, including Coin Metrics CC BY-NC 4.0 where indicated; this export does not replace those terms."
macro_x_crypto,2026-10-05,/blocchi/1/tabella/righe/15/5,"""6 of 13""","FRED (BAMLC0A4CBBBEY); FRED (DFII10); FRED (DTWEXBGS); FRED (NASDAQCOM); FRED (SP500); FRED (T10Y2Y); DefiLlama (value locked, stablecoins, fees); Coin Metrics Community Data (Bitcoin price)","""2026-09-27""",CC BY 4.0,https://creativecommons.org/licenses/by/4.0/,Luca Valente,"CC BY 4.0 applies to the original compilation and editorial work by Luca Valente. Underlying third-party data retain their source terms, including Coin Metrics CC BY-NC 4.0 where indicated; this export does not replace those terms."
macro_x_crypto,2026-10-05,/blocchi/1/tabella/righe/15/6,0.02,"FRED (BAMLC0A4CBBBEY); FRED (DFII10); FRED (DTWEXBGS); FRED (NASDAQCOM); FRED (SP500); FRED (T10Y2Y); DefiLlama (value locked, stablecoins, fees); Coin Metrics Community Data (Bitcoin price)","""2026-09-27""",CC BY 4.0,https://creativecommons.org/licenses/by/4.0/,Luca Valente,"CC BY 4.0 applies to the original compilation and editorial work by Luca Valente. Underlying third-party data retain their source terms, including Coin Metrics CC BY-NC 4.0 where indicated; this export does not replace those terms."
macro_x_crypto,2026-10-05,/blocchi/1/tabella/righe/15/7,0.51,"FRED (BAMLC0A4CBBBEY); FRED (DFII10); FRED (DTWEXBGS); FRED (NASDAQCOM); FRED (SP500); FRED (T10Y2Y); DefiLlama (value locked, stablecoins, fees); Coin Metrics Community Data (Bitcoin price)","""2026-09-27""",CC BY 4.0,https://creativecommons.org/licenses/by/4.0/,Luca Valente,"CC BY 4.0 applies to the original compilation and editorial work by Luca Valente. Underlying third-party data retain their source terms, including Coin Metrics CC BY-NC 4.0 where indicated; this export does not replace those terms."
macro_x_crypto,2026-10-05,/blocchi/1/tabella/righe/16/0,"""S&P 500""","FRED (BAMLC0A4CBBBEY); FRED (DFII10); FRED (DTWEXBGS); FRED (NASDAQCOM); FRED (SP500); FRED (T10Y2Y); DefiLlama (value locked, stablecoins, fees); Coin Metrics Community Data (Bitcoin price)","""2026-09-27""",CC BY 4.0,https://creativecommons.org/licenses/by/4.0/,Luca Valente,"CC BY 4.0 applies to the original compilation and editorial work by Luca Valente. Underlying third-party data retain their source terms, including Coin Metrics CC BY-NC 4.0 where indicated; this export does not replace those terms."
macro_x_crypto,2026-10-05,/blocchi/1/tabella/righe/16/1,"""Bitcoin price""","FRED (BAMLC0A4CBBBEY); FRED (DFII10); FRED (DTWEXBGS); FRED (NASDAQCOM); FRED (SP500); FRED (T10Y2Y); DefiLlama (value locked, stablecoins, fees); Coin Metrics Community Data (Bitcoin price)","""2026-09-27""",CC BY 4.0,https://creativecommons.org/licenses/by/4.0/,Luca Valente,"CC BY 4.0 applies to the original compilation and editorial work by Luca Valente. Underlying third-party data retain their source terms, including Coin Metrics CC BY-NC 4.0 where indicated; this export does not replace those terms."
macro_x_crypto,2026-10-05,/blocchi/1/tabella/righe/16/2,-0.22,"FRED (BAMLC0A4CBBBEY); FRED (DFII10); FRED (DTWEXBGS); FRED (NASDAQCOM); FRED (SP500); FRED (T10Y2Y); DefiLlama (value locked, stablecoins, fees); Coin Metrics Community Data (Bitcoin price)","""2026-09-27""",CC BY 4.0,https://creativecommons.org/licenses/by/4.0/,Luca Valente,"CC BY 4.0 applies to the original compilation and editorial work by Luca Valente. Underlying third-party data retain their source terms, including Coin Metrics CC BY-NC 4.0 where indicated; this export does not replace those terms."
macro_x_crypto,2026-10-05,/blocchi/1/tabella/righe/16/3,0.76,"FRED (BAMLC0A4CBBBEY); FRED (DFII10); FRED (DTWEXBGS); FRED (NASDAQCOM); FRED (SP500); FRED (T10Y2Y); DefiLlama (value locked, stablecoins, fees); Coin Metrics Community Data (Bitcoin price)","""2026-09-27""",CC BY 4.0,https://creativecommons.org/licenses/by/4.0/,Luca Valente,"CC BY 4.0 applies to the original compilation and editorial work by Luca Valente. Underlying third-party data retain their source terms, including Coin Metrics CC BY-NC 4.0 where indicated; this export does not replace those terms."
macro_x_crypto,2026-10-05,/blocchi/1/tabella/righe/16/4,0.26,"FRED (BAMLC0A4CBBBEY); FRED (DFII10); FRED (DTWEXBGS); FRED (NASDAQCOM); FRED (SP500); FRED (T10Y2Y); DefiLlama (value locked, stablecoins, fees); Coin Metrics Community Data (Bitcoin price)","""2026-09-27""",CC BY 4.0,https://creativecommons.org/licenses/by/4.0/,Luca Valente,"CC BY 4.0 applies to the original compilation and editorial work by Luca Valente. Underlying third-party data retain their source terms, including Coin Metrics CC BY-NC 4.0 where indicated; this export does not replace those terms."
macro_x_crypto,2026-10-05,/blocchi/1/tabella/righe/16/5,"""7 of 13""","FRED (BAMLC0A4CBBBEY); FRED (DFII10); FRED (DTWEXBGS); FRED (NASDAQCOM); FRED (SP500); FRED (T10Y2Y); DefiLlama (value locked, stablecoins, fees); Coin Metrics Community Data (Bitcoin price)","""2026-09-27""",CC BY 4.0,https://creativecommons.org/licenses/by/4.0/,Luca Valente,"CC BY 4.0 applies to the original compilation and editorial work by Luca Valente. Underlying third-party data retain their source terms, including Coin Metrics CC BY-NC 4.0 where indicated; this export does not replace those terms."
macro_x_crypto,2026-10-05,/blocchi/1/tabella/righe/16/6,-0.22,"FRED (BAMLC0A4CBBBEY); FRED (DFII10); FRED (DTWEXBGS); FRED (NASDAQCOM); FRED (SP500); FRED (T10Y2Y); DefiLlama (value locked, stablecoins, fees); Coin Metrics Community Data (Bitcoin price)","""2026-09-27""",CC BY 4.0,https://creativecommons.org/licenses/by/4.0/,Luca Valente,"CC BY 4.0 applies to the original compilation and editorial work by Luca Valente. Underlying third-party data retain their source terms, including Coin Metrics CC BY-NC 4.0 where indicated; this export does not replace those terms."
macro_x_crypto,2026-10-05,/blocchi/1/tabella/righe/16/7,0.74,"FRED (BAMLC0A4CBBBEY); FRED (DFII10); FRED (DTWEXBGS); FRED (NASDAQCOM); FRED (SP500); FRED (T10Y2Y); DefiLlama (value locked, stablecoins, fees); Coin Metrics Community Data (Bitcoin price)","""2026-09-27""",CC BY 4.0,https://creativecommons.org/licenses/by/4.0/,Luca Valente,"CC BY 4.0 applies to the original compilation and editorial work by Luca Valente. Underlying third-party data retain their source terms, including Coin Metrics CC BY-NC 4.0 where indicated; this export does not replace those terms."
macro_x_crypto,2026-10-05,/blocchi/1/tabella/righe/17/0,"""S&P 500""","FRED (BAMLC0A4CBBBEY); FRED (DFII10); FRED (DTWEXBGS); FRED (NASDAQCOM); FRED (SP500); FRED (T10Y2Y); DefiLlama (value locked, stablecoins, fees); Coin Metrics Community Data (Bitcoin price)","""2026-09-27""",CC BY 4.0,https://creativecommons.org/licenses/by/4.0/,Luca Valente,"CC BY 4.0 applies to the original compilation and editorial work by Luca Valente. Underlying third-party data retain their source terms, including Coin Metrics CC BY-NC 4.0 where indicated; this export does not replace those terms."
macro_x_crypto,2026-10-05,/blocchi/1/tabella/righe/17/1,"""DeFi value locked""","FRED (BAMLC0A4CBBBEY); FRED (DFII10); FRED (DTWEXBGS); FRED (NASDAQCOM); FRED (SP500); FRED (T10Y2Y); DefiLlama (value locked, stablecoins, fees); Coin Metrics Community Data (Bitcoin price)","""2026-09-27""",CC BY 4.0,https://creativecommons.org/licenses/by/4.0/,Luca Valente,"CC BY 4.0 applies to the original compilation and editorial work by Luca Valente. Underlying third-party data retain their source terms, including Coin Metrics CC BY-NC 4.0 where indicated; this export does not replace those terms."
macro_x_crypto,2026-10-05,/blocchi/1/tabella/righe/17/2,-0.29,"FRED (BAMLC0A4CBBBEY); FRED (DFII10); FRED (DTWEXBGS); FRED (NASDAQCOM); FRED (SP500); FRED (T10Y2Y); DefiLlama (value locked, stablecoins, fees); Coin Metrics Community Data (Bitcoin price)","""2026-09-27""",CC BY 4.0,https://creativecommons.org/licenses/by/4.0/,Luca Valente,"CC BY 4.0 applies to the original compilation and editorial work by Luca Valente. Underlying third-party data retain their source terms, including Coin Metrics CC BY-NC 4.0 where indicated; this export does not replace those terms."
macro_x_crypto,2026-10-05,/blocchi/1/tabella/righe/17/3,0.56,"FRED (BAMLC0A4CBBBEY); FRED (DFII10); FRED (DTWEXBGS); FRED (NASDAQCOM); FRED (SP500); FRED (T10Y2Y); DefiLlama (value locked, stablecoins, fees); Coin Metrics Community Data (Bitcoin price)","""2026-09-27""",CC BY 4.0,https://creativecommons.org/licenses/by/4.0/,Luca Valente,"CC BY 4.0 applies to the original compilation and editorial work by Luca Valente. Underlying third-party data retain their source terms, including Coin Metrics CC BY-NC 4.0 where indicated; this export does not replace those terms."
macro_x_crypto,2026-10-05,/blocchi/1/tabella/righe/17/4,0.12,"FRED (BAMLC0A4CBBBEY); FRED (DFII10); FRED (DTWEXBGS); FRED (NASDAQCOM); FRED (SP500); FRED (T10Y2Y); DefiLlama (value locked, stablecoins, fees); Coin Metrics Community Data (Bitcoin price)","""2026-09-27""",CC BY 4.0,https://creativecommons.org/licenses/by/4.0/,Luca Valente,"CC BY 4.0 applies to the original compilation and editorial work by Luca Valente. Underlying third-party data retain their source terms, including Coin Metrics CC BY-NC 4.0 where indicated; this export does not replace those terms."
macro_x_crypto,2026-10-05,/blocchi/1/tabella/righe/17/5,"""5 of 13""","FRED (BAMLC0A4CBBBEY); FRED (DFII10); FRED (DTWEXBGS); FRED (NASDAQCOM); FRED (SP500); FRED (T10Y2Y); DefiLlama (value locked, stablecoins, fees); Coin Metrics Community Data (Bitcoin price)","""2026-09-27""",CC BY 4.0,https://creativecommons.org/licenses/by/4.0/,Luca Valente,"CC BY 4.0 applies to the original compilation and editorial work by Luca Valente. Underlying third-party data retain their source terms, including Coin Metrics CC BY-NC 4.0 where indicated; this export does not replace those terms."
macro_x_crypto,2026-10-05,/blocchi/1/tabella/righe/17/6,-0.29,"FRED (BAMLC0A4CBBBEY); FRED (DFII10); FRED (DTWEXBGS); FRED (NASDAQCOM); FRED (SP500); FRED (T10Y2Y); DefiLlama (value locked, stablecoins, fees); Coin Metrics Community Data (Bitcoin price)","""2026-09-27""",CC BY 4.0,https://creativecommons.org/licenses/by/4.0/,Luca Valente,"CC BY 4.0 applies to the original compilation and editorial work by Luca Valente. Underlying third-party data retain their source terms, including Coin Metrics CC BY-NC 4.0 where indicated; this export does not replace those terms."
macro_x_crypto,2026-10-05,/blocchi/1/tabella/righe/17/7,0.61,"FRED (BAMLC0A4CBBBEY); FRED (DFII10); FRED (DTWEXBGS); FRED (NASDAQCOM); FRED (SP500); FRED (T10Y2Y); DefiLlama (value locked, stablecoins, fees); Coin Metrics Community Data (Bitcoin price)","""2026-09-27""",CC BY 4.0,https://creativecommons.org/licenses/by/4.0/,Luca Valente,"CC BY 4.0 applies to the original compilation and editorial work by Luca Valente. Underlying third-party data retain their source terms, including Coin Metrics CC BY-NC 4.0 where indicated; this export does not replace those terms."
macro_x_crypto,2026-10-05,/blocchi/1/tabella/righe/18/0,"""S&P 500""","FRED (BAMLC0A4CBBBEY); FRED (DFII10); FRED (DTWEXBGS); FRED (NASDAQCOM); FRED (SP500); FRED (T10Y2Y); DefiLlama (value locked, stablecoins, fees); Coin Metrics Community Data (Bitcoin price)","""2026-09-27""",CC BY 4.0,https://creativecommons.org/licenses/by/4.0/,Luca Valente,"CC BY 4.0 applies to the original compilation and editorial work by Luca Valente. Underlying third-party data retain their source terms, including Coin Metrics CC BY-NC 4.0 where indicated; this export does not replace those terms."
macro_x_crypto,2026-10-05,/blocchi/1/tabella/righe/18/1,"""Stablecoin supply""","FRED (BAMLC0A4CBBBEY); FRED (DFII10); FRED (DTWEXBGS); FRED (NASDAQCOM); FRED (SP500); FRED (T10Y2Y); DefiLlama (value locked, stablecoins, fees); Coin Metrics Community Data (Bitcoin price)","""2026-09-27""",CC BY 4.0,https://creativecommons.org/licenses/by/4.0/,Luca Valente,"CC BY 4.0 applies to the original compilation and editorial work by Luca Valente. Underlying third-party data retain their source terms, including Coin Metrics CC BY-NC 4.0 where indicated; this export does not replace those terms."
macro_x_crypto,2026-10-05,/blocchi/1/tabella/righe/18/2,-0.13,"FRED (BAMLC0A4CBBBEY); FRED (DFII10); FRED (DTWEXBGS); FRED (NASDAQCOM); FRED (SP500); FRED (T10Y2Y); DefiLlama (value locked, stablecoins, fees); Coin Metrics Community Data (Bitcoin price)","""2026-09-27""",CC BY 4.0,https://creativecommons.org/licenses/by/4.0/,Luca Valente,"CC BY 4.0 applies to the original compilation and editorial work by Luca Valente. Underlying third-party data retain their source terms, including Coin Metrics CC BY-NC 4.0 where indicated; this export does not replace those terms."
macro_x_crypto,2026-10-05,/blocchi/1/tabella/righe/18/3,0.85,"FRED (BAMLC0A4CBBBEY); FRED (DFII10); FRED (DTWEXBGS); FRED (NASDAQCOM); FRED (SP500); FRED (T10Y2Y); DefiLlama (value locked, stablecoins, fees); Coin Metrics Community Data (Bitcoin price)","""2026-09-27""",CC BY 4.0,https://creativecommons.org/licenses/by/4.0/,Luca Valente,"CC BY 4.0 applies to the original compilation and editorial work by Luca Valente. Underlying third-party data retain their source terms, including Coin Metrics CC BY-NC 4.0 where indicated; this export does not replace those terms."
macro_x_crypto,2026-10-05,/blocchi/1/tabella/righe/18/4,0.49,"FRED (BAMLC0A4CBBBEY); FRED (DFII10); FRED (DTWEXBGS); FRED (NASDAQCOM); FRED (SP500); FRED (T10Y2Y); DefiLlama (value locked, stablecoins, fees); Coin Metrics Community Data (Bitcoin price)","""2026-09-27""",CC BY 4.0,https://creativecommons.org/licenses/by/4.0/,Luca Valente,"CC BY 4.0 applies to the original compilation and editorial work by Luca Valente. Underlying third-party data retain their source terms, including Coin Metrics CC BY-NC 4.0 where indicated; this export does not replace those terms."
macro_x_crypto,2026-10-05,/blocchi/1/tabella/righe/18/5,"""8 of 13""","FRED (BAMLC0A4CBBBEY); FRED (DFII10); FRED (DTWEXBGS); FRED (NASDAQCOM); FRED (SP500); FRED (T10Y2Y); DefiLlama (value locked, stablecoins, fees); Coin Metrics Community Data (Bitcoin price)","""2026-09-27""",CC BY 4.0,https://creativecommons.org/licenses/by/4.0/,Luca Valente,"CC BY 4.0 applies to the original compilation and editorial work by Luca Valente. Underlying third-party data retain their source terms, including Coin Metrics CC BY-NC 4.0 where indicated; this export does not replace those terms."
macro_x_crypto,2026-10-05,/blocchi/1/tabella/righe/18/6,-0.13,"FRED (BAMLC0A4CBBBEY); FRED (DFII10); FRED (DTWEXBGS); FRED (NASDAQCOM); FRED (SP500); FRED (T10Y2Y); DefiLlama (value locked, stablecoins, fees); Coin Metrics Community Data (Bitcoin price)","""2026-09-27""",CC BY 4.0,https://creativecommons.org/licenses/by/4.0/,Luca Valente,"CC BY 4.0 applies to the original compilation and editorial work by Luca Valente. Underlying third-party data retain their source terms, including Coin Metrics CC BY-NC 4.0 where indicated; this export does not replace those terms."
macro_x_crypto,2026-10-05,/blocchi/1/tabella/righe/18/7,0.77,"FRED (BAMLC0A4CBBBEY); FRED (DFII10); FRED (DTWEXBGS); FRED (NASDAQCOM); FRED (SP500); FRED (T10Y2Y); DefiLlama (value locked, stablecoins, fees); Coin Metrics Community Data (Bitcoin price)","""2026-09-27""",CC BY 4.0,https://creativecommons.org/licenses/by/4.0/,Luca Valente,"CC BY 4.0 applies to the original compilation and editorial work by Luca Valente. Underlying third-party data retain their source terms, including Coin Metrics CC BY-NC 4.0 where indicated; this export does not replace those terms."
macro_x_crypto,2026-10-05,/blocchi/1/tabella/righe/19/0,"""S&P 500""","FRED (BAMLC0A4CBBBEY); FRED (DFII10); FRED (DTWEXBGS); FRED (NASDAQCOM); FRED (SP500); FRED (T10Y2Y); DefiLlama (value locked, stablecoins, fees); Coin Metrics Community Data (Bitcoin price)","""2026-09-27""",CC BY 4.0,https://creativecommons.org/licenses/by/4.0/,Luca Valente,"CC BY 4.0 applies to the original compilation and editorial work by Luca Valente. Underlying third-party data retain their source terms, including Coin Metrics CC BY-NC 4.0 where indicated; this export does not replace those terms."
macro_x_crypto,2026-10-05,/blocchi/1/tabella/righe/19/1,"""Fees paid to protocols, weekly""","FRED (BAMLC0A4CBBBEY); FRED (DFII10); FRED (DTWEXBGS); FRED (NASDAQCOM); FRED (SP500); FRED (T10Y2Y); DefiLlama (value locked, stablecoins, fees); Coin Metrics Community Data (Bitcoin price)","""2026-09-27""",CC BY 4.0,https://creativecommons.org/licenses/by/4.0/,Luca Valente,"CC BY 4.0 applies to the original compilation and editorial work by Luca Valente. Underlying third-party data retain their source terms, including Coin Metrics CC BY-NC 4.0 where indicated; this export does not replace those terms."
macro_x_crypto,2026-10-05,/blocchi/1/tabella/righe/19/2,-0.2,"FRED (BAMLC0A4CBBBEY); FRED (DFII10); FRED (DTWEXBGS); FRED (NASDAQCOM); FRED (SP500); FRED (T10Y2Y); DefiLlama (value locked, stablecoins, fees); Coin Metrics Community Data (Bitcoin price)","""2026-09-27""",CC BY 4.0,https://creativecommons.org/licenses/by/4.0/,Luca Valente,"CC BY 4.0 applies to the original compilation and editorial work by Luca Valente. Underlying third-party data retain their source terms, including Coin Metrics CC BY-NC 4.0 where indicated; this export does not replace those terms."
macro_x_crypto,2026-10-05,/blocchi/1/tabella/righe/19/3,0.04,"FRED (BAMLC0A4CBBBEY); FRED (DFII10); FRED (DTWEXBGS); FRED (NASDAQCOM); FRED (SP500); FRED (T10Y2Y); DefiLlama (value locked, stablecoins, fees); Coin Metrics Community Data (Bitcoin price)","""2026-09-27""",CC BY 4.0,https://creativecommons.org/licenses/by/4.0/,Luca Valente,"CC BY 4.0 applies to the original compilation and editorial work by Luca Valente. Underlying third-party data retain their source terms, including Coin Metrics CC BY-NC 4.0 where indicated; this export does not replace those terms."
macro_x_crypto,2026-10-05,/blocchi/1/tabella/righe/19/4,-0.09,"FRED (BAMLC0A4CBBBEY); FRED (DFII10); FRED (DTWEXBGS); FRED (NASDAQCOM); FRED (SP500); FRED (T10Y2Y); DefiLlama (value locked, stablecoins, fees); Coin Metrics Community Data (Bitcoin price)","""2026-09-27""",CC BY 4.0,https://creativecommons.org/licenses/by/4.0/,Luca Valente,"CC BY 4.0 applies to the original compilation and editorial work by Luca Valente. Underlying third-party data retain their source terms, including Coin Metrics CC BY-NC 4.0 where indicated; this export does not replace those terms."
macro_x_crypto,2026-10-05,/blocchi/1/tabella/righe/19/5,"""10 of 13""","FRED (BAMLC0A4CBBBEY); FRED (DFII10); FRED (DTWEXBGS); FRED (NASDAQCOM); FRED (SP500); FRED (T10Y2Y); DefiLlama (value locked, stablecoins, fees); Coin Metrics Community Data (Bitcoin price)","""2026-09-27""",CC BY 4.0,https://creativecommons.org/licenses/by/4.0/,Luca Valente,"CC BY 4.0 applies to the original compilation and editorial work by Luca Valente. Underlying third-party data retain their source terms, including Coin Metrics CC BY-NC 4.0 where indicated; this export does not replace those terms."
macro_x_crypto,2026-10-05,/blocchi/1/tabella/righe/19/6,-0.41,"FRED (BAMLC0A4CBBBEY); FRED (DFII10); FRED (DTWEXBGS); FRED (NASDAQCOM); FRED (SP500); FRED (T10Y2Y); DefiLlama (value locked, stablecoins, fees); Coin Metrics Community Data (Bitcoin price)","""2026-09-27""",CC BY 4.0,https://creativecommons.org/licenses/by/4.0/,Luca Valente,"CC BY 4.0 applies to the original compilation and editorial work by Luca Valente. Underlying third-party data retain their source terms, including Coin Metrics CC BY-NC 4.0 where indicated; this export does not replace those terms."
macro_x_crypto,2026-10-05,/blocchi/1/tabella/righe/19/7,0.08,"FRED (BAMLC0A4CBBBEY); FRED (DFII10); FRED (DTWEXBGS); FRED (NASDAQCOM); FRED (SP500); FRED (T10Y2Y); DefiLlama (value locked, stablecoins, fees); Coin Metrics Community Data (Bitcoin price)","""2026-09-27""",CC BY 4.0,https://creativecommons.org/licenses/by/4.0/,Luca Valente,"CC BY 4.0 applies to the original compilation and editorial work by Luca Valente. Underlying third-party data retain their source terms, including Coin Metrics CC BY-NC 4.0 where indicated; this export does not replace those terms."
macro_x_crypto,2026-10-05,/blocchi/1/tabella/righe/20/0,"""Nasdaq Composite""","FRED (BAMLC0A4CBBBEY); FRED (DFII10); FRED (DTWEXBGS); FRED (NASDAQCOM); FRED (SP500); FRED (T10Y2Y); DefiLlama (value locked, stablecoins, fees); Coin Metrics Community Data (Bitcoin price)","""2026-09-27""",CC BY 4.0,https://creativecommons.org/licenses/by/4.0/,Luca Valente,"CC BY 4.0 applies to the original compilation and editorial work by Luca Valente. Underlying third-party data retain their source terms, including Coin Metrics CC BY-NC 4.0 where indicated; this export does not replace those terms."
macro_x_crypto,2026-10-05,/blocchi/1/tabella/righe/20/1,"""Bitcoin price""","FRED (BAMLC0A4CBBBEY); FRED (DFII10); FRED (DTWEXBGS); FRED (NASDAQCOM); FRED (SP500); FRED (T10Y2Y); DefiLlama (value locked, stablecoins, fees); Coin Metrics Community Data (Bitcoin price)","""2026-09-27""",CC BY 4.0,https://creativecommons.org/licenses/by/4.0/,Luca Valente,"CC BY 4.0 applies to the original compilation and editorial work by Luca Valente. Underlying third-party data retain their source terms, including Coin Metrics CC BY-NC 4.0 where indicated; this export does not replace those terms."
macro_x_crypto,2026-10-05,/blocchi/1/tabella/righe/20/2,-0.19,"FRED (BAMLC0A4CBBBEY); FRED (DFII10); FRED (DTWEXBGS); FRED (NASDAQCOM); FRED (SP500); FRED (T10Y2Y); DefiLlama (value locked, stablecoins, fees); Coin Metrics Community Data (Bitcoin price)","""2026-09-27""",CC BY 4.0,https://creativecommons.org/licenses/by/4.0/,Luca Valente,"CC BY 4.0 applies to the original compilation and editorial work by Luca Valente. Underlying third-party data retain their source terms, including Coin Metrics CC BY-NC 4.0 where indicated; this export does not replace those terms."
macro_x_crypto,2026-10-05,/blocchi/1/tabella/righe/20/3,0.77,"FRED (BAMLC0A4CBBBEY); FRED (DFII10); FRED (DTWEXBGS); FRED (NASDAQCOM); FRED (SP500); FRED (T10Y2Y); DefiLlama (value locked, stablecoins, fees); Coin Metrics Community Data (Bitcoin price)","""2026-09-27""",CC BY 4.0,https://creativecommons.org/licenses/by/4.0/,Luca Valente,"CC BY 4.0 applies to the original compilation and editorial work by Luca Valente. Underlying third-party data retain their source terms, including Coin Metrics CC BY-NC 4.0 where indicated; this export does not replace those terms."
macro_x_crypto,2026-10-05,/blocchi/1/tabella/righe/20/4,0.31,"FRED (BAMLC0A4CBBBEY); FRED (DFII10); FRED (DTWEXBGS); FRED (NASDAQCOM); FRED (SP500); FRED (T10Y2Y); DefiLlama (value locked, stablecoins, fees); Coin Metrics Community Data (Bitcoin price)","""2026-09-27""",CC BY 4.0,https://creativecommons.org/licenses/by/4.0/,Luca Valente,"CC BY 4.0 applies to the original compilation and editorial work by Luca Valente. Underlying third-party data retain their source terms, including Coin Metrics CC BY-NC 4.0 where indicated; this export does not replace those terms."
macro_x_crypto,2026-10-05,/blocchi/1/tabella/righe/20/5,"""8 of 13""","FRED (BAMLC0A4CBBBEY); FRED (DFII10); FRED (DTWEXBGS); FRED (NASDAQCOM); FRED (SP500); FRED (T10Y2Y); DefiLlama (value locked, stablecoins, fees); Coin Metrics Community Data (Bitcoin price)","""2026-09-27""",CC BY 4.0,https://creativecommons.org/licenses/by/4.0/,Luca Valente,"CC BY 4.0 applies to the original compilation and editorial work by Luca Valente. Underlying third-party data retain their source terms, including Coin Metrics CC BY-NC 4.0 where indicated; this export does not replace those terms."
macro_x_crypto,2026-10-05,/blocchi/1/tabella/righe/20/6,-0.19,"FRED (BAMLC0A4CBBBEY); FRED (DFII10); FRED (DTWEXBGS); FRED (NASDAQCOM); FRED (SP500); FRED (T10Y2Y); DefiLlama (value locked, stablecoins, fees); Coin Metrics Community Data (Bitcoin price)","""2026-09-27""",CC BY 4.0,https://creativecommons.org/licenses/by/4.0/,Luca Valente,"CC BY 4.0 applies to the original compilation and editorial work by Luca Valente. Underlying third-party data retain their source terms, including Coin Metrics CC BY-NC 4.0 where indicated; this export does not replace those terms."
macro_x_crypto,2026-10-05,/blocchi/1/tabella/righe/20/7,0.73,"FRED (BAMLC0A4CBBBEY); FRED (DFII10); FRED (DTWEXBGS); FRED (NASDAQCOM); FRED (SP500); FRED (T10Y2Y); DefiLlama (value locked, stablecoins, fees); Coin Metrics Community Data (Bitcoin price)","""2026-09-27""",CC BY 4.0,https://creativecommons.org/licenses/by/4.0/,Luca Valente,"CC BY 4.0 applies to the original compilation and editorial work by Luca Valente. Underlying third-party data retain their source terms, including Coin Metrics CC BY-NC 4.0 where indicated; this export does not replace those terms."
macro_x_crypto,2026-10-05,/blocchi/1/tabella/righe/21/0,"""Nasdaq Composite""","FRED (BAMLC0A4CBBBEY); FRED (DFII10); FRED (DTWEXBGS); FRED (NASDAQCOM); FRED (SP500); FRED (T10Y2Y); DefiLlama (value locked, stablecoins, fees); Coin Metrics Community Data (Bitcoin price)","""2026-09-27""",CC BY 4.0,https://creativecommons.org/licenses/by/4.0/,Luca Valente,"CC BY 4.0 applies to the original compilation and editorial work by Luca Valente. Underlying third-party data retain their source terms, including Coin Metrics CC BY-NC 4.0 where indicated; this export does not replace those terms."
macro_x_crypto,2026-10-05,/blocchi/1/tabella/righe/21/1,"""DeFi value locked""","FRED (BAMLC0A4CBBBEY); FRED (DFII10); FRED (DTWEXBGS); FRED (NASDAQCOM); FRED (SP500); FRED (T10Y2Y); DefiLlama (value locked, stablecoins, fees); Coin Metrics Community Data (Bitcoin price)","""2026-09-27""",CC BY 4.0,https://creativecommons.org/licenses/by/4.0/,Luca Valente,"CC BY 4.0 applies to the original compilation and editorial work by Luca Valente. Underlying third-party data retain their source terms, including Coin Metrics CC BY-NC 4.0 where indicated; this export does not replace those terms."
macro_x_crypto,2026-10-05,/blocchi/1/tabella/righe/21/2,-0.25,"FRED (BAMLC0A4CBBBEY); FRED (DFII10); FRED (DTWEXBGS); FRED (NASDAQCOM); FRED (SP500); FRED (T10Y2Y); DefiLlama (value locked, stablecoins, fees); Coin Metrics Community Data (Bitcoin price)","""2026-09-27""",CC BY 4.0,https://creativecommons.org/licenses/by/4.0/,Luca Valente,"CC BY 4.0 applies to the original compilation and editorial work by Luca Valente. Underlying third-party data retain their source terms, including Coin Metrics CC BY-NC 4.0 where indicated; this export does not replace those terms."
macro_x_crypto,2026-10-05,/blocchi/1/tabella/righe/21/3,0.53,"FRED (BAMLC0A4CBBBEY); FRED (DFII10); FRED (DTWEXBGS); FRED (NASDAQCOM); FRED (SP500); FRED (T10Y2Y); DefiLlama (value locked, stablecoins, fees); Coin Metrics Community Data (Bitcoin price)","""2026-09-27""",CC BY 4.0,https://creativecommons.org/licenses/by/4.0/,Luca Valente,"CC BY 4.0 applies to the original compilation and editorial work by Luca Valente. Underlying third-party data retain their source terms, including Coin Metrics CC BY-NC 4.0 where indicated; this export does not replace those terms."
macro_x_crypto,2026-10-05,/blocchi/1/tabella/righe/21/4,0.15,"FRED (BAMLC0A4CBBBEY); FRED (DFII10); FRED (DTWEXBGS); FRED (NASDAQCOM); FRED (SP500); FRED (T10Y2Y); DefiLlama (value locked, stablecoins, fees); Coin Metrics Community Data (Bitcoin price)","""2026-09-27""",CC BY 4.0,https://creativecommons.org/licenses/by/4.0/,Luca Valente,"CC BY 4.0 applies to the original compilation and editorial work by Luca Valente. Underlying third-party data retain their source terms, including Coin Metrics CC BY-NC 4.0 where indicated; this export does not replace those terms."
macro_x_crypto,2026-10-05,/blocchi/1/tabella/righe/21/5,"""6 of 13""","FRED (BAMLC0A4CBBBEY); FRED (DFII10); FRED (DTWEXBGS); FRED (NASDAQCOM); FRED (SP500); FRED (T10Y2Y); DefiLlama (value locked, stablecoins, fees); Coin Metrics Community Data (Bitcoin price)","""2026-09-27""",CC BY 4.0,https://creativecommons.org/licenses/by/4.0/,Luca Valente,"CC BY 4.0 applies to the original compilation and editorial work by Luca Valente. Underlying third-party data retain their source terms, including Coin Metrics CC BY-NC 4.0 where indicated; this export does not replace those terms."
macro_x_crypto,2026-10-05,/blocchi/1/tabella/righe/21/6,-0.25,"FRED (BAMLC0A4CBBBEY); FRED (DFII10); FRED (DTWEXBGS); FRED (NASDAQCOM); FRED (SP500); FRED (T10Y2Y); DefiLlama (value locked, stablecoins, fees); Coin Metrics Community Data (Bitcoin price)","""2026-09-27""",CC BY 4.0,https://creativecommons.org/licenses/by/4.0/,Luca Valente,"CC BY 4.0 applies to the original compilation and editorial work by Luca Valente. Underlying third-party data retain their source terms, including Coin Metrics CC BY-NC 4.0 where indicated; this export does not replace those terms."
macro_x_crypto,2026-10-05,/blocchi/1/tabella/righe/21/7,0.57,"FRED (BAMLC0A4CBBBEY); FRED (DFII10); FRED (DTWEXBGS); FRED (NASDAQCOM); FRED (SP500); FRED (T10Y2Y); DefiLlama (value locked, stablecoins, fees); Coin Metrics Community Data (Bitcoin price)","""2026-09-27""",CC BY 4.0,https://creativecommons.org/licenses/by/4.0/,Luca Valente,"CC BY 4.0 applies to the original compilation and editorial work by Luca Valente. Underlying third-party data retain their source terms, including Coin Metrics CC BY-NC 4.0 where indicated; this export does not replace those terms."
macro_x_crypto,2026-10-05,/blocchi/1/tabella/righe/22/0,"""Nasdaq Composite""","FRED (BAMLC0A4CBBBEY); FRED (DFII10); FRED (DTWEXBGS); FRED (NASDAQCOM); FRED (SP500); FRED (T10Y2Y); DefiLlama (value locked, stablecoins, fees); Coin Metrics Community Data (Bitcoin price)","""2026-09-27""",CC BY 4.0,https://creativecommons.org/licenses/by/4.0/,Luca Valente,"CC BY 4.0 applies to the original compilation and editorial work by Luca Valente. Underlying third-party data retain their source terms, including Coin Metrics CC BY-NC 4.0 where indicated; this export does not replace those terms."
macro_x_crypto,2026-10-05,/blocchi/1/tabella/righe/22/1,"""Stablecoin supply""","FRED (BAMLC0A4CBBBEY); FRED (DFII10); FRED (DTWEXBGS); FRED (NASDAQCOM); FRED (SP500); FRED (T10Y2Y); DefiLlama (value locked, stablecoins, fees); Coin Metrics Community Data (Bitcoin price)","""2026-09-27""",CC BY 4.0,https://creativecommons.org/licenses/by/4.0/,Luca Valente,"CC BY 4.0 applies to the original compilation and editorial work by Luca Valente. Underlying third-party data retain their source terms, including Coin Metrics CC BY-NC 4.0 where indicated; this export does not replace those terms."
macro_x_crypto,2026-10-05,/blocchi/1/tabella/righe/22/2,-0.07,"FRED (BAMLC0A4CBBBEY); FRED (DFII10); FRED (DTWEXBGS); FRED (NASDAQCOM); FRED (SP500); FRED (T10Y2Y); DefiLlama (value locked, stablecoins, fees); Coin Metrics Community Data (Bitcoin price)","""2026-09-27""",CC BY 4.0,https://creativecommons.org/licenses/by/4.0/,Luca Valente,"CC BY 4.0 applies to the original compilation and editorial work by Luca Valente. Underlying third-party data retain their source terms, including Coin Metrics CC BY-NC 4.0 where indicated; this export does not replace those terms."
macro_x_crypto,2026-10-05,/blocchi/1/tabella/righe/22/3,0.83,"FRED (BAMLC0A4CBBBEY); FRED (DFII10); FRED (DTWEXBGS); FRED (NASDAQCOM); FRED (SP500); FRED (T10Y2Y); DefiLlama (value locked, stablecoins, fees); Coin Metrics Community Data (Bitcoin price)","""2026-09-27""",CC BY 4.0,https://creativecommons.org/licenses/by/4.0/,Luca Valente,"CC BY 4.0 applies to the original compilation and editorial work by Luca Valente. Underlying third-party data retain their source terms, including Coin Metrics CC BY-NC 4.0 where indicated; this export does not replace those terms."
macro_x_crypto,2026-10-05,/blocchi/1/tabella/righe/22/4,0.52,"FRED (BAMLC0A4CBBBEY); FRED (DFII10); FRED (DTWEXBGS); FRED (NASDAQCOM); FRED (SP500); FRED (T10Y2Y); DefiLlama (value locked, stablecoins, fees); Coin Metrics Community Data (Bitcoin price)","""2026-09-27""",CC BY 4.0,https://creativecommons.org/licenses/by/4.0/,Luca Valente,"CC BY 4.0 applies to the original compilation and editorial work by Luca Valente. Underlying third-party data retain their source terms, including Coin Metrics CC BY-NC 4.0 where indicated; this export does not replace those terms."
macro_x_crypto,2026-10-05,/blocchi/1/tabella/righe/22/5,"""7 of 13""","FRED (BAMLC0A4CBBBEY); FRED (DFII10); FRED (DTWEXBGS); FRED (NASDAQCOM); FRED (SP500); FRED (T10Y2Y); DefiLlama (value locked, stablecoins, fees); Coin Metrics Community Data (Bitcoin price)","""2026-09-27""",CC BY 4.0,https://creativecommons.org/licenses/by/4.0/,Luca Valente,"CC BY 4.0 applies to the original compilation and editorial work by Luca Valente. Underlying third-party data retain their source terms, including Coin Metrics CC BY-NC 4.0 where indicated; this export does not replace those terms."
macro_x_crypto,2026-10-05,/blocchi/1/tabella/righe/22/6,-0.07,"FRED (BAMLC0A4CBBBEY); FRED (DFII10); FRED (DTWEXBGS); FRED (NASDAQCOM); FRED (SP500); FRED (T10Y2Y); DefiLlama (value locked, stablecoins, fees); Coin Metrics Community Data (Bitcoin price)","""2026-09-27""",CC BY 4.0,https://creativecommons.org/licenses/by/4.0/,Luca Valente,"CC BY 4.0 applies to the original compilation and editorial work by Luca Valente. Underlying third-party data retain their source terms, including Coin Metrics CC BY-NC 4.0 where indicated; this export does not replace those terms."
macro_x_crypto,2026-10-05,/blocchi/1/tabella/righe/22/7,0.77,"FRED (BAMLC0A4CBBBEY); FRED (DFII10); FRED (DTWEXBGS); FRED (NASDAQCOM); FRED (SP500); FRED (T10Y2Y); DefiLlama (value locked, stablecoins, fees); Coin Metrics Community Data (Bitcoin price)","""2026-09-27""",CC BY 4.0,https://creativecommons.org/licenses/by/4.0/,Luca Valente,"CC BY 4.0 applies to the original compilation and editorial work by Luca Valente. Underlying third-party data retain their source terms, including Coin Metrics CC BY-NC 4.0 where indicated; this export does not replace those terms."
macro_x_crypto,2026-10-05,/blocchi/1/tabella/righe/23/0,"""Nasdaq Composite""","FRED (BAMLC0A4CBBBEY); FRED (DFII10); FRED (DTWEXBGS); FRED (NASDAQCOM); FRED (SP500); FRED (T10Y2Y); DefiLlama (value locked, stablecoins, fees); Coin Metrics Community Data (Bitcoin price)","""2026-09-27""",CC BY 4.0,https://creativecommons.org/licenses/by/4.0/,Luca Valente,"CC BY 4.0 applies to the original compilation and editorial work by Luca Valente. Underlying third-party data retain their source terms, including Coin Metrics CC BY-NC 4.0 where indicated; this export does not replace those terms."
macro_x_crypto,2026-10-05,/blocchi/1/tabella/righe/23/1,"""Fees paid to protocols, weekly""","FRED (BAMLC0A4CBBBEY); FRED (DFII10); FRED (DTWEXBGS); FRED (NASDAQCOM); FRED (SP500); FRED (T10Y2Y); DefiLlama (value locked, stablecoins, fees); Coin Metrics Community Data (Bitcoin price)","""2026-09-27""",CC BY 4.0,https://creativecommons.org/licenses/by/4.0/,Luca Valente,"CC BY 4.0 applies to the original compilation and editorial work by Luca Valente. Underlying third-party data retain their source terms, including Coin Metrics CC BY-NC 4.0 where indicated; this export does not replace those terms."
macro_x_crypto,2026-10-05,/blocchi/1/tabella/righe/23/2,-0.17,"FRED (BAMLC0A4CBBBEY); FRED (DFII10); FRED (DTWEXBGS); FRED (NASDAQCOM); FRED (SP500); FRED (T10Y2Y); DefiLlama (value locked, stablecoins, fees); Coin Metrics Community Data (Bitcoin price)","""2026-09-27""",CC BY 4.0,https://creativecommons.org/licenses/by/4.0/,Luca Valente,"CC BY 4.0 applies to the original compilation and editorial work by Luca Valente. Underlying third-party data retain their source terms, including Coin Metrics CC BY-NC 4.0 where indicated; this export does not replace those terms."
macro_x_crypto,2026-10-05,/blocchi/1/tabella/righe/23/3,0.05,"FRED (BAMLC0A4CBBBEY); FRED (DFII10); FRED (DTWEXBGS); FRED (NASDAQCOM); FRED (SP500); FRED (T10Y2Y); DefiLlama (value locked, stablecoins, fees); Coin Metrics Community Data (Bitcoin price)","""2026-09-27""",CC BY 4.0,https://creativecommons.org/licenses/by/4.0/,Luca Valente,"CC BY 4.0 applies to the original compilation and editorial work by Luca Valente. Underlying third-party data retain their source terms, including Coin Metrics CC BY-NC 4.0 where indicated; this export does not replace those terms."
macro_x_crypto,2026-10-05,/blocchi/1/tabella/righe/23/4,-0.06,"FRED (BAMLC0A4CBBBEY); FRED (DFII10); FRED (DTWEXBGS); FRED (NASDAQCOM); FRED (SP500); FRED (T10Y2Y); DefiLlama (value locked, stablecoins, fees); Coin Metrics Community Data (Bitcoin price)","""2026-09-27""",CC BY 4.0,https://creativecommons.org/licenses/by/4.0/,Luca Valente,"CC BY 4.0 applies to the original compilation and editorial work by Luca Valente. Underlying third-party data retain their source terms, including Coin Metrics CC BY-NC 4.0 where indicated; this export does not replace those terms."
macro_x_crypto,2026-10-05,/blocchi/1/tabella/righe/23/5,"""9 of 13""","FRED (BAMLC0A4CBBBEY); FRED (DFII10); FRED (DTWEXBGS); FRED (NASDAQCOM); FRED (SP500); FRED (T10Y2Y); DefiLlama (value locked, stablecoins, fees); Coin Metrics Community Data (Bitcoin price)","""2026-09-27""",CC BY 4.0,https://creativecommons.org/licenses/by/4.0/,Luca Valente,"CC BY 4.0 applies to the original compilation and editorial work by Luca Valente. Underlying third-party data retain their source terms, including Coin Metrics CC BY-NC 4.0 where indicated; this export does not replace those terms."
macro_x_crypto,2026-10-05,/blocchi/1/tabella/righe/23/6,-0.35,"FRED (BAMLC0A4CBBBEY); FRED (DFII10); FRED (DTWEXBGS); FRED (NASDAQCOM); FRED (SP500); FRED (T10Y2Y); DefiLlama (value locked, stablecoins, fees); Coin Metrics Community Data (Bitcoin price)","""2026-09-27""",CC BY 4.0,https://creativecommons.org/licenses/by/4.0/,Luca Valente,"CC BY 4.0 applies to the original compilation and editorial work by Luca Valente. Underlying third-party data retain their source terms, including Coin Metrics CC BY-NC 4.0 where indicated; this export does not replace those terms."
macro_x_crypto,2026-10-05,/blocchi/1/tabella/righe/23/7,0.08,"FRED (BAMLC0A4CBBBEY); FRED (DFII10); FRED (DTWEXBGS); FRED (NASDAQCOM); FRED (SP500); FRED (T10Y2Y); DefiLlama (value locked, stablecoins, fees); Coin Metrics Community Data (Bitcoin price)","""2026-09-27""",CC BY 4.0,https://creativecommons.org/licenses/by/4.0/,Luca Valente,"CC BY 4.0 applies to the original compilation and editorial work by Luca Valente. Underlying third-party data retain their source terms, including Coin Metrics CC BY-NC 4.0 where indicated; this export does not replace those terms."
macro_x_crypto,2026-10-05,/blocchi/1/nota,"""weekly changes over closed weeks; a 30-day window is not computed: weekly data would give 4 points. A correlation says two series moved together over the period, not that one moves the other""","FRED (BAMLC0A4CBBBEY); FRED (DFII10); FRED (DTWEXBGS); FRED (NASDAQCOM); FRED (SP500); FRED (T10Y2Y); DefiLlama (value locked, stablecoins, fees); Coin Metrics Community Data (Bitcoin price)","""2026-09-27""",CC BY 4.0,https://creativecommons.org/licenses/by/4.0/,Luca Valente,"CC BY 4.0 applies to the original compilation and editorial work by Luca Valente. Underlying third-party data retain their source terms, including Coin Metrics CC BY-NC 4.0 where indicated; this export does not replace those terms."
macro_x_crypto,2026-10-05,/frasi/0/id,"""correlazione_real_yield_10y_bitcoin""","FRED (BAMLC0A4CBBBEY); FRED (DFII10); FRED (DTWEXBGS); FRED (NASDAQCOM); FRED (SP500); FRED (T10Y2Y); DefiLlama (value locked, stablecoins, fees); Coin Metrics Community Data (Bitcoin price)","""2026-09-27""",CC BY 4.0,https://creativecommons.org/licenses/by/4.0/,Luca Valente,"CC BY 4.0 applies to the original compilation and editorial work by Luca Valente. Underlying third-party data retain their source terms, including Coin Metrics CC BY-NC 4.0 where indicated; this export does not replace those terms."
macro_x_crypto,2026-10-05,/frasi/0/testo,"""The 13-week correlation between US 10-year real yield and Bitcoin price was -0.25, from -0.56 13 weeks earlier""","FRED (BAMLC0A4CBBBEY); FRED (DFII10); FRED (DTWEXBGS); FRED (NASDAQCOM); FRED (SP500); FRED (T10Y2Y); DefiLlama (value locked, stablecoins, fees); Coin Metrics Community Data (Bitcoin price)","""2026-09-27""",CC BY 4.0,https://creativecommons.org/licenses/by/4.0/,Luca Valente,"CC BY 4.0 applies to the original compilation and editorial work by Luca Valente. Underlying third-party data retain their source terms, including Coin Metrics CC BY-NC 4.0 where indicated; this export does not replace those terms."
macro_x_crypto,2026-10-05,/frasi/0/modello,"""cruscotti.macro_x_crypto.correlazione""","FRED (BAMLC0A4CBBBEY); FRED (DFII10); FRED (DTWEXBGS); FRED (NASDAQCOM); FRED (SP500); FRED (T10Y2Y); DefiLlama (value locked, stablecoins, fees); Coin Metrics Community Data (Bitcoin price)","""2026-09-27""",CC BY 4.0,https://creativecommons.org/licenses/by/4.0/,Luca Valente,"CC BY 4.0 applies to the original compilation and editorial work by Luca Valente. Underlying third-party data retain their source terms, including Coin Metrics CC BY-NC 4.0 where indicated; this export does not replace those terms."
macro_x_crypto,2026-10-05,/frasi/0/contratto,"""contratto""","FRED (BAMLC0A4CBBBEY); FRED (DFII10); FRED (DTWEXBGS); FRED (NASDAQCOM); FRED (SP500); FRED (T10Y2Y); DefiLlama (value locked, stablecoins, fees); Coin Metrics Community Data (Bitcoin price)","""2026-09-27""",CC BY 4.0,https://creativecommons.org/licenses/by/4.0/,Luca Valente,"CC BY 4.0 applies to the original compilation and editorial work by Luca Valente. Underlying third-party data retain their source terms, including Coin Metrics CC BY-NC 4.0 where indicated; this export does not replace those terms."
macro_x_crypto,2026-10-05,/frasi/0/numeri/r,-0.25,"FRED (BAMLC0A4CBBBEY); FRED (DFII10); FRED (DTWEXBGS); FRED (NASDAQCOM); FRED (SP500); FRED (T10Y2Y); DefiLlama (value locked, stablecoins, fees); Coin Metrics Community Data (Bitcoin price)","""2026-09-27""",CC BY 4.0,https://creativecommons.org/licenses/by/4.0/,Luca Valente,"CC BY 4.0 applies to the original compilation and editorial work by Luca Valente. Underlying third-party data retain their source terms, including Coin Metrics CC BY-NC 4.0 where indicated; this export does not replace those terms."
macro_x_crypto,2026-10-05,/frasi/0/numeri/r_prima,-0.56,"FRED (BAMLC0A4CBBBEY); FRED (DFII10); FRED (DTWEXBGS); FRED (NASDAQCOM); FRED (SP500); FRED (T10Y2Y); DefiLlama (value locked, stablecoins, fees); Coin Metrics Community Data (Bitcoin price)","""2026-09-27""",CC BY 4.0,https://creativecommons.org/licenses/by/4.0/,Luca Valente,"CC BY 4.0 applies to the original compilation and editorial work by Luca Valente. Underlying third-party data retain their source terms, including Coin Metrics CC BY-NC 4.0 where indicated; this export does not replace those terms."
macro_x_crypto,2026-10-05,/frasi/0/numeri/settimane,13,"FRED (BAMLC0A4CBBBEY); FRED (DFII10); FRED (DTWEXBGS); FRED (NASDAQCOM); FRED (SP500); FRED (T10Y2Y); DefiLlama (value locked, stablecoins, fees); Coin Metrics Community Data (Bitcoin price)","""2026-09-27""",CC BY 4.0,https://creativecommons.org/licenses/by/4.0/,Luca Valente,"CC BY 4.0 applies to the original compilation and editorial work by Luca Valente. Underlying third-party data retain their source terms, including Coin Metrics CC BY-NC 4.0 where indicated; this export does not replace those terms."
macro_x_crypto,2026-10-05,/frasi/0/misura,"""correlazione""","FRED (BAMLC0A4CBBBEY); FRED (DFII10); FRED (DTWEXBGS); FRED (NASDAQCOM); FRED (SP500); FRED (T10Y2Y); DefiLlama (value locked, stablecoins, fees); Coin Metrics Community Data (Bitcoin price)","""2026-09-27""",CC BY 4.0,https://creativecommons.org/licenses/by/4.0/,Luca Valente,"CC BY 4.0 applies to the original compilation and editorial work by Luca Valente. Underlying third-party data retain their source terms, including Coin Metrics CC BY-NC 4.0 where indicated; this export does not replace those terms."
macro_x_crypto,2026-10-05,/frasi/0/finestra_giorni,90,"FRED (BAMLC0A4CBBBEY); FRED (DFII10); FRED (DTWEXBGS); FRED (NASDAQCOM); FRED (SP500); FRED (T10Y2Y); DefiLlama (value locked, stablecoins, fees); Coin Metrics Community Data (Bitcoin price)","""2026-09-27""",CC BY 4.0,https://creativecommons.org/licenses/by/4.0/,Luca Valente,"CC BY 4.0 applies to the original compilation and editorial work by Luca Valente. Underlying third-party data retain their source terms, including Coin Metrics CC BY-NC 4.0 where indicated; this export does not replace those terms."
macro_x_crypto,2026-10-05,/frasi/0/base,13,"FRED (BAMLC0A4CBBBEY); FRED (DFII10); FRED (DTWEXBGS); FRED (NASDAQCOM); FRED (SP500); FRED (T10Y2Y); DefiLlama (value locked, stablecoins, fees); Coin Metrics Community Data (Bitcoin price)","""2026-09-27""",CC BY 4.0,https://creativecommons.org/licenses/by/4.0/,Luca Valente,"CC BY 4.0 applies to the original compilation and editorial work by Luca Valente. Underlying third-party data retain their source terms, including Coin Metrics CC BY-NC 4.0 where indicated; this export does not replace those terms."
macro_x_crypto,2026-10-05,/frasi/0/base_minima,11,"FRED (BAMLC0A4CBBBEY); FRED (DFII10); FRED (DTWEXBGS); FRED (NASDAQCOM); FRED (SP500); FRED (T10Y2Y); DefiLlama (value locked, stablecoins, fees); Coin Metrics Community Data (Bitcoin price)","""2026-09-27""",CC BY 4.0,https://creativecommons.org/licenses/by/4.0/,Luca Valente,"CC BY 4.0 applies to the original compilation and editorial work by Luca Valente. Underlying third-party data retain their source terms, including Coin Metrics CC BY-NC 4.0 where indicated; this export does not replace those terms."
macro_x_crypto,2026-10-05,/frasi/0/cancello,"""passa""","FRED (BAMLC0A4CBBBEY); FRED (DFII10); FRED (DTWEXBGS); FRED (NASDAQCOM); FRED (SP500); FRED (T10Y2Y); DefiLlama (value locked, stablecoins, fees); Coin Metrics Community Data (Bitcoin price)","""2026-09-27""",CC BY 4.0,https://creativecommons.org/licenses/by/4.0/,Luca Valente,"CC BY 4.0 applies to the original compilation and editorial work by Luca Valente. Underlying third-party data retain their source terms, including Coin Metrics CC BY-NC 4.0 where indicated; this export does not replace those terms."
macro_x_crypto,2026-10-05,/frasi/1/id,"""direzione_real_yield_10y_bitcoin""","FRED (BAMLC0A4CBBBEY); FRED (DFII10); FRED (DTWEXBGS); FRED (NASDAQCOM); FRED (SP500); FRED (T10Y2Y); DefiLlama (value locked, stablecoins, fees); Coin Metrics Community Data (Bitcoin price)","""2026-09-27""",CC BY 4.0,https://creativecommons.org/licenses/by/4.0/,Luca Valente,"CC BY 4.0 applies to the original compilation and editorial work by Luca Valente. Underlying third-party data retain their source terms, including Coin Metrics CC BY-NC 4.0 where indicated; this export does not replace those terms."
macro_x_crypto,2026-10-05,/frasi/1/testo,"""Bitcoin price and US 10-year real yield moved in the same direction in 7 of the last 13 weeks""","FRED (BAMLC0A4CBBBEY); FRED (DFII10); FRED (DTWEXBGS); FRED (NASDAQCOM); FRED (SP500); FRED (T10Y2Y); DefiLlama (value locked, stablecoins, fees); Coin Metrics Community Data (Bitcoin price)","""2026-09-27""",CC BY 4.0,https://creativecommons.org/licenses/by/4.0/,Luca Valente,"CC BY 4.0 applies to the original compilation and editorial work by Luca Valente. Underlying third-party data retain their source terms, including Coin Metrics CC BY-NC 4.0 where indicated; this export does not replace those terms."
macro_x_crypto,2026-10-05,/frasi/1/modello,"""cruscotti.macro_x_crypto.stessa_direzione""","FRED (BAMLC0A4CBBBEY); FRED (DFII10); FRED (DTWEXBGS); FRED (NASDAQCOM); FRED (SP500); FRED (T10Y2Y); DefiLlama (value locked, stablecoins, fees); Coin Metrics Community Data (Bitcoin price)","""2026-09-27""",CC BY 4.0,https://creativecommons.org/licenses/by/4.0/,Luca Valente,"CC BY 4.0 applies to the original compilation and editorial work by Luca Valente. Underlying third-party data retain their source terms, including Coin Metrics CC BY-NC 4.0 where indicated; this export does not replace those terms."
macro_x_crypto,2026-10-05,/frasi/1/contratto,"""contratto""","FRED (BAMLC0A4CBBBEY); FRED (DFII10); FRED (DTWEXBGS); FRED (NASDAQCOM); FRED (SP500); FRED (T10Y2Y); DefiLlama (value locked, stablecoins, fees); Coin Metrics Community Data (Bitcoin price)","""2026-09-27""",CC BY 4.0,https://creativecommons.org/licenses/by/4.0/,Luca Valente,"CC BY 4.0 applies to the original compilation and editorial work by Luca Valente. Underlying third-party data retain their source terms, including Coin Metrics CC BY-NC 4.0 where indicated; this export does not replace those terms."
macro_x_crypto,2026-10-05,/frasi/1/numeri/stessa_direzione,7,"FRED (BAMLC0A4CBBBEY); FRED (DFII10); FRED (DTWEXBGS); FRED (NASDAQCOM); FRED (SP500); FRED (T10Y2Y); DefiLlama (value locked, stablecoins, fees); Coin Metrics Community Data (Bitcoin price)","""2026-09-27""",CC BY 4.0,https://creativecommons.org/licenses/by/4.0/,Luca Valente,"CC BY 4.0 applies to the original compilation and editorial work by Luca Valente. Underlying third-party data retain their source terms, including Coin Metrics CC BY-NC 4.0 where indicated; this export does not replace those terms."
macro_x_crypto,2026-10-05,/frasi/1/numeri/settimane,13,"FRED (BAMLC0A4CBBBEY); FRED (DFII10); FRED (DTWEXBGS); FRED (NASDAQCOM); FRED (SP500); FRED (T10Y2Y); DefiLlama (value locked, stablecoins, fees); Coin Metrics Community Data (Bitcoin price)","""2026-09-27""",CC BY 4.0,https://creativecommons.org/licenses/by/4.0/,Luca Valente,"CC BY 4.0 applies to the original compilation and editorial work by Luca Valente. Underlying third-party data retain their source terms, including Coin Metrics CC BY-NC 4.0 where indicated; this export does not replace those terms."
macro_x_crypto,2026-10-05,/frasi/1/misura,"""correlazione""","FRED (BAMLC0A4CBBBEY); FRED (DFII10); FRED (DTWEXBGS); FRED (NASDAQCOM); FRED (SP500); FRED (T10Y2Y); DefiLlama (value locked, stablecoins, fees); Coin Metrics Community Data (Bitcoin price)","""2026-09-27""",CC BY 4.0,https://creativecommons.org/licenses/by/4.0/,Luca Valente,"CC BY 4.0 applies to the original compilation and editorial work by Luca Valente. Underlying third-party data retain their source terms, including Coin Metrics CC BY-NC 4.0 where indicated; this export does not replace those terms."
macro_x_crypto,2026-10-05,/frasi/1/finestra_giorni,90,"FRED (BAMLC0A4CBBBEY); FRED (DFII10); FRED (DTWEXBGS); FRED (NASDAQCOM); FRED (SP500); FRED (T10Y2Y); DefiLlama (value locked, stablecoins, fees); Coin Metrics Community Data (Bitcoin price)","""2026-09-27""",CC BY 4.0,https://creativecommons.org/licenses/by/4.0/,Luca Valente,"CC BY 4.0 applies to the original compilation and editorial work by Luca Valente. Underlying third-party data retain their source terms, including Coin Metrics CC BY-NC 4.0 where indicated; this export does not replace those terms."
macro_x_crypto,2026-10-05,/frasi/1/base,13,"FRED (BAMLC0A4CBBBEY); FRED (DFII10); FRED (DTWEXBGS); FRED (NASDAQCOM); FRED (SP500); FRED (T10Y2Y); DefiLlama (value locked, stablecoins, fees); Coin Metrics Community Data (Bitcoin price)","""2026-09-27""",CC BY 4.0,https://creativecommons.org/licenses/by/4.0/,Luca Valente,"CC BY 4.0 applies to the original compilation and editorial work by Luca Valente. Underlying third-party data retain their source terms, including Coin Metrics CC BY-NC 4.0 where indicated; this export does not replace those terms."
macro_x_crypto,2026-10-05,/frasi/1/base_minima,11,"FRED (BAMLC0A4CBBBEY); FRED (DFII10); FRED (DTWEXBGS); FRED (NASDAQCOM); FRED (SP500); FRED (T10Y2Y); DefiLlama (value locked, stablecoins, fees); Coin Metrics Community Data (Bitcoin price)","""2026-09-27""",CC BY 4.0,https://creativecommons.org/licenses/by/4.0/,Luca Valente,"CC BY 4.0 applies to the original compilation and editorial work by Luca Valente. Underlying third-party data retain their source terms, including Coin Metrics CC BY-NC 4.0 where indicated; this export does not replace those terms."
macro_x_crypto,2026-10-05,/frasi/1/cancello,"""passa""","FRED (BAMLC0A4CBBBEY); FRED (DFII10); FRED (DTWEXBGS); FRED (NASDAQCOM); FRED (SP500); FRED (T10Y2Y); DefiLlama (value locked, stablecoins, fees); Coin Metrics Community Data (Bitcoin price)","""2026-09-27""",CC BY 4.0,https://creativecommons.org/licenses/by/4.0/,Luca Valente,"CC BY 4.0 applies to the original compilation and editorial work by Luca Valente. Underlying third-party data retain their source terms, including Coin Metrics CC BY-NC 4.0 where indicated; this export does not replace those terms."
macro_x_crypto,2026-10-05,/frasi/2/id,"""stabile_real_yield_10y_bitcoin""","FRED (BAMLC0A4CBBBEY); FRED (DFII10); FRED (DTWEXBGS); FRED (NASDAQCOM); FRED (SP500); FRED (T10Y2Y); DefiLlama (value locked, stablecoins, fees); Coin Metrics Community Data (Bitcoin price)","""2026-09-27""",CC BY 4.0,https://creativecommons.org/licenses/by/4.0/,Luca Valente,"CC BY 4.0 applies to the original compilation and editorial work by Luca Valente. Underlying third-party data retain their source terms, including Coin Metrics CC BY-NC 4.0 where indicated; this export does not replace those terms."
macro_x_crypto,2026-10-05,/frasi/2/testo,"""The correlation between US 10-year real yield and Bitcoin price stayed between -0.38 and -0.07 over the last 13 weeks""","FRED (BAMLC0A4CBBBEY); FRED (DFII10); FRED (DTWEXBGS); FRED (NASDAQCOM); FRED (SP500); FRED (T10Y2Y); DefiLlama (value locked, stablecoins, fees); Coin Metrics Community Data (Bitcoin price)","""2026-09-27""",CC BY 4.0,https://creativecommons.org/licenses/by/4.0/,Luca Valente,"CC BY 4.0 applies to the original compilation and editorial work by Luca Valente. Underlying third-party data retain their source terms, including Coin Metrics CC BY-NC 4.0 where indicated; this export does not replace those terms."
macro_x_crypto,2026-10-05,/frasi/2/modello,"""cruscotti.macro_x_crypto.stabile""","FRED (BAMLC0A4CBBBEY); FRED (DFII10); FRED (DTWEXBGS); FRED (NASDAQCOM); FRED (SP500); FRED (T10Y2Y); DefiLlama (value locked, stablecoins, fees); Coin Metrics Community Data (Bitcoin price)","""2026-09-27""",CC BY 4.0,https://creativecommons.org/licenses/by/4.0/,Luca Valente,"CC BY 4.0 applies to the original compilation and editorial work by Luca Valente. Underlying third-party data retain their source terms, including Coin Metrics CC BY-NC 4.0 where indicated; this export does not replace those terms."
macro_x_crypto,2026-10-05,/frasi/2/contratto,"""contratto""","FRED (BAMLC0A4CBBBEY); FRED (DFII10); FRED (DTWEXBGS); FRED (NASDAQCOM); FRED (SP500); FRED (T10Y2Y); DefiLlama (value locked, stablecoins, fees); Coin Metrics Community Data (Bitcoin price)","""2026-09-27""",CC BY 4.0,https://creativecommons.org/licenses/by/4.0/,Luca Valente,"CC BY 4.0 applies to the original compilation and editorial work by Luca Valente. Underlying third-party data retain their source terms, including Coin Metrics CC BY-NC 4.0 where indicated; this export does not replace those terms."
macro_x_crypto,2026-10-05,/frasi/2/numeri/minimo,-0.38,"FRED (BAMLC0A4CBBBEY); FRED (DFII10); FRED (DTWEXBGS); FRED (NASDAQCOM); FRED (SP500); FRED (T10Y2Y); DefiLlama (value locked, stablecoins, fees); Coin Metrics Community Data (Bitcoin price)","""2026-09-27""",CC BY 4.0,https://creativecommons.org/licenses/by/4.0/,Luca Valente,"CC BY 4.0 applies to the original compilation and editorial work by Luca Valente. Underlying third-party data retain their source terms, including Coin Metrics CC BY-NC 4.0 where indicated; this export does not replace those terms."
macro_x_crypto,2026-10-05,/frasi/2/numeri/massimo,-0.07,"FRED (BAMLC0A4CBBBEY); FRED (DFII10); FRED (DTWEXBGS); FRED (NASDAQCOM); FRED (SP500); FRED (T10Y2Y); DefiLlama (value locked, stablecoins, fees); Coin Metrics Community Data (Bitcoin price)","""2026-09-27""",CC BY 4.0,https://creativecommons.org/licenses/by/4.0/,Luca Valente,"CC BY 4.0 applies to the original compilation and editorial work by Luca Valente. Underlying third-party data retain their source terms, including Coin Metrics CC BY-NC 4.0 where indicated; this export does not replace those terms."
macro_x_crypto,2026-10-05,/frasi/2/misura,"""correlazione""","FRED (BAMLC0A4CBBBEY); FRED (DFII10); FRED (DTWEXBGS); FRED (NASDAQCOM); FRED (SP500); FRED (T10Y2Y); DefiLlama (value locked, stablecoins, fees); Coin Metrics Community Data (Bitcoin price)","""2026-09-27""",CC BY 4.0,https://creativecommons.org/licenses/by/4.0/,Luca Valente,"CC BY 4.0 applies to the original compilation and editorial work by Luca Valente. Underlying third-party data retain their source terms, including Coin Metrics CC BY-NC 4.0 where indicated; this export does not replace those terms."
macro_x_crypto,2026-10-05,/frasi/2/finestra_giorni,90,"FRED (BAMLC0A4CBBBEY); FRED (DFII10); FRED (DTWEXBGS); FRED (NASDAQCOM); FRED (SP500); FRED (T10Y2Y); DefiLlama (value locked, stablecoins, fees); Coin Metrics Community Data (Bitcoin price)","""2026-09-27""",CC BY 4.0,https://creativecommons.org/licenses/by/4.0/,Luca Valente,"CC BY 4.0 applies to the original compilation and editorial work by Luca Valente. Underlying third-party data retain their source terms, including Coin Metrics CC BY-NC 4.0 where indicated; this export does not replace those terms."
macro_x_crypto,2026-10-05,/frasi/2/base,13,"FRED (BAMLC0A4CBBBEY); FRED (DFII10); FRED (DTWEXBGS); FRED (NASDAQCOM); FRED (SP500); FRED (T10Y2Y); DefiLlama (value locked, stablecoins, fees); Coin Metrics Community Data (Bitcoin price)","""2026-09-27""",CC BY 4.0,https://creativecommons.org/licenses/by/4.0/,Luca Valente,"CC BY 4.0 applies to the original compilation and editorial work by Luca Valente. Underlying third-party data retain their source terms, including Coin Metrics CC BY-NC 4.0 where indicated; this export does not replace those terms."
macro_x_crypto,2026-10-05,/frasi/2/base_minima,11,"FRED (BAMLC0A4CBBBEY); FRED (DFII10); FRED (DTWEXBGS); FRED (NASDAQCOM); FRED (SP500); FRED (T10Y2Y); DefiLlama (value locked, stablecoins, fees); Coin Metrics Community Data (Bitcoin price)","""2026-09-27""",CC BY 4.0,https://creativecommons.org/licenses/by/4.0/,Luca Valente,"CC BY 4.0 applies to the original compilation and editorial work by Luca Valente. Underlying third-party data retain their source terms, including Coin Metrics CC BY-NC 4.0 where indicated; this export does not replace those terms."
macro_x_crypto,2026-10-05,/frasi/2/cancello,"""passa""","FRED (BAMLC0A4CBBBEY); FRED (DFII10); FRED (DTWEXBGS); FRED (NASDAQCOM); FRED (SP500); FRED (T10Y2Y); DefiLlama (value locked, stablecoins, fees); Coin Metrics Community Data (Bitcoin price)","""2026-09-27""",CC BY 4.0,https://creativecommons.org/licenses/by/4.0/,Luca Valente,"CC BY 4.0 applies to the original compilation and editorial work by Luca Valente. Underlying third-party data retain their source terms, including Coin Metrics CC BY-NC 4.0 where indicated; this export does not replace those terms."
macro_x_crypto,2026-10-05,/frasi/3/id,"""correlazione_dollar_index_bitcoin""","FRED (BAMLC0A4CBBBEY); FRED (DFII10); FRED (DTWEXBGS); FRED (NASDAQCOM); FRED (SP500); FRED (T10Y2Y); DefiLlama (value locked, stablecoins, fees); Coin Metrics Community Data (Bitcoin price)","""2026-09-27""",CC BY 4.0,https://creativecommons.org/licenses/by/4.0/,Luca Valente,"CC BY 4.0 applies to the original compilation and editorial work by Luca Valente. Underlying third-party data retain their source terms, including Coin Metrics CC BY-NC 4.0 where indicated; this export does not replace those terms."
macro_x_crypto,2026-10-05,/frasi/3/testo,"""The 13-week correlation between US dollar index (broad) and Bitcoin price was -0.15, from -0.61 13 weeks earlier""","FRED (BAMLC0A4CBBBEY); FRED (DFII10); FRED (DTWEXBGS); FRED (NASDAQCOM); FRED (SP500); FRED (T10Y2Y); DefiLlama (value locked, stablecoins, fees); Coin Metrics Community Data (Bitcoin price)","""2026-09-27""",CC BY 4.0,https://creativecommons.org/licenses/by/4.0/,Luca Valente,"CC BY 4.0 applies to the original compilation and editorial work by Luca Valente. Underlying third-party data retain their source terms, including Coin Metrics CC BY-NC 4.0 where indicated; this export does not replace those terms."
macro_x_crypto,2026-10-05,/frasi/3/modello,"""cruscotti.macro_x_crypto.correlazione""","FRED (BAMLC0A4CBBBEY); FRED (DFII10); FRED (DTWEXBGS); FRED (NASDAQCOM); FRED (SP500); FRED (T10Y2Y); DefiLlama (value locked, stablecoins, fees); Coin Metrics Community Data (Bitcoin price)","""2026-09-27""",CC BY 4.0,https://creativecommons.org/licenses/by/4.0/,Luca Valente,"CC BY 4.0 applies to the original compilation and editorial work by Luca Valente. Underlying third-party data retain their source terms, including Coin Metrics CC BY-NC 4.0 where indicated; this export does not replace those terms."
macro_x_crypto,2026-10-05,/frasi/3/contratto,"""contratto""","FRED (BAMLC0A4CBBBEY); FRED (DFII10); FRED (DTWEXBGS); FRED (NASDAQCOM); FRED (SP500); FRED (T10Y2Y); DefiLlama (value locked, stablecoins, fees); Coin Metrics Community Data (Bitcoin price)","""2026-09-27""",CC BY 4.0,https://creativecommons.org/licenses/by/4.0/,Luca Valente,"CC BY 4.0 applies to the original compilation and editorial work by Luca Valente. Underlying third-party data retain their source terms, including Coin Metrics CC BY-NC 4.0 where indicated; this export does not replace those terms."
macro_x_crypto,2026-10-05,/frasi/3/numeri/r,-0.15,"FRED (BAMLC0A4CBBBEY); FRED (DFII10); FRED (DTWEXBGS); FRED (NASDAQCOM); FRED (SP500); FRED (T10Y2Y); DefiLlama (value locked, stablecoins, fees); Coin Metrics Community Data (Bitcoin price)","""2026-09-27""",CC BY 4.0,https://creativecommons.org/licenses/by/4.0/,Luca Valente,"CC BY 4.0 applies to the original compilation and editorial work by Luca Valente. Underlying third-party data retain their source terms, including Coin Metrics CC BY-NC 4.0 where indicated; this export does not replace those terms."
macro_x_crypto,2026-10-05,/frasi/3/numeri/r_prima,-0.61,"FRED (BAMLC0A4CBBBEY); FRED (DFII10); FRED (DTWEXBGS); FRED (NASDAQCOM); FRED (SP500); FRED (T10Y2Y); DefiLlama (value locked, stablecoins, fees); Coin Metrics Community Data (Bitcoin price)","""2026-09-27""",CC BY 4.0,https://creativecommons.org/licenses/by/4.0/,Luca Valente,"CC BY 4.0 applies to the original compilation and editorial work by Luca Valente. Underlying third-party data retain their source terms, including Coin Metrics CC BY-NC 4.0 where indicated; this export does not replace those terms."
macro_x_crypto,2026-10-05,/frasi/3/numeri/settimane,13,"FRED (BAMLC0A4CBBBEY); FRED (DFII10); FRED (DTWEXBGS); FRED (NASDAQCOM); FRED (SP500); FRED (T10Y2Y); DefiLlama (value locked, stablecoins, fees); Coin Metrics Community Data (Bitcoin price)","""2026-09-27""",CC BY 4.0,https://creativecommons.org/licenses/by/4.0/,Luca Valente,"CC BY 4.0 applies to the original compilation and editorial work by Luca Valente. Underlying third-party data retain their source terms, including Coin Metrics CC BY-NC 4.0 where indicated; this export does not replace those terms."
macro_x_crypto,2026-10-05,/frasi/3/misura,"""correlazione""","FRED (BAMLC0A4CBBBEY); FRED (DFII10); FRED (DTWEXBGS); FRED (NASDAQCOM); FRED (SP500); FRED (T10Y2Y); DefiLlama (value locked, stablecoins, fees); Coin Metrics Community Data (Bitcoin price)","""2026-09-27""",CC BY 4.0,https://creativecommons.org/licenses/by/4.0/,Luca Valente,"CC BY 4.0 applies to the original compilation and editorial work by Luca Valente. Underlying third-party data retain their source terms, including Coin Metrics CC BY-NC 4.0 where indicated; this export does not replace those terms."
macro_x_crypto,2026-10-05,/frasi/3/finestra_giorni,90,"FRED (BAMLC0A4CBBBEY); FRED (DFII10); FRED (DTWEXBGS); FRED (NASDAQCOM); FRED (SP500); FRED (T10Y2Y); DefiLlama (value locked, stablecoins, fees); Coin Metrics Community Data (Bitcoin price)","""2026-09-27""",CC BY 4.0,https://creativecommons.org/licenses/by/4.0/,Luca Valente,"CC BY 4.0 applies to the original compilation and editorial work by Luca Valente. Underlying third-party data retain their source terms, including Coin Metrics CC BY-NC 4.0 where indicated; this export does not replace those terms."
macro_x_crypto,2026-10-05,/frasi/3/base,13,"FRED (BAMLC0A4CBBBEY); FRED (DFII10); FRED (DTWEXBGS); FRED (NASDAQCOM); FRED (SP500); FRED (T10Y2Y); DefiLlama (value locked, stablecoins, fees); Coin Metrics Community Data (Bitcoin price)","""2026-09-27""",CC BY 4.0,https://creativecommons.org/licenses/by/4.0/,Luca Valente,"CC BY 4.0 applies to the original compilation and editorial work by Luca Valente. Underlying third-party data retain their source terms, including Coin Metrics CC BY-NC 4.0 where indicated; this export does not replace those terms."
macro_x_crypto,2026-10-05,/frasi/3/base_minima,11,"FRED (BAMLC0A4CBBBEY); FRED (DFII10); FRED (DTWEXBGS); FRED (NASDAQCOM); FRED (SP500); FRED (T10Y2Y); DefiLlama (value locked, stablecoins, fees); Coin Metrics Community Data (Bitcoin price)","""2026-09-27""",CC BY 4.0,https://creativecommons.org/licenses/by/4.0/,Luca Valente,"CC BY 4.0 applies to the original compilation and editorial work by Luca Valente. Underlying third-party data retain their source terms, including Coin Metrics CC BY-NC 4.0 where indicated; this export does not replace those terms."
macro_x_crypto,2026-10-05,/frasi/3/cancello,"""passa""","FRED (BAMLC0A4CBBBEY); FRED (DFII10); FRED (DTWEXBGS); FRED (NASDAQCOM); FRED (SP500); FRED (T10Y2Y); DefiLlama (value locked, stablecoins, fees); Coin Metrics Community Data (Bitcoin price)","""2026-09-27""",CC BY 4.0,https://creativecommons.org/licenses/by/4.0/,Luca Valente,"CC BY 4.0 applies to the original compilation and editorial work by Luca Valente. Underlying third-party data retain their source terms, including Coin Metrics CC BY-NC 4.0 where indicated; this export does not replace those terms."
macro_x_crypto,2026-10-05,/frasi/4/id,"""direzione_dollar_index_bitcoin""","FRED (BAMLC0A4CBBBEY); FRED (DFII10); FRED (DTWEXBGS); FRED (NASDAQCOM); FRED (SP500); FRED (T10Y2Y); DefiLlama (value locked, stablecoins, fees); Coin Metrics Community Data (Bitcoin price)","""2026-09-27""",CC BY 4.0,https://creativecommons.org/licenses/by/4.0/,Luca Valente,"CC BY 4.0 applies to the original compilation and editorial work by Luca Valente. Underlying third-party data retain their source terms, including Coin Metrics CC BY-NC 4.0 where indicated; this export does not replace those terms."
macro_x_crypto,2026-10-05,/frasi/4/testo,"""Bitcoin price and US dollar index (broad) moved in the same direction in 7 of the last 13 weeks""","FRED (BAMLC0A4CBBBEY); FRED (DFII10); FRED (DTWEXBGS); FRED (NASDAQCOM); FRED (SP500); FRED (T10Y2Y); DefiLlama (value locked, stablecoins, fees); Coin Metrics Community Data (Bitcoin price)","""2026-09-27""",CC BY 4.0,https://creativecommons.org/licenses/by/4.0/,Luca Valente,"CC BY 4.0 applies to the original compilation and editorial work by Luca Valente. Underlying third-party data retain their source terms, including Coin Metrics CC BY-NC 4.0 where indicated; this export does not replace those terms."
macro_x_crypto,2026-10-05,/frasi/4/modello,"""cruscotti.macro_x_crypto.stessa_direzione""","FRED (BAMLC0A4CBBBEY); FRED (DFII10); FRED (DTWEXBGS); FRED (NASDAQCOM); FRED (SP500); FRED (T10Y2Y); DefiLlama (value locked, stablecoins, fees); Coin Metrics Community Data (Bitcoin price)","""2026-09-27""",CC BY 4.0,https://creativecommons.org/licenses/by/4.0/,Luca Valente,"CC BY 4.0 applies to the original compilation and editorial work by Luca Valente. Underlying third-party data retain their source terms, including Coin Metrics CC BY-NC 4.0 where indicated; this export does not replace those terms."
macro_x_crypto,2026-10-05,/frasi/4/contratto,"""contratto""","FRED (BAMLC0A4CBBBEY); FRED (DFII10); FRED (DTWEXBGS); FRED (NASDAQCOM); FRED (SP500); FRED (T10Y2Y); DefiLlama (value locked, stablecoins, fees); Coin Metrics Community Data (Bitcoin price)","""2026-09-27""",CC BY 4.0,https://creativecommons.org/licenses/by/4.0/,Luca Valente,"CC BY 4.0 applies to the original compilation and editorial work by Luca Valente. Underlying third-party data retain their source terms, including Coin Metrics CC BY-NC 4.0 where indicated; this export does not replace those terms."
macro_x_crypto,2026-10-05,/frasi/4/numeri/stessa_direzione,7,"FRED (BAMLC0A4CBBBEY); FRED (DFII10); FRED (DTWEXBGS); FRED (NASDAQCOM); FRED (SP500); FRED (T10Y2Y); DefiLlama (value locked, stablecoins, fees); Coin Metrics Community Data (Bitcoin price)","""2026-09-27""",CC BY 4.0,https://creativecommons.org/licenses/by/4.0/,Luca Valente,"CC BY 4.0 applies to the original compilation and editorial work by Luca Valente. Underlying third-party data retain their source terms, including Coin Metrics CC BY-NC 4.0 where indicated; this export does not replace those terms."
macro_x_crypto,2026-10-05,/frasi/4/numeri/settimane,13,"FRED (BAMLC0A4CBBBEY); FRED (DFII10); FRED (DTWEXBGS); FRED (NASDAQCOM); FRED (SP500); FRED (T10Y2Y); DefiLlama (value locked, stablecoins, fees); Coin Metrics Community Data (Bitcoin price)","""2026-09-27""",CC BY 4.0,https://creativecommons.org/licenses/by/4.0/,Luca Valente,"CC BY 4.0 applies to the original compilation and editorial work by Luca Valente. Underlying third-party data retain their source terms, including Coin Metrics CC BY-NC 4.0 where indicated; this export does not replace those terms."
macro_x_crypto,2026-10-05,/frasi/4/misura,"""correlazione""","FRED (BAMLC0A4CBBBEY); FRED (DFII10); FRED (DTWEXBGS); FRED (NASDAQCOM); FRED (SP500); FRED (T10Y2Y); DefiLlama (value locked, stablecoins, fees); Coin Metrics Community Data (Bitcoin price)","""2026-09-27""",CC BY 4.0,https://creativecommons.org/licenses/by/4.0/,Luca Valente,"CC BY 4.0 applies to the original compilation and editorial work by Luca Valente. Underlying third-party data retain their source terms, including Coin Metrics CC BY-NC 4.0 where indicated; this export does not replace those terms."
macro_x_crypto,2026-10-05,/frasi/4/finestra_giorni,90,"FRED (BAMLC0A4CBBBEY); FRED (DFII10); FRED (DTWEXBGS); FRED (NASDAQCOM); FRED (SP500); FRED (T10Y2Y); DefiLlama (value locked, stablecoins, fees); Coin Metrics Community Data (Bitcoin price)","""2026-09-27""",CC BY 4.0,https://creativecommons.org/licenses/by/4.0/,Luca Valente,"CC BY 4.0 applies to the original compilation and editorial work by Luca Valente. Underlying third-party data retain their source terms, including Coin Metrics CC BY-NC 4.0 where indicated; this export does not replace those terms."
macro_x_crypto,2026-10-05,/frasi/4/base,13,"FRED (BAMLC0A4CBBBEY); FRED (DFII10); FRED (DTWEXBGS); FRED (NASDAQCOM); FRED (SP500); FRED (T10Y2Y); DefiLlama (value locked, stablecoins, fees); Coin Metrics Community Data (Bitcoin price)","""2026-09-27""",CC BY 4.0,https://creativecommons.org/licenses/by/4.0/,Luca Valente,"CC BY 4.0 applies to the original compilation and editorial work by Luca Valente. Underlying third-party data retain their source terms, including Coin Metrics CC BY-NC 4.0 where indicated; this export does not replace those terms."
macro_x_crypto,2026-10-05,/frasi/4/base_minima,11,"FRED (BAMLC0A4CBBBEY); FRED (DFII10); FRED (DTWEXBGS); FRED (NASDAQCOM); FRED (SP500); FRED (T10Y2Y); DefiLlama (value locked, stablecoins, fees); Coin Metrics Community Data (Bitcoin price)","""2026-09-27""",CC BY 4.0,https://creativecommons.org/licenses/by/4.0/,Luca Valente,"CC BY 4.0 applies to the original compilation and editorial work by Luca Valente. Underlying third-party data retain their source terms, including Coin Metrics CC BY-NC 4.0 where indicated; this export does not replace those terms."
macro_x_crypto,2026-10-05,/frasi/4/cancello,"""passa""","FRED (BAMLC0A4CBBBEY); FRED (DFII10); FRED (DTWEXBGS); FRED (NASDAQCOM); FRED (SP500); FRED (T10Y2Y); DefiLlama (value locked, stablecoins, fees); Coin Metrics Community Data (Bitcoin price)","""2026-09-27""",CC BY 4.0,https://creativecommons.org/licenses/by/4.0/,Luca Valente,"CC BY 4.0 applies to the original compilation and editorial work by Luca Valente. Underlying third-party data retain their source terms, including Coin Metrics CC BY-NC 4.0 where indicated; this export does not replace those terms."
macro_x_crypto,2026-10-05,/frasi/5/id,"""stabile_dollar_index_bitcoin""","FRED (BAMLC0A4CBBBEY); FRED (DFII10); FRED (DTWEXBGS); FRED (NASDAQCOM); FRED (SP500); FRED (T10Y2Y); DefiLlama (value locked, stablecoins, fees); Coin Metrics Community Data (Bitcoin price)","""2026-09-27""",CC BY 4.0,https://creativecommons.org/licenses/by/4.0/,Luca Valente,"CC BY 4.0 applies to the original compilation and editorial work by Luca Valente. Underlying third-party data retain their source terms, including Coin Metrics CC BY-NC 4.0 where indicated; this export does not replace those terms."
macro_x_crypto,2026-10-05,/frasi/5/testo,"""The correlation between US dollar index (broad) and Bitcoin price stayed between -0.76 and -0.15 over the last 13 weeks""","FRED (BAMLC0A4CBBBEY); FRED (DFII10); FRED (DTWEXBGS); FRED (NASDAQCOM); FRED (SP500); FRED (T10Y2Y); DefiLlama (value locked, stablecoins, fees); Coin Metrics Community Data (Bitcoin price)","""2026-09-27""",CC BY 4.0,https://creativecommons.org/licenses/by/4.0/,Luca Valente,"CC BY 4.0 applies to the original compilation and editorial work by Luca Valente. Underlying third-party data retain their source terms, including Coin Metrics CC BY-NC 4.0 where indicated; this export does not replace those terms."
macro_x_crypto,2026-10-05,/frasi/5/modello,"""cruscotti.macro_x_crypto.stabile""","FRED (BAMLC0A4CBBBEY); FRED (DFII10); FRED (DTWEXBGS); FRED (NASDAQCOM); FRED (SP500); FRED (T10Y2Y); DefiLlama (value locked, stablecoins, fees); Coin Metrics Community Data (Bitcoin price)","""2026-09-27""",CC BY 4.0,https://creativecommons.org/licenses/by/4.0/,Luca Valente,"CC BY 4.0 applies to the original compilation and editorial work by Luca Valente. Underlying third-party data retain their source terms, including Coin Metrics CC BY-NC 4.0 where indicated; this export does not replace those terms."
macro_x_crypto,2026-10-05,/frasi/5/contratto,"""contratto""","FRED (BAMLC0A4CBBBEY); FRED (DFII10); FRED (DTWEXBGS); FRED (NASDAQCOM); FRED (SP500); FRED (T10Y2Y); DefiLlama (value locked, stablecoins, fees); Coin Metrics Community Data (Bitcoin price)","""2026-09-27""",CC BY 4.0,https://creativecommons.org/licenses/by/4.0/,Luca Valente,"CC BY 4.0 applies to the original compilation and editorial work by Luca Valente. Underlying third-party data retain their source terms, including Coin Metrics CC BY-NC 4.0 where indicated; this export does not replace those terms."
macro_x_crypto,2026-10-05,/frasi/5/numeri/minimo,-0.76,"FRED (BAMLC0A4CBBBEY); FRED (DFII10); FRED (DTWEXBGS); FRED (NASDAQCOM); FRED (SP500); FRED (T10Y2Y); DefiLlama (value locked, stablecoins, fees); Coin Metrics Community Data (Bitcoin price)","""2026-09-27""",CC BY 4.0,https://creativecommons.org/licenses/by/4.0/,Luca Valente,"CC BY 4.0 applies to the original compilation and editorial work by Luca Valente. Underlying third-party data retain their source terms, including Coin Metrics CC BY-NC 4.0 where indicated; this export does not replace those terms."
macro_x_crypto,2026-10-05,/frasi/5/numeri/massimo,-0.15,"FRED (BAMLC0A4CBBBEY); FRED (DFII10); FRED (DTWEXBGS); FRED (NASDAQCOM); FRED (SP500); FRED (T10Y2Y); DefiLlama (value locked, stablecoins, fees); Coin Metrics Community Data (Bitcoin price)","""2026-09-27""",CC BY 4.0,https://creativecommons.org/licenses/by/4.0/,Luca Valente,"CC BY 4.0 applies to the original compilation and editorial work by Luca Valente. Underlying third-party data retain their source terms, including Coin Metrics CC BY-NC 4.0 where indicated; this export does not replace those terms."
macro_x_crypto,2026-10-05,/frasi/5/misura,"""correlazione""","FRED (BAMLC0A4CBBBEY); FRED (DFII10); FRED (DTWEXBGS); FRED (NASDAQCOM); FRED (SP500); FRED (T10Y2Y); DefiLlama (value locked, stablecoins, fees); Coin Metrics Community Data (Bitcoin price)","""2026-09-27""",CC BY 4.0,https://creativecommons.org/licenses/by/4.0/,Luca Valente,"CC BY 4.0 applies to the original compilation and editorial work by Luca Valente. Underlying third-party data retain their source terms, including Coin Metrics CC BY-NC 4.0 where indicated; this export does not replace those terms."
macro_x_crypto,2026-10-05,/frasi/5/finestra_giorni,90,"FRED (BAMLC0A4CBBBEY); FRED (DFII10); FRED (DTWEXBGS); FRED (NASDAQCOM); FRED (SP500); FRED (T10Y2Y); DefiLlama (value locked, stablecoins, fees); Coin Metrics Community Data (Bitcoin price)","""2026-09-27""",CC BY 4.0,https://creativecommons.org/licenses/by/4.0/,Luca Valente,"CC BY 4.0 applies to the original compilation and editorial work by Luca Valente. Underlying third-party data retain their source terms, including Coin Metrics CC BY-NC 4.0 where indicated; this export does not replace those terms."
macro_x_crypto,2026-10-05,/frasi/5/base,13,"FRED (BAMLC0A4CBBBEY); FRED (DFII10); FRED (DTWEXBGS); FRED (NASDAQCOM); FRED (SP500); FRED (T10Y2Y); DefiLlama (value locked, stablecoins, fees); Coin Metrics Community Data (Bitcoin price)","""2026-09-27""",CC BY 4.0,https://creativecommons.org/licenses/by/4.0/,Luca Valente,"CC BY 4.0 applies to the original compilation and editorial work by Luca Valente. Underlying third-party data retain their source terms, including Coin Metrics CC BY-NC 4.0 where indicated; this export does not replace those terms."
macro_x_crypto,2026-10-05,/frasi/5/base_minima,11,"FRED (BAMLC0A4CBBBEY); FRED (DFII10); FRED (DTWEXBGS); FRED (NASDAQCOM); FRED (SP500); FRED (T10Y2Y); DefiLlama (value locked, stablecoins, fees); Coin Metrics Community Data (Bitcoin price)","""2026-09-27""",CC BY 4.0,https://creativecommons.org/licenses/by/4.0/,Luca Valente,"CC BY 4.0 applies to the original compilation and editorial work by Luca Valente. Underlying third-party data retain their source terms, including Coin Metrics CC BY-NC 4.0 where indicated; this export does not replace those terms."
macro_x_crypto,2026-10-05,/frasi/5/cancello,"""passa""","FRED (BAMLC0A4CBBBEY); FRED (DFII10); FRED (DTWEXBGS); FRED (NASDAQCOM); FRED (SP500); FRED (T10Y2Y); DefiLlama (value locked, stablecoins, fees); Coin Metrics Community Data (Bitcoin price)","""2026-09-27""",CC BY 4.0,https://creativecommons.org/licenses/by/4.0/,Luca Valente,"CC BY 4.0 applies to the original compilation and editorial work by Luca Valente. Underlying third-party data retain their source terms, including Coin Metrics CC BY-NC 4.0 where indicated; this export does not replace those terms."
macro_x_crypto,2026-10-05,/frasi/6/id,"""correlazione_nasdaq_bitcoin""","FRED (BAMLC0A4CBBBEY); FRED (DFII10); FRED (DTWEXBGS); FRED (NASDAQCOM); FRED (SP500); FRED (T10Y2Y); DefiLlama (value locked, stablecoins, fees); Coin Metrics Community Data (Bitcoin price)","""2026-09-27""",CC BY 4.0,https://creativecommons.org/licenses/by/4.0/,Luca Valente,"CC BY 4.0 applies to the original compilation and editorial work by Luca Valente. Underlying third-party data retain their source terms, including Coin Metrics CC BY-NC 4.0 where indicated; this export does not replace those terms."
macro_x_crypto,2026-10-05,/frasi/6/testo,"""The 13-week correlation between Nasdaq Composite and Bitcoin price was -0.19, from +0.77 13 weeks earlier""","FRED (BAMLC0A4CBBBEY); FRED (DFII10); FRED (DTWEXBGS); FRED (NASDAQCOM); FRED (SP500); FRED (T10Y2Y); DefiLlama (value locked, stablecoins, fees); Coin Metrics Community Data (Bitcoin price)","""2026-09-27""",CC BY 4.0,https://creativecommons.org/licenses/by/4.0/,Luca Valente,"CC BY 4.0 applies to the original compilation and editorial work by Luca Valente. Underlying third-party data retain their source terms, including Coin Metrics CC BY-NC 4.0 where indicated; this export does not replace those terms."
macro_x_crypto,2026-10-05,/frasi/6/modello,"""cruscotti.macro_x_crypto.correlazione""","FRED (BAMLC0A4CBBBEY); FRED (DFII10); FRED (DTWEXBGS); FRED (NASDAQCOM); FRED (SP500); FRED (T10Y2Y); DefiLlama (value locked, stablecoins, fees); Coin Metrics Community Data (Bitcoin price)","""2026-09-27""",CC BY 4.0,https://creativecommons.org/licenses/by/4.0/,Luca Valente,"CC BY 4.0 applies to the original compilation and editorial work by Luca Valente. Underlying third-party data retain their source terms, including Coin Metrics CC BY-NC 4.0 where indicated; this export does not replace those terms."
macro_x_crypto,2026-10-05,/frasi/6/contratto,"""contratto""","FRED (BAMLC0A4CBBBEY); FRED (DFII10); FRED (DTWEXBGS); FRED (NASDAQCOM); FRED (SP500); FRED (T10Y2Y); DefiLlama (value locked, stablecoins, fees); Coin Metrics Community Data (Bitcoin price)","""2026-09-27""",CC BY 4.0,https://creativecommons.org/licenses/by/4.0/,Luca Valente,"CC BY 4.0 applies to the original compilation and editorial work by Luca Valente. Underlying third-party data retain their source terms, including Coin Metrics CC BY-NC 4.0 where indicated; this export does not replace those terms."
macro_x_crypto,2026-10-05,/frasi/6/numeri/r,-0.19,"FRED (BAMLC0A4CBBBEY); FRED (DFII10); FRED (DTWEXBGS); FRED (NASDAQCOM); FRED (SP500); FRED (T10Y2Y); DefiLlama (value locked, stablecoins, fees); Coin Metrics Community Data (Bitcoin price)","""2026-09-27""",CC BY 4.0,https://creativecommons.org/licenses/by/4.0/,Luca Valente,"CC BY 4.0 applies to the original compilation and editorial work by Luca Valente. Underlying third-party data retain their source terms, including Coin Metrics CC BY-NC 4.0 where indicated; this export does not replace those terms."
macro_x_crypto,2026-10-05,/frasi/6/numeri/r_prima,0.77,"FRED (BAMLC0A4CBBBEY); FRED (DFII10); FRED (DTWEXBGS); FRED (NASDAQCOM); FRED (SP500); FRED (T10Y2Y); DefiLlama (value locked, stablecoins, fees); Coin Metrics Community Data (Bitcoin price)","""2026-09-27""",CC BY 4.0,https://creativecommons.org/licenses/by/4.0/,Luca Valente,"CC BY 4.0 applies to the original compilation and editorial work by Luca Valente. Underlying third-party data retain their source terms, including Coin Metrics CC BY-NC 4.0 where indicated; this export does not replace those terms."
macro_x_crypto,2026-10-05,/frasi/6/numeri/settimane,13,"FRED (BAMLC0A4CBBBEY); FRED (DFII10); FRED (DTWEXBGS); FRED (NASDAQCOM); FRED (SP500); FRED (T10Y2Y); DefiLlama (value locked, stablecoins, fees); Coin Metrics Community Data (Bitcoin price)","""2026-09-27""",CC BY 4.0,https://creativecommons.org/licenses/by/4.0/,Luca Valente,"CC BY 4.0 applies to the original compilation and editorial work by Luca Valente. Underlying third-party data retain their source terms, including Coin Metrics CC BY-NC 4.0 where indicated; this export does not replace those terms."
macro_x_crypto,2026-10-05,/frasi/6/misura,"""correlazione""","FRED (BAMLC0A4CBBBEY); FRED (DFII10); FRED (DTWEXBGS); FRED (NASDAQCOM); FRED (SP500); FRED (T10Y2Y); DefiLlama (value locked, stablecoins, fees); Coin Metrics Community Data (Bitcoin price)","""2026-09-27""",CC BY 4.0,https://creativecommons.org/licenses/by/4.0/,Luca Valente,"CC BY 4.0 applies to the original compilation and editorial work by Luca Valente. Underlying third-party data retain their source terms, including Coin Metrics CC BY-NC 4.0 where indicated; this export does not replace those terms."
macro_x_crypto,2026-10-05,/frasi/6/finestra_giorni,90,"FRED (BAMLC0A4CBBBEY); FRED (DFII10); FRED (DTWEXBGS); FRED (NASDAQCOM); FRED (SP500); FRED (T10Y2Y); DefiLlama (value locked, stablecoins, fees); Coin Metrics Community Data (Bitcoin price)","""2026-09-27""",CC BY 4.0,https://creativecommons.org/licenses/by/4.0/,Luca Valente,"CC BY 4.0 applies to the original compilation and editorial work by Luca Valente. Underlying third-party data retain their source terms, including Coin Metrics CC BY-NC 4.0 where indicated; this export does not replace those terms."
macro_x_crypto,2026-10-05,/frasi/6/base,13,"FRED (BAMLC0A4CBBBEY); FRED (DFII10); FRED (DTWEXBGS); FRED (NASDAQCOM); FRED (SP500); FRED (T10Y2Y); DefiLlama (value locked, stablecoins, fees); Coin Metrics Community Data (Bitcoin price)","""2026-09-27""",CC BY 4.0,https://creativecommons.org/licenses/by/4.0/,Luca Valente,"CC BY 4.0 applies to the original compilation and editorial work by Luca Valente. Underlying third-party data retain their source terms, including Coin Metrics CC BY-NC 4.0 where indicated; this export does not replace those terms."
macro_x_crypto,2026-10-05,/frasi/6/base_minima,11,"FRED (BAMLC0A4CBBBEY); FRED (DFII10); FRED (DTWEXBGS); FRED (NASDAQCOM); FRED (SP500); FRED (T10Y2Y); DefiLlama (value locked, stablecoins, fees); Coin Metrics Community Data (Bitcoin price)","""2026-09-27""",CC BY 4.0,https://creativecommons.org/licenses/by/4.0/,Luca Valente,"CC BY 4.0 applies to the original compilation and editorial work by Luca Valente. Underlying third-party data retain their source terms, including Coin Metrics CC BY-NC 4.0 where indicated; this export does not replace those terms."
macro_x_crypto,2026-10-05,/frasi/6/cancello,"""passa""","FRED (BAMLC0A4CBBBEY); FRED (DFII10); FRED (DTWEXBGS); FRED (NASDAQCOM); FRED (SP500); FRED (T10Y2Y); DefiLlama (value locked, stablecoins, fees); Coin Metrics Community Data (Bitcoin price)","""2026-09-27""",CC BY 4.0,https://creativecommons.org/licenses/by/4.0/,Luca Valente,"CC BY 4.0 applies to the original compilation and editorial work by Luca Valente. Underlying third-party data retain their source terms, including Coin Metrics CC BY-NC 4.0 where indicated; this export does not replace those terms."
macro_x_crypto,2026-10-05,/frasi/7/id,"""direzione_nasdaq_bitcoin""","FRED (BAMLC0A4CBBBEY); FRED (DFII10); FRED (DTWEXBGS); FRED (NASDAQCOM); FRED (SP500); FRED (T10Y2Y); DefiLlama (value locked, stablecoins, fees); Coin Metrics Community Data (Bitcoin price)","""2026-09-27""",CC BY 4.0,https://creativecommons.org/licenses/by/4.0/,Luca Valente,"CC BY 4.0 applies to the original compilation and editorial work by Luca Valente. Underlying third-party data retain their source terms, including Coin Metrics CC BY-NC 4.0 where indicated; this export does not replace those terms."
macro_x_crypto,2026-10-05,/frasi/7/testo,"""Bitcoin price and Nasdaq Composite moved in the same direction in 8 of the last 13 weeks""","FRED (BAMLC0A4CBBBEY); FRED (DFII10); FRED (DTWEXBGS); FRED (NASDAQCOM); FRED (SP500); FRED (T10Y2Y); DefiLlama (value locked, stablecoins, fees); Coin Metrics Community Data (Bitcoin price)","""2026-09-27""",CC BY 4.0,https://creativecommons.org/licenses/by/4.0/,Luca Valente,"CC BY 4.0 applies to the original compilation and editorial work by Luca Valente. Underlying third-party data retain their source terms, including Coin Metrics CC BY-NC 4.0 where indicated; this export does not replace those terms."
macro_x_crypto,2026-10-05,/frasi/7/modello,"""cruscotti.macro_x_crypto.stessa_direzione""","FRED (BAMLC0A4CBBBEY); FRED (DFII10); FRED (DTWEXBGS); FRED (NASDAQCOM); FRED (SP500); FRED (T10Y2Y); DefiLlama (value locked, stablecoins, fees); Coin Metrics Community Data (Bitcoin price)","""2026-09-27""",CC BY 4.0,https://creativecommons.org/licenses/by/4.0/,Luca Valente,"CC BY 4.0 applies to the original compilation and editorial work by Luca Valente. Underlying third-party data retain their source terms, including Coin Metrics CC BY-NC 4.0 where indicated; this export does not replace those terms."
macro_x_crypto,2026-10-05,/frasi/7/contratto,"""contratto""","FRED (BAMLC0A4CBBBEY); FRED (DFII10); FRED (DTWEXBGS); FRED (NASDAQCOM); FRED (SP500); FRED (T10Y2Y); DefiLlama (value locked, stablecoins, fees); Coin Metrics Community Data (Bitcoin price)","""2026-09-27""",CC BY 4.0,https://creativecommons.org/licenses/by/4.0/,Luca Valente,"CC BY 4.0 applies to the original compilation and editorial work by Luca Valente. Underlying third-party data retain their source terms, including Coin Metrics CC BY-NC 4.0 where indicated; this export does not replace those terms."
macro_x_crypto,2026-10-05,/frasi/7/numeri/stessa_direzione,8,"FRED (BAMLC0A4CBBBEY); FRED (DFII10); FRED (DTWEXBGS); FRED (NASDAQCOM); FRED (SP500); FRED (T10Y2Y); DefiLlama (value locked, stablecoins, fees); Coin Metrics Community Data (Bitcoin price)","""2026-09-27""",CC BY 4.0,https://creativecommons.org/licenses/by/4.0/,Luca Valente,"CC BY 4.0 applies to the original compilation and editorial work by Luca Valente. Underlying third-party data retain their source terms, including Coin Metrics CC BY-NC 4.0 where indicated; this export does not replace those terms."
macro_x_crypto,2026-10-05,/frasi/7/numeri/settimane,13,"FRED (BAMLC0A4CBBBEY); FRED (DFII10); FRED (DTWEXBGS); FRED (NASDAQCOM); FRED (SP500); FRED (T10Y2Y); DefiLlama (value locked, stablecoins, fees); Coin Metrics Community Data (Bitcoin price)","""2026-09-27""",CC BY 4.0,https://creativecommons.org/licenses/by/4.0/,Luca Valente,"CC BY 4.0 applies to the original compilation and editorial work by Luca Valente. Underlying third-party data retain their source terms, including Coin Metrics CC BY-NC 4.0 where indicated; this export does not replace those terms."
macro_x_crypto,2026-10-05,/frasi/7/misura,"""correlazione""","FRED (BAMLC0A4CBBBEY); FRED (DFII10); FRED (DTWEXBGS); FRED (NASDAQCOM); FRED (SP500); FRED (T10Y2Y); DefiLlama (value locked, stablecoins, fees); Coin Metrics Community Data (Bitcoin price)","""2026-09-27""",CC BY 4.0,https://creativecommons.org/licenses/by/4.0/,Luca Valente,"CC BY 4.0 applies to the original compilation and editorial work by Luca Valente. Underlying third-party data retain their source terms, including Coin Metrics CC BY-NC 4.0 where indicated; this export does not replace those terms."
macro_x_crypto,2026-10-05,/frasi/7/finestra_giorni,90,"FRED (BAMLC0A4CBBBEY); FRED (DFII10); FRED (DTWEXBGS); FRED (NASDAQCOM); FRED (SP500); FRED (T10Y2Y); DefiLlama (value locked, stablecoins, fees); Coin Metrics Community Data (Bitcoin price)","""2026-09-27""",CC BY 4.0,https://creativecommons.org/licenses/by/4.0/,Luca Valente,"CC BY 4.0 applies to the original compilation and editorial work by Luca Valente. Underlying third-party data retain their source terms, including Coin Metrics CC BY-NC 4.0 where indicated; this export does not replace those terms."
macro_x_crypto,2026-10-05,/frasi/7/base,13,"FRED (BAMLC0A4CBBBEY); FRED (DFII10); FRED (DTWEXBGS); FRED (NASDAQCOM); FRED (SP500); FRED (T10Y2Y); DefiLlama (value locked, stablecoins, fees); Coin Metrics Community Data (Bitcoin price)","""2026-09-27""",CC BY 4.0,https://creativecommons.org/licenses/by/4.0/,Luca Valente,"CC BY 4.0 applies to the original compilation and editorial work by Luca Valente. Underlying third-party data retain their source terms, including Coin Metrics CC BY-NC 4.0 where indicated; this export does not replace those terms."
macro_x_crypto,2026-10-05,/frasi/7/base_minima,11,"FRED (BAMLC0A4CBBBEY); FRED (DFII10); FRED (DTWEXBGS); FRED (NASDAQCOM); FRED (SP500); FRED (T10Y2Y); DefiLlama (value locked, stablecoins, fees); Coin Metrics Community Data (Bitcoin price)","""2026-09-27""",CC BY 4.0,https://creativecommons.org/licenses/by/4.0/,Luca Valente,"CC BY 4.0 applies to the original compilation and editorial work by Luca Valente. Underlying third-party data retain their source terms, including Coin Metrics CC BY-NC 4.0 where indicated; this export does not replace those terms."
macro_x_crypto,2026-10-05,/frasi/7/cancello,"""passa""","FRED (BAMLC0A4CBBBEY); FRED (DFII10); FRED (DTWEXBGS); FRED (NASDAQCOM); FRED (SP500); FRED (T10Y2Y); DefiLlama (value locked, stablecoins, fees); Coin Metrics Community Data (Bitcoin price)","""2026-09-27""",CC BY 4.0,https://creativecommons.org/licenses/by/4.0/,Luca Valente,"CC BY 4.0 applies to the original compilation and editorial work by Luca Valente. Underlying third-party data retain their source terms, including Coin Metrics CC BY-NC 4.0 where indicated; this export does not replace those terms."
macro_x_crypto,2026-10-05,/frasi/8/id,"""segno_nasdaq_bitcoin""","FRED (BAMLC0A4CBBBEY); FRED (DFII10); FRED (DTWEXBGS); FRED (NASDAQCOM); FRED (SP500); FRED (T10Y2Y); DefiLlama (value locked, stablecoins, fees); Coin Metrics Community Data (Bitcoin price)","""2026-09-27""",CC BY 4.0,https://creativecommons.org/licenses/by/4.0/,Luca Valente,"CC BY 4.0 applies to the original compilation and editorial work by Luca Valente. Underlying third-party data retain their source terms, including Coin Metrics CC BY-NC 4.0 where indicated; this export does not replace those terms."
macro_x_crypto,2026-10-05,/frasi/8/testo,"""The correlation between Nasdaq Composite and Bitcoin price changed sign over the last 13 weeks""","FRED (BAMLC0A4CBBBEY); FRED (DFII10); FRED (DTWEXBGS); FRED (NASDAQCOM); FRED (SP500); FRED (T10Y2Y); DefiLlama (value locked, stablecoins, fees); Coin Metrics Community Data (Bitcoin price)","""2026-09-27""",CC BY 4.0,https://creativecommons.org/licenses/by/4.0/,Luca Valente,"CC BY 4.0 applies to the original compilation and editorial work by Luca Valente. Underlying third-party data retain their source terms, including Coin Metrics CC BY-NC 4.0 where indicated; this export does not replace those terms."
macro_x_crypto,2026-10-05,/frasi/8/modello,"""cruscotti.macro_x_crypto.cambio_segno""","FRED (BAMLC0A4CBBBEY); FRED (DFII10); FRED (DTWEXBGS); FRED (NASDAQCOM); FRED (SP500); FRED (T10Y2Y); DefiLlama (value locked, stablecoins, fees); Coin Metrics Community Data (Bitcoin price)","""2026-09-27""",CC BY 4.0,https://creativecommons.org/licenses/by/4.0/,Luca Valente,"CC BY 4.0 applies to the original compilation and editorial work by Luca Valente. Underlying third-party data retain their source terms, including Coin Metrics CC BY-NC 4.0 where indicated; this export does not replace those terms."
macro_x_crypto,2026-10-05,/frasi/8/contratto,"""contratto""","FRED (BAMLC0A4CBBBEY); FRED (DFII10); FRED (DTWEXBGS); FRED (NASDAQCOM); FRED (SP500); FRED (T10Y2Y); DefiLlama (value locked, stablecoins, fees); Coin Metrics Community Data (Bitcoin price)","""2026-09-27""",CC BY 4.0,https://creativecommons.org/licenses/by/4.0/,Luca Valente,"CC BY 4.0 applies to the original compilation and editorial work by Luca Valente. Underlying third-party data retain their source terms, including Coin Metrics CC BY-NC 4.0 where indicated; this export does not replace those terms."
macro_x_crypto,2026-10-05,/frasi/8/numeri/minimo,-0.19,"FRED (BAMLC0A4CBBBEY); FRED (DFII10); FRED (DTWEXBGS); FRED (NASDAQCOM); FRED (SP500); FRED (T10Y2Y); DefiLlama (value locked, stablecoins, fees); Coin Metrics Community Data (Bitcoin price)","""2026-09-27""",CC BY 4.0,https://creativecommons.org/licenses/by/4.0/,Luca Valente,"CC BY 4.0 applies to the original compilation and editorial work by Luca Valente. Underlying third-party data retain their source terms, including Coin Metrics CC BY-NC 4.0 where indicated; this export does not replace those terms."
macro_x_crypto,2026-10-05,/frasi/8/numeri/massimo,0.73,"FRED (BAMLC0A4CBBBEY); FRED (DFII10); FRED (DTWEXBGS); FRED (NASDAQCOM); FRED (SP500); FRED (T10Y2Y); DefiLlama (value locked, stablecoins, fees); Coin Metrics Community Data (Bitcoin price)","""2026-09-27""",CC BY 4.0,https://creativecommons.org/licenses/by/4.0/,Luca Valente,"CC BY 4.0 applies to the original compilation and editorial work by Luca Valente. Underlying third-party data retain their source terms, including Coin Metrics CC BY-NC 4.0 where indicated; this export does not replace those terms."
macro_x_crypto,2026-10-05,/frasi/8/misura,"""correlazione""","FRED (BAMLC0A4CBBBEY); FRED (DFII10); FRED (DTWEXBGS); FRED (NASDAQCOM); FRED (SP500); FRED (T10Y2Y); DefiLlama (value locked, stablecoins, fees); Coin Metrics Community Data (Bitcoin price)","""2026-09-27""",CC BY 4.0,https://creativecommons.org/licenses/by/4.0/,Luca Valente,"CC BY 4.0 applies to the original compilation and editorial work by Luca Valente. Underlying third-party data retain their source terms, including Coin Metrics CC BY-NC 4.0 where indicated; this export does not replace those terms."
macro_x_crypto,2026-10-05,/frasi/8/finestra_giorni,90,"FRED (BAMLC0A4CBBBEY); FRED (DFII10); FRED (DTWEXBGS); FRED (NASDAQCOM); FRED (SP500); FRED (T10Y2Y); DefiLlama (value locked, stablecoins, fees); Coin Metrics Community Data (Bitcoin price)","""2026-09-27""",CC BY 4.0,https://creativecommons.org/licenses/by/4.0/,Luca Valente,"CC BY 4.0 applies to the original compilation and editorial work by Luca Valente. Underlying third-party data retain their source terms, including Coin Metrics CC BY-NC 4.0 where indicated; this export does not replace those terms."
macro_x_crypto,2026-10-05,/frasi/8/base,13,"FRED (BAMLC0A4CBBBEY); FRED (DFII10); FRED (DTWEXBGS); FRED (NASDAQCOM); FRED (SP500); FRED (T10Y2Y); DefiLlama (value locked, stablecoins, fees); Coin Metrics Community Data (Bitcoin price)","""2026-09-27""",CC BY 4.0,https://creativecommons.org/licenses/by/4.0/,Luca Valente,"CC BY 4.0 applies to the original compilation and editorial work by Luca Valente. Underlying third-party data retain their source terms, including Coin Metrics CC BY-NC 4.0 where indicated; this export does not replace those terms."
macro_x_crypto,2026-10-05,/frasi/8/base_minima,11,"FRED (BAMLC0A4CBBBEY); FRED (DFII10); FRED (DTWEXBGS); FRED (NASDAQCOM); FRED (SP500); FRED (T10Y2Y); DefiLlama (value locked, stablecoins, fees); Coin Metrics Community Data (Bitcoin price)","""2026-09-27""",CC BY 4.0,https://creativecommons.org/licenses/by/4.0/,Luca Valente,"CC BY 4.0 applies to the original compilation and editorial work by Luca Valente. Underlying third-party data retain their source terms, including Coin Metrics CC BY-NC 4.0 where indicated; this export does not replace those terms."
macro_x_crypto,2026-10-05,/frasi/8/cancello,"""passa""","FRED (BAMLC0A4CBBBEY); FRED (DFII10); FRED (DTWEXBGS); FRED (NASDAQCOM); FRED (SP500); FRED (T10Y2Y); DefiLlama (value locked, stablecoins, fees); Coin Metrics Community Data (Bitcoin price)","""2026-09-27""",CC BY 4.0,https://creativecommons.org/licenses/by/4.0/,Luca Valente,"CC BY 4.0 applies to the original compilation and editorial work by Luca Valente. Underlying third-party data retain their source terms, including Coin Metrics CC BY-NC 4.0 where indicated; this export does not replace those terms."
macro_x_crypto,2026-10-05,/frasi/9/id,"""correlazione_dollar_index_stablecoin""","FRED (BAMLC0A4CBBBEY); FRED (DFII10); FRED (DTWEXBGS); FRED (NASDAQCOM); FRED (SP500); FRED (T10Y2Y); DefiLlama (value locked, stablecoins, fees); Coin Metrics Community Data (Bitcoin price)","""2026-09-27""",CC BY 4.0,https://creativecommons.org/licenses/by/4.0/,Luca Valente,"CC BY 4.0 applies to the original compilation and editorial work by Luca Valente. Underlying third-party data retain their source terms, including Coin Metrics CC BY-NC 4.0 where indicated; this export does not replace those terms."
macro_x_crypto,2026-10-05,/frasi/9/testo,"""The 13-week correlation between US dollar index (broad) and Stablecoin supply was +0.10, from -0.46 13 weeks earlier""","FRED (BAMLC0A4CBBBEY); FRED (DFII10); FRED (DTWEXBGS); FRED (NASDAQCOM); FRED (SP500); FRED (T10Y2Y); DefiLlama (value locked, stablecoins, fees); Coin Metrics Community Data (Bitcoin price)","""2026-09-27""",CC BY 4.0,https://creativecommons.org/licenses/by/4.0/,Luca Valente,"CC BY 4.0 applies to the original compilation and editorial work by Luca Valente. Underlying third-party data retain their source terms, including Coin Metrics CC BY-NC 4.0 where indicated; this export does not replace those terms."
macro_x_crypto,2026-10-05,/frasi/9/modello,"""cruscotti.macro_x_crypto.correlazione""","FRED (BAMLC0A4CBBBEY); FRED (DFII10); FRED (DTWEXBGS); FRED (NASDAQCOM); FRED (SP500); FRED (T10Y2Y); DefiLlama (value locked, stablecoins, fees); Coin Metrics Community Data (Bitcoin price)","""2026-09-27""",CC BY 4.0,https://creativecommons.org/licenses/by/4.0/,Luca Valente,"CC BY 4.0 applies to the original compilation and editorial work by Luca Valente. Underlying third-party data retain their source terms, including Coin Metrics CC BY-NC 4.0 where indicated; this export does not replace those terms."
macro_x_crypto,2026-10-05,/frasi/9/contratto,"""contratto""","FRED (BAMLC0A4CBBBEY); FRED (DFII10); FRED (DTWEXBGS); FRED (NASDAQCOM); FRED (SP500); FRED (T10Y2Y); DefiLlama (value locked, stablecoins, fees); Coin Metrics Community Data (Bitcoin price)","""2026-09-27""",CC BY 4.0,https://creativecommons.org/licenses/by/4.0/,Luca Valente,"CC BY 4.0 applies to the original compilation and editorial work by Luca Valente. Underlying third-party data retain their source terms, including Coin Metrics CC BY-NC 4.0 where indicated; this export does not replace those terms."
macro_x_crypto,2026-10-05,/frasi/9/numeri/r,0.1,"FRED (BAMLC0A4CBBBEY); FRED (DFII10); FRED (DTWEXBGS); FRED (NASDAQCOM); FRED (SP500); FRED (T10Y2Y); DefiLlama (value locked, stablecoins, fees); Coin Metrics Community Data (Bitcoin price)","""2026-09-27""",CC BY 4.0,https://creativecommons.org/licenses/by/4.0/,Luca Valente,"CC BY 4.0 applies to the original compilation and editorial work by Luca Valente. Underlying third-party data retain their source terms, including Coin Metrics CC BY-NC 4.0 where indicated; this export does not replace those terms."
macro_x_crypto,2026-10-05,/frasi/9/numeri/r_prima,-0.46,"FRED (BAMLC0A4CBBBEY); FRED (DFII10); FRED (DTWEXBGS); FRED (NASDAQCOM); FRED (SP500); FRED (T10Y2Y); DefiLlama (value locked, stablecoins, fees); Coin Metrics Community Data (Bitcoin price)","""2026-09-27""",CC BY 4.0,https://creativecommons.org/licenses/by/4.0/,Luca Valente,"CC BY 4.0 applies to the original compilation and editorial work by Luca Valente. Underlying third-party data retain their source terms, including Coin Metrics CC BY-NC 4.0 where indicated; this export does not replace those terms."
macro_x_crypto,2026-10-05,/frasi/9/numeri/settimane,13,"FRED (BAMLC0A4CBBBEY); FRED (DFII10); FRED (DTWEXBGS); FRED (NASDAQCOM); FRED (SP500); FRED (T10Y2Y); DefiLlama (value locked, stablecoins, fees); Coin Metrics Community Data (Bitcoin price)","""2026-09-27""",CC BY 4.0,https://creativecommons.org/licenses/by/4.0/,Luca Valente,"CC BY 4.0 applies to the original compilation and editorial work by Luca Valente. Underlying third-party data retain their source terms, including Coin Metrics CC BY-NC 4.0 where indicated; this export does not replace those terms."
macro_x_crypto,2026-10-05,/frasi/9/misura,"""correlazione""","FRED (BAMLC0A4CBBBEY); FRED (DFII10); FRED (DTWEXBGS); FRED (NASDAQCOM); FRED (SP500); FRED (T10Y2Y); DefiLlama (value locked, stablecoins, fees); Coin Metrics Community Data (Bitcoin price)","""2026-09-27""",CC BY 4.0,https://creativecommons.org/licenses/by/4.0/,Luca Valente,"CC BY 4.0 applies to the original compilation and editorial work by Luca Valente. Underlying third-party data retain their source terms, including Coin Metrics CC BY-NC 4.0 where indicated; this export does not replace those terms."
macro_x_crypto,2026-10-05,/frasi/9/finestra_giorni,90,"FRED (BAMLC0A4CBBBEY); FRED (DFII10); FRED (DTWEXBGS); FRED (NASDAQCOM); FRED (SP500); FRED (T10Y2Y); DefiLlama (value locked, stablecoins, fees); Coin Metrics Community Data (Bitcoin price)","""2026-09-27""",CC BY 4.0,https://creativecommons.org/licenses/by/4.0/,Luca Valente,"CC BY 4.0 applies to the original compilation and editorial work by Luca Valente. Underlying third-party data retain their source terms, including Coin Metrics CC BY-NC 4.0 where indicated; this export does not replace those terms."
macro_x_crypto,2026-10-05,/frasi/9/base,13,"FRED (BAMLC0A4CBBBEY); FRED (DFII10); FRED (DTWEXBGS); FRED (NASDAQCOM); FRED (SP500); FRED (T10Y2Y); DefiLlama (value locked, stablecoins, fees); Coin Metrics Community Data (Bitcoin price)","""2026-09-27""",CC BY 4.0,https://creativecommons.org/licenses/by/4.0/,Luca Valente,"CC BY 4.0 applies to the original compilation and editorial work by Luca Valente. Underlying third-party data retain their source terms, including Coin Metrics CC BY-NC 4.0 where indicated; this export does not replace those terms."
macro_x_crypto,2026-10-05,/frasi/9/base_minima,11,"FRED (BAMLC0A4CBBBEY); FRED (DFII10); FRED (DTWEXBGS); FRED (NASDAQCOM); FRED (SP500); FRED (T10Y2Y); DefiLlama (value locked, stablecoins, fees); Coin Metrics Community Data (Bitcoin price)","""2026-09-27""",CC BY 4.0,https://creativecommons.org/licenses/by/4.0/,Luca Valente,"CC BY 4.0 applies to the original compilation and editorial work by Luca Valente. Underlying third-party data retain their source terms, including Coin Metrics CC BY-NC 4.0 where indicated; this export does not replace those terms."
macro_x_crypto,2026-10-05,/frasi/9/cancello,"""passa""","FRED (BAMLC0A4CBBBEY); FRED (DFII10); FRED (DTWEXBGS); FRED (NASDAQCOM); FRED (SP500); FRED (T10Y2Y); DefiLlama (value locked, stablecoins, fees); Coin Metrics Community Data (Bitcoin price)","""2026-09-27""",CC BY 4.0,https://creativecommons.org/licenses/by/4.0/,Luca Valente,"CC BY 4.0 applies to the original compilation and editorial work by Luca Valente. Underlying third-party data retain their source terms, including Coin Metrics CC BY-NC 4.0 where indicated; this export does not replace those terms."
macro_x_crypto,2026-10-05,/frasi/10/id,"""direzione_dollar_index_stablecoin""","FRED (BAMLC0A4CBBBEY); FRED (DFII10); FRED (DTWEXBGS); FRED (NASDAQCOM); FRED (SP500); FRED (T10Y2Y); DefiLlama (value locked, stablecoins, fees); Coin Metrics Community Data (Bitcoin price)","""2026-09-27""",CC BY 4.0,https://creativecommons.org/licenses/by/4.0/,Luca Valente,"CC BY 4.0 applies to the original compilation and editorial work by Luca Valente. Underlying third-party data retain their source terms, including Coin Metrics CC BY-NC 4.0 where indicated; this export does not replace those terms."
macro_x_crypto,2026-10-05,/frasi/10/testo,"""Stablecoin supply and US dollar index (broad) moved in the same direction in 6 of the last 13 weeks""","FRED (BAMLC0A4CBBBEY); FRED (DFII10); FRED (DTWEXBGS); FRED (NASDAQCOM); FRED (SP500); FRED (T10Y2Y); DefiLlama (value locked, stablecoins, fees); Coin Metrics Community Data (Bitcoin price)","""2026-09-27""",CC BY 4.0,https://creativecommons.org/licenses/by/4.0/,Luca Valente,"CC BY 4.0 applies to the original compilation and editorial work by Luca Valente. Underlying third-party data retain their source terms, including Coin Metrics CC BY-NC 4.0 where indicated; this export does not replace those terms."
macro_x_crypto,2026-10-05,/frasi/10/modello,"""cruscotti.macro_x_crypto.stessa_direzione""","FRED (BAMLC0A4CBBBEY); FRED (DFII10); FRED (DTWEXBGS); FRED (NASDAQCOM); FRED (SP500); FRED (T10Y2Y); DefiLlama (value locked, stablecoins, fees); Coin Metrics Community Data (Bitcoin price)","""2026-09-27""",CC BY 4.0,https://creativecommons.org/licenses/by/4.0/,Luca Valente,"CC BY 4.0 applies to the original compilation and editorial work by Luca Valente. Underlying third-party data retain their source terms, including Coin Metrics CC BY-NC 4.0 where indicated; this export does not replace those terms."
macro_x_crypto,2026-10-05,/frasi/10/contratto,"""contratto""","FRED (BAMLC0A4CBBBEY); FRED (DFII10); FRED (DTWEXBGS); FRED (NASDAQCOM); FRED (SP500); FRED (T10Y2Y); DefiLlama (value locked, stablecoins, fees); Coin Metrics Community Data (Bitcoin price)","""2026-09-27""",CC BY 4.0,https://creativecommons.org/licenses/by/4.0/,Luca Valente,"CC BY 4.0 applies to the original compilation and editorial work by Luca Valente. Underlying third-party data retain their source terms, including Coin Metrics CC BY-NC 4.0 where indicated; this export does not replace those terms."
macro_x_crypto,2026-10-05,/frasi/10/numeri/stessa_direzione,6,"FRED (BAMLC0A4CBBBEY); FRED (DFII10); FRED (DTWEXBGS); FRED (NASDAQCOM); FRED (SP500); FRED (T10Y2Y); DefiLlama (value locked, stablecoins, fees); Coin Metrics Community Data (Bitcoin price)","""2026-09-27""",CC BY 4.0,https://creativecommons.org/licenses/by/4.0/,Luca Valente,"CC BY 4.0 applies to the original compilation and editorial work by Luca Valente. Underlying third-party data retain their source terms, including Coin Metrics CC BY-NC 4.0 where indicated; this export does not replace those terms."
macro_x_crypto,2026-10-05,/frasi/10/numeri/settimane,13,"FRED (BAMLC0A4CBBBEY); FRED (DFII10); FRED (DTWEXBGS); FRED (NASDAQCOM); FRED (SP500); FRED (T10Y2Y); DefiLlama (value locked, stablecoins, fees); Coin Metrics Community Data (Bitcoin price)","""2026-09-27""",CC BY 4.0,https://creativecommons.org/licenses/by/4.0/,Luca Valente,"CC BY 4.0 applies to the original compilation and editorial work by Luca Valente. Underlying third-party data retain their source terms, including Coin Metrics CC BY-NC 4.0 where indicated; this export does not replace those terms."
macro_x_crypto,2026-10-05,/frasi/10/misura,"""correlazione""","FRED (BAMLC0A4CBBBEY); FRED (DFII10); FRED (DTWEXBGS); FRED (NASDAQCOM); FRED (SP500); FRED (T10Y2Y); DefiLlama (value locked, stablecoins, fees); Coin Metrics Community Data (Bitcoin price)","""2026-09-27""",CC BY 4.0,https://creativecommons.org/licenses/by/4.0/,Luca Valente,"CC BY 4.0 applies to the original compilation and editorial work by Luca Valente. Underlying third-party data retain their source terms, including Coin Metrics CC BY-NC 4.0 where indicated; this export does not replace those terms."
macro_x_crypto,2026-10-05,/frasi/10/finestra_giorni,90,"FRED (BAMLC0A4CBBBEY); FRED (DFII10); FRED (DTWEXBGS); FRED (NASDAQCOM); FRED (SP500); FRED (T10Y2Y); DefiLlama (value locked, stablecoins, fees); Coin Metrics Community Data (Bitcoin price)","""2026-09-27""",CC BY 4.0,https://creativecommons.org/licenses/by/4.0/,Luca Valente,"CC BY 4.0 applies to the original compilation and editorial work by Luca Valente. Underlying third-party data retain their source terms, including Coin Metrics CC BY-NC 4.0 where indicated; this export does not replace those terms."
macro_x_crypto,2026-10-05,/frasi/10/base,13,"FRED (BAMLC0A4CBBBEY); FRED (DFII10); FRED (DTWEXBGS); FRED (NASDAQCOM); FRED (SP500); FRED (T10Y2Y); DefiLlama (value locked, stablecoins, fees); Coin Metrics Community Data (Bitcoin price)","""2026-09-27""",CC BY 4.0,https://creativecommons.org/licenses/by/4.0/,Luca Valente,"CC BY 4.0 applies to the original compilation and editorial work by Luca Valente. Underlying third-party data retain their source terms, including Coin Metrics CC BY-NC 4.0 where indicated; this export does not replace those terms."
macro_x_crypto,2026-10-05,/frasi/10/base_minima,11,"FRED (BAMLC0A4CBBBEY); FRED (DFII10); FRED (DTWEXBGS); FRED (NASDAQCOM); FRED (SP500); FRED (T10Y2Y); DefiLlama (value locked, stablecoins, fees); Coin Metrics Community Data (Bitcoin price)","""2026-09-27""",CC BY 4.0,https://creativecommons.org/licenses/by/4.0/,Luca Valente,"CC BY 4.0 applies to the original compilation and editorial work by Luca Valente. Underlying third-party data retain their source terms, including Coin Metrics CC BY-NC 4.0 where indicated; this export does not replace those terms."
macro_x_crypto,2026-10-05,/frasi/10/cancello,"""passa""","FRED (BAMLC0A4CBBBEY); FRED (DFII10); FRED (DTWEXBGS); FRED (NASDAQCOM); FRED (SP500); FRED (T10Y2Y); DefiLlama (value locked, stablecoins, fees); Coin Metrics Community Data (Bitcoin price)","""2026-09-27""",CC BY 4.0,https://creativecommons.org/licenses/by/4.0/,Luca Valente,"CC BY 4.0 applies to the original compilation and editorial work by Luca Valente. Underlying third-party data retain their source terms, including Coin Metrics CC BY-NC 4.0 where indicated; this export does not replace those terms."
macro_x_crypto,2026-10-05,/frasi/11/id,"""segno_dollar_index_stablecoin""","FRED (BAMLC0A4CBBBEY); FRED (DFII10); FRED (DTWEXBGS); FRED (NASDAQCOM); FRED (SP500); FRED (T10Y2Y); DefiLlama (value locked, stablecoins, fees); Coin Metrics Community Data (Bitcoin price)","""2026-09-27""",CC BY 4.0,https://creativecommons.org/licenses/by/4.0/,Luca Valente,"CC BY 4.0 applies to the original compilation and editorial work by Luca Valente. Underlying third-party data retain their source terms, including Coin Metrics CC BY-NC 4.0 where indicated; this export does not replace those terms."
macro_x_crypto,2026-10-05,/frasi/11/testo,"""The correlation between US dollar index (broad) and Stablecoin supply changed sign over the last 13 weeks""","FRED (BAMLC0A4CBBBEY); FRED (DFII10); FRED (DTWEXBGS); FRED (NASDAQCOM); FRED (SP500); FRED (T10Y2Y); DefiLlama (value locked, stablecoins, fees); Coin Metrics Community Data (Bitcoin price)","""2026-09-27""",CC BY 4.0,https://creativecommons.org/licenses/by/4.0/,Luca Valente,"CC BY 4.0 applies to the original compilation and editorial work by Luca Valente. Underlying third-party data retain their source terms, including Coin Metrics CC BY-NC 4.0 where indicated; this export does not replace those terms."
macro_x_crypto,2026-10-05,/frasi/11/modello,"""cruscotti.macro_x_crypto.cambio_segno""","FRED (BAMLC0A4CBBBEY); FRED (DFII10); FRED (DTWEXBGS); FRED (NASDAQCOM); FRED (SP500); FRED (T10Y2Y); DefiLlama (value locked, stablecoins, fees); Coin Metrics Community Data (Bitcoin price)","""2026-09-27""",CC BY 4.0,https://creativecommons.org/licenses/by/4.0/,Luca Valente,"CC BY 4.0 applies to the original compilation and editorial work by Luca Valente. Underlying third-party data retain their source terms, including Coin Metrics CC BY-NC 4.0 where indicated; this export does not replace those terms."
macro_x_crypto,2026-10-05,/frasi/11/contratto,"""contratto""","FRED (BAMLC0A4CBBBEY); FRED (DFII10); FRED (DTWEXBGS); FRED (NASDAQCOM); FRED (SP500); FRED (T10Y2Y); DefiLlama (value locked, stablecoins, fees); Coin Metrics Community Data (Bitcoin price)","""2026-09-27""",CC BY 4.0,https://creativecommons.org/licenses/by/4.0/,Luca Valente,"CC BY 4.0 applies to the original compilation and editorial work by Luca Valente. Underlying third-party data retain their source terms, including Coin Metrics CC BY-NC 4.0 where indicated; this export does not replace those terms."
macro_x_crypto,2026-10-05,/frasi/11/numeri/minimo,-0.43,"FRED (BAMLC0A4CBBBEY); FRED (DFII10); FRED (DTWEXBGS); FRED (NASDAQCOM); FRED (SP500); FRED (T10Y2Y); DefiLlama (value locked, stablecoins, fees); Coin Metrics Community Data (Bitcoin price)","""2026-09-27""",CC BY 4.0,https://creativecommons.org/licenses/by/4.0/,Luca Valente,"CC BY 4.0 applies to the original compilation and editorial work by Luca Valente. Underlying third-party data retain their source terms, including Coin Metrics CC BY-NC 4.0 where indicated; this export does not replace those terms."
macro_x_crypto,2026-10-05,/frasi/11/numeri/massimo,0.1,"FRED (BAMLC0A4CBBBEY); FRED (DFII10); FRED (DTWEXBGS); FRED (NASDAQCOM); FRED (SP500); FRED (T10Y2Y); DefiLlama (value locked, stablecoins, fees); Coin Metrics Community Data (Bitcoin price)","""2026-09-27""",CC BY 4.0,https://creativecommons.org/licenses/by/4.0/,Luca Valente,"CC BY 4.0 applies to the original compilation and editorial work by Luca Valente. Underlying third-party data retain their source terms, including Coin Metrics CC BY-NC 4.0 where indicated; this export does not replace those terms."
macro_x_crypto,2026-10-05,/frasi/11/misura,"""correlazione""","FRED (BAMLC0A4CBBBEY); FRED (DFII10); FRED (DTWEXBGS); FRED (NASDAQCOM); FRED (SP500); FRED (T10Y2Y); DefiLlama (value locked, stablecoins, fees); Coin Metrics Community Data (Bitcoin price)","""2026-09-27""",CC BY 4.0,https://creativecommons.org/licenses/by/4.0/,Luca Valente,"CC BY 4.0 applies to the original compilation and editorial work by Luca Valente. Underlying third-party data retain their source terms, including Coin Metrics CC BY-NC 4.0 where indicated; this export does not replace those terms."
macro_x_crypto,2026-10-05,/frasi/11/finestra_giorni,90,"FRED (BAMLC0A4CBBBEY); FRED (DFII10); FRED (DTWEXBGS); FRED (NASDAQCOM); FRED (SP500); FRED (T10Y2Y); DefiLlama (value locked, stablecoins, fees); Coin Metrics Community Data (Bitcoin price)","""2026-09-27""",CC BY 4.0,https://creativecommons.org/licenses/by/4.0/,Luca Valente,"CC BY 4.0 applies to the original compilation and editorial work by Luca Valente. Underlying third-party data retain their source terms, including Coin Metrics CC BY-NC 4.0 where indicated; this export does not replace those terms."
macro_x_crypto,2026-10-05,/frasi/11/base,13,"FRED (BAMLC0A4CBBBEY); FRED (DFII10); FRED (DTWEXBGS); FRED (NASDAQCOM); FRED (SP500); FRED (T10Y2Y); DefiLlama (value locked, stablecoins, fees); Coin Metrics Community Data (Bitcoin price)","""2026-09-27""",CC BY 4.0,https://creativecommons.org/licenses/by/4.0/,Luca Valente,"CC BY 4.0 applies to the original compilation and editorial work by Luca Valente. Underlying third-party data retain their source terms, including Coin Metrics CC BY-NC 4.0 where indicated; this export does not replace those terms."
macro_x_crypto,2026-10-05,/frasi/11/base_minima,11,"FRED (BAMLC0A4CBBBEY); FRED (DFII10); FRED (DTWEXBGS); FRED (NASDAQCOM); FRED (SP500); FRED (T10Y2Y); DefiLlama (value locked, stablecoins, fees); Coin Metrics Community Data (Bitcoin price)","""2026-09-27""",CC BY 4.0,https://creativecommons.org/licenses/by/4.0/,Luca Valente,"CC BY 4.0 applies to the original compilation and editorial work by Luca Valente. Underlying third-party data retain their source terms, including Coin Metrics CC BY-NC 4.0 where indicated; this export does not replace those terms."
macro_x_crypto,2026-10-05,/frasi/11/cancello,"""passa""","FRED (BAMLC0A4CBBBEY); FRED (DFII10); FRED (DTWEXBGS); FRED (NASDAQCOM); FRED (SP500); FRED (T10Y2Y); DefiLlama (value locked, stablecoins, fees); Coin Metrics Community Data (Bitcoin price)","""2026-09-27""",CC BY 4.0,https://creativecommons.org/licenses/by/4.0/,Luca Valente,"CC BY 4.0 applies to the original compilation and editorial work by Luca Valente. Underlying third-party data retain their source terms, including Coin Metrics CC BY-NC 4.0 where indicated; this export does not replace those terms."
macro_x_crypto,2026-10-05,/fonti/0,"""FRED (BAMLC0A4CBBBEY)""","FRED (BAMLC0A4CBBBEY); FRED (DFII10); FRED (DTWEXBGS); FRED (NASDAQCOM); FRED (SP500); FRED (T10Y2Y); DefiLlama (value locked, stablecoins, fees); Coin Metrics Community Data (Bitcoin price)","""2026-09-27""",CC BY 4.0,https://creativecommons.org/licenses/by/4.0/,Luca Valente,"CC BY 4.0 applies to the original compilation and editorial work by Luca Valente. Underlying third-party data retain their source terms, including Coin Metrics CC BY-NC 4.0 where indicated; this export does not replace those terms."
macro_x_crypto,2026-10-05,/fonti/1,"""FRED (DFII10)""","FRED (BAMLC0A4CBBBEY); FRED (DFII10); FRED (DTWEXBGS); FRED (NASDAQCOM); FRED (SP500); FRED (T10Y2Y); DefiLlama (value locked, stablecoins, fees); Coin Metrics Community Data (Bitcoin price)","""2026-09-27""",CC BY 4.0,https://creativecommons.org/licenses/by/4.0/,Luca Valente,"CC BY 4.0 applies to the original compilation and editorial work by Luca Valente. Underlying third-party data retain their source terms, including Coin Metrics CC BY-NC 4.0 where indicated; this export does not replace those terms."
macro_x_crypto,2026-10-05,/fonti/2,"""FRED (DTWEXBGS)""","FRED (BAMLC0A4CBBBEY); FRED (DFII10); FRED (DTWEXBGS); FRED (NASDAQCOM); FRED (SP500); FRED (T10Y2Y); DefiLlama (value locked, stablecoins, fees); Coin Metrics Community Data (Bitcoin price)","""2026-09-27""",CC BY 4.0,https://creativecommons.org/licenses/by/4.0/,Luca Valente,"CC BY 4.0 applies to the original compilation and editorial work by Luca Valente. Underlying third-party data retain their source terms, including Coin Metrics CC BY-NC 4.0 where indicated; this export does not replace those terms."
macro_x_crypto,2026-10-05,/fonti/3,"""FRED (NASDAQCOM)""","FRED (BAMLC0A4CBBBEY); FRED (DFII10); FRED (DTWEXBGS); FRED (NASDAQCOM); FRED (SP500); FRED (T10Y2Y); DefiLlama (value locked, stablecoins, fees); Coin Metrics Community Data (Bitcoin price)","""2026-09-27""",CC BY 4.0,https://creativecommons.org/licenses/by/4.0/,Luca Valente,"CC BY 4.0 applies to the original compilation and editorial work by Luca Valente. Underlying third-party data retain their source terms, including Coin Metrics CC BY-NC 4.0 where indicated; this export does not replace those terms."
macro_x_crypto,2026-10-05,/fonti/4,"""FRED (SP500)""","FRED (BAMLC0A4CBBBEY); FRED (DFII10); FRED (DTWEXBGS); FRED (NASDAQCOM); FRED (SP500); FRED (T10Y2Y); DefiLlama (value locked, stablecoins, fees); Coin Metrics Community Data (Bitcoin price)","""2026-09-27""",CC BY 4.0,https://creativecommons.org/licenses/by/4.0/,Luca Valente,"CC BY 4.0 applies to the original compilation and editorial work by Luca Valente. Underlying third-party data retain their source terms, including Coin Metrics CC BY-NC 4.0 where indicated; this export does not replace those terms."
macro_x_crypto,2026-10-05,/fonti/5,"""FRED (T10Y2Y)""","FRED (BAMLC0A4CBBBEY); FRED (DFII10); FRED (DTWEXBGS); FRED (NASDAQCOM); FRED (SP500); FRED (T10Y2Y); DefiLlama (value locked, stablecoins, fees); Coin Metrics Community Data (Bitcoin price)","""2026-09-27""",CC BY 4.0,https://creativecommons.org/licenses/by/4.0/,Luca Valente,"CC BY 4.0 applies to the original compilation and editorial work by Luca Valente. Underlying third-party data retain their source terms, including Coin Metrics CC BY-NC 4.0 where indicated; this export does not replace those terms."
macro_x_crypto,2026-10-05,/fonti/6,"""DefiLlama (value locked, stablecoins, fees)""","FRED (BAMLC0A4CBBBEY); FRED (DFII10); FRED (DTWEXBGS); FRED (NASDAQCOM); FRED (SP500); FRED (T10Y2Y); DefiLlama (value locked, stablecoins, fees); Coin Metrics Community Data (Bitcoin price)","""2026-09-27""",CC BY 4.0,https://creativecommons.org/licenses/by/4.0/,Luca Valente,"CC BY 4.0 applies to the original compilation and editorial work by Luca Valente. Underlying third-party data retain their source terms, including Coin Metrics CC BY-NC 4.0 where indicated; this export does not replace those terms."
macro_x_crypto,2026-10-05,/fonti/7,"""Coin Metrics Community Data (Bitcoin price)""","FRED (BAMLC0A4CBBBEY); FRED (DFII10); FRED (DTWEXBGS); FRED (NASDAQCOM); FRED (SP500); FRED (T10Y2Y); DefiLlama (value locked, stablecoins, fees); Coin Metrics Community Data (Bitcoin price)","""2026-09-27""",CC BY 4.0,https://creativecommons.org/licenses/by/4.0/,Luca Valente,"CC BY 4.0 applies to the original compilation and editorial work by Luca Valente. Underlying third-party data retain their source terms, including Coin Metrics CC BY-NC 4.0 where indicated; this export does not replace those terms."
macro_x_crypto,2026-10-05,/metodo,"""correlation of weekly changes (log changes for prices, indexes and levels; differences for yields and spreads) over the last 13 and 26 closed weeks""","FRED (BAMLC0A4CBBBEY); FRED (DFII10); FRED (DTWEXBGS); FRED (NASDAQCOM); FRED (SP500); FRED (T10Y2Y); DefiLlama (value locked, stablecoins, fees); Coin Metrics Community Data (Bitcoin price)","""2026-09-27""",CC BY 4.0,https://creativecommons.org/licenses/by/4.0/,Luca Valente,"CC BY 4.0 applies to the original compilation and editorial work by Luca Valente. Underlying third-party data retain their source terms, including Coin Metrics CC BY-NC 4.0 where indicated; this export does not replace those terms."
macro_x_crypto,2026-10-05,/cancello,"""ok""","FRED (BAMLC0A4CBBBEY); FRED (DFII10); FRED (DTWEXBGS); FRED (NASDAQCOM); FRED (SP500); FRED (T10Y2Y); DefiLlama (value locked, stablecoins, fees); Coin Metrics Community Data (Bitcoin price)","""2026-09-27""",CC BY 4.0,https://creativecommons.org/licenses/by/4.0/,Luca Valente,"CC BY 4.0 applies to the original compilation and editorial work by Luca Valente. Underlying third-party data retain their source terms, including Coin Metrics CC BY-NC 4.0 where indicated; this export does not replace those terms."
macro_x_crypto,2026-10-05,/cancello_nota,"""gate result for the sentences: ok = at least one sentence passed; each sentence carries its own result; the values in tables and history are not certified one by one""","FRED (BAMLC0A4CBBBEY); FRED (DFII10); FRED (DTWEXBGS); FRED (NASDAQCOM); FRED (SP500); FRED (T10Y2Y); DefiLlama (value locked, stablecoins, fees); Coin Metrics Community Data (Bitcoin price)","""2026-09-27""",CC BY 4.0,https://creativecommons.org/licenses/by/4.0/,Luca Valente,"CC BY 4.0 applies to the original compilation and editorial work by Luca Valente. Underlying third-party data retain their source terms, including Coin Metrics CC BY-NC 4.0 where indicated; this export does not replace those terms."
macro_x_crypto,2026-10-05,/motivi,[],"FRED (BAMLC0A4CBBBEY); FRED (DFII10); FRED (DTWEXBGS); FRED (NASDAQCOM); FRED (SP500); FRED (T10Y2Y); DefiLlama (value locked, stablecoins, fees); Coin Metrics Community Data (Bitcoin price)","""2026-09-27""",CC BY 4.0,https://creativecommons.org/licenses/by/4.0/,Luca Valente,"CC BY 4.0 applies to the original compilation and editorial work by Luca Valente. Underlying third-party data retain their source terms, including Coin Metrics CC BY-NC 4.0 where indicated; this export does not replace those terms."
macro_x_crypto,2026-10-05,/immagini/1600x900,"""immagine_2026-10-05_1600x900.png""","FRED (BAMLC0A4CBBBEY); FRED (DFII10); FRED (DTWEXBGS); FRED (NASDAQCOM); FRED (SP500); FRED (T10Y2Y); DefiLlama (value locked, stablecoins, fees); Coin Metrics Community Data (Bitcoin price)","""2026-09-27""",CC BY 4.0,https://creativecommons.org/licenses/by/4.0/,Luca Valente,"CC BY 4.0 applies to the original compilation and editorial work by Luca Valente. Underlying third-party data retain their source terms, including Coin Metrics CC BY-NC 4.0 where indicated; this export does not replace those terms."
macro_x_crypto,2026-10-05,/immagini/1080x1350,"""immagine_2026-10-05_1080x1350.png""","FRED (BAMLC0A4CBBBEY); FRED (DFII10); FRED (DTWEXBGS); FRED (NASDAQCOM); FRED (SP500); FRED (T10Y2Y); DefiLlama (value locked, stablecoins, fees); Coin Metrics Community Data (Bitcoin price)","""2026-09-27""",CC BY 4.0,https://creativecommons.org/licenses/by/4.0/,Luca Valente,"CC BY 4.0 applies to the original compilation and editorial work by Luca Valente. Underlying third-party data retain their source terms, including Coin Metrics CC BY-NC 4.0 where indicated; this export does not replace those terms."
macro_x_crypto,2026-10-05,/immagine_titolo,"""The 13-week correlation between US 10-year real yield and Bitcoin price was -0.25, from -0.56 13 weeks earlier""","FRED (BAMLC0A4CBBBEY); FRED (DFII10); FRED (DTWEXBGS); FRED (NASDAQCOM); FRED (SP500); FRED (T10Y2Y); DefiLlama (value locked, stablecoins, fees); Coin Metrics Community Data (Bitcoin price)","""2026-09-27""",CC BY 4.0,https://creativecommons.org/licenses/by/4.0/,Luca Valente,"CC BY 4.0 applies to the original compilation and editorial work by Luca Valente. Underlying third-party data retain their source terms, including Coin Metrics CC BY-NC 4.0 where indicated; this export does not replace those terms."
macro_x_crypto,2026-10-05,/carta_x/file,"""x_card.png""","FRED (BAMLC0A4CBBBEY); FRED (DFII10); FRED (DTWEXBGS); FRED (NASDAQCOM); FRED (SP500); FRED (T10Y2Y); DefiLlama (value locked, stablecoins, fees); Coin Metrics Community Data (Bitcoin price)","""2026-09-27""",CC BY 4.0,https://creativecommons.org/licenses/by/4.0/,Luca Valente,"CC BY 4.0 applies to the original compilation and editorial work by Luca Valente. Underlying third-party data retain their source terms, including Coin Metrics CC BY-NC 4.0 where indicated; this export does not replace those terms."
macro_x_crypto,2026-10-05,/carta_x/formato,"""1200x675""","FRED (BAMLC0A4CBBBEY); FRED (DFII10); FRED (DTWEXBGS); FRED (NASDAQCOM); FRED (SP500); FRED (T10Y2Y); DefiLlama (value locked, stablecoins, fees); Coin Metrics Community Data (Bitcoin price)","""2026-09-27""",CC BY 4.0,https://creativecommons.org/licenses/by/4.0/,Luca Valente,"CC BY 4.0 applies to the original compilation and editorial work by Luca Valente. Underlying third-party data retain their source terms, including Coin Metrics CC BY-NC 4.0 where indicated; this export does not replace those terms."
macro_x_crypto,2026-10-05,/carta_x/data,"""2026-10-04""","FRED (BAMLC0A4CBBBEY); FRED (DFII10); FRED (DTWEXBGS); FRED (NASDAQCOM); FRED (SP500); FRED (T10Y2Y); DefiLlama (value locked, stablecoins, fees); Coin Metrics Community Data (Bitcoin price)","""2026-09-27""",CC BY 4.0,https://creativecommons.org/licenses/by/4.0/,Luca Valente,"CC BY 4.0 applies to the original compilation and editorial work by Luca Valente. Underlying third-party data retain their source terms, including Coin Metrics CC BY-NC 4.0 where indicated; this export does not replace those terms."
macro_x_crypto,2026-10-05,/carta_x/nuova,false,"FRED (BAMLC0A4CBBBEY); FRED (DFII10); FRED (DTWEXBGS); FRED (NASDAQCOM); FRED (SP500); FRED (T10Y2Y); DefiLlama (value locked, stablecoins, fees); Coin Metrics Community Data (Bitcoin price)","""2026-09-27""",CC BY 4.0,https://creativecommons.org/licenses/by/4.0/,Luca Valente,"CC BY 4.0 applies to the original compilation and editorial work by Luca Valente. Underlying third-party data retain their source terms, including Coin Metrics CC BY-NC 4.0 where indicated; this export does not replace those terms."
macro_x_crypto,2026-10-05,/carta_x/motivo,"""data older than 7 days""","FRED (BAMLC0A4CBBBEY); FRED (DFII10); FRED (DTWEXBGS); FRED (NASDAQCOM); FRED (SP500); FRED (T10Y2Y); DefiLlama (value locked, stablecoins, fees); Coin Metrics Community Data (Bitcoin price)","""2026-09-27""",CC BY 4.0,https://creativecommons.org/licenses/by/4.0/,Luca Valente,"CC BY 4.0 applies to the original compilation and editorial work by Luca Valente. Underlying third-party data retain their source terms, including Coin Metrics CC BY-NC 4.0 where indicated; this export does not replace those terms."
macro_x_crypto,2026-10-05,/carta_x/modello,"""F""","FRED (BAMLC0A4CBBBEY); FRED (DFII10); FRED (DTWEXBGS); FRED (NASDAQCOM); FRED (SP500); FRED (T10Y2Y); DefiLlama (value locked, stablecoins, fees); Coin Metrics Community Data (Bitcoin price)","""2026-09-27""",CC BY 4.0,https://creativecommons.org/licenses/by/4.0/,Luca Valente,"CC BY 4.0 applies to the original compilation and editorial work by Luca Valente. Underlying third-party data retain their source terms, including Coin Metrics CC BY-NC 4.0 where indicated; this export does not replace those terms."
macro_x_crypto,2026-10-05,/carta_x/frase_id,"""correlazione_nasdaq_bitcoin""","FRED (BAMLC0A4CBBBEY); FRED (DFII10); FRED (DTWEXBGS); FRED (NASDAQCOM); FRED (SP500); FRED (T10Y2Y); DefiLlama (value locked, stablecoins, fees); Coin Metrics Community Data (Bitcoin price)","""2026-09-27""",CC BY 4.0,https://creativecommons.org/licenses/by/4.0/,Luca Valente,"CC BY 4.0 applies to the original compilation and editorial work by Luca Valente. Underlying third-party data retain their source terms, including Coin Metrics CC BY-NC 4.0 where indicated; this export does not replace those terms."
macro_x_crypto,2026-10-05,/carta_x/titolo,"""Bitcoin and the Nasdaq: correlation −0.19, from +0.77""","FRED (BAMLC0A4CBBBEY); FRED (DFII10); FRED (DTWEXBGS); FRED (NASDAQCOM); FRED (SP500); FRED (T10Y2Y); DefiLlama (value locked, stablecoins, fees); Coin Metrics Community Data (Bitcoin price)","""2026-09-27""",CC BY 4.0,https://creativecommons.org/licenses/by/4.0/,Luca Valente,"CC BY 4.0 applies to the original compilation and editorial work by Luca Valente. Underlying third-party data retain their source terms, including Coin Metrics CC BY-NC 4.0 where indicated; this export does not replace those terms."
macro_x_crypto,2026-10-05,/carta_x/note/0,"""22 Jun 2026: +0.77""","FRED (BAMLC0A4CBBBEY); FRED (DFII10); FRED (DTWEXBGS); FRED (NASDAQCOM); FRED (SP500); FRED (T10Y2Y); DefiLlama (value locked, stablecoins, fees); Coin Metrics Community Data (Bitcoin price)","""2026-09-27""",CC BY 4.0,https://creativecommons.org/licenses/by/4.0/,Luca Valente,"CC BY 4.0 applies to the original compilation and editorial work by Luca Valente. Underlying third-party data retain their source terms, including Coin Metrics CC BY-NC 4.0 where indicated; this export does not replace those terms."
macro_x_crypto,2026-10-05,/carta_x/note/1,"""21 Sep: −0.19""","FRED (BAMLC0A4CBBBEY); FRED (DFII10); FRED (DTWEXBGS); FRED (NASDAQCOM); FRED (SP500); FRED (T10Y2Y); DefiLlama (value locked, stablecoins, fees); Coin Metrics Community Data (Bitcoin price)","""2026-09-27""",CC BY 4.0,https://creativecommons.org/licenses/by/4.0/,Luca Valente,"CC BY 4.0 applies to the original compilation and editorial work by Luca Valente. Underlying third-party data retain their source terms, including Coin Metrics CC BY-NC 4.0 where indicated; this export does not replace those terms."
macro_x_crypto,2026-10-05,/carta_x/note/2,"""High: +0.78, 8 Jun 2026""","FRED (BAMLC0A4CBBBEY); FRED (DFII10); FRED (DTWEXBGS); FRED (NASDAQCOM); FRED (SP500); FRED (T10Y2Y); DefiLlama (value locked, stablecoins, fees); Coin Metrics Community Data (Bitcoin price)","""2026-09-27""",CC BY 4.0,https://creativecommons.org/licenses/by/4.0/,Luca Valente,"CC BY 4.0 applies to the original compilation and editorial work by Luca Valente. Underlying third-party data retain their source terms, including Coin Metrics CC BY-NC 4.0 where indicated; this export does not replace those terms."
macro_x_crypto,2026-10-05,/immagini_problemi,0,"FRED (BAMLC0A4CBBBEY); FRED (DFII10); FRED (DTWEXBGS); FRED (NASDAQCOM); FRED (SP500); FRED (T10Y2Y); DefiLlama (value locked, stablecoins, fees); Coin Metrics Community Data (Bitcoin price)","""2026-09-27""",CC BY 4.0,https://creativecommons.org/licenses/by/4.0/,Luca Valente,"CC BY 4.0 applies to the original compilation and editorial work by Luca Valente. Underlying third-party data retain their source terms, including Coin Metrics CC BY-NC 4.0 where indicated; this export does not replace those terms."
macro_x_crypto,2026-10-05,/generato_il,"""2026-10-06T03:58:10Z""","FRED (BAMLC0A4CBBBEY); FRED (DFII10); FRED (DTWEXBGS); FRED (NASDAQCOM); FRED (SP500); FRED (T10Y2Y); DefiLlama (value locked, stablecoins, fees); Coin Metrics Community Data (Bitcoin price)","""2026-09-27""",CC BY 4.0,https://creativecommons.org/licenses/by/4.0/,Luca Valente,"CC BY 4.0 applies to the original compilation and editorial work by Luca Valente. Underlying third-party data retain their source terms, including Coin Metrics CC BY-NC 4.0 where indicated; this export does not replace those terms."
